pdf_hash;fault_id;fault_setting;structural_order;target_name;target_role;evidence_pages;fault_extent_m;fault_distance_m;fault_geom_flags
4750D4CD;1;TRP;1;Tesorito;MAIN;88|92;;;
87B9E570;1;SSF;1;Marmato;MAIN;51|54;;;
87B9E570;2;SOF;2;Marmato;MAIN;55;;;
87B9E570;3;THR;2;Marmato;MAIN;55;;;
87B9E570;4;ENE;3;Marmato;MAIN;55;;;
FA58FAB1;1;LTC;2;Oko West;MAIN;28|78|83;;;
FA58FAB1;2;SHZC;2;Oko West;MAIN;83;;;
FA58FAB1;3;FLD;2;Oko West;MAIN;93;;;
FA58FAB1;4;SHZC;1;Oko West;MAIN;77;;;
FA58FAB1;5;SSF;1;Oko West;MAIN;77;;;
FA58FAB1;6;THR;1;Oko West;MAIN;77;;;
9E271921;1;CSF;1;Buritica;MAIN;72;;;
9E271921;2;SOF;2;Buritica;MAIN;72;;;
6DA3A8C6;1;SSF;1;Batman;MAIN;86;;;
6DA3A8C6;2;SOF;2;Batman;MAIN;86;;;
6DA3A8C6;3;SHZC;2;Batman;MAIN;82;;;
1EA429E8;1;CSF;1;Omega Deposit;MAIN;3;;;
DA092AD8;1;SHZC;1;Friday Zone;MAIN;13|14;40233.5;;
DA092AD8;2;SOF;2;Friday Zone;MAIN;14;;;
0492F4DB;1;SHZC;1;Last Hope;MAIN;18;44000.0;;
0A396A2D;1;SHZC;1;Sabodala;MAIN;48;;;
0A396A2D;2;SHZC;2;Sabodala;MAIN;53;;;
0A396A2D;3;SOF;3;Sabodala;MAIN;53;;;
125AB95B;1;DET;1;Bullard Pass;MAIN;10|12|13;;;
125AB95B;2;LFT;2;Bullard Pass;MAIN;12|13;;;
125AB95B;3;SOF;2;Bullard Pass;MAIN;12|13;;;
125AB95B;4;INT;2;Bullard Pass;MAIN;11|17;;;
1B9D30ED;1;TRT;2;Radcliff Mine;MAIN;34;;;
1B9D30ED;2;MYLC;2;Radcliff Mine;MAIN;34|35;;;
1B9D30ED;3;FLD;3;Radcliff Mine;MAIN;34;;;
2139C2AB;1;CSF;1;Fosterville;MAIN;40;;;
2139C2AB;2;SHZC;1;Fosterville;MAIN;42;;2000.0;distance:bounded
2139C2AB;3;SOF;2;Fosterville;MAIN;42|46;;;
2A0A2B40;2;THR;1;Croesus Vein;MAIN;68|69|85;;1200.0;distance:bounded
2A0A2B40;3;CSF;1;Croesus Vein;MAIN;63|64|69;450000.0;;extent:bounded
30CC4B45;1;CSF;1;EMZ deposit;MAIN;64|68|71;;;
30CC4B45;2;FLD;2;EMZ deposit;MAIN;74|89;;;
30CC4B45;3;THR;2;EMZ deposit;MAIN;74|78;;;
30CC4B45;4;LTC;2;EMZ deposit;MAIN;71|89;;;
380F1D68;1;CSF;1;Main Showing;MAIN;52;;;
380F1D68;2;SOF;2;Main Showing;MAIN;52;;;
380F1D68;3;INT;2;Main Showing;MAIN;53;;;
402B13C7;1;SHZC;1;Esaase;MAIN;76;;;
402B13C7;3;ENE;3;Esaase;MAIN;88|97;;;
4A526D0C;1;THR;1;Sukari;MAIN;40;25000.0;;extent:bounded|distance:unparseable
4A526D0C;2;SOF;2;Sukari;MAIN;47;;;
4A526D0C;3;SOF;2;Sukari;MAIN;48;;;
51D252D0;1;INT;1;Tres Cruces;MAIN;41;;;
51D252D0;2;SOF;2;Tres Cruces;MAIN;49|51;;;
51D252D0;3;INC;2;Tres Cruces;MAIN;51;;;
68234CED;2;TRT;2;Jinfeng;MAIN;40|43;;;
68234CED;3;LFT;1;Jinfeng;MAIN;41;5000.0;;
68234CED;4;THR;3;Jinfeng;MAIN;41|43;;;
68234CED;5;INT;2;Jinfeng;MAIN;40|43;;;
68234CED;6;ENE;3;Jinfeng;MAIN;43;;;
6FD50918;1;THR;2;EZ Junior;MAIN;77|84;;;
6FD50918;2;FLD;2;EZ Junior;MAIN;77|79|82;;;
6FD50918;3;THR;2;EZ Junior;MAIN;77;;;
780353ED;1;LTC;2;Rebel Gold Deposit;MAIN;32|34|36;;;
780353ED;2;INT;2;Rebel Gold Deposit;MAIN;34;;;
7E18DD11;1;SHZC;2;Hammerdown;MAIN;54|56;;;
7E18DD11;3;SSF;2;Hammerdown;MAIN;56;;;
841D480D;1;SSF;1;Lingman Lake Gold Mine;MAIN;67;;;
841D480D;2;SHZC;2;Lingman Lake Gold Mine;MAIN;71;;;
841D480D;3;SSF;2;Lingman Lake Gold Mine;MAIN;69;;;
8BABD205;1;CSF;1;903 Zone;MAIN;58|68;;;
93FA687C;1;TRP;1;Umwelt;MAIN;107;;;
93FA687C;2;FLD;2;Umwelt;MAIN;108|111|140;;;
9D1B5C40;1;THR;2;Gold Rock Deposit;MAIN;49|50|57;;;
9D1B5C40;3;FLD;2;Gold Rock Deposit;MAIN;50|52|56;;;
A6A47485;1;THR;1;Kibi Gold Project;MAIN;38|43;;;
A6A47485;2;SHZC;2;Kibi Gold Project;MAIN;40|65;;;
A6A47485;3;SSF;1;Kibi Gold Project;MAIN;36;200000.0;;extent:bounded
B433B884;1;SHZC;2;Adumbi;MAIN;60|66|72|75;;;
BD896B47;1;THR;1;VG Deposit;MAIN;45;;;
BD896B47;2;ENE;2;VG Deposit;MAIN;45|47;;;
C3803153;1;CSF;1;San Francisco;MAIN;59;;;
CCDD8792;1;SHZC;2;Cariboo Gold Project;MAIN;131|153;;;
CCDD8792;2;SSF;2;Cariboo Gold Project;MAIN;141;;;
CCDD8792;3;FLD;2;Cariboo Gold Project;MAIN;139|142|150|153;;;
D347FEC7;1;TRP;1;Copeçal;MAIN;72|74;50000.0;;
D347FEC7;2;TRT;1;Copeçal;MAIN;74;;;
D347FEC7;3;SHZC;2;Copeçal;MAIN;105|107|110;;;
D347FEC7;4;SOF;2;Copeçal;MAIN;105|107;;;
D347FEC7;5;INT;2;Copeçal;MAIN;74|107|110;;;
D347FEC7;6;ENE;3;Copeçal;MAIN;105|107;;;
DAE236F6;1;SHZC;2;Natougou;MAIN;67|80;;;
DAE236F6;2;ENE;3;Natougou;MAIN;75;;;
E1585FA5;1;SHZC;2;Turmalina Mine;MAIN;48|50;;;
E9B4DA19;1;FLD;2;Touquoy;MAIN;30|34|39;47000.0;;extent:bounded
E9B4DA19;2;SOF;2;Touquoy;MAIN;34|36;;;
E9B4DA19;3;LTC;2;Touquoy;MAIN;32|34|37;;;
F07F0539;1;CSF;1;Betze-Post;MAIN;54|57;;;
FE225BC3;1;SHZC;1;Copeçal;MAIN;45|52;20000.0;;
FE225BC3;2;TRT;1;Copeçal;MAIN;45;;;
FE225BC3;3;SOF;2;Copeçal;MAIN;52|57|58;;;
FE225BC3;4;JOG;2;Copeçal;MAIN;52;;;
FE225BC3;5;FLD;2;Copeçal;MAIN;52;;;
834A4A8A;1;SHZC;1;Samira;MAIN;13|14;;;
834A4A8A;2;FLD;2;Samira;MAIN;17;;;
0F38B052;1;FLD;1;Agbaou;MAIN;25|27;;;
0F38B052;2;SHZC;2;Agbaou;MAIN;27;;;
20818BCD;1;CLD;2;Elvenei;MAIN;23;;;
20818BCD;2;SOF;2;Elvenei;MAIN;26;;;
20818BCD;3;BXP;2;Elvenei;MAIN;25|26;;;
20818BCD;4;MYLC;2;Elvenei;MAIN;25;;;
2E40B925;1;INT;2;Sorowar;MAIN;35;;;
4001F43E;1;SHZC;1;Bissa;MAIN;35|41;;;
4001F43E;2;FLD;2;Bissa;MAIN;41;;;
4001F43E;3;SHZC;2;Bissa;MAIN;41;;;
55429E2C;1;SHZC;2;Bingo;MAIN;43|44;;;
664AF00F;1;SHZC;1;Island Gold Zone;MAIN;47|49;30000.0;;
664AF00F;2;SOF;2;Island Gold Zone;MAIN;52;;;
664AF00F;3;LTC;2;Island Gold Zone;MAIN;54;;;
772AF4A8;1;SHZC;1;Uzboy;MAIN;20|26;;;
772AF4A8;2;SOF;2;Uzboy;MAIN;26;25000.0;;extent:bounded
772AF4A8;3;SSF;2;Uzboy;MAIN;27;4000.0;;
772AF4A8;4;SOF;3;Uzboy;MAIN;27;;;
8E2502C1;1;SHZC;1;Marudi Property;MAIN;25;;;
8E2502C1;2;FLD;2;Marudi Property;MAIN;23|28;;;
8E2502C1;3;INT;1;Marudi Property;MAIN;25|26;;;
9D87D5E4;1;THR;1;Redrock;MAIN;42|48|53;;;
9D87D5E4;2;CLD;1;Redrock;MAIN;42|52|54;;;
9D87D5E4;3;THR;2;Redrock;MAIN;54;;;
ACECE34B;1;SHZC;1;Stephen Lake Stock;MAIN;25|26;;;
ACECE34B;2;DOM;2;Stephen Lake Stock;MAIN;33;;;
C1C45B8C;1;SHZC;1;Tiriganiaq;MAIN;27;;;
C1C45B8C;2;SOF;2;Tiriganiaq;MAIN;45;;;
C1C45B8C;3;DET;2;Tiriganiaq;MAIN;32;;;
C1C45B8C;4;LFT;3;Tiriganiaq;MAIN;33|48|50;;;
D9B74825;1;SHZC;2;Yellowjacket Zone;MAIN;23|35|37;;;
D9B74825;2;THR;2;Yellowjacket Zone;MAIN;23|35;;;
D9B74825;3;SHZC;3;Yellowjacket Zone;MAIN;28|29;;;
E8AE8CD8;1;SHZC;1;Jean-Gobelé;MAIN;23;;;
F6ECFE72;1;SHZC;1;Tucano;MAIN;71|74;7000.0;;
F6ECFE72;2;FLD;2;Tucano;MAIN;74;;;
F6ECFE72;3;INT;2;Tucano;MAIN;74;;;
F6ECFE72;5;LTC;2;Tucano;MAIN;77;;;
633DD464;1;SOF;2;Esaase Gold Deposit;MAIN;34;;;
633DD464;2;THR;2;Esaase Gold Deposit;MAIN;34;;;
633DD464;3;SSF;2;Esaase Gold Deposit;MAIN;35|36;;;
633DD464;4;ENE;3;Esaase Gold Deposit;MAIN;36;;;
56C9C0D0;2;THR;1;Canoe Landing Lake;MAIN;35;;;
C84466C0;1;THR;2;Sangdong;MAIN;52;;;
C84466C0;2;SHZC;2;Sangdong;MAIN;52;;;
C84466C0;3;THR;2;Sangdong;MAIN;54;;;
C84466C0;4;NRM;2;Sangdong;MAIN;54;;;
DCEA8E11;1;CSF;1;Parbec deposit;MAIN;26;1600.0;;
DCEA8E11;2;SOF;2;Parbec deposit;MAIN;26|28|33;;;
DCEA8E11;3;SSF;2;Parbec deposit;MAIN;28|30;;;
FCA2A22A;1;DET;1;Stratiform Manganese Deposits;MAIN;61;;;
FCA2A22A;2;BMF;1;Stratiform Manganese Deposits;MAIN;58|61;;;
7C209994;1;THR;2;Rupice;MAIN;57;;;
7C209994;2;FLD;2;Rupice;MAIN;57;;;
070004F2;1;SSF;1;Chelopech;MAIN;53;;;
070004F2;2;BMF;2;Chelopech;MAIN;54;;;
070004F2;3;THR;2;Chelopech;MAIN;54|58;;;
87133BE3;1;CSF;1;New Liberty;MAIN;58;;;
87133BE3;2;SHZC;2;New Liberty;MAIN;65;;;
87133BE3;3;THR;2;New Liberty;MAIN;65;;;
B97652A4;1;SHZC;1;Island Gold;MAIN;72;30000.0;;
B97652A4;2;SHZC;2;Island Gold;MAIN;90;;;
B97652A4;3;SOF;2;Island Gold;MAIN;90;;;
B97652A4;4;FLD;2;Island Gold;MAIN;90;;;
B97652A4;5;INT;2;Island Gold;MAIN;90;;;
C536FA47;1;THR;2;Antenna;MAIN;60|63;;;
0E07E1B2;1;THR;1;Bigar Hill;MAIN;46;;;
D08CA9F8;1;SSF;1;Illinois Creek deposit;MAIN;43;;24000.0;
D08CA9F8;2;FLD;2;Illinois Creek deposit;MAIN;52;;;
56CB96EA;2;CLD;2;Lihir;MAIN;72;;;
0BE662C0;1;SSF;1;Agata Nickel Laterite Project (ANLP);MAIN;34;2000000.0;;
0BE662C0;2;SOF;2;Agata Nickel Laterite Project (ANLP);MAIN;36;;;
411C394B;1;SOF;2;Adumbi;MAIN;119;;;
B19547C4;1;SHZC;1;Rowan Vein System;MAIN;57|58;;;
B19547C4;2;SHZC;1;Rowan Vein System;MAIN;58;;;
B19547C4;3;ENE;3;Rowan Vein System;MAIN;61;;;
C2786F94;1;SHZC;2;Yalea;MAIN;74;;;
C2786F94;2;SHZC;2;Yalea;MAIN;71|74;;;
01572953;1;LFT;2;Waterpump Creek;MAIN;66|73|74;6000.0;;extent:bounded
01572953;2;THR;2;Waterpump Creek;MAIN;74;;;
F35C4D59;1;CSF;1;Cameron gold deposit;MAIN;46|54|72;100000.0;;
F35C4D59;2;SOF;2;Cameron gold deposit;MAIN;44|49|54|72;;;
F35C4D59;3;SOF;2;Cameron gold deposit;MAIN;49|54;;;
F35C4D59;4;SOF;3;Cameron gold deposit;MAIN;49|62;;;
FE7D05AB;1;FLD;2;Rupice;MAIN;57;;;
FE7D05AB;2;THR;2;Rupice;MAIN;57;;;
A0BBE8E8;1;SHZC;2;MacLellan;MAIN;70|71;;;
A0BBE8E8;2;INT;2;MacLellan;MAIN;70|71;;;
29C81FCF;3;BMF;2;Kamoa-Kakula;MAIN;90|97;;;
521FAF13;1;SHZC;1;KCD;MAIN;56|58;60000.0;1000.0;
521FAF13;2;FLD;2;KCD;MAIN;56|62;;;
521FAF13;3;SHZC;2;KCD;MAIN;62|65;;;
D88A1001;1;SOF;2;Golpu;MAIN;23|26;;;
B1616B6B;1;CSF;1;Hammerdown;MAIN;121|149;;;
B1616B6B;2;SHZC;2;Hammerdown;MAIN;125;1800.0;;
B1616B6B;4;FLD;3;Hammerdown;MAIN;126;;;
0D6DB6DB;1;CSF;1;PAK Deposit;MAIN;68|69;140000.0;;extent:bounded
1325D1F5;1;THR;2;Antenna;MAIN;44;;;
04FCB237;1;CSF;1;PSM Project;MAIN;106;;;
13DF74CC;1;SHZC;1;Rosebel;MAIN;77|86|87;;;
13DF74CC;2;THR;1;Rosebel;MAIN;77|89|90|91;;;
13DF74CC;3;FLD;2;Rosebel;MAIN;80|87|89|90|92;;;
13DF74CC;4;LTC;2;Rosebel;MAIN;80|87|89|91|93;;;
13DF74CC;5;SOF;2;Rosebel;MAIN;89|91;;;
2582F5BA;1;FLD;2;Aurora;MAIN;37;;;
677E8CBF;1;CSF;1;Waterpump Creek;MAIN;49;;;
677E8CBF;2;SOF;2;Waterpump Creek;MAIN;56|60|61;6000.0;;extent:bounded
677E8CBF;3;THR;2;Waterpump Creek;MAIN;60;;;
677E8CBF;4;INT;2;Waterpump Creek;MAIN;62;;;
E8647371;1;BMF;1;Copper Mountain;MAIN;69;10000.0;500.0;extent:bounded
E8647371;6;SOF;2;Copper Mountain;MAIN;69;;300.0;distance:approx_magnitude
18CB7D7A;1;SSF;1;Apollo;MAIN;62;;;
18CB7D7A;2;SHZC;1;Apollo;MAIN;62|63;;;
18CB7D7A;3;INT;2;Apollo;MAIN;76|80;;;
00152F71;1;SHZC;2;Turmalina;MAIN;36;1000.0;;extent:bounded
002FAB5B;1;THR;1;Ice prospect;MAIN;17|24|25;;;
002FAB5B;2;INT;2;Ice prospect;MAIN;37;;;
002FAB5B;3;SSF;2;Ice prospect;MAIN;37;;;
003AE947;1;TRP;1;Bralorne-Pioneer;MAIN;38;;;
0060BD8A;1;SHZC;2;Main Shear Zone;MAIN;16;304.8;;extent:bounded
0060BD8A;2;INT;2;Main Shear Zone;MAIN;18;;;
00182970;1;SHZC;1;Red Lake-Campbell Complex;MAIN;57|58;;;
00182970;2;SOF;2;Red Lake-Campbell Complex;MAIN;58|59;;;
00C4C85B;1;SHZC;2;Divide prospect;MAIN;17;;;
011575D4;1;SHZC;1;Dome Property;MAIN;29|30;;;
01A515BC;1;SHZC;1;Wona-Kona;MAIN;21;;;
0147858E;1;THR;2;Daniel's Creek;MAIN;23;;;
0147858E;2;SSF;1;Daniel's Creek;MAIN;20|22;;;
00F4C6A7;1;FLD;2;Pilar;MAIN;64|84;;;
00F4C6A7;2;THR;2;Pilar;MAIN;64|67;;;
00FCBB2D;1;SHZC;1;Fenelon;MAIN;44|47;150000.0;1000.0;extent:bounded
00FCBB2D;2;SOF;2;Fenelon;MAIN;48;;;
00FCBB2D;3;SHZC;2;Fenelon;MAIN;48|49|52|56;;;
00FCBB2D;4;LTC;2;Fenelon;MAIN;48;;;
01C81C7E;1;SHZC;1;Kwandege;MAIN;34|35|64;;;
01C81C7E;2;SHZC;1;Kwandege;MAIN;35|43;;;
01C81C7E;3;THR;1;Kwandege;MAIN;35;;;
01C81C7E;4;SOF;2;Kwandege;MAIN;64;;;
01D4C2DE;1;FLD;2;Mazoa Hill Zone;MAIN;19|21|22;;;
01A94018;1;SSF;1;Bonanza Ledge;MAIN;40|43;;;
01A94018;2;THR;1;Bonanza Ledge;MAIN;40|43;;;
01A94018;3;SHZC;2;Bonanza Ledge;MAIN;43;;;
02147C90;1;SHZC;1;Opawica;MAIN;14;1000.0;;extent:approx_magnitude
029CFB33;1;CSF;1;Sainsoutou alluvial gold deposit;MAIN;51|52;;;
029CFB33;2;CSF;1;Sainsoutou alluvial gold deposit;MAIN;52;;;
027C740E;1;MYLC;2;Apomakisie (Randy);MAIN;67|68;;;
029A004A;1;CSF;1;Pamour;MAIN;117|153|155;;;
029A004A;2;FLD;2;Pamour;MAIN;153;;;
029A004A;3;THR;3;Pamour;MAIN;153;;;
029A004A;4;SSF;2;Pamour;MAIN;153;;;
02A093E0;1;SSF;1;Coringa;MAIN;61|68;;;
02A093E0;2;SOF;2;Coringa;MAIN;61|68;;;
02A093E0;3;JOG;2;Coringa;MAIN;61;;;
0336D2AC;1;SHZC;1;Turnberry;MAIN;27|28;15000.0;;extent:bounded
033B0EC7;1;SOF;2;Kiena Deep A Zone;MAIN;130|140|141;;;
0398B964;1;SHZC;1;Sabodala deposit;MAIN;50;;;
0398B964;2;SHZC;2;Sabodala deposit;MAIN;50;;;
0398B964;3;SOF;3;Sabodala deposit;MAIN;51;;;
03430331;1;SHZC;1;Main Zone;MAIN;53;24000.0;;extent:bounded
03497A9B;1;CSF;1;Central;MAIN;64;300000.0;;extent:approx_magnitude
03497A9B;2;SOF;2;Central;MAIN;77;5000.0;;extent:bounded
040010B9;1;SHZC;2;Dingman;MAIN;42|44;;;
040010B9;2;SOF;2;Dingman;MAIN;42;;;
041313E5;1;SHZC;1;Windfall;MAIN;19;;;
041313E5;3;MYLC;2;Windfall;MAIN;36;;;
03E5E738;1;SHZC;1;True North deposit;MAIN;64;;;
03E5E738;2;SHZC;2;True North deposit;MAIN;68;;;
03E5E738;3;SOF;2;True North deposit;MAIN;68;3050.0;;extent:range_mean
03E5E738;4;TRP;2;True North deposit;MAIN;68;;;
03E5E738;5;TRT;2;True North deposit;MAIN;68;;;
041A6F51;1;THR;1;Otjikoto;MAIN;32|35;;;
041A6F51;3;SOF;3;Otjikoto;MAIN;38;;;
044F99B5;1;SHZC;1;Riacho dos Machados;MAIN;47;30000.0;;extent:bounded
0464602C;1;SHZC;2;Cléopâtre showing;MAIN;9;;;
044475BA;1;TRP;1;Hardrock deposit;MAIN;117|119|122;1000.0;;
044475BA;2;INT;2;Hardrock deposit;MAIN;122;;;
044475BA;3;FLD;2;Hardrock deposit;MAIN;119|122;;;
04546B27;1;MYLC;1;Assafou;MAIN;141;12000.0;;
04761DD7;1;THR;1;Jeesio property;MAIN;17|18;100000.0;;extent:bounded
04761DD7;2;SHZC;1;Jeesio property;MAIN;17|18;100000.0;3000.0;extent:bounded|distance:approx_magnitude
04761DD7;3;SSF;2;Jeesio property;MAIN;18;;;
049DA365;1;SOF;2;Taunus;MAIN;33|38;;;
04B0BFA3;1;SOF;2;Main Stripped Zone;MAIN;17|32;;;
04B86048;1;SOF;2;Bombore;MAIN;91|103;30000.0;;extent:approx_magnitude
04B86048;2;CSF;1;Bombore;MAIN;103;;;
04F33E01;1;CSF;1;Canadian Malartic;MAIN;44;;;
04F33E01;2;SOF;2;Canadian Malartic;MAIN;46;;;
04D722E3;1;SHZC;2;Gordon-Ven Lake;MAIN;43|65;;;
052FD466;1;SHZC;1;Hammerdown;MAIN;30;4000.0;;extent:bounded
052FD466;3;SSF;2;Hammerdown;MAIN;30;;;
0527E792;1;CSF;1;Fayolle deposit;MAIN;44|48;450000.0;;extent:bounded
0527E792;2;SOF;2;Fayolle deposit;MAIN;48;;;
0527E792;3;SHZC;2;Fayolle deposit;MAIN;49;;;
05419167;1;CSF;1;Granada;MAIN;59;;;
05419167;2;SHZC;2;Granada;MAIN;59;;;
05419167;3;SOF;2;Granada;MAIN;59|60;;;
05151973;1;THR;1;Fortnum Gold Project;MAIN;53;;;
05151973;2;THR;2;Fortnum Gold Project;MAIN;56|59|61|66;;;
05151973;3;FLW;2;Fortnum Gold Project;MAIN;56;;;
05151973;4;INT;2;Fortnum Gold Project;MAIN;58;;;
0573AFD8;1;SHZC;2;Colomac Main;MAIN;113;;;
0573AFD8;2;INT;2;Colomac Main;MAIN;113;;;
062C08C1;1;FLD;1;Touquoy;MAIN;86|89;;;
0630C490;1;BMF;1;Granite Creek;MAIN;62|66;;;
0630C490;2;THR;2;Granite Creek;MAIN;64|68;;;
0630C490;4;SOF;2;Granite Creek;MAIN;64|66;;;
0630C490;6;INT;2;Granite Creek;MAIN;67|76;;;
05C53A75;1;THR;1;Osiris cluster;MAIN;38;;;
05C53A75;4;TRP;2;Osiris cluster;MAIN;38;;50.0;distance:bounded
05C53A75;5;SSF;2;Osiris cluster;MAIN;38;;;
0645D8D4;1;SHZC;2;Adumbi;MAIN;72;;;
0645D8D4;2;SSF;2;Adumbi;MAIN;72;;;
0695EA16;1;SHZC;2;Solona;MAIN;37|39|45;;;
0695EA16;2;INT;2;Solona;MAIN;37;;;
06950BED;1;SOF;2;Madsen;MAIN;59|60|75|84;;;
06950BED;2;SHZC;2;Madsen;MAIN;58|59;;;
06C30B18;1;SHZC;1;Paddy's Flat;MAIN;87;;;
06C30B18;2;SOF;2;Paddy's Flat;MAIN;87;;;
06C30B18;3;INT;2;Paddy's Flat;MAIN;89;;;
06C30B18;4;SOF;3;Paddy's Flat;MAIN;101;;;
06C30B18;5;THR;2;Paddy's Flat;MAIN;102;;;
0710EF8D;1;BMF;1;Beatons Creek;MAIN;52|53;;;
07095F68;1;THR;1;Magdala;MAIN;41;;;
07095F68;2;THR;2;Magdala;MAIN;45;;;
07095F68;3;THR;2;Magdala;MAIN;48;;;
0723F78A;1;CSF;1;Turnberry;MAIN;23;;;
0723F78A;2;SHZC;1;Turnberry;MAIN;26;;;
0723F78A;3;SHZC;2;Turnberry;MAIN;27;15000.0;;extent:bounded
06D32B92;2;SHZC;2;Moss Lake deposit;MAIN;30|32;;;
0789F8E0;1;SOF;2;Trident;MAIN;41;;;
0789F8E0;2;THR;1;Trident;MAIN;39;;;
0728AACE;1;THR;2;Gold Rock;MAIN;36|38|45;;;
0728AACE;3;FLD;2;Gold Rock;MAIN;38|42|45;;;
0736472B;1;THR;2;Idaho-Maryland Deposit;MAIN;90;3000.0;;
0736472B;2;THR;2;Idaho-Maryland Deposit;MAIN;90;;;
081D24CD;1;JOG;2;Great Fingall;MAIN;76|77|78;;;
07EA6630;1;SHZC;1;Hardrock deposit;MAIN;119|122;;;
07EA6630;2;SHZC;2;Hardrock deposit;MAIN;122;;;
07EA6630;3;TRP;N/A;Hardrock deposit;MAIN;117;;;
082DBCC0;1;TRT;1;Main Gold Zone;MAIN;28;;;
082DBCC0;2;JOG;2;Main Gold Zone;MAIN;28;;;
0839F995;1;SHZC;1;Antenna;MAIN;35;;;
0839F995;2;THR;2;Antenna;MAIN;36|38;;;
08672ADB;1;SHZC;2;Zone IV;MAIN;20|21|23;;;
0842E5D2;1;SHZC;1;Magino;MAIN;52|59|60;1500.0;;extent:range_mean
0842E5D2;2;SHZC;2;Magino;MAIN;52|54;;;
0842E5D2;3;SOF;3;Magino;MAIN;54;;;
085F4CC2;1;INT;2;Jethro Structure;MAIN;18;;;
084BA32A;1;THR;1;El Huacal District;MAIN;59|62;;;
084BA32A;2;FLD;1;El Huacal District;MAIN;61|62|63;;;
084BA32A;3;SHZC;1;El Huacal District;MAIN;59|62;;;
084BA32A;4;JOG;2;El Huacal District;MAIN;62;;;
084BA32A;5;INT;2;El Huacal District;MAIN;62;;;
08D54B6A;1;DOM;N/A;Brew Project;MAIN;13;;;
088BAB7A;1;SSF;2;Golden Horseshoe Reef;MAIN;31;;;
088BAB7A;2;JOG;1;Golden Horseshoe Reef;MAIN;31;;;
088BAB7A;3;LTC;2;Golden Horseshoe Reef;MAIN;31;;;
09033720;1;SHZC;1;Wona-Kona;MAIN;29;;;
08E407A0;1;SHZC;1;A8 3200 vein system;MAIN;30;60000.0;;extent:bounded
08E407A0;2;SOF;2;A8 3200 vein system;MAIN;32;;;
094023F6;1;THR;2;Pine Cove Mine;MAIN;58|61|63;;;
094023F6;2;THR;2;Pine Cove Mine;MAIN;63;;;
095529B3;1;CSF;1;Tay-LP;MAIN;21|23;;;
0965B1B3;1;SSF;1;Batman;MAIN;76;;;
0965B1B3;2;SOF;2;Batman;MAIN;76;;;
096E99E8;1;THR;1;Imperial;MAIN;52;;;
096E99E8;2;FLW;1;Imperial;MAIN;52;;;
096E99E8;3;NRM;2;Imperial;MAIN;52|53;;;
0987FD5B;1;SOF;2;Little Stull Lake;MAIN;54|62;;;
0987FD5B;2;CSF;1;Little Stull Lake;MAIN;54;300000.0;;extent:approx_magnitude
09F70DBA;1;SHZC;2;West Branch;MAIN;56|57;;;
09F70DBA;2;SOF;3;West Branch;MAIN;56;;;
09F70DBA;3;FLD;2;West Branch;MAIN;57;;;
0A06CB49;1;SSF;1;Thor Trend;MAIN;22|24;;;
0A06CB49;2;SOF;2;Thor Trend;MAIN;24;;;
0A06CB49;3;SHZC;2;Thor Trend;MAIN;24;;;
0A29219A;1;CSF;1;Cachoeira;MAIN;28;120000.0;;extent:bounded
0A29219A;2;SHZC;2;Cachoeira;MAIN;30;;;
0A4EC8A6;2;FLD;2;Gilbert River Placer;MAIN;76;;;
0A5EE568;1;FLW;1;Imperial Gold Deposit;MAIN;53;;;
0A5EE568;2;SOF;2;Imperial Gold Deposit;MAIN;53;;;
0A783087;1;THR;1;Posse;MAIN;48|51;;;
0A783087;2;SHZC;1;Posse;MAIN;49|51;50000.0;;
0A783087;3;SOF;2;Posse;MAIN;49;;;
0A783087;4;JOG;2;Posse;MAIN;49;;;
0A6DB12A;1;THR;1;Marathon;MAIN;65|68|73;;100.0;
0A6DB12A;2;SOF;2;Marathon;MAIN;65|66|73;;;
0A6DB12A;3;SOF;3;Marathon;MAIN;65|66|68|73;;;
0AA90EBC;1;SHZC;2;Anatacau Project;MAIN;20|21;;;
0B7EB4D0;1;SHZC;2;Buckreef Prospect;MAIN;28;8000.0;;
0B05B43E;1;CSF;1;EMZ;MAIN;86|93;;;
0B05B43E;2;FLD;2;EMZ;MAIN;95;;;
0B05B43E;3;THR;2;EMZ;MAIN;95;;;
0B05B43E;4;LTC;2;EMZ;MAIN;97;;;
0BABAA77;1;DOM;1;Gold Road Mine;MAIN;47;;;
0BABAA77;2;JOG;2;Gold Road Mine;MAIN;46|49;2286.0;;extent:from_metric_paren
0B016195;1;SHZC;1;Burnakura;MAIN;46|47;100000.0;;extent:bounded
0B016195;2;SOF;2;Burnakura;MAIN;47;;;
0B016195;3;THR;2;Burnakura;MAIN;50;;;
0C01BBE0;1;CSF;1;3 Aces;MAIN;20|22|30;;;
0C314901;1;SHZC;1;Nelligan;MAIN;40|46;;;
0BB1A012;1;CSF;1;O'Brien Project;MAIN;57|58|60;;;
0BB1A012;3;LTC;2;O'Brien Project;MAIN;65;;;
0C44E46A;1;ENE;2;Main Structural Corridor (MSC);MAIN;25|27;6500.0;;
0CA19FF7;1;CSF;1;Hislop Property;MAIN;18|19|22|24;;;
0CA3FEC4;1;FLD;2;Kofi C;MAIN;25;;;
0CB5C5C9;1;CSF;1;KCD;MAIN;53|54;60000.0;1000.0;
0CB5C5C9;2;FLD;2;KCD;MAIN;53|58;;;
0CB5C5C9;3;SOF;2;KCD;MAIN;58;;;
0CEB7E63;1;SHZC;2;Esaase;MAIN;31;;;
0CEB7E63;2;THR;2;Esaase;MAIN;31;;;
0CEB7E63;3;ENE;3;Esaase;MAIN;34;;;
0D0DF078;1;CSF;1;Herbert Veins;MAIN;19|21;;;
0CC855EB;1;SSF;1;Gold Pick;MAIN;47|48;;;
0CC855EB;2;SSF;2;Gold Pick;MAIN;48|53;;;
0D138A33;1;SHZC;1;BT deposit;MAIN;21;44000.0;;
0D138A33;2;SOF;2;BT deposit;MAIN;24|26;;;
0D1BA604;1;CSF;1;Havelock Project;MAIN;40|44;;7000.0;
0D1BA604;2;SHZC;1;Havelock Project;MAIN;44|45;;;
0D1BA604;3;SOF;2;Havelock Project;MAIN;42|45;;;
0D1BA604;4;ENE;2;Havelock Project;MAIN;45;;;
0DBC95C9;1;SSF;1;Batman deposit;MAIN;93;;;
0DBC95C9;2;SOF;2;Batman deposit;MAIN;93;;;
0D46872E;1;SHZC;2;Meadowbank deposits;MAIN;13|57;;;
0E09DB1B;1;SHZC;2;Monique Gold Zones;MAIN;22|27|30;;;
0E182762;1;SHZC;1;Gatsuurt;MAIN;67|72;200000.0;;extent:bounded
0E182762;2;SOF;2;Gatsuurt;MAIN;72;;;
0E182762;3;ENE;3;Gatsuurt;MAIN;74;;;
0E182762;4;THR;2;Gatsuurt;MAIN;74;;;
0E182762;5;JOG;2;Gatsuurt;MAIN;76;;;
0E681B6E;1;CSF;1;Kiryan;MAIN;31;;7000.0;
0E681B6E;2;SOF;2;Kiryan;MAIN;31|34|40|41;;;
0E681B6E;3;SOF;2;Kiryan;MAIN;35;;;
0EC27446;1;SHZC;1;Masato;MAIN;32|38;;;
0EC27446;2;SHZC;2;Masato;MAIN;38|46;;;
0E3A1F62;1;TRT;2;Goose Site;MAIN;72;;;
0E3A1F62;2;FLD;2;Goose Site;MAIN;65|72;;;
0F4CC9B9;1;CSF;1;Santo Antonio;MAIN;26;;;
0F4CC9B9;2;SHZC;1;Santo Antonio;MAIN;26;;;
0F4CC9B9;3;ENE;3;Santo Antonio;MAIN;31;;;
0F6F8EB9;1;CSF;1;Bigar Hill;MAIN;34|35;;;
0F6F8EB9;3;SSF;2;Bigar Hill;MAIN;47;;;
0F7248E2;1;THR;2;Lafigue;MAIN;74|76;;;
0F7248E2;2;SHZC;1;Lafigue;MAIN;79;;;
0F7248E2;3;LTC;2;Lafigue;MAIN;75|76|79;;;
0F7248E2;4;ENE;3;Lafigue;MAIN;75;;;
0F825C4A;1;SHZC;1;Youga;MAIN;91;100000.0;;extent:bounded
0FD3508E;1;THR;1;Morro do Ouro;MAIN;33|38|43;;;
0FD3508E;2;SHZC;1;Morro do Ouro;MAIN;38|40;;;
0FD3508E;3;NRM;2;Morro do Ouro;MAIN;38;;;
0F8AE956;1;THR;1;Gold Quarry;MAIN;82|87;;;
0F8AE956;2;SOF;2;Gold Quarry;MAIN;87;;;
0F8AE956;3;THR;2;Gold Quarry;MAIN;87;;;
0FB9B301;1;CSF;1;Canadian Malartic;MAIN;31;;;extent:unparseable
0FB9B301;2;SOF;2;Canadian Malartic;MAIN;32;;;
104A5E9E;1;SHZC;2;Lacoma;MAIN;29;;;
104F165D;1;SHZC;1;Sissingué;MAIN;84;;;
104F165D;2;FLD;2;Sissingué;MAIN;78;;;
10B0ED67;1;SOF;2;Raven;MAIN;18;;;
10B0ED67;2;FLD;2;Raven;MAIN;14;;;
10D4734D;1;MYLC;2;New Britannia Mine;MAIN;67|68;;;
10D4734D;2;THR;1;New Britannia Mine;MAIN;67;;;
10D4734D;3;MYLC;2;New Britannia Mine;MAIN;72;;;
112BAE17;1;SHZC;1;Island Gold;MAIN;69|87;30000.0;;
112BAE17;2;SOF;2;Island Gold;MAIN;87;;;
116130B5;1;SHZC;1;Omega Group;MAIN;23|26;160000.0;;extent:bounded
116130B5;2;SOF;2;Omega Group;MAIN;25;;;
116130B5;3;THR;2;Omega Group;MAIN;25;;;
11873F4A;1;DOM;2;Butiá;MAIN;30;;;
11661848;1;CSF;1;Venice Complex;MAIN;42;;;
11661848;2;SOF;2;Venice Complex;MAIN;42;;;
11661848;3;THR;2;Venice Complex;MAIN;46|52;;;
11661848;4;SHZC;2;Venice Complex;MAIN;46|47;;;
11661848;5;SOF;3;Venice Complex;MAIN;49;;;
11E61ECF;1;TRP;2;Lone Star;MAIN;52|53;;;
11E61ECF;2;SHZC;2;Lone Star;MAIN;52;;;
11E61ECF;3;CSF;1;Lone Star;MAIN;75;;;
11B1508F;1;FLD;2;Rajapalot;MAIN;23;;;
11BABB77;1;SHZC;1;Douay East;MAIN;40|41;100000.0;;extent:bounded
11BABB77;2;SOF;2;Douay East;MAIN;41;;;
119A11D5;1;FLD;2;Fifteen Mile Stream;MAIN;46|48;;;
119A11D5;2;THR;2;Fifteen Mile Stream;MAIN;52;1000.0;;extent:bounded
12322F42;1;SHZC;1;White Mountain;MAIN;13;10000.0;;
12322F42;2;THR;2;White Mountain;MAIN;13|14;;;
12322F42;4;SOF;2;White Mountain;MAIN;14;;;
11EE97BD;1;TRP;1;Golden Saddle;MAIN;58;;;
1228157A;1;CSF;1;Tabakoto Deposit;MAIN;58;120000.0;15000.0;
1228157A;2;SOF;2;Tabakoto Deposit;MAIN;58;;;
1228157A;3;FLD;2;Tabakoto Deposit;MAIN;69|73;;;
1228157A;4;INT;2;Tabakoto Deposit;MAIN;69;;;
125F6C94;1;LFT;2;Cristina;MAIN;47|56;;;
12AC17AA;1;CSF;1;Kona South;MAIN;18;;;
12AC17AA;2;SOF;2;Kona South;MAIN;18;;;
1262CB45;1;INT;2;Kao;MAIN;23;;;
12D0B97D;1;SHZC;1;Makosa;MAIN;18;;;
12D0B97D;2;SOF;2;Makosa;MAIN;20;4500.0;;
12D0B97D;3;JOG;2;Makosa;MAIN;20;;;
12F3C89C;1;SHZC;1;AMAX Area;MAIN;19;;;
134FCCD2;1;SHZC;2;Wassa;MAIN;46|48;;;
1339F97C;1;SHZC;1;Detour Lake and West Detour;MAIN;61|69;30000.0;;extent:bounded
1339F97C;2;SOF;2;Detour Lake and West Detour;MAIN;69;;;
1339F97C;3;FLD;2;Detour Lake and West Detour;MAIN;69;;;
13CCF8B6;1;FLD;2;Twangiza;MAIN;39|40;;;
13CCF8B6;2;SSF;2;Twangiza;MAIN;40;;;
13CCF8B6;3;SOF;2;Twangiza;MAIN;40;;;
13EA550C;1;MYLC;1;Antenna deposit;MAIN;31;;;
13FE50E7;1;DOM;2;Butia;MAIN;57;;;
14148DAC;1;SOF;2;Douay West;MAIN;42|44;;17.5;distance:range_mean
14148DAC;2;SHZC;1;Douay West;MAIN;40;;;
149016FB;1;SHZC;2;Faina;MAIN;55|64|70;7000.0;;
14160ED1;1;SHZC;1;Kobada;MAIN;96|106|107;;;
14160ED1;2;ENE;2;Kobada;MAIN;96|106|107;;;
14160ED1;3;JOG;2;Kobada;MAIN;108;;;
14DE3D9A;1;TRP;1;Asuogya;MAIN;22;;;
14DE3D9A;2;SHZC;1;Asuogya;MAIN;17|19;;;
14DE3D9A;3;INT;2;Asuogya;MAIN;19;;;
14DE3D9A;4;SHZC;2;Asuogya;MAIN;20;;;
14BDF6F7;1;CSF;1;Pinson;MAIN;49|51;;;
14BDF6F7;2;SOF;2;Pinson;MAIN;51|52;;;
14BDF6F7;3;INT;2;Pinson;MAIN;52|54|62;;;
14BDF6F7;4;SHZC;2;Pinson;MAIN;52;;;
14E5F379;1;CSF;1;Star Lake;MAIN;26|32;;;
14E5F379;2;CSF;1;Star Lake;MAIN;32|61;;;
14D7CA01;1;SHZC;1;Appleton Fault Zone;MAIN;87|112|113;;;
14D7CA01;2;SHZC;1;Joe Batt's Pond Fault Zone;MAIN;87;;;
14D7CA01;3;SOF;2;Keats-Baseline Fault Zone;MAIN;96;;;
14D7CA01;4;SOF;2;Queensway Project;MAIN;112|113;;;
14FE1F17;1;SSF;2;RZ;MAIN;40;;;
15AF8D4C;1;SOF;2;Triangle Deposit;MAIN;80;;;
15AF8D4C;2;CSF;1;Triangle Deposit;MAIN;73|87;;;
158B14EB;1;SHZC;1;Zone 2;MAIN;34;;;
158B14EB;2;SSF;2;Zone 2;MAIN;38;;;
158B14EB;3;SOF;2;Zone 2;MAIN;38;;;
158B14EB;4;SOF;3;Zone 2;MAIN;38;;;
159672F0;1;CSF;1;Rattling Brook Gold Deposit;MAIN;49|52;;;
159672F0;2;THR;1;Rattling Brook Gold Deposit;MAIN;53|58;;;
159672F0;3;SOF;2;Rattling Brook Gold Deposit;MAIN;73|74;;;
15D04CB0;1;SHZC;2;DAC Deposit;MAIN;37;;;
15D04CB0;2;FLD;2;DAC Deposit;MAIN;37;;;
15CB45F5;1;CSF;1;Pitt Gold;MAIN;23|24|27;;;
15CB45F5;2;SOF;2;Pitt Gold;MAIN;23|27;;;
15CB45F5;3;ENE;3;Pitt Gold;MAIN;30;;;
15E968D0;1;SHZC;1;Linkwood;MAIN;18|21;44000.0;;
15E968D0;2;SOF;2;Linkwood;MAIN;21|23;;;
15D484D9;1;SOF;2;Reward;MAIN;53;;;
15D484D9;2;SOF;2;Reward;MAIN;54;;;
16AC2F72;3;THR;2;Lookout Mountain;MAIN;60;;;
16683AD0;1;SHZC;2;Tabakoroni;MAIN;21|22|23;;;
16683AD0;2;SOF;N/A;Tabakoroni;MAIN;22;;;
16BBCB94;1;DET;1;Big Hill;MAIN;39;;;
16BBCB94;2;THR;1;Big Hill;MAIN;39;;;
16BBCB94;5;THR;2;Big Hill;MAIN;47;;;
16C7BB46;1;THR;2;Kone;MAIN;60|67;;;
16C7BB46;2;THR;3;Kone;MAIN;60;;;
1737DA07;1;SHZC;1;Island Zone;MAIN;60;30000.0;;
1737DA07;2;SOF;2;Island Zone;MAIN;60|62;;;
1737DA07;3;LTC;2;Island Zone;MAIN;63;;;
16ECE394;1;SHZC;1;Chaminé;MAIN;42|43;;;
16ECE394;2;JOG;2;Chaminé;MAIN;42|43;;;
16ECE394;3;INT;2;Chaminé;MAIN;43;;;
16D979D3;1;CSF;1;Duparquet;MAIN;52|57|68;;;
16D979D3;2;SOF;2;Duparquet;MAIN;57|59;;;
16D979D3;3;SOF;3;Duparquet;MAIN;60;;;
17E27C66;1;SHZC;2;Jefferson Gold Project;MAIN;30;;;
17E27C66;2;FLD;2;Jefferson Gold Project;MAIN;30;;;
17DC7EE4;1;SHZC;1;Omega;MAIN;21|25;;;
17DC7EE4;2;THR;2;Omega;MAIN;26;;;
17EF89A8;1;SHZC;1;Storø;MAIN;27;;;
17EF89A8;2;THR;2;Storø;MAIN;29;;;
181BF1B6;1;SHZC;1;Dubenski Gold Deposit;MAIN;23;;;
181BF1B6;2;SOF;2;Dubenski Gold Deposit;MAIN;31;915.0;;
17F98519;1;SHZC;1;Golouma West;MAIN;30|36|37;;;
17F98519;2;SHZC;2;Golouma West;MAIN;37|45;;;
17F98519;3;INT;2;Golouma West;MAIN;45;;;
1866E001;1;SHZC;2;Doropo Deposits;MAIN;28;;;
1866E001;2;INT;2;Doropo Deposits;MAIN;28;;;
182BC15E;1;SHZC;1;Timmins West Mine;MAIN;48|61;;5000.0;distance:bounded
182BC15E;2;SHZC;2;Timmins West Mine;MAIN;52|61;;;
182BC15E;3;SHZC;2;Timmins West Mine;MAIN;54|61;;;
182BC15E;4;MYLC;2;Timmins West Mine;MAIN;57|61;;;
18821E32;1;FLD;2;Choco 10;MAIN;52|64;;;
18B8525E;1;CSF;1;Tocantinzinho;MAIN;27;;;
18B8525E;2;INT;2;Tocantinzinho;MAIN;39;;;
1905889A;1;SSF;N/A;Netiana;MAIN;87;;;
1905889A;2;SHZC;2;Netiana;MAIN;95|103;5400.0;;extent:bounded
19BC2616;1;THR;1;Table Mountain Vein Systems;MAIN;30;;;
19BC2616;2;SSF;1;Table Mountain Vein Systems;MAIN;35;15000.0;;
19BC2616;3;SSF;1;Table Mountain Vein Systems;MAIN;35;;;
1A09A6C5;1;SHZC;1;Flordin deposit;MAIN;30|34|38;80000.0;;extent:bounded
1A09A6C5;2;SOF;2;Flordin deposit;MAIN;34;;;
1A09A6C5;3;MYLC;2;Flordin deposit;MAIN;34;;;
1A0EC604;1;SHZC;1;Douay West;MAIN;43;;;
1A0EC604;2;SHZC;2;Douay West;MAIN;46|49;;17.5;distance:range_mean
1A0EC604;3;ENE;3;Douay West;MAIN;46;;;
1A1956D4;1;SOF;2;Jinfeng;MAIN;23|26|27;;;
1A1956D4;2;INT;2;Jinfeng;MAIN;23|26|31;;;
1A1956D4;3;THR;2;Jinfeng;MAIN;24|27;;;
1A1956D4;4;SHZC;3;Jinfeng;MAIN;26;;;
1A1CA32E;1;SHZC;2;Kobada;MAIN;38|39;;;
1A6CFF70;1;TRP;2;North Lake deposit;MAIN;89;;;
1A7B38F8;1;SHZC;2;Nalunaq;MAIN;51|61;;;
1A7C389B;2;ENE;3;Goingoindougou;MAIN;46;;;
1AC556B7;1;THR;2;Gourbassi West;MAIN;62;;;
1B737743;1;SHZC;1;Borborema deposit;MAIN;86;;;
1B737743;2;SHZC;2;Borborema deposit;MAIN;86;;;
1B737743;3;SHZC;2;Borborema deposit;MAIN;80|83|84;;;
1B737743;4;THR;1;Borborema deposit;MAIN;93;;;
1B2900EE;1;SHZC;1;Bomboré;MAIN;36|42;30000.0;;extent:approx_magnitude
1B2900EE;2;CSF;1;Bomboré;MAIN;33|42;;;
1B76BEA9;1;SHZC;1;Donchester Mine;MAIN;21|24|25;2100.0;;extent:bounded
1B76BEA9;2;SOF;2;Donchester Mine;MAIN;24|25;;;
1B999829;1;SHZC;1;Marudi Property;MAIN;32;;;
1B84EA2F;1;SHZC;1;Nkran;MAIN;75|80;150000.0;;
1B84EA2F;2;SSF;1;Nkran;MAIN;81;;;
1B84EA2F;3;SOF;2;Nkran;MAIN;83;;;
1B84EA2F;4;THR;2;Nkran;MAIN;83|85;;;
1BBCE5C2;1;THR;2;Mosquito Hill;MAIN;78|83;;;
1BBCE5C2;2;MYLC;2;Mosquito Hill;MAIN;78|83;;;
1BBCE5C2;3;CSF;1;Mosquito Hill;MAIN;84;;;
1BEAFCFB;1;SOF;2;55 Zone;MAIN;28|33;900.0;;extent:bounded
1BEAFCFB;2;SHZC;1;55 Zone;MAIN;26|33;;;
1BC9BB63;1;THR;N/A;Taurus Deposit;MAIN;26;;;
1BC9BB63;2;TRP;3;Taurus Deposit;MAIN;26;;;
1BC9BB63;3;SHZC;1;Taurus Deposit;MAIN;28;;;
1BC9BB63;4;SOF;2;Taurus Deposit;MAIN;28;;;
1BFE7520;1;CSF;1;Mankarga 5;MAIN;47|48|52;;;
1BEE6489;1;LTC;2;Frankfield East Deposit;MAIN;39|41|45;;;
1C01C09B;1;THR;2;Pilar;MAIN;64;;;
1C5D0682;1;SHZC;2;Tassawini;MAIN;30|32;;;
1C3385F6;1;SHZC;1;Choco 10;MAIN;47;;;
1C3385F6;2;SHZC;2;Choco 10;MAIN;52|53|54|55;;;
1C3385F6;3;FLD;2;Choco 10;MAIN;51|52|53;;;
1C08D521;1;SHZC;1;Massawa;MAIN;63;;;
1C08D521;2;SOF;2;Massawa;MAIN;69;;;
1C08D521;3;INT;2;Massawa;MAIN;69;;;
1CD9BB53;1;SHZC;2;Mt Clifford;MAIN;82;;;
1CA3A079;1;CSF;1;Long Canyon;MAIN;26;;;
1CA3A079;2;FLD;2;Long Canyon;MAIN;40;;;
1CA3A079;3;BMF;1;Long Canyon;MAIN;37;;;
1CA3A079;4;THR;N/A;Long Canyon;MAIN;34|37;;;
1CA3A079;5;BXP;N/A;Long Canyon;MAIN;37;;;
1CAE0FC0;1;CSF;1;Santa Gertrudis;MAIN;63;;;
1CAE0FC0;2;INT;2;Santa Gertrudis;MAIN;62;;;
1CAE0FC0;3;THR;2;Santa Gertrudis;MAIN;58|62;;;
1CEBFF59;1;SHZC;1;Oko Main Zone;MAIN;71;17000.0;;
1CEBFF59;2;SHZC;2;Oko Main Zone;MAIN;76|79;;;
1CEBFF59;3;JOG;3;Oko Main Zone;MAIN;74|75|79;;;
1CEBFF59;4;INT;3;Oko Main Zone;MAIN;80;;;
1D25010B;1;SHZC;2;Natougou;MAIN;31|36|38;;;
1D754D16;1;SOF;2;Easy Junior;MAIN;35|37;;;
1D754D16;2;FLD;2;Easy Junior;MAIN;35|37;;;
1D2D184E;1;TRP;1;Paciência Mining Complex;MAIN;39;60000.0;;extent:bounded
188135F4;1;SHZC;2;Francoeur Deposit;MAIN;19|20;;;
188135F4;2;CSF;1;Francoeur Deposit;MAIN;19;;1000.0;
188135F4;3;CSF;1;Francoeur Deposit;MAIN;19;;;
1D9455F0;1;BMF;2;Pan Project;MAIN;42|44|47;;;
1DAEC218;1;SHZC;2;Björkdal;MAIN;58|64;;;
1DAEC218;2;SSF;2;Björkdal;MAIN;58|64;;;
1DAEC218;3;SOF;3;Björkdal;MAIN;64;;;
1DAEC218;4;THR;1;Björkdal;MAIN;52;;;
1DD36FDF;1;THR;1;Gold Pick;MAIN;4|53;;;
1DFA2C0F;1;SHZC;1;Apankrah;MAIN;36;;;
1DFA2C0F;2;SOF;2;Apankrah;MAIN;34|36;;;
1E022488;1;CSF;1;Orenada;MAIN;89;;;
1E022488;2;FLD;2;Orenada;MAIN;91|93;;;
1E0A2A78;1;SHZC;1;Detour Lake;MAIN;94;30000.0;;
1E0A2A78;2;SOF;2;Detour Lake;MAIN;96;;;
1E11A67B;1;SHZC;1;Madsen Deposit;MAIN;58|67;5000.0;;
1E11A67B;2;SOF;2;Madsen Deposit;MAIN;62|74|75;;;
1E11A67B;3;LTC;2;Madsen Deposit;MAIN;61|64|75;;;
1E1F8F66;1;SHZC;1;Mankouke South;MAIN;48;30000.0;;extent:bounded
1E40059D;1;SHZC;1;Baritic Zone;MAIN;30|32|39;;;
1E40059D;2;SOF;2;Baritic Zone;MAIN;32|39|40;7000.0;;extent:bounded
1E319B80;1;SHZC;1;Malikoundi;MAIN;49|51|53|65;;;
1E319B80;2;SOF;2;Malikoundi;MAIN;53;;;
1E319B80;3;THR;2;Malikoundi;MAIN;58;;;
1E319B80;4;INT;2;Malikoundi;MAIN;61;;;
1E769595;1;THR;1;Posse;MAIN;32|35;50000.0;;
1E769595;2;SOF;2;Posse;MAIN;33;;;
1E769595;3;MYLC;3;Posse;MAIN;33;;;
1E769595;4;JOG;3;Posse;MAIN;33;;;
1E99CAC7;1;SSF;2;Paiol;MAIN;46;;;
1EA4BB1E;1;CSF;1;São Vicente;MAIN;29;600000.0;;extent:bounded
1EA4BB1E;2;THR;1;São Vicente;MAIN;32;;;
1EA4BB1E;3;SHZC;2;São Vicente;MAIN;33;;;
1EA4BB1E;4;MYLC;2;São Vicente;MAIN;33;300.0;;extent:approx_magnitude
1ED86FA6;1;SHZC;1;Eagle River;MAIN;22;;;
1ED86FA6;2;SOF;2;Eagle River;MAIN;22|28|29;;;
1EB76791;1;CSF;1;Sergeevskoe;MAIN;35|37;;;
1EB76791;3;SOF;2;Sergeevskoe;MAIN;37|40|44;;;
1EE33807;1;CSF;1;HBJ;MAIN;40|44;;;
1F0751C3;1;CSF;1;Florida Canyon Mine;MAIN;42;200000.0;;
1F0751C3;2;SOF;1;Florida Canyon Mine;MAIN;42;;;
1F0751C3;3;LFT;1;Florida Canyon Mine;MAIN;42|44;;;
1F0751C3;4;THR;1;Florida Canyon Mine;MAIN;42;;;
1F0EE9E9;1;CSF;1;Carolin Mine;MAIN;38|41;60000.0;150.0;
1F0EE9E9;2;FLD;2;Carolin Mine;MAIN;43;;;
1F0EE9E9;3;INT;1;Carolin Mine;MAIN;38;;;
1F1DC537;1;THR;2;Relief Canyon;MAIN;69;;;
1F1DC537;2;SSF;1;Relief Canyon;MAIN;62;;;
1F458B48;1;THR;2;Kalana;MAIN;114;;;
1F458B48;2;SHZC;2;Kalana;MAIN;114;;;
1F458B48;3;ENE;3;Kalana;MAIN;114|117;;;
1F6D12E8;1;INC;2;Majorodam;MAIN;29;;;
1F6D12E8;2;SOF;2;Majorodam;MAIN;29;;;
1F630381;1;CSF;1;Golden Harker;MAIN;32|42|44;;5000.0;distance:bounded
1F630381;2;SOF;2;Golden Harker;MAIN;42|46;;;
1FC92E68;3;INT;2;South Bullfrog Property;MAIN;82;;;
1FC92E68;4;CLD;2;South Bullfrog Property;MAIN;77|81;;;
1FC92E68;5;DET;1;South Bullfrog Property;MAIN;79;;;
2010BE16;1;CSF;1;Triangle;MAIN;76|79;500000.0;;extent:bounded
2010BE16;2;SHZC;2;Triangle;MAIN;79;3500.0;;extent:bounded|extent:range_mean
2010BE16;3;THR;3;Triangle;MAIN;79|83;1500.0;;extent:range_mean
202807F1;1;INT;2;Kouroussa;MAIN;36;;;
1FFDF094;1;THR;2;Trident;MAIN;45;7.5;;extent:range_mean
1FFDF094;2;MYLC;2;Trident;MAIN;45;7.5;;extent:range_mean
1FFDF094;3;THR;2;Trident;MAIN;45|54;5.0;;
1FFDF094;4;SOF;2;Trident;MAIN;45;;;
20D3D36E;1;FLD;2;Goldboro;MAIN;34|42;;;
20F6CE4D;1;THR;1;Providence Mine;MAIN;34;;;
213027CF;1;SHZC;1;Aurora Gold Project;MAIN;57;;;
213027CF;2;SHZC;2;Aurora Gold Project;MAIN;58|59|61|63;;;
213027CF;3;LTC;2;Aurora Gold Project;MAIN;62|63;;;
20E2443B;1;CSF;1;Lamaque;MAIN;43|53;200000.0;;extent:bounded
20E2443B;2;THR;2;Lamaque;MAIN;58;;;
20E2443B;3;SHZC;2;Lamaque;MAIN;58;;;
20E2443B;4;SOF;3;Lamaque;MAIN;58|64;;;
2187A358;1;SHZC;2;Reward Zone;MAIN;56;4828.0;;extent:bounded
217876A7;1;SSF;2;Björkdal;MAIN;65;;;
217876A7;2;TRP;2;Björkdal;MAIN;67;;;
219157FE;1;SHZC;1;Bom Jardim;MAIN;16|24;36000.0;;extent:bounded|extent:approx_magnitude|extent:bounded
219157FE;2;CLD;2;Bom Jardim;MAIN;14|16|22;;;
21F50592;1;LTC;2;Maud Creek deposit;MAIN;53;;;
21EC804B;1;SHZC;2;Paredones;MAIN;40|43;6000.0;;
21ACC570;1;THR;2;Boroo;MAIN;56;2400.0;;
21ACC570;2;SOF;1;Boroo;MAIN;52;;;
221226CF;1;THR;1;Satinoco;MAIN;17;;;
221226CF;2;SHZC;2;Satinoco;MAIN;18;;;
2235BE82;1;CSF;1;Black Fox;MAIN;50|52|61;200000.0;;
2235BE82;2;SOF;2;Black Fox;MAIN;61;;;
2235BE82;3;SHZC;2;Black Fox;MAIN;63;;;
2247EB88;1;SHZC;1;Blanket Mine;MAIN;44|45;18000.0;;
2247EB88;2;SHZC;2;Blanket Mine;MAIN;45|48|49;;;
2298CBFE;1;CSF;1;Beattie-Donchester;MAIN;18;;;
2298CBFE;2;SOF;2;Beattie-Donchester;MAIN;18|20;2100.0;;
229E58E2;1;SHZC;1;Alexander Property;MAIN;27;;;
229E58E2;2;SHZC;2;Alexander Property;MAIN;36|37;;;
233AFC1B;1;SSF;1;Björkdal;MAIN;59|65;;;
233AFC1B;2;SSF;2;Björkdal;MAIN;65;;;
233AFC1B;3;THR;2;Björkdal;MAIN;53;;;
2340AEB1;2;INT;N/A;Eldorado;MAIN;26;;;
22DBA216;1;CSF;1;Tower Gold Project;MAIN;98|99|114;;;
22DBA216;2;SOF;2;Tower Gold Project;MAIN;99|102|114;;;
22DBA216;3;INT;2;Tower Gold Project;MAIN;102|107|108;;;
23472CCD;1;SHZC;2;São Sebastião;MAIN;36|41;;;
23472CCD;2;FLD;2;São Sebastião;MAIN;37|41;;;
23472CCD;3;THR;2;São Sebastião;MAIN;37;;;
2394D734;1;THR;2;Kone;MAIN;42|49;;;
2394D734;2;THR;3;Kone;MAIN;42;;;
236B651A;1;SHZC;N/A;Bilboes;MAIN;60;;;
236B651A;2;ENE;3;Bilboes;MAIN;60;;;
235457EF;1;SHZC;1;Los Planes and Las Colinas;MAIN;21;3000.0;;
235457EF;2;THR;1;Los Planes and Las Colinas;MAIN;21;3000.0;;
235457EF;3;LFT;2;Los Planes and Las Colinas;MAIN;21;;;
23FBC1A2;1;SHZC;1;Discovery;MAIN;24;80000.0;;extent:bounded
23FBC1A2;2;SSF;1;Discovery;MAIN;24;;;
23FBC1A2;3;INT;2;Discovery;MAIN;26;;;
239DB373;1;SOF;2;Merian II;MAIN;57;;;
24B9A082;1;CSF;1;Mankarga;MAIN;73|76;;;
24BD37C9;1;SHZC;2;Sam Otto;MAIN;64;;;
24BD37C9;2;SOF;3;Sam Otto;MAIN;64;;;
24BD37C9;3;SOF;2;Sam Otto;MAIN;64;;;
25CA4953;1;SHZC;1;Corner Lake Gold Deposit;MAIN;20|22;40000.0;;extent:bounded
25CA4953;2;SOF;2;Corner Lake Gold Deposit;MAIN;20|25;;;
25CA4953;3;INT;2;Corner Lake Gold Deposit;MAIN;21|22|25;;;
25B1C7D2;1;CSF;1;Beattie-Donchester;MAIN;18|19|21;;;
25B1C7D2;2;SOF;2;Beattie-Donchester;MAIN;19|21;2100.0;;extent:bounded
2624ABED;1;SHZC;1;SREP deposits;MAIN;23;;;
2624ABED;2;SOF;2;SREP deposits;MAIN;23;;;
2624ABED;3;INT;2;SREP deposits;MAIN;23;;;
2624ABED;4;FLD;2;SREP deposits;MAIN;23;;;
25F92493;1;THR;2;Lafigué;MAIN;194;;;
25F92493;2;LTC;2;Lafigué;MAIN;195|202;;;
26305346;1;DET;1;Black Pine;MAIN;36|40|46;;;
26305346;2;SOF;2;Black Pine;MAIN;40|46|52;;;
2640ABDA;1;SSF;1;Bralorne-Pioneer;MAIN;53;;;
2640ABDA;4;SOF;2;Bralorne-Pioneer;MAIN;58;;;
26519CE6;1;CSF;1;Midway Project;MAIN;43;;;
265A3824;1;SHZC;1;M Zone;MAIN;30;12000.0;;extent:bounded
265A3824;2;LTC;2;M Zone;MAIN;32|36|41;;;
266494E0;1;SHZC;1;Obotan;MAIN;36|37;;;
266494E0;2;LTC;2;Obotan;MAIN;36;;;
26906D0E;1;THR;2;Lunch Pond South Extension;MAIN;39;;;
26906D0E;4;CSF;1;Lunch Pond South Extension;MAIN;26|28|35;;;
26EE263C;1;FLD;1;Touquoy West;MAIN;80|104;;;
275CD4A0;1;BMF;1;Cecil R;MAIN;33;;;
27014924;1;INT;2;Helen Zone;MAIN;46;;;
275840FC;1;TRP;2;C1;MAIN;74;20000.0;;extent:bounded
275840FC;2;SHZC;1;C1;MAIN;67;3000.0;;extent:approx_magnitude
275840FC;3;SSF;1;C1;MAIN;67;;;
2785C445;1;FLD;2;Beaver Dam deposit;MAIN;31|35;;;
27651010;1;THR;2;Bell Creek;MAIN;48|49;;;
27651010;2;SOF;2;Bell Creek;MAIN;52;;;
27651010;3;LTC;2;Bell Creek;MAIN;52;;;
278FF823;1;SHZC;1;Detour Lake;MAIN;93;30000.0;;
279D99F2;1;CSF;1;Hislop Deposit;MAIN;36|39|46;;;
279D99F2;2;SHZC;2;Hislop Deposit;MAIN;41;;;
279D99F2;3;LTC;2;Hislop Deposit;MAIN;41|45;;;
279D99F2;4;INT;2;Hislop Deposit;MAIN;48;;;
279D99F2;5;SSF;2;Hislop Deposit;MAIN;44;;;
27E5F10F;1;CSF;1;Marriott Gold Zone;MAIN;16|22;;;
27E5F10F;2;LTC;2;Marriott Gold Zone;MAIN;22|23;;;
27B398CE;1;SHZC;1;True North;MAIN;48;;;
27B398CE;2;SOF;2;True North;MAIN;50|55;;;
27B398CE;3;JOG;3;True North;MAIN;56;;;
27CA4DDC;1;CSF;1;Young-Davidson;MAIN;58|64;200000.0;;extent:bounded
27CA4DDC;2;SOF;2;Young-Davidson;MAIN;64;;;
2814182A;1;SHZC;1;Zone 1B;MAIN;23|37;;;
2814182A;2;MYLC;2;Zone 1B;MAIN;28;;;
282061E6;1;SOF;2;PL Deposit;MAIN;83|84;;;
282061E6;3;LTC;2;PL Deposit;MAIN;84;;;
283C2E94;1;SOF;2;Easy Junior;MAIN;31;;;
283C2E94;2;FLD;2;Easy Junior;MAIN;31|34;;;
282D08DE;1;CSF;1;O'Brien Project;MAIN;53|56;;;
2870D6A5;1;SHZC;2;Wasamac;MAIN;17|19;;;
2870D6A5;2;CSF;1;Wasamac;MAIN;16|17;;;
28865668;1;SHZC;1;New Alger Mine;MAIN;11;;;
28865668;2;SOF;2;New Alger Mine;MAIN;12;;;
285E1E79;1;SHZC;1;F2 Gold System;MAIN;33|34|39;15000.0;;extent:bounded
28CD2641;2;SOF;2;Julian Property;MAIN;19;;;
28D0ECAF;1;CSF;1;Granada;MAIN;53;;;
28D0ECAF;2;SHZC;2;Granada;MAIN;53;;;
28D0ECAF;3;SOF;3;Granada;MAIN;53;;;
28E283FF;1;CSF;1;Grey Fox;MAIN;36|44|54;600000.0;;extent:bounded
28E283FF;2;SOF;2;Grey Fox;MAIN;48;;;
28EAFB9C;1;CSF;1;Cape Spencer;MAIN;58|64;;;
28EAFB9C;2;SOF;2;Cape Spencer;MAIN;58|64;;;
28EAFB9C;3;THR;2;Cape Spencer;MAIN;59|60;;;
28EAFB9C;4;SOF;2;Cape Spencer;MAIN;78;;;
293AB836;1;CSF;1;New Amalga deposit;MAIN;37|41;;3000.0;distance:approx_magnitude
28F0A9C8;1;CSF;1;North Stock;MAIN;33|34|42;;;
28F0A9C8;2;SOF;2;North Stock;MAIN;42;;;
28F0A9C8;3;CLD;2;North Stock;MAIN;42;;;
28F0A9C8;4;INT;3;North Stock;MAIN;42;;;
28F0A9C8;5;FLD;1;North Stock;MAIN;42;;;
28F91901;1;SHZC;2;Bombore Gold Project;MAIN;83|96;30000.0;;extent:approx_magnitude
28F91901;2;CSF;1;Bombore Gold Project;MAIN;96;;;
294CBDBB;1;SSF;1;Cipoeiro;MAIN;27;120000.0;;
294CBDBB;2;SOF;2;Cipoeiro;MAIN;27;;;
294CBDBB;3;INC;2;Cipoeiro;MAIN;29|37;;;
2A1026DE;1;SOF;2;Main Zone;MAIN;26;;;
2A1026DE;2;INT;2;Main Zone;MAIN;26;;;
2A176A30;1;SHZC;2;Sugar Zone;MAIN;13;3500.0;;extent:bounded
29E2F3C6;1;SHZC;1;BGP gold deposit;MAIN;36|44;30000.0;;extent:approx_magnitude
29E2F3C6;2;CSF;1;BGP gold deposit;MAIN;34|44;;;
2A1EC49A;1;CSF;1;Francoeur Deposit;MAIN;17;;;
2A1EC49A;2;SHZC;2;Francoeur Deposit;MAIN;18|19;;;
2A2FB122;1;SHZC;1;Wona-Kona;MAIN;25;;;
2A228DAA;1;MYLC;2;Oko West;MAIN;54;;;
2A228DAA;2;LTC;2;Oko West;MAIN;70;;;
2A62A33F;1;THR;1;Kiniero;MAIN;78;60000.0;;
2A62A33F;2;GSC;1;Kiniero;MAIN;84;;;
2A62A33F;3;SHZC;2;Kiniero;MAIN;92;6000.0;;
2A62A33F;4;SHZC;2;Kiniero;MAIN;97;;;
2A8F8F9C;1;SHZC;1;Monique;MAIN;71;2500.0;;
2A8F8F9C;2;SOF;3;Monique;MAIN;73;;;
2A763673;1;THR;2;Magdala;MAIN;54|65;;;
2A763673;2;THR;2;Magdala;MAIN;57;;;
2A763673;3;SOF;2;Magdala;MAIN;71;;;
2A90BFB0;1;SHZC;1;Kittila deposit;MAIN;42|43;15000.0;;extent:bounded
2AC29752;2;FLD;N/A;Castelo de Sonhos;MAIN;42|43;;;
2A9895A6;1;CSF;1;Beartrack;MAIN;48;;;
2A9895A6;2;CSF;2;Beartrack;MAIN;48;;;
2AC512B5;1;CSF;1;Sao Vicente;MAIN;18;600000.0;;extent:bounded
2AC512B5;2;SHZC;2;Sao Vicente;MAIN;22;1000.0;;extent:bounded
2AC512B5;3;MYLC;2;Sao Vicente;MAIN;21;300.0;;extent:approx_magnitude
2AADF6FE;1;SHZC;1;Upper Antino;MAIN;70;;;
2AADF6FE;3;INT;2;Upper Antino;MAIN;70;;;
2AADF6FE;4;LTC;2;Upper Antino;MAIN;70;;;
2BC67572;1;SSF;1;Bear Mountain;MAIN;33|34;100000.0;;extent:bounded
2BC67572;2;SOF;2;Bear Mountain;MAIN;34;;;
2BC67572;3;ENE;3;Bear Mountain;MAIN;39;;;
2B92CA7E;1;CSF;1;Huronian Zone;MAIN;60;;;
2B92CA7E;2;SOF;2;Huronian Zone;MAIN;60|63;;;
2B95FE2E;1;SHZC;1;Chevrier;MAIN;31|33|35;;;
2B95FE2E;3;FLD;3;Chevrier;MAIN;36;;;
2BB40988;1;INC;2;Nicholas Main Zone;MAIN;23;;;
2C16173B;1;THR;2;Antenna;MAIN;70|73;;;
2C2FE588;1;SHZC;2;Gladiator;MAIN;52;;;
2BF34292;1;SHZC;1;Granada;MAIN;33;;;
2BF34292;2;SHZC;2;Granada;MAIN;33;;;
2BF34292;3;SOF;2;Granada;MAIN;29|33;;;
2C17B3D5;1;CSF;1;Uzboy;MAIN;26|32;;;
2C17B3D5;2;SOF;2;Uzboy;MAIN;32;25000.0;;extent:bounded
2C17B3D5;3;SSF;2;Uzboy;MAIN;32|33;4000.0;;
2C73DB73;1;JOG;2;55 Zone;MAIN;48|49;;;
2C73DB73;2;SHZC;1;55 Zone;MAIN;46|48;;;
2C44109C;1;THR;2;La Escarcha;MAIN;34;;;
2C44109C;2;LTC;2;La Escarcha;MAIN;46;;;
2C765245;1;SOF;2;Trixie;MAIN;92;213.4;;extent:bounded
2C765245;2;SOF;2;Trixie;MAIN;84|95;;;
2C765245;3;INT;1;Trixie;MAIN;97;;;
2C765245;4;FLD;1;Trixie;MAIN;83|84;;;
2C7D7C7E;1;SHZC;1;55 Zone;MAIN;47;;;
2C7D7C7E;2;SHZC;2;55 Zone;MAIN;47;;;
2C7D7C7E;3;SHZC;2;55 Zone;MAIN;48;;;
2C85BF9F;1;SHZC;2;Sewum;MAIN;43;25000.0;;
2C85BF9F;2;SOF;2;Sewum;MAIN;44;;;
2CB5A3A2;1;JOG;2;Gold Road Mine;MAIN;35|36;;;
2CCA1630;1;SSF;2;Oro Brillante;MAIN;43|44;;;
2CCA1630;2;SOF;3;Oro Brillante;MAIN;43;;;
2CC1CE54;1;CSF;1;Chimo Mine;MAIN;81|87|89;;;
2CC1CE54;2;SOF;2;Chimo Mine;MAIN;87|89|97;;;
2CCC9CD5;1;SHZC;2;New Beliveau;MAIN;62;;;
2CCC9CD5;2;CSF;1;New Beliveau;MAIN;72;;;
2D1F88BB;1;INT;2;Cajueiro;MAIN;67;;;
2D1F88BB;2;INC;1;Cajueiro;MAIN;67|73;;;
2D6E23C2;1;CSF;1;San Francisco;MAIN;54;;;
2D6E23C2;2;THR;2;San Francisco;MAIN;72;;;
2D6E23C2;3;SHZC;2;San Francisco;MAIN;72;;;
2D8C98CC;1;MYLC;2;Dorothy Main Zone;MAIN;41|43;;;
2D8C98CC;2;SSF;1;Dorothy Main Zone;MAIN;40;;;
2DCCA471;1;SHZC;1;Madsen Deposit;MAIN;96;;;
2DCCA471;2;SOF;2;Madsen Deposit;MAIN;97|111;;;
2DCCA471;3;SHZC;2;Madsen Deposit;MAIN;93|101;5000.0;;
2DE403FE;1;SSF;2;Nyanzaga;MAIN;89;;;
2DE403FE;2;THR;2;Nyanzaga;MAIN;88;;;
2DE403FE;3;ENE;3;Nyanzaga;MAIN;89;;;
2ED1333E;1;SHZC;1;True North;MAIN;59|66;;;
2ED1333E;2;SHZC;1;True North;MAIN;59;;;
2ED1333E;3;SHZC;1;True North;MAIN;66|87;;;
2ED1333E;4;SHZC;1;True North;MAIN;66;;;
2ED1333E;5;SOF;2;True North;MAIN;66;3050.0;;extent:range_mean
2ED1333E;6;JOG;2;True North;MAIN;67|72;;;
2F27DD2C;1;THR;2;Cosmo Mine;MAIN;109|168;;;
2F27DD2C;3;SOF;3;Cosmo Mine;MAIN;109|171;;;
2FC7E142;1;SHZC;1;Massawa;MAIN;87;;;
2FC7E142;2;SOF;2;Massawa;MAIN;103;;;
2FC7E142;3;JOG;2;Massawa;MAIN;103;;;
2FDA8907;1;SHZC;1;Mishi Main zone;MAIN;39;40000.0;;extent:bounded
2FDA8907;2;SHZC;2;Mishi Main zone;MAIN;42;2000.0;;
2FDA8907;3;JOG;2;Mishi Main zone;MAIN;44;;;
2FE561F3;1;CSF;1;Callie;MAIN;51;;;
2FE561F3;2;FLD;2;Callie;MAIN;60;;;
2FE561F3;3;ENE;3;Callie;MAIN;59;;;
300BD65E;1;SSF;1;Dufferin;MAIN;60;;;
3055A584;1;THR;2;Fortnum Wedge;MAIN;59;;;
3055A584;2;FLW;2;Fortnum Wedge;MAIN;59;;;
306C6FD3;1;SSF;1;Florida Canyon Mine;MAIN;42;200000.0;;
306C6FD3;3;BMF;1;Florida Canyon Mine;MAIN;42;;;
306C6FD3;4;THR;1;Florida Canyon Mine;MAIN;42;;;
306C6FD3;5;LFT;2;Florida Canyon Mine;MAIN;44;;;
306C6FD3;6;SHZC;2;Florida Canyon Mine;MAIN;44;;;
30764FDD;1;SHZC;1;True North;MAIN;64;;;
30764FDD;2;SOF;2;True North;MAIN;68;3050.0;;extent:range_mean
30764FDD;3;JOG;2;True North;MAIN;69;;;
307C60FF;1;CSF;1;Munro Project;MAIN;29|36|39;;3000.0;
307C60FF;2;SHZC;2;Munro Project;MAIN;35|36;;;
308915A6;1;CSF;1;Fayolle;MAIN;32|35|37|43;350000.0;;extent:bounded
308915A6;2;SOF;2;Fayolle;MAIN;37;;;
308915A6;3;SOF;3;Fayolle;MAIN;44;;;
3091DA28;1;SHZC;1;Corcoesto;MAIN;38|48;2000.0;;
3091DA28;2;SOF;2;Corcoesto;MAIN;48;;;
30C5FD5F;1;SHZC;1;Southern Cross North Project;MAIN;38;80000.0;;extent:bounded
30C5FD5F;2;SOF;2;Southern Cross North Project;MAIN;45;;;
30C5FD5F;3;INT;2;Southern Cross North Project;MAIN;39;;;
30C14E1F;1;SHZC;1;Buckreef;MAIN;27;8000.0;;
30D25F2D;1;SSF;1;Lero-Karta;MAIN;31|33;;;
30D25F2D;2;SOF;2;Lero-Karta;MAIN;33;1100.0;;
30D25F2D;3;INT;2;Lero-Karta;MAIN;33;;;
30E2DB35;3;FLD;1;Florin;MAIN;30;;;
30E2DB35;5;FLD;2;Florin;MAIN;38;;;
30EFD2F3;1;SHZC;2;Kobada;MAIN;93|102;;;
30EFD2F3;2;ENE;3;Kobada;MAIN;102|103;;;
30EFD2F3;3;JOG;2;Kobada;MAIN;103;;;
3181F270;1;INC;2;Bjorkdal;MAIN;30;;;
3181F270;2;SHZC;1;Bjorkdal;MAIN;40;;;
315147D9;1;CSF;1;Triangle Zone;MAIN;97|117;;;
315147D9;2;SOF;2;Triangle Zone;MAIN;101|117|118;1000.0;;extent:bounded
315147D9;4;ENE;3;Triangle Zone;MAIN;107;;;
314BDAAB;1;FLD;2;Goldboro Deposit;MAIN;13|48|57;;;
311C247E;1;SHZC;1;Greenstone Mine;MAIN;67|70|74;;;
311C247E;2;FLD;2;Greenstone Mine;MAIN;69|75|78|81;;;
318D10F5;1;CSF;1;Chimo Mine Deposit;MAIN;100|109|110;;;
318D10F5;2;SOF;2;Chimo Mine Deposit;MAIN;110|118;;;
320E96A4;2;SHZC;2;Fawakhir;MAIN;39;;;
3221B416;1;SSF;1;EMZ;MAIN;41;;;
3221B416;2;FLD;2;EMZ;MAIN;48|62;;;
3221B416;3;LTC;2;EMZ;MAIN;54;;;
31A667DE;1;SHZC;1;Beartrack;MAIN;40|43|55;4000.0;;
31A667DE;2;SHZC;2;Beartrack;MAIN;40|43|55;4000.0;;
31A667DE;3;JOG;2;Beartrack;MAIN;43|50;;;
32698830;1;SHZC;1;Three Bluffs;MAIN;36;;;
32698830;2;SOF;2;Three Bluffs;MAIN;36|40;1900.0;;extent:bounded
322585EE;2;SOF;2;Wharf Operation;MAIN;64|73;;;
32425CED;1;CSF;1;Nordeau West;MAIN;41|44;;;
32425CED;2;SHZC;1;Nordeau West;MAIN;41|43;;;
32425CED;3;SOF;2;Nordeau West;MAIN;62;;;
32425CED;4;ENE;3;Nordeau West;MAIN;46;;;
329566C5;2;THR;1;Yellowjacket Gold Zone;MAIN;26|30|40;;;
329566C5;3;SOF;2;Yellowjacket Gold Zone;MAIN;38;;;
32DA3B1C;1;SHZC;2;Maligreen;MAIN;39;;;
32DA3B1C;2;SOF;2;Maligreen;MAIN;39;;;
32DA3B1C;3;INT;2;Maligreen;MAIN;39|40|41;;;
32DA3B1C;4;SSF;2;Maligreen;MAIN;39|40;;;
337B5C66;1;CSF;1;Florida Canyon;MAIN;29;200000.0;;
337B5C66;2;INT;2;Florida Canyon;MAIN;29;;;
337B5C66;3;THR;2;Florida Canyon;MAIN;29;;;
337B5C66;4;LFT;2;Florida Canyon;MAIN;31;;;
337B5C66;5;SHZC;2;Florida Canyon;MAIN;31;;;
32EB9E26;1;CSF;1;Thor Deposit;MAIN;68|73|74;;;
32EB9E26;2;SOF;2;Thor Deposit;MAIN;74;;;
32EB9E26;3;SHZC;2;Thor Deposit;MAIN;74;;;
339AF256;1;SSF;1;Tonopah;MAIN;38;;;
339AF256;2;ENE;3;Tonopah;MAIN;35|38|42;;;
339AF256;3;SSF;2;Tonopah;MAIN;38;;;
340A0A9C;1;CSF;1;Main Zone (South Wood Lake Zone);MAIN;13|16;;;extent:unparseable
340A0A9C;3;INT;2;Main Zone (South Wood Lake Zone);MAIN;16;;;
33C33FF7;1;SHZC;2;Saramacca;MAIN;64|67;;;
34119D76;1;THR;1;West Branch;MAIN;48;;;
34119D76;2;SOF;2;West Branch;MAIN;39;;;
34119D76;3;SOF;2;West Branch;MAIN;54;;;
34119D76;4;SHZC;1;West Branch;MAIN;38|39;;;
3473A14D;1;THR;1;Pine Cove;MAIN;59|61;7000.0;;
3473A14D;2;THR;2;Pine Cove;MAIN;61;;;
346313EF;1;SHZC;1;F2 Gold System;MAIN;43|45|50;;;
347302C7;1;CSF;1;Lamaque Mine;MAIN;43;200000.0;;extent:bounded
347302C7;2;SHZC;2;Lamaque Mine;MAIN;43;5500.0;;extent:range_mean
347302C7;3;SHZC;3;Lamaque Mine;MAIN;43|44;1000.0;;
347302C7;4;THR;2;Lamaque Mine;MAIN;58;;;
347302C7;5;SOF;3;Lamaque Mine;MAIN;58|64;;;
34D00683;1;SHZC;1;Piment Zone;MAIN;31|34;;;
34D00683;2;LTC;2;Piment Zone;MAIN;34;;;
34A885E5;1;THR;2;Croinor;MAIN;243|248|250;;;
34A885E5;2;ENE;3;Croinor;MAIN;243|245;;;
353CDC8B;1;CSF;1;Granada;MAIN;52;;;
353CDC8B;2;SHZC;2;Granada;MAIN;52;;;
34F19419;1;CSF;1;Discovery Zone;MAIN;89|91|102;150000.0;2000.0;extent:bounded
34F19419;2;SOF;2;Discovery Zone;MAIN;91;;;
354F4AB3;1;SHZC;1;Ouest Balan;MAIN;25;;;
355174D9;1;CSF;1;Fondaway Canyon;MAIN;54;;;
355174D9;2;SSF;2;Fondaway Canyon;MAIN;51;3500.0;;
355174D9;3;SOF;2;Fondaway Canyon;MAIN;54;;;
355174D9;4;SOF;3;Fondaway Canyon;MAIN;54;;;
359BBE7E;1;CSF;1;Swanson deposit;MAIN;67;;;
359BBE7E;2;SSF;1;Swanson deposit;MAIN;67;10000.0;1000.0;extent:bounded
35C5507F;1;CSF;1;Apensu;MAIN;66|69;;;
35C5507F;2;JOG;2;Apensu;MAIN;69;;;
35C5507F;3;SOF;2;Apensu;MAIN;69;;;
35C5507F;4;INT;2;Apensu;MAIN;72;;;
35CA7341;2;SSF;1;Otter Creek / Godkin Pit;MAIN;16;;;
35CA8622;1;SOF;2;Lincoln-Comet;MAIN;18|21;16093.4;;
35D1D06F;1;SHZC;1;Detour Lake Mine;MAIN;52|53|61;30000.0;;extent:bounded
35D1D06F;2;SOF;2;Detour Lake Mine;MAIN;61;;;
35DF18D6;1;SHZC;2;Piaba;MAIN;62|69;;;
35DF18D6;2;SOF;3;Piaba;MAIN;69;;;
35F4BD47;1;SHZC;2;Bomboré;MAIN;36|42;30000.0;;extent:approx_magnitude
35F4BD47;2;CSF;1;Bomboré;MAIN;33|42;;;
35F4BD47;3;INT;3;Bomboré;MAIN;42;;;
361A4CFA;1;SSF;1;Gold Ridge;MAIN;19;;;
361A4CFA;2;JOG;2;Gold Ridge;MAIN;19;;;
36984740;1;SHZC;2;Turmalina;MAIN;47|49;;;
36963686;1;CSF;1;Triangle Zone;MAIN;48|59;250000.0;1000.0;
36963686;2;SOF;2;Triangle Zone;MAIN;56|59;;;
3670F402;1;TRP;2;Namdini;MAIN;58|59;;;
36F4D111;1;SHZC;1;Posse;MAIN;32;50000.0;;
36F4D111;2;THR;1;Posse;MAIN;32|35;;;
36F4D111;3;SOF;2;Posse;MAIN;33;;;
36F4D111;4;MYLC;2;Posse;MAIN;33;;;
36F4D111;5;JOG;2;Posse;MAIN;33;;;
36A9E451;1;SHZC;1;Wona-Kona;MAIN;51|52;;;
36AF8027;1;SOF;2;Tamarack;MAIN;11;;;
36A0B51D;1;THR;1;Magambazi;MAIN;49|56;;;
36A0B51D;3;THR;2;Magambazi;MAIN;49|55;;;
3708266F;1;SHZC;2;Wenot;MAIN;60;5000.0;;
3708266F;2;CSF;1;Wenot;MAIN;54;;3000.0;distance:approx_magnitude
3746E4F1;1;CSF;1;Big Pit;MAIN;19|26;;;
3746E4F1;2;THR;2;Big Pit;MAIN;26|28;;;
3746E4F1;3;NRM;3;Big Pit;MAIN;26;;;
3746E4F1;4;DET;2;Big Pit;MAIN;26;;;
3748A596;1;SHZC;1;Malikoundi/Boto 2;MAIN;51|55|67;;;
3748A596;2;SOF;1;Malikoundi/Boto 2;MAIN;55;;;
3748A596;3;THR;2;Malikoundi/Boto 2;MAIN;59;;;
3748A596;4;INT;2;Malikoundi/Boto 2;MAIN;62|67;;;
377E3A04;1;CSF;1;Black Fox Mine;MAIN;116;600000.0;;extent:bounded
377E3A04;2;SOF;1;Black Fox Mine;MAIN;118;4500.0;;extent:bounded|extent:range_mean
377E3A04;3;SOF;2;Black Fox Mine;MAIN;121;;;
37D3B9CE;1;CSF;1;Canadian Malartic deposit;MAIN;51;;;
3793CDFC;1;CSF;1;Fire Creek;MAIN;14|16;;;
3793CDFC;2;SOF;2;Fire Creek;MAIN;16;;;
381F5C02;1;SHZC;1;Central Manitoba Zone;MAIN;24|29;;;
381F5C02;2;SOF;2;Central Manitoba Zone;MAIN;29;;;
385AC5EA;1;CSF;1;Mankarga 5;MAIN;43|45;;;
385AC5EA;2;CSF;1;Mankarga 5;MAIN;43;500000.0;;extent:bounded
385AC5EA;3;TRP;2;Mankarga 5;MAIN;46;;;
385AC5EA;4;SOF;3;Mankarga 5;MAIN;46;;;
38805D4D;1;CSF;1;Quinn Lake;MAIN;15;;;
38805D4D;2;GSC;2;Quinn Lake;MAIN;15;;;
38805D4D;3;JOG;2;Quinn Lake;MAIN;15;;;
3875829E;1;THR;1;Gold Pick;MAIN;64;;;
38A85FAF;1;THR;1;Eagle Zone;MAIN;45;;;
38B9C7D6;1;TRP;1;Rory's Knoll;MAIN;61|62|63;;;
38B9C7D6;2;SOF;2;Rory's Knoll;MAIN;62|64;;;
38B9C7D6;3;INT;2;Rory's Knoll;MAIN;65;;;
38BF4231;1;SHZC;1;Discovery;MAIN;24;42500.0;;extent:bounded|extent:range_mean
38BF4231;2;INT;2;Discovery;MAIN;26;;;
38D95CC8;1;INT;2;Magambazi;MAIN;29;;;
38D95CC8;2;FLD;2;Magambazi;MAIN;26|29;;;
38D95CC8;3;SHZC;1;Magambazi;MAIN;31|32|33;;;
38D95CC8;4;THR;1;Magambazi;MAIN;31|32|33;;;
39CB6561;1;CSF;1;Kenogami Lake Project;MAIN;25;;;
39CB6561;2;SOF;2;Kenogami Lake Project;MAIN;26;;;
38E7868C;1;CSF;1;Bombore;MAIN;77;;;
38E7868C;2;SOF;2;Bombore;MAIN;66|77;30000.0;;extent:bounded|extent:approx_magnitude|extent:bounded
39FFEDD8;1;CSF;1;Carolin Mine;MAIN;36|39;60000.0;150.0;
39FFEDD8;2;FLD;2;Carolin Mine;MAIN;40|41;;;
3A3F8692;1;SHZC;2;CAS (Central, Avan and Skiråsen);MAIN;49|52|70;;;
3A3F8692;2;THR;3;CAS (Central, Avan and Skiråsen);MAIN;53|70;;;
3A3F8692;3;ENE;3;CAS (Central, Avan and Skiråsen);MAIN;53;;;
3A6340B3;2;DOM;2;RHN Property;MAIN;29|32|37;;;
3AAEF04C;1;SHZC;1;Zone 1B;MAIN;19|25;10000.0;;
3AAEF04C;2;INT;2;Zone 1B;MAIN;22;;;
3AAEF04C;3;JOG;3;Zone 1B;MAIN;26;;;
3B3D85B1;1;FLD;2;São Sebastião;MAIN;27;;;
3B3D85B1;2;SHZC;1;São Sebastião;MAIN;27;;3000.0;
3B581E7D;1;SHZC;1;Nampala;MAIN;79;;;
3B581E7D;2;FLD;2;Nampala;MAIN;79;;;
3B581E7D;3;NRM;2;Nampala;MAIN;79;;;
3B581E7D;4;DET;3;Nampala;MAIN;79;;;
3B99FAA6;1;SHZC;1;Wenot;MAIN;82|89;;3000.0;distance:approx_magnitude
3B99FAA6;2;SHZC;2;Wenot;MAIN;85|89|90;5000.0;;
3B99FAA6;3;SOF;3;Wenot;MAIN;90;;;
3BB02B86;1;THR;1;Spanish Mountain;MAIN;21|27;;;
3BB02B86;2;FLD;2;Spanish Mountain;MAIN;21|27;;;
3BB02B86;3;SSF;2;Spanish Mountain;MAIN;21;;;
3BAA85BA;1;THR;1;Cariboo Gold Project;MAIN;62|80;;;
3BAA85BA;2;THR;1;Cariboo Gold Project;MAIN;63;;;
3BAA85BA;3;SHZC;1;Cariboo Gold Project;MAIN;84;60000.0;;extent:bounded
3BAA85BA;4;FLD;2;Cariboo Gold Project;MAIN;71|81;;;
3BC14498;1;CSF;1;Nkran;MAIN;75;;;
3BC14498;2;SSF;1;Nkran;MAIN;76;;;
3BC14498;3;SHZC;2;Nkran;MAIN;78;;;
3BC14498;4;THR;2;Nkran;MAIN;78;;;
3C0CD8A7;1;SHZC;1;Wona-Kona;MAIN;28;;;
3C255A9C;1;THR;1;Spanish Mountain;MAIN;21|27;;;
3C255A9C;2;FLD;2;Spanish Mountain;MAIN;21|27;;;
3C255A9C;3;TRT;N/A;Spanish Mountain;MAIN;21;;;
3C3CEF6E;1;THR;2;Ronguen gold deposit;MAIN;28|31;;;
3CAF48B5;1;SHZC;1;Seabee;MAIN;28;;;
3CAF48B5;2;SOF;2;Seabee;MAIN;28;;;
3CAF48B5;3;INT;2;Seabee;MAIN;28;;;
3CA02F87;1;FLD;2;Haile;MAIN;25;;;
3CB96C60;1;DET;1;Gameta;MAIN;26|27|28|33;;;
3CF02A62;1;ENE;1;Sorowar;MAIN;40;;;
3CF02A62;2;INT;2;Sorowar;MAIN;44;;;
3CD72230;1;BMF;2;Pinson;MAIN;56;;;
3CD72230;2;SOF;2;Pinson;MAIN;56|57;;;
3CD72230;3;SOF;2;Pinson;MAIN;57;;;
3CD72230;4;SHZC;2;Pinson;MAIN;57;;;
3CD72230;5;SOF;3;Pinson;MAIN;58;;;
3CD72230;6;SOF;2;Pinson;MAIN;58;;;
3CB4917F;1;CSF;1;Tower Gold Project;MAIN;135|148;;;
3CB4917F;3;THR;1;Tower Gold Project;MAIN;148;;;
3CB4917F;4;SOF;2;Tower Gold Project;MAIN;140;;;
3CB4917F;5;ENE;3;Tower Gold Project;MAIN;149|150|151;;;
3CB4917F;6;SHZC;1;Tower Gold Project;MAIN;150;;;
3CF19190;1;CSF;1;Pitt Gold;MAIN;42|47;200000.0;;
3CF19190;2;SOF;2;Pitt Gold;MAIN;42|47;;;
3CF19190;3;ENE;3;Pitt Gold;MAIN;43|50;;;
3D3CB8E4;1;THR;1;Satinoco;MAIN;15;;;
3D3CB8E4;2;SHZC;2;Satinoco;MAIN;16;;;
3D1189B3;1;THR;2;Bell Creek;MAIN;49|50;;;
3D1189B3;2;SOF;2;Bell Creek;MAIN;52;;;
3D49ABF8;1;SHZC;1;Marathon Deposit;MAIN;97|102;;250.0;distance:bounded
3D49ABF8;2;LTC;2;Marathon Deposit;MAIN;98;;;
3D49ABF8;3;ENE;3;Marathon Deposit;MAIN;99|100;;;
3D6CB99C;1;THR;1;Valentine Gold Camp;MAIN;48;;;
3D6CB99C;2;SOF;2;Valentine Gold Camp;MAIN;60;;;
3D6CB99C;3;ENE;3;Valentine Gold Camp;MAIN;47|48;;;
3D76F7D4;1;THR;2;Tovshir;MAIN;54|55;;;
3D76F7D4;2;SHZC;2;Tovshir;MAIN;55;;;
3D920261;1;INT;1;Noseno;MAIN;27;;;
3DA469E7;1;SHZC;1;Quinn Lake Property;MAIN;16|18|20;;;extent:unparseable
3DA4178D;1;DET;2;Gameta;MAIN;27|28|33;;;
3DF03E1F;1;SHZC;1;Amizmiz;MAIN;4;;;
3E5657A2;1;INT;2;Kao;MAIN;71|72;;;
3E5657A2;2;CSF;1;Kao;MAIN;68|70;;;
3E712733;1;DET;1;Bullard Pass;MAIN;11|13|14|16;;;
3E712733;2;SOF;2;Bullard Pass;MAIN;13|16|20;;;
3E783295;1;CSF;1;O'Brien Project;MAIN;59|62|67;;;
3E8E4AE5;1;FLD;2;Mooseland;MAIN;41|46;;;
3EC0CCD3;1;SHZC;1;47 PMLs;MAIN;52;;;
3EC7D618;1;THR;1;Imperial gold deposit;MAIN;45;;;
3EC7D618;2;FLW;1;Imperial gold deposit;MAIN;45|46;;;
3EC7D618;3;SOF;2;Imperial gold deposit;MAIN;45;;;
3EC7D618;5;THR;2;Imperial gold deposit;MAIN;45;;;
3EB0D4FB;1;CSF;1;Lamaque Mine;MAIN;37|46;200000.0;;extent:bounded
3EB0D4FB;2;SOF;2;Lamaque Mine;MAIN;37;5500.0;;extent:range_mean
3EB0D4FB;3;SHZC;3;Lamaque Mine;MAIN;37|51|56;;;
3EB0D4FB;4;ENE;3;Lamaque Mine;MAIN;51|56|57;;;
3F0B38F9;1;INT;2;Kao;MAIN;71|72;;;
3F0B38F9;2;CSF;1;Kao;MAIN;68|70;;;
3F28C976;1;CSF;1;Buffalo Reef;MAIN;16|17;;1000.0;distance:bounded
3F28C976;2;SHZC;2;Buffalo Reef;MAIN;17|20;;;
3F2D988D;1;SOF;2;Goingoindougou;MAIN;33;;;
3F2EBD38;1;SHZC;2;Eleonore;MAIN;45;10000.0;;extent:bounded
3F82F406;1;SHZC;1;La Cruz;MAIN;16|21;15000.0;;extent:bounded
3FAEB13F;1;CSF;1;Garrcon Deposit;MAIN;42|47;;;distance:unparseable
3FAEB13F;2;SOF;2;Garrcon Deposit;MAIN;48;;;
3FAEB13F;3;LTC;2;Garrcon Deposit;MAIN;48;;21.0;distance:from_metric_paren
3FC03D4C;1;DET;1;Cyclopic;MAIN;82|85|90;;;
3FC03D4C;2;DET;2;Cyclopic;MAIN;85;;;
3FC03D4C;3;SHZC;1;Cyclopic;MAIN;87;;;
3FC03D4C;4;SOF;2;Cyclopic;MAIN;87;;;
3FC03D4C;5;THR;2;Cyclopic;MAIN;87;;;
3FBC5CEF;1;SHZC;1;Swanson;MAIN;110;;;
3FBC5CEF;2;SSF;1;Swanson;MAIN;111;10000.0;1000.0;extent:bounded
3FBC5CEF;4;JOG;2;Swanson;MAIN;125;;;
403E39A4;1;SHZC;2;Surluga Deposit;MAIN;109|110|114;5500.0;;
403E39A4;2;SHZC;2;Surluga Deposit;MAIN;110|118;2500.0;350.0;
403E39A4;3;CSF;1;Surluga Deposit;MAIN;100;;;
403EAB29;1;SHZC;1;Golden Valley;MAIN;22|24|30;;;
403EAB29;2;SHZC;2;Golden Valley;MAIN;30;;;
407CA08D;1;SHZC;1;Hangar Flats Deposit;MAIN;25|30;3000.0;;extent:approx_magnitude
407CA08D;2;SOF;2;Hangar Flats Deposit;MAIN;25;;;
406E54D8;1;SHZC;2;Pinson;MAIN;55|60;1219.2;;extent:bounded
406E54D8;2;SHZC;2;Pinson;MAIN;56|61;1371.6;;extent:bounded
406E54D8;3;SOF;2;Pinson;MAIN;57;;;
406E54D8;4;SOF;2;Pinson;MAIN;56|60;914.4;;extent:bounded
406E54D8;5;SOF;2;Pinson;MAIN;56|61;1371.6;;extent:bounded
4080CBE2;1;CSF;1;Douay;MAIN;51|53;;;
4080CBE2;2;LTC;2;Douay;MAIN;56;;;
4080CBE2;3;SHZC;2;Douay;MAIN;56;;;
4080CBE2;4;SSF;2;Douay;MAIN;59;;;
408EE15F;1;SOF;2;Sleepy Zone;MAIN;25|26;;;
4112CF24;1;CSF;1;Parallel Vein Zone;MAIN;20|25;250000.0;;
4112CF24;2;SOF;2;Parallel Vein Zone;MAIN;25|28;;;
4124125B;1;CSF;1;Buziba Busolwa;MAIN;41;;;extent:unparseable
4124125B;2;SOF;2;Buziba Busolwa;MAIN;41|46|48;;;
4170107C;1;BMF;1;Spruce Hills;MAIN;14;;;
4170107C;2;SOF;2;Spruce Hills;MAIN;16;;;
4170107C;4;BXP;2;Spruce Hills;MAIN;18;;;
413F247E;1;BXP;2;Gourbassi West;MAIN;87;;;
41BCA767;1;CSF;1;Duquesne-Ottoman;MAIN;29|34;;;
41BCA767;2;SOF;2;Duquesne-Ottoman;MAIN;34;;;
414E89A7;1;THR;2;Pine Cove Mine;MAIN;53|56|58;7000.0;;extent:bounded
414E89A7;2;THR;2;Pine Cove Mine;MAIN;58;;;
41F2C053;1;MYLC;2;Glenburgh;MAIN;30;;;
4230CEAC;2;SSF;2;Afgan;MAIN;28;;;
42875527;1;CSF;1;Twin Hills;MAIN;47|53|56|65;100000.0;;extent:bounded
42875527;2;SOF;2;Twin Hills;MAIN;53|54;;;
42875527;3;JOG;2;Twin Hills;MAIN;54;;;
4289B025;1;CSF;1;ACMA-Lewis;MAIN;85;;;
4289B025;2;THR;2;ACMA-Lewis;MAIN;94;;;
42C56158;1;CSF;1;San Francisco deposit;MAIN;73;;;
42C56158;2;SHZC;2;San Francisco deposit;MAIN;85|86;;;
42C56158;3;THR;2;San Francisco deposit;MAIN;85|86;;;
42C8CCFD;1;CSF;1;CMD Gold Mine;MAIN;47|49;;;
42C8CCFD;2;SOF;2;CMD Gold Mine;MAIN;47|49;;;
42C8CCFD;3;JOG;2;CMD Gold Mine;MAIN;48;1500.0;;
42C8CCFD;4;INC;2;CMD Gold Mine;MAIN;48|49;;;
42D01EF0;1;SHZC;1;F2 Zone;MAIN;30|37;;;
42D01EF0;2;FLD;2;F2 Zone;MAIN;37;;;
42D01EF0;3;INT;2;F2 Zone;MAIN;37;;;
438D7AD7;1;FLD;2;Twangiza Main;MAIN;32;;;
438D7AD7;2;SHZC;2;Twangiza Main;MAIN;31|32;;;
433F4FB3;1;BXP;2;Butte Highlands;MAIN;38;;;
433F4FB3;2;LTC;2;Butte Highlands;MAIN;38;;;
433F4FB3;3;SOF;2;Butte Highlands;MAIN;38;;;
39B14617;1;CSF;1;Kearney and Joshua vein systems;MAIN;49;;;
39B14617;2;THR;1;Kearney and Joshua vein systems;MAIN;45|46|48;;;
39B14617;3;SHZC;1;Kearney and Joshua vein systems;MAIN;48;;;
39B14617;5;SOF;2;Kearney and Joshua vein systems;MAIN;52;;;
44671CF4;1;SHZC;1;West Zone;MAIN;28|29|43;;;
44464205;1;CSF;1;New Liberty;MAIN;50;;;
44464205;2;SHZC;2;New Liberty;MAIN;57|64;;;
44464205;3;THR;2;New Liberty;MAIN;57;;;
44645AE1;1;SHZC;1;F2;MAIN;43;;;
44645AE1;2;SHZC;2;F2;MAIN;45|46;;;
44734636;1;SHZC;2;Big Hurrah;MAIN;29|30;;;
449D2B76;1;CSF;1;Duquesne West;MAIN;65;200000.0;;extent:bounded
449D2B76;2;SOF;2;Duquesne West;MAIN;66;;;
449D2B76;3;LTC;2;Duquesne West;MAIN;66;;;
44B07C36;1;SHZC;1;A8 3200 vein system;MAIN;35;60000.0;;extent:bounded
44B07C36;2;SOF;2;A8 3200 vein system;MAIN;37;;;
44B84233;1;SHZC;1;Wenot;MAIN;75|81;;;
44B84233;2;SOF;2;Wenot;MAIN;81;5000.0;;
44B84233;3;ENE;3;Wenot;MAIN;81;;;
45A25C9E;1;SOF;2;Peninsula;MAIN;30|37;;;
45D5398B;1;SHZC;2;Lac Pelletier Gold Zones;MAIN;27|28|29;;;
461BC7FE;2;JOG;2;TR-UE Vein System;MAIN;63|66|72;3000.0;;
4658EFA7;1;SHZC;1;Goldlund Deposit;MAIN;45|52;;;
4659B4DE;1;SOF;2;Galaxy Orebody;MAIN;73;;;
462243E7;1;CSF;1;Sigma-Lamaque;MAIN;95;200000.0;;extent:bounded
462243E7;2;SOF;2;Sigma-Lamaque;MAIN;95;5500.0;;extent:range_mean
462243E7;3;SOF;3;Sigma-Lamaque;MAIN;95;1000.0;;
46829863;1;CSF;1;Kabaya;MAIN;36|41;;;
46829863;2;SOF;2;Kabaya;MAIN;36|39|40|41;;;
467154B4;1;CSF;1;Fayolle deposit;MAIN;29|33|37;450000.0;;extent:bounded
467154B4;2;SOF;2;Fayolle deposit;MAIN;33;;;
46AA2282;1;SHZC;2;Kobada;MAIN;21|22|23;;;
46AA2282;2;THR;2;Kobada;MAIN;22;;;
472E4DAE;1;SHZC;2;Napoleon;MAIN;42;6440.0;;extent:bounded
472E4DAE;2;CSF;1;Napoleon;MAIN;38|42;;;
4803D5C0;1;SSF;1;ACMA-Lewis;MAIN;48;;;
4803D5C0;2;SOF;2;ACMA-Lewis;MAIN;48;;;
4803D5C0;3;THR;2;ACMA-Lewis;MAIN;55;;;
486DB1EF;1;SHZC;1;Penman Vein;MAIN;15|16;42500.0;;extent:range_mean
486DB1EF;3;SOF;2;Penman Vein;MAIN;16;;;
486A1A8B;1;SSF;1;Money Knob;MAIN;16;;;
486A1A8B;2;THR;2;Money Knob;MAIN;18;;;
48727141;2;SOF;2;West End Deposit;MAIN;29|34|35;;;
48727141;3;JOG;2;West End Deposit;MAIN;34;;;
48765079;1;SHZC;1;Savkino;MAIN;23;;;
48765079;2;THR;2;Savkino;MAIN;23|24;;;
48765079;3;FLD;2;Savkino;MAIN;24;;;
489DD9BE;1;SHZC;1;Tiriganiaq;MAIN;38;3000.0;;extent:approx_magnitude
489DD9BE;2;SOF;2;Tiriganiaq;MAIN;38;;;
49F3D6C3;1;GSC;1;Anumso;MAIN;34;;;
49F3D6C3;2;FLD;2;Anumso;MAIN;33;;;
48C76AE7;1;SOF;2;Upper Canada;MAIN;32;;;
48C76AE7;2;SHZC;1;Upper Canada;MAIN;29|32;;;
491496E5;2;JOG;2;Bayan Khundii;MAIN;41;;;
49A5620F;1;SHZC;2;Surluga;MAIN;67;3200.0;;
49A5620F;3;CSF;1;Surluga;MAIN;61;;;
49A5620F;4;ENE;3;Surluga;MAIN;66|70;;;
49F938DE;1;BMF;1;Beatons Creek;MAIN;44;;;
4A0070E3;1;SHZC;1;Seabee;MAIN;28;;;
4A0070E3;2;SOF;2;Seabee;MAIN;28;;;
4A5902D2;1;SHZC;2;Ndablama;MAIN;25;5000.0;;extent:bounded
4A5E0712;1;THR;1;Ana Paula;MAIN;77;;;
4A5E0712;3;LTC;2;Ana Paula;MAIN;80|91;;;
4AA854DA;1;SHZC;1;Tabakoto;MAIN;49|52;;;
4AA854DA;2;FLD;2;Tabakoto;MAIN;54;;;
4AA854DA;3;INT;2;Tabakoto;MAIN;54;;;
4ACFEB12;1;SSF;2;Bigar Hill;MAIN;35|36;;;
4ACFEB12;2;NRM;2;Bigar Hill;MAIN;49|51;;;
4ADA2DD3;1;SHZC;2;DAC Deposit;MAIN;58;;;
4ADA2DD3;2;FLD;2;DAC Deposit;MAIN;60;;;
4ADA2DD3;3;CSF;1;DAC Deposit;MAIN;54|64;;;
4ADB686A;1;SHZC;2;Main Zone;MAIN;27;4000.0;;
4ADC15B3;1;SHZC;2;Sam Otto;MAIN;59;;;
4ADC15B3;2;INT;3;Sam Otto;MAIN;59;;;
4B2AC66A;1;THR;1;João Neves;MAIN;21|24;;;
4B2AC66A;2;THR;2;João Neves;MAIN;21|24;;;
4B2AC66A;3;FLD;2;João Neves;MAIN;21|24;;;
4B2AC66A;4;JOG;2;João Neves;MAIN;21;;;
4B442F77;1;SOF;2;Croinor;MAIN;68|71;;;
4BD59709;1;CSF;1;Leahy Property;MAIN;10|27|28;;;
4BD59709;2;SOF;2;Leahy Property;MAIN;28;;;
4BB2238D;1;SSF;1;Taurus;MAIN;55|56;;;
4BB2238D;2;SOF;2;Taurus;MAIN;56|57;;;
4BB2238D;3;ENE;3;Taurus;MAIN;56|57;;;
4B551F33;1;SOF;2;Tiba;MAIN;37;;;
4B551F33;2;LTC;2;Tiba;MAIN;37|40;;;
4B551F33;3;SHZC;2;Tiba;MAIN;45|46;;;
4BAAA14A;1;SOF;2;Boin Zone;MAIN;41|42;;;
4BAAA14A;2;SHZC;1;Boin Zone;MAIN;38;40000.0;;
4C02412F;1;SHZC;1;Gladiator Gold Deposit;MAIN;61;;;
4C02412F;2;JOG;2;Gladiator Gold Deposit;MAIN;96;;;
4C02412F;3;ENE;3;Gladiator Gold Deposit;MAIN;62;;;
4C9F1D58;1;CSF;1;New Liberty;MAIN;32;;;
4C9F1D58;2;SHZC;2;New Liberty;MAIN;33|36;;;
4C9F1D58;3;THR;2;New Liberty;MAIN;36;;;
4C9F1D58;4;INT;2;New Liberty;MAIN;40;;;
4C9F1D58;5;SOF;2;New Liberty;MAIN;33|40;;;
4C03F531;1;SHZC;1;Chirano;MAIN;47|50;;;
4C03F531;2;JOG;2;Chirano;MAIN;47;;;
4D300284;1;SOF;2;Guiro;MAIN;31|32;;;
4D371C61;1;CSF;1;Buckreef;MAIN;47;;;
4D371C61;2;SHZC;2;Buckreef;MAIN;49;8000.0;;
4D37D7F2;1;CSF;1;Canadian Malartic deposit;MAIN;33|34;;;
4D37D7F2;2;SHZC;2;Canadian Malartic deposit;MAIN;34|37;;;
4D37D7F2;3;SHZC;2;Canadian Malartic deposit;MAIN;34;;;
4E33B29F;1;FLD;2;A1 Zone;MAIN;20|24;;;
4E33B29F;2;THR;2;A1 Zone;MAIN;20;;;
4DA69315;1;CSF;1;Tocantinzinho;MAIN;33|35;;;
4DA69315;2;SOF;2;Tocantinzinho;MAIN;35;;;
4DA69315;3;SSF;3;Tocantinzinho;MAIN;35;;;
4DE69D51;1;SHZC;2;Lacoma;MAIN;32|34|35;;;
4DE69D51;2;INT;2;Lacoma;MAIN;35;;;
4DE69D51;3;FLD;2;Lacoma;MAIN;35;;;
4DE69D51;4;SHZC;1;Lacoma;MAIN;35|36;;;
4E90FB64;1;CSF;1;Pine Tree-Josephine;MAIN;33|35;193120.8;;
4E90FB64;2;TRP;1;Pine Tree-Josephine;MAIN;33;;;
4E90FB64;3;JOG;2;Pine Tree-Josephine;MAIN;36;;;
4EDAE032;1;LTC;2;Tamakay;MAIN;33;;;
4F2F493A;1;TRP;1;Buracão;MAIN;29|41;;;
4F2F493A;2;FLD;2;Buracão;MAIN;31;;;
4F2F493A;3;SSF;2;Buracão;MAIN;31;;;
4F2F493A;4;INT;2;Buracão;MAIN;33;;;
4F2F493A;5;ENE;3;Buracão;MAIN;41;;;
4F4DFAF5;1;CSF;1;FT deposit;MAIN;16|19|20;;;
4F60D5E9;1;THR;2;Posse Deposit;MAIN;22;;;
4F60D5E9;2;SHZC;2;Posse Deposit;MAIN;22;;;
4F60D5E9;3;JOG;2;Posse Deposit;MAIN;22;;;
4F60D5E9;4;MYLC;2;Posse Deposit;MAIN;22;;;
4F6C8837;1;SOF;2;Ndablama;MAIN;28;5000.0;;
4F7A95D2;1;SSF;1;Segilola;MAIN;36;200000.0;;extent:bounded
4F7A95D2;2;SHZC;2;Segilola;MAIN;40|44;;;
4F7A95D2;4;SSF;2;Segilola;MAIN;44;;;
4FBFD962;1;SHZC;1;Fazenda Brasileiro Mine;MAIN;42;10000.0;;
4F8EA52E;1;THR;1;Cariboo Gold Project;MAIN;67|88;;;
4F8EA52E;2;SSF;2;Cariboo Gold Project;MAIN;88;;;
4F8EA52E;3;FLD;2;Cariboo Gold Project;MAIN;89;;;
4FA5858E;1;CSF;1;Selinsing;MAIN;34;;;
4FA5858E;2;MYLC;2;Selinsing;MAIN;36;;;
4FA5858E;3;ENE;3;Selinsing;MAIN;38;;;
4FC0C955;1;TRP;2;C1;MAIN;65;20000.0;;extent:bounded
4FC0C955;2;LFT;2;C1;MAIN;65|72;20000.0;;extent:bounded
4FDA705C;1;TRP;2;Increible 6;MAIN;18;;;
4FF8E18B;1;CSF;1;Hosco;MAIN;78|97;200000.0;;
4FF0260A;1;SHZC;2;Paredones Amarillos;MAIN;40;6000.0;;
4FF0260A;3;CSF;1;Paredones Amarillos;MAIN;39;;;extent:unparseable
4FF0260A;4;SOF;3;Paredones Amarillos;MAIN;43;;;
50BB75A6;1;SHZC;1;Sunace;MAIN;53;;;
50BB75A6;2;SSF;1;Sunace;MAIN;53;;;
50BB75A6;3;THR;2;Sunace;MAIN;54;;;
50BB75A6;4;FLD;2;Sunace;MAIN;54;;;
50BB75A6;5;ENE;3;Sunace;MAIN;55;;;
50C75552;1;SSF;1;Segilola;MAIN;41;200000.0;;extent:bounded
50C75552;2;SHZC;2;Segilola;MAIN;48;;;
50C75552;3;SSF;2;Segilola;MAIN;48;;;
50F7D718;1;SHZC;1;SREP;MAIN;44;;;
50F7D718;2;SOF;2;SREP;MAIN;44;;;
50F7D718;3;INT;2;SREP;MAIN;44;;;
50F7D718;4;FLD;2;SREP;MAIN;44;;;
50E3E689;1;SHZC;1;Three Bluffs;MAIN;53;;;
50E3E689;2;SOF;2;Three Bluffs;MAIN;53;;;
510C8A7F;1;CSF;1;Stadacona-Est;MAIN;13|16;;;extent:unparseable
510C8A7F;2;SOF;2;Stadacona-Est;MAIN;16|17|18;;;
5134DB4C;1;CSF;1;Marathon;MAIN;82|84;;250.0;distance:bounded
5134DB4C;2;SOF;2;Marathon;MAIN;83;;;
5134DB4C;3;SOF;3;Marathon;MAIN;83|86;;;
5134DB4C;4;ENE;3;Marathon;MAIN;83|95;;;
5146BBA0;1;SHZC;1;Youga Gold Deposits;MAIN;32;100000.0;;extent:bounded
5199CD81;1;SHZC;2;Alpha;MAIN;24;;;
5199CD81;2;INT;2;Alpha;MAIN;24;;;
5199CD81;3;SHZC;1;Alpha;MAIN;23;;;
51886858;1;BMF;1;Assafou;MAIN;125;12000.0;;
51886858;2;FLW;1;Assafou;MAIN;126;12000.0;;
51886858;3;SOF;2;Assafou;MAIN;126;;;
519E09AE;2;SHZC;1;AccelRate Property;MAIN;51;;;
51BFB0C5;1;ENE;2;Croinor deposit;MAIN;22|23;;;
51BFB0C5;2;SHZC;1;Croinor deposit;MAIN;21;;2000.0;
51A64678;1;CSF;1;Tuzon;MAIN;97|100|108;;1000.0;
51A64678;2;SOF;2;Tuzon;MAIN;100;;;
51A64678;3;MYLC;2;Tuzon;MAIN;108;;;
51BE8C2A;1;CSF;1;Brewery Creek;MAIN;53;450000.0;;extent:bounded
51BE8C2A;2;THR;1;Brewery Creek;MAIN;53;;;
51BE8C2A;3;THR;2;Brewery Creek;MAIN;61;;;
51BE8C2A;4;SSF;2;Brewery Creek;MAIN;61|62;;;
51BE8C2A;5;NRM;3;Brewery Creek;MAIN;62;;;
51EC133C;1;SHZC;1;Malikoundi;MAIN;42|44|58;;;
51EC133C;2;THR;2;Malikoundi;MAIN;50;;;
51EC133C;3;SOF;2;Malikoundi;MAIN;46;;;
520E75E1;1;SHZC;1;Magino Mine;MAIN;77|78;;;
520E75E1;2;SOF;2;Magino Mine;MAIN;72;;;
520226E2;1;CSF;1;Lamaque Mine;MAIN;37;200000.0;;extent:bounded
520226E2;2;SOF;2;Lamaque Mine;MAIN;37;5500.0;;extent:range_mean
520226E2;3;SOF;3;Lamaque Mine;MAIN;37;1000.0;;
520226E2;4;THR;2;Lamaque Mine;MAIN;51;;;
520226E2;5;ENE;3;Lamaque Mine;MAIN;51|56;;;
52337385;1;CSF;1;Duquesne Mine;MAIN;39|45;200000.0;;extent:bounded
52337385;2;SOF;2;Duquesne Mine;MAIN;45;;;
52337385;3;INT;2;Duquesne Mine;MAIN;49|50;;;
52AE5621;1;SHZC;2;Marban;MAIN;55|69;;;
527BDF27;1;CSF;1;Kao;MAIN;51;;;
52B6DA76;1;THR;1;Awak Mas;MAIN;41|42;;;
52B6DA76;2;SHZC;2;Awak Mas;MAIN;45;;;
52B6DA76;3;SOF;2;Awak Mas;MAIN;45;;;
52EDBF27;1;SHZC;1;Douay West;MAIN;34|35;;;
52EDBF27;2;SOF;2;Douay West;MAIN;37|39;;17.5;distance:range_mean
5318FA58;1;SOF;2;Flood Zone;MAIN;37|38;;;
5318FA58;2;ENE;3;Flood Zone;MAIN;36|37|38;;;
53316880;1;SHZC;1;Dormaa;MAIN;32|33;;;
534C99A3;1;FLD;2;Agbaou;MAIN;31;;;
534C99A3;2;SHZC;1;Agbaou;MAIN;28|31;;;
53CBD8B4;1;SHZC;1;Macraes;MAIN;54|56;30000.0;;extent:bounded
53CBD8B4;2;NRM;2;Macraes;MAIN;56;;;
53CBD8B4;3;SHZC;2;Macraes;MAIN;56;;;
53EEA937;1;SHZC;1;Fazenda Brasileiro;MAIN;46;10000.0;;
53EEA937;2;FLD;2;Fazenda Brasileiro;MAIN;50;;;
5349073B;1;THR;1;Kiniero Deposits;MAIN;80;60000.0;;
5349073B;2;CSF;1;Kiniero Deposits;MAIN;86;;;
5349073B;3;SHZC;1;Kiniero Deposits;MAIN;103;;;
53F73656;1;FLD;1;Touquoy;MAIN;86|90;47000.0;;extent:bounded
53F73656;4;LTC;2;Touquoy;MAIN;91;;;
5435D022;1;SOF;2;Twangiza Main;MAIN;44|45;;;
54BFD40A;1;CSF;1;La Golondrina;MAIN;33;;;
54BFD40A;2;DOM;2;La Golondrina;MAIN;33;;;
5578E4A8;1;SHZC;1;Rowan Vein System;MAIN;31;;;
5578E4A8;2;ENE;3;Rowan Vein System;MAIN;32;;;
552EE81D;1;DET;1;Gameta;MAIN;20|22|26|27;;;
552EE81D;2;BMF;1;Gameta;MAIN;20;;;
55784CBD;1;SHZC;1;Kimoukro;MAIN;52|54|55;;;
55784CBD;2;SOF;2;Kimoukro;MAIN;55|66;;;
55784CBD;3;MYLC;2;Kimoukro;MAIN;65|125;300.0;;extent:approx_magnitude
55784CBD;4;LTC;2;Kimoukro;MAIN;55|58|65|128;;;
558671B0;1;SHZC;2;Marban;MAIN;91|92|95;;;
558671B0;3;SHZC;3;Marban;MAIN;96;;;
55A985E0;1;SHZC;1;Durba;MAIN;54|65;8000.0;;
55F3C33D;2;INT;2;Jethro Structure gold resource;MAIN;17;;;
55D4B278;1;FLD;2;Castelo de Sonhos;MAIN;66|67;;;
563EE2C4;1;FLD;1;Frasergold Zone;MAIN;27|32;;;
563EE2C4;2;SHZC;2;Frasergold Zone;MAIN;27|29|32;;;
560CDFD2;1;SHZC;1;Vickers;MAIN;47|55;;;
560CDFD2;2;INC;2;Vickers;MAIN;56|57;;;
56DD90DC;1;THR;2;Venice Mine;MAIN;22|23;;;
56DD90DC;2;CSF;1;Venice Mine;MAIN;21;;;
56780E26;1;SHZC;1;Turmalina deposit;MAIN;50;;;
56780E26;2;TRP;1;Turmalina deposit;MAIN;58;;;
56D3BF0A;1;SSF;1;Resurrection Ridge;MAIN;29|30;16093.4;;extent:bounded
56D3BF0A;3;INT;2;Resurrection Ridge;MAIN;8|29|30;;;
5656D941;1;SHZC;1;Central Ashanti Gold Project;MAIN;39;;;
5656D941;2;SOF;2;Central Ashanti Gold Project;MAIN;42|45;;;
56E89552;1;THR;2;Yaouré;MAIN;65;1200.0;;
56E89552;2;THR;2;Yaouré;MAIN;65|66;;;
56E89552;3;SSF;2;Yaouré;MAIN;65|66;;;
573048C7;1;SHZC;1;Blanket Mine;MAIN;52;2000.0;;extent:bounded
573048C7;2;SHZC;2;Blanket Mine;MAIN;53;;;
573048C7;3;SSF;2;Blanket Mine;MAIN;55|61;;;
573048C7;4;ENE;3;Blanket Mine;MAIN;58|66;;;
57338B7C;1;FLD;1;Main Mercur;MAIN;76|77|80;;;
57430F77;1;SHZC;1;Haile;MAIN;28;;;
57430F77;2;SHZC;2;Haile;MAIN;28|33;;;
5794CE78;1;SHZC;1;Samira Hill Mine;MAIN;25|29|35;;;
57B797C1;1;CSF;1;Lone Star;MAIN;75;;;
57B797C1;2;THR;2;Lone Star;MAIN;75;;;
57B797C1;3;TRP;2;Lone Star;MAIN;55|56;;;
57B797C1;4;TRT;2;Lone Star;MAIN;56|62;;;
576924E6;1;SSF;1;Obuasi;MAIN;35;300000.0;;
576924E6;2;SHZC;2;Obuasi;MAIN;37;8000.0;;
576924E6;3;SOF;2;Obuasi;MAIN;37|38;;;
576924E6;4;LTC;2;Obuasi;MAIN;37|45;;;
58447449;1;THR;1;KCD;MAIN;74|76|91;60000.0;;
58447449;2;SSF;2;KCD;MAIN;86;;;
58447449;3;SHZC;2;KCD;MAIN;86;;;
5860A5DD;1;CSF;1;Dorozhni;MAIN;14|15;;;
5872B8D6;1;SHZC;1;Erickson Ridge;MAIN;35|37;45000.0;;extent:bounded
5872B8D6;2;SOF;2;Erickson Ridge;MAIN;35|46;;;
59065AC5;1;SHZC;1;Discovery;MAIN;35|40;;;
59065AC5;2;FLD;2;Discovery;MAIN;35|37|40;;;
596BC2FF;1;SHZC;2;Raven;MAIN;33|35;;;
596BC2FF;2;NRM;2;Raven;MAIN;47;;;
596DB7FF;1;SHZC;2;Bomboré;MAIN;44;20000.0;;
596DB7FF;2;SHZC;1;Bomboré;MAIN;44;;;
59F73E9C;1;FLD;1;Mooseland;MAIN;26|28;;;
59F73E9C;2;SSF;1;Mooseland;MAIN;26|29|31;;;
5A28BCD8;1;CSF;1;Hammerdown;MAIN;64;;;
5A28BCD8;2;SHZC;2;Hammerdown;MAIN;66|68;1800.0;;
5A28BCD8;3;NRM;2;Hammerdown;MAIN;68;;;
5A28BCD8;4;SSF;2;Hammerdown;MAIN;68;;;
5A28BCD8;5;THR;2;Hammerdown;MAIN;68;;;
5A2ADB42;1;THR;1;Tasiast;MAIN;47;10000.0;;
5A2ADB42;2;SOF;2;Tasiast;MAIN;47;;;
5A4E5E23;1;CSF;1;San Francisco;MAIN;61;;;
5A4E5E23;2;SHZC;2;San Francisco;MAIN;63;;;
5A88D39D;1;CSF;1;San Francisco;MAIN;66;;;
5A88D39D;2;SOF;2;San Francisco;MAIN;71;;;
5AD51C12;1;SOF;2;Nogbele;MAIN;75|86;1000.0;;extent:bounded
5AD5C39D;1;SHZC;2;Hazeur sill;MAIN;22;;;
5AD5C39D;2;FLD;2;Hazeur sill;MAIN;22;;;
5AC8F516;1;SHZC;1;Tiriganiaq Deposit;MAIN;27;3000.0;;extent:approx_magnitude
5AC8F516;2;SOF;2;Tiriganiaq Deposit;MAIN;34;;;
5AC8F516;3;DET;2;Tiriganiaq Deposit;MAIN;33;;;
5AC8F516;4;LFT;2;Tiriganiaq Deposit;MAIN;33|39;;;
5B354157;1;SHZC;1;Haute Mana;MAIN;31|37|38;25000.0;;
5B354157;2;SOF;2;Haute Mana;MAIN;31;;;
5B354157;3;ENE;3;Haute Mana;MAIN;31;;;
5B354157;4;INT;2;Haute Mana;MAIN;33;;;
5B14239B;1;SHZC;2;Orfée East;MAIN;10|11|13;;;
5B14239B;2;FLD;2;Orfée East;MAIN;12;;;
5B4B0A1D;1;SHZC;1;Blanket Mine;MAIN;40|41;18000.0;;
5B4B0A1D;2;SHZC;2;Blanket Mine;MAIN;41|43|44|45;;;
5BC24E80;1;THR;1;Wassa Mine;MAIN;44;;;
5BC24E80;2;SHZC;1;Wassa Mine;MAIN;44;;;
5BC24E80;3;FLD;2;Wassa Mine;MAIN;48|50|51;;;
5B6BF67F;1;THR;1;Gabel Prospect;MAIN;8;;;
5B6BF67F;3;INT;2;Gabel Prospect;MAIN;8;;;
5C2FAFC4;1;SHZC;1;Barry deposit;MAIN;61;;;
5AC109AF;1;SHZC;1;Vezza;MAIN;44|46;150000.0;;extent:bounded
5AC109AF;2;LTC;2;Vezza;MAIN;46|51;;;
5CBF0D41;1;SOF;2;Elder;MAIN;17|50;;;
5CB16A9D;1;CSF;1;Glenfine Project;MAIN;36;30000.0;;
5CB16A9D;2;SOF;2;Glenfine Project;MAIN;41;;;
5CB16A9D;3;SSF;2;Glenfine Project;MAIN;38|42;;;
5CB16A9D;4;THR;2;Glenfine Project;MAIN;41;;;
5C5725C5;1;FLD;2;Tabakoto;MAIN;64;;;
5C5725C5;2;INT;2;Tabakoto;MAIN;65;15000.0;;
5CA2EE7C;1;SHZC;1;Kibi Project (Zones 1-3);MAIN;72|75;;;
5CA2EE7C;2;SOF;2;Kibi Project (Zones 1-3);MAIN;74|75;;;
5CA2EE7C;3;SHZC;2;Kibi Project (Zones 1-3);MAIN;96|105;;;
5CA2EE7C;4;LTC;2;Kibi Project (Zones 1-3);MAIN;75;;;
5CF76CF1;1;SHZC;1;Mount Jamie;MAIN;28;;;
5D0AA989;1;SOF;2;Lookout Mountain;MAIN;38;5632.7;;extent:bounded
5D0AA989;2;INT;3;Lookout Mountain;MAIN;38|46;;;
5D0AA989;3;THR;2;Lookout Mountain;MAIN;38|42|46;;;
5D0AA989;4;SSF;N/A;Lookout Mountain;MAIN;38;;;
5D12B24F;1;SOF;2;Mckenzie Break;MAIN;27;;;
5D7E3610;1;SHZC;1;Vindaloo;MAIN;46;;;
5D6F749D;1;CSF;1;Duparquet deposit;MAIN;174|175|199;200000.0;;
5D6F749D;2;SOF;2;Duparquet deposit;MAIN;175|179;;;
5D89B1BF;1;SHZC;1;Last Hope Deposit;MAIN;19;44000.0;;
5E1AD8D5;1;BMF;2;Wind Mountain;MAIN;36|40|46;2011.7;;distance:unparseable
5E1AD8D5;2;BXP;2;Wind Mountain;MAIN;36|40;1005.8;;
5ED743CB;1;FLD;2;PEN zone;MAIN;16;;;
5ECCA30D;1;THR;1;Dolphin;MAIN;60|63;;;
5ECCA30D;3;SOF;2;Dolphin;MAIN;60|63;;;
5ECCA30D;4;THR;2;Dolphin;MAIN;60|64;;;
5ECCA30D;5;INT;2;Dolphin;MAIN;67;;;
5EE3D8D5;1;SSF;1;Tonopah;MAIN;34;;;
5EE3D8D5;2;TRP;1;Tonopah;MAIN;36|40;;;
5EE3D8D5;3;ENE;3;Tonopah;MAIN;40;;;
5EE3D8D5;4;SSF;2;Tonopah;MAIN;40;;;
5EECCA5D;1;SHZC;1;Conrad;MAIN;33;16000.0;;extent:bounded
5EECCA5D;2;SSF;2;Conrad;MAIN;34;;;
5EECCA5D;3;SOF;2;Conrad;MAIN;34|39;;;
5F330DE2;1;FLD;1;Chinese 1, 2, 3;MAIN;21;30000.0;;
5F330DE2;2;SHZC;2;Chinese 1, 2, 3;MAIN;23;;;
5EF5A67B;1;SOF;2;Curraghinalt;MAIN;85|87;;;
5EF5A67B;2;SHZC;2;Curraghinalt;MAIN;85;;;
5EF5A67B;4;THR;3;Curraghinalt;MAIN;85;;;
5EF5A67B;5;THR;1;Curraghinalt;MAIN;78|79|82;;;
5F6DA05D;1;LTC;2;Ushirombo Gold Corridor;MAIN;58;;;
5FEB5964;1;THR;2;Akyanga;MAIN;50|52;;;
5FEB5964;2;SSF;2;Akyanga;MAIN;50;;;
5FEB5964;3;SHZC;2;Akyanga;MAIN;51;;;
5FEB5964;4;JOG;3;Akyanga;MAIN;51;;;
5FD37BC6;1;THR;1;Frasergold;MAIN;36;;;
5FD37BC6;2;SHZC;2;Frasergold;MAIN;36;;;
6099012B;1;FLD;2;Belvedere Mine;MAIN;49;;;
6099012B;2;SHZC;2;Belvedere Mine;MAIN;51;;;
618807F8;1;SHZC;2;Volta Grande;MAIN;71|81;;;
618807F8;2;INT;2;Volta Grande;MAIN;75;;;
61D3056B;1;SSF;1;Kekoro;MAIN;20|43;;;
61D3056B;2;FLD;2;Kekoro;MAIN;44;;;
61F2DB6B;1;FLD;2;Glen Hume;MAIN;41;;;
61F2DB6B;2;LTC;2;Glen Hume;MAIN;41;;;
622578A0;1;SHZC;1;Herbert Gold Project;MAIN;20|23|24;;;
621D6369;1;CSF;1;Granada;MAIN;61;;;
621D6369;2;SHZC;2;Granada;MAIN;61;;;
621D6369;3;SOF;2;Granada;MAIN;61|63;;;
625E0AE9;1;SHZC;1;Boin Zone;MAIN;35;40000.0;;
625E0AE9;2;SOF;2;Boin Zone;MAIN;38|39;11000.0;;
62343AA5;1;SOF;2;Grey Fox;MAIN;93|97;4500.0;;extent:bounded|extent:range_mean
62343AA5;2;THR;2;Grey Fox;MAIN;107;;;
62C69989;1;CSF;1;São Jorge;MAIN;61;450000.0;;
62C69989;2;MYLC;2;São Jorge;MAIN;71;2.5;;extent:range_mean
6392CC6F;1;SHZC;2;Marban;MAIN;48|50|51;;;
6379C4D5;1;SHZC;1;Hemlo deposit;MAIN;58|61;;;
6379C4D5;2;JOG;2;Hemlo deposit;MAIN;58|61;;;
6379C4D5;3;MYLC;2;Hemlo deposit;MAIN;61;;;
6379C4D5;4;TRP;1;Hemlo deposit;MAIN;61;;;
63F95F9C;1;LTC;2;Long Canyon;MAIN;46|59;;;
63CC23C1;1;THR;2;Robertson;MAIN;72;;;
63CC23C1;3;FLD;2;Robertson;MAIN;73|74;;;
6401842D;1;CSF;1;Segala-Ouest artisanal workings;MAIN;56;;;
642C85B9;1;THR;1;New Britannia Mine;MAIN;83|87;;;
642C85B9;2;SHZC;2;New Britannia Mine;MAIN;83;;;
642C85B9;3;JOG;3;New Britannia Mine;MAIN;83;;;
64EE5B85;1;CSF;1;Duquesne-Ottoman Property;MAIN;28;;;
64EE5B85;2;SSF;2;Duquesne-Ottoman Property;MAIN;31;;;
64EE5B85;3;SHZC;2;Duquesne-Ottoman Property;MAIN;31;;;
64EE5B85;4;SOF;2;Duquesne-Ottoman Property;MAIN;31;;;
64CFFC82;1;CSF;1;Ängesneva;MAIN;70|77|80;100000.0;;extent:bounded
64CFFC82;2;SOF;2;Ängesneva;MAIN;77|80;;;
6491D10E;1;SHZC;1;Geita Mine;MAIN;46;;;
6491D10E;2;THR;1;Geita Mine;MAIN;46|59;;;
6491D10E;3;ENE;3;Geita Mine;MAIN;47|49|72;;;
6491D10E;4;LTC;2;Geita Mine;MAIN;46|47|49|54|60|68|70|72|73|75|78;;;
6491D10E;5;FLD;2;Geita Mine;MAIN;46|49|53|54|57|60|61|64|65|66|67|68|70|72|73|75|77;;;
652EDC48;1;CSF;1;Chimo Mine;MAIN;32|33|42|46;;;
652EDC48;2;SOF;2;Chimo Mine;MAIN;34;;;
652EDC48;3;SHZC;2;Chimo Mine;MAIN;40|46;;;
652EDC48;4;INT;2;Chimo Mine;MAIN;49;;;
65550427;1;CSF;1;Mankarga;MAIN;35|36|38;;;
65550427;2;MYLC;2;Mankarga;MAIN;37;;;
65550427;3;INT;2;Mankarga;MAIN;37;;;
6602978C;1;THR;2;Gold Rock;MAIN;37|44;;;
6602978C;2;FLD;2;Gold Rock;MAIN;37|41|44;;;
6602978C;3;INT;2;Gold Rock;MAIN;35;;;
65F7031F;1;SHZC;2;Sugar Zone;MAIN;14;3500.0;;extent:bounded
660EB2E0;1;SHZC;1;Tiriganiaq;MAIN;21;3000.0;;extent:approx_magnitude
660EB2E0;2;SHZC;2;Tiriganiaq;MAIN;22|24;;;
660EB2E0;3;THR;2;Tiriganiaq;MAIN;22;;;
660EB2E0;4;LFT;2;Tiriganiaq;MAIN;22;;;
660EB2E0;5;SOF;2;Tiriganiaq;MAIN;23|24;;;
666A8409;1;FLD;2;Tabakoto;MAIN;82|85;;;
666A8409;2;INT;2;Tabakoto;MAIN;83|86;;;
666A8409;3;INT;3;Tabakoto;MAIN;83;;;
6704FD5F;1;SHZC;1;Martinière;MAIN;16|18|23;100000.0;3000.0;extent:bounded|distance:approx_magnitude
6704FD5F;2;SHZC;2;Martinière;MAIN;23;;;
6704FD5F;3;SHZC;2;Martinière;MAIN;23;400.0;;extent:bounded
6704FD5F;4;SHZC;3;Martinière;MAIN;26;;;
666F9FD0;1;LFT;1;Bayan Khundii;MAIN;28;;;
666F9FD0;2;THR;1;Bayan Khundii;MAIN;28;;;
67109CC9;1;SSF;1;Property Veins;MAIN;64|67;;2000.0;
67109CC9;2;SSF;1;Property Veins;MAIN;64;;;
67109CC9;3;JOG;2;Property Veins;MAIN;67|68;;;
6725EE59;1;SHZC;2;Surluga Deposit;MAIN;101|104;5500.0;;
6725EE59;2;SHZC;2;Surluga Deposit;MAIN;107|108;2500.0;350.0;
6725EE59;3;CSF;1;Surluga Deposit;MAIN;92;;;
6725EE59;4;SSF;2;Surluga Deposit;MAIN;114;;;
6739449C;1;TRP;2;North Lake;MAIN;103;;;
6739449C;2;LTC;2;North Lake;MAIN;103;;;
6739449C;3;ENE;3;North Lake;MAIN;99|103;;;
676C4284;1;SHZC;1;Philibert Deposit;MAIN;36;;;
6789ACA5;1;CSF;1;Golden Ridge Deposit;MAIN;31|37|39|40;;;
6789ACA5;2;SOF;2;Golden Ridge Deposit;MAIN;37|39;;;
6860032D;1;SHZC;1;Happy Valley Mine;MAIN;25;;;
6860032D;2;SHZC;2;Happy Valley Mine;MAIN;27;;;
6860032D;3;INT;2;Happy Valley Mine;MAIN;31;;;
678EEECF;1;CSF;1;Black Fox;MAIN;50|52|61;200000.0;;extent:bounded
678EEECF;2;SOF;2;Black Fox;MAIN;61;;;
678EEECF;3;INT;2;Black Fox;MAIN;65;;;
678EEECF;4;JOG;2;Black Fox;MAIN;65;;;
688641CF;1;CSF;1;Ironwood;MAIN;29|30;150000.0;;extent:bounded
68A12C12;1;THR;2;Eureka Project;MAIN;18|23|26;;;
68C45217;1;SOF;2;Haile;MAIN;66;;;
68C45217;2;LTC;2;Haile;MAIN;64|65|66;;;
68C45217;3;FLD;2;Haile;MAIN;66|68;;;
695E073D;1;CSF;1;Clarence Stream North;MAIN;32|36|43;;100.0;distance:bounded
695E073D;2;SHZC;2;Clarence Stream North;MAIN;36|44;;;
69655620;1;LTC;2;Maud Creek deposit;MAIN;11|12|66;;;
69655620;2;SSF;2;Maud Creek deposit;MAIN;12;;;
696F7F76;1;CSF;1;Ironwood;MAIN;29|30;150000.0;;extent:bounded
697812A5;1;SHZC;2;Norlartic and Kierens;MAIN;40|41|43;;;
697812A5;2;FLD;3;Norlartic and Kierens;MAIN;46;;;
69F2C853;1;SSF;1;Tonopah;MAIN;35|37|40;;;
69F2C853;2;SSF;2;Tonopah;MAIN;40;;;
69F2C853;3;ENE;3;Tonopah;MAIN;40|41|42;;;
69FA290E;1;CLD;1;Elena;MAIN;23;40000.0;;extent:bounded
69FA290E;2;INT;2;Elena;MAIN;26;;;
6A06CDBD;1;INC;1;Sukari;MAIN;57;;;
6A06CDBD;2;SOF;2;Sukari;MAIN;57;;;
6A06CDBD;4;THR;1;Sukari;MAIN;49;;;
6A5AF28E;1;CSF;1;North Stock;MAIN;41|44;;;
6A5AF28E;3;INT;2;North Stock;MAIN;48;;;
6A7BE8EF;1;SHZC;2;Jugan;MAIN;107|130;;;
6A3F7761;1;THR;1;Kiniero Gold Project;MAIN;20|109;60000.0;;
6A3F7761;2;SHZC;1;Kiniero Gold Project;MAIN;19|113|119|136;;;
6A3F7761;3;SSF;1;Kiniero Gold Project;MAIN;111|143|152;;;
6A3F7761;4;JOG;2;Kiniero Gold Project;MAIN;114;;;
6AA0DBC8;1;THR;1;Hardrock Project;MAIN;45;;;
6AA0DBC8;2;SHZC;1;Hardrock Project;MAIN;45|46;;;
6AF199F8;1;CSF;1;Canadian Malartic deposit;MAIN;34;;;
6AF199F8;2;SOF;2;Canadian Malartic deposit;MAIN;36|40;;;
6ACDC74E;1;SOF;2;Nogbele;MAIN;82|93;1000.0;;extent:bounded
6ACDC74E;2;SOF;3;Nogbele;MAIN;93;;;
6B259C73;1;CSF;1;AK;MAIN;19|21|33;;500.0;
6B259C73;2;CSF;1;AK;MAIN;19|21|33;;1500.0;
6B259C73;3;SOF;2;AK;MAIN;21|25|33;;;
6B259C73;4;SHZC;2;AK;MAIN;33;;;
6B259C73;5;SSF;2;AK;MAIN;26;;;
6B259C73;6;SOF;3;AK;MAIN;27;;;
6B2169A6;1;SHZC;2;Madsen Deposit;MAIN;59|67;5000.0;;
6B2169A6;2;SOF;2;Madsen Deposit;MAIN;63|75;;;
6B9D203D;1;THR;2;Morro do Ouro;MAIN;41|47;;;
6BD405F8;1;THR;2;MEG Artisanal Workings;MAIN;22;;;
6B821FE0;1;SHZC;1;Kiniero;MAIN;31;;;
6B821FE0;2;DOM;2;Kiniero;MAIN;45;;;
6B2FDE09;1;CSF;1;Kiena Mine;MAIN;132;250000.0;;
6B2FDE09;2;SOF;2;Kiena Mine;MAIN;133|143;;;
6B2FDE09;3;SOF;2;Kiena Mine;MAIN;134|139|141;10000.0;;extent:bounded
6BE8DF66;1;THR;1;Dorado Oeste;MAIN;45;;;
6BE8DF66;2;INT;2;Dorado Oeste;MAIN;45|52;;;
6BE8DF66;3;JOG;2;Dorado Oeste;MAIN;51;;;
6BF5AC4B;1;CSF;1;Black Fox;MAIN;42|53;200000.0;;extent:bounded
6BF5AC4B;2;SHZC;2;Black Fox;MAIN;55;;;
6BF5AC4B;3;INT;2;Black Fox;MAIN;56;;;
6BF5AC4B;4;JOG;2;Black Fox;MAIN;56;;;
6BF9922E;1;CSF;1;Big Pit area;MAIN;35;;;
6BF9922E;2;THR;2;Big Pit area;MAIN;35|37|38;;;
6BF9922E;3;NRM;2;Big Pit area;MAIN;35;;;
6BF9922E;4;DET;2;Big Pit area;MAIN;35;;;
6BFE3777;1;CSF;1;Southern Corridor;MAIN;31|33|40;;;
6BFE3777;2;SOF;2;Southern Corridor;MAIN;33;;;
6BFE3777;3;INT;2;Southern Corridor;MAIN;36;;;
6C5DCEB4;1;BMF;1;Beatons Creek;MAIN;36;;;
6C109EBD;1;SHZC;1;Niaouleni;MAIN;66|69|74;;;
6C109EBD;2;LTC;2;Niaouleni;MAIN;69;;;
6C6300AC;1;CSF;1;Fenelon;MAIN;110|127;;2000.0;
6C6300AC;3;JOG;2;Fenelon;MAIN;115;;;
6C6300AC;4;SHZC;2;Fenelon;MAIN;117|120;;;
6C747B95;1;SHZC;2;Doropo;MAIN;73|84;;;
6CBEAF45;1;SHZC;1;M Zone;MAIN;28;12000.0;;extent:bounded
6CBEAF45;2;LTC;2;M Zone;MAIN;30|34;;;
6C77E8AD;1;SHZC;1;Lac Herbin;MAIN;28;650.0;;extent:range_mean
6C77E8AD;2;SOF;2;Lac Herbin;MAIN;27;2000.0;;
6C77E8AD;3;SOF;2;Lac Herbin;MAIN;27;200.0;;
6C77E8AD;4;SOF;2;Lac Herbin;MAIN;27;2900.0;;extent:bounded
6C77E8AD;5;SOF;2;Lac Herbin;MAIN;27;700.0;;
6C77E8AD;6;SOF;2;Lac Herbin;MAIN;27;450.0;;
6C77E8AD;7;SOF;2;Lac Herbin;MAIN;27;80.0;;
6C77E8AD;8;SOF;2;Lac Herbin;MAIN;27;120.0;;
6C77E8AD;9;SOF;2;Lac Herbin;MAIN;27;380.0;;
6C77E8AD;10;SOF;2;Lac Herbin;MAIN;27;250.0;;
6C77E8AD;11;SOF;2;Lac Herbin;MAIN;27;330.0;;
6C77E8AD;12;SOF;2;Lac Herbin;MAIN;27;1300.0;;
6CD79FAF;1;SHZC;2;DAC Deposit;MAIN;57;;;
6CD79FAF;2;FLD;2;DAC Deposit;MAIN;60|62;;;
6CE77E02;1;TRP;2;North Lake;MAIN;103;;;
6CE77E02;2;ENE;3;North Lake;MAIN;103;;;
6D202926;1;SHZC;1;Magino;MAIN;44|51;1500.0;;extent:range_mean
6D202926;2;SOF;2;Magino;MAIN;47;;;
6D202926;3;SOF;3;Magino;MAIN;47;;;
6D01CD34;1;MYLC;2;Timmins West Mine;MAIN;55|61;;100.0;
6D01CD34;2;MYLC;2;Timmins West Mine;MAIN;56|61|63;;100.0;
6D01CD34;3;THR;3;Timmins West Mine;MAIN;55;;;
6D23B2FB;1;CSF;1;Grey Fox;MAIN;36|44|54;600000.0;;extent:bounded
6D23B2FB;2;LTC;2;Grey Fox;MAIN;48;;;
6D23B2FB;4;SOF;1;Grey Fox;MAIN;45;;;
6D869212;1;LTC;2;Tully Gold Project;MAIN;16;;;
6D869212;2;FLD;2;Tully Gold Project;MAIN;16;;;
6D8B600C;1;THR;1;Vindaloo;MAIN;91;;;
6D8B600C;2;SHZC;1;Vindaloo;MAIN;91;5000.0;3000.0;extent:range_mean|distance:bounded
6D8B600C;3;LTC;2;Vindaloo;MAIN;91;;;
6D96F4DE;1;SHZC;1;Paddy's Flat;MAIN;87|88;;;
6D96F4DE;2;SOF;2;Paddy's Flat;MAIN;87;;;
6D96F4DE;3;THR;2;Paddy's Flat;MAIN;89|100;;;
6D96F4DE;4;SOF;3;Paddy's Flat;MAIN;101;;;
6D96F4DE;5;THR;2;Paddy's Flat;MAIN;102|103;;;
6DA43296;1;SHZC;2;Scottie Gold Mine;MAIN;45|48;;;
6DDBB287;3;DET;2;Butte Highlands;MAIN;30;;;
6DF34354;1;SHZC;2;New Britannia Mine;MAIN;69;;;
6DF34354;2;THR;1;New Britannia Mine;MAIN;69|73;;;
6E38C3DE;2;FLD;2;Baomahun;MAIN;77;;;
6E38C3DE;3;SHZC;2;Baomahun;MAIN;78;;;
6E38C3DE;4;LTC;2;Baomahun;MAIN;78;;;
6F3547BE;1;SHZC;1;C1;MAIN;54;3000.0;;extent:approx_magnitude
6F3547BE;2;THR;1;C1;MAIN;57;20000.0;;extent:bounded
6F3547BE;3;LFT;2;C1;MAIN;57|64;;;
6F3547BE;4;JOG;2;C1;MAIN;57;;;
6F3547BE;5;INT;2;C1;MAIN;65;;;
6F3547BE;6;SSF;1;C1;MAIN;54;;;
6F551C51;1;SHZC;1;Pilar;MAIN;82;60000.0;;extent:bounded
6F551C51;2;THR;1;Pilar;MAIN;82;60000.0;;extent:bounded
6F551C51;3;SHZC;2;Pilar;MAIN;31|85;;;
6F5ECDE7;1;SOF;2;Esaase;MAIN;87|88|90|96;;;
6F7BB91E;1;FLD;2;Wassa;MAIN;63|66;;;
6F9686AF;1;INC;2;Dingman;MAIN;44|48;;;
6F9686AF;2;SOF;2;Dingman;MAIN;44|48;;;
6FC78198;1;SSF;1;Discovery;MAIN;47;42500.0;;extent:bounded|extent:range_mean
6FC78198;2;MYLC;2;Discovery;MAIN;49;5000.0;;extent:bounded
6FD5480A;1;THR;1;Rosebel Property;MAIN;21;;;
6FD5480A;2;THR;2;Rosebel Property;MAIN;23;;;
6FD5480A;3;SOF;2;Rosebel Property;MAIN;24|25;;;
6FD5480A;4;LTC;2;Rosebel Property;MAIN;25|26;;;
6FD5480A;5;SHZC;2;Rosebel Property;MAIN;25;;;
6FD5480A;6;SSF;2;Rosebel Property;MAIN;27;;;
6FF5E69D;1;THR;1;Magdala;MAIN;32|34;;;
6FDC2E91;1;CSF;1;Kiyuk Lake;MAIN;17;2800000.0;;extent:bounded
6FDC2E91;2;THR;1;Kiyuk Lake;MAIN;21;;;
6FDC2E91;4;SOF;2;Kiyuk Lake;MAIN;58;;;
6FDC2E91;5;JOG;2;Kiyuk Lake;MAIN;34;;;
6FDC2E91;6;INT;2;Kiyuk Lake;MAIN;34;;;
7023B205;1;SHZC;1;Haile;MAIN;31;;;
7023B205;2;MYLC;2;Haile;MAIN;24|25;;;
7023B205;3;FLD;2;Haile;MAIN;24;;;
704EB070;1;SHZC;1;Croinor;MAIN;25|27;;2000.0;
704EB070;2;SOF;2;Croinor;MAIN;27|28;;;
70B26ECE;1;CSF;1;Gounkoto;MAIN;18;;;
70B26ECE;2;SOF;2;Gounkoto;MAIN;18;;;
70B26ECE;3;THR;3;Gounkoto;MAIN;18;;;
70B26ECE;4;SHZC;3;Gounkoto;MAIN;18;;;
70B26ECE;5;SHZC;2;Gounkoto;MAIN;20;;;
7104559C;1;CSF;1;Buckreef;MAIN;63;;;
7104559C;2;SHZC;2;Buckreef;MAIN;64;8000.0;;
7030CDA5;1;SHZC;1;North Stock;MAIN;43|49;;;
7030CDA5;2;INT;2;North Stock;MAIN;49;;;
7030CDA5;3;CLD;2;North Stock;MAIN;49;;;
71158618;1;CSF;1;Lincoln-Comet;MAIN;71;;;
71158618;2;SHZC;2;Lincoln-Comet;MAIN;72;;;
71158618;3;INT;2;Lincoln-Comet;MAIN;72|74;;;
71158618;4;LTC;2;Lincoln-Comet;MAIN;72;;;
71665082;1;SHZC;1;Tongon;MAIN;23;;;
71665082;2;SOF;2;Tongon;MAIN;23|24;;;
71665082;3;SHZC;2;Tongon;MAIN;24;;;
7166C010;1;SSF;1;Otjikoto;MAIN;87|99;;;
7166C010;2;THR;1;Otjikoto;MAIN;78|99;;;
7166C010;3;SHZC;2;Otjikoto;MAIN;86|99;;;
71DC7BE1;1;SOF;2;Wolf Mine;MAIN;42|45;1500.0;;
719754FA;1;SHZC;1;Macraes;MAIN;51|52;30000.0;;
719754FA;2;SOF;2;Macraes;MAIN;53;;;
71910876;1;SHZC;1;Seabee Gold Operation;MAIN;41;;;
71910876;2;SHZC;2;Seabee Gold Operation;MAIN;43|47;;;
71910876;3;THR;2;Seabee Gold Operation;MAIN;43;;;
71910876;4;INT;2;Seabee Gold Operation;MAIN;43|50;;;
71910876;5;SOF;3;Seabee Gold Operation;MAIN;47;;;
7204871E;1;DET;2;Kinsley;MAIN;48;;;
7204871E;2;NRM;2;Kinsley;MAIN;48;;;
7204871E;3;SSF;2;Kinsley;MAIN;48;;;
7251E8D6;1;SHZC;1;Nkran;MAIN;96|97;150000.0;;
7251E8D6;2;JOG;2;Nkran;MAIN;97;;;
7251E8D6;3;THR;2;Nkran;MAIN;100;;;
7251E8D6;4;LTC;2;Nkran;MAIN;100;;;
724B99AF;1;CSF;1;New Liberty;MAIN;31;;;
724B99AF;2;SHZC;2;New Liberty;MAIN;33|34|40;;;
724B99AF;3;THR;2;New Liberty;MAIN;37;;;
724B99AF;4;MYLC;2;New Liberty;MAIN;43;;;
724B99AF;5;SOF;2;New Liberty;MAIN;40;;;
72812B37;1;SHZC;1;Fekola;MAIN;77;;;
72812B37;2;SHZC;2;Fekola;MAIN;83;;;
72812B37;3;LTC;2;Fekola;MAIN;82;;;
72887B4B;1;SSF;1;Pony Creek;MAIN;80;;;
72887B4B;2;ENE;2;Pony Creek;MAIN;65|80;;;
72887B4B;3;INT;2;Pony Creek;MAIN;65;;;
72E110A9;1;THR;1;NOA 2;MAIN;41;;;
72E110A9;3;THR;3;NOA 2;MAIN;42;;;
72E110A9;4;SHZC;1;NOA 2;MAIN;40;;;
72EC717B;1;SHZC;2;Gounkoto;MAIN;24|26;;;
72EC717B;2;JOG;2;Gounkoto;MAIN;21;;;
72FE57B6;1;SHZC;1;Bissa Hill;MAIN;22|25|26|27;20000.0;;extent:bounded
72FE57B6;2;LTC;2;Bissa Hill;MAIN;26;;;
73073CD7;1;SHZC;2;Smarts;MAIN;76|81|82|85;4000.0;;
737412AA;1;SHZC;1;Nampala;MAIN;5|62;64000.0;;extent:bounded
737412AA;2;SHZC;2;Nampala;MAIN;6|68;;;
737412AA;3;THR;1;Nampala;MAIN;69;;;
73F53024;1;SHZC;1;Youga;MAIN;73;100000.0;;extent:bounded
73F53024;2;LTC;2;Youga;MAIN;73|76;;;
73F53024;3;SOF;2;Youga;MAIN;76;;;
73A1CF5D;1;SHZC;1;Valentine Gold Project;MAIN;86|87|90;160000.0;;extent:bounded
73A1CF5D;2;LTC;2;Valentine Gold Project;MAIN;90|95;;;
7458F834;1;CSF;1;Croinor;MAIN;25;;;
7458F834;2;SHZC;1;Croinor;MAIN;25|27;;2000.0;
7458F834;3;SOF;2;Croinor;MAIN;27|28;;;
7458F834;4;ENE;3;Croinor;MAIN;28;;;
74128A9D;1;CSF;1;Triangle Zone;MAIN;101|122;;;
74128A9D;2;SOF;2;Triangle Zone;MAIN;122;;;
74128A9D;3;SOF;3;Triangle Zone;MAIN;122;;;
74651CB4;1;SHZC;1;Marban;MAIN;50|52|66;;;
74D64E4E;1;SHZC;1;Hazeur sill;MAIN;17|21;80000.0;;extent:bounded
74D64E4E;2;FLD;2;Hazeur sill;MAIN;21;;;
74E1F665;1;CSF;1;West Timmins Project;MAIN;20;450000.0;;extent:bounded
74E1F665;3;SHZC;3;West Timmins Project;MAIN;23|24;;;
753BA548;1;CSF;1;South Zone;MAIN;23;;;
753BA548;4;FLD;2;South Zone;MAIN;31;;;
754AEF13;1;TRP;1;Dugbe F and Tuzon;MAIN;49|52|55;;500.0;
754AEF13;2;SOF;2;Dugbe F and Tuzon;MAIN;52;;;distance:unparseable
7595F084;1;CSF;1;Parbec;MAIN;12;1300.0;;
7595F084;2;SOF;2;Parbec;MAIN;12;;;
75993931;1;SHZC;2;Eleonore;MAIN;43;10000.0;;extent:bounded
75993931;2;CSF;1;Eleonore;MAIN;34;;;
75520C79;1;SOF;2;Yalea;MAIN;19|74;2000.0;;
75520C79;2;SHZC;2;Yalea;MAIN;19|71|74;;;
75520C79;3;INT;2;Yalea;MAIN;19|74;;;
759F18C9;1;SSF;1;Tuvatu;MAIN;34|38;250000.0;;extent:bounded
759F18C9;3;SOF;2;Tuvatu;MAIN;45;;;
759F18C9;4;THR;2;Tuvatu;MAIN;45;;;
75D24D63;1;THR;1;Crown Zone;MAIN;21;;;
75A8D886;1;SOF;2;Ma Structural Complex;MAIN;40|42;;;
75E2F53A;1;CSF;1;Rusk Zone;MAIN;15|18;;5000.0;
75E2F53A;2;SOF;2;Rusk Zone;MAIN;18|19;;900.0;distance:bounded
75E2F53A;3;THR;2;Rusk Zone;MAIN;16;;;
76FEDE55;1;SHZC;2;Decade;MAIN;32;;;
76FEDE55;2;SOF;3;Decade;MAIN;32;;;
77611353;1;TRP;N/A;Namdini;MAIN;114|121;;;
77611353;2;SHZC;N/A;Namdini;MAIN;114;;;
778712B0;1;SHZC;1;Kneivissat;MAIN;16|20;;;
778712B0;2;SSF;2;Kneivissat;MAIN;16;;;
778712B0;3;THR;2;Kneivissat;MAIN;16;;;
76E6BBB4;1;THR;1;Jerritt Canyon Deposits;MAIN;38;;;
76E6BBB4;2;INT;2;Jerritt Canyon Deposits;MAIN;47;;;
76E6BBB4;4;INC;2;Jerritt Canyon Deposits;MAIN;41|42|43|47;;;
76E6BBB4;5;SSF;2;Jerritt Canyon Deposits;MAIN;44;;;
779F32E1;1;SHZC;1;Chevrier Main and South Zones;MAIN;65;35000.0;;extent:bounded
77C5BC08;1;SHZC;2;Goose Site;MAIN;69;;;
77C5BC08;2;FLD;2;Goose Site;MAIN;60|66|69;;;
77D71E8A;1;SHZC;1;Red Lake Gold Property;MAIN;33|38|41|42;;;
77D71E8A;2;SHZC;1;Red Lake Gold Property;MAIN;42;;;
77D71E8A;3;SHZC;3;Red Lake Gold Property;MAIN;42;;;
77DAE8BA;1;FLD;2;Pistol Lake;MAIN;32|56|57;;;
77DAE8BA;2;TRP;1;Pistol Lake;MAIN;32;;;
77DAE8BA;3;CSF;1;Pistol Lake;MAIN;30;;;
7826B6E8;1;SHZC;2;Marban;MAIN;68|69;;;
782D2480;2;SSF;2;Bigar Hill;MAIN;37|49|51;;;
789BB62E;1;CSF;1;Monument Bay;MAIN;48;;;
789BB62E;2;SOF;2;Monument Bay;MAIN;48;;;
789BB62E;3;ENE;3;Monument Bay;MAIN;57;;;
783A69CA;1;THR;1;West Branch;MAIN;41|47;30000.0;;extent:approx_magnitude
783A69CA;2;SOF;2;West Branch;MAIN;47;;;
783A69CA;3;FLD;2;West Branch;MAIN;47;;;
783A69CA;4;LTC;2;West Branch;MAIN;47|48;;;
7875C8CA;1;SHZC;1;Chirano Deposits;MAIN;51;;;
7875C8CA;2;JOG;2;Chirano Deposits;MAIN;51;;;
7875C8CA;3;TRT;1;Chirano Deposits;MAIN;52|53|64;;;
7875C8CA;4;SSF;1;Chirano Deposits;MAIN;52;;;
79495307;1;CSF;1;Barani East Prospect;MAIN;40|43;;;
79495307;2;SOF;2;Barani East Prospect;MAIN;40;;;
79495307;3;THR;2;Barani East Prospect;MAIN;44|45|46;;;
79273E2A;1;FLD;2;Goldboro Deposit;MAIN;79|81;;;
79273E2A;2;SSF;2;Goldboro Deposit;MAIN;79|81;;;
79273E2A;3;TRT;2;Goldboro Deposit;MAIN;79|81;;;
797B7EB5;1;SSF;1;Gold Pick;MAIN;71;;;
797B7EB5;2;SOF;2;Gold Pick;MAIN;71|72|78;;;
797B7EB5;3;FLD;2;Gold Pick;MAIN;71|78;;;
79948E2F;1;SSF;1;Oko West;MAIN;77;;;
79948E2F;2;MYLC;2;Oko West;MAIN;83;;;
79948E2F;3;LTC;2;Oko West;MAIN;83|100;;;
79948E2F;4;FLD;2;Oko West;MAIN;93|96;;;
79BC10AE;1;SHZC;2;Lac Pau Porphyry;MAIN;16|17|23|34|37|41;13000.0;;extent:bounded
79BC10AE;2;FLD;1;Lac Pau Porphyry;MAIN;16|41;1000.0;;extent:approx_magnitude
79969106;1;SHZC;1;Oko Main Zone;MAIN;78|79;17000.0;;
79969106;2;SHZC;2;Oko Main Zone;MAIN;84|107;;;
79969106;3;JOG;3;Oko Main Zone;MAIN;82|107;;;
79CC8F76;1;SHZC;1;Road Cut Zone;MAIN;47;;;
79CC8F76;2;SSF;1;Road Cut Zone;MAIN;43;;;
79CC8F76;3;SHZC;2;Road Cut Zone;MAIN;45;;;
79CC8F76;4;SOF;2;Road Cut Zone;MAIN;45;;;
79F23F30;1;CSF;1;Golden Highway Project;MAIN;55|59|80;;;
79F23F30;2;SOF;2;Golden Highway Project;MAIN;59|80;;;
79F23F30;3;INT;2;Golden Highway Project;MAIN;62;;;
7A0F56CD;1;CSF;1;São Jorge;MAIN;25;450000.0;;
7A0F56CD;2;TRP;2;São Jorge;MAIN;27;;;
7A0F56CD;3;ENE;3;São Jorge;MAIN;28;;;
7A37F40F;1;FLD;2;Goldboro;MAIN;46|52;;;
7A37F40F;2;LTC;2;Goldboro;MAIN;52|53;;;
7A431D56;1;SHZC;1;325-Megane Zone;MAIN;83|100;1000.0;;extent:bounded
7A431D56;2;SOF;2;325-Megane Zone;MAIN;86|100;2005.0;;extent:bounded|extent:range_mean
7A431D56;3;SOF;2;325-Megane Zone;MAIN;94;;;
7AE997A9;1;SHZC;2;Riacho dos Machados;MAIN;39|46|52;14000.0;;
7AE997A9;2;FLD;3;Riacho dos Machados;MAIN;40;;;
7A8698DE;1;SHZC;2;Bombore;MAIN;94|105;30000.0;;extent:approx_magnitude
7A8698DE;2;SSF;1;Bombore;MAIN;105;;;
7AE0F887;1;SHZC;1;Union Reefs;MAIN;52;;;
7AE0F887;2;SHZC;2;Union Reefs;MAIN;52;;;
7AE0F887;3;FLD;2;Union Reefs;MAIN;52;;;
7B02C19A;1;SHZC;2;Netiana;MAIN;50;;;
7B5CC5EE;1;SHZC;1;Golden Heart deposit;MAIN;20|24;26000.0;;
7B5CC5EE;2;SOF;2;Golden Heart deposit;MAIN;20|24;;;
7B5CC5EE;3;SOF;2;Golden Heart deposit;MAIN;20|21;;;
7BAF7051;1;SHZC;1;Turmalina Mine;MAIN;102;;;
7BAF7051;2;THR;2;Turmalina Mine;MAIN;68;;;
7B74252B;1;SHZC;1;Douay;MAIN;49|58;;;
7B74252B;2;TRP;1;Douay;MAIN;58;;;
7B74252B;3;SOF;2;Douay;MAIN;49;;;
7B74252B;4;INC;2;Douay;MAIN;58;;;
7B74252B;5;LTC;2;Douay;MAIN;63;;;
7B74252B;6;SHZC;N/A;Douay;MAIN;58;;;
7BFB999E;1;SHZC;1;Union Reefs;MAIN;72|75;300000.0;;
7BFB999E;2;JOG;2;Union Reefs;MAIN;74;;;
7BFB999E;3;INT;2;Union Reefs;MAIN;76;;;
7C123F4D;1;SHZC;2;Nelligan;MAIN;47|51|58;;;
7C123F4D;2;SSF;2;Nelligan;MAIN;58|59;;;
7C123F4D;3;SSF;3;Nelligan;MAIN;58|62;;;
7C123F4D;4;SOF;2;Nelligan;MAIN;51;;;
7C4B666F;1;SHZC;2;Paddy's Flat;MAIN;86|87;;;
7C4B666F;2;THR;2;Paddy's Flat;MAIN;87|99;;;
7C4B666F;3;SOF;3;Paddy's Flat;MAIN;100;;;
7C4B666F;4;THR;3;Paddy's Flat;MAIN;101;;;
7CED6BDD;1;SOF;2;Manuel;MAIN;9;;;
7CB904F3;1;THR;1;Plutonic Gold Mine;MAIN;41|42|44;;;
7CB904F3;2;MYLC;2;Plutonic Gold Mine;MAIN;49;;;
7CB904F3;3;SOF;2;Plutonic Gold Mine;MAIN;49;;;
7D21C08F;1;SHZC;2;Puffy Lake deposit;MAIN;46;;;
7D423785;1;SHZC;2;Kairuni;MAIN;58;;;
7D423785;2;LTC;2;Kairuni;MAIN;58|75;;;
7D423785;3;FLD;2;Kairuni;MAIN;68|71;;;
7D50E8A5;1;CSF;1;Bralorne;MAIN;66|69|71;;;
7D50E8A5;2;SOF;2;Bralorne;MAIN;69|71|72;;;
7D50E8A5;3;ENE;3;Bralorne;MAIN;69|72;;;
7D680F8C;1;CSF;1;Casa Berardi Mine;MAIN;75;200000.0;;extent:bounded
7D680F8C;2;SHZC;2;Casa Berardi Mine;MAIN;78|79;;;
7D680F8C;3;SOF;2;Casa Berardi Mine;MAIN;84|87;;;
7D680F8C;4;LTC;2;Casa Berardi Mine;MAIN;80|87;;;
7D75E4FE;1;SHZC;1;Hardrock Project;MAIN;56;;;
7D78246F;1;CSF;1;Kunche;MAIN;36|37;;5000.0;
7D78246F;2;SOF;2;Kunche;MAIN;39|43;;;
7DBC326E;1;SHZC;1;Wona-Kona;MAIN;27;;;
7DB23736;1;SOF;2;Nogbele;MAIN;77|88;1000.0;;extent:bounded
7D8BE393;1;SHZC;1;Vindaloo-Madras;MAIN;60;5000.0;3000.0;extent:range_mean|distance:bounded
7D8BE393;2;JOG;2;Vindaloo-Madras;MAIN;52;;;
7DEA6E13;1;SHZC;1;White Foil;MAIN;25;;;
7E4EB03F;1;THR;N/A;Taurus Deposit;MAIN;31;;;
7E4EB03F;2;TRP;3;Taurus Deposit;MAIN;31;;;
7E02C244;1;FLD;1;Mooseland;MAIN;42|44|47;;;
7E556C09;1;SOF;2;Green Hill;MAIN;30;;;
7E5A88DE;1;FLD;2;Haile;MAIN;54|55;;;
7E5A88DE;2;SHZC;2;Haile;MAIN;54|55;;;
7E5A88DE;3;SSF;1;Haile;MAIN;55|58;;;
7E757898;1;THR;1;Kiniero Gold Project;MAIN;79;60000.0;;
7E757898;2;SHZC;1;Kiniero Gold Project;MAIN;85|94|100|103;6000.0;;
7E9A94A0;1;CSF;1;Goldex Extension Zone (GEZ);MAIN;39|41;;1500.0;
7E9A94A0;2;SHZC;1;Goldex Extension Zone (GEZ);MAIN;41;;;
7E9A94A0;3;MYLC;2;Goldex Extension Zone (GEZ);MAIN;41|49;;;
7E9A94A0;4;SOF;2;Goldex Extension Zone (GEZ);MAIN;49|50;;;
7EC51181;1;SOF;2;Sao Chico;MAIN;21;;;
7EC51181;2;INT;2;Sao Chico;MAIN;21|27|36;;;
7EC51181;3;ENE;3;Sao Chico;MAIN;36|39;;;
7EAF677E;1;SOF;2;Keltepe;MAIN;58;;;
7EAF677E;2;SSF;2;Keltepe;MAIN;58;;;
7EAF677E;3;CSF;1;Keltepe;MAIN;49|50;;;
7EEFB943;1;CSF;1;Loulo;MAIN;26;;;
7EEFB943;2;SOF;2;Loulo;MAIN;26;;;
7EEFB943;3;THR;3;Loulo;MAIN;26;;;
7EEFB943;4;SHZC;3;Loulo;MAIN;26;;;
7F0BDC11;1;LTC;2;Ikungu Structure;MAIN;40;3800.0;;
7F324BB5;2;FLD;2;Touquoy;MAIN;115;;;
7F39C734;1;SHZC;1;Mckinnon Gold Deposit;MAIN;25|26|27|28;60000.0;;extent:bounded
7F39C734;2;LTC;2;Mckinnon Gold Deposit;MAIN;28;;;
80114425;1;SSF;1;Thor Trend;MAIN;22|24|36;;;distance:unparseable
80114425;2;SOF;2;Thor Trend;MAIN;24|26;;;
80408762;1;SHZC;1;Golden Mile;MAIN;39;;;
80408762;2;SHZC;2;Golden Mile;MAIN;36|40;1000.0;;extent:bounded
80408762;3;ENE;3;Golden Mile;MAIN;40;;;
8056C156;1;CSF;1;Sadiola;MAIN;90|91;;;
8056C156;2;SOF;2;Sadiola;MAIN;92|93;4000.0;;
8056C156;3;SOF;2;Sadiola;MAIN;92;;;
800FB2F8;1;SHZC;1;Casa Berardi;MAIN;37;200000.0;;
800FB2F8;2;SHZC;2;Casa Berardi;MAIN;37|40;;;
800FB2F8;3;SOF;2;Casa Berardi;MAIN;43|45|46;;;
800FB2F8;4;LTC;2;Casa Berardi;MAIN;41|42;;;
808240DD;1;SHZC;1;Namdini;MAIN;18|20;;;
8081B6AB;1;THR;2;Pilar;MAIN;66;;;
8095CF13;1;SHZC;1;Fekola;MAIN;88|107;;;
8095CF13;2;SOF;2;Fekola;MAIN;90|95;3000.0;;extent:bounded
8095CF13;3;SOF;3;Fekola;MAIN;95;;;
8095CF13;4;THR;3;Fekola;MAIN;95;;;
80E786B4;1;CSF;1;Timmins Deposit;MAIN;61|77;;5000.0;distance:bounded
80E786B4;2;SHZC;2;Timmins Deposit;MAIN;66|77|78;;;
80E786B4;3;FLD;2;Timmins Deposit;MAIN;65|77;;;
81822B04;1;SHZC;1;Yono Property;MAIN;32|33|41;;;
81822B04;2;SOF;2;Yono Property;MAIN;41|50;;;
81D899FA;1;SHZC;2;Elder gold deposit;MAIN;25;;;
821237C9;1;FLD;2;Cochrane Hill;MAIN;29|30;28000.0;300.0;extent:bounded|distance:approx_magnitude
8220299D;1;CSF;1;Cuiú Cuiú;MAIN;94|107;300000.0;;extent:approx_magnitude
8220299D;2;SHZC;2;Cuiú Cuiú;MAIN;107;5000.0;;extent:bounded
8220299D;3;SOF;2;Cuiú Cuiú;MAIN;108;;;
8220299D;4;ENE;3;Cuiú Cuiú;MAIN;109|133;;;
829E4AA9;1;LTC;2;Principal Vein;MAIN;23|28;;;
82AFB9EC;1;SSF;1;Cisneros Project;MAIN;38;390000.0;55000.0;distance:bounded
82AFB9EC;3;SHZC;3;Cisneros Project;MAIN;38;;;
82F12653;1;CSF;1;Canadian Malartic;MAIN;85|87;;;
82F12653;2;SHZC;2;Canadian Malartic;MAIN;87;9000.0;;
82CA2476;1;ENE;2;Fondaway Canyon;MAIN;34;3218.7;;extent:bounded
832B312F;1;SHZC;1;KCD;MAIN;74;20000.0;;
832B312F;2;THR;1;KCD;MAIN;74|75;;;
832B312F;3;SHZC;2;KCD;MAIN;75|83;;;
833B13E6;1;SHZC;1;Zone IV;MAIN;16|17|18|19;;;
836FF559;1;SHZC;1;Ste-Hélène Aloigny;MAIN;21;15.0;;
837032B3;1;SHZC;1;Croinor;MAIN;55;;2000.0;
837032B3;2;SOF;2;Croinor;MAIN;55|58;;;
83713FDA;1;THR;1;SSX;MAIN;52;;;
83713FDA;3;INT;2;SSX;MAIN;58;;;
838AA14E;1;SHZC;1;Storø;MAIN;44;150000.0;;
838AA14E;2;THR;2;Storø;MAIN;48;;;
83D59111;1;CSF;1;Eleonore;MAIN;28;;;
83D59111;2;SHZC;2;Eleonore;MAIN;33|37;10000.0;;extent:bounded
83EC5998;1;SHZC;1;Campbell Shear;MAIN;68;10000.0;;
8420C511;1;SHZC;1;Philibert;MAIN;31|32;80000.0;;extent:bounded
8420C511;2;SOF;2;Philibert;MAIN;33|38;;;
8462C848;2;SHZC;2;Moroy;MAIN;38|40|45;;;
8423BBED;1;SOF;2;Salerno Zone;MAIN;23;;;
846009BD;1;SHZC;1;Santa Luz Project;MAIN;58;3000.0;;extent:approx_magnitude
846009BD;2;THR;2;Santa Luz Project;MAIN;61;20000.0;;extent:bounded
846009BD;3;LFT;2;Santa Luz Project;MAIN;61|68;;;
846C02C9;1;CSF;1;TM Deposit;MAIN;29|34;;;
846C02C9;2;SOF;2;TM Deposit;MAIN;34;;150.0;distance:bounded
846C02C9;3;SHZC;2;TM Deposit;MAIN;35;;;
84ADA513;1;FLD;2;Old Nic Mine;MAIN;21|23;;;
84ADA513;2;SOF;3;Old Nic Mine;MAIN;22|24;;;
84A967CE;1;CSF;1;Box;MAIN;73|91;;;
84A967CE;2;THR;2;Box;MAIN;101;;;
84A967CE;3;LTC;2;Box;MAIN;101;;;
84B4E1EA;1;SHZC;2;Casas de Don Pedro-Talarrubias;MAIN;26;;;
84CB9C73;1;CSF;1;Iron Point Carlin-type system;MAIN;11|34;;;
84CB9C73;3;THR;2;Iron Point Carlin-type system;MAIN;13|17|41;;;
84CB9C73;4;FLD;2;Iron Point Carlin-type system;MAIN;13|17|41;;;
84CB9C73;5;INT;2;Iron Point Carlin-type system;MAIN;19|34;;;
8504EF1A;1;CSF;1;Massawa;MAIN;144|147;;;
8504EF1A;2;SOF;2;Massawa;MAIN;179;;;
8504EF1A;3;INT;2;Massawa;MAIN;179;;;
8513ED08;1;THR;2;Brewery Creek;MAIN;77;;;
8513ED08;2;SSF;2;Brewery Creek;MAIN;77|78;;;
8513ED08;4;SSF;1;Brewery Creek;MAIN;78|84;;;
8531D015;1;SHZC;1;Croinor;MAIN;55;;2000.0;
8531D015;2;ENE;2;Croinor;MAIN;55|58;;;
85695E25;1;CSF;1;Colomac;MAIN;63;;;
85695E25;2;LTC;2;Colomac;MAIN;72;;;
858FE189;2;THR;1;Comet Well and Purdy's Reward;MAIN;35;;;
858FE189;3;SHZC;1;Comet Well and Purdy's Reward;MAIN;35;;;
858873F5;1;SHZC;2;Thunder Creek;MAIN;36;2000.0;;extent:bounded
858873F5;2;SHZC;2;Thunder Creek;MAIN;36;;;
85B1B079;1;SHZC;2;Björkdal;MAIN;58|64;;30.0;distance:bounded
85B1B079;2;SOF;3;Björkdal;MAIN;64;;;
85BAF4CE;1;GSC;1;Cheechoo;MAIN;71;;;
85BAF4CE;2;SHZC;2;Cheechoo;MAIN;71|74;;;
85BCFAB4;1;SSF;1;Carolin Mine;MAIN;38|43;60000.0;150.0;
85BCFAB4;2;FLD;2;Carolin Mine;MAIN;40;;;
85DE96E3;1;CSF;1;Tabakoto;MAIN;76;;;
85DE96E3;2;SOF;2;Tabakoto;MAIN;78;;;
85DE96E3;3;FLD;2;Tabakoto;MAIN;80|82;;;
85DE96E3;4;INT;2;Tabakoto;MAIN;82|101;;;
864BE9C2;1;SSF;1;Vindaloo;MAIN;33;;;
864BE9C2;2;SHZC;2;Vindaloo;MAIN;41;;;distance:unparseable
86326632;1;SHZC;1;Detour Lake deposit;MAIN;36|47|49|50;20000.0;;extent:bounded
86326632;2;SHZC;2;Detour Lake deposit;MAIN;49|50;;;
8653EB43;1;SHZC;2;Esaase;MAIN;26;;;
8653EB43;2;THR;2;Esaase;MAIN;26;;;
8653EB43;3;SSF;2;Esaase;MAIN;25|28|31;;;
8653EB43;4;ENE;3;Esaase;MAIN;31;;;
86A78487;1;CSF;1;Massawa;MAIN;18|21;;;
86A78487;2;SHZC;2;Massawa;MAIN;21|23;;;
8680F8EF;1;SHZC;1;Segilola;MAIN;70;200000.0;;extent:bounded
8680F8EF;2;SOF;2;Segilola;MAIN;78;;;
8680F8EF;3;SSF;2;Segilola;MAIN;84;;;
8680F8EF;4;INT;2;Segilola;MAIN;87;;;
867880EB;1;SHZC;1;A-Zone;MAIN;37;50000.0;;extent:bounded
867880EB;2;SOF;2;A-Zone;MAIN;42;;;
867880EB;3;LTC;2;A-Zone;MAIN;42;;;
867880EB;4;FLD;2;A-Zone;MAIN;48;;;
867880EB;5;SHZC;3;A-Zone;MAIN;47;50.0;;
86F3E796;1;THR;2;Akyanga;MAIN;48|50;;;
86F3E796;2;SSF;2;Akyanga;MAIN;48;;;
86F3E796;3;SHZC;2;Akyanga;MAIN;49;;;
87171932;1;CSF;1;Zone 36 East;MAIN;29|33;193120.8;;extent:bounded
8702D053;1;THR;1;Cariboo Gold Project;MAIN;73|83;;;
8702D053;2;THR;2;Cariboo Gold Project;MAIN;73;;;
8702D053;4;FLD;2;Cariboo Gold Project;MAIN;84;;;
87698305;1;SHZC;1;Nampala;MAIN;61;;;
87698305;2;FLD;2;Nampala;MAIN;61;;;
87698305;3;DET;3;Nampala;MAIN;61;;;
87698305;4;DET;3;Nampala;MAIN;61;;;
88053624;1;CSF;1;Herbert Vein System;MAIN;19;;;
88053624;2;SHZC;2;Herbert Vein System;MAIN;21;;;
883A2FB8;1;SOF;2;Mankouke South;MAIN;52;;;
883A2FB8;2;SHZC;1;Mankouke South;MAIN;45|47|76;17500.0;;extent:range_mean
880CDD66;1;SHZC;1;Siribaya;MAIN;37|38|40;10000.0;;
880CDD66;2;INT;2;Siribaya;MAIN;38|39|40;;;
887D00DC;1;SOF;2;Douay West;MAIN;48;;17.5;distance:range_mean
887D00DC;2;SHZC;1;Douay West;MAIN;45;;;
88C771C0;1;SHZC;1;Samira;MAIN;10;;;
88C771C0;2;FLD;2;Samira;MAIN;13;;;
893BB876;1;SHZC;1;Riacho dos Machados Mine;MAIN;84|91;14000.0;;
893BB876;2;THR;2;Riacho dos Machados Mine;MAIN;77;;;
89630760;1;SHZC;1;Oko West;MAIN;84;;;
89630760;2;MYLC;2;Oko West;MAIN;90;;;
89630760;3;LTC;2;Oko West;MAIN;90|107;;;
8987466D;1;SHZC;2;Colomac;MAIN;90;;;
8987466D;2;INT;2;Colomac;MAIN;90;;;
89C7421F;1;TRP;1;Riacho dos Machados;MAIN;39|41|46;30000.0;;extent:bounded
89C7421F;2;THR;2;Riacho dos Machados;MAIN;38;;;
89F06694;1;SHZC;2;CAS (Central, Avan and Skiråsen);MAIN;57|60|62;;;
89F06694;2;SSF;2;CAS (Central, Avan and Skiråsen);MAIN;57|61|64;;;
89F06694;3;ENE;3;CAS (Central, Avan and Skiråsen);MAIN;61;;;
8AA0A671;1;CSF;1;São Francisco;MAIN;23;600000.0;;extent:bounded
8AA0A671;2;SHZC;2;São Francisco;MAIN;27;;;
89F8A68D;1;SHZC;1;Zone 2 - Zone 3;MAIN;61;;;
89F8A68D;2;FLD;1;Zone 2 - Zone 3;MAIN;63;;;
89F8A68D;3;SOF;2;Zone 2 - Zone 3;MAIN;63;;;
89F8A68D;4;FLD;2;Zone 2 - Zone 3;MAIN;63;;;
89F8A68D;5;LTC;2;Zone 2 - Zone 3;MAIN;63;;;
8B56DDC5;1;SHZC;1;BT deposit;MAIN;19;44000.0;;
8B56DDC5;2;THR;2;BT deposit;MAIN;22|24;;;
8AE0C17A;3;THR;2;Pan Project;MAIN;64;;;
8B488D5A;1;TRP;1;OMZ and Ghanie;MAIN;79;5500.0;;extent:bounded
8B488D5A;2;SHZC;1;OMZ and Ghanie;MAIN;79;4750.0;;extent:range_mean
8B5026A6;1;SHZC;1;Agar Property;MAIN;30;;;
8B69885D;1;CSF;1;Quinn Lake;MAIN;14;;;
8B69885D;2;GSC;2;Quinn Lake;MAIN;14;;;
8B69885D;3;JOG;2;Quinn Lake;MAIN;14;;;
8BB3D77D;1;SHZC;1;Salman Trend;MAIN;47;;;
8BB3D77D;2;MYLC;2;Salman Trend;MAIN;47;20000.0;;extent:bounded
8BB3D77D;3;JOG;2;Salman Trend;MAIN;49|50;;;
8BB3D77D;4;SOF;3;Salman Trend;MAIN;49;;;
8B9B43A9;1;SHZC;1;Volta Grande;MAIN;30|33|37;;;
8B9B43A9;2;INT;2;Volta Grande;MAIN;33;;;
8BBC2BBF;1;SHZC;2;Akyanga Deposit;MAIN;44;;;
8BBC2BBF;2;THR;1;Akyanga Deposit;MAIN;43|45;;;
8BBC2BBF;3;JOG;2;Akyanga Deposit;MAIN;45;;;
8BBC2BBF;4;SSF;1;Akyanga Deposit;MAIN;43;;;
8BCB8526;1;THR;1;Sukari;MAIN;45;25000.0;;extent:bounded|distance:unparseable
8BCB8526;2;SOF;2;Sukari;MAIN;54;;;
8BCB8526;3;SOF;2;Sukari;MAIN;56;;;
8BFE8678;1;FLD;2;Box Mine;MAIN;56|64;;;
8C37891B;1;SHZC;1;Kumtor;MAIN;54;;;
8C37891B;2;THR;2;Kumtor;MAIN;54|55;;;
8C37891B;3;SSF;2;Kumtor;MAIN;54;;;
8C7DD9B4;1;TRT;2;Kestane Beleni Vein;MAIN;44|45;;;
8CA7E850;1;CSF;1;Tuzon;MAIN;95|96|98|101|111;;500.0;
8CA7E850;2;SOF;2;Tuzon;MAIN;98;;;
8CA7E850;3;FLD;2;Tuzon;MAIN;106|111;;;
8CC5FD99;1;TRP;1;Leprechaun Pond;MAIN;42|43|45|58;30000.0;;
8CC5FD99;2;ENE;3;Leprechaun Pond;MAIN;45;;;
8CE7E4E3;1;MYLC;1;Discovery Ridge;MAIN;17;;300.0;distance:approx_magnitude
8CE7E4E3;2;SOF;2;Discovery Ridge;MAIN;17|18;;;
8CE7E4E3;3;FLD;1;Discovery Ridge;MAIN;17|18|21;;;
8CE7E4E3;4;MYLC;2;Discovery Ridge;MAIN;17|21;;;
8D1F94DD;1;CSF;1;Labola Project;MAIN;43;;;
8D1F94DD;2;SHZC;2;Labola Project;MAIN;44;14000.0;;
8D1F94DD;3;SOF;2;Labola Project;MAIN;77;;;
8DB13E5A;1;SSF;2;Zone 2;MAIN;48;;;
8DB13E5A;2;SOF;3;Zone 2;MAIN;48;;;
8DB93C68;1;SOF;2;Bonikro;MAIN;22|23;;;
8DB93C68;2;ENE;3;Bonikro;MAIN;23;;;
8DB93C68;3;SSF;2;Bonikro;MAIN;22|23;;;
8DDA7C66;1;SHZC;1;Marban;MAIN;77|78;;;
8DDA7C66;2;SOF;2;Marban;MAIN;77;;;
8DDA7C66;3;FLD;2;Marban;MAIN;77|79;;;
8DD0A408;1;SHZC;2;Lac Pelletier gold zones;MAIN;32;;;
8DF571FF;1;MYLC;2;Trident;MAIN;55;;;
8DF571FF;2;THR;2;Trident;MAIN;55;;;
8DF571FF;3;SHZC;2;Trident;MAIN;56;;;
8E0D8ECE;1;THR;1;Fosterville;MAIN;22;;;
8E0D8ECE;2;THR;2;Fosterville;MAIN;24;;;
8E0D8ECE;3;SOF;2;Fosterville;MAIN;24|30;;;
8E420C30;1;SHZC;1;Perseverance;MAIN;22;;200.0;
8E36E5BB;1;SOF;2;Boin Zone;MAIN;35;;;
8E36E5BB;2;SHZC;1;Boin Zone;MAIN;31;40000.0;;
8EA53853;1;SHZC;1;Luciana Prospect;MAIN;19|22;;;
8ED14601;1;MYLC;2;Trident;MAIN;55;;;
8ED14601;2;THR;2;Trident;MAIN;55;;;
8ED14601;3;SHZC;2;Trident;MAIN;56;;;
8E92ED18;1;SSF;1;Taurus;MAIN;49|64;15000.0;;
8E92ED18;2;SOF;2;Taurus;MAIN;49;;;
8E92ED18;4;ENE;3;Taurus;MAIN;56;;;
8EEFC560;1;SHZC;1;Choco 10;MAIN;23;;;
8EEFC560;2;FLD;2;Choco 10;MAIN;27|29;;;
8EF6465E;1;SHZC;1;Rowan Vein System;MAIN;30|32;;;
8EF6465E;2;LTC;2;Rowan Vein System;MAIN;32;;;
8EF6465E;3;ENE;3;Rowan Vein System;MAIN;33;;;
8F5B6D61;1;BMF;1;Torniella;MAIN;23|26|37;;;
8F3D3425;1;SHZC;1;Tiriganiaq;MAIN;46|65;3000.0;;extent:approx_magnitude
8F3D3425;2;SOF;2;Tiriganiaq;MAIN;50|54;;;
8F3D3425;3;SOF;3;Tiriganiaq;MAIN;50;;;
8FB1481A;1;SHZC;1;Fatou Main;MAIN;36;;;
8FB1481A;2;SOF;2;Fatou Main;MAIN;36;;;
8FB1481A;3;THR;N/A;Fatou Main;MAIN;36;;;
8FB1481A;4;INT;N/A;Fatou Main;MAIN;36;;;
8F6C23B9;1;THR;2;Beaufort Goldfield;MAIN;40|46|53;;;
8F6C23B9;3;SOF;2;Beaufort Goldfield;MAIN;40|50;;;
8FB9891B;1;SHZC;1;Los Planes;MAIN;43|49;40000.0;;extent:bounded
8FB1EA19;1;THR;2;QR deposit;MAIN;36;;;
8FB1EA19;2;THR;2;QR deposit;MAIN;36;;1000.0;
903C9F16;1;SHZC;2;Main Zone;MAIN;27;4000.0;;
908959C9;1;SHZC;1;Sissingue;MAIN;31|34;;;
908959C9;2;FLD;2;Sissingue;MAIN;33;;;
90F7335D;1;SHZC;1;Nkran;MAIN;147;150000.0;;
90F7335D;2;JOG;2;Nkran;MAIN;147;;;
90F7335D;3;SHZC;2;Nkran;MAIN;169;;;
90F7335D;4;THR;2;Nkran;MAIN;170;;;
911C49D5;1;INT;2;Pejiru;MAIN;14;;;
9113DC5B;1;SHZC;1;Pine Channel Property;MAIN;29;;;
9113DC5B;2;SOF;2;Pine Channel Property;MAIN;44;;;
9113DC5B;3;SHZC;2;Pine Channel Property;MAIN;45;;;
911FF53C;1;SHZC;2;Paiol;MAIN;52|60|63;;;
911FF53C;2;TRP;2;Paiol;MAIN;60;;;
912208F9;1;MYLC;2;Trident;MAIN;53;;;
912208F9;2;THR;2;Trident;MAIN;53;;;
912208F9;3;SHZC;2;Trident;MAIN;53;;;
9132E4F3;1;CSF;1;Bonnefond South Intrusive;MAIN;53;;;
9132E4F3;2;SHZC;2;Bonnefond South Intrusive;MAIN;62;;;
9132E4F3;3;LTC;2;Bonnefond South Intrusive;MAIN;62|64;;;
916ADBAE;1;SHZC;1;Ängesneva;MAIN;36|44;;;
916ADBAE;2;ENE;2;Ängesneva;MAIN;44|47;;;
916ADBAE;3;SOF;2;Ängesneva;MAIN;47;;;
917D44BD;1;DET;1;Cyclopic;MAIN;30|32|33;;;
917D44BD;2;DET;1;Cyclopic;MAIN;33;;;
917D44BD;3;SOF;2;Cyclopic;MAIN;34|35;;;
917D44BD;4;INT;2;Cyclopic;MAIN;34;;;
917D44BD;5;SHZC;1;Cyclopic;MAIN;35;;;
91878AB3;1;SSF;1;Rice Lake Mine;MAIN;19;;;
91878AB3;2;SOF;2;Rice Lake Mine;MAIN;18|19;;;
91878AB3;3;INT;2;Rice Lake Mine;MAIN;20;;;
919F1D9C;1;SHZC;1;São Jorge;MAIN;40|42;450000.0;;
919F1D9C;2;TRP;2;São Jorge;MAIN;42;;;
9197670F;1;SOF;2;Pinson;MAIN;42|43|44;;;
9197670F;2;INT;2;Pinson;MAIN;43;;;
91A05809;1;SOF;2;Osikonmäki;MAIN;24;;;
91A05809;2;CSF;1;Osikonmäki;MAIN;24;;;
91A05809;3;SHZC;1;Osikonmäki;MAIN;23;;;
91BC6010;1;THR;1;Sukari;MAIN;45;25000.0;;extent:bounded
91BC6010;2;SOF;2;Sukari;MAIN;51|54;;;
91BC6010;3;SOF;3;Sukari;MAIN;54|56;;;
921AF600;1;THR;1;Ollachea Prospect;MAIN;24;;;
921AF600;2;SHZC;2;Ollachea Prospect;MAIN;26|27;;;
9209F4F0;1;SSF;1;Coringa;MAIN;57;;;
9209F4F0;2;SOF;2;Coringa;MAIN;57;;;
9209F4F0;3;SOF;2;Coringa;MAIN;64;;;
922506BB;1;SHZC;1;Piment Zone;MAIN;32;;;
922506BB;2;SSF;1;Piment Zone;MAIN;32;;;
922506BB;3;THR;1;Piment Zone;MAIN;32;;;
922506BB;4;SOF;2;Piment Zone;MAIN;32;;;
921DBF88;1;LTC;2;Box Mine;MAIN;67;;;
921DBF88;2;FLD;2;Box Mine;MAIN;67|73;;;
924038A9;1;SHZC;1;Chieftain Zone;MAIN;49;250000.0;;extent:bounded
924038A9;2;SOF;2;Chieftain Zone;MAIN;67;14500.0;;
9267144A;1;SHZC;1;Boto 2-4-6 and Malikoundi;MAIN;29|31|47;;;
9267144A;2;SOF;2;Boto 2-4-6 and Malikoundi;MAIN;33;;;
9267144A;3;THR;2;Boto 2-4-6 and Malikoundi;MAIN;38;;;
9267144A;4;INT;2;Boto 2-4-6 and Malikoundi;MAIN;42|47;;;
928520AF;1;JOG;2;Dorado;MAIN;54;;;
928520AF;2;INT;2;Dorado;MAIN;55;;;
930A7888;1;SSF;1;Pan;MAIN;64;;;
930A7888;2;SOF;2;Pan;MAIN;64;;;
930A7888;3;THR;2;Pan;MAIN;64;;;
930A7888;4;FLD;2;Pan;MAIN;65|66;;;
92D072EE;1;DET;1;Copperstone;MAIN;64|71;;;
92D072EE;2;SOF;2;Copperstone;MAIN;69|71;;;
92D072EE;4;INT;2;Copperstone;MAIN;71;;;
935AF0F2;1;CSF;1;Lincoln-Comet;MAIN;82;;;
9350BB9A;1;THR;1;Salave;MAIN;45|48|49;;;
93BA9B75;1;CSF;1;Twin Hills;MAIN;114|120|132;100000.0;;extent:bounded
93BA9B75;2;SOF;2;Twin Hills;MAIN;120;;;
93BA9B75;3;JOG;2;Twin Hills;MAIN;120;;;
93BA9B75;4;SHZC;2;Twin Hills;MAIN;120;;;
9394C65E;1;INT;1;Tres Cruces;MAIN;24;;;
9394C65E;2;INT;2;Tres Cruces;MAIN;35;;;
9394C65E;3;INC;2;Tres Cruces;MAIN;37;;;
94723305;1;SHZC;2;Wona;MAIN;18;;;
9462DE07;1;THR;1;Salave;MAIN;28|30|32;;;
94220B2C;1;SHZC;2;Big Hill Project;MAIN;47|58;;;
94A977CA;1;CSF;1;Batman deposit;MAIN;71;;;
94A977CA;2;SOF;2;Batman deposit;MAIN;66|71;;;
94A977CA;3;LTC;2;Batman deposit;MAIN;66;;;
94E183EC;2;SOF;2;Dingman;MAIN;42;;;
94E44468;1;THR;2;Starlight Group;MAIN;56|66;;;
95809DC8;1;THR;1;Frasergold;MAIN;31|36;;;
95809DC8;2;FLD;1;Frasergold;MAIN;31|36|41;;;
95809DC8;3;SHZC;1;Frasergold;MAIN;32;;;
95A74683;1;SSF;1;Batman;MAIN;78;;;
95A74683;2;SOF;2;Batman;MAIN;78;;;
9601DA54;2;SSF;2;Kone;MAIN;26;;;
9630EB19;3;INT;2;Cajueiro;MAIN;51;;;
95F3EDED;1;SHZC;1;Konkera;MAIN;42;110000.0;;extent:bounded
95F3EDED;2;JOG;2;Konkera;MAIN;43|50;;;
95F3EDED;3;THR;2;Konkera;MAIN;52;;;
95F3EDED;4;FLD;2;Konkera;MAIN;51;;;
95BBFD37;1;CSF;1;Higginsville Gold Operations;MAIN;67;;;
95BBFD37;2;MYLC;2;Higginsville Gold Operations;MAIN;55;;;
95BBFD37;3;THR;2;Higginsville Gold Operations;MAIN;55;;;
95BBFD37;4;SHZC;2;Higginsville Gold Operations;MAIN;55;;;
95BBFD37;5;SHZC;1;Higginsville Gold Operations;MAIN;56|62|64;;;
9652BDC3;1;TRP;1;Bigar Hill;MAIN;96|106;;;
969DF0BC;1;THR;2;Seabee mine;MAIN;51;;;
969DF0BC;2;SSF;2;Seabee mine;MAIN;51;;;
969DF0BC;3;INT;2;Seabee mine;MAIN;56;;;
969DF0BC;4;LTC;2;Seabee mine;MAIN;56;;;
96ECAF31;1;FLD;2;Box Mine;MAIN;68;;;
96FB8A08;1;SHZC;2;Murra area;MAIN;25|26;;;
96FB8A08;3;INT;2;Murra area;MAIN;26;;;
97002E49;1;SHZC;2;Fondaway Canyon;MAIN;63;3500.0;;
97002E49;2;INT;2;Fondaway Canyon;MAIN;63;;;
97002E49;3;THR;1;Fondaway Canyon;MAIN;63;;;
97002E49;4;SSF;1;Fondaway Canyon;MAIN;66;;;
972436FA;1;SOF;2;Lookout Mountain;MAIN;39;5632.7;;extent:bounded
972436FA;2;INT;3;Lookout Mountain;MAIN;39|47;;;
972436FA;3;THR;1;Lookout Mountain;MAIN;39|43;;;
9740EF13;1;SHZC;1;Jaurdi Mining Center;MAIN;21|23;;;
9740EF13;2;SOF;2;Jaurdi Mining Center;MAIN;25;;;
97714478;1;SHZC;1;FK-Shawn trend;MAIN;51|55;16000.0;;extent:bounded
97B083BC;1;FLD;2;Goldenville;MAIN;46|48|50;;;
97B083BC;2;SOF;3;Goldenville;MAIN;52;;;
98607E39;1;CSF;1;Main Zone;MAIN;32;;;
98607E39;2;SHZC;2;Main Zone;MAIN;35|36;;;
97D13D45;1;THR;1;Detour Lake deposit;MAIN;60|68;100000.0;;extent:bounded
97D13D45;2;SOF;2;Detour Lake deposit;MAIN;68;;;
97ECCE93;2;SHZC;2;Montagne d'Or;MAIN;85|88;;;
97ECCE93;3;THR;2;Montagne d'Or;MAIN;84|88;;;
98DC83BF;1;THR;2;Doña Amelia;MAIN;19|22;4500.0;;extent:bounded
98DC83BF;2;JOG;2;Doña Amelia;MAIN;25;;;
98FE24FC;1;SHZC;1;Rory's Knoll;MAIN;62;;;
98FE24FC;2;SHZC;2;Rory's Knoll;MAIN;63;;;
98FE24FC;3;LTC;2;Rory's Knoll;MAIN;62;;;
98FE24FC;4;JOG;2;Rory's Knoll;MAIN;63|64;;;
98F56814;1;SHZC;1;Flint Rock-Mantis;MAIN;20;;;
98F56814;2;SHZC;2;Flint Rock-Mantis;MAIN;21|24;;;
98F963DF;1;SHZC;1;Haile;MAIN;57;;;
98F963DF;2;FLD;2;Haile;MAIN;57|58;;;
98F963DF;3;LTC;2;Haile;MAIN;57|58|59;;;
98F963DF;4;NRM;2;Haile;MAIN;59;;;
990E183E;1;SHZC;2;Wyatt Property;MAIN;18|21|22;;;
990E183E;2;SSF;1;Wyatt Property;MAIN;15;;;
9932B17D;1;SHZC;1;Bibiani Main Pit;MAIN;53|58;3000.0;;extent:bounded|extent:approx_magnitude|extent:bounded
9932B17D;2;LTC;2;Bibiani Main Pit;MAIN;58;;;
9932B17D;4;SOF;2;Bibiani Main Pit;MAIN;53;;;
9956C0DB;1;SOF;2;Croinor;MAIN;39|42;;;
9956C0DB;2;SHZC;1;Croinor;MAIN;39;;2000.0;
9954087A;1;THR;1;Fortnum Gold Project;MAIN;53;;;
9954087A;2;THR;2;Fortnum Gold Project;MAIN;56|59|61;;;
9954087A;3;FLW;2;Fortnum Gold Project;MAIN;56;;;
9954087A;4;INT;2;Fortnum Gold Project;MAIN;58;;;
9954087A;5;TRP;2;Fortnum Gold Project;MAIN;61;;;
995E5B96;1;SHZC;1;Hwini-Butre;MAIN;39;;;
995E5B96;2;SHZC;2;Hwini-Butre;MAIN;39;;;
99764D95;1;SHZC;1;Vena property;MAIN;15|18;;;
99764D95;2;SOF;2;Vena property;MAIN;18|22;;;
9982E844;1;SHZC;1;Main Zone;MAIN;45;40000.0;;extent:bounded
9982E844;2;SOF;2;Main Zone;MAIN;48;2000.0;;
9982E844;3;JOG;2;Main Zone;MAIN;50;;;
9964D9E8;1;SHZC;2;Beartrack;MAIN;76|77|79;;;
9964D9E8;2;SOF;2;Beartrack;MAIN;77;;;
9964D9E8;3;CSF;1;Beartrack;MAIN;76;55000.0;;
9964D9E8;4;INT;2;Beartrack;MAIN;81;;;
99C1F9A5;3;THR;2;New Polaris;MAIN;23;;;
99CFEA05;2;TRT;1;Kavola East;MAIN;16;;;
9A506E87;1;THR;1;Bidgood;MAIN;30;;;
9A506E87;2;SOF;2;Bidgood;MAIN;30;;;
9AB71FE4;1;THR;2;Monte Carlo Zone;MAIN;30;;;
9A9C188C;1;SHZC;1;Fosterville Gold Mine;MAIN;29;;;
9A9C188C;2;SHZC;1;Fosterville Gold Mine;MAIN;31;;2000.0;distance:bounded
9A9C188C;3;SOF;2;Fosterville Gold Mine;MAIN;31|39;;;
9A9C188C;4;SOF;2;Fosterville Gold Mine;MAIN;35|39;;;
9A9C188C;5;SOF;2;Fosterville Gold Mine;MAIN;35|40;;;
9ABD5293;1;LTC;2;St. Anthony Mine;MAIN;24|27|29;;;
9ABD5293;2;ENE;3;St. Anthony Mine;MAIN;28|29;;;
9ABD5293;3;INC;2;St. Anthony Mine;MAIN;27;;;
9B061C25;1;THR;2;Mars NE;MAIN;27;;;
9B061C25;2;DET;1;Mars NE;MAIN;27|50;;;
9B16E9AD;1;SSF;2;Idaho-Maryland;MAIN;51|52;80467.0;;
9B16E9AD;2;TRP;2;Idaho-Maryland;MAIN;54;3218.7;;
9B16E9AD;3;SOF;2;Idaho-Maryland;MAIN;55;;;
9B16E9AD;4;SOF;3;Idaho-Maryland;MAIN;57;;;
9B16E9AD;5;INT;3;Idaho-Maryland;MAIN;58;;;
9B16E9AD;6;LTC;2;Idaho-Maryland;MAIN;60;;;
9B104FC5;1;SHZC;1;Montagne d'Or;MAIN;33|37;;;
9B797D5A;1;SHZC;N/A;Bilboes;MAIN;148;;;
9BB88A07;1;SHZC;2;Fayunkuang;MAIN;38;;;
9B447AF9;1;SHZC;1;Leprechaun gold deposit;MAIN;44|45;30000.0;;extent:bounded
9B447AF9;2;LTC;2;Leprechaun gold deposit;MAIN;44;;;
9BC1D822;1;CSF;1;Goldex;MAIN;44;;;
9BC1D822;2;SOF;2;Goldex;MAIN;48|52;;;
9BC1D822;3;ENE;3;Goldex;MAIN;49;;;
9BC1D822;4;MYLC;2;Goldex;MAIN;46|48;;;
9BC1D822;5;SOF;2;Goldex;MAIN;46|47|51|55;;;
9BC264F4;1;THR;2;Invincible;MAIN;37|39;;;
9BDA0D46;1;SHZC;2;Rahill-Bonanza deposit;MAIN;34;;;
9BDA0D46;2;INT;2;Rahill-Bonanza deposit;MAIN;34;;;
9BF00ED2;1;SHZC;1;Golden Mile;MAIN;5|36;;;
9BF00ED2;2;SHZC;2;Golden Mile;MAIN;5|38;;;
9BF00ED2;3;LTC;2;Golden Mile;MAIN;5|38|41|43|44|46|48;;;
9BEF86B8;1;CSF;1;Black Fox Mine;MAIN;55|59|72;600000.0;;extent:bounded
9BEF86B8;2;SOF;2;Black Fox Mine;MAIN;62;;;
9C0BDBB7;1;SHZC;1;Mankarga;MAIN;63|64|67;;;
9C0BDBB7;2;SHZC;2;Mankarga;MAIN;66;;;
9C0BDBB7;3;SOF;3;Mankarga;MAIN;66;;;
9C0BDBB7;4;JOG;2;Mankarga;MAIN;66;;;
9C0BDBB7;5;LTC;2;Mankarga;MAIN;66;;;
9C0BDBB7;6;FLD;2;Mankarga;MAIN;67;;;
9C0A2D17;1;SHZC;1;Magistral;MAIN;34|35;;;
9C0A2D17;2;THR;2;Magistral;MAIN;34;;;
9C36AEB0;1;CSF;1;Mosquito Hill;MAIN;21;;;
9CFEC781;1;CLD;2;White Caps Mine;MAIN;30|33;;;
9CFEC781;2;INT;3;White Caps Mine;MAIN;33;;;
9D074C5F;1;CSF;1;Malartic Hygrade;MAIN;21;;4000.0;
9D074C5F;2;SHZC;1;Malartic Hygrade;MAIN;25;;;
9D074C5F;3;SHZC;2;Malartic Hygrade;MAIN;27;;;
9D074C5F;4;SHZC;3;Malartic Hygrade;MAIN;24|26;;;
9D074C5F;5;FLD;2;Malartic Hygrade;MAIN;24|25|27;;;
9CBAEF52;1;CSF;1;147 Zone;MAIN;37|40|42;400000.0;1300.0;extent:bounded|distance:range_mean
9CBAEF52;2;SOF;2;147 Zone;MAIN;42|43;;;
9CBAEF52;3;SOF;3;147 Zone;MAIN;43;;;
9CBAEF52;4;LTC;2;147 Zone;MAIN;48;;;
9D197E03;1;SHZC;2;G and J zones;MAIN;21|23;;;
9DB861D4;1;SHZC;1;White Foil;MAIN;25;;;
9DB861D4;2;FLD;2;White Foil;MAIN;25;;;
9DB861D4;3;LTC;2;White Foil;MAIN;25;;;
9D8FC72E;1;CSF;1;Chega Tudo;MAIN;59|65;120000.0;;extent:bounded
9D8FC72E;2;SOF;2;Chega Tudo;MAIN;65;;;
9D4C1D94;1;FLW;1;Imperial;MAIN;50|51;;;
9D4C1D94;2;SOF;2;Imperial;MAIN;50;;;
9D4C1D94;3;NRM;2;Imperial;MAIN;50|51;;;
9D4C1D94;4;DET;1;Imperial;MAIN;53;;;
9D5814B3;1;CSF;1;Timmins Deposit;MAIN;55|72;;5000.0;distance:bounded
9D5814B3;2;SHZC;2;Timmins Deposit;MAIN;60|72;;100.0;
9E88F424;1;TRP;1;Makosa;MAIN;17|19;;;
9E88F424;2;SHZC;2;Makosa;MAIN;18|19;4500.0;;
9E88F424;3;JOG;2;Makosa;MAIN;19;;;
9DFA236C;1;THR;1;Sukari;MAIN;41;25000.0;;extent:bounded|distance:unparseable
9DFA236C;2;SOF;2;Sukari;MAIN;46|47|50;;;
9DFA236C;3;SOF;2;Sukari;MAIN;52;;;
9E63EDF1;1;SHZC;1;Tabakoroni;MAIN;20|21;;;
9E63EDF1;2;SOF;2;Tabakoroni;MAIN;21;;;
9E63EDF1;3;FLD;2;Tabakoroni;MAIN;19|28;;;
9EA19217;1;THR;2;Zone IV;MAIN;16|17|19;;;
9E9AA1A1;1;MYLC;2;Nabanga;MAIN;32|38;5000.0;;
9E9AA1A1;2;SHZC;1;Nabanga;MAIN;31;;;
9EA5792D;1;SSF;2;Golden Saddle;MAIN;63|65|66;;;
9EFF9BAB;1;SOF;2;Piaba;MAIN;78;;;
9F00DF8F;1;THR;1;Pinson deposit;MAIN;49|51;;;
9F00DF8F;2;THR;2;Pinson deposit;MAIN;51|52;;;
9F00DF8F;3;INT;2;Pinson deposit;MAIN;52|62;;;
9F00DF8F;5;SOF;2;Pinson deposit;MAIN;51;;;
9F00DF8F;7;SHZC;2;Pinson deposit;MAIN;52;;;
9F0870DD;2;TRT;1;Kavola East;MAIN;16;;;
9F5BEAE5;1;SSF;1;Batman deposit;MAIN;90;;;
9F5BEAE5;2;SOF;2;Batman deposit;MAIN;90;;;
9F5BEAE5;3;LTC;2;Batman deposit;MAIN;85;;;
9FDD304C;1;TRP;1;Campanillas;MAIN;28;;;
9FDF7843;1;SHZC;2;Esaase;MAIN;32;;;
9FDF7843;2;THR;2;Esaase;MAIN;32|36;;;
9FDF7843;3;SSF;2;Esaase;MAIN;31|36;;;
9FDF7843;4;ENE;3;Esaase;MAIN;36;;;
A02BED1A;1;SHZC;1;Leprechaun gold deposit;MAIN;47;30000.0;;extent:bounded
A02BED1A;2;SOF;2;Leprechaun gold deposit;MAIN;48;;;
A02BED1A;3;ENE;3;Leprechaun gold deposit;MAIN;47|48;;;
9FA9D5C1;1;SHZC;1;Enchi Gold Project;MAIN;56;40000.0;;
9FA9D5C1;2;SHZC;2;Enchi Gold Project;MAIN;56|58|62|64|70;25000.0;;
9FA9D5C1;3;SOF;3;Enchi Gold Project;MAIN;56;;;
9FA9D5C1;4;THR;2;Enchi Gold Project;MAIN;61|63|64;;;
9FA9D5C1;5;MYLC;2;Enchi Gold Project;MAIN;63;;;
A14456D4;1;CSF;1;Uncle Sam;MAIN;23;;;
A14456D4;2;SOF;2;Uncle Sam;MAIN;23|24;;;
A14456D4;3;SHZC;1;Uncle Sam;MAIN;24;;;
A14456D4;4;DET;2;Uncle Sam;MAIN;27;;;
A036F348;1;SSF;1;Brewery Creek Reserve Trend;MAIN;52;450000.0;;extent:bounded
A036F348;2;THR;1;Brewery Creek Reserve Trend;MAIN;52;;;
A036F348;3;THR;2;Brewery Creek Reserve Trend;MAIN;60;;;
A036F348;4;SSF;2;Brewery Creek Reserve Trend;MAIN;60|61;;;
A036F348;5;NRM;2;Brewery Creek Reserve Trend;MAIN;60|61;;;
A036F348;6;SSF;2;Brewery Creek Reserve Trend;MAIN;61;1500.0;;
A17910CA;1;BMF;1;Bloemhoek Project;MAIN;20|22;;;
A17910CA;2;THR;2;Bloemhoek Project;MAIN;22;;;
A1838081;3;INT;2;Temple;MAIN;8|12;;;
A22B8198;1;SHZC;2;Nampala;MAIN;24;;;
A22B8198;2;INC;2;Nampala;MAIN;24|26;;;
A18155F4;1;SSF;1;Rice Lake Mine;MAIN;25;;;
A18155F4;2;SOF;2;Rice Lake Mine;MAIN;25;;;
A18155F4;3;INT;2;Rice Lake Mine;MAIN;26;;;
A24538D7;1;SHZC;2;Catharine Gold;MAIN;50;;;
A296B63E;1;BMF;1;El Castillo;MAIN;49;;;
A296B63E;2;SSF;1;El Castillo;MAIN;49;;;
A286EBB1;1;INT;2;Helen Zone;MAIN;44|50;;;
A29A9527;1;SHZC;1;Higginsville Gold Operations;MAIN;54|60|62;;;
A29A9527;2;CSF;1;Higginsville Gold Operations;MAIN;61|65;;;
A29A9527;3;THR;2;Higginsville Gold Operations;MAIN;53;;;
A29A9527;4;SHZC;2;Higginsville Gold Operations;MAIN;53;;;
A2DDC81F;1;CSF;1;Sela Creek;MAIN;27|30|42;;;
A2DDC81F;2;JOG;2;Sela Creek;MAIN;27|29;;;
A2DDC81F;3;SOF;2;Sela Creek;MAIN;42;;;
A2DDC81F;4;ENE;3;Sela Creek;MAIN;42;;;
A2DDC81F;5;MYLC;2;Sela Creek;MAIN;32;;;
A2DDC81F;6;THR;2;Sela Creek;MAIN;32;;;
A2DDC81F;7;NRM;2;Sela Creek;MAIN;32;;;
A2DE93E8;1;SOF;2;Resenor Zone;MAIN;12;;;
A2E50205;1;CSF;1;Beattie;MAIN;27|31;;;
A2E50205;2;SOF;2;Beattie;MAIN;31|32|38;2100.0;;extent:bounded
A2F23AD6;1;SHZC;1;Central Deposit;MAIN;64;;;
A2F23AD6;2;SOF;2;Central Deposit;MAIN;64;;;
A2F23AD6;3;THR;2;Central Deposit;MAIN;64;;;
A3099747;2;SHZC;1;Aranka North Property;MAIN;49;;;
A3099747;3;INT;2;Aranka North Property;MAIN;49;;;
A31EFA0D;1;CSF;1;Duparquet deposit;MAIN;31|36|43;;;
A31EFA0D;2;SOF;2;Duparquet deposit;MAIN;36;;;
A31EFA0D;3;SSF;2;Duparquet deposit;MAIN;43;;;
A3329256;1;SHZC;1;Kiouène;MAIN;31|37;400000.0;;
A3329256;2;FLD;2;Kiouène;MAIN;40;;;
A3329256;3;SOF;2;Kiouène;MAIN;40;;;
A33EB979;1;SHZC;1;Madsen;MAIN;47;;;
A33EB979;2;SOF;2;Madsen;MAIN;47|61|70;;;
A34636C2;1;BMF;2;Muir's Project;MAIN;17;;;
A34636C2;2;SSF;2;Muir's Project;MAIN;18;;;
A34636C2;3;ENE;3;Muir's Project;MAIN;18;;;
A35963CA;1;SHZC;1;Lac Herbin;MAIN;28;650.0;;extent:range_mean
A35963CA;2;SOF;2;Lac Herbin;MAIN;27;2000.0;;
A35963CA;3;SOF;2;Lac Herbin;MAIN;27;200.0;;
A35963CA;4;SOF;2;Lac Herbin;MAIN;27;2900.0;;extent:bounded
A35963CA;5;SOF;2;Lac Herbin;MAIN;27;700.0;;
A35963CA;6;SOF;2;Lac Herbin;MAIN;27;450.0;;
A35963CA;7;SOF;2;Lac Herbin;MAIN;27;80.0;;
A35963CA;8;SOF;2;Lac Herbin;MAIN;27;120.0;;
A35963CA;9;SOF;2;Lac Herbin;MAIN;27;380.0;;
A35963CA;10;SOF;2;Lac Herbin;MAIN;27;250.0;;
A35963CA;11;SOF;2;Lac Herbin;MAIN;27;330.0;;
A35963CA;12;SOF;2;Lac Herbin;MAIN;27;1300.0;;
A3769907;1;TRP;2;North Lake deposit;MAIN;59;;;
A3769907;2;LTC;2;North Lake deposit;MAIN;59;;;
A3769907;3;ENE;3;North Lake deposit;MAIN;59;;;
A37F9586;1;SHZC;1;East and West zones;MAIN;26|44|45;;;
A37F9586;2;LTC;2;East and West zones;MAIN;44;;;
A3F4D1FD;1;CSF;1;Beaufor;MAIN;19;;;
A3ABD07B;1;SSF;1;Castle Zone;MAIN;39|40;;;
A3ABD07B;2;INT;1;Castle Zone;MAIN;40|41;;;
A3D0537B;1;SHZC;1;Borubai;MAIN;41;;;
A3D0537B;2;BXP;2;Borubai;MAIN;42;;;
A3D0537B;3;THR;2;Borubai;MAIN;42;;;
A3D0537B;4;DET;2;Borubai;MAIN;43;;;
A4640E59;1;SHZC;1;Wona;MAIN;25|121|142;;;
A48808D5;1;SHZC;1;Salman Trend;MAIN;52|54;20000.0;;extent:bounded
A48808D5;2;JOG;2;Salman Trend;MAIN;55;1000.0;;extent:bounded
A4777FAE;1;SHZC;1;Enchi Gold Project;MAIN;54|57;40000.0;;
A4777FAE;2;SOF;2;Enchi Gold Project;MAIN;57|63;;;
A4777FAE;3;SOF;2;Enchi Gold Project;MAIN;57|61;25000.0;;
A4777FAE;4;SOF;2;Enchi Gold Project;MAIN;54|57|64|69;;;
A4777FAE;5;CSF;1;Enchi Gold Project;MAIN;55;;;
A4887229;1;SSF;1;North Zone;MAIN;43;;;
A4887229;2;SOF;2;North Zone;MAIN;44|46;;;
A4B90B81;1;LTC;2;baritic zone;MAIN;32|39|40;7000.0;;extent:bounded
A4B90B81;2;SHZC;1;baritic zone;MAIN;30|32;;;
A497133B;1;CSF;1;Canadian Malartic;MAIN;73|75|76;;;
A4F88886;1;SOF;2;Maud Creek;MAIN;76;;;
A4F88886;2;JOG;2;Maud Creek;MAIN;76|84;;;
A4F88886;3;INT;2;Maud Creek;MAIN;84;;;
A5EFF2AE;1;CSF;1;Dachang Main Zone (DMZ);MAIN;25;1000000.0;;extent:bounded
A5EFF2AE;2;THR;1;Dachang Main Zone (DMZ);MAIN;25|32;;;
A5EFF2AE;3;SOF;2;Dachang Main Zone (DMZ);MAIN;25;3000.0;;extent:approx_magnitude
A5EFF2AE;4;SHZC;2;Dachang Main Zone (DMZ);MAIN;32;3000.0;;extent:approx_magnitude
A58D5997;1;FLD;2;Cosmo Deeps;MAIN;60;;;
A58D5997;2;THR;2;Cosmo Deeps;MAIN;62|71;;;
A5071C58;1;SHZC;1;Bell Creek Complex;MAIN;33;;;
A5071C58;2;THR;2;Bell Creek Complex;MAIN;38;;;
A5F94713;1;THR;1;JB Zone;MAIN;29|32;;;
A64511D8;1;THR;2;Fosterville;MAIN;26|28;;;
A64511D8;2;SOF;2;Fosterville;MAIN;28;;;
A63A6604;1;SHZC;2;Monique;MAIN;109;2500.0;;
A63A6604;2;SOF;3;Monique;MAIN;110;;;
A68B3368;1;CSF;1;Mankarga;MAIN;64|67;;;
A68B3368;2;SHZC;2;Mankarga;MAIN;66;;;
A68B3368;3;LTC;2;Mankarga;MAIN;66;;;
A68B3368;4;SOF;3;Mankarga;MAIN;66;;;
A68B3368;5;FLD;3;Mankarga;MAIN;66|67;;;
A69743AE;1;SHZC;2;Segilola;MAIN;24;;;
A694BDFA;1;SHZC;1;Magino Mine;MAIN;65|66|73|74;1500.0;;extent:range_mean
A694BDFA;2;SOF;2;Magino Mine;MAIN;66|68;;;
A6CD78DF;1;CSF;1;Beattie-Donchester;MAIN;20|21|23;;;
A6CD78DF;2;SOF;2;Beattie-Donchester;MAIN;21|23|27;2100.0;;extent:bounded
A70C3763;1;SHZC;2;Wona;MAIN;16;;;
A721102F;1;DET;1;Oro Cruz;MAIN;54;;;
A721102F;2;DET;2;Oro Cruz;MAIN;54;;;
A721102F;3;SSF;1;Oro Cruz;MAIN;52;;;
A6FEEE1C;1;SOF;2;A-Zone;MAIN;66|69;;;
A6FEEE1C;2;CSF;1;A-Zone;MAIN;61;100.0;6000.0;distance:range_mean
A6FEEE1C;3;SOF;1;A-Zone;MAIN;61|65;;;
A6FEEE1C;4;SHZC;1;A-Zone;MAIN;66;;;
A71201AB;1;SSF;2;Mesquite Mine;MAIN;37;;;
A71201AB;3;INT;2;Mesquite Mine;MAIN;42;;;
A71201AB;4;SOF;1;Mesquite Mine;MAIN;33|38|39;;;
A7832F33;1;SHZC;1;Big Bell;MAIN;82;;;
A7832F33;2;SHZC;2;Big Bell;MAIN;70;;;
A785C4B0;1;SHZC;2;Namdini;MAIN;80|87;;;
A7E54DAA;1;THR;1;West Branch;MAIN;53|54;;;
A7E54DAA;2;SOF;2;West Branch;MAIN;45|58;;;
A7E54DAA;3;ENE;3;West Branch;MAIN;53|58;;;
A7A69ABF;1;THR;2;Brewery Creek;MAIN;58;;;
A7A69ABF;2;SSF;2;Brewery Creek;MAIN;59;;;
A7A69ABF;3;NRM;2;Brewery Creek;MAIN;59;;;
A7A69ABF;4;SSF;1;Brewery Creek;MAIN;59;;;
A7A69ABF;5;CSF;1;Brewery Creek;MAIN;51;;;
A81BA610;1;THR;2;Antenna;MAIN;71|73;;;
A8489E1D;1;CSF;1;Kao;MAIN;65;;;
A8489E1D;3;SOF;2;Kao;MAIN;66;;;
A8956D7D;1;SHZC;2;Esaase;MAIN;29;;;
A8956D7D;2;THR;2;Esaase;MAIN;29;;;
A8956D7D;3;LTC;2;Esaase;MAIN;29;;;
A8956D7D;4;ENE;3;Esaase;MAIN;33;;;
A866A0A0;1;SOF;2;Pereira Velho;MAIN;49|51;;;
A866A0A0;2;SOF;3;Pereira Velho;MAIN;51;;;
A866A0A0;3;SSF;2;Pereira Velho;MAIN;49;;;
A866A0A0;4;SHZC;1;Pereira Velho;MAIN;51;;;
A8676C2E;1;SHZC;2;Elder;MAIN;24|27;;;
A8676C2E;2;INT;3;Elder;MAIN;22;;;
A944AF32;1;SSF;1;Taurus;MAIN;49|51;;;
A944AF32;2;THR;2;Taurus;MAIN;49|52;;;
A8AA18B4;1;BMF;1;Tres Cruces;MAIN;43;;2000.0;
A8AA18B4;2;INT;2;Tres Cruces;MAIN;43;;;
A8AA18B4;3;INC;2;Tres Cruces;MAIN;49|53;;;
A8A85A51;1;SHZC;1;Fenelon;MAIN;89|113;;2000.0;distance:bounded
A8A85A51;3;SOF;2;Fenelon;MAIN;95;;;
A99881E7;1;THR;1;Cariboo Gold Project;MAIN;95;;;
A99881E7;2;SSF;2;Cariboo Gold Project;MAIN;100|119;;;
A99881E7;3;SHZC;2;Cariboo Gold Project;MAIN;112;;;
A9C1367D;1;SHZC;1;Big Bell;MAIN;71|83;;;
A9B960E7;1;CSF;1;Serra Alta;MAIN;81;105000.0;;extent:bounded|extent:range_mean
AA2DF1BA;1;SHZC;1;Borborema;MAIN;86;;;
AA2DF1BA;2;SHZC;2;Borborema;MAIN;86;;;
AA2DF1BA;4;ENE;3;Borborema;MAIN;83;;;
AA2DF1BA;5;THR;1;Borborema;MAIN;93;;;
AAA822C0;1;SHZC;1;Kiniero;MAIN;31;;;
AAA822C0;2;DOM;2;Kiniero;MAIN;45;;;
AAB109A8;1;SOF;2;Morila;MAIN;21;;;
AAB109A8;2;SHZC;1;Morila;MAIN;21;;25000.0;distance:bounded
AAB109A8;3;THR;2;Morila;MAIN;22;;;
AAC7B60B;1;SHZC;1;Anoki;MAIN;16|19|20|21;;;
AAEDC527;1;SOF;2;Salerno Zone;MAIN;20|22;;;
AB663345;1;FLD;2;Haile;MAIN;43;;;
AB663345;2;SHZC;1;Haile;MAIN;61;;;
AB805834;1;SHZC;2;Sugar Zone;MAIN;14;3500.0;;extent:bounded
AB8E030E;1;FLD;2;Dead Mouse grid;MAIN;12|13;;;
AB8E030E;3;THR;3;Dead Mouse grid;MAIN;28;;;
AB7CE6D2;1;CSF;1;Cuiú Cuiú;MAIN;48|63|72;;;
AB7CE6D2;2;SSF;1;Cuiú Cuiú;MAIN;55;;;
AB7CE6D2;3;SSF;2;Cuiú Cuiú;MAIN;61|72;;;
AB7CE6D2;4;ENE;3;Cuiú Cuiú;MAIN;61;;;
ABB43E78;1;THR;2;Inata;MAIN;62;;;
ABB43E78;3;SHZC;2;Inata;MAIN;62|64;;;
AB9F47AF;1;SHZC;1;Obuasi Gold Project;MAIN;38|41|42|44;;;
AB9F47AF;2;INT;1;Obuasi Gold Project;MAIN;42|43;;;
AB9F47AF;3;JOG;2;Obuasi Gold Project;MAIN;42|43;;;
ABB86238;1;SSF;1;Nixon Fork;MAIN;36|38|41;;;
ABB86238;2;SSF;1;Nixon Fork;MAIN;36|38;;;
ABB86238;3;INT;2;Nixon Fork;MAIN;48;;;
ABB86238;4;INC;2;Nixon Fork;MAIN;47;;;
ABE56CFC;1;CSF;1;Otjikoto gold deposit;MAIN;23;;;
ABE56CFC;2;SOF;2;Otjikoto gold deposit;MAIN;19;;;
ABDD77E6;1;CSF;1;Larder Lake Property;MAIN;33;;;extent:unparseable
ABF2E182;1;ENE;3;Main Zone;MAIN;40;;;
AC22B52B;1;SHZC;1;Wona-Kona;MAIN;20;;;
AC02949D;1;FLD;2;Enterprise;MAIN;80|83;;;
AC02949D;2;SOF;2;Enterprise;MAIN;83;600.0;;extent:bounded
AC00A43A;1;SHZC;1;Magino mine;MAIN;45|47;;;
AC00A43A;2;SOF;2;Magino mine;MAIN;49;;;
AC00A43A;3;SOF;3;Magino mine;MAIN;51;;;
AC3D4582;1;SHZC;1;Windfall gold deposit;MAIN;5|33|35;;;
AC3D4582;2;SHZC;1;Windfall gold deposit;MAIN;31;;;
AC490391;1;CSF;1;Hasenfuss Gold Zone;MAIN;29|35;;;
AC490391;2;FLD;3;Hasenfuss Gold Zone;MAIN;39;;;
AC917C42;1;THR;1;Starlight;MAIN;60|70;;;
AC917C42;2;FLW;1;Starlight;MAIN;60;;;
ACB24D44;1;SHZC;2;Marban;MAIN;66|69|83;;;
ACB24D44;2;FLD;2;Marban;MAIN;69;;;
ACB8940A;1;SSF;1;Island Gold;MAIN;23;30000.0;;
ACB8940A;2;SOF;2;Island Gold;MAIN;23|25;300.0;;extent:approx_magnitude
ACB8940A;3;LTC;2;Island Gold;MAIN;25;;;
ACFE6332;1;SHZC;1;Last Hope Deposit;MAIN;24;44000.0;;
ACC7C364;1;SHZC;1;Kimoukro Project;MAIN;45;500000.0;;extent:bounded
ACC7C364;2;MYLC;2;Kimoukro Project;MAIN;49;;;
ACC7C364;3;SHZC;2;Kimoukro Project;MAIN;72;;;
AD1187DC;1;CSF;1;Kona;MAIN;25|31;;;
AD1187DC;2;SOF;2;Kona;MAIN;25;;;
AD2CE3B1;1;SHZC;2;Kobada;MAIN;32|33;;;
AD2CE3B1;2;SSF;2;Kobada;MAIN;33;;;
ADC33B96;1;CSF;1;Pitt Gold;MAIN;42;;;
ADC33B96;2;SOF;2;Pitt Gold;MAIN;42|47;;;
ADC33B96;3;ENE;3;Pitt Gold;MAIN;50;;;
ADA8A633;1;SHZC;2;Rory's Knoll;MAIN;58|60|61|62;;;
ADBC9C6C;1;SOF;2;Fornieri Bay;MAIN;18|19|22;;;
ADFEB5D2;1;THR;2;Tarkwa;MAIN;33;;;
ADFE0537;1;SSF;2;Kinsley;MAIN;71|77|78;;;
ADFE0537;5;FLD;3;Kinsley;MAIN;78|86;;;
ADFE0537;6;MYLC;2;Kinsley;MAIN;68;;;
AE0BFC85;1;CSF;1;Discovery Zone;MAIN;65|67;150000.0;2000.0;extent:bounded
AE0BFC85;2;SOF;2;Discovery Zone;MAIN;67;;;
AE0BFC85;3;SHZC;2;Discovery Zone;MAIN;73|74;;;
AE3059BE;1;CSF;1;Granada;MAIN;67;;;
AE3059BE;2;SHZC;2;Granada;MAIN;64|67;5000.0;;extent:bounded
AE3059BE;3;SOF;2;Granada;MAIN;64|67;;;
AE5E32AD;1;SHZC;1;Kensington;MAIN;44|47;;;
AE5E32AD;2;TRP;2;Kensington;MAIN;44|47;;;
AE5E32AD;3;SHZC;1;Kensington;MAIN;51;;;
AE86B644;1;SHZC;2;Buckreef;MAIN;27;8000.0;;
AE6C2453;1;SHZC;1;Bombore Gold Project;MAIN;72|81|82;30000.0;;extent:approx_magnitude
AE6C2453;2;CSF;1;Bombore Gold Project;MAIN;81;;;
AEB37C8D;1;CSF;1;Jacobina;MAIN;45;500000.0;;
AEB37C8D;2;THR;1;Jacobina;MAIN;52;;;
AEB37C8D;3;SSF;2;Jacobina;MAIN;52;;;
AEB37C8D;4;SHZC;2;Jacobina;MAIN;52;;;
AEC48455;1;CSF;1;M2 trend;MAIN;44|48;200000.0;;extent:bounded
AEBA6A8C;1;CSF;1;Golden Highway Project;MAIN;43|45;;;
AEBA6A8C;2;SOF;2;Golden Highway Project;MAIN;45;;;
AF0C2B30;1;SHZC;1;Eleonore;MAIN;47;;;
AF0C2B30;2;SHZC;2;Eleonore;MAIN;51|55;10000.0;;extent:bounded
AEF2B8AA;1;CSF;1;Tower Gold Project;MAIN;53|55|69;;;
AEF2B8AA;2;SHZC;1;Tower Gold Project;MAIN;53|55;;;
AEF2B8AA;3;SOF;2;Tower Gold Project;MAIN;55|57|70;;;
AEF2B8AA;4;INT;2;Tower Gold Project;MAIN;57;;;
AF2B8C9B;1;CSF;1;Puffy Lake;MAIN;49;;;
AF2B8C9B;2;FLD;2;Puffy Lake;MAIN;61|63|69;;;
AF362E82;1;SHZC;2;Marban;MAIN;66|69;;;
AF30E6EF;1;SOF;2;325-Megane Zone;MAIN;70|85;4000.0;;extent:bounded
AF30E6EF;2;SHZC;1;325-Megane Zone;MAIN;65|85;;;
AF6ED58C;1;SSF;1;Gold Pick;MAIN;31;;;
AF6ED58C;2;SOF;2;Gold Pick;MAIN;31|32|38;;;
AF6ED58C;3;INT;2;Gold Pick;MAIN;32;;;
AF6ED58C;4;FLD;2;Gold Pick;MAIN;38;;;
AF8C01B6;1;CSF;1;Paiol;MAIN;57;;;
AF8C01B6;2;SSF;2;Paiol;MAIN;60;;;
AF8C3415;1;SHZC;N/A;G1N;MAIN;25;;;
AFB48894;1;SHZC;1;Sissingue;MAIN;33|35;;;
AFD8D6E4;1;SHZC;1;Duport deposit;MAIN;47;;;
AFD8D6E4;2;SHZC;2;Duport deposit;MAIN;47|51;;;
AFD1AEE8;1;SSF;1;Bomboré;MAIN;65;;;
AFD1AEE8;2;SOF;2;Bomboré;MAIN;53|65;30000.0;;extent:approx_magnitude
B0445BA1;1;THR;1;Ludevelo Prospect;MAIN;13;;;
B0445BA1;2;FLD;2;Ludevelo Prospect;MAIN;15;;;
B0445BA1;3;LTC;2;Ludevelo Prospect;MAIN;15;;;
B0461EAC;2;SHZC;2;Elder;MAIN;22;;;
B0727ABA;1;SHZC;1;Nabanga;MAIN;42;;;
B0727ABA;2;SOF;2;Nabanga;MAIN;44;3000.0;;extent:bounded|extent:approx_magnitude|extent:bounded
B0448DDE;1;CSF;1;Parbec;MAIN;25;1600.0;;
B0448DDE;2;SOF;2;Parbec;MAIN;29;;;
B0448DDE;3;SOF;3;Parbec;MAIN;29;;;
B057C26D;1;SHZC;1;Karankasso Deposits;MAIN;22;;;
B057C26D;2;SHZC;2;Karankasso Deposits;MAIN;24|25|26;;;
B057C26D;3;SSF;2;Karankasso Deposits;MAIN;25;;;
B0A1C299;1;TRT;2;Côté;MAIN;106;;;
B0A1C299;2;SHZC;1;Côté;MAIN;96|97;80000.0;;extent:bounded
B0B1AC4F;1;CSF;1;Chimo Mine;MAIN;31|33;;;
B0B1AC4F;2;SHZC;2;Chimo Mine;MAIN;41;;;
B0B1AC4F;3;LTC;2;Chimo Mine;MAIN;40;;;
B0B1AC4F;4;ENE;3;Chimo Mine;MAIN;47;;;
B0E768ED;1;FLD;2;EMZ deposit;MAIN;52|54|58|65;;;
B0E768ED;2;SHZC;1;EMZ deposit;MAIN;45|46|49|52;;;
B0FA67DF;1;CSF;1;Beaver Dam;MAIN;23;;;
B0FA67DF;2;FLD;2;Beaver Dam;MAIN;24;;;
B10AFF42;1;SHZC;2;Hansen Showing;MAIN;41|42;3000.0;;extent:approx_magnitude
B109A2AD;1;SHZC;1;Surselva;MAIN;39|52;;;
B109A2AD;2;SOF;2;Surselva;MAIN;52;;;
B109A2AD;3;MYLC;2;Surselva;MAIN;42;;;
B15BAE48;1;SSF;1;Rionegro Placer;MAIN;23|47;;;
B15BAE48;2;BMF;2;Rionegro Placer;MAIN;23|25|47;;;
B15BAE48;3;BMF;2;Rionegro Placer;MAIN;25;;;
B120C61F;1;FLD;2;Pilar;MAIN;67|88|97;;;
B120C61F;2;THR;2;Pilar;MAIN;67|71;;;
B14BD2DA;1;SSF;1;Coringa;MAIN;58;;;
B14BD2DA;2;SOF;2;Coringa;MAIN;58;;;
B14BD2DA;3;SOF;2;Coringa;MAIN;65;;;
B167925F;1;SHZC;1;Côté;MAIN;99|100;80000.0;;extent:bounded
B167925F;2;SOF;2;Côté;MAIN;109;;;
B188E0E8;1;SSF;2;Lone Tree;MAIN;39|41;2500.0;;extent:bounded
B188E0E8;2;SSF;2;Lone Tree;MAIN;39|40;609.6;;
B188E0E8;4;THR;2;Lone Tree;MAIN;40;;;
B188E0E8;6;INT;3;Lone Tree;MAIN;41;;;
B188E0E8;7;JOG;3;Lone Tree;MAIN;41;;;
B1A42887;2;SOF;2;Fosterville;MAIN;34|37|73;;;
B1A42887;3;ENE;3;Fosterville;MAIN;37;;;
B1A42887;4;FLD;2;Fosterville;MAIN;42;;;
B1A42887;5;SSF;2;Fosterville;MAIN;51;;;
B1CFD5EC;1;SHZC;2;Buffalo Reef;MAIN;24;;;
B1CFD5EC;2;SOF;2;Buffalo Reef;MAIN;26;;;
B1F14489;2;MYLC;2;Berezitovy;MAIN;52;;;
B1F14489;4;SSF;2;Berezitovy;MAIN;54;;;
B23BB8C3;1;FLD;2;Twangiza Main;MAIN;31;;;
B21D23C3;1;SOF;2;Pepas;MAIN;100;;;
B21D23C3;2;SSF;1;Pepas;MAIN;91|100;;;
B2779983;1;TRT;2;Mesquite Mine;MAIN;53;;;
B2779983;2;INT;2;Mesquite Mine;MAIN;58;;;
B27CAB04;2;THR;1;New Britannia Mine;MAIN;61|65;;;
B2D7C395;1;SHZC;1;São Jorge;MAIN;28|30;450000.0;;
B2D7C395;2;TRP;2;São Jorge;MAIN;30;;;
B2D7C395;3;ENE;3;São Jorge;MAIN;31;;;
B28457DE;1;CSF;1;Beattie-Donchester;MAIN;15|18;;;
B28457DE;2;SOF;2;Beattie-Donchester;MAIN;15|18;2100.0;;extent:bounded
B2EBD0B7;1;SHZC;2;Zone Ouest;MAIN;21|26;;;
B284AA97;1;CSF;1;Pan;MAIN;51;16093.4;;extent:bounded
B284AA97;2;SOF;2;Pan;MAIN;51;914.4;;
B284AA97;3;SOF;2;Pan;MAIN;51;914.4;;
B334D4CC;2;SHZC;2;Wallaby;MAIN;36;;;
B334D4CC;3;INT;2;Wallaby;MAIN;37;;;
B34DF577;1;SOF;2;Lamarche prospect;MAIN;30|57;1700.0;;
B34DF577;2;THR;1;Lamarche prospect;MAIN;29|37;;;
B34716A2;1;SSF;1;Tucano;MAIN;58;120000.0;;extent:bounded
B34716A2;2;SOF;2;Tucano;MAIN;66|67;;;
B34716A2;3;JOG;3;Tucano;MAIN;67;;;
B36B1AFC;1;THR;2;Yellowjacket Zone;MAIN;22|23|35;;;
B3B71F20;1;SHZC;1;Barry deposit;MAIN;73;;;
B3B71F20;2;SOF;2;Barry deposit;MAIN;73;;;
B40E15DD;1;SHZC;2;Sugar Zone;MAIN;62|67;3500.0;;extent:bounded
B47C5F48;1;SHZC;1;Miminiska Property;MAIN;57|58;;;
B47C5F48;2;SOF;2;Miminiska Property;MAIN;57;;;
B47C5F48;3;JOG;2;Miminiska Property;MAIN;57;;;
B4BBAE1F;1;MYLC;2;Osikonmäki;MAIN;30|31;3000.0;;extent:bounded
B4BBAE1F;2;SHZC;1;Osikonmäki;MAIN;31;;300.0;
B4BBAE1F;3;SHZC;1;Osikonmäki;MAIN;32;;;
B4E144C0;1;SHZC;1;Packsack-CUPP Vein System;MAIN;53|60;;;
B4E144C0;2;SOF;2;Packsack-CUPP Vein System;MAIN;53|60;;;
B4E36595;1;DOM;2;Butiá Prospect;MAIN;59;;;
B4E36595;2;BXP;2;Butiá Prospect;MAIN;62;;;
B5311437;1;SOF;2;Three Bluffs;MAIN;42;1900.0;;extent:bounded
B5311437;2;SHZC;1;Three Bluffs;MAIN;38;;;
B5311437;3;SHZC;1;Three Bluffs;MAIN;37;;;
B5311437;4;SSF;1;Three Bluffs;MAIN;37;;;
B5761C32;1;THR;1;Cow Mountain;MAIN;23;;;
B5761C32;2;SSF;1;Cow Mountain;MAIN;23;;;
B5761C32;3;SSF;2;Cow Mountain;MAIN;23;;;
B5761C32;4;SHZC;3;Cow Mountain;MAIN;27;;;
B597DBA0;1;SSF;1;KCD Trend;MAIN;61|76;8000.0;;
B59C8CDE;1;CSF;1;Galat Sufar South (GSS);MAIN;52;500000.0;;extent:bounded
B59C8CDE;2;SHZC;2;Galat Sufar South (GSS);MAIN;56;;;
B59C8CDE;3;MYLC;2;Galat Sufar South (GSS);MAIN;56;;;
B59C8CDE;4;INT;2;Galat Sufar South (GSS);MAIN;56;;;
B6331EBD;1;CSF;1;São Jorge;MAIN;39;450000.0;;
B6331EBD;2;SHZC;2;São Jorge;MAIN;49|50;;;
B645E047;1;CSF;1;Galat Sufar South;MAIN;36|38;;;
B645E047;2;SHZC;2;Galat Sufar South;MAIN;39|43;;;
B645E047;3;JOG;2;Galat Sufar South;MAIN;43;;;
B6AE081D;1;SHZC;2;Nivré;MAIN;65|69;;;
B71D484D;1;SSF;1;Sleeping Giant Mine;MAIN;16;2000.0;;
B71D484D;2;SSF;1;Sleeping Giant Mine;MAIN;16;750.0;;extent:range_mean
B71D484D;3;SOF;2;Sleeping Giant Mine;MAIN;17;1.0;;extent:approx_magnitude
B71D484D;4;FLD;2;Sleeping Giant Mine;MAIN;16|18;;;
B6DC7ED6;1;CSF;1;Main Zone;MAIN;33;;;
B6DC7ED6;2;SOF;2;Main Zone;MAIN;36;;;
B72958B4;1;BXP;2;Blackjack Zone;MAIN;36|41;;;
B72958B4;2;SSF;1;Blackjack Zone;MAIN;39;;;
B6C15F1E;1;SOF;2;Hasaga Property;MAIN;53;;;
B737EAFE;1;CSF;1;Fenelon deposit;MAIN;75|84|92;;;
B737EAFE;3;SHZC;2;Fenelon deposit;MAIN;80|82;;;
B82BA7D8;1;LTC;2;Long Canyon;MAIN;34|42;;;
B82BA7D8;2;FLD;2;Long Canyon;MAIN;35|40;;;
B82BA7D8;3;BMF;1;Long Canyon;MAIN;37;;;
B7C3BB3E;1;SHZC;1;Ikkari;MAIN;27;;;extent:unparseable
B7C3BB3E;2;SHZC;2;Ikkari;MAIN;34|35;;;
B7C3BB3E;3;SSF;2;Ikkari;MAIN;38;;;
B8954892;1;LFT;2;Ladolam Deposit;MAIN;30;;;
B8DAFEB7;2;SHZC;2;Baomahun;MAIN;17|19;;;
B8DAFEB7;3;FLD;2;Baomahun;MAIN;17;;;
B82BC835;1;CSF;1;Brewery Creek Project;MAIN;53;450000.0;;extent:bounded
B82BC835;2;THR;1;Brewery Creek Project;MAIN;53|56;;;
B82BC835;3;THR;2;Brewery Creek Project;MAIN;61;;;
B82BC835;4;SSF;2;Brewery Creek Project;MAIN;61|62;;;
B8FDCDBB;1;CSF;1;Kiaka Main Zone (KMZ);MAIN;20|21|24|25;;;
B8FDCDBB;2;SOF;2;Kiaka Main Zone (KMZ);MAIN;21|24;;;
B8FDCDBB;3;SHZC;2;Kiaka Main Zone (KMZ);MAIN;21;;;
B90C9139;1;CSF;1;Garrcon Deposit;MAIN;58|62;;;
B90C9139;3;SHZC;2;Garrcon Deposit;MAIN;63;;;
B9360098;1;SSF;1;Maria Bonita;MAIN;43;30000.0;;extent:approx_magnitude
B9360098;2;SHZC;2;Maria Bonita;MAIN;36;;;
B97AE5D3;1;SOF;2;Haputilik shear zone;MAIN;23|32;8000.0;;extent:bounded
B9E51129;1;LTC;2;Thunder Creek;MAIN;36;2000.0;;extent:bounded
B9E51129;2;SSF;2;Thunder Creek;MAIN;36;;;
B9E74A56;1;SOF;2;Kunche;MAIN;52|55;;;
B9E74A56;2;CSF;1;Kunche;MAIN;51|52;;5000.0;
BA07D9A3;1;SHZC;1;Tartan Lake Gold Deposit;MAIN;52;24000.0;;extent:bounded
BA25F17F;1;TRP;1;Island Gold Mine;MAIN;37|40;30000.0;;extent:bounded
BA25F17F;2;SOF;2;Island Gold Mine;MAIN;38|41;2000.0;;extent:bounded
BA3EA4BF;1;FLD;2;Turmalina deposit;MAIN;72|83;;;
BA53AF4C;1;THR;1;Posse;MAIN;27|28;;;
BA53AF4C;2;SHZC;1;Posse;MAIN;28;;;
BA53AF4C;3;MYLC;2;Posse;MAIN;34;;;
BA699B5E;1;SHZC;1;Edikan Gold Deposits;MAIN;51|56|62;;;
BA699B5E;2;THR;3;Esuajah North;MAIN;54;;;
BAE54749;1;SHZC;1;Seabee;MAIN;31;;;
BAE54749;2;SOF;2;Seabee;MAIN;31|32;3000.0;;
BB4CA3FE;1;SHZC;1;Zone 32;MAIN;11;;;
BB20E870;1;SHZC;2;Bibiani;MAIN;29|33;;;
BB07643E;1;BMF;1;Az Zone;MAIN;37|41;;;
BB07643E;2;THR;2;Az Zone;MAIN;41|42;;;
BB07643E;3;SSF;2;Az Zone;MAIN;42;;;
BB0A1FDB;1;SHZC;1;Blanket Mine;MAIN;33;18000.0;;extent:from_2d_footprint|extent:extent_long_axis
BB0A1FDB;2;SOF;2;Blanket Mine;MAIN;34|43;50.0;;extent:bounded
BB0A1FDB;3;SSF;2;Blanket Mine;MAIN;44;;;
BB61CF6C;1;SHZC;2;Buckreef Prospect;MAIN;42;8000.0;;
BB61CF6C;2;SHZC;1;Buckreef Prospect;MAIN;40;;;
BB54CCFF;1;FLD;2;Pilar;MAIN;65|88|98;;;
BB54CCFF;2;THR;2;Pilar;MAIN;65|69;;;
BB54CCFF;3;SHZC;1;Pilar;MAIN;113;;;
BBD4160D;1;SHZC;2;Esaase Project;MAIN;34;;;
BBD4160D;2;THR;2;Esaase Project;MAIN;34;;;
BBD4160D;3;SSF;2;Esaase Project;MAIN;34;;;
BBD4160D;4;FLD;2;Esaase Project;MAIN;34;;;
BBD4160D;5;ENE;3;Esaase Project;MAIN;37;;;
BB800A73;1;INT;2;Mazoa Hill;MAIN;68|69;;;
BB800A73;2;FLD;2;Mazoa Hill;MAIN;41|43|69;;;
BBDEE0DA;1;SHZC;2;Lancefield;MAIN;34|39;;;
BBDEE0DA;2;SHZC;2;Lancefield;MAIN;35;;;
BBDEE0DA;3;THR;2;Lancefield;MAIN;39;;;
BC6B4EAF;1;LTC;2;Cléopâtre showing;MAIN;8|13;;;
BBF7A9A5;1;CSF;1;Mankarga 5;MAIN;39|42;;;
BBF7A9A5;2;CSF;1;Mankarga 5;MAIN;39;500000.0;;extent:bounded
BBF7A9A5;3;SHZC;2;Mankarga 5;MAIN;42;;;
BC8D1F34;1;CSF;1;5 Zone;MAIN;49|51;;10000.0;
BC8D1F34;2;SOF;2;5 Zone;MAIN;49|51;;30.0;distance:approx_magnitude
BC91902F;1;CSF;1;São Francisco;MAIN;37;;;
BC91902F;2;SHZC;2;São Francisco;MAIN;41|42;;;
BC91902F;3;FLD;2;São Francisco;MAIN;39|42;;;
BCB7A348;1;SHZC;2;Yup River Area;MAIN;13;;;
BCBAA878;1;CSF;1;Dogpaw Gold Deposit;MAIN;30|33;100000.0;;extent:bounded
BCBAA878;2;SOF;2;Dogpaw Gold Deposit;MAIN;33;1000.0;;
BCBAA878;3;LTC;2;Dogpaw Gold Deposit;MAIN;33;;;
BCDBB437;1;SHZC;2;New Liberty;MAIN;8|32|33|39|41;;;
BCDBB437;2;MYLC;2;New Liberty;MAIN;42;;;
BCDBB437;3;ENE;3;New Liberty;MAIN;42;;;
BCF11E6D;1;SHZC;2;Bombore;MAIN;47|59;30000.0;;extent:approx_magnitude
BCF11E6D;2;CSF;1;Bombore;MAIN;59;;;
BCF32515;1;BMF;1;Beatons Creek;MAIN;58;;;
BD1E509D;1;CSF;1;Granada;MAIN;44|46;;;
BD1E509D;2;SHZC;2;Granada;MAIN;44;;;
BD1E509D;3;SOF;2;Granada;MAIN;44;;;
BD57FDE1;1;SHZC;1;Hammond Reef;MAIN;36;;;
BD57FDE1;2;SHZC;2;Hammond Reef;MAIN;11|40;;;
BD65CEC3;1;SHZC;2;Nyamakwenge;MAIN;99|103;;;
BD65CEC3;2;INT;2;Nyamakwenge;MAIN;53|65|103;;;
BD8653CE;1;THR;1;Ollachea;MAIN;53;;;
BDB6688C;1;SSF;1;Fair Bride;MAIN;13|35|36;500000.0;;
BDB6688C;2;SHZC;2;Fair Bride;MAIN;13|37|39;;;
BDB6688C;3;JOG;2;Fair Bride;MAIN;37;;;
BD9051AE;1;SOF;2;Antenna;MAIN;57|72;;;
BD9051AE;2;JOG;2;Antenna;MAIN;57;;;
BDCCD1E2;1;MYLC;1;LP Zone;MAIN;91|95|99;4000.0;;extent:bounded
BDCCD1E2;2;SSF;2;LP Zone;MAIN;96|99;;;
BDB99643;1;SHZC;1;Magino;MAIN;55|57;1500.0;;extent:range_mean
BDB99643;2;SOF;3;Magino;MAIN;60;;;
BDE46F76;1;SSF;1;Midway;MAIN;24;;;
BDE46F76;2;TRT;1;Midway;MAIN;26|29;;;
BDE46F76;3;SSF;2;Midway;MAIN;29;;;
BDE46F76;4;ENE;3;Midway;MAIN;28|29|35;;;
BDE3CFA2;1;FLD;2;Goldboro Deposit;MAIN;13|48|57;;;
BDDB9C5A;1;SHZC;1;Appleton Fault Zone;MAIN;78|92;;200.0;
BDDB9C5A;2;SOF;2;Keats-Baseline Fault Zone;MAIN;92|122;;;
BDDB9C5A;3;SSF;2;Appleton Fault Zone Mineralized Envelope;MAIN;85|87;;;
BDDB9C5A;4;SHZC;2;Glenwood Shear Zone;MAIN;84|130;;;
BE35B6FE;2;FLD;2;Castelo de Sonhos;MAIN;34;;;
BE5D51CB;1;SHZC;1;Namdini;MAIN;18;;;
BE656220;1;THR;1;Gross;MAIN;47;;;
BF549C0A;1;SHZC;2;Piment Zone;MAIN;50;;;
BF549C0A;2;FLD;1;Piment Zone;MAIN;50;;;
BF549C0A;3;FLD;2;Piment Zone;MAIN;52;;;
BE698931;1;CSF;1;Central Deposit;MAIN;87|90|91|98;;;
BE698931;2;THR;1;Central Deposit;MAIN;92|93|94|105;;;
BE698931;3;THR;2;Central Deposit;MAIN;93|94|99|107;;;
BE698931;4;THR;2;Central Deposit;MAIN;93|94|105;;;
BE698931;5;THR;2;Central Deposit;MAIN;93|94|107;;;
BF8AF30F;1;BMF;1;North Bullion;MAIN;63|70|72;;;
BF8AF30F;2;SOF;2;North Bullion;MAIN;63;;;
BFC3FB35;1;SSF;1;San Francisco;MAIN;65;;;
BFC3FB35;2;SHZC;2;San Francisco;MAIN;67;;;
BFCD3766;1;THR;1;Ludevelo;MAIN;13;;;
BFCD3766;2;SSF;2;Ludevelo;MAIN;13;;;
BFCD3766;3;FLD;2;Ludevelo;MAIN;15;;;
BFCB44FB;2;ENE;3;Siwash North;MAIN;34;;;
C0363DD0;1;SHZC;1;Fenn-Gib Deposit;MAIN;75;;2000.0;distance:bounded
C0363DD0;2;SOF;2;Fenn-Gib Deposit;MAIN;77;;;
C06B5EEB;2;SHZC;2;Shirotnaia;MAIN;28;;;
C06B5EEB;3;FLD;2;Shirotnaia;MAIN;28;;;
C06B5EEB;4;LTC;2;Shirotnaia;MAIN;28;;;
C0739ED0;1;SHZC;1;Boyd's Dam;MAIN;49;100000.0;;
C0739ED0;2;THR;2;Boyd's Dam;MAIN;51;;;
C0739ED0;3;SOF;2;Boyd's Dam;MAIN;50;;;
C0739ED0;4;LFT;1;Boyd's Dam;MAIN;51;;;
C0BF2AE2;1;SOF;2;Bishop's Break;MAIN;18|21;1000.0;;extent:bounded
C0BF2AE2;2;SHZC;2;Bishop's Break;MAIN;21;;;
C0BF2AE2;3;INT;2;Bishop's Break;MAIN;21;;;
C0C0F83C;1;SHZC;1;Buckreef Deposit;MAIN;68;;;
C0C0F83C;2;SHZC;2;Buckreef Deposit;MAIN;85|95;8000.0;;
C0C0F83C;3;MYLC;2;Buckreef Deposit;MAIN;90|95;8000.0;;
C0C0F83C;4;SSF;2;Buckreef Deposit;MAIN;85|90|95;8000.0;;
C0C0F83C;5;INT;2;Buckreef Deposit;MAIN;85;;;
C0C0F83C;6;SOF;3;Buckreef Deposit;MAIN;88;;;
C11F39B2;1;CSF;1;New Alger;MAIN;34;;;
C11F39B2;2;ENE;3;New Alger;MAIN;40;;;
C11F39B2;3;INT;2;New Alger;MAIN;41;;;
C15660C7;1;THR;1;Karagba-Chauffeur-Durba (KCD);MAIN;74|75|87;10500.0;;extent:bounded|extent:range_mean
C15660C7;2;SHZC;1;Karagba-Chauffeur-Durba (KCD);MAIN;74|75|83;;;
C15660C7;3;SOF;2;Karagba-Chauffeur-Durba (KCD);MAIN;83;;;
C15660C7;4;FLD;2;Karagba-Chauffeur-Durba (KCD);MAIN;83;;;
C0D2D3EE;1;SSF;2;Sidikila;MAIN;40|41|46;;;
C16CE521;1;SOF;2;Kiena Deep A Zone;MAIN;91|101;;;
C1BB00D4;1;MYLC;1;LP Fault Zone;MAIN;41|44|45;4000.0;;extent:bounded
C1CCE8F2;1;SHZC;2;Sugar Zone;MAIN;31;3500.0;;extent:bounded
C1AF351F;2;SOF;2;Dolphin;MAIN;33|35;;;
C1AF351F;3;THR;1;Dolphin;MAIN;34;;;
C1ED958B;1;SHZC;2;New Liberty;MAIN;114;;;
C1ED958B;2;THR;2;New Liberty;MAIN;114;;;
C240D3FA;1;INC;2;Janet Ivy Porphyry;MAIN;30;;;
C215F9C2;1;SHZC;2;CSH217;MAIN;42;;;
C215F9C2;2;THR;1;CSH217;MAIN;35;;;
C215F9C2;3;SOF;2;CSH217;MAIN;42;;;
C215F9C2;4;SSF;2;CSH217;MAIN;42;;;
C1F18075;1;FLD;2;Timmins Gold Project Deposit;MAIN;15;;;
C1F18075;2;SOF;2;Timmins Gold Project Deposit;MAIN;13|15;;;
C1F18075;3;LTC;2;Timmins Gold Project Deposit;MAIN;15;;;
C20B6EBF;1;CSF;1;San Francisco;MAIN;55;;;
C20B6EBF;2;SHZC;2;San Francisco;MAIN;56|67;;;
C20B6EBF;3;THR;2;San Francisco;MAIN;67;;;
C2737FEA;1;LTC;2;Peters mine;MAIN;51;;;
C2853B2A;1;CSF;1;Malartic West;MAIN;24|25;;;
C2CBF098;1;TRP;1;Hardrock deposit;MAIN;94|100;1000.0;;
C2CBF098;2;SOF;2;Hardrock deposit;MAIN;94|100;1.0;;extent:approx_magnitude
C2CBF098;3;FLD;2;Hardrock deposit;MAIN;100|101;;;
C379D122;1;THR;1;Kobeh Ridge;MAIN;16|21;;;
C379D122;2;BMF;2;Kobeh Ridge;MAIN;19|21;;;
C379D122;3;CSF;1;Kobeh Ridge;MAIN;19;500000.0;;extent:bounded
C2F224F2;1;SHZC;1;Island Gold Deposit;MAIN;45|55;30000.0;;
C2F224F2;2;SOF;2;Island Gold Deposit;MAIN;45;;;
C3A20AC5;1;CSF;1;Monument Bay;MAIN;15|16|25;;;
C3A20AC5;2;SOF;2;Monument Bay;MAIN;25;;;
C3A20AC5;3;ENE;3;Monument Bay;MAIN;27;;;
C3A6371F;1;CSF;1;Buffalo-Ankerite;MAIN;22|23;440000.0;;extent:bounded
C3A6371F;2;SOF;2;Buffalo-Ankerite;MAIN;23;;;
C3A6371F;3;FLD;2;Buffalo-Ankerite;MAIN;23;;;
C3B278EC;1;SHZC;2;Hicks;MAIN;79|85;2900.0;;
C44A44AA;1;MYLC;2;Lac Pau;MAIN;14|15;;;
C44A44AA;2;FLD;2;Lac Pau;MAIN;14|15;;;
C3D8742E;1;SHZC;1;Jubilee Deposit;MAIN;72|85;6000.0;;extent:bounded
C3D8742E;2;SHZC;1;Jubilee Deposit;MAIN;72|74|77;;;
C3D8742E;3;SHZC;2;Jubilee Deposit;MAIN;74|75;2000.0;;extent:bounded
C3D8742E;4;SOF;2;Jubilee Deposit;MAIN;86;1000.0;;extent:bounded
C4423E04;1;BMF;1;Long Canyon;MAIN;49;;;
C4423E04;2;LTC;2;Long Canyon;MAIN;46|59;;;
C4423E04;4;THR;N/A;Long Canyon;MAIN;48;;;
C40FA5C9;1;SSF;1;Dolphin;MAIN;43|45|46|48;;;
C40FA5C9;2;SHZC;2;Dolphin;MAIN;42|48;;;
C40FA5C9;3;SOF;2;Dolphin;MAIN;42|48;;;
C40FA5C9;4;THR;1;Dolphin;MAIN;29|41;;;
C4F27B1D;1;SSF;1;Democrat;MAIN;30|32|40;;;
C4F27B1D;2;SOF;2;Democrat;MAIN;30|40|44;;;
C4FB6F35;1;CSF;1;Buster Zone;MAIN;21;482802.0;;extent:bounded
C4FB6F35;2;SHZC;1;Buster Zone;MAIN;26;3048.0;;
C4FB6F35;3;SOF;2;Buster Zone;MAIN;23;;;
C4FB6F35;4;SHZC;2;Buster Zone;MAIN;27;;;
C4F75258;1;SHZC;1;Bombore gold deposit;MAIN;48|60;30000.0;;extent:approx_magnitude
C515FA0D;1;SHZC;1;Mougnina Project;MAIN;27;;;
C515FA0D;2;LTC;2;Mougnina Project;MAIN;30;;;
C553E382;1;SHZC;2;Paddy's Flat;MAIN;86|87;;;
C553E382;2;SOF;2;Paddy's Flat;MAIN;88|99;;;
C553E382;3;SOF;3;Paddy's Flat;MAIN;100;;;
C553E382;4;THR;3;Paddy's Flat;MAIN;101|102;;;
C57DC080;1;THR;1;Skvoznoy;MAIN;25;;;
C5A13681;1;INC;2;Beaufor Mine;MAIN;66;;;
C5B70A38;1;FLD;2;Hump Vein;MAIN;18;;;
C61AC28A;1;SOF;2;Kone;MAIN;23|25|28;;;
C5EF24DD;1;SHZC;2;Volta Grande Project;MAIN;74|79;;;
C5EF24DD;2;INT;2;Volta Grande Project;MAIN;74;;;
C5F091DE;1;SHZC;2;Komahun;MAIN;16;;;
C5F091DE;2;SOF;3;Komahun;MAIN;16;;;
C5FC035D;1;SHZC;1;Fazenda;MAIN;54;;;
C5FC035D;2;MYLC;2;Fazenda;MAIN;54|55;;;
C6EFD2B3;1;CSF;1;Garrcon Deposit;MAIN;88|92|93;;;
C6EFD2B3;2;SOF;2;Garrcon Deposit;MAIN;92;;;
C69A15A2;1;CSF;1;Box;MAIN;52|73;;;
C69A15A2;2;LTC;2;Box;MAIN;81;;;
C69A15A2;3;ENE;3;Box;MAIN;81;;;
C698C158;1;SHZC;2;Lac Herbin;MAIN;24|25|155;;;
C698C158;2;SHZC;1;Lac Herbin;MAIN;27;609.6;;extent:range_mean
C628DB78;1;CSF;1;Jacobina;MAIN;38|45;500000.0;;
C628DB78;2;THR;1;Jacobina;MAIN;45;;;
C628DB78;3;THR;2;Jacobina;MAIN;45;;;
C628DB78;4;SSF;2;Jacobina;MAIN;45;;;
C628DB78;5;SHZC;2;Jacobina;MAIN;45;;;
C72312B6;1;SHZC;1;Hirsikangas;MAIN;28;;;
C72312B6;2;ENE;2;Hirsikangas;MAIN;28;;;
C77B79FA;1;SHZC;2;Lac Herbin;MAIN;27|28;;;
C77B79FA;2;SHZC;1;Lac Herbin;MAIN;30;;;
C78E21EB;1;SSF;1;Coffee;MAIN;71;;;
C78E21EB;2;INT;2;Coffee;MAIN;76;;;
C7BF4D7A;1;SHZC;2;Colomac Main;MAIN;141|145;;;
C7BF4D7A;2;INT;2;Colomac Main;MAIN;141;;;
C7F84FF8;1;SHZC;1;Bell Creek Complex;MAIN;25|29|32;;;
C7F84FF8;2;LTC;2;Bell Creek Complex;MAIN;28|33;;;
C7F84FF8;3;SSF;2;Bell Creek Complex;MAIN;28;;;
C81E3145;1;SHZC;1;Kerboulé;MAIN;30|32;;;
C81E3145;2;SOF;2;Kerboulé;MAIN;32;;;
C911F441;1;SHZC;1;Flordin deposit;MAIN;27|31;80000.0;;extent:bounded
C911F441;2;SOF;2;Flordin deposit;MAIN;35;;;
C911F441;3;MYLC;2;Flordin deposit;MAIN;35;;;
C990DF67;1;SHZC;1;Gramalote;MAIN;33;;;
C990DF67;3;SOF;2;Gramalote;MAIN;34|39;;;
C92602D0;1;CSF;1;New Liberty;MAIN;27|36;;;
C92602D0;2;SOF;2;New Liberty;MAIN;29|30|36|38;;;
C92602D0;3;THR;2;New Liberty;MAIN;33;;;
C9AC7B54;1;SSF;1;Björkdal;MAIN;47|51|52;;30.0;distance:bounded
C9AC7B54;2;SOF;2;Björkdal;MAIN;53;;;
C9F2FBCF;1;SHZC;2;Kalsaka Hill;MAIN;19|21;;;
C9F2FBCF;2;THR;1;Kalsaka Hill;MAIN;21;2000.0;;
C9E06435;1;CSF;1;Valentine Gold Project;MAIN;94|97|99|105|118;;230.0;distance:bounded
C9E215E5;1;CSF;1;O'Brien Project;MAIN;36|38|42|48;;;
CA35DFE5;1;CSF;1;Orenada Zones 2 and 4;MAIN;62|65|67;;;
CA35DFE5;2;FLD;2;Orenada Zones 2 and 4;MAIN;67;;;
CA78E21C;1;SHZC;1;Aarnivalkea;MAIN;37|38;;;
CA78E21C;2;SHZC;1;Aarnivalkea;MAIN;37;;;
CA78E21C;3;LTC;2;Aarnivalkea;MAIN;43;;;
CA7AA11B;1;SHZC;2;Eureka;MAIN;17|18;;;
CA8EC060;1;CSF;1;Twin Hills;MAIN;47|53|56|65;100000.0;;extent:bounded
CA8EC060;2;SOF;2;Twin Hills;MAIN;53;;;
CA66A9C6;1;CSF;1;North Stock;MAIN;36|44;;;
CA66A9C6;2;SOF;2;North Stock;MAIN;44;;;
CA66A9C6;3;CLD;2;North Stock;MAIN;44;;;
CA66A9C6;4;INT;3;North Stock;MAIN;44;;;
CAD87282;1;SHZC;N/A;Kinyambwiga;MAIN;31|32;;;
CAD87282;2;INT;N/A;Kinyambwiga;MAIN;32;;;
CB92F51F;1;SHZC;1;True North;MAIN;47;;;
CB92F51F;2;TRP;2;True North;MAIN;51;3050.0;;extent:range_mean
CB92F51F;3;TRT;2;True North;MAIN;51;3050.0;;extent:range_mean
CAE1178D;1;CSF;1;Kerr-Addison deposit;MAIN;53|54|72;250000.0;;
CAE1178D;2;SOF;2;Kerr-Addison deposit;MAIN;61;;;
CAE1178D;4;LTC;2;Kerr-Addison deposit;MAIN;64;;;
CB3D8DD3;1;SHZC;2;Sugar Zone;MAIN;57;3500.0;;extent:bounded
CBB4692B;1;CSF;1;Tachamek;MAIN;31|37|38|39;420000.0;;
CBC22B53;1;SHZC;2;Solomon's Pillars;MAIN;21|22;;;
CBBEF9F4;1;SSF;1;Sleeping Giant Mine;MAIN;16;;;
CBBEF9F4;2;SSF;2;Sleeping Giant Mine;MAIN;16;;;
CBBEF9F4;3;SOF;2;Sleeping Giant Mine;MAIN;17;;;
CC224DE9;1;SHZC;2;Peter Pan;MAIN;57|58;;;
CC224DE9;2;SOF;2;Peter Pan;MAIN;58;;;
CC224DE9;3;INT;2;Peter Pan;MAIN;58;;;
CCAEFFBA;1;SHZC;1;Koka;MAIN;30|35;;;
CCAEFFBA;2;MYLC;2;Koka;MAIN;32|34;;;
CCAEFFBA;3;THR;2;Koka;MAIN;34;;;
CCAEFFBA;4;ENE;3;Koka;MAIN;37;;;
CD16102D;1;MYLC;1;La Pointe / La Pointe Extension;MAIN;34|38;;;
CD26F728;1;SHZC;2;Puffy Lake Deposit;MAIN;49;;;
CD570B87;1;THR;1;Mineral Ridge;MAIN;56;;;
CD570B87;2;DET;2;Mineral Ridge;MAIN;62;;;
CD570B87;3;SHZC;2;Mineral Ridge;MAIN;63;;;
CDA590EA;1;SHZC;1;Goldlund;MAIN;42|49;;;
CDA590EA;2;LTC;2;Goldlund;MAIN;49;;;
CD7EC930;1;SOF;2;Main Zone;MAIN;29|31;;;
CD7EC930;2;CSF;1;Main Zone;MAIN;28|33;;;
CD7EC930;4;SSF;1;Main Zone;MAIN;29|30;;;
CD8A2D36;1;THR;1;Island Mountain;MAIN;115|137;;;
CD8A2D36;2;FLD;2;Island Mountain;MAIN;127|129|138;;;
CD8A2D36;3;SSF;2;Island Mountain;MAIN;137;;;
CD8A2D36;4;LTC;2;Island Mountain;MAIN;137;;;
CDBA83AE;1;SHZC;2;Monique Gold Trend;MAIN;65;2500.0;;
CDBA83AE;2;LTC;2;Monique Gold Trend;MAIN;65;;;
CDBA83AE;3;ENE;3;Monique Gold Trend;MAIN;67;;;
CE1FC5A0;1;SHZC;2;Sickle;MAIN;97;;;
CE1FC5A0;2;FLD;2;Sickle;MAIN;97;;;
CE1FC5A0;3;SSF;1;Sickle;MAIN;89|93;;;
CE5CDB4D;1;SHZC;1;Gramalote Ridge;MAIN;28;;;
CE5CDB4D;2;SOF;2;Gramalote Ridge;MAIN;31;;;
CE9ACC7E;3;FLD;2;Egerton-MacLean Area;MAIN;49|52|54|55;;;
CE68C2B3;1;SHZC;1;Volta Grande;MAIN;67|70|76;;;
CE68C2B3;2;INT;2;Volta Grande;MAIN;69;;;
CE9116AC;1;SHZC;1;Augmitto;MAIN;50|52|62;50000.0;;
CE9116AC;2;SOF;2;Augmitto;MAIN;55;;;
CE9116AC;3;SHZC;1;Augmitto;MAIN;52;;;
CE9116AC;4;SSF;1;Augmitto;MAIN;52;;;
CEA758A5;1;CSF;1;Salave;MAIN;41|48;;;
CEA758A5;2;SHZC;2;Salave;MAIN;55|56;;;
CF3A5002;1;NRM;2;Pan;MAIN;49|51;;;
CF3A5002;3;THR;2;Pan;MAIN;50;;;
CF158E4D;1;TRP;1;Hardrock;MAIN;94|100;1000.0;;
CF158E4D;2;FLD;2;Hardrock;MAIN;93|100;;;
CF158E4D;3;SOF;2;Hardrock;MAIN;94|100;;;
CF1EADF4;1;LFT;2;Black Pine;MAIN;59|67;;;
CF1EADF4;2;DET;1;Black Pine;MAIN;57|59;;;
CEBC60EF;1;CSF;1;Sigma-Lamaque;MAIN;98;200000.0;;extent:bounded
CEBC60EF;2;SOF;2;Sigma-Lamaque;MAIN;98;5500.0;;extent:range_mean
CEBC60EF;3;SOF;3;Sigma-Lamaque;MAIN;98;1000.0;;
CEBC60EF;4;THR;2;Sigma-Lamaque;MAIN;104;;;
CEBC60EF;5;SHZC;2;Sigma-Lamaque;MAIN;107|108;;;
CF8E26D1;1;THR;2;Mesquite;MAIN;42;;;
CF8E26D1;2;SSF;2;Mesquite;MAIN;43;;;
CF8E26D1;4;CSF;1;Mesquite;MAIN;38|43;;;
CFB4B1ED;1;CSF;1;Marathon Gold Deposit;MAIN;63|66|69;;150.0;
CFB4B1ED;2;SOF;2;Marathon Gold Deposit;MAIN;66|73;;;
CFB4B1ED;3;SOF;3;Marathon Gold Deposit;MAIN;66|69|73;;;
CFB4B1ED;4;JOG;3;Marathon Gold Deposit;MAIN;73;;;
CFB4B1ED;5;SSF;2;Marathon Gold Deposit;MAIN;66|73;;;
CFC06040;1;INT;2;Daling Prospect;MAIN;23;;;
CFC06040;2;JOG;2;Daling Prospect;MAIN;23;;;
CFE63D30;1;SHZC;1;Bonikro;MAIN;40|43;;;
CFC97564;1;SHZC;2;Volta Grande;MAIN;32|36;;;
D01DBB01;1;SHZC;2;New Beliveau;MAIN;82;;;
D01DBB01;3;LTC;2;New Beliveau;MAIN;87;;;
D03502D8;1;CSF;1;Fenn-Gib Deposit;MAIN;46;;2000.0;distance:bounded
D03502D8;2;SOF;2;Fenn-Gib Deposit;MAIN;46|49;;;
D03FA90B;1;THR;2;Agbaou;MAIN;33|34|35|36|37;2000.0;;extent:bounded
D0601DC6;1;CSF;1;South Mine Complex;MAIN;22|23;200000.0;;
D0601DC6;2;SOF;2;South Mine Complex;MAIN;23;;;
D055AE2F;1;BMF;1;Cortez Hills Complex;MAIN;62;;;distance:unparseable
D055AE2F;3;THR;2;Cortez Hills Complex;MAIN;62|66;;;
D07DE927;1;FLD;1;Amaruq;MAIN;66;;;
D07DE927;2;SHZC;2;Amaruq;MAIN;69|76;;;
D07DE927;3;LTC;2;Amaruq;MAIN;70|76;;;
D09B7FF2;1;THR;2;Lunch Pond South Extension;MAIN;37|41;;;
D09B7FF2;3;CSF;1;Lunch Pond South Extension;MAIN;24|26;;;
D0A8A5F3;1;SOF;2;Twangiza Main;MAIN;44;;;
D0A8A5F3;2;FLD;2;Twangiza Main;MAIN;44;;;
D1310779;1;THR;2;Minapampa;MAIN;45|48;;;
D1310779;2;THR;2;Minapampa;MAIN;48;;;
D1310779;3;SHZC;2;Minapampa;MAIN;55;;;
D10D204F;1;SSF;2;Paiol;MAIN;75;;;
D10D204F;2;INT;2;Paiol;MAIN;75;;;
D1733401;1;SHZC;1;Diakha;MAIN;37|45;;;
D1733401;2;THR;2;Diakha;MAIN;39;;;
D180F7DA;1;THR;1;West Branch;MAIN;52;;;
D180F7DA;2;SOF;2;West Branch;MAIN;52;;;
D180F7DA;3;FLD;2;West Branch;MAIN;52;;;
D180F7DA;4;LTC;2;West Branch;MAIN;53;;;
D1DED693;1;SHZC;2;Eastern Extension;MAIN;24;;;
D1C90F07;1;CSF;1;New Liberty;MAIN;28;;;
D1C90F07;2;MYLC;2;New Liberty;MAIN;28|40;;;
D1C90F07;3;THR;2;New Liberty;MAIN;34;;;
D1C7DCAE;1;FLD;2;Cosmo;MAIN;69;;;
D1C7DCAE;2;THR;2;Cosmo;MAIN;71|72|80;;;
D1C7DCAE;6;THR;2;Cosmo;MAIN;84|85;;;
D200A2DF;1;SHZC;1;Kibali-Durba-Karagba Trend;MAIN;57;;;
D229183F;1;SHZC;1;Corcoesto;MAIN;40|43|49;2000.0;;
D229183F;2;SOF;2;Corcoesto;MAIN;43|49;;;
D229183F;3;SSF;2;Corcoesto;MAIN;45;;;
D202B950;1;DET;1;Tin Cup zone;MAIN;24|25|27|28;;;
D202B950;2;SOF;2;Tin Cup zone;MAIN;27;;;
D202B950;3;INT;2;Tin Cup zone;MAIN;25|27;;;
D213D0EA;1;CSF;1;Duparquet deposit;MAIN;72|77;;;
D213D0EA;2;SHZC;2;Duparquet deposit;MAIN;77|79|88;;;
D213D0EA;3;LTC;2;Duparquet deposit;MAIN;88;;;
D245FB2F;1;CSF;1;Alexander Mine;MAIN;32;;15000.0;distance:bounded
D245FB2F;2;SHZC;2;Alexander Mine;MAIN;33|34;2000.0;;
D248E3F0;1;SOF;2;325-Megane Zone;MAIN;85|99;4000.0;;extent:bounded
D248E3F0;2;SHZC;1;325-Megane Zone;MAIN;82|99;;;
D248E3F0;3;SHZC;1;325-Megane Zone;MAIN;82;32000.0;;extent:bounded
D248DF2B;1;SHZC;1;Volta Grande;MAIN;4|33|36|40;;;
D25C0E75;1;SHZC;1;Diba;MAIN;67|75|76;;;
D281449C;1;SHZC;1;Luhwaika;MAIN;44;;;
D281449C;2;SHZC;2;Luhwaika;MAIN;61;;;
D2BA22F7;1;CSF;1;South West;MAIN;52|56|80;;;
D2BA22F7;2;SOF;2;South West;MAIN;62;;;
D2C39319;1;SHZC;1;Ronguen gold deposit;MAIN;31|33;;;
D2C39319;2;SHZC;2;Ronguen gold deposit;MAIN;33;;;
D2C39319;3;THR;2;Ronguen gold deposit;MAIN;33;;;
D31D9902;1;THR;2;Oro Cruz deposit;MAIN;72;;;
D31D9902;2;SSF;2;Oro Cruz deposit;MAIN;70|72;;;
D31D9902;3;DET;1;Oro Cruz deposit;MAIN;77|78|79;;;
D3651964;1;THR;1;Central Tenements;MAIN;33|37;;;
D3651964;2;THR;2;Central Tenements;MAIN;33;;;
D3651964;4;FLD;3;Central Tenements;MAIN;37;;;
D38C5804;1;CSF;1;Eau Claire;MAIN;74;;;
D38C5804;2;SHZC;2;Eau Claire;MAIN;66|71;;;
D38C5804;3;ENE;3;Eau Claire;MAIN;65|66;;;
D3E94EA4;1;SHZC;1;F2 Gold System;MAIN;25;;;
D3BD1C31;1;SSF;1;ACMA-Lewis;MAIN;63;;;
D3BD1C31;2;SSF;1;ACMA-Lewis;MAIN;63|65;;15000.0;
824A53D2;1;CSF;1;No. 4 Plug;MAIN;29|40;250000.0;;
824A53D2;2;SHZC;2;No. 4 Plug;MAIN;36|49;;;
824A53D2;3;SOF;3;No. 4 Plug;MAIN;36;;;
485334B3;1;TRP;2;Perron;MAIN;15|16;;;
485334B3;2;FLD;2;Perron;MAIN;15;;;
76AE6E21;1;SSF;1;Solona;MAIN;37;500000.0;;extent:bounded
76AE6E21;2;SOF;2;Solona;MAIN;39;;;
76AE6E21;3;INT;2;Solona;MAIN;39;;;
76AE6E21;4;SHZC;2;Solona;MAIN;48|49;;;
4CF7B3C4;1;CSF;1;Tower Gold Project;MAIN;97|98|99;;;
4CF7B3C4;2;SOF;2;Tower Gold Project;MAIN;98|101|110;;;
4CF7B3C4;4;INT;2;Tower Gold Project;MAIN;101;;;
860C3667;1;SHZC;1;Gounkoto;MAIN;26;;;
860C3667;2;SOF;2;Gounkoto;MAIN;26;;;
860C3667;3;THR;3;Gounkoto;MAIN;26;;;
860C3667;4;SHZC;2;Gounkoto;MAIN;33|42;;;
860C3667;5;JOG;2;Gounkoto;MAIN;28|33;;;
860C3667;6;FLW;2;Gounkoto;MAIN;33;;;
860C3667;7;LTC;2;Gounkoto;MAIN;33|41;;;
524A25F5;1;SSF;1;Montagne d'Or;MAIN;28|33;;;
524A25F5;2;SHZC;2;Montagne d'Or;MAIN;29|34|40;;;
7FA769BE;1;SHZC;1;Jean Gobele;MAIN;11;;;
7FA769BE;2;SHZC;2;Jean Gobele;MAIN;11;;;
7C84371F;1;SHZC;2;Piaba;MAIN;67|69;;;
7C84371F;2;SOF;2;Piaba;MAIN;69;;;
809339BA;1;SHZC;2;Juby Zone;MAIN;43|44|49;;;
809339BA;2;CSF;1;Juby Zone;MAIN;43|53;;;
809339BA;3;LTC;2;Juby Zone;MAIN;55;;;
80BE5D2B;1;TRP;1;Valentine Lake Deposits;MAIN;57|65;;;
80BE5D2B;2;SOF;2;Valentine Lake Deposits;MAIN;57|65;;;
80BE5D2B;3;SOF;3;Valentine Lake Deposits;MAIN;57|65;;;
80BE5D2B;4;JOG;3;Valentine Lake Deposits;MAIN;62|65;;;
80BE5D2B;5;LTC;2;Valentine Lake Deposits;MAIN;65;;;
4F7B85A8;1;BMF;2;Spring Valley;MAIN;53;;;
4F7B85A8;2;INT;2;Spring Valley;MAIN;53;;;
4F7B85A8;3;CSF;1;Spring Valley;MAIN;60;;;
7EEAF943;1;SHZC;1;Piaba;MAIN;48|49;3000.0;;extent:approx_magnitude
7EEAF943;2;JOG;2;Piaba;MAIN;49|58;;;
7EEAF943;3;SOF;2;Piaba;MAIN;50|58;;;
7EEAF943;4;LTC;2;Piaba;MAIN;48|50|58;;;
461CCD75;1;THR;1;Mont Ity;MAIN;112;;;
6405EAA9;1;SHZC;1;Friday Zone;MAIN;13|14;40233.5;;
7E9A60AF;1;SSF;1;Mineral Ridge;MAIN;41;;;
7E9A60AF;2;DET;2;Mineral Ridge;MAIN;49|52;;;
7E9A60AF;3;SHZC;2;Mineral Ridge;MAIN;44|52;;;
7E9A60AF;4;FLD;2;Mineral Ridge;MAIN;42|45|52;;;
7E9A60AF;5;THR;2;Mineral Ridge;MAIN;51|52;;;
7E9A60AF;6;INT;2;Mineral Ridge;MAIN;45|52;;;
4ABEB133;1;FLD;2;Tabakoto Deposit;MAIN;71|73|80;;;
4ABEB133;2;SHZC;1;Tabakoto Deposit;MAIN;69|70;80000.0;;extent:bounded
7D6F399F;1;CSF;1;Holloway-Holt Project;MAIN;21|51|55;260000.0;;
7D6F399F;2;SHZC;2;Holloway-Holt Project;MAIN;58|67;10000.0;;extent:bounded
7D6F399F;3;SHZC;2;Holloway-Holt Project;MAIN;57|63|65;;;
7D6F399F;5;SOF;2;Holloway-Holt Project;MAIN;56;;;
7246F25E;1;SHZC;1;Kunsu;MAIN;42|43|45;;;
7246F25E;2;BMF;1;Kunsu;MAIN;42;;;
7246F25E;3;INT;2;Kunsu;MAIN;50;;;
8574DCE9;1;SHZC;2;Madsen Deposit;MAIN;86|98;;;
8574DCE9;2;SHZC;2;Madsen Deposit;MAIN;86|102;8000.0;;
8574DCE9;3;LTC;2;Madsen Deposit;MAIN;98|109;;;
8574DCE9;4;FLD;2;Madsen Deposit;MAIN;86|87;;;
7A0689E5;1;SHZC;1;Ity Gold Mine;MAIN;48|54|55|63;;;
7A0689E5;2;SOF;2;Ity Gold Mine;MAIN;55;;;
7A0689E5;3;LTC;2;Ity Gold Mine;MAIN;48|55|61|62;;;
7A0689E5;4;INC;2;Ity Gold Mine;MAIN;48|55;;;
7A0689E5;5;THR;1;Ity Gold Mine;MAIN;49;;;
7A0689E5;6;INT;2;Ity Gold Mine;MAIN;63;;;
5457D9C0;1;CSF;1;Cuiú Cuiú;MAIN;47|62|75;;;
5457D9C0;2;SSF;1;Cuiú Cuiú;MAIN;54;;;
5457D9C0;3;SHZC;2;Cuiú Cuiú;MAIN;54;;;
5457D9C0;4;ENE;3;Cuiú Cuiú;MAIN;60;;;
5457D9C0;5;SSF;2;Cuiú Cuiú;MAIN;60;;;
8AA26423;1;SOF;2;Valley;MAIN;72;;;
8AA26423;2;SOF;2;Valley;MAIN;70;;;
5D6EA3D4;1;SHZC;2;Orenada Zone 4;MAIN;19|21;;;
5D6EA3D4;2;FLD;2;Orenada Zone 4;MAIN;21;;;
56560B53;1;INT;1;Noseno;MAIN;26;;;
68961915;2;SOF;2;Bigar Hill;MAIN;77;;;
65C913B8;1;MYLC;2;Radcliff Mine;MAIN;35|36;;;
43C943BC;1;SHZC;2;Pilar;MAIN;54;;;
43C943BC;2;THR;2;Pilar;MAIN;57;;;
43C943BC;3;FLD;3;Pilar;MAIN;54|60;;;
691CA9D5;1;SHZC;1;Kumtor;MAIN;54|56;;;
691CA9D5;2;THR;2;Kumtor;MAIN;54|55;;;
691CA9D5;3;SSF;2;Kumtor;MAIN;54;;;
7D444D82;1;SHZC;2;Frankfield East Deposit;MAIN;45|50|53;;;
7D444D82;2;GSC;2;Frankfield East Deposit;MAIN;50;;;
7D444D82;3;SSF;2;Frankfield East Deposit;MAIN;48;;;
69D92AD9;1;SSF;2;Mesquite Mine;MAIN;54;;;
69D92AD9;3;INT;2;Mesquite Mine;MAIN;58;;;
69D92AD9;4;FLD;2;Mesquite Mine;MAIN;51;;;
81F1CA0D;1;CSF;1;Brewery Creek Project;MAIN;51;450000.0;;extent:bounded
81F1CA0D;2;THR;1;Brewery Creek Project;MAIN;51;;;
81F1CA0D;3;THR;2;Brewery Creek Project;MAIN;54|59;;;
81F1CA0D;4;SSF;2;Brewery Creek Project;MAIN;59|60;1500.0;;
81F1CA0D;5;NRM;3;Brewery Creek Project;MAIN;59|60;;;
488CB3E5;1;SSF;2;Cheechoo B-West;MAIN;62;;;
488CB3E5;2;INC;2;Cheechoo B-West;MAIN;63;;;
44B2CDE0;1;FLD;2;Goldboro;MAIN;96|98|105;;;
44B2CDE0;3;NRM;2;Goldboro;MAIN;96|98;;;
44B2CDE0;4;LTC;2;Goldboro;MAIN;98;;;
60AC8A90;2;INT;2;West Pequop;MAIN;33;;;
60AC8A90;3;FLD;3;West Pequop;MAIN;42;;;
71519F7B;1;SHZC;1;White Foil;MAIN;27;;;
71519F7B;2;FLD;2;White Foil;MAIN;27;;;
71519F7B;3;LTC;2;White Foil;MAIN;27|31;;;
8C4B1AEA;1;CSF;1;São Francisco Mine;MAIN;30;600000.0;;extent:bounded
8C4B1AEA;2;SHZC;2;São Francisco Mine;MAIN;33|34|35;;;
8C4B1AEA;3;FLD;2;São Francisco Mine;MAIN;33|34;;;
675A8CD2;1;CSF;1;Boyer Lake;MAIN;17|21;50000.0;;extent:bounded
675A8CD2;2;SOF;2;Boyer Lake;MAIN;21;;;
8094542A;1;THR;1;Queensway;MAIN;77;;;
8094542A;2;SHZC;1;Queensway;MAIN;77;;;
8094542A;3;SOF;2;Queensway;MAIN;83;;;
8094542A;4;SHZC;2;Queensway;MAIN;79;;;
8094542A;5;SSF;2;Queensway;MAIN;79;;;
8094542A;6;FLD;1;Queensway;MAIN;79;;;
50C9D795;1;SHZC;1;Frankfield Deposit;MAIN;24;20000.0;;extent:bounded
50C9D795;2;SOF;2;Frankfield Deposit;MAIN;24;;;
50C9D795;3;INT;2;Frankfield Deposit;MAIN;24|36;;;
50C9D795;4;SSF;2;Frankfield Deposit;MAIN;21;;;
8370D55A;1;CSF;1;O'Brien Project;MAIN;67|69|72;25000.0;;
7DCB230D;1;SHZC;2;Majorodam;MAIN;29;;;
7DCB230D;2;SOF;2;Majorodam;MAIN;29;;;
7514C5D7;1;THR;1;Powerline;MAIN;78|89;;;
7514C5D7;2;FLD;1;Powerline;MAIN;78;;;
45129AC2;1;FLD;2;Doris Deposit;MAIN;79;;;
45129AC2;2;SSF;2;Doris Deposit;MAIN;80;;;
45129AC2;3;THR;2;Doris Deposit;MAIN;80;;;
73BB641B;1;FLD;1;Piment Zone;MAIN;35;;;
73BB641B;2;SHZC;2;Piment Zone;MAIN;38;;;
86F5DCCA;1;CSF;1;Canadian Malartic deposit;MAIN;49;;;
86F5DCCA;2;SOF;2;Canadian Malartic deposit;MAIN;52;;;
86F5DCCA;3;FLD;2;Canadian Malartic deposit;MAIN;54;;;
D40A379A;1;SHZC;1;Fazenda Brasileiro;MAIN;41;10000.0;;
D40A379A;2;FLD;2;Fazenda Brasileiro;MAIN;42|46;;;
D40A379A;3;SHZC;2;Fazenda Brasileiro;MAIN;42;;;
D4CF8324;1;SSF;1;Central Zone;MAIN;12;;;
D4CF8324;2;SOF;2;Central Zone;MAIN;23;;;
D4CF8324;3;SHZC;3;Central Zone;MAIN;15;;;
D4806B81;1;SSF;2;Mexican Hat;MAIN;41;;;
D4806B81;3;THR;2;Mexican Hat;MAIN;41;;;
D4806B81;4;THR;1;Mexican Hat;MAIN;44;;;
D4806B81;5;SSF;2;Mexican Hat;MAIN;44;;;
D45D5CCF;1;FLD;1;Castelo dos Sonhos;MAIN;51|56;;;
D45D5CCF;2;SSF;2;Castelo dos Sonhos;MAIN;51;;;
D4F918AC;1;SHZC;N/A;Whirlwind Jack Property;MAIN;24;;;
D54E165D;1;SSF;1;EMZ;MAIN;41;;;
D54E165D;2;FLD;2;EMZ;MAIN;48|62;;;
D54E165D;3;LTC;2;EMZ;MAIN;41|62;;;
D5FB67AD;1;SHZC;1;KGP Project;MAIN;45|52;;;
D5FB67AD;2;SOF;2;KGP Project;MAIN;52;;;
D5FB67AD;3;FLD;2;KGP Project;MAIN;47|52;;;
D602984C;1;SHZC;2;Elizabeth Gold;MAIN;52;1000.0;;
D602984C;2;THR;2;Elizabeth Gold;MAIN;53;;;
D60E5A09;1;FLD;1;Twangiza;MAIN;40;;;
D60E5A09;2;FLD;2;Twangiza;MAIN;40|42;;;
D60E5A09;3;SHZC;2;Twangiza;MAIN;40|42;;;
D64CDE97;1;SHZC;2;Taparko;MAIN;44;10000.0;;extent:bounded
D64CDE97;2;SOF;2;Taparko;MAIN;44;10000.0;;extent:bounded
D645D0F0;1;SHZC;1;Gold Bar North;MAIN;78|85|89;;;
D645D0F0;3;INT;2;Gold Bar North;MAIN;85;;;
D645D0F0;4;FLD;1;Gold Bar North;MAIN;78;;;
D67719DD;1;SSF;1;Island Gold;MAIN;34;30000.0;;
D67719DD;2;SHZC;2;Island Gold;MAIN;36|39|42;;;
D67719DD;3;ENE;3;Island Gold;MAIN;42;;;
D67719DD;4;FLD;2;Island Gold;MAIN;39;;;
D69A69BB;1;SHZC;1;Farabakoura;MAIN;31|34;;;
D69A69BB;2;SHZC;1;Farabakoura;MAIN;35;;;
D69A69BB;3;INC;2;Farabakoura;MAIN;48;;;
D69A69BB;4;SHZC;2;Farabakoura;MAIN;45|56;;;
D6B0A632;1;SHZC;2;Buckreef Prospect;MAIN;43;8000.0;;
D79C53D1;1;SHZC;N/A;Sawayaerdun;MAIN;31;;;
D79C53D1;2;JOG;N/A;Sawayaerdun;MAIN;28;;;
D79C53D1;3;SOF;N/A;Sawayaerdun;MAIN;31;;;
D79C53D1;4;GSC;N/A;Sawayaerdun;MAIN;28;;;
D7506DA8;1;CSF;1;Central;MAIN;98|113|121;;;
D7506DA8;2;SSF;1;Central;MAIN;105|111;;;
D7506DA8;3;ENE;3;Central;MAIN;111;;;
D7AC088D;1;CSF;1;Main Zone;MAIN;9;250000.0;;
D7AC088D;2;SHZC;1;Main Zone;MAIN;9|17;;;
D7AC088D;3;SHZC;2;Main Zone;MAIN;17;;;
D7AC8406;1;SHZC;1;55 Zone;MAIN;42|43;;;
D7AC8406;2;SHZC;2;55 Zone;MAIN;46;;;
D7BA0DE9;1;FLD;2;Pistol Lake;MAIN;42|47|66;;;
D7BA0DE9;2;FLD;3;Pistol Lake;MAIN;47|66;;;
D7C25EB0;1;SHZC;2;Surluga Deposit;MAIN;98|101;5500.0;;
D7C25EB0;2;CSF;1;Surluga Deposit;MAIN;89;;;
D7C25EB0;3;SSF;2;Surluga Deposit;MAIN;111;;;
D7CF2CD9;2;FLD;1;Cerro de Oro;MAIN;65;;;
D7DBD350;1;SSF;2;Kinsley;MAIN;56|62;;;
D7DBD350;4;FLD;2;Kinsley;MAIN;63|71;;;
D7E7A302;1;THR;1;Dachang Main Zone (DMZ);MAIN;35|37|45;1000000.0;;extent:bounded
D7E7A302;2;SHZC;2;Dachang Main Zone (DMZ);MAIN;37|45;3000.0;;extent:approx_magnitude
D854EE8F;1;FLD;2;Goldboro;MAIN;102|104;;;
D854EE8F;2;SSF;2;Goldboro;MAIN;102|104;;;
D85EB4BF;1;CSF;1;Chimo Mine;MAIN;36|37|39;;;
D85EB4BF;2;SOF;2;Chimo Mine;MAIN;39;;;
D85EB4BF;3;INT;2;Chimo Mine;MAIN;50|56;;;
D85EB4BF;4;LTC;2;Chimo Mine;MAIN;46|52;;;
D85EB4BF;5;SHZC;2;Chimo Mine;MAIN;47|52;;;
D85EB4BF;6;FLD;2;Chimo Mine;MAIN;47|50;;;
D835C902;1;CSF;1;Kiena Mine;MAIN;128;250000.0;;
D835C902;2;SHZC;2;Kiena Mine;MAIN;129;;;
D835C902;3;SHZC;2;Kiena Mine;MAIN;130;10000.0;;extent:bounded
D835C902;4;SHZC;2;Kiena Mine;MAIN;130;3000.0;;extent:bounded
D835C902;5;FLD;2;Kiena Mine;MAIN;132|140;;;
D835C902;6;SHZC;3;Kiena Mine;MAIN;143|148;;;
D8661928;1;THR;2;Lunch Pond South Extension;MAIN;37|41;;;
D8661928;2;THR;2;Lunch Pond South Extension;MAIN;37;;;
D87093B7;1;SHZC;1;Riacho dos Machados;MAIN;49;30000.0;;extent:bounded
D8AC936D;1;SHZC;2;Bilboes;MAIN;63|65;;;
D8AC936D;2;ENE;3;Bilboes;MAIN;63;;;
D902558E;1;SHZC;1;Gruyere;MAIN;31|32;;;
D902558E;2;JOG;1;Gruyere;MAIN;31;;;
D902558E;3;THR;2;Gruyere;MAIN;32;;;
D8CED400;1;SHZC;1;West Cache;MAIN;80|91;440000.0;;
D8CED400;2;SHZC;2;West Cache;MAIN;17|81;;;
D8B7B091;1;FLD;2;Bonanza;MAIN;22;;;
D8B7B091;2;SHZC;2;Bonanza;MAIN;22|23;;;
D8B7B091;3;SOF;2;Bonanza;MAIN;23;;;
D8B7B091;4;INT;2;Bonanza;MAIN;23;;;
D942A86D;1;SOF;2;Trident;MAIN;30;;;
D942A86D;2;FLD;2;Trident;MAIN;30;;;
D96C6BD7;2;SHZC;2;Neal Vein Zone;MAIN;35;;;
D96C6BD7;3;JOG;2;Neal Vein Zone;MAIN;36;;;
D97FA297;1;THR;1;Posse Deposit;MAIN;46|49;;;
D97FA297;2;SHZC;1;Posse Deposit;MAIN;47|49;50000.0;;
D97FA297;3;MYLC;2;Posse Deposit;MAIN;47;;;
D97FA297;4;JOG;2;Posse Deposit;MAIN;47;;;
D98D7761;1;SHZC;2;Orfée East;MAIN;15|17;;;
D98D7761;2;FLD;2;Orfée East;MAIN;17;;;
D99F22E5;1;BMF;1;Dark Star;MAIN;50|52|54|71;8046.7;;extent:bounded
D99F22E5;2;FLD;2;Dark Star;MAIN;50;;;
D9EF1BAF;1;SSF;2;Farley Lake deposit;MAIN;23;;;
D9C5382E;1;SHZC;1;Massawa;MAIN;62;;;
D9C5382E;2;SOF;2;Massawa;MAIN;68;;;
D9C5382E;3;INT;2;Massawa;MAIN;68;;;
DA13E52C;1;SHZC;1;Piaba;MAIN;75|78;;;
DA13E52C;2;SOF;2;Piaba;MAIN;78;;;
DA39C6FD;1;INT;N/A;Nampala;MAIN;29;;;
DA39C6FD;2;SHZC;2;Nampala;MAIN;29;;;
DA39C6FD;3;INC;2;Nampala;MAIN;29;;;
DAA5F488;1;SHZC;1;Adelemont;MAIN;21;;;
DAA5F488;2;SHZC;2;Adelemont;MAIN;27|28;;;
DAA56F2A;1;SHZC;2;Surluga;MAIN;27;;;
DAA56F2A;3;INT;2;Surluga;MAIN;32;;;
DA6A34ED;2;TRT;1;Smoking Pipe;MAIN;34;;;
DB36BE35;1;SHZC;1;Paiol;MAIN;59;;;
DB36BE35;2;SSF;2;Paiol;MAIN;67;;;
DB61F4E9;1;SHZC;1;Macraes;MAIN;49|51;30000.0;;extent:bounded
DB61F4E9;2;SHZC;2;Macraes;MAIN;52;;;
DB71FEB1;1;SHZC;1;Sabodala;MAIN;44;;;
DB71FEB1;2;SHZC;2;Sabodala;MAIN;51;;;
DB71FEB1;3;MYLC;2;Sabodala;MAIN;51;;;
DB71FEB1;4;THR;2;Sabodala;MAIN;54;;;
DB71FEB1;5;SOF;2;Sabodala;MAIN;54;;;
DB71FEB1;6;INT;2;Sabodala;MAIN;54;;;
DB845579;1;SHZC;2;Osbell deposit;MAIN;41|44;;;
DB845579;2;INC;2;Osbell deposit;MAIN;53;;;
DBA782B7;1;SHZC;1;Sabodala;MAIN;39;;;
DBA782B7;2;SHZC;2;Sabodala;MAIN;45|46;;;
DBA782B7;4;THR;2;Sabodala;MAIN;46|47|48|49;600.0;;extent:bounded
DBA782B7;5;SHZC;2;Sabodala;MAIN;47|49;;;
DBA782B7;6;SOF;3;Sabodala;MAIN;49;;;
DBC6F8F7;1;SHZC;1;Vickers;MAIN;49|56;5000.0;;extent:range_mean
DBC6F8F7;2;SOF;2;Vickers;MAIN;58;;;
DBC6F8F7;3;LTC;2;Vickers;MAIN;58;;;
DBD344C8;1;SOF;2;Lookout Mountain;MAIN;38;5632.7;;extent:bounded
DBD344C8;2;THR;2;Lookout Mountain;MAIN;38|42|48|49;;;
DBD344C8;3;INT;3;Lookout Mountain;MAIN;38|49;;;
DBDBEA12;1;CSF;1;Duquesne Mine;MAIN;39|45;;;
DBDBEA12;2;SOF;2;Duquesne Mine;MAIN;45;;;
DBDBEA12;3;INT;2;Duquesne Mine;MAIN;49;;;
DBDBEA12;4;SHZC;2;Duquesne Mine;MAIN;50;;;
DBDBEA12;5;LTC;2;Duquesne Mine;MAIN;49;;;
DBF1243D;1;FLD;2;Dufferin Property;MAIN;39|45;;;
DBF1243D;2;SSF;1;Dufferin Property;MAIN;39;;;
DBF1243D;3;SOF;2;Dufferin Property;MAIN;39;;;
DBF78A67;1;FLD;2;Main Discovery Zone;MAIN;30|35;;;
DC34EA7F;1;BMF;2;Main Zone;MAIN;34;;;
DC34EA7F;2;INT;2;Main Zone;MAIN;34;;;
DC299AC1;1;SHZC;1;Tocantinzinho;MAIN;102;;;
DC299AC1;2;SSF;2;Tocantinzinho;MAIN;104;;;
DCD15115;1;THR;1;Bellechasse-Timmins;MAIN;24|25;;;
DCD15115;2;FLD;2;Bellechasse-Timmins;MAIN;26|34;;;
DCD15115;3;SHZC;2;Bellechasse-Timmins;MAIN;26;;;
DCF1261C;1;CSF;1;Appleton Fault Zone Mineralized Envelope;MAIN;89|95|99;;;
DCF1261C;2;SOF;2;Appleton Fault Zone Mineralized Envelope;MAIN;103;;;
DCF1261C;3;SSF;2;Appleton Fault Zone Mineralized Envelope;MAIN;96|98;;;
DCF1261C;4;INT;2;Appleton Fault Zone Mineralized Envelope;MAIN;96;;;
DD14C27F;1;CSF;1;Canadian Malartic;MAIN;73|75|76;;;
DD14C27F;2;SHZC;2;Canadian Malartic;MAIN;77;;;
DD14C27F;3;FLD;2;Canadian Malartic;MAIN;77;;;
DD275AB6;1;INT;2;Dora;MAIN;45;;;
DD275AB6;2;SOF;2;Dora;MAIN;45;;;
DD275AB6;3;LFT;2;Dora;MAIN;45;;;
DD156BE8;1;THR;1;Çöpler;MAIN;45|49;;;
DD156BE8;3;SHZC;2;Çöpler;MAIN;49;;;
DD7623E6;1;SOF;2;Jinfeng;MAIN;23;;;
DD7623E6;2;INT;2;Jinfeng;MAIN;23|26;;;
DD7623E6;3;THR;2;Jinfeng;MAIN;24|27;;;
DD7623E6;4;SHZC;3;Jinfeng;MAIN;26;;;
DD5658C5;1;SHZC;1;Omai;MAIN;70|92;;;
DD5658C5;2;SHZC;2;Omai;MAIN;79;;;
DD864CCE;1;SHZC;1;Bissa Hill;MAIN;38|41;;;
DD81B988;1;THR;1;Serra Grande;MAIN;57|58|60;;;
DD81B988;2;THR;2;Serra Grande;MAIN;57|58|60|63;;;
DD81B988;3;SHZC;1;Serra Grande;MAIN;58|61|63;;;
DD81B988;4;SHZC;2;Serra Grande;MAIN;58|61|63;;;
DD9C2A12;1;SHZC;1;Sabodala;MAIN;49;;;
DD9C2A12;2;SHZC;2;Sabodala;MAIN;51;75.0;;extent:range_mean
DD9C2A12;3;SHZC;2;Sabodala;MAIN;51;;;
DD9C2A12;4;SHZC;2;Sabodala;MAIN;51|54;;;
DD9C2A12;5;INT;2;Sabodala;MAIN;54;;;
DDCB1D4D;1;FLD;N/A;Beauce Placer;MAIN;52;;;
DDE332B0;1;SHZC;N/A;Ceiba II deposit;MAIN;19|21;;;
DE320208;1;SHZC;2;Bonnefond South Intrusive;MAIN;62;;;
DE37C87E;1;SHZC;2;Discovery;MAIN;29;5000.0;;
DE37C87E;2;SHZC;1;Discovery;MAIN;21;80000.0;;extent:bounded
DE37C87E;3;SSF;1;Discovery;MAIN;21;;;
DE27B6DA;1;TRP;2;Holy Terror Gold Project;MAIN;39|42|46;;;
DE27B6DA;2;FLD;2;Holy Terror Gold Project;MAIN;43;;;
DE27B6DA;3;INT;2;Holy Terror Gold Project;MAIN;42|43;;;
DE3E7CC5;2;THR;N/A;Lefa Gold Project;MAIN;61;;;
DE3E7CC5;3;FLD;N/A;Lefa Gold Project;MAIN;61;;;
DE3E7CC5;4;SSF;N/A;Lefa Gold Project;MAIN;62;;;
DE3E7CC5;5;ENE;N/A;Lefa Gold Project;MAIN;62;;;
DE3E7CC5;6;SOF;N/A;Lefa Gold Project;MAIN;62;;;
DE3E7CC5;7;SHZC;N/A;Lefa Gold Project;MAIN;64;;;
DE71AB4D;1;SHZC;2;Adumbi;MAIN;88;;;
DE71AB4D;2;SSF;2;Adumbi;MAIN;89;;;
DE71AB4D;3;LTC;2;Adumbi;MAIN;67|88;;;
DE71AB4D;4;FLD;2;Adumbi;MAIN;95;;;
DE4BC606;1;SSF;1;Coringa;MAIN;45|52;;;
DE4BC606;2;SOF;2;Coringa;MAIN;45|52;;;
DE4BC606;3;JOG;2;Coringa;MAIN;45;;;
DE4BC606;4;ENE;3;Coringa;MAIN;52;;;
DE73E093;1;SHZC;1;Flordin;MAIN;53|60;80000.0;;extent:bounded
DE73E093;2;SOF;2;Flordin;MAIN;57;;;
DE73E093;3;SHZC;2;Flordin;MAIN;57;;;
DE73E093;4;FLD;2;Flordin;MAIN;57;;;
DE7D5D7C;1;CSF;1;Black Fox Mine;MAIN;51|56|68;450000.0;;extent:bounded
DE7D5D7C;2;SHZC;2;Black Fox Mine;MAIN;62;;;
DEB77CBD;1;NRM;2;Wapolu;MAIN;26|27;;;
DEB77CBD;2;DET;1;Wapolu;MAIN;32;;;
DEB77CBD;3;SOF;2;Wapolu;MAIN;32;;;
DEB77CBD;4;SHZC;2;Wapolu;MAIN;32;;;
DEB77CBD;5;MYLC;2;Wapolu;MAIN;32;;;
DED0FE3A;1;SHZC;1;Happy Valley Mine;MAIN;28;;;
DED0FE3A;2;SHZC;2;Happy Valley Mine;MAIN;29|32|33;;;
DED0FE3A;3;FLD;1;Happy Valley Mine;MAIN;27|28;;;
DED0FE3A;4;INT;2;Happy Valley Mine;MAIN;34;;;
DEC7E039;1;SSF;2;Scottie Gold Mine;MAIN;29;;;
DEC7E039;4;JOG;3;Scottie Gold Mine;MAIN;31;;;
DEC7E039;5;ENE;3;Scottie Gold Mine;MAIN;31|32;;;
DF894344;1;FLD;1;Caribou;MAIN;29|32;;;
DF894344;3;FLD;2;Caribou;MAIN;31;;;
DF58885D;1;SSF;1;Thor Trend;MAIN;63|66;;;distance:unparseable
DF58885D;2;SOF;2;Thor Trend;MAIN;66;;;
DF58885D;3;SHZC;2;Thor Trend;MAIN;66;;;
DF58885D;4;FLD;3;Thor Trend;MAIN;69;;;
DF7D0B06;1;SHZC;1;Corcoesto;MAIN;31|41;2000.0;;
DF7D0B06;2;SOF;2;Corcoesto;MAIN;41;;;
DF7D0B06;3;SSF;2;Corcoesto;MAIN;35;;;
DF73E986;1;SHZC;1;Lugushwa Project;MAIN;16|18;;;
DF73E986;2;FLD;2;Lugushwa Project;MAIN;16|18|20;;;
DF8F9CA0;1;FLD;2;Castelo de Sonhos;MAIN;22;;;
DF8F9CA0;2;SSF;2;Castelo de Sonhos;MAIN;22;;;
DFAB527F;1;CSF;1;Prestea;MAIN;42;;;
DFAB527F;2;SHZC;1;Prestea;MAIN;43;;;
DFAB527F;3;SOF;2;Prestea;MAIN;43;;;
DFC4DE4E;1;SHZC;2;Pascalis Gold Trend;MAIN;73;;;
DFC4DE4E;3;SSF;2;Pascalis Gold Trend;MAIN;77;;;
DFBB3334;1;SHZC;1;Magino mine;MAIN;35|37;;;
DFBB3334;2;SHZC;2;Magino mine;MAIN;39|41;;;
DFBB3334;3;SOF;3;Magino mine;MAIN;41;;;
DFBB3334;4;INT;3;Magino mine;MAIN;41;;;
DFDA0576;1;SHZC;1;Rory's Knoll;MAIN;57;;;
DFDA0576;2;CSF;1;Rory's Knoll;MAIN;60;1000.0;;extent:approx_magnitude
DFDA0576;3;FLD;2;Rory's Knoll;MAIN;71|72|80;;;
E019EE04;1;INT;2;Sorowar;MAIN;43;;;
E043D2F2;1;SHZC;1;Douay West;MAIN;38|39;;17.5;distance:range_mean
E043D2F2;2;ENE;3;Douay West;MAIN;38;;;
E0673033;1;SHZC;1;Swanson;MAIN;52|56;;;
E0673033;2;JOG;2;Swanson;MAIN;52;;;
E0673033;3;SSF;1;Swanson;MAIN;52;10000.0;1000.0;extent:bounded
E0982BE2;1;THR;1;Sukari;MAIN;42;25000.0;;extent:bounded
E0982BE2;2;BXP;2;Sukari;MAIN;46;;;
E0982BE2;3;THR;2;Sukari;MAIN;47|48|51;;;
E0982BE2;4;SHZC;2;Sukari;MAIN;49;;;
E0982BE2;5;SOF;2;Sukari;MAIN;53;;;
E0E0185A;1;THR;1;Pilar;MAIN;58;;;
E0E0185A;2;FLD;2;Pilar;MAIN;58|62;;;
E0A92E12;1;SHZC;2;Nyamebekyere Zone;MAIN;30|36;;250.0;distance:range_mean
E0C00FAD;1;SHZC;1;Nkran;MAIN;91;150000.0;;
E0C00FAD;2;JOG;2;Nkran;MAIN;91;;;
E0C00FAD;3;THR;2;Nkran;MAIN;95;;;
E0C00FAD;4;SHZC;2;Nkran;MAIN;105;;;
E0C00FAD;5;CSF;1;Nkran;MAIN;90;;;
E0FC81FB;1;SHZC;1;Magino Mine;MAIN;37|39;1500.0;;extent:range_mean
E0FC81FB;2;SHZC;2;Magino Mine;MAIN;41|43;;;
E0FC81FB;3;SOF;3;Magino Mine;MAIN;43;;;
E0FC81FB;4;LTC;2;Magino Mine;MAIN;39;;;
E11ABD21;1;THR;2;Main Zone;MAIN;24|44;;;
E11ABD21;2;NRM;2;Main Zone;MAIN;24;;;
E11ABD21;3;SSF;2;Main Zone;MAIN;24;;;
E11ABD21;4;FLD;2;Main Zone;MAIN;24|31;;;
E0FF4531;1;SHZC;1;Volta Grande;MAIN;31|36|37;;;
E0FF4531;2;MYLC;2;Volta Grande;MAIN;31|32;;;
E134EDE7;1;DET;1;Golden Gift;MAIN;40|41;;;
E134EDE7;2;THR;1;Golden Gift;MAIN;40|41;;;
E134EDE7;3;SHZC;2;Golden Gift;MAIN;45|53;;;
E134EDE7;4;LTC;2;Golden Gift;MAIN;45|48|235;;;
E134EDE7;5;THR;2;Golden Gift;MAIN;48;;;
E134EDE7;6;DET;2;Golden Gift;MAIN;334|448;;;
E19EA265;1;CSF;1;McGarry Project;MAIN;24;200000.0;;extent:bounded
E19EA265;2;INT;2;McGarry Project;MAIN;24;;;
E19EA265;3;SHZC;2;McGarry Project;MAIN;28;;;
E197597B;1;THR;1;Marathon Deposit;MAIN;46;18000.0;;
E197597B;2;SOF;2;Marathon Deposit;MAIN;56;;;
E197597B;3;ENE;3;Marathon Deposit;MAIN;45|46;;;
E13FC7B9;1;SHZC;1;Clavos;MAIN;33;200000.0;;
E13FC7B9;2;SOF;2;Clavos;MAIN;33|35;;10.0;
E13FC7B9;3;FLD;3;Clavos;MAIN;36;;;
E13FC7B9;4;INC;2;Clavos;MAIN;36;;;
E1C9F058;1;SSF;1;Kinsley;MAIN;56|62;;;
E1C9F058;2;LFT;2;Kinsley;MAIN;57;;;
E1C9F058;3;DET;2;Kinsley;MAIN;55|56;;;
E1C9F058;4;FLD;2;Kinsley;MAIN;62|71;;;
E1D0AF5E;1;SSF;2;South Deep;MAIN;42|43;;;
E1D0AF5E;3;SOF;2;South Deep;MAIN;43;;;
E1DE0FD8;1;SSF;1;EMZ;MAIN;42;;;
E1DE0FD8;2;FLD;2;EMZ;MAIN;48|61;;;
E1DE0FD8;3;LTC;2;EMZ;MAIN;42|48|61;;;
E1DE0FD8;4;FLD;2;EMZ;MAIN;50|54|61;;;
E201A112;1;SHZC;1;Riacho dos Machados;MAIN;50;30000.0;;extent:bounded
E201A112;2;THR;1;Riacho dos Machados;MAIN;43;;;
E201A112;3;MYLC;1;Riacho dos Machados;MAIN;43;;;
E1E4E38F;1;SHZC;1;Beartrack;MAIN;72|74;;;
E1E4E38F;2;JOG;2;Beartrack;MAIN;72;;;
E1E4E38F;3;INT;2;Beartrack;MAIN;72|76;;;
E20A3737;1;CSF;1;Yaouré;MAIN;87|88;;;
E20A3737;2;THR;2;Yaouré;MAIN;89|93;;;
E20A3737;3;SSF;2;Yaouré;MAIN;89|93;;;
E20A3737;4;LTC;2;Yaouré;MAIN;91;;;
E2C4B3B2;1;SHZC;N/A;Turmalina deposit;MAIN;49;;;
E272D1F5;1;SSF;2;Pan;MAIN;62;;;
E272D1F5;3;THR;3;Pan;MAIN;62;;;
E272D1F5;4;FLD;2;Pan;MAIN;63|64;;;
E27BEE16;1;SHZC;1;New Polaris;MAIN;47;;;
E27BEE16;3;SHZC;1;New Polaris;MAIN;44;;;
E27BEE16;4;THR;2;New Polaris;MAIN;44;;;
E27BEE16;6;FLD;2;New Polaris;MAIN;43|44;;;
E2C9C2F8;1;SHZC;1;Kofi Project Area;MAIN;21;;;
E2C9C2F8;2;THR;1;Kofi Project Area;MAIN;21;;;
E2C9C2F8;3;FLD;2;Kofi Project Area;MAIN;21;;;
E33A6659;1;SHZC;2;Fayunkuang;MAIN;18|20;;;
E34704A5;1;THR;1;AurMac;MAIN;53|64;;;
E34704A5;2;FLD;1;AurMac;MAIN;53;;;
E2D1E072;1;BMF;2;Sandman Deposits;MAIN;41|46;;;
E2D1E072;2;SOF;2;Sandman Deposits;MAIN;41|45;;;
E2D1E072;3;INT;2;Sandman Deposits;MAIN;41|42|46;;;
E2D1E072;4;FLD;2;Sandman Deposits;MAIN;45;;;
E2D1E072;5;INC;2;Sandman Deposits;MAIN;41|45;;;
E3870BFB;1;SOF;2;Wesdome property;MAIN;30|32;;;
E3833EC8;1;SHZC;1;Tumannoye;MAIN;26;;;
E3833EC8;2;TRP;1;Tumannoye;MAIN;26;;;
E3833EC8;3;LTC;2;Tumannoye;MAIN;26;;;
E38808FF;1;CSF;1;Aprelkovo Gold Project;MAIN;42;;;
E38808FF;2;THR;2;Aprelkovo Gold Project;MAIN;47|48;;;
E38808FF;3;SHZC;3;Aprelkovo Gold Project;MAIN;48;;;
E40DB825;1;SHZC;2;Jugan;MAIN;49|59;;;
E40DB825;2;FLD;2;Jugan;MAIN;49|59;;;
E40DB825;3;THR;2;Jugan;MAIN;49|59;;;
E430E199;1;THR;1;Sierra Alta;MAIN;39;30000.0;;extent:approx_magnitude
E430E199;2;THR;1;Sierra Alta;MAIN;39;;;
E430E199;3;SOF;2;Sierra Alta;MAIN;39;;;
E48E1688;1;SOF;2;B and WD Vein Complex;MAIN;37|39;;;
E48E1688;2;ENE;3;B and WD Vein Complex;MAIN;39;;;
E48E1688;3;JOG;2;B and WD Vein Complex;MAIN;39;;;
E476DAA9;1;TRP;2;C1;MAIN;57|60;20000.0;;extent:bounded
E476DAA9;2;LFT;2;C1;MAIN;67;;;
E476DAA9;3;LTC;2;C1;MAIN;60;;;
E476DAA9;4;SHZC;1;C1;MAIN;57;3000.0;;extent:approx_magnitude
E45E49B2;1;SSF;1;Segovia Project;MAIN;43|51;66000.0;;
E45E49B2;2;SSF;1;Segovia Project;MAIN;43|51;50000.0;;extent:bounded
E45E49B2;3;THR;2;Segovia Project;MAIN;45|46|49;;;
E45E49B2;4;SSF;2;Segovia Project;MAIN;49;;;
E45E49B2;5;FLD;2;Segovia Project;MAIN;49;;;
E45E49B2;6;SHZC;2;Segovia Project;MAIN;49;;;
E4CB4489;1;CSF;1;Osikonmäki;MAIN;24;;;
E4CB4489;2;SOF;2;Osikonmäki;MAIN;24;;;
E4C57CDD;1;FLD;2;Great Bear;MAIN;60|62;;;
E4C57CDD;2;SHZC;1;Great Bear;MAIN;63|64|70;4000.0;;extent:bounded
E4C57CDD;3;MYLC;1;Great Bear;MAIN;68|70;4000.0;;extent:bounded
E4E6C189;1;SHZC;1;Las Pepas;MAIN;30;;;
E4E6C189;2;SOF;2;Las Pepas;MAIN;30;;;
E4E6C189;3;NRM;2;Las Pepas;MAIN;30;;;
E4E6C189;4;DET;2;Las Pepas;MAIN;30;;;
E51EE1AB;1;SSF;1;San Andres;MAIN;26|30;;;
E51EE1AB;2;BMF;2;San Andres;MAIN;26|30;;;
E5619F06;1;CSF;1;Santo Antonio;MAIN;18;;;
E5668683;1;SHZC;1;Tiriganiaq;MAIN;37|48;3000.0;;extent:approx_magnitude
E5668683;2;SOF;2;Tiriganiaq;MAIN;48;;;
E5668683;3;SHZC;2;Tiriganiaq;MAIN;41|51;;;
E5668683;4;THR;2;Tiriganiaq;MAIN;55;;;
E53974E1;1;SHZC;1;Kittila;MAIN;34;15000.0;;extent:bounded
E5690B86;1;CSF;1;Pitt Gold;MAIN;23|27;;;
E5690B86;2;SOF;2;Pitt Gold;MAIN;23|27;;;
E5690B86;3;ENE;3;Pitt Gold;MAIN;30;;;
E5690B86;4;LTC;2;Pitt Gold;MAIN;23;;;
E5B0BFB2;1;SHZC;1;Big Bell;MAIN;81;;;
E5B0BFB2;2;SHZC;2;Big Bell;MAIN;69;;;
E5B621B8;1;SHZC;2;Monique;MAIN;87|88;2500.0;;
E5B621B8;2;GSC;2;Monique;MAIN;87;;;
E56FAD20;1;SHZC;1;Zun-Holba;MAIN;54|57;;;
E56FAD20;2;FLD;1;Zun-Holba;MAIN;56;;;
E56FAD20;3;SHZC;2;Zun-Holba;MAIN;58;;;
E56FAD20;4;FLD;2;Zun-Holba;MAIN;58;;;
E5F91755;1;SHZC;1;Main Zone;MAIN;39;;;
E5F91755;2;SHZC;2;Main Zone;MAIN;5|39|40|42;;;
E62EAA41;1;SHZC;N/A;Mid-Green Hills;MAIN;9;;;
E62EAA41;2;FLD;N/A;Mid-Green Hills;MAIN;11;;;
E63652B1;1;CSF;1;Big Balds Project;MAIN;20|24|27|29;;;
E63652B1;4;INT;2;Big Balds Project;MAIN;27;;;
E63BC6A4;1;SHZC;1;Mandiana Gold Project;MAIN;27;;;
E63BC6A4;2;MYLC;1;Mandiana Gold Project;MAIN;27;;;
E63BC6A4;3;SSF;2;Mandiana Gold Project;MAIN;27|32;;;
E675A5F4;1;SHZC;2;Tabakoroni;MAIN;26|27;;;
E675A5F4;2;SOF;3;Tabakoroni;MAIN;27;;;
E675A5F4;3;FLD;2;Tabakoroni;MAIN;28|34;;;
E6A8364A;1;BMF;1;Walker Ridge;MAIN;31;;;
E6A8364A;2;INT;2;Walker Ridge;MAIN;24;;;
E672616D;1;CSF;1;Kiena Mine;MAIN;69|76|90;;;
E672616D;2;SHZC;2;Kiena Mine;MAIN;77|79|85;;;
E672616D;3;SHZC;2;Kiena Mine;MAIN;77|83|84;;;
E672616D;4;FLD;2;Kiena Mine;MAIN;79|86;;;
E6F0BD40;1;FLD;N/A;Auclair;MAIN;8;;;
E6F0BD40;2;SHZC;N/A;Auclair;MAIN;10;;;
E71454A8;2;INT;2;Manhattan Deposit;MAIN;45;;;
E71454A8;3;FLD;2;Manhattan Deposit;MAIN;42|45;;;
E6B4B7AE;1;SHZC;1;Cachoeira;MAIN;57;120000.0;;extent:bounded
E6B4B7AE;2;SHZC;2;Cachoeira;MAIN;61|62|68;5000.0;;
E6B4B7AE;3;SOF;3;Cachoeira;MAIN;68;110.0;;extent:range_mean
E6B4B7AE;4;JOG;3;Cachoeira;MAIN;69;;;
E6CA62A8;1;SHZC;1;Island Gold Mine;MAIN;31|34;30000.0;;
E6CA62A8;2;SHZC;2;Island Gold Mine;MAIN;34;300.0;;extent:approx_magnitude
E6CA62A8;3;LTC;2;Island Gold Mine;MAIN;34;;;
E6CA62A8;4;GSC;2;Island Gold Mine;MAIN;32;;;
E7698A6B;1;NRM;2;Golden Saddle;MAIN;62|66|67;;;
E7C30AD0;1;SHZC;1;Côté Lake;MAIN;50|51|52;;;
E7C30AD0;2;FLD;2;Côté Lake;MAIN;55;;;
E7C30AD0;3;BXP;2;Côté Lake;MAIN;55|58|61;;;
E7FA0985;1;FLD;1;Goldboro;MAIN;35|41|48;;;
E7FA0985;2;SOF;2;Goldboro;MAIN;35|40;;;
E8138E0B;1;SHZC;1;Piaba;MAIN;84;;;
E8138E0B;2;SHZC;2;Piaba;MAIN;77;;;
E8138E0B;3;SOF;2;Piaba;MAIN;78;;;
E8138E0B;4;JOG;2;Piaba;MAIN;78;;;
E850B4F1;1;SHZC;1;Aremu-Oko;MAIN;61;;;
E850B4F1;2;SHZC;2;Aremu-Oko;MAIN;68|69|75;30000.0;;extent:bounded
E850B4F1;4;FLD;1;Aremu-Oko;MAIN;71;;;
E850B4F1;5;FLD;3;Aremu-Oko;MAIN;70|72;;;
E850B4F1;6;JOG;3;Aremu-Oko;MAIN;71|74|80;;;
E8CA9DD2;1;SHZC;1;West Cache;MAIN;72;440000.0;;
E8CA9DD2;2;SOF;2;West Cache;MAIN;72;;;
E8CA9DD2;3;SHZC;2;West Cache;MAIN;83;;;
E8CA9DD2;4;FLD;2;West Cache;MAIN;84;;;
E8575819;2;FLD;2;Orfée;MAIN;13;;;
E8EA8E24;1;SHZC;2;Bradshaw Deposit;MAIN;65|67|72;;;
E8EA8E24;2;SSF;2;Bradshaw Deposit;MAIN;67;;;
E92D245C;1;CSF;1;Sleepy Zone;MAIN;11;210000.0;;extent:bounded
E92D245C;2;SOF;2;Sleepy Zone;MAIN;12;;;
E998A776;1;SHZC;1;Tankoro;MAIN;60;;1000.0;
E998A776;2;SHZC;2;Tankoro;MAIN;60;;;
E998A776;3;SOF;2;Tankoro;MAIN;60;;;
E998A776;4;JOG;2;Tankoro;MAIN;60;;;
E93ABCBE;1;FLD;2;Meadowbank Deposits;MAIN;56|60;;;
E93ABCBE;2;THR;2;Meadowbank Deposits;MAIN;57;;;
E93ABCBE;4;SSF;2;Meadowbank Deposits;MAIN;58;;;
E9948280;1;SOF;2;Mankouké;MAIN;63;;;
E9948280;2;INT;3;Mankouké;MAIN;63;;;
E9948280;3;LTC;2;Mankouké;MAIN;65|74|83;;;
E9948280;4;FLD;2;Mankouké;MAIN;101;;;
E99E0023;1;SHZC;2;Suzdal Gold Mine;MAIN;45|49;50000.0;;
E99E0023;2;THR;1;Suzdal Gold Mine;MAIN;45|46|49;;;
E99E0023;3;INT;2;Suzdal Gold Mine;MAIN;46|49;;;
EA314C28;1;FLD;2;Castelo de Sonhos;MAIN;20|27|31;7000.0;;extent:bounded
EA314C28;2;BMF;2;Castelo de Sonhos;MAIN;20|31;;;
EA0B28B0;1;SHZC;1;Madsen Mine;MAIN;68;;;
EA0B28B0;2;UNC;1;Madsen Mine;MAIN;68;;;
EA0B28B0;3;SHZC;2;Madsen Mine;MAIN;70;;;
EA0B28B0;4;FLD;2;Madsen Mine;MAIN;70;;;
EA0B28B0;5;GSC;2;Madsen Mine;MAIN;74;;;
EA331C93;1;TRP;1;Kundusuyulskaya;MAIN;23|25;200000.0;;
EA331C93;2;SHZC;2;Kundusuyulskaya;MAIN;29;25000.0;;extent:bounded
EA331C93;3;SHZC;2;Kundusuyulskaya;MAIN;40;2000.0;;
EA331C93;4;ENE;3;Kundusuyulskaya;MAIN;41;;;
EAA49D4A;1;SHZC;1;Beposo;MAIN;26|29;;;
EAA49D4A;3;INT;2;Beposo;MAIN;28;;;
EA3E93F3;1;THR;2;Taurus Deposit;MAIN;26;;;
EA3E93F3;2;TRP;3;Taurus Deposit;MAIN;26;;;
EA3E93F3;3;SHZC;1;Taurus Deposit;MAIN;28;;;
EA3E93F3;4;SOF;2;Taurus Deposit;MAIN;28;;;
EA9690E0;1;CSF;1;São Jorge;MAIN;31;450000.0;;
EA9690E0;2;SHZC;2;São Jorge;MAIN;42;;;
EAC6088E;1;CSF;1;Uzboy;MAIN;27|33;;;
EAC6088E;2;SHZC;1;Uzboy;MAIN;30;;;
EAC6088E;3;SOF;2;Uzboy;MAIN;33;25000.0;;extent:bounded
EAC6088E;4;SSF;2;Uzboy;MAIN;33;4000.0;;
EAC6088E;6;SOF;3;Uzboy;MAIN;34;;;
EAC6088E;7;THR;3;Uzboy;MAIN;34;;;
EAC6088E;8;FLD;3;Uzboy;MAIN;34;;;
EAE04061;1;THR;2;Fair Adelaide East Project;MAIN;20;;;
EAE04061;2;SHZC;3;Fair Adelaide East Project;MAIN;20;;;
EAE04061;3;INC;2;Fair Adelaide East Project;MAIN;20;;;
EAD060EE;1;SHZC;2;Kaburi;MAIN;21|22;;;
EAD90A22;1;SHZC;2;Serra Paraíso;MAIN;61|65;4000.0;;
EAD90A22;2;FLD;3;Serra Paraíso;MAIN;61|65;;;
EAE5B1DE;1;THR;2;Paracatu;MAIN;41|47;;;
EAE5B1DE;2;SHZC;2;Paracatu;MAIN;41|47;;;
EAE5B1DE;3;FLD;2;Paracatu;MAIN;41;;;
EAF9D86C;1;THR;2;Alder Showing;MAIN;31;;;
EAE4DEF8;1;SHZC;1;Sewum;MAIN;47;25000.0;;
EAE4DEF8;2;MYLC;1;Sewum;MAIN;48;;;
EAE4DEF8;3;SOF;2;Sewum;MAIN;47;;;
EAE4DEF8;4;THR;2;Sewum;MAIN;46|48;;;
EAE4DEF8;5;LTC;2;Sewum;MAIN;48;;;
EAFBC480;1;CSF;1;Gold Range Project;MAIN;17;;;
EAFBC480;2;SHZC;2;Gold Range Project;MAIN;15|16|17;;;
EAFBC480;3;DET;1;Gold Range Project;MAIN;15|17;;;
EAFBC480;4;DET;2;Gold Range Project;MAIN;16;;;
EAFBC480;5;THR;2;Gold Range Project;MAIN;16;;;
EAFBC480;6;INT;2;Gold Range Project;MAIN;16|18;;;
EAFBC480;7;LTC;2;Gold Range Project;MAIN;16;;;
EAFEEC78;1;SHZC;1;Chirano;MAIN;31|32|33;;;
EAFEEC78;2;JOG;2;Chirano;MAIN;32|33;;;
EAFEEC78;3;SHZC;2;Chirano;MAIN;34;;;
EB2980D5;1;SHZC;2;Ormsby zone;MAIN;49|52;;;
EB05E215;1;SHZC;1;Galat Sufar South (GSS);MAIN;47;500000.0;;extent:bounded
EB05E215;2;TRP;1;Galat Sufar South (GSS);MAIN;47;500000.0;;extent:bounded
EB05E215;3;SHZC;2;Galat Sufar South (GSS);MAIN;51;;;
EB05E215;4;MYLC;2;Galat Sufar South (GSS);MAIN;51|52;;;
EB05E215;5;INT;2;Galat Sufar South (GSS);MAIN;51;;;
EB33574D;1;SHZC;2;Bingo;MAIN;17|20;;;
EB33574D;2;FLD;2;Bingo;MAIN;20;;;
EB7FFC5E;1;CSF;1;Laiva;MAIN;31;;50000.0;distance:bounded
EB7FFC5E;2;MYLC;2;Laiva;MAIN;37;;;
EB7FFC5E;3;SSF;2;Laiva;MAIN;37;;;
EB7FFC5E;4;THR;3;Laiva;MAIN;37;;;
EB7FFC5E;5;THR;3;Laiva;MAIN;37;;;
EB7FFC5E;6;SHZC;1;Laiva;MAIN;37;;;
EB903EB6;1;FLD;2;Fifteen Mile Stream;MAIN;29|31|32;;;
EB90939E;1;THR;2;Antenna;MAIN;63|64|67;;;
EB90939E;2;LTC;2;Antenna;MAIN;65;;;
EBE240D8;1;THR;1;Cariboo Mine Trend;MAIN;33;;;
EBE240D8;2;SSF;1;Cariboo Mine Trend;MAIN;33;;;
EBE240D8;3;SSF;2;Cariboo Mine Trend;MAIN;33|37;;;
EBE240D8;4;FLD;2;Cariboo Mine Trend;MAIN;37|38|43;;;
EBE240D8;5;SHZC;2;Cariboo Mine Trend;MAIN;37;;;
EBE240D8;6;TRP;1;Cariboo Mine Trend;MAIN;43;;;
EBE240D8;7;GSC;1;Cariboo Mine Trend;MAIN;43;;;
EC016AF8;1;SHZC;1;Diakha;MAIN;13|31|38;;;
EC016AF8;2;SOF;2;Diakha;MAIN;38;;;
EC016AF8;3;ENE;3;Diakha;MAIN;52;;;
EC39A737;1;CSF;1;Cuiú Cuiú;MAIN;54|69|78;;;
EC39A737;2;SSF;1;Cuiú Cuiú;MAIN;61|67;;;
EC39A737;3;SHZC;2;Cuiú Cuiú;MAIN;61;;;
EC39A737;4;ENE;3;Cuiú Cuiú;MAIN;67;;;
EBFEE21F;1;SHZC;2;Coffee;MAIN;40;8000.0;;
EBFEE21F;2;SOF;2;Coffee;MAIN;40|45;;;
EBFEE21F;3;INT;2;Coffee;MAIN;39|40;;;
ECB4852E;1;LFT;2;Black Pine;MAIN;69|78;;;
ECB4852E;2;BMF;1;Black Pine;MAIN;71|84;;;
ECB4852E;3;THR;2;Black Pine;MAIN;66|73;;;
ECB4852E;4;SOF;2;Black Pine;MAIN;76|78;;;
ECBB1C94;1;THR;1;Santa Gertrudis;MAIN;26;20000.0;;
ECBB1C94;2;SHZC;1;Santa Gertrudis;MAIN;26;20000.0;;
ECBB1C94;3;SHZC;2;Santa Gertrudis;MAIN;26|28;;;
ECBB1C94;4;MYLC;2;Santa Gertrudis;MAIN;26;;;
ECBB1C94;5;LFT;1;Santa Gertrudis;MAIN;26|28;;;
ED1F0DF6;1;SHZC;1;Bissa Hill;MAIN;29|33;;;
ED1F0DF6;2;GSC;2;Bissa Hill;MAIN;33;;;
ED0E95F4;1;THR;1;Ollachea;MAIN;58;;;
ED0E95F4;2;SHZC;2;Ollachea;MAIN;59|62;;;
ED0E95F4;3;FLD;2;Ollachea;MAIN;62;;;
ED53DCA7;2;THR;1;Livengood;MAIN;80|83;;;
ED8AACF2;1;CSF;1;Kunche;MAIN;37|38;;5000.0;
ED8AACF2;2;SHZC;2;Kunche;MAIN;40;;;
ED8AACF2;3;JOG;2;Kunche;MAIN;41;;;
ED486301;1;SHZC;2;Madsen;MAIN;56|60|63|70|75|76;1000.0;;extent:approx_magnitude
ED486301;2;SHZC;1;Madsen;MAIN;60|68;5000.0;;
ED486301;3;LTC;3;Madsen;MAIN;63|76;;;
ED8D7B35;1;THR;1;Goldstrike;MAIN;64;;;
ED8D7B35;2;BMF;2;Goldstrike;MAIN;66;;;
ED8D7B35;3;SOF;3;Goldstrike;MAIN;66;;;
ED8D7B35;5;FLD;2;Goldstrike;MAIN;64|75;;;
EDA02954;1;SHZC;1;Dome Property;MAIN;30|36;;;
EDA02954;2;SHZC;N/A;Dome Property;MAIN;37;;;
EDEE1E00;1;NRM;2;Main Gold Zone;MAIN;33|37;;;
EDEE1E00;2;NRM;1;Main Gold Zone;MAIN;33|37;8046.7;;extent:bounded
EDEE1E00;3;INT;2;Main Gold Zone;MAIN;37;;;
EE23AA66;1;FLD;1;FAT deposit;MAIN;94;;;
EE23AA66;2;CSF;1;FAT deposit;MAIN;94;;;
EE23AA66;3;SSF;2;FAT deposit;MAIN;94|95;;;
EE33A5A7;1;SSF;1;Rattling Brook Gold Deposit;MAIN;43;;;
EE33A5A7;2;THR;2;Rattling Brook Gold Deposit;MAIN;44|48;;;
EE33A5A7;3;SSF;2;Rattling Brook Gold Deposit;MAIN;44|48;;;
EE33A5A7;4;SOF;2;Rattling Brook Gold Deposit;MAIN;55;;;
EE33A5A7;5;UNC;2;Rattling Brook Gold Deposit;MAIN;46|48;;;
EE890F08;1;SHZC;1;Omega;MAIN;23|25|26;;;
EE890F08;2;SHZC;2;Omega;MAIN;25|27;;;
EE890F08;3;FLD;2;Omega;MAIN;25;;;
EE890F08;4;THR;2;Omega;MAIN;25;;;
EE656A8A;1;SHZC;2;Zone IV;MAIN;21|22;;;
EE656A8A;2;FLD;2;Zone IV;MAIN;19;;;
EE7FB3B4;1;SHZC;2;Nalunaq;MAIN;68|78;;;
EE7FB3B4;2;SOF;2;Nalunaq;MAIN;73;;;
EE7FB3B4;3;ENE;3;Nalunaq;MAIN;78;;;
EE89D592;1;SHZC;1;Sukari;MAIN;57;;;
EE89D592;2;SHZC;2;Sukari;MAIN;57;;;
EE89D592;4;THR;1;Sukari;MAIN;49;25000.0;;distance:unparseable
EE89D592;5;SSF;1;Sukari;MAIN;49;;;
EF3C5D57;1;FLD;2;Agbaou;MAIN;65;;;
EF236ED0;1;INC;1;Leprechaun;MAIN;36|38;18000.0;;
EF236ED0;2;THR;1;Leprechaun;MAIN;38;;;
EF236ED0;3;ENE;3;Leprechaun;MAIN;38;;;
EF4D26F4;1;LTC;2;Gold Crest zone;MAIN;26|29|36;;;
EFA02577;1;THR;2;Koné;MAIN;42|49;;;
EFA02577;2;SOF;2;Koné;MAIN;43;;;
F04446A8;1;CSF;1;TW Deposit;MAIN;31|36;;5000.0;
F04446A8;2;SOF;2;TW Deposit;MAIN;36;;150.0;distance:bounded
F04446A8;3;SHZC;2;TW Deposit;MAIN;36|37;;;
F04446A8;4;FLD;2;TW Deposit;MAIN;39;;;
F025A671;1;THR;2;Santa Gertrudis;MAIN;29|30;;;
F025A671;2;SHZC;2;Santa Gertrudis;MAIN;30;;;
F01EC15D;1;SHZC;1;Paddy's Flat;MAIN;86|87;;;
F01EC15D;2;FLD;2;Paddy's Flat;MAIN;86|87;;;
F01EC15D;3;THR;2;Paddy's Flat;MAIN;87|99;;;
F01EC15D;4;SOF;3;Paddy's Flat;MAIN;100;;;
F01EC15D;5;THR;2;Paddy's Flat;MAIN;101;;;
F06AE8EB;1;FLD;2;Goose Property;MAIN;39|40|42|43|46;;;
F06AE8EB;2;SHZC;2;Goose Property;MAIN;40|46;;;
F0467946;1;SHZC;1;Nkran;MAIN;68;150000.0;;
F0467946;2;JOG;2;Nkran;MAIN;68|70;;;
F0467946;3;SOF;2;Nkran;MAIN;70;;;
F0467946;4;LTC;2;Nkran;MAIN;70;;;
F0E4420C;1;SHZC;1;Borborema;MAIN;83;;;
F0E4420C;2;SHZC;2;Borborema;MAIN;84|85|88;;;
F0E4420C;3;FLD;2;Borborema;MAIN;85|87;;;
F0E4420C;4;THR;1;Borborema;MAIN;91;;;
F0D4E8AA;1;CSF;1;Bell Creek;MAIN;37|40;;;
F0D4E8AA;2;THR;2;Bell Creek;MAIN;44|45;;;
F0D4E8AA;3;SHZC;2;Bell Creek;MAIN;46;;;
F0D4E8AA;4;SHZC;3;Bell Creek;MAIN;47;;;
F0F6AE0A;1;SHZC;1;Nkran;MAIN;51;;;
F0F6AE0A;2;JOG;2;Nkran;MAIN;51;;;
F0F6AE0A;3;INT;2;Nkran;MAIN;5;;;
F1028D67;1;SHZC;1;Macraes;MAIN;45|47;30000.0;;extent:bounded
F1028D67;2;SOF;2;Macraes;MAIN;48;;;
F1028D67;3;FLD;2;Macraes;MAIN;55;;;
F0FFABE5;1;THR;2;Tuvatu;MAIN;44|47;5000.0;;extent:bounded
F0FFABE5;2;SHZC;2;Tuvatu;MAIN;48;;;
F0FFABE5;3;THR;2;Tuvatu;MAIN;47;;;
F124F58C;1;CSF;1;Bomboré Gold Project;MAIN;87;;;
F124F58C;2;SOF;2;Bomboré Gold Project;MAIN;74|87;30000.0;;extent:approx_magnitude
F147FDEE;2;SHZC;2;Leprechaun gold deposit;MAIN;40;;;
F147FDEE;3;LTC;2;Leprechaun gold deposit;MAIN;39;;;
F13BC453;1;CSF;1;Black Fox deposit;MAIN;50|52|61;200000.0;;extent:bounded
F13BC453;2;SHZC;2;Black Fox deposit;MAIN;63;;;
F13BC453;3;INT;1;Black Fox deposit;MAIN;52;;;
F13BC453;4;FLD;1;Black Fox deposit;MAIN;52;;;
F14D4193;1;SHZC;2;VG1;MAIN;19|23;;;
F14D4193;2;INC;2;VG1;MAIN;19|23;;;
F179040A;1;SHZC;1;Quartz Zone;MAIN;46|49;;;
F179040A;2;SOF;2;Quartz Zone;MAIN;49;;;
F179040A;3;INC;2;Quartz Zone;MAIN;49;;;
F18DC39A;1;SHZC;1;Brookbank Deposit;MAIN;16|52|57;10000.0;;extent:bounded
F1DCDB02;1;SHZC;2;Mantis;MAIN;29;;;
F1DCDB02;2;SHZC;1;Mantis;MAIN;35;;;
F2370A54;1;CSF;1;Pine Tree-Josephine;MAIN;58;120000.0;;
F2370A54;2;SHZC;2;Pine Tree-Josephine;MAIN;64;;;
F2370A54;3;JOG;2;Pine Tree-Josephine;MAIN;64;;;
F239538A;1;SOF;2;Blackjack Zone;MAIN;28|33;;;
F239538A;2;SOF;1;Blackjack Zone;MAIN;31;;;
F25494AE;1;SSF;1;Batman Deposit;MAIN;103;;;
F25494AE;2;FLD;2;Batman Deposit;MAIN;101;;;
F25494AE;4;ENE;2;Batman Deposit;MAIN;101;;;
F26FE41D;1;CSF;1;F2 gold system;MAIN;54;;;
F26FE41D;2;FLD;2;F2 gold system;MAIN;56|59;;;
F2C945F2;1;SSF;2;Doropo Project;MAIN;120;;;
F2C945F2;2;SHZC;2;Doropo Project;MAIN;131;;;
F2C945F2;3;INT;2;Doropo Project;MAIN;131;;;
F2EB37B6;1;SOF;1;Cape Spencer Gold Deposit;MAIN;49|56;;;
F2EB37B6;2;THR;2;Cape Spencer Gold Deposit;MAIN;52|53;;;
F2EB37B6;3;JOG;2;Cape Spencer Gold Deposit;MAIN;53;;;
F2EB37B6;4;TRP;2;Cape Spencer Gold Deposit;MAIN;53;;;
F2EB37B6;5;INC;2;Cape Spencer Gold Deposit;MAIN;54|60;;;
F2EE6B65;1;SHZC;2;Buckreef Prospect;MAIN;39;8000.0;;
F2EE6B65;2;SOF;2;Buckreef Prospect;MAIN;39;1500.0;;extent:bounded
F32EB5C6;1;CSF;1;Pine Tree-Josephine;MAIN;74|80|88;200000.0;;
F32EB5C6;2;JOG;2;Pine Tree-Josephine;MAIN;80;;;
F32EB5C6;3;SOF;2;Pine Tree-Josephine;MAIN;80;;;
F33E9D09;1;SHZC;2;Segilola;MAIN;25|26;;;
F33E9D09;2;ENE;3;Segilola;MAIN;25;;;
F335DE39;1;SHZC;1;Rowan Vein System;MAIN;45;;;
F335DE39;2;FLD;2;Rowan Vein System;MAIN;46|48;;;
F335DE39;3;ENE;3;Rowan Vein System;MAIN;49;;;
F34730EA;1;SSF;1;Drevniy;MAIN;24;;;
F34730EA;2;SOF;2;Drevniy;MAIN;25|28;;;
F3A46575;1;SHZC;1;Mustajärvi;MAIN;15;100000.0;;extent:bounded
F3A46575;2;SOF;2;Mustajärvi;MAIN;23;2600.0;;
F3A46575;3;SOF;2;Mustajärvi;MAIN;16|19|23;500.0;;extent:bounded
F36D9C7E;1;SSF;2;Kinsley;MAIN;69|75|76;300.0;;extent:bounded|extent:approx_magnitude|extent:bounded
F36D9C7E;3;FLD;3;Kinsley;MAIN;76|84;;;
F36D9C7E;4;DET;2;Kinsley;MAIN;65|68|82;;;
F36D9C7E;5;MYLC;2;Kinsley;MAIN;66;;;
F38C3B41;1;SSF;1;Island Gold Mine;MAIN;28;20000.0;;
F38C3B41;2;SOF;2;Island Gold Mine;MAIN;28;;;
F38C3B41;3;ENE;3;Island Gold Mine;MAIN;29;;;
F38C3B41;4;SHZC;2;Island Gold Mine;MAIN;29|30;;;
F38C3B41;5;INT;2;Island Gold Mine;MAIN;30;;;
F38C3B41;6;FLD;2;Island Gold Mine;MAIN;38;;;
F3C856C9;1;SSF;1;Yaoure Central;MAIN;66|76;;;
F3C856C9;2;TRP;2;Yaoure Central;MAIN;66;;;
F3C856C9;3;SHZC;2;Yaoure Central;MAIN;69|70|76|79;;;
F3C856C9;4;LTC;2;Yaoure Central;MAIN;76;;;
F3D531C6;1;FLD;2;Long Canyon;MAIN;39|40|45;;;
F3D531C6;2;LTC;2;Long Canyon;MAIN;39|43|47;;;
F3D531C6;3;BMF;1;Long Canyon;MAIN;31|42;;;
F3E65CCA;1;SOF;2;Santa Pancha;MAIN;58|60|66;;;
F3C34589;1;CSF;1;Timmins West Mine;MAIN;50|59|72;;5000.0;distance:bounded
F3C34589;2;SHZC;2;Timmins West Mine;MAIN;54|59|72;;;
F3C34589;3;SHZC;2;Timmins West Mine;MAIN;55|59|72;;;
F3C34589;4;SHZC;3;Timmins West Mine;MAIN;54|55|59;;;
F422A46A;1;SHZC;2;Rosa de Maio;MAIN;15|46|48;;;
F422A46A;3;SOF;2;Rosa de Maio;MAIN;17|41;;;
F40F1B12;1;BMF;2;Pan;MAIN;39|42;;;
F40F1B12;4;THR;2;Pan;MAIN;40;;;
F4181C31;1;SSF;2;Björkdal;MAIN;65;;;
F4181C31;2;SHZC;2;Björkdal;MAIN;67;;;
F444C8A8;1;BMF;2;Spring Valley;MAIN;53;;;
F444C8A8;2;LFT;2;Spring Valley;MAIN;41|46;;;
F4692D75;1;TRP;1;Yellow Pine Deposit;MAIN;28|33;3000.0;;extent:approx_magnitude
F4692D75;2;SOF;2;Yellow Pine Deposit;MAIN;28;;;
F4692D75;3;JOG;2;Yellow Pine Deposit;MAIN;28;;;
F4692D75;4;INT;2;Yellow Pine Deposit;MAIN;28;;;
F4740DAB;2;THR;2;Fosterville;MAIN;32|36|41|44;;;
F4740DAB;3;SOF;2;Fosterville;MAIN;36|41|44;;;
F4740DAB;4;ENE;3;Fosterville;MAIN;36|41;;;
F4740DAB;5;FLD;2;Fosterville;MAIN;32|36|39|41;;;
F4740DAB;6;LTC;2;Fosterville;MAIN;39|41|42|44;;;
F46A958C;1;SSF;1;Fako;MAIN;33|44|53;;;
F46A958C;2;SOF;2;Fako;MAIN;49;;;
F4793E47;1;SOF;2;Triangle Deposit;MAIN;73|77|79;;;
F4793E47;2;INT;2;Triangle Deposit;MAIN;79;;;
F4793E47;3;INC;2;Triangle Deposit;MAIN;79;;;
F4E5D753;1;SSF;1;Batman Deposit;MAIN;100;;;
F4E5D753;2;SOF;2;Batman Deposit;MAIN;100;;;
F4E5D753;3;LTC;2;Batman Deposit;MAIN;98;;;
F4A1BCC5;1;SHZC;2;Goose Project;MAIN;54;;;
F4A1BCC5;2;FLD;2;Goose Project;MAIN;54|61|63;;;
F4A1BCC5;3;NRM;2;Goose Project;MAIN;61;;;
F4CA6FFF;1;SHZC;2;VG1;MAIN;23|27;;;
F4CA6FFF;2;INC;2;VG1;MAIN;23|27;;;
F5728A60;1;SOF;2;Clavos;MAIN;69;;;
F5728A60;2;FLD;2;Clavos;MAIN;71;;;
F4F0359F;1;SSF;2;Kinsley;MAIN;59|65|66;;;
F4F0359F;3;LTC;2;Kinsley;MAIN;56|58|59;;;
F4F0359F;4;FLD;2;Kinsley;MAIN;59|66|75;;;
F5C91823;1;CSF;1;Pahtavaara;MAIN;25;;;
F5C91823;2;SHZC;2;Pahtavaara;MAIN;25;;;
F5C91823;3;INT;2;Pahtavaara;MAIN;25;;;
F5C91823;4;FLD;2;Pahtavaara;MAIN;25;;;
F5FFF466;1;FLD;2;Long Canyon;MAIN;55|61;;;
F5FFF466;2;THR;2;Long Canyon;MAIN;57;;;
F5FFF466;3;NRM;2;Long Canyon;MAIN;57|68;;;
F5FFF466;4;BXP;2;Long Canyon;MAIN;57;;;
F5FFF466;5;BMF;1;Long Canyon;MAIN;57;;;
F5FFF466;6;LTC;2;Long Canyon;MAIN;68;;;
F643084B;1;CSF;1;Serra Alta;MAIN;74;105000.0;;extent:bounded|extent:range_mean
F643084B;2;SHZC;1;Serra Alta;MAIN;76;;;
F643084B;4;SHZC;2;Serra Alta;MAIN;80;;;
F6113CDC;1;CSF;1;ACMA-Lewis;MAIN;72;;;
F6113CDC;2;SSF;1;ACMA-Lewis;MAIN;72;;;
F6113CDC;3;FLD;2;ACMA-Lewis;MAIN;72|75;;;
F6113CDC;4;THR;2;ACMA-Lewis;MAIN;72|75;;;
F6113CDC;5;SOF;2;ACMA-Lewis;MAIN;72|81;;;
F6113CDC;6;INT;2;ACMA-Lewis;MAIN;95;;;
F6834415;1;CSF;1;Bourkes Mine;MAIN;32;321868.0;;
F6834415;2;FLD;2;Bourkes Mine;MAIN;34|36;;;
F6834415;3;SHZC;2;Bourkes Mine;MAIN;34|36|37|41;;;
F6852DBB;3;FLD;2;Goldstrike;MAIN;26|28|32;;;
F6852DBB;4;THR;2;Goldstrike;MAIN;28;;;
F6BA10B9;1;SHZC;1;Tankoro Deposit;MAIN;86;;1000.0;extent:unparseable
F6BA10B9;2;SSF;2;Tankoro Deposit;MAIN;86;16000.0;;
F6BA10B9;3;SOF;2;Tankoro Deposit;MAIN;86;;;
F6BA10B9;4;JOG;2;Tankoro Deposit;MAIN;86;;;
F6BA10B9;5;SSF;2;Tankoro Deposit;MAIN;88;;;
F6892A92;1;THR;1;Sukari;MAIN;42;25000.0;;distance:unparseable
F6892A92;2;SHZC;2;Sukari;MAIN;49|50;;;
F6892A92;3;THR;2;Sukari;MAIN;49;;;
F6892A92;4;SSF;3;Sukari;MAIN;50;;;
F6892A92;5;LTC;2;Sukari;MAIN;50;;;
F6892A92;6;SSF;2;Sukari;MAIN;51;;;
F6EF0F46;1;SHZC;1;Enchi Gold Project;MAIN;50;40000.0;;
F6EF0F46;2;SOF;2;Enchi Gold Project;MAIN;50|52|57|58;;;
F6EF0F46;3;THR;2;Enchi Gold Project;MAIN;57;;;
F6EF0F46;4;SOF;2;Enchi Gold Project;MAIN;56;25000.0;;
F6EF0F46;5;SOF;2;Enchi Gold Project;MAIN;50|59|63;;;
F70C7BCE;1;SHZC;1;LP Fault Zone;MAIN;39|44;4000.0;;extent:bounded
F72342F1;1;SSF;2;Clear Creek;MAIN;31|32;;;
F72342F1;2;INT;2;Clear Creek;MAIN;32;;;
F748F22F;1;SHZC;1;True North;MAIN;42;;;
F748F22F;2;SHZC;2;True North;MAIN;46;3050.0;;extent:range_mean
F748F22F;3;JOG;3;True North;MAIN;46|50;;;
F748F22F;4;ENE;3;True North;MAIN;47;;;
F748F22F;5;SHZC;2;True North;MAIN;46;;;
F7D0929F;1;THR;2;Golden Saddle;MAIN;44;;;distance:unparseable
F7D0929F;3;NRM;2;Golden Saddle;MAIN;47|48;;;
F7D0929F;4;TRP;1;Golden Saddle;MAIN;57;;;
F7B300C1;1;CSF;1;Bombore Gold Project;MAIN;97;;;
F7B300C1;2;SHZC;2;Bombore Gold Project;MAIN;84|97|100;30000.0;;extent:approx_magnitude
F7EED46F;1;SSF;1;Dufferin;MAIN;35;;;
F7EED46F;2;SSF;2;Dufferin;MAIN;35;;;
F7EED46F;3;FLD;2;Dufferin;MAIN;35|39|40;;;
F834F3A7;2;SHZC;2;Croinor;MAIN;37;;;
F834F3A7;3;ENE;2;Croinor;MAIN;40;;;
F7F7E8B5;1;SHZC;1;La Cruz;MAIN;18|23;15000.0;;extent:bounded
F7F7E8B5;2;LTC;2;La Cruz;MAIN;19|22;;;
F7F7E8B5;3;INT;2;La Cruz;MAIN;19;;;
F7F7E8B5;4;FLD;2;La Cruz;MAIN;18|23;;;
F7F70B97;1;SHZC;1;Detour Lake deposit;MAIN;43|52;10000.0;;extent:bounded
F7F70B97;2;FLD;1;Detour Lake deposit;MAIN;45;10000.0;;extent:bounded
F7F70B97;3;JOG;2;Detour Lake deposit;MAIN;53|54;;;
F8490AA6;1;SHZC;2;Kunche;MAIN;35|41;;;
F85E04D8;1;SHZC;2;Taparko;MAIN;37;10000.0;;extent:bounded
F8DD52B0;1;CSF;1;Garrcon Deposit;MAIN;30|33|36|39;;;
F8DD52B0;2;SHZC;2;Garrcon Deposit;MAIN;39;;21.0;distance:from_metric_paren
F8A00485;1;SOF;2;Beaufor Mine;MAIN;76;;;
F8CD6B47;1;NRM;2;Bigar Hill;MAIN;47|49;;;
F8CD6B47;2;SSF;2;Bigar Hill;MAIN;33|34;;;
F8674A45;1;THR;1;Kubi Main;MAIN;35;;;
F8674A45;2;CSF;1;Kubi Main;MAIN;35|40;;;
F8674A45;3;INT;2;Kubi Main;MAIN;35;;;
F8674A45;4;FLD;2;Kubi Main;MAIN;36;;;
F8674A45;5;SHZC;2;Kubi Main;MAIN;36;;;
F8674A45;6;SOF;2;Kubi Main;MAIN;36;;;extent:unparseable
F97EA634;1;SHZC;1;São Vicente;MAIN;32;10000.0;;extent:from_2d_footprint|extent:extent_long_axis
F97EA634;2;SHZC;2;São Vicente;MAIN;31|32;300.0;;extent:approx_magnitude
F97EA634;3;FLD;2;São Vicente;MAIN;31|33;;;
F96369C3;1;SSF;2;Yellowjacket Zone;MAIN;26|30|40;;;
F96369C3;2;THR;2;Yellowjacket Zone;MAIN;30|40;;;
F96369C3;3;INT;2;Yellowjacket Zone;MAIN;26;;;
F96369C3;4;SHZC;2;Yellowjacket Zone;MAIN;38;;;
F97E7872;1;SHZC;1;Rowan Vein System;MAIN;36|37;;;
F97E7872;2;ENE;3;Rowan Vein System;MAIN;38;;;
F97E7872;3;FLD;2;Rowan Vein System;MAIN;37;;;
F97E7872;4;LTC;2;Rowan Vein System;MAIN;37;;;
F9B31B77;1;SSF;2;Kinsley;MAIN;59|65|66;;;
F9B31B77;3;FLD;3;Kinsley;MAIN;65|66|75;;;
F9B31B77;4;LTC;2;Kinsley;MAIN;58|59;;;
F9B31B77;5;THR;1;Kinsley;MAIN;58|59;;;
F9C49D3C;1;SHZC;2;Preview SW;MAIN;31;;;
F9C49D3C;2;ENE;3;Preview SW;MAIN;31;;;
F9C49D3C;3;LTC;2;Preview SW;MAIN;33;;;
F9F9BCE1;1;SHZC;1;Assafou;MAIN;141;12000.0;;
FA48F5DE;1;SHZC;1;Garrison Project;MAIN;96;;;
FA48F5DE;2;SOF;2;Garrison Project;MAIN;96;;;
FA48F5DE;3;SOF;3;Garrison Project;MAIN;96;;;
FA48F5DE;4;TRP;1;Garrison Project;MAIN;96;;;
FA48F5DE;5;GSC;2;Garrison Project;MAIN;96;;;
FA1D6159;1;SHZC;1;Pilar Ore Body;MAIN;60;;;
FA1D6159;2;SHZC;2;Pilar Ore Body;MAIN;62;;;
FA1D6159;3;FLD;2;Pilar Ore Body;MAIN;60|62|67;;;
FA1D6159;4;THR;2;Pilar Ore Body;MAIN;62;;;
FA4F3CBF;1;SSF;1;Bonanza Ledge Zone;MAIN;36;;;
FA4F3CBF;2;SSF;2;Bonanza Ledge Zone;MAIN;40|42;;;
FB130253;1;SHZC;1;Mckinnon Gold Deposit;MAIN;26;60000.0;;extent:bounded
FB130253;2;INC;2;Mckinnon Gold Deposit;MAIN;29;;;
FAAD172E;2;SHZC;2;Zone 1;MAIN;31|35;;;
FAAD172E;3;SHZC;3;Zone 1;MAIN;31;;;
FB3022CA;1;SHZC;1;Mwendamboko;MAIN;23;;;
FB3022CA;2;ENE;2;Mwendamboko;MAIN;23;;;
FB3022CA;3;INT;2;Mwendamboko;MAIN;23;;;
FB3022CA;4;THR;1;Mwendamboko;MAIN;23;;;
FB4E10A8;1;SHZC;1;Sewum;MAIN;60;40000.0;;
FB4E10A8;2;SHZC;2;Sewum;MAIN;66;25000.0;;
FB4E10A8;3;THR;2;Sewum;MAIN;65|67;;;
FB4E10A8;4;FLD;2;Sewum;MAIN;65;;;
FB6D6179;1;SHZC;1;South Woods Lake Zone;MAIN;32|39;;;
FB6D6179;2;FLD;2;South Woods Lake Zone;MAIN;39;1000.0;;extent:approx_magnitude
FB6D6179;3;LTC;2;South Woods Lake Zone;MAIN;39;;;
FB78EEA9;1;SSF;1;Rosebel Deposits;MAIN;55;;;
FB78EEA9;2;THR;1;Rosebel Deposits;MAIN;55|63;;;
FB78EEA9;3;SHZC;2;Rosebel Deposits;MAIN;55;;;
FB78EEA9;4;FLD;2;Rosebel Deposits;MAIN;59|63|64;;;
FB78EEA9;5;GSC;2;Rosebel Deposits;MAIN;59;;;
FB78EEA9;6;LTC;2;Rosebel Deposits;MAIN;59;;;
FBC06772;1;SHZC;1;Nkran;MAIN;155;150000.0;;
FBC06772;2;JOG;2;Nkran;MAIN;155;;;
FBC06772;3;SHZC;2;Nkran;MAIN;177;;;
FBC06772;4;THR;2;Nkran;MAIN;158;;;
FB790C6D;1;CSF;1;Duparquet deposit;MAIN;62;;;
FB790C6D;2;SHZC;2;Duparquet deposit;MAIN;62|64|70;;;
FB790C6D;3;SSF;2;Duparquet deposit;MAIN;70;;;
FB790C6D;4;FLD;2;Duparquet deposit;MAIN;70;;;
FBB8F3E2;1;SHZC;2;Kairuni;MAIN;50;;;
FBB8F3E2;2;INC;2;Kairuni;MAIN;52;;;
FBB8F3E2;3;FLD;2;Kairuni;MAIN;59;;;
FBB8F3E2;4;LTC;2;Kairuni;MAIN;66;;;
FBCF1A68;1;SHZC;1;Vickers Target;MAIN;25|32;20000.0;;extent:bounded
FBCF1A68;2;SHZC;2;Vickers Target;MAIN;25;;;
FBE703A4;1;SHZC;1;Parbec;MAIN;11;;;
FBE703A4;2;SOF;2;Parbec;MAIN;11;;;
FC25554A;1;SHZC;1;Nangodi;MAIN;47|49;5000.0;;extent:approx_magnitude
FC25554A;2;SOF;2;Nangodi;MAIN;47|58;4000.0;;
FC25554A;3;INT;2;Nangodi;MAIN;49;;;
FBCDB331;1;FLD;1;Main Zone;MAIN;41|43;;;
FC2893E4;1;CSF;1;Clavos deposit;MAIN;34;;;
FC2893E4;2;SOF;2;Clavos deposit;MAIN;34;;;
FC2893E4;3;FLD;2;Clavos deposit;MAIN;37;;;
FC2893E4;4;INC;2;Clavos deposit;MAIN;37|39;;;
FC5C1B92;1;CSF;1;South Mine Complex (SMC);MAIN;22|23;321868.0;;
FC5C1B92;2;SHZC;2;South Mine Complex (SMC);MAIN;23;;;
FC5C1B92;3;SOF;2;South Mine Complex (SMC);MAIN;25;;;
FC7B752C;1;SSF;1;Florida Canyon Mine;MAIN;42;200000.0;;
FC7B752C;2;INT;2;Florida Canyon Mine;MAIN;42;;;
FC7B752C;3;LFT;2;Florida Canyon Mine;MAIN;44;;;
FC7B752C;4;SHZC;2;Florida Canyon Mine;MAIN;43|44;;;
FC7B752C;5;THR;1;Florida Canyon Mine;MAIN;42;;;
FC8F1865;1;SHZC;2;Bibiani;MAIN;44|51;;;
FC8F1865;3;SHZC;1;Bibiani;MAIN;45|46;;;
FC8F1865;4;FLD;2;Bibiani;MAIN;58;;;
FCEDB360;1;SHZC;1;Fekola;MAIN;87;;;
FCEDB360;2;SHZC;2;Fekola;MAIN;92|93;;;
FCEDB360;3;INT;2;Fekola;MAIN;93;;;
FCEDB360;4;FLD;2;Fekola;MAIN;93;;;
FCEDB360;5;NRM;N/A;Fekola;MAIN;93;;;
FCEDB360;6;SSF;N/A;Fekola;MAIN;93;;;
FD1806A2;1;CSF;1;EMZ deposit;MAIN;51|55|58;;;
FD1806A2;2;FLD;2;EMZ deposit;MAIN;58|60|71;;;
FD1806A2;3;THR;3;EMZ deposit;MAIN;60|64;;;
FD1806A2;4;LTC;2;EMZ deposit;MAIN;58|71;;;
FD14CA74;1;SSF;2;Mexican Hat;MAIN;63;;;
FD14CA74;2;NRM;2;Mexican Hat;MAIN;63;;;
FD14CA74;3;THR;2;Mexican Hat;MAIN;63;;;
FD14CA74;4;THR;1;Mexican Hat;MAIN;66;;;
FD06011C;1;CSF;1;Massawa;MAIN;19|22;;;
FD06011C;2;SHZC;2;Massawa;MAIN;22|23;;;
FD06011C;3;MYLC;2;Massawa;MAIN;23;;;
FD06011C;4;LTC;2;Massawa;MAIN;23;;;
FD30C9AE;1;FLD;1;Touquoy;MAIN;115|121;;;
FD30C9AE;3;SHZC;2;Touquoy;MAIN;126;;;
FD27493E;1;CSF;1;South West deposit;MAIN;63;;;
FD27493E;2;ENE;3;South West deposit;MAIN;42;;;
FD27493E;3;GSC;2;South West deposit;MAIN;42;;;
FD27493E;4;SHZC;1;South West deposit;MAIN;63;;;
FD27493E;5;SOF;2;Discovery deposit;MAIN;58;;;
FD27493E;6;INC;2;Discovery deposit;MAIN;58;;;
FD27493E;7;SHZC;1;Windjammer North deposit;MAIN;50;;;
FD27493E;8;GSC;2;55 deposit;MAIN;47;;;
FD27493E;9;GSC;2;Windjammer Central deposit;MAIN;53;;;
FD27919B;1;THR;1;Plutonic Gold Mine;MAIN;47|50|56;;;
FD27919B;2;MYLC;2;Plutonic Gold Mine;MAIN;55;;;
FD27919B;3;SOF;2;Plutonic Gold Mine;MAIN;56;;;
FD65A15C;2;THR;2;Tuvatu;MAIN;27|29;5000.0;;extent:bounded
FD65A15C;3;SHZC;2;Tuvatu;MAIN;30;;;
FD7FE0FA;1;SHZC;1;Sabodala Deposit;MAIN;135;;;
FD7FE0FA;2;SHZC;2;Sabodala Deposit;MAIN;153;;;
FD7FE0FA;3;SHZC;3;Sabodala Deposit;MAIN;135;;;
FE2C2EB3;1;SHZC;2;Golden Extension Showing;MAIN;16;;;
FD86E7DB;1;SHZC;2;MacLellan;MAIN;89|90;;;
FD952206;1;CSF;1;Golden Ridge;MAIN;29|31;;;
FD952206;2;SOF;2;Golden Ridge;MAIN;29|31;;;
FDBFC22D;1;FLD;2;Cosmo;MAIN;64;;;
FDBFC22D;2;THR;2;Cosmo;MAIN;66|75;;;
FDBFC22D;3;SSF;2;Cosmo;MAIN;67|76;;;
FDBFC22D;6;THR;3;Cosmo;MAIN;75;;;
FDBFC22D;7;THR;3;Cosmo;MAIN;80|81;;;
FE3C33ED;1;FLD;2;Wassa;MAIN;45|50|63;;;
FE544976;2;SOF;2;Rusty Zone;MAIN;73|80;;;
FE655C5A;1;SHZC;2;Sugar Zone;MAIN;74|79;3500.0;;extent:bounded
FE41E283;1;SHZC;1;Jubilee Deposit;MAIN;116|130;6000.0;;extent:bounded
FE41E283;2;SHZC;1;Jubilee Deposit;MAIN;116|121;;;
FE41E283;3;SOF;2;Jubilee Deposit;MAIN;116|132;1000.0;;extent:bounded
FE41E283;4;SHZC;2;Jubilee Deposit;MAIN;119;2000.0;;extent:bounded
FE41E283;5;SSF;1;Jubilee Deposit;MAIN;115|131;;;
FE41E283;6;SHZC;2;Jubilee Deposit;MAIN;127|133;1500.0;;
FE41E283;7;INC;2;Jubilee Deposit;MAIN;109|131;;;
FE6EF162;1;SSF;1;Coleman Zone;MAIN;32;;;
FE6EF162;2;SHZC;2;Coleman Zone;MAIN;33;;;
FE6EF162;3;THR;2;Coleman Zone;MAIN;33|35|37;;;
FE6EF162;4;SSF;2;Coleman Zone;MAIN;35|37|49;;;
FE77C988;1;CSF;1;Fenn-Gib Deposit;MAIN;61|63;;;
FE77C988;2;SOF;2;Fenn-Gib Deposit;MAIN;63|69;;;
FEBB4E99;1;THR;2;Mesquite;MAIN;38;;;
FEBB4E99;2;SSF;2;Mesquite;MAIN;38;;;
FEBB4E99;4;INT;2;Mesquite;MAIN;41;;;
FEBB4E99;5;CSF;1;Mesquite;MAIN;37|38;;;
FEBB4E99;6;SOF;1;Mesquite;MAIN;37|38;;;
FEC127DD;2;SHZC;1;Noomut Property;MAIN;25;35000.0;;extent:bounded
FEC127DD;3;FLD;2;Noomut Property;MAIN;26;;;
FEFBD7AD;1;SHZC;1;West Branch;MAIN;48;;;
FEFBD7AD;2;SOF;2;West Branch;MAIN;48;;;
FEFBD7AD;3;FLD;2;West Branch;MAIN;48;;;
FEFBD7AD;4;LTC;2;West Branch;MAIN;49;;;
FEFBD7AD;5;ENE;3;West Branch;MAIN;49;;;
FF0E3756;1;CSF;1;Matheson Gold Corridors;MAIN;33|41|54;550000.0;;extent:bounded
FF0E3756;2;SHZC;2;Matheson Gold Corridors;MAIN;40|54;;;
FF3D4B92;1;SHZC;2;Duvay Zone Principal;MAIN;30|34|37;;;
FF3D4B92;2;THR;2;Duvay Zone Principal;MAIN;34|39;;;
FF3D4B92;5;SHZC;2;Duvay Zone Principal;MAIN;48;;350.0;distance:range_mean
FF7D2FB0;1;THR;2;Pine Cove Mine;MAIN;52|57;;;
FF7D2FB0;2;THR;2;Pine Cove Mine;MAIN;57;;;
FFF0B9E7;1;SHZC;2;Galaxy Ore Body;MAIN;53;;;
FF95A43D;1;TRP;1;Leprechaun Gold deposit;MAIN;48;30000.0;;
FF95A43D;2;SHZC;2;Leprechaun Gold deposit;MAIN;48;;;
FF95A43D;3;INC;2;Leprechaun Gold deposit;MAIN;45|48;;;
FF95A43D;4;ENE;3;Leprechaun Gold deposit;MAIN;44|48;;;
01321B03;1;SSF;2;Galena Mine;MAIN;41;;;
01321B03;2;SSF;2;Galena Mine;MAIN;41|42;;;
01321B03;3;LTC;2;Galena Mine;MAIN;41;;;
00DAFCDF;2;SSF;1;Santa Rosa;MAIN;34;;;
001E2D7D;1;BMF;2;Prince Mine;MAIN;23;;;
00A1A571;1;TRT;2;San Sebastian Vein system;MAIN;38;;;
00A1A571;2;INT;2;San Sebastian Vein system;MAIN;38;;;
00A1A571;3;FLW;2;San Sebastian Vein system;MAIN;31;;;
00A1A571;4;SHZC;1;San Sebastian Vein system;MAIN;28|38;;;
0270F3E6;1;THR;1;Bellekeno;MAIN;4|28;;;
0270F3E6;2;SSF;2;Bellekeno;MAIN;5|32;;;
0270F3E6;3;ENE;2;Bellekeno;MAIN;5|32;;;
02D3DA57;1;SHZC;2;Cabin Lake;MAIN;28;;;
019F2339;1;INT;2;La Frazada and La Jabalina Veins;MAIN;91;;;
019F2339;2;SHZC;2;La Frazada and La Jabalina Veins;MAIN;91;;;
031AFC14;1;SOF;2;Pino de Plata;MAIN;23|25|26;;;
031AFC14;2;JOG;3;Pino de Plata;MAIN;34;;;
031AFC14;3;INC;2;Pino de Plata;MAIN;39;;;
03594534;1;CSF;1;Tulameen Mountain Property;MAIN;6;;;
03F2649D;1;CLD;1;Martha;MAIN;24|36;;;
03E07518;1;CSF;1;El Milagro;MAIN;30|36|47;100000.0;;extent:bounded
03E07518;3;FLD;2;El Milagro;MAIN;36;;;
05401CDC;1;CSF;1;Guia Antigua;MAIN;34;2000000.0;;
05401CDC;3;FLW;2;Guia Antigua;MAIN;36;;;
05401CDC;4;LTC;2;Guia Antigua;MAIN;37;;;
05401CDC;5;THR;3;Guia Antigua;MAIN;37;;;
05795C80;1;SSF;2;Pallancata Vein;MAIN;31|33;;;
05795C80;2;JOG;2;Pallancata Vein;MAIN;31;;;
05795C80;3;INT;2;Pallancata Vein;MAIN;34|40;;;
05795C80;4;ENE;3;Pallancata Vein;MAIN;34;;;
05795C80;5;CLD;1;Pallancata Vein;MAIN;31;;;
056AE52A;1;TRP;2;Promontorio;MAIN;38;;;
056AE52A;2;INT;2;Promontorio;MAIN;38;;;
05C21063;1;CSF;1;Sierra Mojada;MAIN;47|55|75;;;
05C21063;2;SOF;2;Sierra Mojada;MAIN;55|75;;;
05C21063;3;BMF;2;Sierra Mojada;MAIN;55;;;
05C21063;4;THR;2;Sierra Mojada;MAIN;52|55;;;
0605E838;1;SSF;N/A;Esquilache;MAIN;40|43|44|50;;;
0605E838;2;SOF;N/A;Esquilache;MAIN;40|43|44;;;
0605E838;3;JOG;N/A;Esquilache;MAIN;43|44;;;
06CFC817;1;INT;N/A;Kerr Property;MAIN;22;;;
06CFC817;2;SHZC;N/A;Kerr Property;MAIN;22;;;
06CFC817;3;GSC;N/A;Kerr Property;MAIN;22;;;
06A5797B;1;CSF;1;Claudia Project;MAIN;36;;;
06A5797B;2;NRM;2;Claudia Project;MAIN;37;;;
06A5797B;3;SOF;2;Claudia Project;MAIN;37;;;
06A5797B;4;INT;2;Claudia Project;MAIN;37;;;
06BA8F25;1;SSF;1;La Guitarra;MAIN;73;;;
06D8AEF3;1;CSF;1;Guanajuato Mine;MAIN;44;25000.0;;
06D8AEF3;2;JOG;2;Guanajuato Mine;MAIN;47;;;
06D8AEF3;3;LTC;2;Guanajuato Mine;MAIN;47;;;
09D7EE3E;1;BMF;1;Silver King;MAIN;45;;;
09D7EE3E;2;SOF;2;Silver King;MAIN;45;;;
07B2F0E3;1;CSF;1;Ober-Zeiring;MAIN;43|44|89;125000.0;;extent:bounded|extent:range_mean
07B2F0E3;2;FLD;2;Ober-Zeiring;MAIN;49|55;;;
07B2F0E3;4;SSF;2;Ober-Zeiring;MAIN;68;;;
09F03D47;1;CSF;1;Chinchillas;MAIN;31;;;
09F03D47;2;SHZC;1;Chinchillas;MAIN;31|32;;;
09F03D47;3;INT;2;Chinchillas;MAIN;31|40|45;;;
09F03D47;4;JOG;2;Chinchillas;MAIN;32;;;
0A03757D;1;SHZC;2;Copala;MAIN;81;;;
0A28D8FC;1;BMF;1;Cerro Las Minitas;MAIN;34;;;
0A28D8FC;2;DOM;2;Cerro Las Minitas;MAIN;34;;;
0A28D8FC;3;FLD;2;Cerro Las Minitas;MAIN;34;;;
0AB7494C;1;BMF;N/A;Dolly Varden Project;MAIN;43;;;
0AB7494C;2;THR;1;Dolly Varden Project;MAIN;44|49;;;
0E160D96;1;SSF;1;Cusi Vein System;MAIN;36|39;;;
0E160D96;2;SOF;2;Cusi Vein System;MAIN;39;;;
0E160D96;3;INT;2;Cusi Vein System;MAIN;39|48;;;
0E5401CF;1;BMF;1;El Tigre;MAIN;81|85;;;
0E5401CF;2;CSF;1;El Tigre;MAIN;90;7000.0;;
0E5401CF;3;SOF;2;El Tigre;MAIN;90;;;
0E5401CF;4;INT;2;El Tigre;MAIN;90;;;
0E5401CF;5;JOG;2;El Tigre;MAIN;93|97;;;
0E6CC902;1;SHZC;2;Zgounder;MAIN;74;;;
0E6CC902;2;ENE;3;Zgounder;MAIN;73|74|75;;;
0E6CC902;3;INT;2;Zgounder;MAIN;72;;;
0F479B3A;1;LFT;2;Corani Project Resource;MAIN;64|66;;;
1028ABF3;1;BMF;1;Cerro Las Minitas;MAIN;40;;;
1028ABF3;3;FLD;2;Cerro Las Minitas;MAIN;40;;;
11793906;1;SOF;2;Waterpump Creek;MAIN;73|80|81;6000.0;;extent:bounded
11793906;2;THR;2;Waterpump Creek;MAIN;80;;;
11793906;3;FLD;3;Waterpump Creek;MAIN;80;;;
11D8614E;1;FLD;2;Mangazeisky North;MAIN;49|50;;;
11D8614E;2;SHZC;2;Mangazeisky North;MAIN;50;;;
11D8614E;3;LTC;2;Mangazeisky North;MAIN;50;;;
109879D1;1;SHZC;1;El Cubo;MAIN;57;;;
109879D1;2;SOF;2;El Cubo;MAIN;57;;;
109879D1;3;INT;2;El Cubo;MAIN;62;;;
120440D7;1;SSF;2;Vertikalny;MAIN;89;5100.0;;
1282E4F3;1;INT;2;Zgounder;MAIN;74;;;
1282E4F3;2;SHZC;2;Zgounder;MAIN;74;;;
1282E4F3;4;LTC;2;Zgounder;MAIN;74;;;
132F6092;1;TRT;1;Cusi;MAIN;34|35;;;
132F6092;2;SOF;2;Cusi;MAIN;34|35;;;
132F6092;3;INT;2;Cusi;MAIN;35;;;
1260DD24;1;SHZC;1;Cinco de Mayo;MAIN;24|29|30;;;
1260DD24;3;INT;2;Cinco de Mayo;MAIN;24;;;
1260DD24;4;THR;2;Cinco de Mayo;MAIN;34;;;
1260DD24;5;FLD;2;Cinco de Mayo;MAIN;24;;;
13D157B4;1;CSF;1;Bilbao;MAIN;36|42;600000.0;;
13D157B4;2;INC;2;Bilbao;MAIN;42;;;
13C217FA;1;BMF;1;Washington Silver;MAIN;13|14;;;
153B0FD8;1;CSF;1;Guanajuato Mine;MAIN;47;25000.0;;
153B0FD8;2;JOG;2;Guanajuato Mine;MAIN;50;;;
153B0FD8;3;LTC;2;Guanajuato Mine;MAIN;50;;;
144D6953;1;FLD;1;Morococha Mine;MAIN;29;;;
144D6953;2;SHZC;1;Morococha Mine;MAIN;29;;;
157322E0;2;SSF;2;La Frazada Vein;MAIN;36|38;;;
15754DC4;1;SHZC;1;Yauricocha;MAIN;62|67;;;extent:unparseable
15754DC4;2;FLD;2;Yauricocha;MAIN;61;;;
15754DC4;3;GSC;2;Yauricocha;MAIN;62|67;;;
15754DC4;4;INC;2;Yauricocha;MAIN;62;;;
15754DC4;5;INT;2;Yauricocha;MAIN;62;;;
15C63AB6;1;TRP;1;Princesa;MAIN;15|25;;;
15C63AB6;2;TRT;2;Princesa;MAIN;21;1.5;;extent:bounded
15D76947;1;SSF;N/A;San Marcial;MAIN;63;;;
15D76947;3;INT;2;San Marcial;MAIN;64;;;
17672025;1;SHZC;1;Oculto;MAIN;43|49;300000.0;;extent:approx_magnitude
17672025;2;CSF;1;Oculto;MAIN;43|49;;;
17672025;3;SOF;2;Oculto;MAIN;49;;;
17672025;4;SOF;3;Oculto;MAIN;51;;;
17672025;5;UNC;2;Oculto;MAIN;51;;;
182A0272;2;CLD;2;Silver Queen Deposit;MAIN;41;;;
182A0272;3;SSF;1;Silver Queen Deposit;MAIN;41;;;
182A0272;4;JOG;3;Silver Queen Deposit;MAIN;41;;;
17DE001A;1;CSF;1;Cerro Bayo District;MAIN;48;;;
18A2027C;1;CSF;1;La Encantada;MAIN;47;;;
18A2027C;2;SOF;2;La Encantada;MAIN;51|55;;;
18A2027C;3;INT;2;La Encantada;MAIN;51|57;;;
18D6D1CC;1;SHZC;1;Hardshell;MAIN;31;8046.7;;extent:bounded
18D6D1CC;2;NRM;2;Hardshell;MAIN;31;;;
18D6D1CC;3;NRM;3;Hardshell;MAIN;31;;;
18D6D1CC;4;INT;2;Hardshell;MAIN;29;;;
18E4B5BD;1;INT;N/A;Zgounder;MAIN;80;;;
18E4B5BD;2;SHZC;N/A;Zgounder;MAIN;80;;;
195BFEF8;1;THR;2;La Cigarra;MAIN;45|52;;;
195BFEF8;2;FLD;2;La Cigarra;MAIN;45|52;;;
195BFEF8;3;BMF;2;La Cigarra;MAIN;45|52;;;
19724E16;1;SHZC;1;Las Bolas Structure;MAIN;35;2700.0;;
1A976CD9;1;SHZC;2;Silveria;MAIN;29;;;
1A976CD9;2;SSF;2;Silveria;MAIN;29;;;
1A976CD9;3;ENE;3;Silveria;MAIN;29;;;
1AFFD8D7;1;SOF;2;Cusi;MAIN;72;;;
1AFFD8D7;2;INT;2;Cusi;MAIN;75;;;
1B0CE8FB;1;INT;2;La Preciosa;MAIN;43;;;
1B0CE8FB;2;UNC;2;La Preciosa;MAIN;45;;;
1B0CE8FB;3;GSC;2;La Preciosa;MAIN;45|49;;;
1B475F9E;1;LFT;N/A;La Preciosa;MAIN;52;;;
1B475F9E;2;UNC;N/A;La Preciosa;MAIN;52;;;
1B475F9E;3;NRM;N/A;La Preciosa;MAIN;53;;;
1B475F9E;4;ENE;N/A;La Preciosa;MAIN;53;;;
1B475F9E;5;SSF;N/A;La Preciosa;MAIN;53;;;
1B7A92AF;1;THR;1;Bermingham;MAIN;77;;;
1B7A92AF;2;SSF;2;Bermingham;MAIN;77|81;;;
1C09C399;1;SHZC;1;Upper Manto deposit;MAIN;32;;;
1C09C399;2;THR;2;Upper Manto deposit;MAIN;32;;;
1C09C399;3;FLD;2;Upper Manto deposit;MAIN;32;;;
1C402986;1;CSF;1;Chinchillas;MAIN;32;;;
1C402986;3;INT;2;Chinchillas;MAIN;32|46;;;
1C402986;4;JOG;2;Chinchillas;MAIN;33;;;
1C402986;5;GSC;2;Chinchillas;MAIN;40|44;;;
1CAF3C71;1;SSF;2;Guitarra;MAIN;46;;;
1CAF3C71;2;SOF;3;Guitarra;MAIN;46|55;;;
1DBA200E;1;CSF;1;San Ignacio;MAIN;58;;;
1DBA200E;2;INT;2;San Ignacio;MAIN;58;;;
1DBA200E;3;SHZC;1;San Ignacio;MAIN;63;8000.0;;extent:bounded
1E7D5BF4;1;TRT;1;Cusi;MAIN;35|36|37|39;;;
1E7D5BF4;2;SOF;2;Cusi;MAIN;37|39;;;
1E7D5BF4;3;INT;2;Cusi;MAIN;37|39;;;
1EAA85D5;1;BMF;1;Sierra Mojada;MAIN;38|39|40|41|44;;;
1EAA85D5;2;SOF;2;Sierra Mojada;MAIN;43|44;;;
1EC25303;1;BMF;1;Sierra Mojada;MAIN;29;;;
1EC25303;2;SHZC;1;Sierra Mojada;MAIN;30|32;;;
1EC25303;3;INT;2;Sierra Mojada;MAIN;30;;;
1EB7DB8A;1;BMF;1;Silvertip;MAIN;36;;;
1EB7DB8A;2;SOF;2;Silvertip;MAIN;36|41;;;
1EC34635;1;SOF;2;Shafter deposit;MAIN;58|60;1609.3;;extent:bounded
1EC34635;2;SOF;2;Shafter deposit;MAIN;59|61|65;;;
1EC34635;3;INT;2;Shafter deposit;MAIN;58;;;
1EC34635;4;FLD;2;Shafter deposit;MAIN;53|60;;;
1F54D35B;1;THR;1;Magdalena;MAIN;38;;;
1F54D35B;2;THR;2;Magdalena;MAIN;38|41|43;;;
1F54D35B;3;SHZC;3;Magdalena;MAIN;43|46;;;
1FC287A7;1;CSF;1;Milagros;MAIN;94;;;
1FC287A7;2;SOF;2;Milagros;MAIN;94;;;
1FE272B7;1;SOF;2;Potosi Mine;MAIN;38|41;;;
1FE272B7;2;INT;3;Potosi Mine;MAIN;38;;;
1FE272B7;3;FLD;2;Potosi Mine;MAIN;31|36|38;;;
22F42F4C;1;THR;2;Shafter deposit;MAIN;24|26|27;1609.3;;extent:bounded
22F42F4C;2;INT;2;Shafter deposit;MAIN;24;;;
2135519C;1;THR;2;Kisgegas Property;MAIN;20;;;
2135519C;2;SHZC;2;Kisgegas Property;MAIN;20;;;
2135519C;3;ENE;3;Kisgegas Property;MAIN;20;;;
2302A68F;1;SHZC;1;Guanajuato Mine;MAIN;45;25000.0;;
2302A68F;2;JOG;2;Guanajuato Mine;MAIN;48;;;
22DDFDDF;1;INT;2;Chinchillas;MAIN;48|61;;;
22DDFDDF;2;JOG;2;Chinchillas;MAIN;49;;;
22DDFDDF;4;FLD;2;Chinchillas;MAIN;63;;;
24134C1F;1;JOG;2;Santas Gloria;MAIN;30;;;
24134C1F;2;INT;2;Santas Gloria;MAIN;30;;;
243200CD;1;THR;N/A;Capire;MAIN;23;;;
243200CD;2;FLD;N/A;Capire;MAIN;23|26;;;
23CFCB82;1;CSF;1;Velardeña Mines;MAIN;46;;;
23CFCB82;2;INT;2;Velardeña Mines;MAIN;50;;;
2443BAA1;1;FLD;2;Namiquipa Mine;MAIN;29|30;;;
2443BAA1;3;LTC;2;Namiquipa Mine;MAIN;33;;;
245BB4C2;1;FLD;2;Nizhny Endybal;MAIN;58|59;;;
245BB4C2;2;THR;2;Nizhny Endybal;MAIN;59;;;
250EFC2A;1;SHZC;1;Main Silver King Vein;MAIN;17;1000.0;;extent:bounded
250EFC2A;2;FLD;1;Main Silver King Vein;MAIN;17;;;
250EFC2A;3;LTC;2;Main Silver King Vein;MAIN;22;;;
250EFC2A;4;SOF;2;Main Silver King Vein;MAIN;17;;;
250EFC2A;5;INT;3;Main Silver King Vein;MAIN;21;;;
255F2CFA;1;THR;1;Silver Sand;MAIN;36;;;
288CA85E;2;SSF;2;Finlandia vein system;MAIN;33|35|36;1000.0;;extent:bounded
29072287;1;SOF;2;Silver Reef;MAIN;23|26;;;
29072287;2;CLD;1;Silver Reef;MAIN;25|26;;;
288D2C3D;1;CLD;2;Queen Structure;MAIN;49|54;;;
288D2C3D;3;INT;3;Queen Structure;MAIN;56;;;
288D2C3D;4;LTC;2;Queen Structure;MAIN;56;;;
2957E15D;1;SOF;2;Martha;MAIN;20|26|29;;;
2957E15D;2;ENE;3;Martha;MAIN;29;;;
2957E15D;3;SSF;2;Martha;MAIN;20|26;;;
2928503D;1;SSF;1;Waterloo;MAIN;91|94|99;115000.0;;
2928503D;2;THR;2;Waterloo;MAIN;94|100;;;
2928503D;3;SOF;2;Waterloo;MAIN;94|100;;;
2928503D;5;FLD;2;Waterloo;MAIN;94|99;;;
2928503D;6;DET;1;Waterloo;MAIN;99|110;;;
2928503D;7;LFT;2;Waterloo;MAIN;107|110;;;
299A33E1;1;THR;1;Pulacayo;MAIN;54;;4000.0;
299A33E1;2;SSF;1;Pulacayo;MAIN;56|57;;;
299A33E1;3;SOF;2;Pulacayo;MAIN;56;;;
29C562B1;1;SHZC;1;El Cubo;MAIN;49;;;
29C562B1;2;INT;2;El Cubo;MAIN;49|54;;;
2A5B7D32;1;LTC;2;Escondida;MAIN;26;;;
2A5B7D32;2;FLD;2;Escondida;MAIN;26;;;
2A816F9A;1;SSF;2;Vertikalny;MAIN;70|71;5100.0;;
2AE97DC0;1;CLD;1;Veta Grande Vein System;MAIN;41;;;
2C99F92A;1;INT;2;Cerro Las Minitas;MAIN;49;;;
2C99F92A;3;FLD;2;Cerro Las Minitas;MAIN;49;;;
2D1193C8;1;SHZC;1;Abcourt-Barvue;MAIN;22;;;
2CCA379B;1;SSF;2;Catarina;MAIN;47;2500.0;;
2CCA379B;2;INT;3;Catarina;MAIN;48;;;
2CA4F9B9;1;SOF;2;El Horcon;MAIN;23;;;
2DCA987B;1;SHZC;1;Hardshell;MAIN;36|40|42;8046.7;;extent:bounded
2DCA987B;4;FLD;2;Hardshell;MAIN;40;;;
2DE24955;1;CSF;1;Rainbow Block;MAIN;37|40;;;
2DECC0A8;1;BMF;1;Redline Minerals Property Group;MAIN;94;;500.0;
2DECC0A8;2;SSF;2;Redline Minerals Property Group;MAIN;83|101|104;4828.0;;extent:approx_magnitude
2DECC0A8;4;INT;2;Redline Minerals Property Group;MAIN;83|101;;;
2E6FB28A;1;SHZC;2;Carolay Vein;MAIN;23|26|28;;;
2F3A6A54;1;SHZC;1;Clemens-El Muerto;MAIN;26;;;
2F3A6A54;2;SOF;2;Clemens-El Muerto;MAIN;26;;;
2F3A6A54;3;JOG;2;Clemens-El Muerto;MAIN;26;;;
2F3A6A54;4;INT;2;Clemens-El Muerto;MAIN;22;;;
2F159771;1;SHZC;1;Lolon Vein;MAIN;36;;;
2F159771;2;SOF;2;Lolon Vein;MAIN;11|36;;;
2FF65738;1;CSF;1;Evolución Project;MAIN;34;1600000.0;;
2FF65738;2;THR;2;Evolución Project;MAIN;39;;;
2FF65738;3;SSF;2;Evolución Project;MAIN;39;;;
301B741C;1;THR;1;San Vicente;MAIN;21;;2500.0;
301B741C;2;SOF;2;San Vicente;MAIN;21|22;;;
301B741C;3;SOF;2;San Vicente;MAIN;22;;;
3099569D;1;SSF;1;Santa Ana;MAIN;19;;;
30C5156C;1;SHZC;1;Platosa;MAIN;27;5000.0;;
30C5156C;2;INT;2;Platosa;MAIN;27|35;;;
30C5156C;3;SOF;2;Platosa;MAIN;27;;;
30C5156C;4;FLD;2;Platosa;MAIN;27|40;;;
312BC69D;1;GSC;2;Bayhorse Mine;MAIN;30|36;;;
30DD47D8;1;THR;1;Plata Vein System;MAIN;21|24;;;
30DD47D8;2;SHZC;2;Plata Vein System;MAIN;24;;;
313796B0;1;SSF;1;Salvador-Sambalay Area;MAIN;38;;;
313796B0;2;JOG;2;Salvador-Sambalay Area;MAIN;38;;;
313796B0;3;SOF;2;Salvador-Sambalay Area;MAIN;38;;;
313796B0;4;SOF;2;Salvador-Sambalay Area;MAIN;43;;;
3172FA35;1;THR;1;Treasure Mountain;MAIN;21;;;
34BA8EB5;2;SSF;1;Veta Madre;MAIN;50;;;
3475BDFD;1;CSF;1;San Diego;MAIN;38|44;;;
32DB68AF;1;CLD;1;Iska Iska;MAIN;32;;;
32DB68AF;2;SHZC;2;Iska Iska;MAIN;34;;;
36606EFA;2;INT;2;San Andrés;MAIN;15;;;
36D4C92B;1;CLD;1;Cachinal;MAIN;37;;;
36D4C92B;2;SOF;2;Cachinal;MAIN;37|38;;;
37617794;1;SSF;2;Wonderful vein system;MAIN;18|20|21;;;
37617794;2;ENE;3;Wonderful vein system;MAIN;20|21|25;;;
388C3C44;1;SHZC;2;Dios Padre;MAIN;15|16;;;
388C3C44;2;BXP;2;Dios Padre;MAIN;16;;;
388C3C44;3;INC;2;Dios Padre;MAIN;15|16;;;
384ECF54;1;CSF;1;Ying Vein System;MAIN;51|66;;;
384ECF54;2;SHZC;1;Ying Vein System;MAIN;52|66;;;
384ECF54;3;SOF;2;Ying Vein System;MAIN;52|53;;;
38925A06;1;SHZC;1;San Ignacio;MAIN;23|27;8000.0;;extent:bounded
38925A06;2;NRM;1;San Ignacio;MAIN;23;;;
389E582B;1;BMF;1;DVT Exhalite Horizon;MAIN;28;;;
389E582B;2;SHZC;1;DVT Exhalite Horizon;MAIN;28;;;
389E582B;3;FLD;1;DVT Exhalite Horizon;MAIN;29|33|45;;;
3959A3FF;2;INT;1;Cuencame Concessions;MAIN;16;;;
3959A3FF;3;BMF;1;Cuencame Concessions;MAIN;16|17;;;
3959A3FF;4;FLD;1;Cuencame Concessions;MAIN;16;;;
3ACF6E1B;1;SSF;1;Galena Mine;MAIN;30;;;
3ACF6E1B;2;SSF;2;Galena Mine;MAIN;30|34;;;
3ACF6E1B;3;SOF;2;Galena Mine;MAIN;30|34|35;;;
3ACF6E1B;4;FLD;2;Galena Mine;MAIN;30;;;
3C1BDBE1;1;INT;2;Miguel Auza;MAIN;44;;;
3AF14E20;1;SHZC;1;Platosa;MAIN;34;5000.0;;
3AF14E20;2;INT;2;Platosa;MAIN;34|42;;;
3AF14E20;3;SOF;2;Platosa;MAIN;34;;;
3AF14E20;4;FLD;2;Platosa;MAIN;34|41;;;
3AF14E20;5;INC;2;Platosa;MAIN;41;;;
3C805E8B;1;CLD;1;Martha;MAIN;25|35;;;
3C805E8B;3;SSF;2;Martha;MAIN;26;;;
3DB4603B;1;INC;2;Caledonia;MAIN;39;;;
3CC20B2D;1;FLD;2;Nizhny Endybal;MAIN;85|86;;;
3CC20B2D;2;THR;2;Nizhny Endybal;MAIN;86;;;
3CC20B2D;3;LFT;2;Nizhny Endybal;MAIN;86;;;
3D025485;1;THR;2;Arthurs Seat;MAIN;27;;;
3D025485;2;SOF;2;Arthurs Seat;MAIN;27;3000.0;;extent:approx_magnitude
3D025485;3;SSF;2;Arthurs Seat;MAIN;27;;;
3E71680C;1;SSF;2;Flame & Moth;MAIN;31;;;
3E71680C;2;THR;1;Flame & Moth;MAIN;29|30;;;
3DE238EC;1;BMF;1;Cerro Las Minitas;MAIN;31;;;
3DE238EC;3;FLD;2;Cerro Las Minitas;MAIN;31;;;
3DE238EC;4;INT;2;Cerro Las Minitas;MAIN;33;;;
3E19CE93;1;CSF;1;Cerro Bayo;MAIN;21;;;
3E19CE93;2;SOF;2;Cerro Bayo;MAIN;21;;;
3F15923D;1;INT;2;Zgounder;MAIN;66;;;
3F15923D;2;SHZC;2;Zgounder;MAIN;66;;;
3F3F8FB8;1;SSF;1;Valdecañas vein system;MAIN;41;200000.0;;extent:bounded
3F3F8FB8;2;SSF;1;Valdecañas vein system;MAIN;41;;;
3F3F8FB8;3;SOF;2;Valdecañas vein system;MAIN;41;;;
3FB35B92;1;SSF;1;Galena mine complex;MAIN;31;;;
3FB35B92;2;SSF;2;Galena mine complex;MAIN;31|33;;;
3FB35B92;4;FLD;2;Galena mine complex;MAIN;31;;;
3FB35B92;5;LTC;2;Galena mine complex;MAIN;33;;;
3FB35B92;6;JOG;2;Galena mine complex;MAIN;33;;;
3F5BC8C7;1;TRT;1;San Marcial Vein;MAIN;42;;;
3F5BC8C7;2;ENE;2;San Marcial Vein;MAIN;45;2500.0;;
3F5BC8C7;3;INT;2;San Marcial Vein;MAIN;41;;;
3FEF94CF;1;CSF;1;Hector Property;MAIN;36;;;
3FEF94CF;3;NRM;3;Hector Property;MAIN;36;;;
4098286B;1;SOF;2;Treasure Mountain;MAIN;19|22;;;
426B7D5E;1;LFT;2;Corani;MAIN;68|73|75;;;
426B7D5E;2;INT;2;Corani;MAIN;68;;;
426B7D5E;3;JOG;2;Corani;MAIN;68;;;
426B7D5E;4;BXP;2;Corani;MAIN;73;;;
42A849D3;1;THR;1;Tangana Sector;MAIN;57;400000.0;;extent:bounded
42A849D3;2;ENE;3;Tangana Sector;MAIN;57|70;;;
40D526D1;2;BMF;1;Trinidad Deposit;MAIN;49;;;
437AC06E;1;CSF;1;Santa Ana Project;MAIN;49|50;;;
437AC06E;2;SSF;1;Santa Ana Project;MAIN;50;;;
437AC06E;3;SOF;2;Santa Ana Project;MAIN;52|54;;;
437AC06E;4;SHZC;2;Santa Ana Project;MAIN;54;;;
437AC06E;5;FLD;3;Santa Ana Project;MAIN;54;;;
431A790D;1;CLD;1;Mogollon District Veins;MAIN;66|73;;;
431A790D;3;INT;3;Mogollon District Veins;MAIN;75;;;
431186BA;1;SHZC;1;Yauricocha Mine;MAIN;49|83;10000.0;;
431186BA;2;FLD;2;Yauricocha Mine;MAIN;48;;;
431186BA;3;INT;2;Yauricocha Mine;MAIN;49|75;;;
431186BA;4;GSC;2;Yauricocha Mine;MAIN;49|75;;;
431186BA;5;INC;2;Yauricocha Mine;MAIN;49|75;;;
43BF37D3;1;THR;1;Bermingham;MAIN;28|30|31;;;
43BF37D3;3;SOF;2;Bermingham;MAIN;31|34|35;;;
441BB576;1;SHZC;2;La Colorada skarn deposit;MAIN;46|47;;;
441BB576;2;INC;2;La Colorada skarn deposit;MAIN;48;;;
43E7C21F;1;THR;2;Pirquitas;MAIN;57;;;
43E7C21F;2;FLD;2;Pirquitas;MAIN;57|60;;;
458B4AB9;1;CSF;1;XHP;MAIN;40;;;
458B4AB9;2;SOF;2;XHP;MAIN;41|42|44;;;
459D1214;1;SOF;2;Avino Vein;MAIN;59|61;1300.0;;extent:bounded
45A8DF79;1;CSF;1;SGX Area;MAIN;16;;;
45A8DF79;2;SOF;2;SGX Area;MAIN;16|17|20;300.0;;extent:approx_magnitude
45BD3392;1;CSF;1;BTG Property Veins;MAIN;21|25|28;;;
45BD3392;2;SOF;2;BTG Property Veins;MAIN;22;;;
4676EFB9;1;SSF;1;Cinco Minas;MAIN;44|47;3500.0;;
4676EFB9;2;ENE;3;Cinco Minas;MAIN;44;;;
45E9C93A;1;CSF;1;Cerro Hermoso;MAIN;41;;;
45E9C93A;2;INT;2;Cerro Hermoso;MAIN;42;;;
45E9C93A;3;CLD;2;Cerro Hermoso;MAIN;42|43;;;
45E9C93A;4;CLD;2;Cerro Hermoso;MAIN;42;;;
45E9C93A;5;SSF;1;Cerro Hermoso;MAIN;43;;;
4736BA91;1;SOF;2;SGX;MAIN;53|54;300.0;;extent:approx_magnitude
48939B79;3;FLD;2;Silver Sand;MAIN;24;;;
4A8AD175;1;FLD;N/A;La Negra;MAIN;19;;;
4B44DC34;2;THR;2;La Colorada;MAIN;20|22;;;
4B44DC34;3;SHZC;2;La Colorada;MAIN;22;;;
4B50AB72;1;CSF;1;Tangana;MAIN;59|61|62;400000.0;;extent:bounded
4B50AB72;2;NRM;2;Tangana;MAIN;74;;;
4D098F54;1;SHZC;1;Morococha Veins and Mantos;MAIN;38;;;
4D098F54;3;FLD;1;Morococha Veins and Mantos;MAIN;38;;;
4D14C7BF;1;SSF;1;Pingüino;MAIN;28|36;;;
4D14C7BF;2;SSF;2;Pingüino;MAIN;28|36;;;
4D81389E;2;INT;2;Avino Vein;MAIN;62;;;
4DC04EA8;1;CLD;1;San Bartolomé;MAIN;44;;;
4DC04EA8;2;ENE;3;San Bartolomé;MAIN;45;;;
4DC56A82;1;SHZC;1;Shallow Silver Zone;MAIN;31|32|34;;;
4DC56A82;2;UNC;2;Shallow Silver Zone;MAIN;32|34|35;;;
4DED7A68;1;SSF;2;Bellekeno;MAIN;50|58;;;
4DED7A68;2;JOG;2;Bellekeno;MAIN;58;;;
4DED7A68;3;LTC;2;Bellekeno;MAIN;58|59;;;
4DDC8DC4;1;SHZC;1;Rochester;MAIN;59|64;;;
4DDC8DC4;2;SOF;2;Rochester;MAIN;59;;;
4DDC8DC4;3;THR;2;Rochester;MAIN;59|64;;;
4DDC8DC4;4;BMF;2;Rochester;MAIN;59|64;;;
4DDC8DC4;5;INT;2;Rochester;MAIN;64;;;
4DDC8DC4;6;FLD;2;Rochester;MAIN;59|64;;;
4DDC8DC4;7;GSC;2;Rochester;MAIN;64|68;;;
4DF7115C;1;SSF;1;Quiruvilca;MAIN;35;16000.0;;extent:bounded
4DF7115C;2;SOF;2;Quiruvilca;MAIN;36;;;
4E29AE2A;1;SSF;2;Cerro Cubilete-Cerro de la Mina;MAIN;17|27|28;1750.0;;extent:range_mean
4E29AE2A;3;ENE;3;Cerro Cubilete-Cerro de la Mina;MAIN;28;;;
4E29AE2A;4;CLD;2;Cerro Cubilete-Cerro de la Mina;MAIN;34;;;
4EE12A65;1;CLD;2;Nivloc;MAIN;53;;;
4F013677;3;INT;2;Shafter deposit;MAIN;53;;;
50348641;1;LFT;1;Tonopah Vein System;MAIN;34|35;;;
50348641;2;SOF;2;Tonopah Vein System;MAIN;34;;;
50348641;3;LFT;2;Tonopah Vein System;MAIN;34;;;
50537971;1;CSF;1;Castle No. 3;MAIN;42;;;
50537971;2;INC;2;Castle No. 3;MAIN;41|42;;;
50B20583;1;NRM;N/A;Tonopah Camp;MAIN;35;;;
50B20583;2;SSF;N/A;Tonopah Camp;MAIN;35;;;
50B20583;3;NRM;N/A;Tonopah Camp;MAIN;36;6000.0;;
508A7C06;1;TRT;2;Columba;MAIN;29|32;;;
508857FD;1;SHZC;1;Chinchillas;MAIN;39|49|50;;;
508857FD;2;JOG;2;Chinchillas;MAIN;39;;;
508857FD;3;INT;2;Chinchillas;MAIN;49|50;;;
508857FD;4;INC;2;Chinchillas;MAIN;47|49;;;
51B64878;1;NRM;1;Lolón Vein;MAIN;33;;;
51B64878;2;NRM;2;Lolón Vein;MAIN;34;;;
51F9CC3A;1;CSF;1;Veta Madre;MAIN;50;25000.0;;
51F9CC3A;2;JOG;2;Veta Madre;MAIN;53;;;
50FC937D;1;SSF;1;Madre Sierra;MAIN;40;;;
50FC937D;2;DOM;2;Madre Sierra;MAIN;45|59;;;
50FC937D;3;INC;2;Madre Sierra;MAIN;42|61;;;
511369AA;1;CSF;1;Bilbao;MAIN;29;;;
511369AA;2;INT;1;Bilbao;MAIN;29;;;
511369AA;3;FLD;2;Bilbao;MAIN;36;;;
52CC700F;1;THR;1;Sierra Mojada;MAIN;86;30000.0;;
52A18DBD;1;CSF;1;Veta Madre;MAIN;38;25000.0;;
526C65BD;1;SHZC;2;Candelaria;MAIN;43|46;;;
526C65BD;2;THR;2;Candelaria;MAIN;46;;;
526C65BD;3;BMF;2;Candelaria;MAIN;48;;;
53CA862B;1;CSF;1;Silver Crown 6;MAIN;11;;;
53CA862B;2;SOF;2;Silver Crown 6;MAIN;12;;;
53505AEF;1;SSF;1;San José;MAIN;43|47;100000.0;;extent:bounded
53505AEF;2;SSF;2;San José;MAIN;43|47;;;
53505AEF;3;JOG;2;San José;MAIN;43|44|47;;;
53505AEF;4;CLD;2;San José;MAIN;48;;;
54216D3E;1;SHZC;1;Oculto;MAIN;41|47;300000.0;;extent:approx_magnitude
54216D3E;4;SOF;2;Oculto;MAIN;47;;;
54216D3E;6;UNC;2;Oculto;MAIN;52;;;
54471F95;1;SOF;2;SGX;MAIN;25|29;;;
54471F95;2;JOG;2;SGX;MAIN;29;;;
54A7F99C;1;THR;1;Onek;MAIN;24|26|27;;;
54A7F99C;2;SSF;2;Onek;MAIN;28|29;;;
54A7F99C;3;ENE;3;Onek;MAIN;28;;;
544CC1BC;1;BMF;1;La Providencia;MAIN;41;;;
544CC1BC;2;TRT;1;La Providencia;MAIN;41|59;;;
544CC1BC;3;SOF;2;La Providencia;MAIN;54;;;
54A9B2B4;1;THR;1;Lucky Queen;MAIN;23|25|26;;;
54A9B2B4;3;ENE;3;Lucky Queen;MAIN;27;;;
54A9B2B4;4;SSF;2;Lucky Queen;MAIN;27;;;
54BDF594;1;TRT;2;Los Ricos South;MAIN;97|99;3500.0;;
54BDF594;2;INT;3;Los Ricos South;MAIN;99;;;
54D1D272;1;NRM;2;Rosario Veins;MAIN;37|39;2750.0;;extent:range_mean
54D4910E;1;SSF;1;Galena Complex;MAIN;33|38;;;
54D4910E;3;FLD;2;Galena Complex;MAIN;34;;;
554286FF;1;INT;1;Main Pit Zone;MAIN;29;;;
55B2C8D7;1;BMF;1;Alamos Project;MAIN;67;;;
55B2C8D7;2;SSF;1;Alamos Project;MAIN;50|67;;;
55B2C8D7;4;CLD;1;Alamos Project;MAIN;67;;;
55F51666;1;SSF;1;Galena Mine;MAIN;30;;;
55F51666;2;SSF;2;Galena Mine;MAIN;30|34;;;
55F51666;3;SOF;2;Galena Mine;MAIN;30|34|35;;;
55F51666;4;FLD;2;Galena Mine;MAIN;30;;;
55F0D648;1;JOG;2;Chinchillas;MAIN;40;;;
55F0D648;2;INT;1;Chinchillas;MAIN;39;;;
575F47F3;2;LFT;2;Palmarejo;MAIN;48;;;
575F47F3;3;INT;2;Palmarejo;MAIN;48;;;
575F47F3;4;JOG;2;Palmarejo;MAIN;46;;;
57885F08;1;THR;1;Flame & Moth;MAIN;29|32;;;
57885F08;3;LTC;2;Flame & Moth;MAIN;33|36;;;
57885F08;4;SSF;2;Flame & Moth;MAIN;33;;;
57D0F0DB;1;CSF;1;SGX;MAIN;36;;;
57D0F0DB;2;SHZC;2;SGX;MAIN;36|37;300.0;;extent:approx_magnitude
57E80CB7;1;FLD;2;Nizhny Endybal;MAIN;60|61;;;
57E80CB7;2;THR;2;Nizhny Endybal;MAIN;61;;;
57E80CB7;3;LFT;2;Nizhny Endybal;MAIN;61;;;
57BC916D;1;JOG;2;Chinchillas;MAIN;35;;;
57BC916D;2;CSF;1;Chinchillas;MAIN;34;;;
57BC916D;3;INT;2;Chinchillas;MAIN;34|45|47;;;
57BC916D;4;SOF;2;Chinchillas;MAIN;34|43|45|46;;;
581AE3F0;1;SSF;1;Valdecañas;MAIN;30;200000.0;;extent:bounded
581AE3F0;2;SSF;1;Valdecañas;MAIN;30;;;
581AE3F0;3;NRM;2;Valdecañas;MAIN;30;;;
588C34E9;1;SSF;2;Nuestra Señora;MAIN;56|62;;;
588C34E9;2;THR;2;Nuestra Señora;MAIN;55|61;;;
588C34E9;3;SHZC;2;Nuestra Señora;MAIN;56;;;
5898E011;1;SHZC;1;Oculto;MAIN;62|68;;;
5898E011;5;UNC;2;Oculto;MAIN;73;;;
588FE3AD;1;SHZC;1;Rochester;MAIN;55|59;;;
588FE3AD;2;THR;2;Rochester;MAIN;59|63;;;
588FE3AD;3;FLD;2;Rochester;MAIN;59;;;
588FE3AD;4;INT;2;Rochester;MAIN;59;;;
58C4DD83;2;SHZC;N/A;Caylloma Vein System;MAIN;43|52;2000.0;;extent:bounded
590631F1;1;SHZC;1;SGX;MAIN;22;;;
590631F1;2;CSF;1;SGX;MAIN;22;;;
590631F1;3;SOF;2;SGX;MAIN;26|29;;;
59A26FE9;2;JOG;2;Santa Ana;MAIN;30;;;
59C7704D;1;BMF;2;Montanore;MAIN;64|65;;;
59C7704D;2;FLD;2;Montanore;MAIN;65;;;
59C7704D;3;THR;1;Montanore;MAIN;59|65;;;
59C7704D;4;SSF;1;Montanore;MAIN;59;;;
5AB22A95;1;SOF;2;Topia Mine;MAIN;32|36;4000.0;;extent:bounded
5B078456;1;FLD;2;Huaron;MAIN;21;;;
5B078456;2;THR;2;Huaron;MAIN;21;;;
5AB31092;1;BMF;2;Loma de La Plata;MAIN;39|44;;;
5AB31092;2;BMF;2;Loma de La Plata;MAIN;62;;;
5AB31092;3;SSF;1;Loma de La Plata;MAIN;63|71;;;
5B5CC1DC;1;INT;2;GC deposit;MAIN;48|52;;;
5B5CC1DC;3;BXP;2;GC deposit;MAIN;52;;;
5BA3C63D;1;FLD;N/A;Black Bear;MAIN;23;;;
5BA3C63D;2;SOF;2;Black Bear;MAIN;23;;;
5BA3C63D;3;THR;1;Black Bear;MAIN;20|21|23;;;
5B8CF6D0;1;INT;2;Miguel Auza;MAIN;33;;;
5C82C1B7;1;BMF;1;Tonopah Vein System;MAIN;46;;;
5C82C1B7;3;SOF;2;Tonopah Vein System;MAIN;46|47;;;
5CCFD9DF;1;CSF;1;Silvertip;MAIN;37|39|44;;;
5CCFD9DF;2;SOF;2;Silvertip;MAIN;39|44|46;;;
5CCFD9DF;3;UNC;2;Silvertip;MAIN;46;;;
5CB1D360;1;SHZC;1;SGX;MAIN;61;;;
5CB1D360;2;SOF;2;SGX;MAIN;61;;;
5CE31C81;1;SHZC;2;Abcourt-Barvue;MAIN;22;;;
5CEF4D2C;1;SSF;2;Huevos Verdes;MAIN;41|45;;;
5CEF4D2C;2;JOG;2;Huevos Verdes;MAIN;41|42|45;;;
5CEF4D2C;3;CSF;1;Huevos Verdes;MAIN;41|45;100000.0;;extent:bounded
5DCAB176;1;CLD;1;Kate Deposit;MAIN;30;;;
5DCAB176;2;SOF;2;Kate Deposit;MAIN;30;;;
5D6C5834;1;THR;1;INCA;MAIN;26;;;
5D6C5834;2;SOF;2;INCA;MAIN;26;;;
5D6C5834;3;JOG;3;INCA;MAIN;29;;;
5D6C5834;4;LTC;3;INCA;MAIN;29;;;
5DFED308;1;SHZC;1;Boleras;MAIN;33;;;
5E004A8D;1;FLD;2;Taylor Silver Deposit;MAIN;22|23|26;;;
5E004A8D;3;LTC;2;Taylor Silver Deposit;MAIN;22|26;;;
5DFF4A6C;1;SHZC;1;Platosa;MAIN;31;5000.0;;
5DFF4A6C;2;INT;2;Platosa;MAIN;31|39;;;
5DFF4A6C;3;SOF;2;Platosa;MAIN;31;;;
5DFF4A6C;4;FLD;2;Platosa;MAIN;38;;;
5E811606;1;SHZC;1;Yauricocha;MAIN;57|63;;;
5E811606;2;INT;2;Yauricocha;MAIN;57;;;
5E811606;3;GSC;2;Yauricocha;MAIN;57|63;;;
5E811606;4;INC;2;Yauricocha;MAIN;57;;;
5F44E547;1;LFT;1;Tonopah District Veins;MAIN;35|40|41;;;
5F44E547;2;SOF;2;Tonopah District Veins;MAIN;40;;;
5F44E547;3;LFT;2;Tonopah District Veins;MAIN;40;;;
5F29A178;1;SHZC;1;Veta Madre;MAIN;21;25000.0;;
5F29A178;2;JOG;2;Veta Madre;MAIN;24;;;
5F29A178;3;SOF;2;Veta Madre;MAIN;24;;;
5FA24C09;1;INT;2;El Capitan;MAIN;19|20;;;
5FA24C09;2;UNC;2;El Capitan;MAIN;20;;;
5FA24C09;3;SSF;1;El Capitan;MAIN;19;3500.0;;extent:bounded
5FE34BA8;1;CSF;1;Silver Strand Mine;MAIN;36|39;48280.2;182.9;extent:bounded
5F4D6005;1;BMF;1;Trinidad deposit;MAIN;50;;;
5F4D6005;2;TRT;2;Trinidad deposit;MAIN;50|68;;;
5F4D6005;3;SSF;3;Trinidad deposit;MAIN;50|51;;;
6088827B;1;SOF;2;Tangana 1 vein;MAIN;54|69;2.5;;extent:bounded
5FF16F51;1;SSF;2;Huevos Verdes;MAIN;40|42;;;
5FF16F51;2;JOG;2;Huevos Verdes;MAIN;40|41;;;
5FF16F51;3;SSF;1;Huevos Verdes;MAIN;43;;;
5FF16F51;4;SSF;1;Huevos Verdes;MAIN;39|40|43;100000.0;;extent:bounded
609F4840;1;BMF;1;Cerro Los Gatos;MAIN;62|67;;;
609F4840;2;LFT;2;Cerro Los Gatos;MAIN;67;;;
609F4840;4;FLD;2;Cerro Los Gatos;MAIN;68;;;
60C19677;1;SOF;2;Tonopah District Veins;MAIN;44;;;
60C19677;2;LFT;1;Tonopah District Veins;MAIN;37|44;;;
61CC4A16;1;CSF;1;Veta Madre;MAIN;19;25000.0;;
61CC4A16;2;JOG;2;Veta Madre;MAIN;22;;;
60C1B2DF;1;SHZC;1;Silver Dollar Property;MAIN;37|48;;;
60C1B2DF;2;SOF;2;Silver Dollar Property;MAIN;50;;;
60C1B2DF;3;FLD;2;Silver Dollar Property;MAIN;50;;;
60C1B2DF;4;SHZC;1;Silver Dollar Property;MAIN;54;;;
60C1B2DF;5;FLD;1;Silver Dollar Property;MAIN;54;;;
62526412;1;CLD;1;Virginius Vein;MAIN;42|44|48;;;
62526412;3;SOF;2;Virginius Vein;MAIN;53;;;
62526412;4;INC;2;Virginius Vein;MAIN;47|48|54;;;
63879AFE;1;SSF;1;Namiquipa;MAIN;26;;;
63879AFE;2;LFT;2;Namiquipa;MAIN;27;;;
63879AFE;3;SSF;2;Namiquipa;MAIN;27;;;
63879AFE;4;INT;2;Namiquipa;MAIN;27;;;
63A7FC59;1;SOF;2;La Morocha;MAIN;18|19;;;
63A7FC59;2;SSF;2;La Morocha;MAIN;19;;;
64624C9D;1;THR;1;Pulacayo;MAIN;53;;4000.0;
64624C9D;2;FLD;2;Pulacayo;MAIN;54;;;
64624C9D;3;SSF;1;Pulacayo;MAIN;56|57;;;
64624C9D;4;NRM;2;Pulacayo;MAIN;60|61;;;
64064A2B;1;SHZC;1;Oculto;MAIN;50;;;
64064A2B;2;INT;1;Oculto;MAIN;50;;;
64064A2B;4;UNC;2;Oculto;MAIN;61;;;
64C6BC8C;1;SSF;1;Calico Project;MAIN;79|82;115000.0;;
64C6BC8C;2;THR;2;Calico Project;MAIN;83;;;
64C6BC8C;3;SOF;2;Calico Project;MAIN;83;;;
64C6BC8C;4;FLD;2;Calico Project;MAIN;82|83;;;
64C6BC8C;5;LFT;2;Calico Project;MAIN;89|91;;;
6561831E;1;THR;1;Malku Khota;MAIN;27|30;;;
6561831E;2;NRM;1;Malku Khota;MAIN;27|30|31;;;
6561831E;3;FLD;1;Malku Khota;MAIN;22|30;;;
647516EE;1;SSF;1;Sierra Mojada Deposit;MAIN;49|50|57;1000000.0;;extent:bounded
647516EE;2;THR;2;Sierra Mojada Deposit;MAIN;58;;;
647516EE;3;SOF;2;Sierra Mojada Deposit;MAIN;58;;;
65A9FD8F;1;SOF;2;Lower Zone;MAIN;43|44;;;
65A9FD8F;2;TRT;1;Lower Zone;MAIN;36|43;;;
65D5A052;2;SHZC;2;San Ignacio;MAIN;21;;;
65BC9678;1;FLD;1;La Negra;MAIN;48|52;;;
65EC8380;1;SHZC;1;Oculto;MAIN;74|80;;;
65EC8380;3;INT;1;Oculto;MAIN;80;;;
65EC8380;6;UNC;2;Oculto;MAIN;85;;;
6688BDDB;1;CLD;1;Cachinal;MAIN;37;;;
6688BDDB;2;CLD;2;Cachinal;MAIN;39;;;
6688BDDB;3;INT;2;Cachinal;MAIN;6|38;;;
660E8711;1;TRP;1;Promontorio;MAIN;34;;;
660E8711;3;INT;2;Promontorio;MAIN;34;;;
668D5810;1;FLD;1;La Negra;MAIN;79;;;
668D5810;2;DOM;2;La Negra;MAIN;79;;;
668D5810;3;INC;2;La Negra;MAIN;83;;;
671244DF;1;SHZC;1;Rochester;MAIN;60|63;;;
671244DF;2;SOF;2;Rochester;MAIN;60;;;
671244DF;3;THR;2;Rochester;MAIN;63;;;
671244DF;4;INT;2;Rochester;MAIN;63;;;
671244DF;5;FLD;2;Rochester;MAIN;63;;;
671244DF;6;LTC;2;Rochester;MAIN;67;;;
6752E4BB;1;CSF;1;San Marcial;MAIN;33;;;
6752E4BB;2;INT;2;San Marcial;MAIN;36;;;
6752E4BB;3;SOF;2;San Marcial;MAIN;38|42;;;
672F0ABE;1;BMF;1;El Tigre Vein System;MAIN;41|45;;;
672F0ABE;2;BMF;1;El Tigre Vein System;MAIN;49|50;7000.0;;
672F0ABE;3;BMF;1;El Tigre Vein System;MAIN;50;7000.0;;
672F0ABE;4;SOF;2;El Tigre Vein System;MAIN;50;;;
672F0ABE;5;JOG;2;El Tigre Vein System;MAIN;50|53;;;
672F0ABE;6;INT;2;El Tigre Vein System;MAIN;50;;;
68927087;1;NRM;2;Margarita Vein;MAIN;59;1600.0;;extent:bounded
68FAEB6B;2;SHZC;1;Medicine Springs;MAIN;13|15;;;
6960B45C;1;THR;1;Hercules;MAIN;20;;;
6960B45C;2;FLD;2;Hercules;MAIN;25;;;
6960B45C;3;CSF;1;Hercules;MAIN;25;;;
69EFC851;1;SSF;1;San José;MAIN;55;100000.0;;extent:bounded
69EFC851;2;SSF;2;San José;MAIN;55|62;;;
69EFC851;3;JOG;3;San José;MAIN;55|59|62;;;
69EFC851;4;BMF;2;San José;MAIN;64;;;
6A593C99;1;SOF;2;Dolores;MAIN;45|49;;;
6A593C99;2;CLD;1;Dolores;MAIN;49|52;;;
6A593C99;3;BMF;1;Dolores;MAIN;49;;;
6A593C99;4;JOG;3;Dolores;MAIN;49|52;;;
6BB2ACC5;1;CSF;1;Panuco deposit;MAIN;43;;;
6BB2ACC5;2;TRT;2;Panuco deposit;MAIN;47;4000.0;;
6B61FFE6;3;SHZC;2;RBZ;MAIN;25|37;;;
6BE55D6E;1;SHZC;1;Rochester;MAIN;58|63;;;
6BE55D6E;2;SOF;2;Rochester;MAIN;58;;;
6BE55D6E;3;THR;2;Rochester;MAIN;63|67;;;
6BE55D6E;4;INT;2;Rochester;MAIN;63;;;
6BE55D6E;5;LTC;2;Rochester;MAIN;63|67;;;
6BE55D6E;6;NRM;2;Rochester;MAIN;67;;;
6BE22D12;1;FLD;1;Huaron;MAIN;28|31|32;;;
6BE22D12;2;THR;2;Huaron;MAIN;31;;;
6BE22D12;5;UNC;2;Huaron;MAIN;33;;;
6D6939AF;1;INC;2;Bayhorse Mine;MAIN;31|33|34|39;;;
6D6939AF;3;THR;2;Bayhorse Mine;MAIN;39;;;
6BF378FD;1;CLD;1;Virginius Vein;MAIN;64|69;;;
6BF378FD;4;INC;2;Virginius Vein;MAIN;67|73;;;
6DE38370;1;THR;2;Burgin Extension deposit;MAIN;41|47;;;
6DE38370;2;SSF;2;Burgin Extension deposit;MAIN;41|47|48|50;;;
6DE38370;3;INT;2;Burgin Extension deposit;MAIN;47|50;;;
6DE38370;4;LTC;2;Burgin Extension deposit;MAIN;47;;;
6ED9BA42;1;THR;1;TLP and LM Mines;MAIN;23;;;
6ED9BA42;2;SOF;2;TLP and LM Mines;MAIN;23|24|27;;;
6DBEFD2B;1;CSF;1;Bilbao;MAIN;108|110;;;
6DBEFD2B;3;FLD;2;Bilbao;MAIN;117;;;
711CF0D1;1;THR;1;Vertikalny;MAIN;36|37;;;
711CF0D1;2;SSF;1;Vertikalny;MAIN;36;;;
711CF0D1;3;SHZC;1;Vertikalny;MAIN;37;;;
715ADF7E;1;CLD;1;Cachinal;MAIN;36;;;
715ADF7E;2;SOF;2;Cachinal;MAIN;38;;;
7027C217;1;UNC;2;Silvertip;MAIN;35;;;
7027C217;2;SOF;2;Silvertip;MAIN;31|35;;;
6FB38943;1;INC;2;Breccia Ridge Zone;MAIN;24|25;;;
717BE15E;1;SSF;1;Escobal;MAIN;39;;;
717BE15E;2;NRM;2;Escobal;MAIN;42|43|47;;;
717BE15E;3;JOG;2;Escobal;MAIN;43|48;;;
71D35E22;1;INT;1;Tombstone South;MAIN;29;;;
71D35E22;2;BMF;2;Tombstone South;MAIN;31;;;
71D35E22;3;THR;2;Tombstone South;MAIN;31;;;
71D35E22;4;FLD;2;Tombstone South;MAIN;31;;;
71D35E22;5;SOF;2;Tombstone South;MAIN;31;600.0;;
71D35E22;6;SOF;2;Tombstone South;MAIN;31;400.0;;
71D35E22;7;INT;2;Tombstone South;MAIN;55;;;
73D65578;1;SSF;2;Mann Property;MAIN;72|74;;;
746501DF;1;FLD;2;Mangazeisky North;MAIN;66|67;;;
746501DF;2;SHZC;2;Mangazeisky North;MAIN;67;;;
73B835CA;1;CSF;1;Veta Madre;MAIN;65;25000.0;;
73B835CA;2;JOG;2;Veta Madre;MAIN;67;;;
73B835CA;3;INT;1;Veta Madre;MAIN;62;;;
722170EA;1;SOF;2;Trinity;MAIN;37|42;;;
74B7884D;1;FLD;2;Taylor Silver Deposit;MAIN;24;;;
74B7884D;3;NRM;2;Taylor Silver Deposit;MAIN;25;;;
758046AC;1;SSF;1;Santa Ana;MAIN;59|66;;;
758046AC;2;CSF;1;Santa Ana;MAIN;58|66|74;;;
758046AC;3;SOF;2;Santa Ana;MAIN;66|75;;;
758046AC;4;SHZC;2;Santa Ana;MAIN;74|76;;;
758046AC;5;FLD;2;Santa Ana;MAIN;74|76;;;
759ED94E;1;THR;1;Fox Deposit;MAIN;35|37;;;
759ED94E;2;THR;2;Fox Deposit;MAIN;45;;;
759ED94E;3;MYLC;2;Fox Deposit;MAIN;41|45;;;
76526F74;1;SHZC;2;Gold Hunter Vein System;MAIN;56|65;;;
76526F74;2;FLD;2;Gold Hunter Vein System;MAIN;56;;;
767CB622;1;CSF;1;Yauricocha;MAIN;58;;;
767CB622;2;FLD;2;Yauricocha;MAIN;57;;;
773CB520;1;SSF;1;Copala;MAIN;54|61;;;
773CB520;2;SOF;2;Copala;MAIN;61;;;
76BB20B0;1;SSF;1;Iska Iska;MAIN;70|94;;12000.0;
76BB20B0;2;CLD;1;Iska Iska;MAIN;94;1000.0;;extent:approx_magnitude
76BB20B0;3;SOF;2;Iska Iska;MAIN;94|95;;;
76BB20B0;4;SSF;2;Iska Iska;MAIN;84|95;;;
76BB20B0;5;LFT;2;Iska Iska;MAIN;84;;;
76BB20B0;6;THR;1;Iska Iska;MAIN;95;;;
76BB20B0;7;INT;3;Iska Iska;MAIN;97;;;
77476671;3;UNC;2;Lower Zone;MAIN;66;;;
775CD317;1;SSF;1;Silver Queen Vein System;MAIN;62|66;;;
775CD317;2;SOF;2;Silver Queen Vein System;MAIN;61|66;;;
775CD317;3;CLD;2;Silver Queen Vein System;MAIN;61;3000.0;;extent:bounded
7764F97B;1;THR;1;Santa Teresa;MAIN;17|19;;;
7764F97B;2;FLD;2;Santa Teresa;MAIN;17|19;;;
77DBA796;1;SOF;2;Topia;MAIN;11|27;4000.0;;
783446A6;2;CLD;2;Promontorio;MAIN;28|31;;;
783446A6;3;JOG;3;Promontorio;MAIN;28;;;
783446A6;4;SOF;3;Promontorio;MAIN;28;;;
789D44C6;1;CSF;1;Langis;MAIN;27;;;
789D44C6;2;SOF;2;Langis;MAIN;27;;;
78B4D312;1;SHZC;2;Cordero Main;MAIN;61;;;
78B4D312;2;FLD;2;Cordero Main;MAIN;61;;;
78B4D312;3;SOF;2;Cordero Main;MAIN;61;;;
78B4D312;4;JOG;2;Cordero Main;MAIN;70|73;;;
78B4D312;5;INT;2;Cordero Main;MAIN;73|81;;;
78B4D312;6;SSF;2;Cordero Main;MAIN;84;;;
79287D37;2;INT;2;Taylor;MAIN;62;;;
79287D37;3;FLD;2;Taylor;MAIN;48|51|55;;;
79287D37;7;FLD;2;Taylor;MAIN;41|50|55;;;
79CABF5B;1;GSC;2;Hermosa;MAIN;58|69;;;
79CABF5B;2;SSF;1;Hermosa;MAIN;58;;;
79CABF5B;3;INT;2;Hermosa;MAIN;68;;;
7A1F969E;1;SSF;1;Galena Mine;MAIN;34;4828.0;;extent:approx_magnitude
7A1F969E;2;SSF;2;Galena Mine;MAIN;34|39;;;
7A1F969E;3;FLD;2;Galena Mine;MAIN;34;;;
7A1F969E;4;JOG;2;Galena Mine;MAIN;39;;;
7A1F969E;5;LTC;2;Galena Mine;MAIN;39;;;
796EA41D;1;SSF;2;Thor Deposit;MAIN;61|68|69;;;extent:unparseable
796EA41D;2;FLD;1;Thor Deposit;MAIN;67|70;;;
796EA41D;3;DET;2;Thor Deposit;MAIN;69|70;;;
796EA41D;5;GSC;2;Thor Deposit;MAIN;71;;;
7A2A319B;1;BXP;2;Carangas;MAIN;32|35;;;
7A2A319B;2;INC;2;Carangas;MAIN;35;;;
7DBD1840;2;JOG;2;Clemens-El Muerto;MAIN;27;;;
7DBD1840;3;CLD;1;Clemens-El Muerto;MAIN;27;;;
7E1A65EB;1;INC;2;Mount Reed;MAIN;17;;;
7E1A65EB;2;INT;2;Mount Reed;MAIN;18;;;
7E1A65EB;4;THR;1;Mount Reed;MAIN;21;;;
7E0CFDDD;1;NRM;N/A;Columba;MAIN;27;;;
7E0CFDDD;2;SSF;N/A;Columba;MAIN;27;;;
7E47A196;1;SOF;2;Tonopah Vein Systems;MAIN;65|70;;;
7E47A196;2;CSF;1;Tonopah Vein Systems;MAIN;70;8046.7;;
7E856578;1;JOG;3;Silver Sand;MAIN;71;;;
7E856578;2;ENE;3;Silver Sand;MAIN;71;;;
7E856578;3;INT;2;Silver Sand;MAIN;71|72;;;
7E856578;4;THR;2;Silver Sand;MAIN;72;;;
7E856578;5;LFT;2;Silver Sand;MAIN;72;;;
8014108F;2;FLD;2;La Preciosa;MAIN;23;;;
8014108F;3;SSF;2;La Preciosa;MAIN;23;;;
7F399953;1;SSF;1;Toruel Vein;MAIN;17|18;30000.0;;extent:approx_magnitude
80A19EB4;1;SOF;2;La Preciosa;MAIN;21|24;;;
80A19EB4;2;FLD;2;La Preciosa;MAIN;24;;;
80D3B12D;1;CSF;1;Veta Grande vein system;MAIN;52;1600000.0;;extent:bounded
80D3B12D;3;SOF;2;Veta Grande vein system;MAIN;55|64;;;
80D3B12D;4;INT;2;Veta Grande vein system;MAIN;59;;;
80D3B12D;5;JOG;2;Veta Grande vein system;MAIN;64;;;
80D3B12D;6;FLD;2;Veta Grande vein system;MAIN;64;;;
81669912;1;SHZC;1;Platosa;MAIN;37;5000.0;;
81669912;2;FLD;1;Platosa;MAIN;37|47;;;
81669912;3;GSC;N/A;Platosa;MAIN;47;;;
82D6FB97;2;FLD;2;Hardshell;MAIN;35;;;
82D5D419;1;SHZC;1;Rochester;MAIN;58|61;91.4;;extent:approx_magnitude
82D5D419;2;THR;2;Rochester;MAIN;61|65;;;
82D5D419;3;SOF;2;Rochester;MAIN;58|61|62;;;
82D5D419;4;LFT;2;Rochester;MAIN;53|65;;;
82B46E0C;1;CSF;1;Recuperada;MAIN;52|54|57;400000.0;;extent:bounded
82B46E0C;3;INT;2;Recuperada;MAIN;58;;;
82B46E0C;4;JOG;2;Recuperada;MAIN;58;;;
81F15181;1;INT;2;GC;MAIN;29|33;;;
81F15181;2;SHZC;2;GC;MAIN;31;4800.0;;extent:bounded
81F15181;3;SOF;2;GC;MAIN;31;;;
81F15181;4;BXP;2;GC;MAIN;33;;;
83AC4ECE;1;THR;2;Capire and Aurora1;MAIN;40;;;
83AC4ECE;2;FLD;2;Capire and Aurora1;MAIN;40;;;
83AC4ECE;3;SHZC;2;Capire and Aurora1;MAIN;43;;;
8342696B;1;SSF;1;La Negra;MAIN;20|22;;;
8342696B;2;SOF;2;La Negra;MAIN;22;;;
8342696B;3;CLD;1;La Negra;MAIN;22;;;
8330A8F6;1;SSF;1;Cusi Project;MAIN;37|38|51;;;
8330A8F6;2;SOF;2;Cusi Project;MAIN;38|44|51;;;
8330A8F6;3;INT;2;Cusi Project;MAIN;38|44;;;
8330A8F6;4;JOG;2;Cusi Project;MAIN;44;;;
8330A8F6;6;CLD;1;Cusi Project;MAIN;37|38;;;
8389644F;1;BMF;1;Upper Manto;MAIN;26;;;
8389644F;2;THR;1;Upper Manto;MAIN;26;;;
8389644F;3;FLD;1;Upper Manto;MAIN;26;;;
8389644F;4;SHZC;1;Upper Manto;MAIN;27;;;
8389644F;5;INT;2;Upper Manto;MAIN;27;;;
8389644F;6;THR;2;Upper Manto;MAIN;37;;;
8480ABDA;1;FLD;2;Barbara Zone;MAIN;24;;;
83CC8088;1;SHZC;1;Oculto;MAIN;42|47;;;
83CC8088;4;UNC;2;Oculto;MAIN;51;;;
84F8D52B;1;SSF;2;Sill Lake Mine;MAIN;28|30;;;
84F8D52B;2;INT;2;Sill Lake Mine;MAIN;27|29|32;;;
84F8D52B;3;SHZC;2;Sill Lake Mine;MAIN;29|32;;;
84F8D52B;4;INC;2;Sill Lake Mine;MAIN;27|29|32;;;
8500664D;1;CSF;1;San Diego;MAIN;45;;;
8500664D;2;TRP;2;San Diego;MAIN;50;;;
8500664D;4;INC;2;San Diego;MAIN;56;;;
8500664D;5;SHZC;2;San Diego;MAIN;57;;;
8500664D;6;MYLC;2;San Diego;MAIN;57;;;
858228D7;1;SHZC;2;Hewitt-Van Roi;MAIN;12|14|15;7000.0;;extent:bounded
85403850;1;THR;1;Glavnoye;MAIN;51|55;;;
85403850;3;SOF;2;Glavnoye;MAIN;55|56;;;
85403850;4;INT;2;Glavnoye;MAIN;55|62|63;;;
85403850;5;FLD;2;Glavnoye;MAIN;55|62;;;
85403850;6;JOG;2;Glavnoye;MAIN;63;;;
85CB7AC6;1;SHZC;1;Sierra Mojada;MAIN;39|40|48|49;1000000.0;;extent:bounded
85CB7AC6;2;SOF;2;Sierra Mojada;MAIN;49;;;
85CB7AC6;3;BMF;2;Sierra Mojada;MAIN;49;;;
85CB7AC6;4;THR;2;Sierra Mojada;MAIN;49;;;
865EC94A;1;SSF;1;Galena mine complex;MAIN;30;;;
865EC94A;2;SSF;2;Galena mine complex;MAIN;30|32;;;
865EC94A;3;FLD;2;Galena mine complex;MAIN;30;;;
865EC94A;4;LTC;2;Galena mine complex;MAIN;31|32;;;
85EDC974;1;SHZC;1;Oculto;MAIN;30|35|41;;;
85EDC974;3;INT;2;Oculto;MAIN;35;;;
85EDC974;4;SOF;2;Oculto;MAIN;41;;;
85EDC974;5;UNC;2;Oculto;MAIN;41;;;
85CA84DF;1;INT;2;GC;MAIN;37|45;;;
86A44542;2;SSF;2;Bermingham;MAIN;78|87;;;
86C92387;1;BMF;1;Santa María;MAIN;35;;;
86C92387;2;SOF;2;Santa María;MAIN;37;;;
86C92387;3;INC;2;Santa María;MAIN;37;;;
86ACF563;1;LFT;2;Palmarejo;MAIN;54;;;
86ACF563;2;INT;2;Palmarejo;MAIN;54;;;
86ACF563;3;JOG;2;Palmarejo;MAIN;62;;;
86ACF563;4;SSF;2;Palmarejo;MAIN;52|54;2000.0;;extent:bounded
87E39EC6;1;SHZC;1;Cerro Punapuna;MAIN;21;1000.0;;
87E39EC6;3;CLD;2;Cerro Punapuna;MAIN;27;;;
8827EB3B;1;SHZC;2;Zgounder Silver Deposit;MAIN;73|77;;;
8827EB3B;2;INT;2;Zgounder Silver Deposit;MAIN;75;;;
8827EB3B;3;ENE;3;Zgounder Silver Deposit;MAIN;77|78;;;
8827EB3B;4;LTC;2;Zgounder Silver Deposit;MAIN;75;;;
88D10E9D;1;TRT;1;Tahuehueto;MAIN;37;3000.0;;
88D10E9D;2;SOF;2;Tahuehueto;MAIN;37;;;
88D10E9D;3;JOG;2;Tahuehueto;MAIN;39;;;
895D183E;1;CSF;1;San Diego;MAIN;38;;;
895D183E;3;TRT;2;San Diego;MAIN;41;;;
895D183E;5;THR;2;San Diego;MAIN;41;;;
8A5FA8EB;1;BMF;1;El Tigre;MAIN;57|61;;;
8A5FA8EB;4;INT;2;El Tigre;MAIN;66;;;
8A5FA8EB;5;SOF;2;El Tigre;MAIN;66;;;
8A5FA8EB;6;SSF;2;El Tigre;MAIN;66;;;
8A5FA8EB;7;JOG;2;El Tigre;MAIN;72;;;
8AB8920B;3;SHZC;2;Prosperity - Porter Idaho;MAIN;17;;;
8B6F1CA0;1;SOF;2;Taylor;MAIN;47|49;;;
8B6F1CA0;2;FLD;2;Taylor;MAIN;46|49|51;;;
8B4AC7E6;1;CSF;1;San Diego;MAIN;45;;;
8B4AC7E6;2;TRP;2;San Diego;MAIN;50;;;
8B4AC7E6;4;INC;2;San Diego;MAIN;56;;;
8B4AC7E6;5;SHZC;2;San Diego;MAIN;57;;;
8B4AC7E6;6;MYLC;2;San Diego;MAIN;57;;;
8B8E59AB;1;THR;1;Treasure Mountain;MAIN;20;;;
8BF52E34;1;CSF;1;Navidad Project;MAIN;48|54;;;
8BF52E34;2;SSF;2;Navidad Project;MAIN;49|54;;;
8BF52E34;3;SOF;2;Navidad Project;MAIN;49|54;;;
8BF52E34;5;FLD;N/A;Navidad Project;MAIN;55;;;
8BF52E34;6;THR;N/A;Navidad Project;MAIN;55;;;
8C86581A;1;LFT;2;Corani;MAIN;84|85;;;
8C86581A;2;INT;3;Corani;MAIN;85;;;
8C86581A;3;JOG;3;Corani;MAIN;85;;;
8CCC3450;1;BMF;1;Cordero;MAIN;35|36;15000.0;;
8CD9B03E;1;JOG;N/A;Silver Sand;MAIN;64;;;
8CD9B03E;2;ENE;N/A;Silver Sand;MAIN;64;;;
8CD9B03E;3;INT;N/A;Silver Sand;MAIN;65;;;
8D9F2942;1;ENE;3;San Dimas District;MAIN;39|43;;;
8D9F2942;2;SSF;1;San Dimas District;MAIN;39;;;
8D9F2942;3;SOF;2;San Dimas District;MAIN;39|43;;;
8D2C871B;1;NRM;2;Gavilanes;MAIN;53|54;;;
8D2C871B;2;INC;2;Gavilanes;MAIN;53;;;
8DD3D287;1;CSF;1;Avino Vein;MAIN;50;;;
8DD3D287;3;SOF;2;Avino Vein;MAIN;53;;3.0;distance:approx_magnitude
8E1DB40A;1;SHZC;2;Veta Madre;MAIN;41;25000.0;;
8E1DB40A;2;JOG;2;Veta Madre;MAIN;42;;;
8E2BF70A;1;CSF;1;Joaquin;MAIN;26;;;
8E2BF70A;3;CLD;1;Joaquin;MAIN;26;;;
8DD851E6;1;SSF;1;San Sebastián Project;MAIN;41;;;
8DD851E6;2;SOF;2;San Sebastián Project;MAIN;41;;;
8DD851E6;3;INT;2;San Sebastián Project;MAIN;42;;;
8EA38632;1;SSF;1;Main Zone;MAIN;33;;;
8EA38632;2;SOF;2;Main Zone;MAIN;33|36|43;800.0;;extent:bounded
8F06F987;1;SHZC;1;Silver Cord;MAIN;79|89;;;
8F06F987;2;SHZC;2;Silver Cord;MAIN;76|85;;;
8F06F987;3;FLD;2;Silver Cord;MAIN;76;;;
8F777DB1;1;CLD;2;Nivloc Vein;MAIN;61|72;2500.0;;
8FFED014;1;SSF;1;San Miguel;MAIN;56|57;;;
8FFED014;2;JOG;2;San Miguel;MAIN;58;;;
9094C1B3;2;LTC;2;Ramsey Mine;MAIN;30;;;
90B0CA01;1;CLD;1;Silver Reef Zone;MAIN;27;;;
90B0CA01;2;SOF;2;Silver Reef Zone;MAIN;27;;;
90F399C7;1;SSF;1;Valdecañas Vein;MAIN;31;;;
912CC739;1;SOF;2;HPG Mine Area;MAIN;27;300.0;;extent:approx_magnitude
928888E6;1;SHZC;1;Lachiguiri;MAIN;19;4000.0;;extent:bounded
928888E6;3;INT;2;Lachiguiri;MAIN;19;;;
91F892EC;1;THR;1;Zimapan Deposits;MAIN;64;;;
91F892EC;2;NRM;2;Zimapan Deposits;MAIN;71|75;;;
91F892EC;3;FLD;1;Zimapan Deposits;MAIN;71;;;
91F892EC;4;FLD;2;Zimapan Deposits;MAIN;78;;;
92D77946;2;NRM;N/A;Topia;MAIN;21;;;
92D77946;3;INT;N/A;Topia;MAIN;21;;;
94862B1D;1;SHZC;1;Hackberry;MAIN;35|37;6000.0;;
94862B1D;2;JOG;2;Hackberry;MAIN;38;;;
9383B217;1;THR;1;Soracaya;MAIN;52|54|55;;8000.0;distance:bounded
948C43F8;2;SSF;N/A;Trinidad deposit;MAIN;36;;;
949DBD25;2;INT;2;Velardeña;MAIN;49;;;
94A32C48;1;SSF;1;Coyote;MAIN;14|18;;;
94DC48E0;1;SSF;1;Pingüino;MAIN;34|40;;;
94DC48E0;2;SOF;2;Pingüino;MAIN;34|40;;;
94DC48E0;3;DOM;2;Pingüino;MAIN;34|40;;;
95B8DD31;1;CLD;1;Tonopah West;MAIN;55;;;
95B8DD31;3;LTC;2;Tonopah West;MAIN;52;;;
95BE0E2E;2;ENE;3;Las Bolas - Los Hilos;MAIN;28;;;
95F4CD00;1;SOF;2;Dos Naciones;MAIN;18|19;;;
9635B545;1;GSC;1;Lachiguiri;MAIN;17|21|29;;;
9635B545;2;SHZC;1;Lachiguiri;MAIN;21;4000.0;;extent:bounded
9635B545;3;INT;2;Lachiguiri;MAIN;21;;;
96978FB6;1;SSF;1;Loma de la Plata;MAIN;29;;;
96978FB6;3;NRM;2;Loma de la Plata;MAIN;57;;;
976AA2FB;1;SHZC;2;Zgounder;MAIN;76;;;
976AA2FB;2;INT;2;Zgounder;MAIN;76;;;
976AA2FB;3;LTC;2;Zgounder;MAIN;76;;;
976D6FAC;1;INT;2;Cachi Laguna;MAIN;66|68;;;
97F6E398;1;TRT;2;Trinidad deposit;MAIN;33|35|45;3000.0;;extent:bounded
983D0B69;1;SHZC;1;Broken Hill;MAIN;24|25;;;
983D0B69;2;FLD;1;Broken Hill;MAIN;23|25;;;
98A113B1;1;CSF;1;Crescent;MAIN;51|53;321868.0;;extent:bounded
98A113B1;2;THR;2;Crescent;MAIN;53|54|55;;;
98A113B1;4;SSF;1;Crescent;MAIN;51|53;;;
98A113B1;5;FLD;2;Crescent;MAIN;51|53;;;
99FA0953;1;CSF;1;El Carmen-El Pinguico Vein;MAIN;46;25000.0;;
99FA0953;2;SOF;2;El Carmen-El Pinguico Vein;MAIN;46;;;
99199393;1;SOF;2;San Diego;MAIN;36|41;;;
99199393;2;ENE;3;San Diego;MAIN;40|41;500.0;;
99199393;3;INT;2;San Diego;MAIN;44|51|56;;;
99199393;4;INC;2;San Diego;MAIN;40|46|56;;;
99199393;5;FLD;1;San Diego;MAIN;34|40;;;
9A55B07C;1;SSF;1;Terronera Vein;MAIN;43;;;
9A55B07C;2;SOF;2;Terronera Vein;MAIN;43;;;
9A8FD576;1;BMF;1;Cordero dome;MAIN;18;;;
9B16F26A;1;THR;1;San Vicente;MAIN;18;;2500.0;
9ABE054B;1;LFT;1;Panuco Project;MAIN;55|62;;;
9ABE054B;2;SSF;1;Panuco Project;MAIN;54|66;;;
9ABE054B;3;TRT;2;Panuco Project;MAIN;73;;;
9ABE054B;4;TRP;2;Panuco Project;MAIN;73;;;
9ABE054B;5;SOF;2;Panuco Project;MAIN;54|64;;;
9C491D9A;1;THR;1;Candelaria;MAIN;41|47|51;;;
9C491D9A;2;SHZC;2;Candelaria;MAIN;41|47|51;;;
9C491D9A;3;SOF;2;Candelaria;MAIN;41;;;
9C491D9A;4;BMF;1;Candelaria;MAIN;41;;;
9C74240D;2;LFT;2;Palmarejo;MAIN;48;;;
9C74240D;3;INT;2;Palmarejo;MAIN;48;;;
9C74240D;4;JOG;2;Palmarejo;MAIN;54;;;
9C9BF14C;2;INT;2;Cachi Laguna;MAIN;66|67;;;
9C9BF14C;3;INC;2;Cachi Laguna;MAIN;66;;;
9E9AA7DD;1;DET;1;La Preciosa;MAIN;50;;;
9F00342B;1;TRT;2;Dolores;MAIN;45|49|52;;;
9F00342B;2;CLD;1;Dolores;MAIN;49|52;;;
9F00342B;3;INT;2;Dolores;MAIN;51;;;
9F12079E;1;SSF;1;Galena Mine Complex;MAIN;28;;;
9F12079E;2;SSF;2;Galena Mine Complex;MAIN;28|30;;;
9F12079E;5;FLD;2;Galena Mine Complex;MAIN;28;;;
9F12079E;6;LTC;2;Galena Mine Complex;MAIN;30;;;
9FCD4617;1;SHZC;1;Rochester;MAIN;19|21;;;
9FCD4617;2;SOF;2;Rochester;MAIN;21;;;
9FCD4617;3;INT;2;Rochester;MAIN;19|22;;;
9FCD4617;4;GSC;2;Rochester;MAIN;22;;;
9F35F305;1;SHZC;1;Yauricocha;MAIN;51;;;extent:unparseable
9F35F305;2;SOF;2;Yauricocha;MAIN;51|65;;;
9F35F305;3;INT;2;Yauricocha;MAIN;65;;;
9F35F305;4;FLD;2;Yauricocha;MAIN;50;;;
9F35F305;5;GSC;2;Yauricocha;MAIN;51|65|66;;;
9F35F305;6;INC;2;Yauricocha;MAIN;51|66;;;
9F35F305;7;LTC;2;Yauricocha;MAIN;66;;;
A007F06A;1;TRT;1;El Cubo;MAIN;48;;;
A007F06A;2;SOF;2;El Cubo;MAIN;49|50;;;
A007F06A;3;INT;2;El Cubo;MAIN;50|54;;;
9FDB6E07;1;SHZC;1;Oculto;MAIN;36|42;300000.0;;extent:approx_magnitude
9FDB6E07;3;BMF;2;Oculto;MAIN;42;;;
9FDB6E07;4;SOF;2;Oculto;MAIN;42;;;
9FDB6E07;6;UNC;2;Oculto;MAIN;44;;;
A05DDCDA;1;CSF;1;Oculto-JAC;MAIN;83|89;300000.0;;extent:approx_magnitude
A05DDCDA;2;INT;1;Oculto-JAC;MAIN;89;;;
A05DDCDA;4;UNC;2;Oculto-JAC;MAIN;94;;;
A0B321B4;1;CSF;1;Bolañitos;MAIN;42;;;
A0B321B4;3;JOG;2;Bolañitos;MAIN;43;;;
A0B321B4;4;INT;2;Bolañitos;MAIN;43;;;
A0B321B4;5;TRT;2;Bolañitos;MAIN;43;;;
A0B321B4;6;ENE;3;Bolañitos;MAIN;43;;;
A0B321B4;7;NRM;2;Bolañitos;MAIN;43;;;
A0E7E132;1;CSF;1;Cerro Bayo;MAIN;24;;;
A0E7E132;3;SOF;2;Cerro Bayo;MAIN;24;;;
A0C4641E;1;SSF;2;Skarn Project;MAIN;49|50;;;
A1284453;1;THR;1;Homestake;MAIN;22;;;
A1284453;2;SSF;2;Homestake;MAIN;22|23|37|63;;;
A1284453;3;INT;2;Homestake;MAIN;23;;;
A1284453;4;LTC;2;Homestake;MAIN;23|24|31;;;
A23AA06E;1;CLD;1;Virginius Vein;MAIN;61|62|67;;;
A192206D;1;TRT;1;Metates Mine;MAIN;41;;;
A192206D;3;SSF;2;Metates Mine;MAIN;59;;;
A192206D;4;SHZC;1;Metates Mine;MAIN;58;;;
A218CB28;1;INT;1;Glavnoye;MAIN;50;;;
A218CB28;2;THR;1;Glavnoye;MAIN;50;;;
A218CB28;3;SSF;1;Glavnoye;MAIN;50;;;
A218CB28;4;FLD;2;Glavnoye;MAIN;50|58;;;
A218CB28;5;INT;2;Glavnoye;MAIN;58|59;;;
A218CB28;6;JOG;3;Glavnoye;MAIN;58;;;
A218CB28;7;INT;3;Glavnoye;MAIN;59;;;
A290432F;1;FLD;2;Reforma;MAIN;15;;;
A3483715;1;SSF;1;Valdecañas vein system;MAIN;52;200000.0;;extent:bounded
A3483715;2;SOF;2;Valdecañas vein system;MAIN;52;;;
A3483715;3;SHZC;1;Valdecañas vein system;MAIN;61;;;
A3483715;4;INT;2;Valdecañas vein system;MAIN;61;;;
A35CD35C;1;CSF;1;Waterloo;MAIN;81|85|90;115000.0;;
A35CD35C;2;TRP;1;Waterloo;MAIN;85|90;;;
A35CD35C;3;THR;2;Waterloo;MAIN;85|91;;;
A35CD35C;4;SOF;2;Waterloo;MAIN;85|91;;;
A35CD35C;6;LFT;3;Waterloo;MAIN;98|101;;;
A35CD35C;7;DET;1;Waterloo;MAIN;90|101;;;
A3AE69C3;1;SHZC;2;Beaverdell Property;MAIN;44;300.0;;extent:bounded
A37FB899;6;CSF;1;Plomosas Mine Area;MAIN;103;;;
A37FB899;7;INT;1;Plomosas Mine Area;MAIN;103;;;
A4000FAB;1;CLD;1;El Reventón;MAIN;15;20000.0;5000.0;extent:bounded|distance:bounded
A41361A8;1;SHZC;1;TLP-LM;MAIN;21;;;
A41361A8;2;SOF;2;TLP-LM;MAIN;21|23;;;
A45480C9;1;SSF;2;Vertikalny;MAIN;62|63;5100.0;;
A49625D4;1;SSF;2;Sill Lake Mine;MAIN;27|28|30;;;
A49625D4;3;SHZC;2;Sill Lake Mine;MAIN;30;;;
A4F4DF55;1;TRT;1;Trinidad deposit;MAIN;52|54;;;
A5ACB7A6;1;CSF;1;Silver Kings Project;MAIN;77;100000.0;;extent:bounded|extent:approx_magnitude|extent:bounded
A5ACB7A6;2;THR;2;Silver Kings Project;MAIN;96;;;
A5ACB7A6;3;INT;2;Silver Kings Project;MAIN;81|96;;;
A5ACB7A6;4;UNC;2;Silver Kings Project;MAIN;79|81;;;
A5ACB7A6;5;LTC;2;Silver Kings Project;MAIN;81|101;;;
A61AEFCA;1;INT;2;Pirquitas;MAIN;27;;;
A61AEFCA;2;FLD;2;Pirquitas;MAIN;28;;;
A78BCE1A;1;SSF;1;Concordia;MAIN;35;;;
A7AEB573;1;SSF;1;Terronera Vein;MAIN;46|49;;;
A7AEB573;2;SOF;2;Terronera Vein;MAIN;49;;;
A6A46B3D;1;SSF;1;Los Ricos North;MAIN;91;;;
A6A46B3D;2;SHZC;2;Los Ricos North;MAIN;91;100.0;;extent:bounded
A6A46B3D;3;LFT;2;Los Ricos North;MAIN;94;;;
A6A46B3D;4;INT;3;Los Ricos North;MAIN;100;;;
A6A46B3D;5;SOF;2;Los Ricos North;MAIN;123;;;
A7640B36;1;TRT;1;Bolañitos;MAIN;36|39|40;17500.0;;extent:range_mean
A7640B36;2;TRT;2;Bolañitos;MAIN;40;;;
A82B50AC;1;SHZC;1;Cruz de Mayo;MAIN;33;;;
A82B50AC;2;THR;2;Cruz de Mayo;MAIN;33|34;2500.0;;extent:bounded
A82B50AC;3;SOF;2;Cruz de Mayo;MAIN;34|36;;;
A82B50AC;4;INT;3;Cruz de Mayo;MAIN;36;;;
A85EEF5B;1;THR;1;Bellekeno;MAIN;65|68;;;
A85EEF5B;2;SOF;2;Bellekeno;MAIN;68;;;
A85EEF5B;3;LTC;2;Bellekeno;MAIN;70|78;;;
A8978715;2;ENE;3;Pacococha;MAIN;51|52;;;
A982DBC1;1;FLD;N/A;Clayton Silver Mine;MAIN;19;;;
A982DBC1;2;THR;N/A;Clayton Silver Mine;MAIN;19;;;
A982DBC1;3;SHZC;N/A;Clayton Silver Mine;MAIN;25;;;
AA52A686;1;SHZC;1;Veta Madre Vein System;MAIN;21;25000.0;;extent:bounded
A92E2EA8;1;SHZC;1;Yauricocha;MAIN;48|81;10000.0;;
A92E2EA8;2;INT;2;Yauricocha;MAIN;74;;;
A92E2EA8;3;FLD;2;Yauricocha;MAIN;47;;;
A92E2EA8;4;GSC;2;Yauricocha;MAIN;48|74;;;
A92E2EA8;5;INC;2;Yauricocha;MAIN;48|74;;;
A92E2EA8;6;LTC;2;Yauricocha;MAIN;74;;;
AABC4E82;1;SHZC;1;Pingüino;MAIN;36|39;;;
AABC4E82;2;DOM;2;Pingüino;MAIN;36;;;
AABC4E82;3;FLD;2;Pingüino;MAIN;36;;;
AABC4E82;4;SOF;2;Pingüino;MAIN;36;;;
AAE8DCD4;2;SSF;1;San Dimas District;MAIN;40;;;
AAE8DCD4;3;BMF;1;San Dimas District;MAIN;40;;;
AB1DE9C1;1;FLD;1;Yauliyacu;MAIN;33;;;
AB1DE9C1;2;THR;2;Yauliyacu;MAIN;37;;;
AB1DE9C1;3;SSF;2;Yauliyacu;MAIN;39;;;
AB0C17F9;1;CSF;1;La Parrilla;MAIN;64;;;
AB0C17F9;2;SHZC;2;La Parrilla;MAIN;71|72;;;
AB0C17F9;3;SSF;2;La Parrilla;MAIN;69|71;;;
AB0C17F9;4;INC;2;La Parrilla;MAIN;69;;;
AB0C17F9;5;JOG;2;La Parrilla;MAIN;71|72;;;
AB0C17F9;6;FLW;2;La Parrilla;MAIN;71;;;
AB835FFD;2;SHZC;1;Caylloma Mine;MAIN;47;2000.0;;extent:bounded
AC115D7D;1;SSF;1;Silver Hart Main Zone;MAIN;47;;;
AC115D7D;2;SOF;2;Silver Hart Main Zone;MAIN;47|52;;;
AC195CB6;1;SHZC;1;Rochester;MAIN;31;;;
AC195CB6;3;INT;2;Rochester;MAIN;31|33;;;
AC195CB6;4;GSC;2;Rochester;MAIN;31|33;;;
AC195CB6;5;THR;2;Rochester;MAIN;31;;;
ADD2773F;1;SHZC;1;San Ignacio Mine;MAIN;36|40;8000.0;;extent:bounded
ADD2773F;2;INT;2;San Ignacio Mine;MAIN;36;;;
ADD5DBCC;1;SHZC;1;Platosa;MAIN;36;5000.0;;
ADD5DBCC;2;FLD;2;Platosa;MAIN;36;;;
AE892668;1;CLD;1;Mogollon Vein System;MAIN;49|52|55;;;
AE892668;3;INT;3;Mogollon Vein System;MAIN;57;;;
AE892668;4;LTC;2;Mogollon Vein System;MAIN;57;;;
AEC62657;1;SOF;2;Ptarmigan Mine;MAIN;59|61|81|94|116;1400.0;;
AEC62657;2;FLD;2;Ptarmigan Mine;MAIN;73|80|81|120;;;
AEDE097F;1;FLD;1;Roosevelt;MAIN;28;;;
AEDE097F;2;SHZC;2;Roosevelt;MAIN;28;;;
AF0E2537;1;CSF;1;Castle Silver;MAIN;35;;;
AF0E2537;2;INC;2;Castle Silver;MAIN;34|35;;;
AF7C1C00;1;SHZC;1;Vertikalny;MAIN;37;;;
AF375661;1;ENE;3;American Boy;MAIN;21;;;
AF375661;2;SOF;2;American Boy;MAIN;23;;;
AF375661;3;INT;3;American Boy;MAIN;23;;;
AF375661;4;SHZC;3;American Boy;MAIN;23|24|25;;;
AFBBF88F;1;CSF;1;Castle Silver;MAIN;35;;;
AFBBF88F;2;INC;2;Castle Silver;MAIN;34|35;;;
B0788E21;1;THR;2;Silverado;MAIN;44;;;
B0788E21;2;SSF;N/A;Silverado;MAIN;44;;;
B0DA6A8E;1;CSF;1;Fuwan Silver Deposit;MAIN;29;;;
B0DA6A8E;2;FLD;2;Fuwan Silver Deposit;MAIN;30;;;
B0DA6A8E;3;THR;2;Fuwan Silver Deposit;MAIN;29|30;;;
B0DA6A8E;4;SOF;2;Fuwan Silver Deposit;MAIN;30;;;
B11C6920;1;SSF;1;San Acacio;MAIN;29;17000.0;;
B11C6920;2;JOG;2;San Acacio;MAIN;33;;;
B11C6920;3;SOF;2;San Acacio;MAIN;33;;;
B1CD9E57;1;CLD;1;Alamos Vein System;MAIN;56;;;
B1CD9E57;2;SSF;1;Alamos Vein System;MAIN;37|56;;;
B20AA41F;1;SHZC;1;San Ignacio;MAIN;50|55|60;8000.0;;extent:bounded
B20AA41F;2;INT;1;San Ignacio;MAIN;50;;;
B2662BEB;1;INT;2;Urumalqui Vein;MAIN;43;;;
B2792D9E;1;SOF;2;Avino Vein;MAIN;47|48;;;
B2792D9E;3;CSF;1;Avino Vein;MAIN;43;;;
B3C1271B;3;INT;2;GC deposit;MAIN;50;;;
B420CB1B;1;BMF;1;Hercules Adit;MAIN;25;;;
B420CB1B;2;SOF;2;Hercules Adit;MAIN;26;;;
B420CB1B;3;FLD;2;Hercules Adit;MAIN;25;;;
B420CB1B;4;THR;1;Hercules Adit;MAIN;20|25;;;
B4246353;1;THR;1;Pulacayo;MAIN;41;;4000.0;
B4246353;2;SSF;1;Pulacayo;MAIN;44|45;;;
B4246353;3;NRM;2;Pulacayo;MAIN;44|48|49;;;
B4246353;4;FLD;2;Pulacayo;MAIN;42;;;
B42FD0A8;2;INT;2;Topia;MAIN;40;;;
B44B70E6;1;SOF;2;Santa Cruz vein;MAIN;66;5000.0;;
B44B70E6;2;INT;3;Santa Cruz vein;MAIN;66;;;
B473D9B7;1;TRT;1;Escobal;MAIN;56;;;
B473D9B7;2;JOG;2;Escobal;MAIN;56;;;
B473D9B7;3;BMF;1;Escobal;MAIN;55|56;;;
B55DD6D0;1;CSF;1;Toruel Vein;MAIN;25;30000.0;;extent:approx_magnitude
B5313239;1;CSF;1;La Parrilla;MAIN;63;;;
B5313239;2;SSF;2;La Parrilla;MAIN;67|71;;;
B5313239;3;SHZC;2;La Parrilla;MAIN;71;;;
B5313239;4;INC;2;La Parrilla;MAIN;67;;;
B5313239;5;SOF;2;La Parrilla;MAIN;70;;;
B564FBA4;2;BMF;1;Peñasco Quemado;MAIN;84;;;
B5B1D3B7;1;THR;1;Reliquias;MAIN;42;200000.0;;extent:bounded
B5B1D3B7;4;CLD;2;Reliquias;MAIN;45;;;
B62FFF51;1;FLD;1;Huaron Mine;MAIN;46|48;;;
B62FFF51;2;THR;2;Huaron Mine;MAIN;46|48;;;
B62FFF51;4;SOF;2;Huaron Mine;MAIN;49;;;
B79543E6;1;SSF;1;Valdecañas Vein;MAIN;35;200000.0;;extent:bounded
B633368A;1;TRP;1;Nueva Recuperada;MAIN;77|80;400000.0;;extent:bounded
B633368A;3;SOF;2;Nueva Recuperada;MAIN;80;;;
B633368A;4;INT;2;Nueva Recuperada;MAIN;82|87;;;
B6A4B5EE;1;INT;2;Torny Mine;MAIN;99|105;;;
B6A4B5EE;2;FLD;2;Torny Mine;MAIN;99;;;
B6A4B5EE;3;GSC;2;Torny Mine;MAIN;105;;;
B7B44A78;1;BMF;1;El Tigre;MAIN;102|106|111;7000.0;;
B7B44A78;3;INT;2;El Tigre;MAIN;111;;;
B7B44A78;4;JOG;2;El Tigre;MAIN;115|118;;;
B79D70A4;1;SOF;2;La Preciosa;MAIN;47|49;;;
B79D70A4;2;LTC;2;La Preciosa;MAIN;47|52;;;
B824689C;1;TRT;1;La Guitarra;MAIN;42;;;
B824689C;2;INT;2;La Guitarra;MAIN;42;;;
B834D581;1;NRM;1;Breccia Ridge Zone;MAIN;29;;;
B834D581;2;INC;2;Breccia Ridge Zone;MAIN;32;;;
B8A666B8;1;SHZC;1;Coneto;MAIN;26;15000.0;;extent:bounded
B91F00DC;1;LFT;2;Corani;MAIN;77|78;;;
B920A044;1;SSF;1;Escobal;MAIN;50|54;;;
B920A044;2;JOG;2;Escobal;MAIN;54|58|59;;;
B920A044;3;BMF;2;Escobal;MAIN;52|54;;;
B920A044;4;ENE;3;Escobal;MAIN;54;;;
B9E5E01D;1;CSF;1;Cordero;MAIN;67;;;
B9E5E01D;2;BMF;2;Cordero;MAIN;67;;;
B9E5E01D;3;INT;3;Cordero;MAIN;67;;;
BAAC12F5;1;SSF;1;Langtry;MAIN;47|55;115000.0;;
BAAC12F5;2;SSF;2;Langtry;MAIN;47|53|54;;;
BAAC12F5;3;DET;1;Langtry;MAIN;46|55;;;
BAAC12F5;4;NRM;2;Langtry;MAIN;55;;;
BACF859B;1;THR;1;May Mac Mine;MAIN;37|54;;;
BACF859B;2;SHZC;2;May Mac Mine;MAIN;43;;;
BACF859B;3;INC;2;May Mac Mine;MAIN;42|44;;;
BAEFCBB8;1;THR;1;Rupice;MAIN;57;;;
BAEFCBB8;2;THR;2;Rupice;MAIN;57|58|60;;;
BAEFCBB8;3;FLD;2;Rupice;MAIN;60;;;
BB2D22D0;1;THR;1;Pulacayo;MAIN;36;;4000.0;
BB2D22D0;2;FLD;1;Pulacayo;MAIN;36|38;;;
BB2D22D0;3;SSF;1;Pulacayo;MAIN;38|39;10000.0;;extent:bounded
BB2D22D0;4;SOF;2;Pulacayo;MAIN;38|39;;;
BC03D0FA;1;SHZC;1;Rochester;MAIN;31|32;;;
BC03D0FA;2;SOF;2;Rochester;MAIN;32;;;
BC03D0FA;3;INT;2;Rochester;MAIN;31|33;;;
BC03D0FA;4;LTC;2;Rochester;MAIN;33;;;
BC7A0433;1;SSF;1;Santa Ana;MAIN;39|42;;;
BC7A0433;2;SOF;2;Santa Ana;MAIN;42|43;;;
BC7A0433;3;ENE;3;Santa Ana;MAIN;42;;;
BC7A0433;4;FLD;2;Santa Ana;MAIN;40|42;;;
BB3D6672;1;SHZC;1;Ying;MAIN;42;;;
BD27F1F9;1;CLD;1;Pallancata Vein System;MAIN;33;;;
BD27F1F9;2;SSF;2;Pallancata Vein System;MAIN;33|34;;;
BD27F1F9;3;JOG;2;Pallancata Vein System;MAIN;33;;;
BD27F1F9;4;INT;2;Pallancata Vein System;MAIN;35;;;
BDA43C38;1;CSF;1;Cordero Resource;MAIN;42;;;
BDB23EF4;1;SHZC;2;Higo Blanco Project;MAIN;30|31;2000.0;;extent:bounded
BDB23EF4;2;SSF;2;Higo Blanco Project;MAIN;30|31;2000.0;;extent:bounded
BDDFCD30;4;BMF;1;Cordero;MAIN;13;;;
BDDFCD30;5;BXP;2;Cordero;MAIN;15;;;
BDCC218F;1;CLD;1;Iska Iska;MAIN;84;;;
BDCC218F;2;SSF;2;Iska Iska;MAIN;60|62|74|85;;;
BDE07C79;1;CSF;1;Guanajuato Mine;MAIN;45;25000.0;;
BDE07C79;2;SOF;2;Guanajuato Mine;MAIN;48;;;
BDE07C79;3;JOG;2;Guanajuato Mine;MAIN;48;;;
BDE07C79;4;LTC;2;Guanajuato Mine;MAIN;48;;;
BDF6AAF0;1;SOF;2;Rochester;MAIN;39;;;
BDF6AAF0;2;INT;2;Rochester;MAIN;37;;;
BDF6AAF0;3;GSC;2;Rochester;MAIN;37|42;;;
BDF6AAF0;4;FLD;1;Rochester;MAIN;37|39;;;
BDE5F5A3;1;FLD;2;Mangazeisky North;MAIN;56;;;
BDE5F5A3;2;GSC;2;Mangazeisky North;MAIN;57;;;
BE3FBD1D;1;SOF;2;Strieborná Vein;MAIN;38;;;
BEAF1530;1;INC;2;Santa Rosa East Skarn;MAIN;26|28;;;
BEFD845B;1;SSF;2;San Miguel Vein;MAIN;49|80;;;
BEFD845B;2;JOG;2;San Miguel Vein;MAIN;80;;;
C0008121;1;SHZC;1;Hardshell deposit;MAIN;33|37|39;8046.7;;extent:bounded
C0008121;4;FLD;2;Hardshell deposit;MAIN;37;;;
BFECADF2;1;TRT;2;Dolores;MAIN;34|37|39;;;
BFECADF2;2;JOG;2;Dolores;MAIN;39;;;
C009D3E5;1;BMF;2;Fireweed;MAIN;33|35;;;
BFE6587D;1;SSF;2;GC deposit;MAIN;31;4800.0;;
BFE6587D;2;SSF;2;GC deposit;MAIN;31;;;
BFE6587D;3;INT;3;GC deposit;MAIN;40;;;
BFE6587D;4;CSF;1;GC deposit;MAIN;27|29;;;
BFE6587D;5;CLD;1;GC deposit;MAIN;29;;;
C06D7BD0;1;SHZC;1;Santa Cruz;MAIN;16;2000.0;;
C08FB663;1;CSF;1;Bilbao;MAIN;41|46|47;;;
C08FB663;2;BMF;1;Bilbao;MAIN;42;;;
C08FB663;3;SOF;2;Bilbao;MAIN;47;;;
C08FB663;4;INC;2;Bilbao;MAIN;47|59;;;
C0A1A196;1;TRT;1;Gavilanes Vein System;MAIN;27|32;;;
C0A1A196;2;SSF;2;Gavilanes Vein System;MAIN;27|28;;;
C2B312DD;2;SSF;2;Concordia-San Gregorio-Dolores;MAIN;35|43;;;
C2EF5887;1;SSF;1;Cordero;MAIN;60;;;
C31C2198;1;INT;2;Elura;MAIN;31;;;
C31C2198;2;FLD;2;Elura;MAIN;31;;;
C31C2198;3;SOF;3;Elura;MAIN;34;;;
C31EF976;1;BMF;1;Hercules Silver Project;MAIN;42;;;extent:unparseable
C31EF976;2;THR;1;Hercules Silver Project;MAIN;42;;;
C31EF976;3;FLD;2;Hercules Silver Project;MAIN;42;;;
C31EF976;4;INT;2;Hercules Silver Project;MAIN;43;;;
C3DF665F;1;SSF;2;Dolores;MAIN;28|31|32|34;;;distance:unparseable
C3DF665F;2;SSF;2;Dolores;MAIN;32|34;;;
C3DF665F;3;INT;2;Dolores;MAIN;32;;;
C3DF665F;4;JOG;3;Dolores;MAIN;34;;;
C3DF665F;5;LTC;2;Dolores;MAIN;34;;;
C4194CAB;1;SHZC;1;El Favor;MAIN;80;;;
C418CDDB;1;SHZC;2;JBZ 1;MAIN;31;;;
C431BAFB;1;THR;2;Nuestra Señora;MAIN;45|48;;;
C431BAFB;2;MYLC;2;Nuestra Señora;MAIN;45;;;
C431BAFB;3;INT;2;Nuestra Señora;MAIN;48;;;
C44B2CEB;1;THR;1;Capire Deposit;MAIN;34;;;
C44B2CEB;2;NRM;1;Capire Deposit;MAIN;34;;;
C44B2CEB;3;FLD;2;Capire Deposit;MAIN;34|37;;;
C44653FF;1;CSF;1;Galena Complex;MAIN;45;;;
C44653FF;3;FLD;2;Galena Complex;MAIN;45;;;
C4877518;1;THR;1;Keg Main Zone;MAIN;32;;;
C4877518;2;NRM;2;Keg Main Zone;MAIN;32|33;;;
C4877518;3;FLD;2;Keg Main Zone;MAIN;33|48;;;
C501A666;1;INC;N/A;Palmarito;MAIN;30;;;
C6504EDC;1;SSF;N/A;Capoose;MAIN;39;;;
C6504EDC;2;INT;2;Capoose;MAIN;42;;;
C6504EDC;3;LTC;2;Capoose;MAIN;42;;;
C6DFCB14;1;DET;1;San Felipe;MAIN;84;;;
C6DFCB14;2;TRT;2;San Felipe;MAIN;84;;;
C71B4EAF;1;THR;1;Rose showing;MAIN;33;;;
C71B4EAF;2;SSF;1;Rose showing;MAIN;31;;;
C71B4EAF;3;FLD;1;Rose showing;MAIN;31;;;
C71B4EAF;4;NRM;2;Rose showing;MAIN;33;;;
C84951F8;1;SSF;1;Valdecañas;MAIN;26;200000.0;;extent:bounded
C84951F8;2;NRM;2;Valdecañas;MAIN;26;;;
C84951F8;3;SOF;2;Valdecañas;MAIN;26;;;
C8FF050D;1;BMF;1;Salvador-Zacatecas;MAIN;14;;;
C8FF050D;2;SOF;2;Salvador-Zacatecas;MAIN;14;;;
C92F9F6A;1;THR;1;Pulacayo;MAIN;69;;4000.0;
C92F9F6A;2;SSF;1;Pulacayo;MAIN;74;10000.0;;extent:bounded
C92F9F6A;3;ENE;2;Pulacayo;MAIN;74|76|85;;;
CAE73B69;1;LFT;2;Corani;MAIN;25;;;
C945B219;1;CSF;1;Cerro Bayo District;MAIN;41;;;
CC3A1407;1;THR;1;Bellekeno;MAIN;4|31|33|35;;;
CC3A1407;2;SSF;2;Bellekeno;MAIN;5|35;;;
CC3A1407;3;JOG;2;Bellekeno;MAIN;5|35;;;
CB5FA96C;1;SSF;1;Bräunsdorf Project;MAIN;39;;;
CB5FA96C;2;INT;2;Bräunsdorf Project;MAIN;38;;;
CB5FA96C;3;ENE;3;Bräunsdorf Project;MAIN;39;;;
C97E5B37;1;INT;2;GC;MAIN;39;;;
C97E5B37;3;INT;3;GC;MAIN;47;;;
C97E5B37;4;BXP;2;GC;MAIN;44;;;
CC71A3D6;1;SHZC;2;Silver Strand Mine;MAIN;39|40;;;
CE4AF8D3;1;FLD;2;La Reforma mine;MAIN;16;;;
CE6A2C33;1;LFT;2;Corani;MAIN;70|72;;;
CEBE17F0;1;INT;2;El Capitan;MAIN;32|36;;;
CEBE17F0;2;UNC;2;El Capitan;MAIN;32|36|37;;;
D04CE6A2;2;DET;N/A;Tejamen Deposits;MAIN;32;;;
D05E51ED;1;THR;1;Keg Zone;MAIN;21|37;;;
D17E0412;1;JOG;2;Santa Ana;MAIN;23;;;
D1AC74A8;1;SSF;1;Greens Creek;MAIN;80;;;
D1AC74A8;2;SSF;2;Greens Creek;MAIN;80|87;;;
D1AC74A8;3;THR;2;Greens Creek;MAIN;86;;;
D1AC74A8;4;SHZC;2;Greens Creek;MAIN;87|101|114;;;
D1AC74A8;5;SOF;2;Greens Creek;MAIN;100;;;
D1AC74A8;6;FLD;2;Greens Creek;MAIN;87|118;;;
D06D341C;1;CSF;1;Nueva Recuperada Vein System;MAIN;77|80;400000.0;;extent:bounded
D06D341C;2;SHZC;2;Nueva Recuperada Vein System;MAIN;77|80;;;
D06D341C;3;INT;2;Nueva Recuperada Vein System;MAIN;82|87;;;
D1DA0B31;1;FLD;2;Nizhny Endybal;MAIN;52|53|58;;;
D1DA0B31;2;THR;2;Nizhny Endybal;MAIN;53;;;
D2462677;1;SSF;1;Yaxtché;MAIN;38;;;
D2462677;3;INT;2;Yaxtché;MAIN;46;;;
D2462677;4;INC;2;Yaxtché;MAIN;46;;;
D2462677;5;LTC;2;Yaxtché;MAIN;46;;;
D2462677;6;LFT;2;Yaxtché;MAIN;50;;;
D25BE80C;1;THR;1;Keg Main Zone;MAIN;32;;;
D25BE80C;2;NRM;1;Keg Main Zone;MAIN;32;;;
D25BE80C;3;FLD;2;Keg Main Zone;MAIN;47;;;
D3003921;1;INT;2;Santa Teresita;MAIN;41;;;
D3003921;2;SSF;2;Santa Teresita;MAIN;41;;;
D3003921;3;LTC;2;Santa Teresita;MAIN;41;;;
D3003921;4;FLD;2;Santa Teresita;MAIN;40;;;
D347CF71;1;CSF;1;Velardeña Mines;MAIN;49;;;
D347CF71;2;SOF;2;Velardeña Mines;MAIN;53;;;
D347CF71;3;INT;2;Velardeña Mines;MAIN;53;;;
D41BB448;1;ENE;3;San Dimas District;MAIN;40;;;
D41BB448;2;SSF;1;San Dimas District;MAIN;40;;;
D41BB448;3;SOF;2;San Dimas District;MAIN;40;;;
D41BB448;4;BMF;1;San Dimas District;MAIN;40;;;
D3ABB0DB;1;BMF;2;Homestake;MAIN;81;;;
D3ABB0DB;2;ENE;3;South Reef;MAIN;87;;;
D481B02E;1;CSF;1;Moonlight Project;MAIN;22|26;;;
D481B02E;2;SOF;2;Moonlight Project;MAIN;26;;;
D481B02E;3;FLD;2;Moonlight Project;MAIN;22|26;;;
D542CF53;1;SSF;1;Medicine Springs;MAIN;31|32|36;;;
D542CF53;2;SHZC;1;Medicine Springs;MAIN;31|32|36;;;
D542CF53;3;INT;2;Medicine Springs;MAIN;30|31;;;
D542CF53;4;UNC;N/A;Medicine Springs;MAIN;30;;;
D54173D3;1;THR;1;La Providencia;MAIN;41;;;
D54173D3;2;SSF;1;La Providencia;MAIN;41;;;
D0B97A7B;1;INT;1;Gaocheng;MAIN;25;;;
D55D25D4;1;SOF;2;Deer Trail Mine;MAIN;37|40;;;
D55D25D4;2;FLD;2;Deer Trail Mine;MAIN;40;;;
D5577F32;1;BMF;1;Cerro Las Minitas;MAIN;74;;;
D5577F32;2;FLD;2;Cerro Las Minitas;MAIN;74|75;;;
D5577F32;3;GSC;2;Cerro Las Minitas;MAIN;75;;;
D5577F32;4;INT;2;Cerro Las Minitas;MAIN;75;;;
D5577F32;5;SHZC;1;Cerro Las Minitas;MAIN;75;;;
D5F4342C;1;TRT;1;Cusi;MAIN;31|32|33;;;
D5F4342C;2;SOF;2;Cusi;MAIN;33;;;
D5F4342C;3;INT;2;Cusi;MAIN;33;;;
D5AB036D;1;SSF;1;Silver City Project;MAIN;43;;;
D5AB036D;2;INT;2;Silver City Project;MAIN;45;;;
D5AB036D;3;JOG;2;Silver City Project;MAIN;45;;;
D5AB036D;4;LTC;2;Silver City Project;MAIN;45;;;
D69BFD4E;1;CSF;1;Tulameen Mountain Property;MAIN;9;;;
D69BFD4E;2;SHZC;2;Tulameen Mountain Property;MAIN;9|11;;;
D69BFD4E;3;FLD;2;Tulameen Mountain Property;MAIN;9|12;;;
D6AC7610;1;BMF;1;La Preciosa;MAIN;72;;;
D6AC7610;2;LFT;2;La Preciosa;MAIN;79|81;;;
D7713E06;1;CSF;1;Vein Madre;MAIN;54|56|59;25000.0;;
D7713E06;2;INT;2;Vein Madre;MAIN;55;;;
D7713E06;3;JOG;2;Vein Madre;MAIN;55;;;
D77A7C51;1;BMF;2;Trinity;MAIN;49;;;
D77A7C51;2;BXP;2;Trinity;MAIN;49|50;;;
D77A7C51;3;BMF;2;Trinity;MAIN;47|49|63;;;
D77A7C51;4;BMF;1;Trinity;MAIN;47|63;;;
D77A7C51;5;GSC;2;Trinity;MAIN;49;;;
D7086C57;1;SSF;2;Greens Creek;MAIN;86|92|100;;;extent:unparseable
D7086C57;2;SSF;2;Greens Creek;MAIN;92;;;
D7086C57;3;SHZC;2;Greens Creek;MAIN;92;;;
D7086C57;5;FLD;2;Greens Creek;MAIN;92|105|109;;;
D8E4C720;1;THR;1;Pulacayo;MAIN;28;;4000.0;
D8E4C720;2;SSF;1;Pulacayo;MAIN;30;;;
D8E4C720;3;SOF;2;Pulacayo;MAIN;30|31;;;
D7FFB9F0;1;TRP;2;Promontorio;MAIN;31;;;
D7FFB9F0;3;INT;2;Promontorio;MAIN;31;;;
D91354DB;1;TRT;2;Trinidad;MAIN;40|42|56;;;
D91354DB;2;SSF;2;Trinidad;MAIN;42;;;
D9387042;1;SSF;2;Waterloo;MAIN;53;115000.0;;
D9387042;2;DET;1;Waterloo;MAIN;52|62;;;
D98775AB;1;SHZC;2;Moonlight mine;MAIN;19;;;
D98775AB;2;CSF;1;Moonlight mine;MAIN;11|13|16|22;;;
D984DC83;1;INT;2;Virginia Veins;MAIN;30;;;
D98E3E2C;1;SOF;2;Santa Cruz;MAIN;40;5000.0;;
D98E3E2C;2;SOF;1;Santa Cruz;MAIN;39;;;
D98E3E2C;3;JOG;3;Santa Cruz;MAIN;41;;;
DA04925F;1;TRT;2;Trinidad deposit;MAIN;38|44;;;
DA04925F;2;SSF;N/A;Trinidad deposit;MAIN;38;;;
DA1DC507;1;CSF;1;Santa Teresita;MAIN;34|39;;;
DA1DC507;2;INT;2;Santa Teresita;MAIN;40;;;
DA1DC507;3;SSF;2;Santa Teresita;MAIN;40;;;
DA1DC507;5;LTC;2;Santa Teresita;MAIN;40;;;
D999D770;1;CSF;1;San Diego;MAIN;38|44;;;
DA4A4583;1;FLD;1;Rochester;MAIN;54|56;;;
DA4A4583;2;SHZC;2;Rochester;MAIN;54|56|57;;;
DA4A4583;3;INT;2;Rochester;MAIN;54|56;;;
DA4A4583;4;GSC;2;Rochester;MAIN;54|57;;;
DA69AFEB;1;CSF;1;Guanajuato Mine;MAIN;43;25000.0;;
DA69AFEB;2;SOF;2;Guanajuato Mine;MAIN;46;;;
DA69AFEB;3;JOG;2;Guanajuato Mine;MAIN;46;;;
DA69AFEB;4;LTC;2;Guanajuato Mine;MAIN;46;;;
DB4CC708;1;CLD;1;Silver Chalice;MAIN;12|20;8000.0;;
DB4CC708;2;SOF;2;Silver Chalice;MAIN;12;;;
DB4CC708;3;SSF;1;Silver Chalice;MAIN;12;;28968.1;distance:bounded
DC13A69E;1;SHZC;1;Toruel Vein;MAIN;20;30000.0;;extent:approx_magnitude
DCE5B18F;1;CSF;1;Bilbao;MAIN;24|26;;;
DCE5B18F;2;FLD;2;Bilbao;MAIN;33;;;
DCE5B18F;3;INC;2;Bilbao;MAIN;32;;;
DCE5B18F;4;BXP;3;Bilbao;MAIN;33;;;
DEB97775;1;GSC;1;Yauricocha;MAIN;38;;;extent:unparseable
DEB97775;2;SHZC;1;Yauricocha;MAIN;38|44;;;
DEB97775;3;INT;2;Yauricocha;MAIN;38|43|44;;;
DEB97775;4;FLD;2;Yauricocha;MAIN;37|38|43;;;
DEB97775;5;INC;2;Yauricocha;MAIN;39|44;;;
DEC4B047;1;TRT;1;Boumadine Deposit;MAIN;55;1000.0;;extent:approx_magnitude
DEC4B047;3;SHZC;2;Boumadine Deposit;MAIN;55;;;
DEC4B047;4;INT;2;Boumadine Deposit;MAIN;69;;;
DF2DED58;1;SSF;1;Cusi Mine;MAIN;48|49|52|61;;;
DF2DED58;2;SOF;2;Cusi Mine;MAIN;52|61;;;
DF2DED58;3;INT;2;Cusi Mine;MAIN;52;;;
DF3AAF5F;1;SSF;1;Valdecañas Vein;MAIN;42;;;
E03CC3DF;1;THR;1;Burgin Extension;MAIN;42|46|51;;;
E03CC3DF;2;SSF;2;Burgin Extension;MAIN;42|46|51|53;;;
E03CC3DF;3;INT;2;Burgin Extension;MAIN;51|55;;;
E03CC3DF;4;LTC;2;Burgin Extension;MAIN;51;;;
E06D416F;1;THR;2;Fuwan silver deposit;MAIN;56|57;;;
E06D416F;2;SOF;2;Fuwan silver deposit;MAIN;57;;;
DF699786;1;BMF;1;El Cubo;MAIN;68|69;10500.0;;
DF699786;2;SOF;2;El Cubo;MAIN;69;;;
DF699786;3;INT;2;El Cubo;MAIN;68|69;;;
E07409D1;1;SOF;2;Tangana;MAIN;81|82|94;2.5;;extent:bounded
E118A1B4;1;SOF;2;Silver Sand;MAIN;48|51;;;
E0D69416;1;SSF;1;Galena Complex;MAIN;38;;;
E0D69416;2;SOF;2;Galena Complex;MAIN;38|43|44;;;
E0D69416;3;FLD;2;Galena Complex;MAIN;38;;;
E286629C;1;CSF;1;Veta Madre;MAIN;70;25000.0;;
E286629C;2;JOG;2;Veta Madre;MAIN;76;;;
E286629C;3;SOF;2;Veta Madre;MAIN;78;;;
E215642A;1;CSF;1;Coigues Este;MAIN;46;;;
E215642A;3;CLD;2;Coigues Este;MAIN;46;;;
E349DC6F;1;SSF;2;Los Ricos South;MAIN;67|69;3500.0;;
E349DC6F;2;INT;3;Los Ricos South;MAIN;69;;;
E38F8E9D;1;THR;2;Alhambra and South Veins;MAIN;27|34;;;distance:unparseable
E38F8E9D;2;CSF;1;Alhambra and South Veins;MAIN;25|27;321868.0;;extent:bounded
E38F8E9D;3;SSF;1;Alhambra and South Veins;MAIN;25|27;;;
E3BEED43;1;FLD;2;Fuwan Silver Deposit;MAIN;26;;;
E3BEED43;2;GSC;2;Fuwan Silver Deposit;MAIN;26;;;
E3BEED43;3;SOF;2;Fuwan Silver Deposit;MAIN;26;;;
E4403BC5;1;BMF;1;Cerro Los Gatos;MAIN;62;;;
E4403BC5;2;LFT;2;Cerro Los Gatos;MAIN;64;;;
E4403BC5;3;FLD;2;Cerro Los Gatos;MAIN;68;;;
E5ADEDFD;1;SSF;N/A;Pallancata Vein;MAIN;25;;;
E5ADEDFD;2;CLD;N/A;Pallancata Vein;MAIN;25;;;
E5ADEDFD;3;JOG;N/A;Pallancata Vein;MAIN;25;;;
E5ADEDFD;4;INT;N/A;Pallancata Vein;MAIN;26|29;;;
E48DC13A;1;THR;2;Malku Khota;MAIN;39;;;
E48DC13A;2;SSF;2;Malku Khota;MAIN;40;;;
E5B34DF0;1;INC;2;Santa María;MAIN;40;;;
E5B34DF0;2;NRM;3;Santa María;MAIN;40;;;
E75FF3C6;1;JOG;2;Chinchillas;MAIN;32;;;
E75FF3C6;3;INT;2;Chinchillas;MAIN;30|42|43;;;
E75FF3C6;4;BXP;2;Chinchillas;MAIN;32|40;;;
E77F1A46;1;FLD;2;La Negra;MAIN;31;;;
E77F1A46;2;THR;1;La Negra;MAIN;31;;5000.0;
E77F1A46;3;INC;2;La Negra;MAIN;31;;;
E7A7F4C3;1;NRM;2;Metates;MAIN;22;;;
E7A7F4C3;2;INT;2;Metates;MAIN;22;;;
E826A8E7;1;SOF;2;Ptarmigan Mine;MAIN;41|48|64|85|86;9500.0;;
E826A8E7;2;FLD;2;Ptarmigan Mine;MAIN;53|65|76;;;
E826A8E7;3;THR;1;Ptarmigan Mine;MAIN;40;;;
E8AB8AC0;1;JOG;2;Santa Ana;MAIN;32;;;
EA408EFD;1;INT;2;La Negra;MAIN;42;;;
EA408EFD;2;SSF;1;La Negra;MAIN;25|26|42;;;
EA408EFD;3;CLD;1;La Negra;MAIN;26|42;22000.0;;
E851ED32;1;THR;2;Keeley-Frontier;MAIN;114;2000.0;;
E851ED32;2;INT;2;Keeley-Frontier;MAIN;114;;;
E851ED32;3;FLD;2;Keeley-Frontier;MAIN;123;;;
E9478493;1;SSF;1;Cusi Project;MAIN;38|39|49;;;
E9478493;2;SOF;2;Cusi Project;MAIN;38|44|49;;;
E9478493;3;INT;2;Cusi Project;MAIN;38|44;;;
E9478493;4;TRT;1;Cusi Project;MAIN;38|49;;;
EA7AFCF1;1;THR;1;Pulacayo;MAIN;49;;4000.0;
EA7AFCF1;2;SSF;1;Pulacayo;MAIN;51|52;10000.0;;extent:bounded
EA7AFCF1;3;SOF;2;Pulacayo;MAIN;51|52;;;
EA4D7F59;1;THR;1;Bellekeno;MAIN;56|59;;;
EA4D7F59;3;INT;2;Bellekeno;MAIN;61;;;
EA7D7C96;1;CSF;1;Yaxtché;MAIN;80;;;
EA7D7C96;2;INT;2;Yaxtché;MAIN;89;;;
EA7D7C96;3;LFT;2;Yaxtché;MAIN;93;;;
EAEF64B9;1;CSF;1;Reliquias Mine;MAIN;68;;20000.0;
EAEF64B9;2;TRT;1;Reliquias Mine;MAIN;68;;;
EAEF64B9;4;ENE;3;Reliquias Mine;MAIN;79|81;;;
EB08FD0B;1;BXP;2;Carangas;MAIN;47|53|54;;;
EB9365BB;1;SHZC;2;Pertenencia vein system;MAIN;54;;;
EB5527A1;1;SSF;1;Valdecañas;MAIN;35;;;
EB41AC63;1;SHZC;1;Guanajuato Mine;MAIN;53;25000.0;;
EB41AC63;2;JOG;2;Guanajuato Mine;MAIN;58;;;
EBB44820;1;INC;N/A;Palmarito;MAIN;30;;;
EC9A56DC;1;THR;2;South (Heimdall) Zone;MAIN;26|27;;;
EC9A56DC;2;SHZC;2;South (Heimdall) Zone;MAIN;26;;;
EC9A56DC;3;SSF;2;South (Heimdall) Zone;MAIN;25|27;;;
EC9A56DC;4;FLD;1;South (Heimdall) Zone;MAIN;26;;;
EC570198;1;BMF;1;El Tigre;MAIN;32|33;;;
EC570198;2;SOF;2;El Tigre;MAIN;43;;;
EC570198;3;INT;2;El Tigre;MAIN;32|43;;;
EC570198;4;CLD;1;El Tigre;MAIN;31|32;;;
ECB67C2D;1;SHZC;2;Zgounder Silver Deposit;MAIN;90|94;;;
ECB67C2D;2;INT;2;Zgounder Silver Deposit;MAIN;92;;;
ECB67C2D;3;ENE;3;Zgounder Silver Deposit;MAIN;94|100;;;
ECF05AF5;1;BMF;2;Trinity;MAIN;38|39;;;
ECF05AF5;2;SOF;2;Trinity;MAIN;38|42;;;
ED7B381F;1;SHZC;1;Platosa;MAIN;36;5000.0;;
ED7B381F;2;INT;2;Platosa;MAIN;36;;;
ED7B381F;3;SOF;2;Platosa;MAIN;36;;;
ED7B381F;4;FLD;1;Platosa;MAIN;36|43;;;
EDA500D4;1;CSF;1;Valenciana Mines Complex;MAIN;59|60;25000.0;;
EDA500D4;2;JOG;2;Valenciana Mines Complex;MAIN;65;;;
EDA500D4;3;SOF;2;Valenciana Mines Complex;MAIN;67;;200.0;distance:bounded
EE445029;1;THR;2;Bayhorse;MAIN;37|45|48;;;
EE445029;2;THR;2;Bayhorse;MAIN;37|48;;100.0;distance:bounded|distance:from_metric_paren
EE445029;4;INC;2;Bayhorse;MAIN;45|54;;;
EFC3178F;1;THR;2;Aho Zone;MAIN;25|29|40;;;
F06BD793;2;ENE;N/A;San Diego;MAIN;37|38;500.0;;
F06BD793;3;FLD;N/A;San Diego;MAIN;37;;;
F06BD793;4;INT;N/A;San Diego;MAIN;39|41|53;;;
F0F02838;1;THR;2;Nuestra Señora;MAIN;47|53;;;
F0F02838;2;SSF;2;Nuestra Señora;MAIN;48|54;;;
F0F02838;3;SHZC;2;Nuestra Señora;MAIN;48;;;
F0F02838;4;INT;2;Nuestra Señora;MAIN;55;;;
F10B48EF;1;SSF;1;Valdecañas Vein;MAIN;32;200000.0;;extent:bounded
F10B48EF;2;SSF;1;Valdecañas Vein;MAIN;32;;;
F1322970;1;CSF;1;Los Chorrillos;MAIN;36;;;
F1322970;2;SOF;2;Los Chorrillos;MAIN;36;;;
F20D1557;1;THR;2;Cameron occurrence;MAIN;47|49;;;
F16D00CE;1;SOF;2;Silver Hart Main Zone;MAIN;41|44|45;1400.0;;
F1EFEAA2;1;SSF;2;Nieves Vein Systems;MAIN;54|62;;;
F21EEC6C;1;FLD;2;Taylor Silver Deposit;MAIN;27|31;;;
F21EEC6C;2;THR;N/A;Taylor Silver Deposit;MAIN;27;;;
F21EEC6C;4;SOF;2;Taylor Silver Deposit;MAIN;28;;;
F48B1921;1;DET;1;Peñasco Quemado;MAIN;82|84|89;;;
F48B1921;3;BMF;1;Peñasco Quemado;MAIN;82|89|92;;;
F48B1921;4;SOF;2;Peñasco Quemado;MAIN;90|92;;;
F4CBDDAB;1;SSF;2;Copala;MAIN;54|55|62;2600.0;;
F4DA40EB;3;INT;2;Shafter deposit;MAIN;60|66;;;
F4DA40EB;4;FLD;1;Shafter deposit;MAIN;62;;;
F4F6118F;1;FLD;1;Keen Creek Horizon;MAIN;35|36|41|44;;;
F4F6118F;2;FLD;2;Keen Creek Horizon;MAIN;36|39|42|43|51|52|57;;;
F89FA822;1;SOF;2;Gavilanes;MAIN;52;;;
F89FA822;2;INC;2;Gavilanes;MAIN;52;;;
F9075644;1;CLD;1;La Negra;MAIN;26|42;;;
F9075644;2;INT;2;La Negra;MAIN;42;;;
F8C00475;1;INT;2;Zgounder;MAIN;74;;;
F8C00475;2;SHZC;2;Zgounder;MAIN;74;;;
F8C00475;3;ENE;3;Zgounder;MAIN;82;;;
F94132F5;1;FLD;1;Zimapan;MAIN;39;;;
F94132F5;2;FLD;2;Zimapan;MAIN;43|49;;;
F94132F5;3;LTC;2;Zimapan;MAIN;43;;;
F94132F5;4;INT;2;Zimapan;MAIN;46;;;
F9597F7E;1;LFT;2;Animas-Refugio Corridor;MAIN;26|29;3700.0;;extent:bounded
F9597F7E;2;INT;2;Animas-Refugio Corridor;MAIN;29;;;
FA179EBC;1;SSF;1;Boumadine;MAIN;52;1000.0;;extent:approx_magnitude
FA179EBC;2;ENE;2;Boumadine;MAIN;52;;;
FA179EBC;3;SHZC;2;Boumadine;MAIN;52;;;
FA179EBC;4;SSF;2;Boumadine;MAIN;52;;;
FA179EBC;6;INT;2;Boumadine;MAIN;68;;;
F9ED97DE;1;CSF;1;Chinchillas;MAIN;54;;;
F9ED97DE;3;INT;2;Chinchillas;MAIN;54;;;
F9ED97DE;4;GSC;2;Chinchillas;MAIN;62;;;
FB036D67;1;CSF;1;Guanajuato Mine;MAIN;47;25000.0;;
FB036D67;2;JOG;2;Guanajuato Mine;MAIN;50;;;
FA467164;1;DET;1;Peñasco Quemado;MAIN;116|122;;;
FA467164;2;LFT;2;Peñasco Quemado;MAIN;116|123;;;
FA467164;3;SHZC;2;Peñasco Quemado;MAIN;123;;;
FB971AFD;1;THR;2;Paca;MAIN;61;;;
FB971AFD;3;CLD;2;Paca;MAIN;61;;;
FB250354;1;SHZC;1;SGX;MAIN;39;;;
FB250354;2;THR;1;SGX;MAIN;39;;;
FBA23E07;1;CSF;1;La Joya;MAIN;67;;;
FBA23E07;2;FLD;2;La Joya;MAIN;73;;;
FBA23E07;4;INT;2;La Joya;MAIN;73;;;
FBC813C9;1;CSF;1;Oculto;MAIN;61;;;
FBC813C9;2;INT;1;Oculto;MAIN;61;;;
FBC813C9;4;UNC;2;Oculto;MAIN;66;;;
FC10A137;1;THR;2;Crescent Mine;MAIN;25;;;
FC10A137;2;SSF;1;Crescent Mine;MAIN;23|25;;;
FC10A137;3;CSF;1;Crescent Mine;MAIN;23|25;321868.0;;extent:bounded
FC10A137;4;SHZC;2;Crescent Mine;MAIN;25;;;
FBEF6507;2;LFT;2;Palmarejo;MAIN;67;;;
FBEF6507;3;SSF;1;Palmarejo;MAIN;65;;;
FBEF6507;4;JOG;2;Palmarejo;MAIN;65;;;
FBEF6507;5;INT;2;Palmarejo;MAIN;68;;;
FBEF6507;6;SOF;2;Palmarejo;MAIN;68;;;
FCB043A6;1;ENE;3;San Dimas;MAIN;63;;;
FCB043A6;2;TRT;2;San Dimas;MAIN;63;;;
FCB043A6;3;BMF;1;San Dimas;MAIN;62|63;;;
FCB043A6;4;BMF;1;San Dimas;MAIN;64;;;
FD7770D8;1;SSF;2;Los Ricos South;MAIN;82|84;3500.0;;
FCD81FFC;1;CLD;1;Mogollon District Veins;MAIN;46|52;;;
FCD81FFC;3;INT;2;Mogollon District Veins;MAIN;54;;;
FCD81FFC;4;LTC;2;Mogollon District Veins;MAIN;54;;;
FDEA31D6;1;SSF;2;Los Ricos South;MAIN;54|56;3500.0;;
FDEA31D6;2;TRT;1;Los Ricos South;MAIN;48|50;;;
FDEA31D6;3;BMF;1;Los Ricos South;MAIN;48;;;
FF6D816E;1;CSF;1;Arlington property;MAIN;33;;;
FF6D816E;2;SHZC;2;Arlington property;MAIN;27|29|31|32;;;
FF6D816E;3;SOF;2;Arlington property;MAIN;33;;;
FF446EFD;1;THR;1;Panuco Project;MAIN;83|88|98;;;
FF446EFD;2;SSF;1;Panuco Project;MAIN;82|93|98;;;
FF446EFD;3;LFT;1;Panuco Project;MAIN;83;;;
FF446EFD;4;SOF;2;Panuco Project;MAIN;88|91|94;;;
FF446EFD;5;JOG;2;Panuco Project;MAIN;94;;;
FF446EFD;6;TRP;1;Panuco Project;MAIN;98;;;
FF446EFD;7;TRT;1;Panuco Project;MAIN;98;;;
FFCDF978;1;CSF;1;Yaxtché;MAIN;49;;;
FFCDF978;2;SHZC;2;Yaxtché;MAIN;58;;;
FFCDF978;3;INT;2;Yaxtché;MAIN;58;;;
011DB75B;1;FLD;2;McIlvenna Bay Deposit;MAIN;111;;;
011DB75B;2;SHZC;2;McIlvenna Bay Deposit;MAIN;111;;;
004A897C;1;FLD;1;Jasperoide;MAIN;82;;;
004A897C;2;SSF;1;Jasperoide;MAIN;82;;;
004A897C;3;INC;2;Jasperoide;MAIN;81|82|94;;;
001DC466;1;FLD;1;Kamoto Copper Company;MAIN;66;;;
001DC466;2;THR;1;Kamoto Copper Company;MAIN;66|69;;;
001DC466;3;FLD;2;Kamoto Copper Company;MAIN;68;;;
012CDCE7;1;THR;2;Filo del Sol;MAIN;37|51|52;;;
012CDCE7;2;SHZC;1;Filo del Sol;MAIN;37|50;;;
0188D460;1;BXP;2;Kismet;MAIN;66|76;;;
01B9F6FB;1;THR;2;Filo del Sol;MAIN;47|48;;;
01FFC76A;2;BXP;2;Bolivar;MAIN;55;;;
01FFC76A;3;INC;2;Bolivar;MAIN;55;;;
01F80D49;1;THR;1;Nacho Zone;MAIN;25;;;
01F80D49;2;SSF;1;Nacho Zone;MAIN;25;;;
01F80D49;4;INT;2;Nacho Zone;MAIN;25;;;
033C22C1;1;CSF;1;Gibraltar Deposits;MAIN;56;;;
033C22C1;2;CSF;1;Gibraltar Deposits;MAIN;56;;17500.0;distance:range_mean
033C22C1;3;SHZC;2;Gibraltar Deposits;MAIN;58|59;;;
034D4472;1;SSF;1;Yerington Mine;MAIN;43;;;
034D4472;2;LFT;1;Yerington Mine;MAIN;44|46;;;
038DC810;1;SHZC;2;Northwest and Southeast Zones;MAIN;44;;;
038DC810;2;INT;2;Northwest and Southeast Zones;MAIN;44;;;
035FEE53;1;THR;2;Escalones;MAIN;44|45;;;
035FEE53;2;NRM;2;Escalones;MAIN;45;;;
035FEE53;3;NRM;3;Escalones;MAIN;45;;;
038E5924;1;CSF;1;Chapais Property;MAIN;28;100000.0;;extent:bounded
038E5924;2;SSF;1;Chapais Property;MAIN;28;;;
038E5924;3;SHZC;2;Chapais Property;MAIN;28|32;;;
038E5924;4;FLD;1;Chapais Property;MAIN;28|29;;;
038E5924;5;THR;1;Chapais Property;MAIN;28;;;
03EBBDC3;1;SOF;2;Allard Zone;MAIN;47;;;
03EBBDC3;2;SHZC;2;Allard Zone;MAIN;48;;;
04210A89;1;SOF;2;Kipoi Central;MAIN;48;;;
0431F0D8;1;SHZC;1;Chester;MAIN;18|20;;;
0431F0D8;2;THR;2;Chester;MAIN;23;;;
0431F0D8;4;FLD;2;Chester;MAIN;23;;;
04547E4D;1;THR;1;Sheep Creek;MAIN;24|28;16000.0;;extent:bounded
04547E4D;2;BMF;1;Sheep Creek;MAIN;28;;;
04547E4D;3;THR;2;Sheep Creek;MAIN;28;;;
04547E4D;4;SSF;2;Sheep Creek;MAIN;28;;;
04547E4D;5;INT;2;Sheep Creek;MAIN;34;;;
045DB693;1;SHZC;2;Macktush Veins;MAIN;21|22;;;
04C75EDD;1;SHZC;1;Mount Dore;MAIN;29;;;
04C75EDD;2;SHZC;2;Mount Dore;MAIN;29;10000.0;;extent:bounded
04C75EDD;3;THR;2;Mount Dore;MAIN;38;;;
0532FBF5;1;CLD;1;Ox Lake;MAIN;20;;;
0513BF95;1;INT;2;MacArthur;MAIN;51;;;
05732007;1;SSF;1;Tumpangpitu;MAIN;32|34;;;
05732007;3;SSF;2;Tumpangpitu;MAIN;38;;;
057D9138;1;CSF;1;Zafranal Main zone;MAIN;63|72;;;
057D9138;4;SSF;2;Zafranal Main zone;MAIN;72;;;
057B3714;1;CSF;1;Billiken;MAIN;20|23;150000.0;;extent:bounded
05C18B9B;1;SHZC;1;Coles Creek;MAIN;17;;;
05C18B9B;3;MYLC;2;Coles Creek;MAIN;18;;;
05C18B9B;4;BMF;2;Coles Creek;MAIN;18;;;
05FEDF01;1;SHZC;2;Allard;MAIN;51|53;;;
062FFCAA;1;THR;1;Main Zone;MAIN;38;;;
063F8436;1;CSF;1;Chitigua;MAIN;16|17|19;300000.0;;extent:approx_magnitude
0661510D;1;FLD;2;Unkur;MAIN;61;12000.0;;
066FD738;1;CLD;2;Malpica deposit;MAIN;26;;;
069EC672;1;THR;1;Tenke Fungurume;MAIN;41|46;;;
069EC672;2;FLD;1;Tenke Fungurume;MAIN;41|46;;;
069EC672;3;DET;1;Tenke Fungurume;MAIN;46;;;
069EC672;4;THR;2;Tenke Fungurume;MAIN;46;;;
069EC672;5;FLD;2;Tenke Fungurume;MAIN;48;;;
0688A054;1;LFT;1;Cactus;MAIN;79|84;;;
0688A054;2;NRM;2;Cactus;MAIN;84;;;
0688A054;3;BXP;2;Cactus;MAIN;83;;;
067DEA1B;1;SOF;1;Cerro Fraga Mineralized System;MAIN;65;;;
077C804C;1;THR;1;Coronation Trend;MAIN;23|26;;;
07B21EDD;1;SOF;2;Douvray;MAIN;29;;;
078FBA34;1;SSF;2;Yellowhead Copper Deposit;MAIN;58|74|76;;;
078FBA34;2;THR;2;Yellowhead Copper Deposit;MAIN;58|75|76;;;
078FBA34;3;THR;1;Yellowhead Copper Deposit;MAIN;76;;;
0818F537;1;CSF;1;Cañariaco Norte;MAIN;46;;;extent:unparseable
0818F537;2;SOF;2;Cañariaco Norte;MAIN;46;;;
0818F537;3;INT;2;Cañariaco Norte;MAIN;42|46;;;
0820DDBD;1;BMF;1;Poplar Deposit;MAIN;30|34;;;
087C2CF4;1;CSF;1;Sierra Gorda;MAIN;72;;;
08FB93DB;1;BMF;1;Lunahuasi;MAIN;35;;;
08FB93DB;2;CSF;1;Lunahuasi;MAIN;35|36;;;
08FB93DB;3;JOG;2;Lunahuasi;MAIN;37|42;;;
08FB93DB;4;SSF;2;Lunahuasi;MAIN;37|42;;;
092C4670;1;SSF;1;Santo Tomás;MAIN;106|109|115;;;
092C4670;2;SOF;2;Santo Tomás;MAIN;106|109|115;;;
092C4670;3;LFT;2;Santo Tomás;MAIN;93|106|109;;;
092C4670;4;THR;2;Santo Tomás;MAIN;109|110;;;
092C4670;5;INC;2;Santo Tomás;MAIN;114;;;
092C4670;6;SHZC;2;Santo Tomás;MAIN;114;;;
092DB49E;1;SSF;1;Aranzazu;MAIN;44|45;;;
092DB49E;2;FLD;2;Aranzazu;MAIN;44|48;;;
092DB49E;3;SOF;2;Aranzazu;MAIN;45;;;
092DB49E;4;INT;2;Aranzazu;MAIN;48;;;
092DB49E;5;JOG;2;Aranzazu;MAIN;50;;;
0947B6A3;1;SHZC;2;Tucumã Gold Deposits;MAIN;35;;;
0978B4D0;2;SOF;2;Marimaca;MAIN;62|63;;;
09A137BC;1;INT;2;Ilovitza;MAIN;50;;;
09A137BC;2;BMF;1;Ilovitza;MAIN;50|51;;;
0A160972;1;SSF;1;Mount Copper;MAIN;78|79;;;
0A160972;2;ENE;3;Mount Copper;MAIN;79;;;
0A95289F;1;SHZC;1;Zonia;MAIN;37|40;1000.0;;
0A95289F;3;LTC;2;Zonia;MAIN;40;;;
0A95289F;4;SOF;2;Zonia;MAIN;40;350.0;;extent:range_mean
0B439B21;1;SSF;1;Longshot Ridge;MAIN;17;;;
0B5508B1;1;CSF;1;Mazamorras;MAIN;30|34;;;
0B5508B1;4;SOF;2;Mazamorras;MAIN;35;;;
0BD36908;1;SSF;1;Eaglehead;MAIN;16|38|44;;;
0BD36908;3;MYLC;2;Eaglehead;MAIN;50;;;
0BFBC5EB;1;CSF;1;Amy Lake Zone;MAIN;20|24;;;
0BFBC5EB;2;SOF;2;Amy Lake Zone;MAIN;20|25|26;;;
0BFE1648;1;SSF;1;Lordsburg District;MAIN;55|58;3200.0;;
0BFE1648;2;SSF;1;Lordsburg District;MAIN;56|58;5500.0;;
0BFE1648;3;SOF;2;Lordsburg District;MAIN;57;;;
0BFE1648;4;BMF;1;Lordsburg District;MAIN;58;;;
0C51FC2C;1;CSF;1;Chitigua Porphyry System;MAIN;16|17;300000.0;;extent:approx_magnitude
0C51FC2C;2;SOF;2;Chitigua Porphyry System;MAIN;17;;;
0C1FDC7E;1;CSF;1;Marimaca;MAIN;59;;;
0C1FDC7E;2;SHZC;1;Marimaca;MAIN;61;15000.0;;
0C1FDC7E;5;SOF;2;Marimaca;MAIN;66;;;
0DA16AA6;1;SHZC;1;Anomaly Creek;MAIN;13;;;
0D5213AC;1;FLD;2;Minto;MAIN;93;;;
0D5213AC;2;TRP;2;Minto;MAIN;93;;;
0D5213AC;4;INT;2;Minto;MAIN;94;;;
0DA4B3D0;1;THR;2;Gunnison Deposit;MAIN;75|90;;;
0DBD56E9;1;SHZC;2;Stanca;MAIN;43;;;
0E6A3FF7;1;SSF;1;Casino;MAIN;29;;;
0E6A3FF7;2;SSF;2;Casino;MAIN;34;;;
0E91A884;1;SSF;1;Aranzazú;MAIN;50;;;
0E91A884;2;SOF;2;Aranzazú;MAIN;50;;;
0E91A884;3;CSF;1;Aranzazú;MAIN;55;;;
0E91A884;4;INT;2;Aranzazú;MAIN;55;;;
0E91A884;5;THR;1;Aranzazú;MAIN;55;;;
0E91A884;6;FLD;1;Aranzazú;MAIN;55;;;
0EA1B563;1;SOF;2;Espiritu Porphyry System;MAIN;22|24|28;;;
0EA1B563;2;CSF;1;Espiritu Porphyry System;MAIN;24;;;
0EAF3CF7;1;FLD;1;Kansanshi;MAIN;29|33;12000.0;;extent:bounded
0EAF3CF7;2;SSF;2;Kansanshi;MAIN;34|41;;;
0EAF3CF7;3;SSF;1;Kansanshi;MAIN;34|35|36;3000.0;;extent:approx_magnitude
0F47E657;2;ENE;1;Foy Property;MAIN;9|36;;;
0F47E657;4;SHZC;3;Foy Property;MAIN;40;;;
0FB6513F;1;SHZC;2;Chibougamau Camp Veins;MAIN;83|92;;;
0FB6513F;2;SSF;1;Chibougamau Camp Veins;MAIN;82;;;
0FB6513F;3;INC;2;Chibougamau Camp Veins;MAIN;92;;;
101E95AD;1;SHZC;2;Gneissic Bands;MAIN;26|30;;;
101E95AD;3;SHZC;2;Gneissic Bands;MAIN;35;;;
0FD0621B;1;THR;2;Elder Creek;MAIN;27;;;
101F4545;1;TRT;2;Storm Copper showing;MAIN;41|45;;;
101F4545;2;INT;2;Storm Copper showing;MAIN;46;;;
1067EA99;2;LTC;2;El Cobre;MAIN;38;;;
10BDC441;1;SSF;1;East Taurus Zone;MAIN;40;;;
10C3D3EB;1;CSF;1;Rio Grande;MAIN;31|46;;;
10C3D3EB;2;INT;2;Rio Grande;MAIN;31|47;;;
10D3A212;1;SHZC;2;Santa Rita pit;MAIN;29;;;
10D3A212;2;SHZC;2;Santa Rita pit;MAIN;27|29;;;
10D3A212;3;BXP;3;Santa Rita pit;MAIN;29;;;
112FFB6F;1;ENE;2;Paiute;MAIN;24;5014.6;;extent:bounded|extent:range_mean
112FFB6F;2;INT;3;Paiute;MAIN;24;;;
112FFB6F;3;FLD;2;Paiute;MAIN;21;;;
1141E160;1;SHZC;2;Vernon Mine;MAIN;31;;;
1141E160;2;THR;2;Vernon Mine;MAIN;31;;;
1141E160;3;NRM;2;Vernon Mine;MAIN;31;;;
1141E160;4;SSF;2;Vernon Mine;MAIN;34;;;
11DA36FF;1;FLD;2;Craigmont Mine;MAIN;24;;;
11DA36FF;3;INC;2;Craigmont Mine;MAIN;24;;;
1203A561;2;SHZC;2;MacArthur;MAIN;44;;;
1203A561;3;INT;2;MacArthur;MAIN;44;;;
11F4AC10;1;NRM;1;Kamoa;MAIN;107|125;;;
11F4AC10;2;FLD;1;Kamoa;MAIN;125;;;
126DFDE2;1;INC;2;Jean;MAIN;16|23|26;;;
12875E35;1;SSF;2;La Verde;MAIN;39;;;
12875E35;2;INC;2;La Verde;MAIN;31;;;
136DEF90;1;SSF;2;Copper Flat;MAIN;53;;;
136DEF90;2;INT;2;Copper Flat;MAIN;53;;;
12EEDC5C;1;THR;1;Cobre Panamá;MAIN;51;;;
12EEDC5C;2;SSF;2;Cobre Panamá;MAIN;51;;;
12EEDC5C;3;THR;2;Cobre Panamá;MAIN;57;200.0;;extent:bounded
12EEDC5C;4;THR;2;Cobre Panamá;MAIN;60;;;
12EEDC5C;5;NRM;2;Cobre Panamá;MAIN;65;;;
13D66F48;1;CSF;1;AntaKori;MAIN;32|35|37;;;
13D66F48;2;SOF;2;AntaKori;MAIN;35;;;
13D66F48;3;INT;1;AntaKori;MAIN;32;;;
13A3D518;1;SHZC;1;Haib;MAIN;36|37;;;
13A3D518;2;SHZC;2;Haib;MAIN;37;;;
14019B27;1;LFT;1;Ann Mason;MAIN;87;;;
14019B27;2;SOF;2;Ann Mason;MAIN;87|89;;;
1466E530;1;INC;N/A;Wildcat Property;MAIN;24;;;
1466E530;2;SHZC;N/A;Wildcat Property;MAIN;25;;;
140607B1;1;BMF;1;Valeriano;MAIN;55;;;
140607B1;3;SOF;2;Valeriano;MAIN;52;;;
1421A64E;1;SHZC;1;Munshiwemba;MAIN;27|31|32;;;
1421A64E;2;MYLC;2;Munshiwemba;MAIN;27;;;
1421A64E;3;ENE;2;Munshiwemba;MAIN;27|31|32;;;
14C34274;1;THR;1;Luisha;MAIN;16;;;
14C34274;3;SSF;2;Luisha;MAIN;18;;;
156C1FC6;1;CSF;1;Mabilo;MAIN;109;1500000.0;;
156C1FC6;3;SSF;2;Mabilo;MAIN;114;;;
15757D71;1;SHZC;1;Coxheath;MAIN;42;;;
15757D71;2;SHZC;2;Coxheath;MAIN;42;;;
15757D71;3;SOF;2;Coxheath;MAIN;42|45;250.0;;extent:range_mean
15757D71;4;ENE;3;Coxheath;MAIN;42;;;
158DFD00;1;SHZC;1;McIlvenna Bay;MAIN;39;;;
158DFD00;2;CSF;1;McIlvenna Bay;MAIN;39;;;
158DFD00;3;FLD;2;McIlvenna Bay;MAIN;43;;;
15BAB1F2;2;SSF;1;Highland Valley Property;MAIN;23;;;
15BAB1F2;7;NRM;1;Highland Valley Property;MAIN;32;;;
15C39EB8;1;SHZC;2;Bateman Bay Mine;MAIN;43|45;;;
15C39EB8;2;SSF;1;Bateman Bay Mine;MAIN;43;;;
166695F6;1;THR;2;EBL;MAIN;25;;;
166695F6;2;FLD;2;EBL;MAIN;25;;;
166695F6;3;THR;1;EBL;MAIN;29;;;
16EC5B80;1;BMF;1;Triangle d'Argent;MAIN;38|44;;;
16EC5B80;2;SHZC;2;Triangle d'Argent;MAIN;44;;;
16EC5B80;3;INT;2;Triangle d'Argent;MAIN;38|52|53;;;
16E5B84D;1;THR;1;La Fortuna;MAIN;44|45;;;
16E5B84D;2;SSF;2;La Fortuna;MAIN;45;;;
169FD19D;1;SSF;1;Chelopech;MAIN;53;;;
169FD19D;2;NRM;2;Chelopech;MAIN;53;;;
169FD19D;3;BMF;2;Chelopech;MAIN;54;;;
169FD19D;4;INT;2;Chelopech;MAIN;54;;;
169FD19D;5;THR;2;Chelopech;MAIN;54;;;
17194073;1;SSF;2;Maria Luisa;MAIN;34;;;
17194073;2;SOF;2;Maria Luisa;MAIN;34;;;
17194073;3;ENE;3;Maria Luisa;MAIN;36;;;
177179A7;1;SHZC;2;October Dome;MAIN;23;;;
176D59D5;1;MYLC;1;Tulameen Ultramafic Complex;MAIN;52|58;1750.0;;extent:range_mean
176D59D5;3;INT;2;Tulameen Ultramafic Complex;MAIN;58;;;
179EF479;1;INT;2;Aguila;MAIN;11;;;
179EF479;2;FLD;2;Aguila;MAIN;11;;;
179EF479;3;SHZC;2;Aguila;MAIN;11|14;;;
17CE9C2D;1;MYLC;2;Corner Bay;MAIN;116|120|121;;;
17CE9921;1;INT;2;Pilot;MAIN;17;;;
17F78A66;1;FLD;2;Kombat Mine;MAIN;26|28|33;;;
17F78A66;2;THR;2;Kombat Mine;MAIN;26|33;;;
17F78A66;3;GSC;2;Kombat Mine;MAIN;26;;;
183F01DC;1;FLD;2;Emba Derho;MAIN;66|75;;;
1889B01E;1;LFT;2;East Deposit;MAIN;79|83|87;;;
1976C515;1;SSF;2;Central Porphyry Zone;MAIN;28;;;
19052D31;1;SSF;1;Caribou Dome;MAIN;22;;;
19052D31;2;THR;2;Caribou Dome;MAIN;22;;;
195E0531;1;THR;1;Lottie;MAIN;15;;;
195AFFD3;1;DOM;2;Star;MAIN;53|54|55;;;
19D97606;1;THR;1;Toro Vein System;MAIN;24;;1000.0;distance:bounded
19D97606;2;FLD;2;Toro Vein System;MAIN;24;;;
19D97606;3;SHZC;2;Toro Vein System;MAIN;30;;;
1A0CB299;1;SSF;1;Khavchig Yargait (KY);MAIN;38|40|41;;;
1A0CB299;2;TRP;1;Khavchig Yargait (KY);MAIN;38;;;
1A0CB299;3;FLD;1;Khavchig Yargait (KY);MAIN;38;;;
1A0CB299;4;THR;2;Khavchig Yargait (KY);MAIN;41|84;;;
19F79899;1;BMF;2;Bornite;MAIN;46|47;;;
19F79899;2;CSF;1;Bornite;MAIN;47;;;
19F79899;3;CSF;1;Bornite;MAIN;41;;;
1A65FA88;1;CSF;1;Central Zone;MAIN;11|32|41;;;
1A844DEC;1;SHZC;1;Lennac Lake;MAIN;45;;;
1A844DEC;2;NRM;1;Lennac Lake;MAIN;45;;;
1A89390C;1;JOG;2;Milnet 1500 zone;MAIN;45|46|48;;;
1A89390C;2;SOF;2;Milnet 1500 zone;MAIN;46|48;;;
1A89390C;3;INC;2;Milnet 1500 zone;MAIN;49;;;
1B34B0FA;1;THR;1;Luishia Sud;MAIN;17;;;
1B34B0FA;2;FLD;2;Luishia Sud;MAIN;24;;;
1B34B0FA;3;BXP;2;Luishia Sud;MAIN;24|26;;;
1B49E2D0;1;CSF;1;Lustdust System;MAIN;11;600000.0;;
1B49E2D0;2;FLD;2;Lustdust System;MAIN;19|22|23;;;
1B49E2D0;3;THR;2;Lustdust System;MAIN;19;;;
1B49E2D0;4;SOF;2;Lustdust System;MAIN;19|32;;;
1B830ECB;1;SSF;1;Western Porphyries;MAIN;57;;;
1B830ECB;2;INT;2;Western Porphyries;MAIN;57;;;
1B9D624D;1;SSF;1;North Zone;MAIN;33;6000.0;;extent:bounded
1B9D624D;2;SHZC;2;North Zone;MAIN;33;;;
1B9D624D;3;INT;2;North Zone;MAIN;33;;;
1BB0D9F1;1;CSF;1;Golcuk;MAIN;28|29|31;;2500.0;distance:range_mean
1C33021F;1;THR;2;Olgal;MAIN;33|41;;;
1C33021F;2;THR;1;Olgal;MAIN;33;;;
1BD47F85;1;CSF;1;Don Beno;MAIN;18;;;
1BD47F85;2;SOF;2;Don Beno;MAIN;18;;;
1BD47F85;3;CLD;2;Don Beno;MAIN;19;;;
1BD47F85;4;SHZC;2;Don Beno;MAIN;20;;;
1BF83342;1;CSF;1;Siwash Property;MAIN;36;;;
1BF83342;2;SOF;2;Siwash Property;MAIN;36;;;
1BF83342;3;THR;2;Siwash Property;MAIN;38;;;
1BF233CE;1;CSF;1;Zafranal Main Zone;MAIN;48|55;;;
1BF233CE;2;TRP;2;Zafranal Main Zone;MAIN;54|55;;;
1BF233CE;3;SOF;2;Zafranal Main Zone;MAIN;54;;;
1BF233CE;4;SHZC;2;Zafranal Main Zone;MAIN;54;;;
1BF233CE;5;FLD;2;Zafranal Main Zone;MAIN;54;;;
1BF233CE;6;INT;2;Zafranal Main Zone;MAIN;54;;;
1BF233CE;7;SSF;2;Zafranal Main Zone;MAIN;55;;;
1C8A1908;1;THR;2;Gnat Pass;MAIN;77;;;
1D4B9831;2;INT;2;Rio 27;MAIN;38|39;;;
1D0D4AC6;1;CSF;1;Farellon;MAIN;28;1000000.0;;extent:bounded
1D0D4AC6;2;SSF;2;Farellon;MAIN;35;;;
1CE1A525;1;SHZC;1;Santa Rita pit;MAIN;27;45000.0;;
1CE1A525;2;SHZC;2;Santa Rita pit;MAIN;29;;;
1CE1A525;3;BXP;3;Santa Rita pit;MAIN;29;;;
1CE1A525;4;SOF;2;Santa Rita pit;MAIN;27;;;
1D7816FA;1;FLD;N/A;Kuke;MAIN;15|17;;;
1D7816FA;2;THR;N/A;Kuke;MAIN;22;;;
1D7816FA;3;SSF;N/A;Kuke;MAIN;22;;;
1D7816FA;4;NRM;N/A;Kuke;MAIN;22;;;
1D8A274B;1;FLD;1;Skouries;MAIN;64;;;
1DAB9B46;1;BMF;2;El Domo;MAIN;102;;;
1DAB9B46;4;SHZC;1;El Domo;MAIN;102;;;
1E347122;1;TRP;1;Pilar Mine;MAIN;78;;;
1E347122;2;FLW;1;Pilar Mine;MAIN;78;;;
1E347122;3;FLD;2;Pilar Mine;MAIN;77|88;;;
1E347122;4;SHZC;2;Pilar Mine;MAIN;85|88;;;
1E641D70;1;SOF;2;Defesa das Mercês;MAIN;35;;;
1EFEF5B2;1;SHZC;2;Mantle;MAIN;46|50;;;
1F7FA1A5;1;SHZC;1;Zonia;MAIN;68;1000.0;;
1F7FA1A5;3;LTC;2;Zonia;MAIN;68;;;
1F7FA1A5;4;SOF;2;Zonia;MAIN;68;350.0;;extent:range_mean
1F846C00;1;FLD;2;Neves Corvo;MAIN;24;;;
1F846C00;2;THR;2;Neves Corvo;MAIN;24|27;;;
1FE0D1CF;1;SSF;1;Copper Mountain;MAIN;48|49;;;
1FE0D1CF;2;FLD;2;Copper Mountain;MAIN;52;;;
1FFED8AF;2;FLD;2;T-1 Copper Deposit;MAIN;45;;;
20A1FA8D;1;SSF;2;Thompson Knolls;MAIN;38|47;;;
20A1FA8D;2;THR;1;Thompson Knolls;MAIN;38|40|47;;;
20A1FA8D;3;DET;1;Thompson Knolls;MAIN;40|47;;;
20A89ED6;1;BMF;2;Poplar Deposit;MAIN;35;;;
210FE85D;1;SSF;1;Elenita;MAIN;26;;;
210FE85D;2;SSF;2;Elenita;MAIN;29;;;
21506A3E;1;CSF;1;Rio Grande;MAIN;40;;;
21506A3E;2;INT;1;Rio Grande;MAIN;40;;;
21D98492;1;FLD;2;Maturi;MAIN;117;;;
21F453E1;1;INT;1;Bayugo;MAIN;20;;;
21D7121A;1;SSF;1;Chinchillones Complex;MAIN;72|106;10000.0;;
21D7121A;2;BXP;2;Chinchillones Complex;MAIN;80;;;
21D7121A;3;SSF;2;Chinchillones Complex;MAIN;80;;;
21D7121A;4;SSF;1;Chinchillones Complex;MAIN;80;;;
2288E024;1;BMF;2;Escondida;MAIN;15;;;
21F59780;1;SHZC;2;Debarwa;MAIN;47;;;
21F59780;2;FLD;2;Debarwa;MAIN;47;;;
222391FF;1;SHZC;1;Zonia;MAIN;35|38;1000.0;;
222391FF;2;INT;2;Zonia;MAIN;38;;;
222391FF;3;LTC;2;Zonia;MAIN;38;;;
222391FF;4;SOF;2;Zonia;MAIN;38;350.0;;extent:range_mean
229AE0D0;2;GSC;2;Hugo North Extension;MAIN;98;;;
232FC67E;1;THR;2;Guelb Moghrein;MAIN;41;;;
232FC67E;2;FLD;2;Guelb Moghrein;MAIN;41;;;
232FC67E;3;SHZC;2;Guelb Moghrein;MAIN;47|53;;;
23540996;1;FLD;2;Emba Derho;MAIN;28|33|35;;;
23137982;1;MYLC;2;Taca Taca;MAIN;57;;;
23137982;2;NRM;2;Taca Taca;MAIN;57;;;
23137982;3;THR;1;Taca Taca;MAIN;46;;;
237A1EE2;1;THR;1;Sheep Creek;MAIN;33|37|44;;;
237A1EE2;2;BMF;1;Sheep Creek;MAIN;37;;;
237A1EE2;3;THR;2;Sheep Creek;MAIN;37;;;
237A1EE2;4;SOF;2;Sheep Creek;MAIN;46;;;
237A1EE2;5;SSF;2;Sheep Creek;MAIN;37;;;
237A5A29;1;FLD;2;Tomtebo Mine;MAIN;36;;;
237A5A29;2;LTC;2;Tomtebo Mine;MAIN;42|46;;;
2384097C;1;SSF;2;Caribou Dome;MAIN;20;;;
2384097C;2;THR;2;Caribou Dome;MAIN;20|38;;;
23C43C3D;2;INT;2;Copper Mountain;MAIN;41;;;
240A358E;1;THR;1;Johnny Lee;MAIN;56|60;;;
240A358E;2;THR;2;Johnny Lee;MAIN;60;;;
240A358E;3;BMF;1;Johnny Lee;MAIN;60|73;;;
240A358E;4;SOF;2;Johnny Lee;MAIN;69;;;
23EB0062;1;SSF;1;Lansdowne House Igneous Complex;MAIN;61|81|101;600000.0;;
23EB0062;2;SOF;2;Lansdowne House Igneous Complex;MAIN;81|101;;;
23EB0062;3;SHZC;2;Lansdowne House Igneous Complex;MAIN;81|89|91;;;
23EB0062;4;SSF;2;Lansdowne House Igneous Complex;MAIN;81;;;
24025F81;1;SHZC;1;Berta;MAIN;64|65|67|96;;;
24025F81;2;SOF;2;Berta;MAIN;89;350.0;;extent:bounded
24025F81;3;SSF;2;Berta;MAIN;89|90;500.0;;extent:bounded
24025F81;4;GSC;2;Berta;MAIN;89;;;
24025F81;5;SOF;2;Berta;MAIN;79|81;;;
24025F81;6;INT;2;Berta;MAIN;79;;;
242A3764;1;THR;1;Nussir;MAIN;87;;;
242A3764;2;SHZC;1;Nussir;MAIN;87;;;
242A3764;3;FLD;1;Nussir;MAIN;83;;;
24367B87;1;SSF;1;Arroyos Azules;MAIN;42|43;;;
24367B87;2;SOF;2;Arroyos Azules;MAIN;42|43;;;
24367B87;3;CSF;1;Arroyos Azules;MAIN;47;;;
24367B87;4;INT;2;Arroyos Azules;MAIN;47;;;
24367B87;5;FLD;2;Arroyos Azules;MAIN;47;;;
24C70B17;1;FLD;2;Kay Mine;MAIN;5|18;;;
24902640;1;LFT;N/A;Yerington Deposit;MAIN;96;;;
24902640;2;SSF;1;Yerington Deposit;MAIN;102;;;
254E646D;1;SSF;1;Salobo;MAIN;33|34;;;
254E646D;2;TRP;1;Salobo;MAIN;33|34;;;
254E646D;3;SHZC;1;Salobo;MAIN;34;;;
254E646D;4;SHZC;2;Salobo;MAIN;34;;;
248354B2;3;INT;2;Cañariaco Norte;MAIN;65;;;
25EBA9FA;1;BMF;2;Kona;MAIN;41;;;
25EBA9FA;2;THR;2;Kona;MAIN;44|45;;;
25CBE541;1;THR;1;Taca Taca;MAIN;32;;;
25CBE541;2;MYLC;2;Taca Taca;MAIN;43;;;
25CBE541;3;NRM;2;Taca Taca;MAIN;43;;;
256FDE04;1;SSF;1;Mount Milligan;MAIN;78|79;;;
256FDE04;2;SSF;2;Mount Milligan;MAIN;78|79|81;;;
256FDE04;3;NRM;2;Mount Milligan;MAIN;78;;;
266EF03A;1;FLD;1;El Corral;MAIN;21;;;
266EF03A;2;CSF;1;El Corral;MAIN;21;;;
262068C3;1;BMF;1;Pumpkin Hollow;MAIN;31|101;;;
262068C3;2;LFT;1;Pumpkin Hollow;MAIN;31|101;;;
262068C3;3;LFT;2;Pumpkin Hollow;MAIN;32|110;;;
262068C3;4;INC;2;Pumpkin Hollow;MAIN;106;;;
262068C3;5;LTC;2;Pumpkin Hollow;MAIN;106;;;
26EA3216;1;FLD;2;Ghanzi;MAIN;23|25|26;;;
27461FA9;1;SHZC;1;Valley deposit;MAIN;19|20;;;
27461FA9;2;INT;2;Valley deposit;MAIN;20;;;
270360D0;1;THR;1;Empire Mine;MAIN;44;;;
270360D0;2;BMF;1;Empire Mine;MAIN;44;;;
270360D0;3;FLD;2;Empire Mine;MAIN;42|44;;;
270360D0;4;INC;2;Empire Mine;MAIN;41|43;;;
270360D0;5;BXP;2;Empire Mine;MAIN;43|45;;;
2742A5BB;2;CSF;1;Central Zone;MAIN;63|67;;;
273AFB3A;1;THR;1;Empire Mine;MAIN;43;;;
273AFB3A;2;BMF;2;Empire Mine;MAIN;43;;;
273AFB3A;3;BXP;2;Empire Mine;MAIN;42|44;;;
273AFB3A;4;SHZC;2;Empire Mine;MAIN;43|44;;;
27C5C4F5;1;SSF;2;Johnson Camp Mine;MAIN;53|55;;;
27C5C4F5;2;THR;2;Johnson Camp Mine;MAIN;53;;;
27F8E9FB;1;SHZC;2;UMZ;MAIN;31|34;;;
279FF237;1;THR;1;Valeriano;MAIN;35;;;
2850466D;1;CSF;1;Alpala;MAIN;58;;;
2850466D;2;SHZC;1;Alpala;MAIN;58|59|60;;;
2850466D;3;TRP;1;Alpala;MAIN;60;;;
2850466D;4;SOF;2;Alpala;MAIN;63;;;
2850466D;5;SOF;3;Alpala;MAIN;63;;;
2850466D;6;INT;2;Alpala;MAIN;63;;;
2850466D;7;THR;1;Alpala;MAIN;64;;;
2850466D;8;SSF;2;Alpala;MAIN;65;;;
285BCFF0;1;FLD;2;McIlvenna Bay;MAIN;56;;;
28784297;6;THR;2;Contact Fault;MAIN;125|142|145;;;
28784297;8;FLW;2;Heruga;MAIN;156;;;
28784297;9;FLD;2;Heruga;MAIN;156|157;;;
28BA8081;1;BMF;2;Amy Lake Zone;MAIN;26|32|33;;;
28BA8081;2;SOF;2;Amy Lake Zone;MAIN;26|32|34;;;
28BA8081;3;SSF;2;Amy Lake Zone;MAIN;26|32|34;;;
28BA8081;4;INT;3;Amy Lake Zone;MAIN;40;;;
28E547C3;1;SSF;1;Cathedral Area;MAIN;39;;;
28E547C3;2;THR;2;Cathedral Area;MAIN;39|40;;;
28E547C3;3;SSF;2;Cathedral Area;MAIN;40;;;
28E547C3;4;JOG;1;Cathedral Area;MAIN;39;;;
291D03B0;1;JOG;2;Vaquillas Mine;MAIN;61;;;
291D03B0;2;SSF;1;Vaquillas Mine;MAIN;53|61;;;
29C62E19;2;SHZC;2;La Guanaca;MAIN;19;;;
2A893C12;1;SSF;2;Cozamin;MAIN;67;;;
2A893C12;2;SOF;2;Cozamin;MAIN;67;;;
2A08A0D0;1;SSF;1;Iron Mountain Fault Zone;MAIN;68;90000.0;;extent:bounded
2A08A0D0;2;MYLC;2;Iron Mountain Fault Zone;MAIN;68;;;
2A08A0D0;3;SOF;2;Iron Mountain Fault Zone;MAIN;79;;;
2A98D528;1;SHZC;N/A;Venapai;MAIN;16|17|18;80.0;;extent:range_mean
2B09FC0B;2;INC;2;Sombrero Main/Nioc Project;MAIN;79;;;
2A99EB42;1;CSF;1;Hugo Dummett;MAIN;121|133;;;
2A99EB42;4;THR;2;Hugo Dummett;MAIN;129|132|141;;;
2B1F2E57;1;THR;2;Copperwood Deposit;MAIN;107;;;
2B1F2E57;3;FLD;2;Copperwood Deposit;MAIN;100|114;;;
2B1F2E57;4;THR;1;Copperwood Deposit;MAIN;97|98;;;
2B258E75;1;SSF;1;Santo Domingo;MAIN;39;1200000.0;;extent:bounded
2B258E75;2;SSF;2;Santo Domingo;MAIN;51|68;7000.0;;
2B258E75;3;THR;2;Santo Domingo;MAIN;51;;;
2B3B4DE8;1;CSF;1;Coppercorp Property IOCG;MAIN;43;;;
2B3B4DE8;2;CLD;2;Coppercorp Property IOCG;MAIN;43;;;
2B74DF9A;1;SHZC;2;Gibraltar Mine;MAIN;59|62|63|64;3000.0;;extent:approx_magnitude
2B74DF9A;2;THR;2;Gibraltar Mine;MAIN;63;;;
2B74DF9A;3;THR;3;Gibraltar Mine;MAIN;63;;;
2C29F87F;1;FLD;2;Emba Derho;MAIN;49|58|61;;;
2C8B78F3;1;THR;2;Marymac;MAIN;30;;;
2C8B78F3;2;FLD;2;Marymac;MAIN;31;;;
2BF77B51;1;SSF;1;Lansdowne House Igneous Complex;MAIN;61|81|101;600000.0;;
2BF77B51;2;SOF;2;Lansdowne House Igneous Complex;MAIN;81|101;;;
2BF77B51;3;SHZC;2;Lansdowne House Igneous Complex;MAIN;81;;;
2CBCDE37;1;GSC;1;B26 deposit;MAIN;33|48;;;
2CADA11E;1;SOF;2;Carmacks Copper deposit;MAIN;28;;;
2D62AB91;1;SHZC;2;Spout Deposit;MAIN;54;;;
2D62AB91;2;SSF;3;Spout Deposit;MAIN;54|58;;;
2E7C4864;1;DET;1;Ann Mason;MAIN;86;;;
2E7C4864;2;SOF;2;Ann Mason;MAIN;86|88;;;
2E7C4864;3;INC;2;Ann Mason;MAIN;83|87;;;
2EBAFD26;1;SSF;1;Marimaca;MAIN;36|39;;;
2EBAFD26;2;SHZC;2;Marimaca;MAIN;39|46;3000.0;;extent:bounded
2EBAFD26;3;SOF;2;Marimaca;MAIN;48;;;
2F48CA8E;1;DET;1;Buckhorn;MAIN;20|28;;;
2F48CA8E;2;SSF;1;Buckhorn;MAIN;20|40;;;
2F48CA8E;3;SHZC;3;Buckhorn;MAIN;27;;;
2F701B56;1;THR;2;Pinto Valley;MAIN;27|39;;;
2F701B56;2;BMF;2;Pinto Valley;MAIN;27|39;;;
3099DE4F;1;SHZC;2;Jiama;MAIN;31;;;
3099DE4F;2;THR;2;Jiama;MAIN;31;;;
3099DE4F;3;DET;2;Jiama;MAIN;31;;;
3099DE4F;4;FLD;2;Jiama;MAIN;31;;;
3099DE4F;5;LTC;2;Jiama;MAIN;31;;;
30BB8DD6;1;CSF;1;Mocoa;MAIN;31;;;
30750494;1;CSF;1;Nicolet Property;MAIN;36;;;
30750494;2;THR;1;Nicolet Property;MAIN;40|41;;;
30750494;3;SHZC;2;Nicolet Property;MAIN;68|69;;;
309B8140;1;SSF;1;Lagalochan;MAIN;37;;;
309B8140;2;SOF;2;Lagalochan;MAIN;37;;;
30E1D533;4;INT;2;Bolivar;MAIN;24;;;
313B0DE0;1;THR;1;Hushamu;MAIN;43;;;
313B0DE0;2;SSF;2;Hushamu;MAIN;43;;;
313B0DE0;3;NRM;2;Hushamu;MAIN;44;;;
315AC65A;1;THR;1;Luisha South;MAIN;31;;;
315AC65A;3;SSF;2;Luisha South;MAIN;32;;;
31B6E7C4;4;INC;2;3C deposit;MAIN;26|46;;;
31D1916C;1;FLD;2;Samalayuca;MAIN;42;;;
31D1916C;2;SSF;2;Samalayuca;MAIN;42|45;;;
31D1916C;3;THR;2;Samalayuca;MAIN;45;;;
31EDC649;1;FLD;2;Mokambo;MAIN;48|49;;;
31EDC649;2;THR;2;Mokambo;MAIN;49;;;
31EDC649;3;FLD;1;Mokambo;MAIN;48;;;
31FB98BD;3;NRM;2;Josemaría;MAIN;63;;;
31FD91FE;2;DET;N/A;Sentinel;MAIN;54|55|56|60;;;
31FD91FE;3;FLD;N/A;Sentinel;MAIN;54|55|56|60;;;
321FCB96;1;CSF;1;Mount Milligan;MAIN;56;;;
321FCB96;2;SHZC;2;Mount Milligan;MAIN;56;70.0;;extent:bounded
327289CF;1;SHZC;1;Yauricocha;MAIN;68;;;
327289CF;2;FLD;2;Yauricocha;MAIN;67;;;
327289CF;3;GSC;2;Yauricocha;MAIN;68;;;
327289CF;4;INC;2;Yauricocha;MAIN;68;;;
32B4F3C8;1;SHZC;2;Grizzly Prospect;MAIN;23;;;
32B4F3C8;2;INC;2;Grizzly Prospect;MAIN;23;;;
310B90D0;1;THR;2;Harper Creek;MAIN;58|59;;;
310B90D0;2;MYLC;2;Harper Creek;MAIN;59|60;;;
33B27A47;1;INT;2;Warintza Central;MAIN;39;;;
33B2BE91;1;CSF;1;Valley;MAIN;42;;;
33B2BE91;2;INT;2;Valley;MAIN;42;;;
33BF1AD1;1;THR;2;Minto Deposit;MAIN;52;;;
3429A200;1;CSF;1;Gold Lake;MAIN;18|19;;;
3429A200;2;INT;2;Gold Lake;MAIN;21|28;;;
33E3DC0A;1;SHZC;2;Copper Prince;MAIN;17|21;;;
33E3DC0A;2;MYLC;2;Copper Prince;MAIN;21;;;
3400CC6F;1;INT;2;Main Zone;MAIN;61;;;
34144819;1;SSF;2;Donnelly;MAIN;30;;;
34144819;2;FLD;2;Donnelly;MAIN;30;;;
3462679A;1;FLD;2;Kay Deposit;MAIN;98|99;;;
34B15861;1;FLD;1;Dick Creek;MAIN;34;;;
34B15861;2;SHZC;1;Dick Creek;MAIN;34;;;
34B15861;3;SHZC;2;Dick Creek;MAIN;38;;;
34B15861;4;INC;2;Dick Creek;MAIN;34|38|50;;;
3523D2F6;1;INC;2;Cobrasco-Comita;MAIN;50|65;;;
359722A2;1;SSF;1;Sase Project;MAIN;29|30;15000.0;;
359722A2;2;INT;2;Sase Project;MAIN;29;;;
359722A2;3;SOF;2;Sase Project;MAIN;30;;;
357554E9;2;SOF;3;Jewelry Box;MAIN;39;;;
36302092;1;CSF;1;CIM Property Porphyry Target;MAIN;14|19|20;;;
35C7958E;3;INT;2;Cañariaco Norte;MAIN;23|25;;;
36B53299;1;FLD;2;Haquira;MAIN;53;;;
36B53299;2;THR;2;Haquira;MAIN;53;;;
3642F95C;1;SSF;1;Hill 1835;MAIN;31;16093.4;;extent:bounded
3642F95C;2;SSF;1;Hill 1835;MAIN;31;;;
3642F95C;4;SHZC;2;Hill 1835;MAIN;32;91.4;;extent:approx_magnitude
3637053E;1;CSF;1;Sierra Gorda;MAIN;51;;;
3637053E;3;INT;2;Sierra Gorda;MAIN;52;;;
3752223A;1;INT;2;Vizcachitas;MAIN;30;;;
3752223A;2;BXP;2;Vizcachitas;MAIN;32;;;
371DA4F2;2;BMF;2;El Domo;MAIN;58;;;
371DA4F2;3;SHZC;2;El Domo;MAIN;58;;;
371DA4F2;4;SHZC;1;El Domo;MAIN;58;;;
37E5FB33;1;INC;2;Copper Mountain;MAIN;23;;;
37E5FB33;2;INT;2;Copper Mountain;MAIN;23;;;
383E6CFF;2;DET;2;Cerro Verde;MAIN;33;;;
385644EB;1;INT;2;Sue-Dianne;MAIN;36;;;
3883E73D;1;THR;1;Regalito;MAIN;69;;;
3883E73D;2;SSF;2;Regalito;MAIN;69;;;
38A14904;1;SOF;2;Los Helados;MAIN;45;;;
38B826DA;1;SSF;1;Solwara 1;MAIN;46;;;
38B826DA;3;INT;2;Solwara 1;MAIN;46;;;
38F2CC99;1;INT;2;Cerro Barco;MAIN;72;;;
38F2CC99;2;CSF;1;Cerro Barco;MAIN;72|99|101;;;
3935D41A;1;CSF;1;Planalto;MAIN;61|63|71;;;
3935D41A;2;THR;2;Planalto;MAIN;63|71;;;
3935D41A;3;SOF;2;Planalto;MAIN;61|63;;;
39463288;1;THR;1;Taca Taca Bajo;MAIN;31;;;
39463288;2;MYLC;2;Taca Taca Bajo;MAIN;31;;;
390CFBF7;1;SSF;1;Kwanika Central;MAIN;51|63|64;;;
390CFBF7;2;SSF;2;Kwanika Central;MAIN;55|63;;;
390CFBF7;3;JOG;2;Kwanika Central;MAIN;63|64;;;
390CFBF7;4;INT;2;Kwanika Central;MAIN;64;;;
397B0570;1;CSF;1;Berta;MAIN;77|78|110;50000.0;;extent:bounded
397B0570;2;INT;2;Berta;MAIN;93;;;
397B0570;4;GSC;2;Berta;MAIN;103;;;
39BB80BB;1;THR;2;Hushamu Deposit;MAIN;17;;;
3A6C7B48;1;FLD;2;Emba Derho;MAIN;37|47;;;
3A6C7B48;2;FLD;1;Emba Derho;MAIN;34;;;
3A8DFB21;1;CSF;1;Los Helados;MAIN;52|54;;;
3A8DFB21;2;INT;2;Los Helados;MAIN;54;;;
3AB613B6;1;SHZC;2;Saddle North;MAIN;85;;;
3AB613B6;2;SOF;2;Saddle North;MAIN;85;;;
3AB613B6;3;SOF;3;Saddle North;MAIN;85;;;
3AB0BC78;1;SSF;2;La Fortuna;MAIN;45;;;
3AB0BC78;2;THR;1;La Fortuna;MAIN;44|45;;;
3ACBCEA7;1;FLD;2;Kay Mine;MAIN;5|19;;;
3ADD0C5C;1;SSF;1;El Alacran;MAIN;30;;;
3ADD0C5C;2;FLD;1;El Alacran;MAIN;42;;;
3BAB3D19;1;CSF;1;Santo Domingo Sur;MAIN;40;1200000.0;;extent:bounded
3BAB3D19;2;SSF;1;Santo Domingo Sur;MAIN;45;7000.0;;
3B4571E3;1;SHZC;2;Katie prospect;MAIN;13|15|19|24;;;
3B80118F;1;SSF;1;Chita Porphyry;MAIN;36|41;;;
3B80118F;2;THR;1;Chita Porphyry;MAIN;36|41;;;
3B80118F;3;INT;1;Chita Porphyry;MAIN;36;;;
3CD78E97;1;SOF;2;Mahab 4;MAIN;36;;;
3CB1D357;1;FLD;1;Berg Deposit;MAIN;29;;;
3CB1D357;2;INC;2;Berg Deposit;MAIN;37;;;
3C01B775;1;SHZC;2;Cortadera;MAIN;163|167;;;
3C01B775;2;INT;2;Cortadera;MAIN;175;;;
3CF28AF9;1;TRP;2;Los Helados;MAIN;48|50;10000.0;;extent:bounded
3CF28AF9;2;THR;1;Los Helados;MAIN;46|48;;;
3CF3A5AA;1;SHZC;2;Pebble deposit;MAIN;58;2993.4;;extent:bounded
3CF3A5AA;2;SSF;1;Pebble deposit;MAIN;51;;;
0295D9BC;1;CSF;1;Eaglehead Project;MAIN;50;;;
0295D9BC;2;CSF;1;Eaglehead Project;MAIN;50|56;;;
113E0961;1;BXP;2;Tower deposit;MAIN;54;;;
128E3DD7;1;CSF;1;Sugarloaf;MAIN;32;;;
2DC58281;1;INT;1;Arroyos Azules;MAIN;39|43;;;
2DC58281;2;FLD;2;Arroyos Azules;MAIN;43|47;;;
C8AFD621;1;THR;1;Reliquias Mine;MAIN;42;;;
C8AFD621;2;TRT;2;Reliquias Mine;MAIN;42;;;
C8AFD621;3;TRP;2;Reliquias Mine;MAIN;45|60;;;
CCFE7D7E;1;CSF;1;Cerro Las Minitas;MAIN;22;;;
CCFE7D7E;2;BMF;1;Cerro Las Minitas;MAIN;30;;;
CCFE7D7E;3;FLD;2;Cerro Las Minitas;MAIN;30;;;
CCFE7D7E;4;SOF;2;Cerro Las Minitas;MAIN;30;;;
DD09D7E2;1;SHZC;2;Randy;MAIN;68;;;
DD09D7E2;3;INC;2;Randy;MAIN;71;;;
EE9A3FAA;1;SHZC;2;Surluga;MAIN;64;3200.0;;
30FF3DB6;1;SSF;1;Arroyos Azules;MAIN;57;;;
30FF3DB6;2;SOF;2;Arroyos Azules;MAIN;57;;;
30FF3DB6;3;INT;2;Arroyos Azules;MAIN;62;;;
30FF3DB6;4;FLD;2;Arroyos Azules;MAIN;62;;;
360D735B;1;CSF;1;Peterson Lake Veins;MAIN;27;300000.0;;extent:approx_magnitude
360D735B;2;NRM;2;Peterson Lake Veins;MAIN;29;;;
0094DD97;1;FLD;1;Trefi Property;MAIN;21|27;;;
0094DD97;2;FLD;2;Trefi Property;MAIN;21|27;;;
0094DD97;4;THR;1;Trefi Property;MAIN;21;;;
013FB6D5;1;THR;2;Halfmile Lake;MAIN;66|67;;;
013FB6D5;2;FLD;2;Halfmile Lake;MAIN;66;;;
013FB6D5;3;FLD;3;Halfmile Lake;MAIN;66;;;
00A34F0F;1;BXP;2;Skynner Lake;MAIN;27|29;4000.0;;extent:bounded
00A34F0F;3;LTC;2;Skynner Lake;MAIN;28;;;
009AA5D0;1;FLD;2;Lunny Property;MAIN;41;;;
00B1F975;1;SHZC;1;Laura Lake property;MAIN;53|64;;;
00B1F975;5;SOF;2;Laura Lake property;MAIN;64|74|76;;;
00B1F975;6;FLD;1;Laura Lake property;MAIN;52|64;;;
01606B63;2;SSF;1;Whistler deposit;MAIN;22;;;
017966EB;1;MYLC;1;Las Aguilas;MAIN;26|29;;;
017C755D;1;CLD;1;North Zone;MAIN;53;;;
017C755D;2;BXP;2;North Zone;MAIN;54;;;
017C755D;3;INC;2;North Zone;MAIN;71;;;
01A35857;1;SSF;2;Redstone;MAIN;32|33;;;
01A35857;2;THR;2;Redstone;MAIN;33;;;
01859F86;1;CLD;1;Cieneguita;MAIN;21;;;
0190ECEE;1;CSF;1;Santa Rita;MAIN;42;100000.0;;extent:bounded
0190ECEE;2;TRP;1;Santa Rita;MAIN;38;;;
0190ECEE;3;FLD;2;Santa Rita;MAIN;38;;;
02AE1348;1;BMF;1;Carbon Project Coal;MAIN;17;;;
01E163AF;1;DET;1;Jubilee;MAIN;20;;;
01E163AF;2;BMF;2;Jubilee;MAIN;20|24;;;
01E163AF;3;INT;2;Jubilee;MAIN;24;;;
01C5D8EC;1;FLD;1;NISK-1;MAIN;24;;;
02A73698;1;SSF;2;Cerro del Gallo;MAIN;33;;;
02A73698;2;CSF;1;Cerro del Gallo;MAIN;32;;;
02F4CBC5;1;FLD;2;Woodlawn deposit;MAIN;61|62;;;
02F4CBC5;2;SSF;2;Woodlawn deposit;MAIN;62|70;;;
03E61789;1;SHZC;1;Mavres Petres;MAIN;14|16;;;
03E61789;2;FLD;2;Mavres Petres;MAIN;14|16;;;
032BD052;1;NRM;2;Agi Dagi;MAIN;29;;;
032BD052;2;SSF;2;Agi Dagi;MAIN;29;;;
032BD052;3;INT;2;Agi Dagi;MAIN;29;;;
03FB8BC7;1;CSF;1;109 PMLs;MAIN;31;;;
03FB8BC7;2;SHZC;2;109 PMLs;MAIN;28;;;
03FB8BC7;3;INT;2;109 PMLs;MAIN;35;;;
03FA96B7;1;SHZC;1;Gahcho Kué Cluster;MAIN;42;;;
03FA96B7;2;SOF;2;Gahcho Kué Cluster;MAIN;42;;;
03FA96B7;3;FLD;2;Gahcho Kué Cluster;MAIN;42;;;
049A455C;1;CSF;1;Juno;MAIN;13;;;
04583154;1;FLD;1;Jam - Bell Lake Zone;MAIN;14|48|53|56|59|73;;;
04583154;2;SHZC;2;Jam - Bell Lake Zone;MAIN;56|75|76;;;
04583154;3;BXP;2;Jam - Bell Lake Zone;MAIN;72;;;
04583154;4;LTC;2;Jam - Bell Lake Zone;MAIN;72;;;
04583154;5;FLD;2;Jam - Bell Lake Zone;MAIN;72|73;;;
0487AD30;1;CSF;1;Marmato;MAIN;62|65;;;
0487AD30;2;ENE;3;Marmato;MAIN;65;;;
05241855;1;SHZC;1;Cognac Property;MAIN;11;;;
04C2B186;1;SHZC;2;Solomon Shear;MAIN;34|35|51;1609.3;;
04C2B186;2;SOF;2;Solomon Shear;MAIN;34|36;;;
04C2B186;3;THR;N/A;Solomon Shear;MAIN;39;;;
04A302F6;1;THR;1;Cannivan Gulch;MAIN;13;;;
04A302F6;2;FLD;1;Cannivan Gulch;MAIN;13;;;
04A302F6;3;FLD;2;Cannivan Gulch;MAIN;22;;;
04A302F6;5;INC;2;Cannivan Gulch;MAIN;22;;;
0517112B;1;BMF;1;Ulo Ulo;MAIN;14;;;
055152ED;1;SHZC;1;Kamila;MAIN;70;10000.0;;
055152ED;2;SSF;2;Kamila;MAIN;73;;;
055152ED;4;INT;2;Kamila;MAIN;73;;;
060C9CFF;1;DOM;2;Fortuna;MAIN;39;;;
055F5372;1;SSF;1;Nixon Fork;MAIN;33|35;;;
055F5372;2;FLD;2;Nixon Fork;MAIN;38|45;24000.0;;extent:bounded
055F5372;4;FLD;3;Nixon Fork;MAIN;45;;;
058CB5FA;1;FLD;2;Tabuaço Skarns;MAIN;17|19;;;
058CB5FA;2;INC;2;Tabuaço Skarns;MAIN;17|20;;;
06499911;1;BMF;1;Rodeo;MAIN;29;;;
06499911;2;SHZC;2;Rodeo;MAIN;29;;;
05F6A6C1;1;NRM;2;Santa Cecilia;MAIN;38;;;
075A8E2A;1;SOF;2;Briggs;MAIN;32;9656.0;;extent:bounded
075A8E2A;2;SHZC;2;Briggs;MAIN;32|33;;;
075A8E2A;3;DET;2;Briggs;MAIN;33;;;
075A8E2A;4;FLD;3;Briggs;MAIN;32;;;
075A8E2A;5;TRT;1;Briggs;MAIN;33;;;
06D57437;1;THR;1;Money Knob;MAIN;19|20;;;
06D57437;2;FLD;2;Money Knob;MAIN;20;;;
0766109B;1;BMF;1;Topacio Vein System;MAIN;13;;;
0766109B;2;BMF;2;Topacio Vein System;MAIN;13;;;
0766109B;3;SSF;2;Topacio Vein System;MAIN;15;;;
06F7A932;1;BMF;1;Marifil Lithium Properties;MAIN;30;;;
06F7A932;2;THR;1;Marifil Lithium Properties;MAIN;17|21|22;;;
075931F5;1;MYLC;2;David;MAIN;20|21|31;;;
075931F5;2;SSF;1;David;MAIN;20|31;1000.0;;extent:approx_magnitude
075931F5;3;SHZC;3;David;MAIN;31|32;;;
0772A3C4;1;DET;1;Main Breccia Zone;MAIN;26;;;
0772A3C4;2;SOF;2;Main Breccia Zone;MAIN;26;;;
0772A3C4;3;THR;2;Main Breccia Zone;MAIN;26;;;
0800D1A5;2;SOF;2;San Dimas District;MAIN;39;;;
081EF0CC;1;FLD;2;Agnew Lake Mine;MAIN;34;;;
081EF0CC;2;SSF;2;Agnew Lake Mine;MAIN;34;;;
081EF0CC;3;BMF;1;Agnew Lake Mine;MAIN;38;;;
08731BAE;1;THR;1;Apple;MAIN;35;;;distance:unparseable
08731BAE;2;SHZC;1;Apple;MAIN;42;3000.0;;extent:approx_magnitude
08731BAE;3;THR;2;Apple;MAIN;42;;;
07F24680;1;SHZC;2;Groete Creek;MAIN;27|28;2000.0;;extent:bounded
08E3F035;1;FLD;N/A;Bur Zone;MAIN;26|33;;;
08A89ACA;1;CSF;1;Timginn;MAIN;9;;;
08A73147;1;CSF;1;Vein Zone;MAIN;24;;;
08A73147;2;INT;2;Vein Zone;MAIN;26|29;;;
08A73147;3;JOG;2;Vein Zone;MAIN;26|29;;;
08A73147;4;LTC;2;Vein Zone;MAIN;26;;;
0887207E;1;CSF;1;Pinaya;MAIN;28|32|33;;;
0887207E;2;SHZC;2;Pinaya;MAIN;35|36;;;
0887207E;3;INT;2;Pinaya;MAIN;32|36;;;
0887207E;4;SSF;2;Pinaya;MAIN;36;;;
08FC930A;1;SSF;1;Jenner Stock;MAIN;33|36;;;
08FC930A;2;THR;2;Jenner Stock;MAIN;39;;;
0953F27A;1;BMF;1;Coles Hill;MAIN;32|33|34;;;
0965C0FF;1;JOG;2;Milnet Mine;MAIN;51|52;;;
0965C0FF;2;INC;1;Milnet Mine;MAIN;51|54;;;
096C8780;1;INT;2;Mt. Haskin;MAIN;20|30;;;
094C45E0;1;CSF;1;Anomaly A / Oshiveli;MAIN;31;;;
094C45E0;2;SHZC;2;Anomaly A / Oshiveli;MAIN;36;;;
09B8FBCA;2;SOF;N/A;Middle Ridge;MAIN;21;;;
09B8FBCA;3;SOF;N/A;Middle Ridge;MAIN;22;;;
09A50CEE;1;CSF;1;Huangshan;MAIN;57|60|68|71;;;
09A50CEE;2;THR;2;Huangshan;MAIN;62;;;
09A50CEE;3;INC;2;Huangshan;MAIN;63|68;;;
09A50CEE;5;FLD;2;Huangshan;MAIN;62|63|68;;;
09CE0318;1;SHZC;2;No. 2 Ni showing;MAIN;31;;;
09D8A764;1;BMF;1;Las Carolinas;MAIN;20;;;
0A140538;1;SSF;1;Montgomery Pass;MAIN;9;;;
0A140538;2;SSF;1;Montgomery Pass;MAIN;9|10;4828.0;;
0A140538;3;NRM;2;Montgomery Pass;MAIN;10;;;
0A9F151C;1;THR;1;Hakkari Zinc Project;MAIN;26|60;;;
0A9F151C;2;THR;2;Hakkari Zinc Project;MAIN;44|60;;;
0A9F151C;3;FLD;2;Hakkari Zinc Project;MAIN;44|60|61|63;;;
0A9F151C;4;SHZC;2;Hakkari Zinc Project;MAIN;61;;;
0AC926A7;1;FLD;1;Aappaluttoq;MAIN;41|73;;;
0AC926A7;2;FLD;2;Aappaluttoq;MAIN;41|72|73;;;
0ACC5BBB;1;CLD;1;Atlanta Mine;MAIN;21|23;1212.0;;extent:from_metric_paren
0ACC5BBB;2;SOF;2;Atlanta Mine;MAIN;21|23;366.0;;extent:bounded|extent:from_metric_paren
0ACC5BBB;3;INT;2;Atlanta Mine;MAIN;23;;;
0ADBF86C;1;BMF;1;Big Smoky Valley;MAIN;18|19|20;;;
0ADBF86C;2;BMF;2;Big Smoky Valley;MAIN;30;;;
0ADBF86C;3;SSF;1;Big Smoky Valley;MAIN;18;;;
0B13B013;1;SHZC;2;Lac Escale Project;MAIN;16|17|21;;;
0B13B013;2;FLD;3;Lac Escale Project;MAIN;16|18|19;;;
0B2EF4CE;1;SHZC;1;Uncle Sam;MAIN;26;;;
0B2EF4CE;2;SOF;2;Uncle Sam;MAIN;26;;;
0B2EF4CE;3;SHZC;2;Uncle Sam;MAIN;26|29;;;
0B2EF4CE;4;DET;2;Uncle Sam;MAIN;29;;;
0B2EF4CE;5;FLD;1;Uncle Sam;MAIN;26;;;
0B41D8B1;1;CSF;1;Tex-Sol Showing;MAIN;17|20;;1000.0;
0BAD8452;1;SSF;N/A;Silver Bell-St. Lawrence;MAIN;15;;;
0BAD8452;2;INT;N/A;Silver Bell-St. Lawrence;MAIN;18;;;
0BAD8452;3;SHZC;N/A;Silver Bell-St. Lawrence;MAIN;21;;;
0B3CE050;1;SSF;1;La Josefina;MAIN;31|35;10000.0;;
0B3CE050;2;INT;2;La Josefina;MAIN;40;;;
0B3CE050;3;ENE;3;La Josefina;MAIN;40;;;
0B8D3E5F;1;THR;1;Little River Prospect;MAIN;57|72;300.0;1000.0;extent:approx_magnitude|distance:bounded
0B8D3E5F;2;FLD;2;Little River Prospect;MAIN;50|56|73|74;;;
0B8D3E5F;3;SSF;2;Little River Prospect;MAIN;74;;;
0BC295E4;2;FLD;2;Brynnor deposit;MAIN;11;;;
0C4B2A0B;1;BMF;1;Carolina kimberlite pipe;MAIN;25;;;
0C4B2A0B;2;SOF;2;Carolina kimberlite pipe;MAIN;49;;;
0BD632CA;1;SSF;1;Carla Licences;MAIN;26|30;;;
0BD632CA;2;INT;2;Carla Licences;MAIN;31;;;
0BD632CA;3;ENE;3;Carla Licences;MAIN;28|30;;;
0C4D5621;1;FLD;1;Deep River;MAIN;22;;;
0C4D5621;2;FLD;2;Deep River;MAIN;30|41;;;
0C4D5621;3;SHZC;3;Deep River;MAIN;36|41;;;
0C4D5621;4;LTC;2;Deep River;MAIN;35;;;
0D134149;1;SHZC;1;Lac Anctil;MAIN;18|23;;;
0D134149;2;FLD;1;Lac Anctil;MAIN;18;;;
0D134149;3;FLD;3;Lac Anctil;MAIN;24;;;
0CBB8F6D;1;SHZC;2;Victory Lake;MAIN;28;;;
0D26D02E;1;SHZC;2;Franto;MAIN;16;;;
0CFDD828;2;INT;2;Calerita;MAIN;26;;;
0CEA718C;1;CSF;1;Sahavaara;MAIN;49|50;150000.0;;extent:bounded
0CC8407C;1;SHZC;2;Lac Pau;MAIN;11|14|15;;;extent:unparseable
0CC8407C;2;FLD;1;Lac Pau;MAIN;11;;;
0CC8407C;3;SHZC;1;Lac Pau;MAIN;11;;;
0CC8407C;4;FLD;2;Lac Pau;MAIN;14;;;
0CC8407C;5;GSC;2;Lac Pau;MAIN;15|27;;;
0D4C0FF7;1;INC;2;Surdulica;MAIN;35|40;;;
0D531FB9;1;SHZC;1;Kargysh;MAIN;21|23;;;
0D531FB9;2;FLD;2;Kargysh;MAIN;26;;;
0D531FB9;3;LTC;2;Kargysh;MAIN;26;;;
0D531FB9;4;SHZC;2;Kargysh;MAIN;26;;;
0D531FB9;5;INC;2;Kargysh;MAIN;26;;;
0E3371F6;1;CSF;1;Echandia;MAIN;56|61;;;
0E62BCCC;1;SSF;2;QDD;MAIN;75|80;;;
0E62BCCC;2;SSF;1;QDD;MAIN;75;2000.0;;
0E62BCCC;3;FLD;2;QDD;MAIN;72|80|81;;;
0E62BCCC;4;FLW;2;QDD;MAIN;75;;;
0DCBCD9D;1;THR;2;Dombraly;MAIN;30;;;
0DCBCD9D;2;SOF;2;Dombraly;MAIN;30;;;
0DCBCD9D;3;ENE;3;Dombraly;MAIN;30;;;
0DCBCD9D;4;FLD;2;Dombraly;MAIN;30;;;
0E93F954;1;BMF;2;St-Urbain Ilmenite;MAIN;20|21|25;;;
0EBA9A06;1;SHZC;2;JJ Main;MAIN;35|37;;;
0EFA2502;1;FLD;1;Ateba Property Uranium Mineralization;MAIN;16|20;;;
0F3D8A6E;1;SHZC;1;Northern Zone;MAIN;16;;;
0F3D8A6E;2;JOG;2;Northern Zone;MAIN;16;;;
0F3D8A6E;3;INC;2;Northern Zone;MAIN;16;;;
0F5238E8;1;CLD;1;PCD Lens;MAIN;49;;;
0F480F07;1;FLD;2;Bucko Deposit;MAIN;25|30|37;;;
0F480F07;2;CSF;1;Bucko Deposit;MAIN;24|28;;;
0F529617;1;CLD;2;B Zone;MAIN;31;;;
0F962ECE;1;FLD;1;Lac Levac Ni-Cu Sulfide Zone;MAIN;26;;;
0F962ECE;2;SHZC;2;Lac Levac Ni-Cu Sulfide Zone;MAIN;31;;;
0FF02422;1;SHZC;1;Slumach Zone;MAIN;17|20;200000.0;;extent:bounded
0FF02422;2;THR;N/A;Slumach Zone;MAIN;17;;;
0FF02422;3;INT;2;Slumach Zone;MAIN;17|19;;;
10463E22;1;CLD;1;East Manhattan Project;MAIN;9|11;;;
10463E22;3;INT;2;East Manhattan Project;MAIN;9;;;
10463E22;4;SOF;2;East Manhattan Project;MAIN;11;;;
0FC0BF39;2;FLD;2;Langmuir No. 2;MAIN;50;;;
104F4913;1;SOF;2;Graben;MAIN;75|76;;;
104F4913;2;SHZC;1;Graben;MAIN;75;;;
104F4913;3;BMF;1;Graben;MAIN;75;;;
104F4913;4;INT;2;Graben;MAIN;75;;;
10E39468;1;THR;1;Marropino;MAIN;75|80;170000.0;;extent:bounded
10751597;1;CSF;1;Turnagain;MAIN;50;;;
10F53A44;1;FLD;2;Trairão;MAIN;48|49;;;
10F6855D;1;SSF;1;American Tunnels;MAIN;51;2000000.0;;
10F6855D;2;SOF;2;American Tunnels;MAIN;52|54|57;;;
10F6855D;3;INT;2;American Tunnels;MAIN;57;;;
1110CA54;1;THR;1;Salinas Grandes;MAIN;39|40|52;;;
1110CA54;2;THR;2;Salinas Grandes;MAIN;43|52|74;;;
1110CA54;3;JOG;1;Salinas Grandes;MAIN;40;;;
113BD5B4;1;BMF;2;PD1;MAIN;44;;;
113BD5B4;2;SOF;2;PD1;MAIN;46|48|52;;;
1167DD7B;1;SHZC;N/A;Los Pumas;MAIN;22;;;
116EE837;1;NRM;1;WBJV Project 1 & 1A;MAIN;39;;;
116EE837;2;LFT;2;WBJV Project 1 & 1A;MAIN;42;;;
116EE837;3;NRM;2;WBJV Project 1 & 1A;MAIN;42;;;
116EE837;4;FLD;1;WBJV Project 1 & 1A;MAIN;39;;;
11694414;1;SOF;2;Thorburn Lake;MAIN;20;;;
11694414;2;THR;1;Thorburn Lake;MAIN;20|22;;;
11694414;3;SSF;1;Thorburn Lake;MAIN;22;;;
11694414;4;UNC;1;Thorburn Lake;MAIN;23;;;
113DC4E0;2;SHZC;2;Ballarat;MAIN;21|23;;;
113DC4E0;3;FLD;N/A;Ballarat;MAIN;21|26;;;
113DC4E0;4;THR;N/A;Ballarat;MAIN;21|26;;;
113DC4E0;5;GSC;1;Ballarat;MAIN;26;;;
11D70AF0;1;SHZC;2;Cossette vein;MAIN;26|27;;;
11D44AF8;4;SOF;2;Molejón;MAIN;57;;;
123AA614;1;FLD;2;La Luz;MAIN;19|21|23;;;
123AA614;3;SSF;3;La Luz;MAIN;23;;;
123DABD9;1;THR;2;Deer Horn;MAIN;23|29|32;;;
123DABD9;2;SHZC;2;Contact zone;MAIN;30;;;
123DABD9;3;SSF;1;Deer Horn;MAIN;29;;;
123DABD9;4;NRM;3;Deer Horn;MAIN;29;;;
13B5E359;1;SSF;1;Eureka;MAIN;51;;;
13B5E359;2;SOF;2;Eureka;MAIN;51;;;
13B5E359;3;INT;2;Eureka;MAIN;39;;;
13B5E359;4;INC;2;Eureka;MAIN;39|46;;;
146D2D82;1;INT;1;La Arena;MAIN;46;;;
146D2D82;3;FLD;2;La Arena;MAIN;50;;;
146D2D82;4;BXP;2;La Arena;MAIN;52;;;
15555452;1;SHZC;2;Gold Hill;MAIN;15|18;300.0;;
14A6C77A;1;BMF;1;Cristal Prospect;MAIN;38|42|45|53;;;
14A6C77A;2;SOF;2;Cristal Prospect;MAIN;44|53;;;
14A6C77A;3;THR;2;Cristal Prospect;MAIN;45|53;;;
14A6C77A;4;NRM;2;Cristal Prospect;MAIN;45|53;;;
14A6C77A;5;FLD;2;Cristal Prospect;MAIN;46|53;;;
158F2CCF;1;SHZC;1;Posse;MAIN;46;;;
158F2CCF;2;THR;1;Posse;MAIN;52;;;
158F2CCF;3;SHZC;2;Posse;MAIN;53;;;
158F2CCF;4;MYLC;2;Posse;MAIN;53;;;
158F2CCF;5;JOG;2;Posse;MAIN;53;;;
156FCCBA;1;SHZC;1;New Alger;MAIN;13|16|18;;;
156FCCBA;2;FLD;1;New Alger;MAIN;13|18;;;
156FCCBA;3;SHZC;2;New Alger;MAIN;21;;;
15A76C15;1;CSF;1;Melba showing;MAIN;24|27;;;
15FA17EF;1;INC;1;Creighton South;MAIN;44;;;
15FA17EF;2;BXP;1;Creighton South;MAIN;53|57;;;
15FA17EF;3;SHZC;2;Creighton South;MAIN;60;;;
15FA17EF;4;INC;1;Creighton South;MAIN;60;;;
1633F823;1;NRM;2;Lundberg deposit;MAIN;27;;;
1633F823;2;THR;2;Lundberg deposit;MAIN;25|27;;;
16A64886;1;BMF;1;Salar de la Isla;MAIN;34;;;
167C4A24;1;BMF;1;New Pass;MAIN;11|12;;;
167C4A24;2;SOF;2;New Pass;MAIN;12;;;
167C4A24;3;SHZC;2;New Pass;MAIN;11;;;
16EA2E64;1;INC;2;Anomaly A;MAIN;44;;;
16965990;1;INC;2;Cerro Jumil;MAIN;28;;;
16965990;2;INT;2;Cerro Jumil;MAIN;28;;;
171B1106;1;FLD;2;Mystery;MAIN;40;;;
1768DDBA;1;SSF;1;Puet Sague;MAIN;16|17;;;
1768DDBA;2;SOF;2;Puet Sague;MAIN;17;;;
1768DDBA;3;BXP;2;Puet Sague;MAIN;15;;;
1737010A;1;CSF;1;Prairie Lake Carbonatite Complex;MAIN;21;600000.0;;extent:bounded
1737010A;2;SHZC;1;Prairie Lake Carbonatite Complex;MAIN;22;;;
179DFD3E;1;SHZC;1;Matala;MAIN;21|26;;;
179DFD3E;2;FLD;2;Matala;MAIN;26;;;
179DFD3E;3;SHZC;2;Matala;MAIN;32;;;
179DFD3E;4;BXP;2;Matala;MAIN;40;;;
1750C917;1;THR;1;Attikamagen Iron Property;MAIN;28|29;;;
1750C917;2;THR;2;Attikamagen Iron Property;MAIN;31;;;
1750C917;3;SSF;2;Attikamagen Iron Property;MAIN;31|42;;;
1750C917;4;FLD;2;Attikamagen Iron Property;MAIN;41;;;
17E71F9F;1;LTC;2;Big Daddy;MAIN;46;;;
17E71F9F;2;SSF;2;Big Daddy;MAIN;46;;;
17EB8306;1;SHZC;1;Malartic-Midway;MAIN;36;;;
17EB8306;2;SHZC;2;Malartic-Midway;MAIN;37;;;
1810741B;1;INT;2;Pb-U showing;MAIN;51|52;;;
185CE961;1;FLD;2;Baruun Naran;MAIN;23|36;;;
185CE961;2;CSF;1;Baruun Naran;MAIN;39;30000.0;;extent:approx_magnitude
185CE961;4;THR;2;Baruun Naran;MAIN;39;;;
180E0E9F;1;CSF;1;Powell Zone;MAIN;21|27;;;
186FC967;1;BMF;2;Kamiskotia VMS Target;MAIN;12|44;;;
18D32CF4;1;SOF;2;Eureka;MAIN;53;8000.0;;extent:bounded
18D32CF4;2;JOG;2;Eureka;MAIN;54|62;;;
18D32CF4;3;ENE;3;Eureka;MAIN;62;;;
18437C2D;1;SHZC;2;Brisas;MAIN;44|45|54;;;
1997C103;1;FLD;2;Woodlawn deposit;MAIN;43;;;
1997C103;2;SSF;2;Woodlawn deposit;MAIN;44;;;
18DEE579;1;SHZC;N/A;Sarfartoq REE;MAIN;30|31;125.0;;extent:range_mean
18D42717;1;SSF;1;Fruta del Norte;MAIN;49;80000.0;;extent:bounded
18D42717;3;SOF;2;Fruta del Norte;MAIN;57;;;
18D42717;4;INC;2;Fruta del Norte;MAIN;54;;;
19B192C9;1;BXP;2;Songwe;MAIN;29|30;;;
193148F4;1;FLD;1;Bracemac-McLeod;MAIN;73;;;
193148F4;2;NRM;1;Bracemac-McLeod;MAIN;73;;;
193148F4;3;DOM;2;Bracemac-McLeod;MAIN;76|81|86|87;;;
19E04E39;2;BXP;2;Rose Pipe;MAIN;30|34;;;
19FA1AE4;1;INT;1;Corihuarmi;MAIN;31;;;
19F39BFE;1;BMF;1;Tad/Toro;MAIN;15;;;
19F39BFE;3;SHZC;2;Tad/Toro;MAIN;20;;;
1A6B8B5F;1;FLD;2;Albere Zone;MAIN;26|28;;;
1A6B8B5F;2;FLD;1;Albere Zone;MAIN;46;;;
1A6B8B5F;3;GSC;2;Albere Zone;MAIN;27|46;;;
1A37B23F;1;CSF;1;Encanto Zone;MAIN;26;50000.0;;extent:bounded
1A37B23F;2;SHZC;1;Encanto Zone;MAIN;30;;;
1A37B23F;3;SHZC;2;Encanto Zone;MAIN;31|35;1300.0;;extent:bounded
1A37B23F;4;INT;2;Encanto Zone;MAIN;30|33;;;
1A71B529;1;SHZC;1;Westwood Project;MAIN;42|43;;;
1A71B529;2;SOF;2;Westwood Project;MAIN;43;;;
1AB63DAF;1;THR;1;Mary Lee and Blue Creek seams;MAIN;43|44;;;
1AB63DAF;2;FLD;1;Mary Lee and Blue Creek seams;MAIN;43|44;;;
1AB63DAF;3;NRM;2;Mary Lee and Blue Creek seams;MAIN;43|44|45;;;
1A92FAF9;1;SOF;2;Okalla;MAIN;36|37|39|40;;;
1ACB6C83;1;TRT;1;Bajo Negro;MAIN;34;;;
1ACB6C83;2;SOF;2;Bajo Negro;MAIN;34|36;;;
1ACB6C83;3;JOG;2;Bajo Negro;MAIN;34;;;
1ACB6C83;4;ENE;2;Bajo Negro;MAIN;34;;;
1B00CA76;1;SHZC;1;Deflector;MAIN;107;;;
1B00CA76;2;SOF;2;Deflector;MAIN;107|111;;;
1B00CA76;3;SHZC;2;Deflector;MAIN;113;600.0;;extent:bounded
1B00CA76;4;SSF;2;Deflector;MAIN;114;;;
1B00CA76;5;ENE;3;Deflector;MAIN;114;;;
1B00CA76;6;JOG;2;Deflector;MAIN;120;;;
1B00CA76;7;LTC;2;Deflector;MAIN;111;;;
1B5496FF;1;SOF;2;Tom's Gully;MAIN;19;;;
1BB7FAC9;1;SOF;2;Briggs;MAIN;37;9656.0;;extent:bounded
1BB7FAC9;2;SHZC;2;Briggs;MAIN;37|38;;;
1BB7FAC9;3;DET;2;Briggs;MAIN;38;;;
1BB7FAC9;4;FLD;3;Briggs;MAIN;37;;;
1BB7FAC9;5;TRT;1;Briggs;MAIN;38;1828.8;;extent:from_2d_footprint|extent:extent_long_axis
1B5D0FA2;1;SSF;2;Big Daddy;MAIN;42;;;
1B5D0FA2;2;LTC;3;Big Daddy;MAIN;42;;;
1B7ABCFB;2;INT;N/A;Signal Zone;MAIN;35|36|38;;;
1B7ABCFB;3;FLD;N/A;Signal Zone;MAIN;36;;;
1BECFFD4;1;CSF;1;San Albino;MAIN;32;;;
1BECFFD4;2;FLD;2;San Albino;MAIN;32;;;
1BECFFD4;3;THR;2;San Albino;MAIN;32;;;
1BC0A09A;1;SSF;1;Nucleus Deposit;MAIN;22;;;
1BC0A09A;2;CSF;1;Nucleus Deposit;MAIN;22;;;
1BC0A09A;3;SOF;2;Nucleus Deposit;MAIN;22;;;
1BC0A09A;4;SHZC;1;Nucleus Deposit;MAIN;24;;;
1BC0A09A;5;JOG;2;Nucleus Deposit;MAIN;24;;;
1BC0A09A;6;ENE;3;Nucleus Deposit;MAIN;24;;;
1C78C457;1;CSF;1;Augusta;MAIN;31;;;
1C78C457;2;SHZC;2;Augusta;MAIN;35|36|38;;;
1CA22FD3;1;BMF;2;Danakhil Potash Deposit;MAIN;47|52;;;
1D4445DB;1;SHZC;1;Orphée;MAIN;36;80000.0;;
1CCCE002;1;SSF;1;Liberty deposit;MAIN;50;;;
1CCCE002;2;THR;1;Liberty deposit;MAIN;50;;;
1CCCE002;4;BMF;1;Liberty deposit;MAIN;54;;;
1CCCE002;5;FLD;2;Liberty deposit;MAIN;53;;;
1D44CDB5;1;FLD;2;Baruun Naran;MAIN;39;;;
1D44CDB5;2;THR;2;Baruun Naran;MAIN;39;;;
1D44CDB5;5;FLD;2;Baruun Naran;MAIN;42;;;
1D6B35B7;1;NRM;2;Aberpergwm Mine;MAIN;51|52|53|57;;;
1D6B35B7;2;THR;2;Aberpergwm Mine;MAIN;51|52|53|57;;;
1D6B35B7;3;CSF;1;Aberpergwm Mine;MAIN;52;;360.0;distance:bounded
1D7BD560;1;SSF;N/A;Zone OL12;MAIN;21;;;
1D7BD560;2;SSF;N/A;Zone OL12;MAIN;22;;;
1D9FA677;1;THR;1;Minas-Rio;MAIN;38|39|41;;;
1D9FA677;2;FLD;1;Minas-Rio;MAIN;38|40|41|43;;;
1D9FA677;3;SHZC;1;Minas-Rio;MAIN;39;;;
1D9FA677;4;MYLC;1;Minas-Rio;MAIN;40;;;
1DD79530;1;THR;N/A;Mactung;MAIN;56;;;
1DD79530;2;FLD;N/A;Mactung;MAIN;56;;;
1DD79530;3;NRM;N/A;Mactung;MAIN;54|56;;;
1EE04F79;1;FLD;2;Tonkolili;MAIN;16;;;
1EE04F79;2;THR;1;Tonkolili;MAIN;16;;;
1F07C649;1;CSF;1;Lanfranchi orebody;MAIN;30|31;;;
1F07C649;2;THR;2;Lanfranchi orebody;MAIN;32|33;;;
1F07C649;3;FLD;2;Lanfranchi orebody;MAIN;32|33;;;
1DD7B488;1;UNC;1;Lourdeau Vein;MAIN;40;;;
1DD7B488;2;SSF;2;Lourdeau Vein;MAIN;49;;;
1DF57209;1;CSF;1;Daniels Pond;MAIN;21;;;
1DF57209;2;FLD;2;Daniels Pond;MAIN;31;;;
1FD7DC63;1;SHZC;1;Yura Shear Zones;MAIN;14|15;;;
1FD7DC63;2;SSF;1;Yura Shear Zones;MAIN;14;;;
1F38F0A8;1;CSF;1;Pembroke;MAIN;51;;;
1F38F0A8;2;INT;2;Pembroke;MAIN;52;;;
1FE28C68;1;THR;2;Chimu Project;MAIN;11;;;
1FABE82A;1;BMF;1;Bonasika Project;MAIN;56|66;;;
1FE745C7;1;THR;2;Sunny Lake Iron Project;MAIN;43|45;;;
1FE745C7;2;FLD;2;Sunny Lake Iron Project;MAIN;43|45|48;;;
200B7549;1;SSF;1;Wray Mesa;MAIN;21|22;;;
202A74C0;1;THR;2;Mouat;MAIN;33;;;
202A74C0;4;THR;1;Mouat;MAIN;30;;;
2019F5EB;2;LFT;2;Crowflight Properties;MAIN;50|51;1000.0;;extent:bounded
2076D146;1;SSF;1;Main Zone;MAIN;17|19;;;
2076D146;2;BMF;2;Main Zone;MAIN;17|19|20;;;
2076D146;3;INT;2;Main Zone;MAIN;19|21;;;
201FB2E5;1;SSF;1;Marmato;MAIN;93|98;;;
201FB2E5;2;ENE;3;Marmato;MAIN;98;;;
20B08AD4;1;BXP;2;PII Colorado;MAIN;23;;;
20B08AD4;3;SSF;2;PII Colorado;MAIN;32;;;
20B08AD4;4;GSC;2;PII Colorado;MAIN;32;;;
20D77A77;1;THR;1;CML;MAIN;40;;;
20F9CC2C;1;BMF;2;Goliad Project;MAIN;24;;;
211B9221;1;CSF;1;Western Lake St. Joseph;MAIN;45|50;;;
211B9221;2;FLD;2;Western Lake St. Joseph;MAIN;50|52|58;;;
20FDB1F0;1;CSF;1;Upper Beaver;MAIN;37;;8000.0;
20FDB1F0;2;SOF;2;Upper Beaver;MAIN;37|42;;;
20FDB1F0;3;SHZC;2;Upper Beaver;MAIN;37|42;;;
20FDB1F0;4;FLD;2;Upper Beaver;MAIN;42;;;
20FDB1F0;5;INC;2;Upper Beaver;MAIN;42;;;
20FDB1F0;6;GSC;2;Upper Beaver;MAIN;42;;;
21381519;1;CSF;1;MacFadyen Kimberlites;MAIN;18;;;
214F8B57;1;SHZC;2;Playter Mo-Re Deposit;MAIN;39;;;
217FF1DB;1;BMF;1;Escondida;MAIN;28|34|36;3000.0;;extent:bounded
217FF1DB;2;JOG;2;Escondida;MAIN;34|36;;;
218FEE85;1;BXP;2;Kutessay II;MAIN;57;;;
218FEE85;3;INT;2;Kutessay II;MAIN;58;;;
218FEE85;5;FLD;1;Kutessay II;MAIN;57;;;
21B2765D;1;FLD;1;Armstrong A;MAIN;104;;;
21939920;1;SHZC;2;JJ Main;MAIN;39|51;;;
21939920;2;ENE;3;JJ Main;MAIN;39|42;;;
22798566;1;BMF;1;Salta Province Lithium Project;MAIN;29;;;
21DD692A;1;CSF;1;Torlon;MAIN;38;;2000.0;distance:bounded
21DD692A;3;DET;2;Torlon;MAIN;40;;;
230AE34F;1;THR;2;Deer Horn vein system;MAIN;21|27|32;;;
230AE34F;2;SHZC;2;Deer Horn vein system;MAIN;28|30;;;
230AE34F;3;SSF;1;Deer Horn vein system;MAIN;28;;;
230AE34F;4;NRM;3;Deer Horn vein system;MAIN;28;;;
230AE34F;5;ENE;3;Deer Horn vein system;MAIN;32;;;
22CDB52A;1;DOM;2;Road and Creek showings;MAIN;45|48|53;;;
231F7E3C;1;SHZC;1;Wona;MAIN;28;;;
2387B45D;3;INT;2;Utah mine;MAIN;49;;;
23733695;1;SHZC;2;Golden Mile Zone;MAIN;45;;;
23733695;2;SHZC;1;Golden Mile Zone;MAIN;38|48;;;
23E837C0;1;INT;2;Duas Barras;MAIN;53;;;
24C82287;1;SSF;1;Valentine Mountain Project;MAIN;24|25;;;
24C82287;2;FLD;1;Valentine Mountain Project;MAIN;25;;;
24C82287;3;SHZC;2;Valentine Mountain Project;MAIN;28;;;
24C82287;4;FLD;2;Valentine Mountain Project;MAIN;28;;;
252594A1;3;ENE;3;36 Zone;MAIN;18|20|30;;;
24F9E55E;1;SHZC;N/A;Maybrun;MAIN;30;80.0;;
24C5EA13;1;SSF;1;Agata Nickel Laterite Project;MAIN;18;2000000.0;;
24C5EA13;2;SOF;2;Agata Nickel Laterite Project;MAIN;18|19;;;
241F4BFB;1;SHZC;1;Volta Grande;MAIN;34|39|40;;;
241F4BFB;2;MYLC;2;Volta Grande;MAIN;34|35;;;
241F4BFB;3;INC;2;Volta Grande;MAIN;35;;;
25293461;1;FLD;2;Metates;MAIN;23;;;
25293461;2;INC;2;Metates;MAIN;23|24;;;
25377F27;1;SSF;1;Wray Mesa area;MAIN;22;;;
25858210;1;FLD;2;Harvey-Tuttle;MAIN;41|43;;;
25858210;2;THR;1;Harvey-Tuttle;MAIN;33|43;;;
25858210;3;THR;2;Harvey-Tuttle;MAIN;41|43;;;
2546659F;1;TRT;1;Caspiche Central;MAIN;27;;;
2546659F;3;THR;2;Caspiche Central;MAIN;30;;;
258459D8;1;SSF;2;Pinos Altos;MAIN;101;7000.0;;extent:bounded
258459D8;2;INT;2;Pinos Altos;MAIN;101;;;
258459D8;3;BMF;2;Pinos Altos;MAIN;102;;;
25A3B465;1;THR;1;Mitchell Zone;MAIN;106|111;;;
25A3B465;2;MYLC;2;Mitchell Zone;MAIN;106|112;;;
2632FF36;1;THR;1;Ida Dome;MAIN;37|38|40;;;
2632FF36;2;FLD;2;Ida Dome;MAIN;40|41|51;;;
259A2B56;1;BMF;1;Pascua-Lama;MAIN;59;;;
259A2B56;2;SOF;2;Pascua-Lama;MAIN;61|66|67;;;
259A2B56;3;INT;2;Pascua-Lama;MAIN;60|67;;;
262BBA58;1;BXP;2;Piedra Rodante;MAIN;19;;;
26611B2B;1;SHZC;2;Koval zone;MAIN;38|40;;;
26611B2B;2;FLD;3;Koval zone;MAIN;38;;;
2695239F;1;FLD;2;FON;MAIN;22|24;;;
2695239F;2;SHZC;2;FON;MAIN;22;;;
269780FC;1;SHZC;1;Orion Gold Deposit;MAIN;15;4000.0;;extent:bounded
269780FC;2;THR;2;Orion Gold Deposit;MAIN;15|16;;;
269780FC;4;CSF;1;Orion Gold Deposit;MAIN;12|13;;;
269D92B2;1;SHZC;1;Cerro Prieto;MAIN;40;10000.0;;extent:bounded
26AEFA94;1;FLD;2;Thunder Lake Deposit;MAIN;53|54|56|68;;;
26AEFA94;3;SSF;3;Thunder Lake Deposit;MAIN;56;;;
26E2E779;1;BMF;1;El Urf;MAIN;20;3000.0;;
26E2E779;2;INC;2;El Urf;MAIN;20;;;
27A57F06;1;SSF;2;Tesoros Fault Zone;MAIN;18;;;
27A57F06;2;ENE;3;Tesoros Fault Zone;MAIN;18;;;
2760CB43;1;BMF;1;Cerro Moro;MAIN;49;;;
2760CB43;3;JOG;3;Cerro Moro;MAIN;57;;;
275349AD;1;CLD;1;North Zone;MAIN;33;;;
27E23882;1;BMF;2;Santa Lucia North;MAIN;25|33|37|48|58;;;
27E23882;2;JOG;2;Santa Lucia North;MAIN;48;;;
27E84AFC;1;CSF;1;Duggan Zone;MAIN;28;;;
27E84AFC;2;SOF;2;Duggan Zone;MAIN;28;;;
27E84AFC;3;INT;2;Duggan Zone;MAIN;28;;;
281F107D;1;DOM;2;Spinifex Ridge;MAIN;31;;;
282F8A45;1;SHZC;1;Herrick Deposit;MAIN;20;;400.0;
282F8A45;2;SOF;2;Herrick Deposit;MAIN;21|32|39;;;
286AFF53;1;FLD;2;Woodlawn;MAIN;25;;;
27FBB00B;1;SSF;1;The Property;MAIN;20;;;
2842D028;1;SHZC;1;Zun-Holba;MAIN;55|58;;;
2842D028;2;FLD;1;Zun-Holba;MAIN;55|57;;;
2842D028;3;SHZC;2;Zun-Holba;MAIN;59;;;
2842D028;4;FLD;2;Zun-Holba;MAIN;58|60;;;
28954D2F;1;FLD;2;Mina Verde;MAIN;34;;;
28F8BA71;1;FLD;2;C-Zone;MAIN;31;;;
28F8BA71;3;SSF;2;C-Zone;MAIN;32;1200.0;;
289E6193;1;SHZC;1;South Kivu-Maniema Gold Belt;MAIN;81;;;
289E6193;2;SHZC;2;South Kivu-Maniema Gold Belt;MAIN;80;;;
289E6193;3;FLD;2;South Kivu-Maniema Gold Belt;MAIN;80;;;
289E6193;4;LTC;2;South Kivu-Maniema Gold Belt;MAIN;80;;;
292AB7DA;1;SHZC;2;Zone 12;MAIN;21;;;
292AB7DA;2;SHZC;2;Zone 12;MAIN;22;;;
291B758B;1;SHZC;1;Massey Silica;MAIN;17|18|20;;;
291B758B;2;INT;1;Massey Silica;MAIN;17;;;
2928D3B8;1;UNC;1;Takwa Showing;MAIN;34;;;
29B261FB;1;SHZC;1;Bella Rica;MAIN;28;;;
29B261FB;2;CLD;1;Bella Rica;MAIN;28;5000.0;;
29C2A89A;2;INT;2;Bonanza Project;MAIN;19|24|25;;;
29C2A89A;3;THR;1;Bonanza Project;MAIN;18|20;;;
29C2A89A;4;DET;2;Bonanza Project;MAIN;19|20|23;;;
2ABC4EF1;1;CSF;1;Snowden Kimberlite;MAIN;19|20;;;
2A54B25B;1;SHZC;N/A;Grouse Hill Intrusion;MAIN;51|79;;;
2A54B25B;2;SOF;1;Grouse Hill Intrusion;MAIN;56|107;;;
2A54B25B;3;SSF;1;Grouse Hill Intrusion;MAIN;56;;;
2A9F6CC7;1;SHZC;2;West Zone;MAIN;58;;;
2A9F6CC7;2;SSF;1;West Zone;MAIN;58|60;;;extent:unparseable
2A9F6CC7;3;NRM;2;West Zone;MAIN;75;;;
2A9F6CC7;4;FLD;2;West Zone;MAIN;58;;;
2B1688B9;1;SHZC;2;Jerome Mine;MAIN;21;;;
2AEE386D;1;SHZC;1;Mavis Lake Pegmatite Group;MAIN;25|27;;4750.0;distance:range_mean
2B2107D0;1;THR;1;La Caypa;MAIN;16;;;
2B2107D0;2;FLD;2;La Caypa;MAIN;16;;;
2B2107D0;4;CSF;1;La Caypa;MAIN;19;;;
2B2107D0;5;THR;1;La Caypa;MAIN;19;;;
2B2107D0;6;SSF;1;La Caypa;MAIN;19;;;
2B472952;1;SHZC;1;Mckenzie;MAIN;30;;;
2B472952;2;FLD;2;Mckenzie;MAIN;33;;;
2B472952;3;THR;2;Mckenzie;MAIN;42;;;
2B60E5B9;1;CSF;1;Namibplaas;MAIN;16;;;
2B60E5B9;2;FLD;2;Namibplaas;MAIN;18;;;
2B6FE9DD;1;CSF;1;Santa Rita;MAIN;41|43;100000.0;;extent:bounded
2B6FE9DD;2;FLD;2;Santa Rita;MAIN;39;;;
2B5E21D7;1;SSF;N/A;Ace;MAIN;45|73;;;
2B5E21D7;2;THR;1;Ace;MAIN;45|49;;;
2B5E21D7;3;MYLC;2;Ace;MAIN;57;;;
2B5E21D7;4;SHZC;2;Ace;MAIN;57;;;
2B8AF20C;2;FLD;N/A;Wilds Creek;MAIN;21;;;
2B8AF20C;3;FLD;N/A;Wilds Creek;MAIN;18|20;;;
2B7AC746;1;FLD;2;Sokoman Iron Formation;MAIN;39|41|45|46;;;
2B7AC746;2;THR;1;Sokoman Iron Formation;MAIN;45;;;
2B7AC746;3;THR;2;Sokoman Iron Formation;MAIN;39|43|45;;;
2BDD02B3;1;BMF;2;Clayton Valley;MAIN;18|26;;;
2BF2F81F;1;CSF;1;Niobec;MAIN;29;;;
2C5B5A14;1;SHZC;1;Langlois mine;MAIN;17;80000.0;;extent:bounded
2C748DFB;1;SHZC;1;Tocantinzinho;MAIN;29;;;
2C748DFB;2;INT;2;Tocantinzinho;MAIN;39|40;;;
2C8C19E7;1;CSF;1;Santa Rita;MAIN;41|42;100000.0;;extent:bounded
2C8C19E7;2;FLD;2;Santa Rita;MAIN;39;;;
2C8C19E7;3;THR;1;Santa Rita;MAIN;39;;;
2CAB9BAE;1;THR;1;Accha;MAIN;26;;;
2CAB9BAE;2;CSF;1;Accha;MAIN;26;;;
2CAB9BAE;3;FLD;2;Accha;MAIN;30|33|35;;;
2CADE4FB;1;CSF;1;La Cumbre;MAIN;26|30|34;10000.0;;
2CADE4FB;2;SOF;2;La Cumbre;MAIN;34;;;
2D31BB1A;1;SHZC;1;Wona;MAIN;29;;;
2D51E64B;1;SSF;1;Lake Giles BIF;MAIN;28;;;
2D51E64B;2;FLD;2;Lake Giles BIF;MAIN;28|32;;;
2D51E64B;3;CSF;1;Lake Giles BIF;MAIN;28;;;
2D894716;2;FLD;2;San José Zone;MAIN;27|28;;;distance:unparseable
2E1540BF;1;FLD;1;Verticalnaya Mine;MAIN;24;;;
2E424E05;1;CSF;1;Springfield (KY9) coal seam;MAIN;42|44;;;
2E424E05;2;FLD;1;Springfield (KY9) coal seam;MAIN;42;;;
2E424E05;3;CSF;1;Springfield (KY9) coal seam;MAIN;42;;;
2DFF335E;1;SHZC;1;CP Hill;MAIN;18|19;2000.0;;
2DFF335E;2;SHZC;2;CP Hill;MAIN;19;;;
2DFF335E;3;ENE;3;CP Hill;MAIN;18;;;
2E56F98B;1;SOF;2;Kişladağ;MAIN;36;;;
2E6EDADA;1;SHZC;1;Frog's Leg;MAIN;33;;;
2E6EDADA;2;SHZC;2;Frog's Leg;MAIN;34;;;
2E6EDADA;3;SSF;2;Frog's Leg;MAIN;33;;;
2E6EDADA;4;JOG;2;Frog's Leg;MAIN;33;;;
2E6EDADA;5;LTC;2;Frog's Leg;MAIN;34;;;
2EEAD4C8;1;FLD;2;Sackville Property;MAIN;18;;;
2EEAD4C8;2;BMF;2;Sackville Property;MAIN;19;;;
2E95F8F5;1;SSF;1;San Lucas Property;MAIN;43|44;;;
2E95F8F5;2;SOF;2;San Lucas Property;MAIN;50|51;;;
2E95F8F5;3;JOG;2;San Lucas Property;MAIN;50;;;
2E95F8F5;4;ENE;3;San Lucas Property;MAIN;50|51;;;
2E95F8F5;5;INT;2;San Lucas Property;MAIN;50|51;;;
2EDDC8E6;1;SHZC;2;Jojay deposit;MAIN;44|47;;;
2EDDC8E6;2;SHZC;3;Jojay deposit;MAIN;44;;;
2EDDC8E6;3;SSF;2;Jojay deposit;MAIN;44|47;;;
2EDDC8E6;4;SSF;N/A;Jojay deposit;MAIN;44|47;;;
2EDDC8E6;5;SHZC;2;Jojay deposit;MAIN;47;;250.0;
2EFAF8F5;1;BMF;1;Golden Eagle;MAIN;34|39;;457.2;
2EFAF8F5;2;SOF;2;Golden Eagle;MAIN;39|40;;;
2EFAF8F5;3;SSF;2;Golden Eagle;MAIN;40;;;
2EFAF8F5;4;SHZC;1;Golden Eagle;MAIN;34|39;;;
2EFAF8F5;5;SOF;3;Golden Eagle;MAIN;40;;;
2F80C134;1;THR;1;Salar de Llullaillaco;MAIN;25;;;
2F80C134;2;SSF;1;Salar de Llullaillaco;MAIN;25;;;
2F5FCA28;1;SHZC;2;Tyranite;MAIN;35|40;3000.0;;extent:approx_magnitude
2FEDFD7B;2;SSF;2;La Ventosa;MAIN;20;;;
30658289;1;THR;N/A;Frontino Vein System;MAIN;9|50;;;
2FF9C047;1;SSF;2;Moose 2;MAIN;22;;;
2FF9C047;2;FLD;1;Moose 2;MAIN;20;;;
30764D4D;1;THR;1;Coronation Trend;MAIN;27;;;
306DC5B4;1;BMF;1;Ulo Ulo;MAIN;14;;;
306DC5B4;2;SOF;2;Ulo Ulo;MAIN;17;400.0;;extent:bounded
30B9ACCC;1;CSF;1;Canadian Malartic deposit;MAIN;37;;;
30B9ACCC;2;SHZC;2;Canadian Malartic deposit;MAIN;39|42;;;
30B9ACCC;3;SHZC;2;Canadian Malartic deposit;MAIN;39;;;
30B9ACCC;4;FLD;2;Canadian Malartic deposit;MAIN;42;;;
30909EA6;1;SSF;1;Blackdome Veins;MAIN;19;;;
30909EA6;3;THR;1;Blackdome Veins;MAIN;19;;;
30909EA6;4;SOF;2;Blackdome Veins;MAIN;19|22;4000.0;;extent:bounded
30FC6E54;1;SHZC;1;Marmato;MAIN;59|60|64;;;
30FC6E54;2;ENE;3;Marmato;MAIN;64;;;
3103C58F;1;CSF;1;Cerro del Gallo;MAIN;28;;;
3103C58F;2;SSF;2;Cerro del Gallo;MAIN;28;;;
316DBD33;1;BXP;2;S-60;MAIN;41|45;;;
3188BA5D;1;THR;1;Paredones Amarillos;MAIN;56;6000.0;;extent:bounded
3188BA5D;2;JOG;2;Paredones Amarillos;MAIN;55|56;;;
3188BA5D;3;FLD;2;Paredones Amarillos;MAIN;56|57;;;
31EAF6ED;1;CSF;1;C29/30;MAIN;45|47;;;
31CDDD91;1;FLD;2;Raven Project;MAIN;16;;;
31CDDD91;2;THR;2;Raven Project;MAIN;16|23;;;
31CDDD91;3;TRT;2;Raven Project;MAIN;16;;;
31CDDD91;5;FLD;2;Raven Project;MAIN;16;;;
3216DBBB;1;INC;2;Kraku Pestar;MAIN;26;;;
3216DBBB;2;THR;2;Kraku Pestar;MAIN;26|28;;;
3216DBBB;4;SHZC;2;Kraku Pestar;MAIN;27;;;
32171EDF;1;SSF;N/A;Big Daddy;MAIN;46;;;
32176DA3;1;SSF;1;Jenner Stock;MAIN;27|28;100000.0;;extent:bounded
32176DA3;2;SOF;2;Jenner Stock;MAIN;28;;;
32176DA3;3;THR;2;Jenner Stock;MAIN;33;;;
32385168;1;THR;1;Willow Creek;MAIN;34|35;;;
32385168;2;FLD;1;Willow Creek;MAIN;34|35;50000.0;;extent:bounded
3253025F;1;CSF;1;Co-O;MAIN;34;1200000.0;;
3253025F;2;SSF;2;Co-O;MAIN;35;;;
3253025F;3;SOF;2;Co-O;MAIN;35;;;
32CE1CDC;1;THR;1;Ashram;MAIN;21;;;
32E58FC9;1;SSF;1;Wels Property;MAIN;9;;95000.0;
325DFEFF;2;FLD;3;Ox Lake showing;MAIN;21;;;
32E4CEEE;1;NRM;1;Mine 63;MAIN;33;;;
32E4CEEE;2;FLD;1;Mine 63;MAIN;33;;;
32ECC8C5;1;INC;2;Two Mile Hill;MAIN;44|99;;;
32ECC8C5;2;GSC;2;Two Mile Hill;MAIN;46|99;;;
33819946;1;THR;2;Raven;MAIN;33|42;;;
33819946;2;SSF;2;Raven;MAIN;42;;;
33819946;3;INT;2;Raven;MAIN;42;;;
33819946;4;FLD;2;Raven;MAIN;42;;;
338815FD;1;LFT;1;Palmarejo;MAIN;56;;;
338815FD;2;SSF;1;Palmarejo;MAIN;56;;;
338815FD;3;SOF;2;Palmarejo;MAIN;56;2000.0;;extent:bounded
338815FD;4;LFT;2;Palmarejo;MAIN;56;;;
338815FD;5;INT;2;Palmarejo;MAIN;56;;;
338815FD;6;JOG;2;Palmarejo;MAIN;65;;;
33DDF3A4;1;SHZC;2;Lopez Trend;MAIN;20|21|28;;;
346216F0;1;CSF;1;Wona;MAIN;31;;;
3474CB57;1;FLD;2;Sheffield Zone;MAIN;21;;;
34DFE572;1;SSF;2;Escondida;MAIN;19|21;;;
34DFE572;2;JOG;2;Escondida;MAIN;20;;;
34FAB120;1;TRP;1;Hachey and Shaft zones;MAIN;27|38;;;
34FAB120;2;INT;2;Hachey and Shaft zones;MAIN;38;;;
35311A04;1;CSF;1;Mayaniquel Project;MAIN;20;;;
35311A04;2;THR;2;Mayaniquel Project;MAIN;20;;;
354E9E24;1;SHZC;2;Chapalota;MAIN;12|15;;;
354E9E24;2;NRM;1;Chapalota;MAIN;11;;;
35615EE2;1;CSF;1;Werner Lake Cobalt Deposits;MAIN;12;500.0;;extent:bounded
35615EE2;2;SOF;2;Werner Lake Cobalt Deposits;MAIN;12|14;30.0;;extent:bounded
35615EE2;3;FLD;2;Werner Lake Cobalt Deposits;MAIN;14;;;
35615EE2;4;ENE;3;Werner Lake Cobalt Deposits;MAIN;14;;;
3586558D;1;SHZC;1;El Valle-Boinás;MAIN;53;;;
3586558D;2;INT;2;El Valle-Boinás;MAIN;49;;;
3586558D;3;THR;2;El Valle-Boinás;MAIN;50;;;
3586558D;4;SOF;2;El Valle-Boinás;MAIN;53|60|67|68;;;
35D703C8;1;SSF;1;Columbia;MAIN;35;;;
35D703C8;2;THR;1;Columbia;MAIN;35;;;
362CA519;2;SHZC;1;West Zone;MAIN;53;;;
362CA519;3;FLD;2;West Zone;MAIN;57;;;
365B0A47;1;CSF;1;Tsau Project Kimberlites;MAIN;20;;;
364075B4;1;SHZC;1;Coringa;MAIN;53;;;
364075B4;2;SHZC;2;Coringa;MAIN;54;7000.0;;
364075B4;3;SSF;2;Coringa;MAIN;57;;;
364075B4;4;JOG;2;Coringa;MAIN;57;;;
366C4134;1;BMF;1;Santa Maria vein system;MAIN;14|16|17;1200.0;;
366C4134;2;JOG;2;Santa Maria vein system;MAIN;16|17;;;
36901891;1;FLD;2;Main Zone;MAIN;59;;;
36901891;2;THR;2;Main Zone;MAIN;59;;;
37B5F1CB;1;DET;1;Dead Honda;MAIN;20|21;;;
37134B02;1;SSF;1;Rainy River Gold Project;MAIN;40;;;distance:unparseable
37134B02;2;SOF;2;Rainy River Gold Project;MAIN;40;;;
37134B02;3;FLD;2;Rainy River Gold Project;MAIN;40;;;
37134B02;4;SHZC;2;Rainy River Gold Project;MAIN;44|45|47;;;
37134B02;5;THR;3;Rainy River Gold Project;MAIN;43;;;
37134B02;6;SHZC;3;Rainy River Gold Project;MAIN;46;1.0;;
37134B02;7;SSF;3;Rainy River Gold Project;MAIN;48;;;
37B70E58;1;THR;2;KGL Masters Project;MAIN;97|106;;;
37B70E58;2;SHZC;2;KGL Masters Project;MAIN;97|102;;;
37DAAD85;1;THR;2;Raven;MAIN;39;;;
37DAAD85;2;SSF;2;Raven;MAIN;39;;;
37DAAD85;3;SSF;N/A;Raven;MAIN;39;;;
37DAAD85;4;SHZC;3;Raven;MAIN;39;;;
37FCC300;1;INT;N/A;Alisitos;MAIN;28|31;;;
37FCC300;2;CLD;N/A;Alisitos;MAIN;31|32;;;
380BBDB2;1;FLD;1;JAM Project Coal Seams;MAIN;16|18;;;
384383AA;1;BMF;1;Salar de Llullaillaco;MAIN;29|36;;;
38428B27;1;CSF;1;Axis Lake;MAIN;18;;;
38428B27;3;FLD;1;Axis Lake;MAIN;17;;;
389A7F43;1;FLD;2;Cerro Largo;MAIN;15|17;;;
3857D313;1;SHZC;1;Simkar Gold Zones;MAIN;23;;;
3857D313;2;SHZC;2;Simkar Gold Zones;MAIN;24|29;850.0;;extent:bounded
3857D313;3;SHZC;2;Simkar Gold Zones;MAIN;24|28;200.0;;extent:bounded
3857D313;4;LTC;2;Simkar Gold Zones;MAIN;29;600.0;;
3857D313;5;ENE;3;Simkar Gold Zones;MAIN;26;;;
38CD6A15;1;THR;1;Paris Hills;MAIN;69|73;;;
38CD6A15;2;FLD;2;Paris Hills;MAIN;69|73;;;
38CD6A15;3;SSF;2;Paris Hills;MAIN;69|73;;;
38CD6A15;4;BMF;1;Paris Hills;MAIN;69|73;;;
3872681E;1;CSF;1;Clear Lake;MAIN;23|26;960000.0;;extent:bounded
3872681E;2;SOF;2;Clear Lake;MAIN;24;;;
3872681E;3;SSF;2;Clear Lake;MAIN;35;;;
3872681E;4;THR;2;Clear Lake;MAIN;36;;;
3872681E;6;FLD;2;Clear Lake;MAIN;23|35;;;
39230982;1;CSF;1;Crevier Nb-Ta Dyke;MAIN;41|43|46;;;
39889E16;2;FLD;2;La Tigra;MAIN;16;;;
39889E16;3;SOF;2;La Tigra;MAIN;20;;;
392321A9;1;BMF;1;Erds deposit;MAIN;14|18|21;;;
392321A9;2;FLD;2;Erds deposit;MAIN;18;;;
3986098B;1;INT;2;Hartbeestlaagte Gravels;MAIN;53|61|69;;;
3986098B;2;LTC;2;Hartbeestlaagte Gravels;MAIN;61|62|69;;;
396A18CA;1;SSF;1;Nkout;MAIN;31;;;
396A18CA;2;SHZC;1;Nkout;MAIN;31;;;
396A18CA;3;THR;2;Nkout;MAIN;38|42;;;
396A18CA;4;FLD;2;Nkout;MAIN;31|38|39;;;
396A18CA;5;SSF;2;Nkout;MAIN;42;;;
396A18CA;6;MYLC;2;Nkout;MAIN;42;;;
3948CD49;1;BMF;2;Mountain Lake Deposit;MAIN;20|23;;;
3948CD49;2;SOF;3;Mountain Lake Deposit;MAIN;29;;;
39C99DA9;1;FLD;2;Back Forty;MAIN;31|33|34;;;
39D7AD2E;1;FLD;2;Valencia;MAIN;31;;;
3A6F73E2;1;BMF;2;Jubilee Main Zone;MAIN;33|34;;;
3A6F73E2;2;INT;2;Jubilee Main Zone;MAIN;34;;;
3A6F73E2;3;DET;1;Jubilee Main Zone;MAIN;33;;;
3A6E0B65;1;CSF;1;R-190;MAIN;62;;;
3A9BA9D5;1;THR;2;El Terco;MAIN;16;;;
3AA6BA32;1;CSF;1;Crevier Nb-Ta Dyke;MAIN;39;;;
3AE210F6;1;CSF;1;Pantanillo North;MAIN;15|16;;;
3AE210F6;2;JOG;2;Pantanillo North;MAIN;16;;;
3AE210F6;3;INT;2;Pantanillo North;MAIN;16;;;
3B07C310;1;CSF;1;Cheminis;MAIN;24|26;;;extent:unparseable
3B9457EC;1;FLD;2;Sunny Lake Iron Project;MAIN;42|45|48|53;;;
3B9457EC;2;THR;1;Sunny Lake Iron Project;MAIN;31|43|45;;;
3BFE3178;1;FLD;2;Jideh Mountain;MAIN;28;;;
3B29874E;1;SSF;1;Charlotte Vein System;MAIN;34;15000.0;;
3B29874E;2;SSF;2;Charlotte Vein System;MAIN;39|43;;;
3B29874E;3;INT;2;Charlotte Vein System;MAIN;39|43;;;
3BF52CD9;1;SOF;2;Skukum Creek;MAIN;27;;;
3BF52CD9;2;SSF;1;Skukum Creek;MAIN;18|27;;;
3BF52CD9;3;JOG;2;Skukum Creek;MAIN;28;;;
3BF52CD9;4;INT;2;Skukum Creek;MAIN;28;;;
3C104A73;1;CSF;1;Cerro del Gallo;MAIN;39;;;
3C2395A9;1;SHZC;1;Rosebel deposits;MAIN;41;;;
3C2395A9;2;THR;2;Rosebel deposits;MAIN;46|48;;;
3C2395A9;3;FLD;2;Rosebel deposits;MAIN;44|48|50|54;;;
3C2395A9;4;INT;2;Rosebel deposits;MAIN;53;;;
3C2395A9;5;LTC;2;Rosebel deposits;MAIN;41|44;;;
3C36C8CB;1;SHZC;1;Lac Anctil;MAIN;18|23;;;
3C36C8CB;2;FLD;1;Lac Anctil;MAIN;18;;;
3C36C8CB;3;FLD;3;Lac Anctil;MAIN;24;;;
3C36C8CB;4;SHZC;2;Lac Anctil;MAIN;24|31;;;
3C3A4F29;1;BMF;2;Blackwater;MAIN;22;;;
3C3A4F29;2;CSF;1;Blackwater;MAIN;20;;;
3C492CDB;1;SHZC;2;Turnberry Prospect;MAIN;32|33;15000.0;;extent:bounded
3C4EB3F6;1;SHZC;2;Gold Hill;MAIN;10|12|13;;;
3C4EB3F6;2;FLD;2;Gold Hill;MAIN;11|13;;;
3CA547F1;1;FLD;N/A;Briggs;MAIN;33;;;
3CA547F1;2;SOF;N/A;Briggs;MAIN;33;9656.0;;extent:bounded
3CA547F1;3;SOF;N/A;Briggs;MAIN;33|34;;;
3CA547F1;4;DET;N/A;Briggs;MAIN;34;;;
3C59D89C;1;SHZC;1;Little Granite;MAIN;51;11000.0;;extent:bounded
3D302097;1;NRM;2;Nucleus;MAIN;8;;;
3CD37B28;2;FLD;2;Bowen and Lac Saint-Pierre Showings;MAIN;11;;;
3D14AC78;1;BMF;1;South Dolly Claims;MAIN;9|11;;;
3CC9AA96;1;SSF;1;Horseshoe Deposit;MAIN;44|50;;;distance:unparseable
3CC9AA96;3;FLD;2;Horseshoe Deposit;MAIN;50;;;
3CC9AA96;4;THR;1;Horseshoe Deposit;MAIN;42|43;40000.0;;extent:bounded
3D167C10;1;FLD;N/A;Santa Margarida do Sado Project;MAIN;12;;;
3D167C10;2;THR;1;Santa Margarida do Sado Project;MAIN;12;;;
3D167C10;3;DET;1;Santa Margarida do Sado Project;MAIN;12;;;
3D167C10;5;INT;1;Santa Margarida do Sado Project;MAIN;13;;;
3D37AED7;1;SSF;1;Quebec Lithium pegmatite;MAIN;72|81;;2407.0;distance:bounded|distance:range_mean
3D3F4276;1;SSF;1;Boyongan;MAIN;15;;;
3D3F4276;2;INT;1;Boyongan;MAIN;15;;;
3D423C5E;1;TRP;1;Santa Rita;MAIN;44|46|48;100000.0;;extent:bounded
3D61A42F;1;CSF;1;Dash;MAIN;22;230000.0;;extent:bounded
3D61A42F;2;CSF;1;Dash;MAIN;22;;;
3D61A42F;3;SOF;2;Dash;MAIN;22;;;
3D61A42F;4;SHZC;2;Dash;MAIN;24;;;
3D6EAF45;1;SSF;1;Don Sixto;MAIN;27;;;
3D6EAF45;2;SHZC;2;Don Sixto;MAIN;27|30;;;
3D6EAF45;3;SSF;2;Don Sixto;MAIN;27|30;;;
3D6EAF45;5;TRP;2;Don Sixto;MAIN;26|27|31;;;
3D78C237;1;SHZC;1;Bald Hill;MAIN;21;;;
3D78C237;2;THR;1;Bald Hill;MAIN;21;;;
3DC6B82D;1;SHZC;2;Pinchi property;MAIN;27;;;
3DC6B82D;2;INC;2;Pinchi property;MAIN;27;;;
3DD97DB5;1;BMF;1;Nueva California;MAIN;28;;;
3DED1FE0;1;CSF;1;Souker;MAIN;4|31;;;
3DED1FE0;2;FLD;1;Souker;MAIN;4|31;;;
3D769D3A;1;SHZC;1;Pine Grove;MAIN;27|29;2000.0;;extent:bounded
3D769D3A;2;SOF;2;Pine Grove;MAIN;31;;;
3DBE94B9;1;SHZC;2;San Albino;MAIN;29|30;;;
3DBE94B9;2;INT;2;San Albino;MAIN;30|31|34|37;;;
3E3286CD;1;INT;1;Alisitos;MAIN;30;;;
3E3286CD;2;INT;2;Alisitos;MAIN;27;;;
3E0C3436;1;INT;2;Yanque;MAIN;25|28;;;
3E0C3436;2;THR;2;Yanque;MAIN;25|28;;;
3E0C3436;3;BMF;2;Yanque;MAIN;27|28;;;
3E0C3436;4;FLD;2;Yanque;MAIN;25;;;
3E14A78F;1;FLD;2;Neves Corvo;MAIN;19;;;
3E14A78F;2;THR;2;Neves Corvo;MAIN;19|22;;;
3E3E6925;1;SOF;2;Busitema;MAIN;45;;;
3E3E6925;2;SHZC;1;Busitema;MAIN;46;;;
3E3E6925;3;INC;2;Busitema;MAIN;56;;;
3E82E424;1;SHZC;1;Sebembere;MAIN;36;;;
3E82E424;2;FLD;2;Sebembere;MAIN;34|36|41;5000.0;;extent:bounded
3E8664FC;1;SHZC;1;Anillo;MAIN;17;15000.0;;extent:range_mean
3E8664FC;4;INT;2;Anillo;MAIN;14;;;
3EB2AEB2;1;CLD;2;B Zone;MAIN;38;;;
3E9E2140;1;FLD;1;São Pedro das Águias;MAIN;18|22;;;
3E9E2140;2;FLD;2;São Pedro das Águias;MAIN;22;;;
3F512E1B;1;BMF;1;Salvo Project;MAIN;25;;;
3F04A6AE;1;SHZC;2;Minto Deposits;MAIN;4|66;;;
3F04A6AE;2;THR;1;Minto Deposits;MAIN;66;;;
3F04A6AE;3;FLD;2;Minto Deposits;MAIN;5|67;;;
3F33B170;1;THR;1;La Cuaba Lithocap;MAIN;13|14|17;;;
3FDA3E2A;1;FLD;2;James;MAIN;37|40;;;
3FDA3E2A;2;THR;2;James;MAIN;37|40;;;
3FDD5F6C;1;FLD;2;Burton;MAIN;19|23|24;;;
4070F1DB;1;SHZC;1;Saint-Charles;MAIN;24;250000.0;;extent:range_mean
4070F1DB;2;SHZC;1;Saint-Charles;MAIN;24;;;
4070F1DB;3;SOF;2;Saint-Charles;MAIN;28|33;;;
403B56DE;1;THR;2;Wild Rose - Deadwood Zone;MAIN;32|36|37|41;;;
403B56DE;2;SOF;1;Wild Rose - Deadwood Zone;MAIN;30;;;
403B56DE;3;LFT;1;Wild Rose - Deadwood Zone;MAIN;28|32;;;
403B56DE;4;THR;1;Wild Rose - Deadwood Zone;MAIN;30;;;
40301917;1;SHZC;2;MacLellan deposit;MAIN;31|33|34|35;;;
40AE3DEB;1;LFT;1;El Cajon deposit;MAIN;11;;;
40AE3DEB;2;FLD;2;El Cajon deposit;MAIN;13;;;
40AE3DEB;3;NRM;2;El Cajon deposit;MAIN;13;;;
40B9FC2D;1;THR;1;Fire Lake North;MAIN;58|63;;;
40B9FC2D;2;FLD;2;Fire Lake North;MAIN;70|72|78;;;
40B9FC2D;3;THR;2;Fire Lake North;MAIN;72;;;
4080F888;1;BMF;1;La Nueva Escondida;MAIN;19;;;distance:unparseable
4080F888;2;FLD;2;La Nueva Escondida;MAIN;19|23;;;
4080F888;4;THR;1;La Nueva Escondida;MAIN;19|23;;;
4080F888;5;SSF;1;La Nueva Escondida;MAIN;19|23;;;
40E339CC;1;GSC;2;North Zone;MAIN;15;;;
4140DD36;2;FLD;2;Brynnor;MAIN;11;;;
40F05832;1;SHZC;1;Neville-Potier Property;MAIN;53;;;
40FA379E;1;CSF;1;CUMO;MAIN;20|21;;;
41648E5F;1;THR;1;Pasto Bueno;MAIN;56;;;
41648E5F;2;SSF;2;Pasto Bueno;MAIN;57;;;
41648E5F;3;SOF;2;Pasto Bueno;MAIN;57;;;
41648E5F;4;ENE;3;Pasto Bueno;MAIN;57;;;
41BFB874;2;SSF;2;Spider Mine;MAIN;23;;;
41BFB874;3;FLD;1;Spider Mine;MAIN;23;;;
4202F2E1;1;FLD;2;Lomero-Poyatos;MAIN;38;;;
4202F2E1;2;THR;2;Lomero-Poyatos;MAIN;38|39;;;
4202F2E1;3;GSC;2;Lomero-Poyatos;MAIN;38;;;
4202F2E1;4;SHZC;2;Lomero-Poyatos;MAIN;38;;;
4202F2E1;5;MYLC;2;Lomero-Poyatos;MAIN;39;;;
42040425;1;SHZC;2;Imwauna;MAIN;44|46;;;
42040425;2;SOF;2;Imwauna;MAIN;46|58;;;
42040425;3;SSF;1;Imwauna;MAIN;44|58;;;
422C890C;1;SHZC;1;Los Azules;MAIN;51;;;
422C890C;2;SSF;2;Los Azules;MAIN;51;;;
422C890C;3;THR;2;Los Azules;MAIN;51;;;
422C890C;4;JOG;2;Los Azules;MAIN;52;;;
42935EE9;1;SSF;1;L;MAIN;29;;;
42935EE9;3;THR;2;L;MAIN;31|44;;;
42935EE9;4;SHZC;2;L;MAIN;44;;;
42935EE9;5;INC;2;L;MAIN;44;;;
42373668;2;SOF;2;Tres Hermanos Veins;MAIN;20;;;
4273A7A2;1;FLD;1;Banana Zone;MAIN;34|35|47;;;
4273A7A2;2;THR;1;Banana Zone;MAIN;25|47;;;
42C7DBED;1;DET;1;Main Breccia Zone;MAIN;30;;;
42C7DBED;2;SOF;2;Main Breccia Zone;MAIN;30;;;
42C7DBED;3;THR;2;Main Breccia Zone;MAIN;30;;;
42DAECFA;2;SOF;2;Goat Yard Prospect;MAIN;16|18;;;
42D5DCD3;1;SSF;1;Cevizlidere;MAIN;27;;;
43105BDC;1;BMF;1;Danakil Potash Deposit;MAIN;59|63;;;
43044FD1;1;BMF;1;Big Kidd Breccia;MAIN;16;;;
43044FD1;2;INT;2;Big Kidd Breccia;MAIN;16;;;
43044FD1;3;SHZC;1;Big Kidd Breccia;MAIN;28;;;
42F60873;1;CLD;1;Kirazlı;MAIN;49;;;
4345F35D;1;BMF;1;Tantamaco;MAIN;29|31;;;
4321C418;1;THR;2;El Zancudo;MAIN;37;;;
4321C418;2;CSF;1;El Zancudo;MAIN;36;;;
43B4B207;1;SHZC;1;Lumwana (Malundwe and Chimiwungo);MAIN;28;;;
43B4B207;2;SHZC;2;Lumwana (Malundwe and Chimiwungo);MAIN;29;;;
43B4B207;4;FLD;2;Lumwana (Malundwe and Chimiwungo);MAIN;34;;;
4381FAB3;1;SHZC;1;Trojan Mine;MAIN;49|54;;;
43C525A6;1;JOG;2;Valja Strz;MAIN;30;;;
43C525A6;2;THR;1;Valja Strz;MAIN;31;;;
43C525A6;3;SHZC;1;Valja Strz;MAIN;24;;;
43C525A6;4;LTC;2;Valja Strz;MAIN;31;;;
43C525A6;5;INC;2;Valja Strz;MAIN;31;;;
441F1793;1;FLD;1;La Francia;MAIN;18;;;
441F1793;2;THR;2;La Francia;MAIN;17|18;;;
441F1793;3;SSF;2;La Francia;MAIN;18;;;
435C2D7A;1;FLD;1;PBS Properties;MAIN;39;;;
4435EEA1;1;FLD;2;Norton Lake Property;MAIN;14;;;
443C3F18;1;CLD;2;Cordero;MAIN;10|11|13;;;
4466355F;1;INC;2;Zone III;MAIN;73;;;
44BD18C7;1;SOF;2;Kipoï Central;MAIN;33|56;;;
44BF994C;1;SOF;2;Zone 3;MAIN;15|16;;;
44D10935;1;TRT;1;Šturec;MAIN;37|39;6500.0;;extent:bounded
45279D3C;1;BMF;1;Deflationary Ironstone;MAIN;16|17|20;;;
44F08FBA;1;SHZC;1;Discovery Zone;MAIN;23;;;
44F08FBA;2;SHZC;2;Discovery Zone;MAIN;28|33;;;
44F08FBA;3;LTC;2;Discovery Zone;MAIN;28|33;;;
44F18370;1;CSF;1;Guadalupe Property;MAIN;18;;;
44F18370;2;JOG;2;Guadalupe Property;MAIN;18|22;;6500.0;
44D5E695;1;BMF;1;Changkeng;MAIN;21;;;
44D5E695;2;FLD;2;Changkeng;MAIN;23;;;
44D5E695;3;LTC;2;Changkeng;MAIN;23|25;;;
44D5E695;4;SOF;2;Changkeng;MAIN;23;;;
45102086;1;BMF;1;ROK;MAIN;17|21;;;
45102086;2;SSF;2;ROK;MAIN;21;3000.0;;extent:range_mean
4541D08B;1;SSF;1;Otter Project;MAIN;12;;;
4541D08B;2;SHZC;1;Otter Project;MAIN;20|22|24|27;;;
4541D08B;3;SHZC;2;Otter Project;MAIN;20|23|25;;;
4541D08B;4;SOF;3;Otter Project;MAIN;25;;;
45A337B0;1;SOF;2;Thompson Creek;MAIN;28;;;
4541D826;1;FLD;N/A;Watts River Deposit;MAIN;20;;;
45D4A481;1;SOF;2;Ondundu Main Zone;MAIN;16;;;
45D4A481;2;FLD;2;Ondundu Main Zone;MAIN;16;;;
45D4A481;3;SHZC;2;Ondundu Main Zone;MAIN;17;;;
45602BB9;1;SHZC;2;Sinchao;MAIN;30;2200.0;;
45602BB9;2;SOF;2;Sinchao;MAIN;30;;;
45E23CB1;2;JOG;2;Amulsar;MAIN;43;;;
45E23CB1;3;INT;2;Amulsar;MAIN;43;;;
45E23CB1;5;GSC;2;Amulsar;MAIN;44;;;
45FDAB67;1;FLD;2;Amapá Project;MAIN;29;;;
45FDAB67;2;SHZC;2;Amapá Project;MAIN;29;;;
45FDAB67;3;SHZC;3;Amapá Project;MAIN;35;;;
466DE97A;1;CSF;1;Two Mile Creek;MAIN;13;;;
466DE97A;2;THR;2;Two Mile Creek;MAIN;13|15;;;
466DE97A;3;FLD;2;Two Mile Creek;MAIN;13|14;;;
468F76DA;1;INC;2;Main Molybdenite Zone;MAIN;37|41;;;
469A1C23;1;FLD;1;Mantaro;MAIN;41;150000.0;;extent:bounded
46B6A6CB;1;BXP;2;Gjazuj;MAIN;104;;;
46B6A6CB;2;FLD;2;Gjazuj;MAIN;105;;;
46AFF9C4;1;CSF;1;Two Time Zone;MAIN;31;;;
46AFF9C4;2;SOF;2;Two Time Zone;MAIN;31;;;
46AFF9C4;3;BXP;2;Two Time Zone;MAIN;28;;;
46E849B8;1;FLD;1;Hinton Coal Property;MAIN;12;;;
46D0ABED;1;SHZC;2;Workman's Bench - Pringle Bench;MAIN;45|47;1609.3;;
46CEF312;1;INT;2;Del Carmen system;MAIN;45;;;
4723E528;1;FLD;2;Lost-Fox Area;MAIN;36|37;;;
4723E528;2;THR;2;Lost-Fox Area;MAIN;36|37;;;
46ED4661;1;BMF;1;Gnome Property;MAIN;39|45|52;;;
46ED4661;2;THR;1;Gnome Property;MAIN;33|44|51;;;
46ED4661;3;FLD;2;Gnome Property;MAIN;45|51;;;
47AD5F97;1;MYLC;1;El Paredon;MAIN;14;;;
47AD5F97;2;THR;1;El Paredon;MAIN;14;;;
47AD5F97;3;FLD;2;El Paredon;MAIN;17|18;;;
471799A3;3;SHZC;2;Inmachuk Prospect;MAIN;17;;;
47C43B0C;1;GSC;2;BlueGum Alluvial Diamond Deposits;MAIN;68|69|76;;;
47C43B0C;2;INT;2;BlueGum Alluvial Diamond Deposits;MAIN;68|76;;;
47EAC1B7;1;FLD;1;Vista South;MAIN;20;70000.0;;
47EAC1B7;2;THR;1;Vista South;MAIN;20;;;
47CFC157;1;TRP;1;Yandera;MAIN;19;;;
47CFC157;2;FLW;1;Yandera;MAIN;19;;;
48400570;1;CSF;1;Bunker Hill Mine area;MAIN;19;;;
48400570;2;SHZC;2;Bunker Hill Mine area;MAIN;24;;;
4820F8E9;1;INC;2;Blackbird deposits;MAIN;43;;;
4820F8E9;3;FLD;2;Blackbird deposits;MAIN;43;;;
483EF80A;1;CLD;1;Alisitos;MAIN;31|32;;;
483EF80A;3;INT;2;Alisitos;MAIN;28;;;
483EF80A;4;INT;2;Alisitos;MAIN;31|32;;;
481C8DD1;1;FLD;2;Haile;MAIN;25|169;;;
481C8DD1;2;SHZC;2;Haile;MAIN;25|26|169|170;;;
4884B338;1;CSF;1;R190;MAIN;50;;;
4887C792;1;FLD;2;Main Grid Lenses;MAIN;19|20|21;;;
4887C792;2;CSF;1;Main Grid Lenses;MAIN;14;;;
4897439E;1;SSF;2;La Verde;MAIN;38;;;
48A38FDF;1;SSF;1;Porphyry Knob;MAIN;14|18;;;
48A38FDF;2;SHZC;2;Porphyry Knob;MAIN;18;;;
49206A9E;1;FLD;1;Ho Ray and Thac Trang;MAIN;32;;;
49206A9E;4;MYLC;2;Ho Ray and Thac Trang;MAIN;36;;;
48BC2F60;1;NRM;1;Las Carolinas;MAIN;24;;;
48BC2F60;2;SHZC;1;Las Carolinas;MAIN;24;;;
4940B90E;1;SSF;1;Azulcocha Cuerpo;MAIN;23;;;
4940B90E;2;JOG;2;Azulcocha Cuerpo;MAIN;23;;;
4940B90E;3;SOF;2;Azulcocha Cuerpo;MAIN;27;;;
498BEC64;1;FLD;2;Deposit 1;MAIN;59|61|67;;;
498BEC64;2;SHZC;1;Deposit 1;MAIN;57|59;;;
498BEC64;3;MYLC;2;Deposit 1;MAIN;59;;;
49261CF4;1;CSF;1;Vetas;MAIN;37|40;;;
49261CF4;2;SOF;2;Vetas;MAIN;37|41;;;
49261CF4;3;SHZC;2;Vetas;MAIN;43|50;;;
49261CF4;4;FLD;2;Vetas;MAIN;45;;;
49A2BA6B;1;SHZC;2;Orfée and Orfée East;MAIN;15;;;
49A2BA6B;2;FLD;2;Orfée and Orfée East;MAIN;18;;;
49C553E3;1;SSF;1;Kamila;MAIN;52;10000.0;;
49C553E3;2;SOF;2;Kamila;MAIN;58;;;
49C553E3;3;ENE;3;Kamila;MAIN;58;;;
49C553E3;4;INT;2;Kamila;MAIN;58;;;
49FECE74;1;SHZC;2;Hat;MAIN;32|33|34;;;
49FECE74;2;THR;2;Hat;MAIN;33;;;
49FECE74;3;INC;2;Hat;MAIN;30;;;
4A041DC6;1;SHZC;N/A;Hercules showing;MAIN;14;2.0;;
4A156B50;1;THR;2;Ample-Goldmax zone;MAIN;22|24|26;;;
4A156B50;2;INT;3;Ample-Goldmax zone;MAIN;24;;;
4A156B50;3;FLD;2;Ample-Goldmax zone;MAIN;24;;;
4AD0FF27;1;LTC;2;Silverstreams;MAIN;34;;;
4A3901C1;1;FLD;1;Deep Gold;MAIN;26;;;
4A3901C1;2;BMF;1;Deep Gold;MAIN;29;;;
4A5D0194;1;SSF;1;South Corridor Deposit;MAIN;15;;;
4A5D0194;2;INT;2;South Corridor Deposit;MAIN;15;;;
4AB2E7AF;1;THR;1;Snowfield;MAIN;62;;1000.0;distance:bounded
4AB2E7AF;2;THR;2;Snowfield;MAIN;62;;;
4AB2E7AF;3;SSF;2;Snowfield;MAIN;62;;;
4AF50809;1;FLD;2;Mooseland;MAIN;44|46|48|49;;;
4B0432B2;1;SHZC;2;Trieste prospect;MAIN;16;;;
4B700DD3;1;MYLC;2;Thierry deposit;MAIN;27|33;1000.0;;
4B700DD3;2;SOF;2;Thierry deposit;MAIN;34;;;
4BB57FF6;2;BMF;2;Central Quartz Vein Zone;MAIN;13|15;;;
4B9ACD89;1;TRT;1;El Creston;MAIN;31|34;;;
4B9ACD89;2;JOG;2;El Creston;MAIN;31|36;;;
4BB2761D;1;FLD;1;Maybrun;MAIN;35;;;
4BB2761D;3;SHZC;2;Maybrun;MAIN;37;;;
4C50DC0B;1;SHZC;2;Velvet Mine;MAIN;33;;;
4C50DC0B;2;INT;3;Velvet Mine;MAIN;33;;;
4C901ADA;1;CSF;1;De Bron Project;MAIN;23|25;;;
4C901ADA;2;SOF;2;De Bron Project;MAIN;25;;;
4C901ADA;3;FLD;1;De Bron Project;MAIN;24;;;
4C901ADA;4;UNC;1;De Bron Project;MAIN;24|32;;;
4C23972A;1;LFT;1;Pumpkin Hollow;MAIN;55|59|62|67;;;
4C23972A;2;INC;2;Pumpkin Hollow;MAIN;75;;;
4CAECF49;1;FLD;1;SOFS Goldfield Projects;MAIN;66;;;
4CAECF49;3;THR;2;SOFS Goldfield Projects;MAIN;66;;;
4C3EE521;1;FLD;2;Leadbetter Conglomerate;MAIN;28|31;;;
4C3EE521;2;SHZC;2;Leadbetter Conglomerate;MAIN;28;;;
4C3EE521;3;SSF;1;Leadbetter Conglomerate;MAIN;31;;;
4CE09B61;1;INT;N/A;Ba Dinh area;MAIN;10|11;;;
4CD384BB;1;SHZC;1;Rocmec 1;MAIN;30;;;
4CD384BB;2;SHZC;2;Rocmec 1;MAIN;30;;;
4CD384BB;4;INC;2;Rocmec 1;MAIN;30|37;;;
4CE6241D;1;THR;1;Minas-Rio;MAIN;29|30;;;
4CE6241D;2;FLD;1;Minas-Rio;MAIN;29|30|32;;;
4CE6241D;3;NRM;1;Minas-Rio;MAIN;29;;;
4CE6241D;4;THR;2;Minas-Rio;MAIN;39;;;
4CE6241D;6;FLD;2;Minas-Rio;MAIN;32|39;;;
4CF0942F;2;THR;2;BYP Gold Mineralization;MAIN;41|50;;;
4CF0942F;3;FLD;2;BYP Gold Mineralization;MAIN;39;;;
4CF670D1;1;SHZC;1;A Plug;MAIN;26|33;;;
4CF670D1;2;THR;2;A Plug;MAIN;26|27|29|32;;;
4CF670D1;3;LTC;2;A Plug;MAIN;29;;;
4CF670D1;4;SHZC;2;A Plug;MAIN;33|34;;;
4D20499A;1;SHZC;1;Belleterre Mine;MAIN;17;;;
4D20499A;3;FLD;1;Belleterre Mine;MAIN;17;;;
4D20499A;4;SHZC;2;Belleterre Mine;MAIN;18|20;;;
4D20B895;1;SOF;2;Palanog-Kambalantong;MAIN;39|46|54|62;6000.0;;extent:bounded
4D20B895;2;SOF;2;Palanog-Kambalantong;MAIN;39|46|54|62;;;
4D649093;1;THR;1;Spanish Mountain;MAIN;23;;;
4D649093;2;NRM;2;Spanish Mountain;MAIN;23|26|41|50;2000.0;;extent:bounded
4D649093;3;FLD;2;Spanish Mountain;MAIN;22|23|26|32|33|34;;;
4D649093;4;THR;2;Spanish Mountain;MAIN;50;;;
4D726E55;2;GSC;2;JOY East Property;MAIN;16;;;
4DAC653D;1;CSF;1;Orosi;MAIN;55|56;5000.0;;extent:bounded
4DAC653D;2;ENE;3;Orosi;MAIN;56;;;
4DAC653D;3;SOF;2;Orosi;MAIN;56;;;
4DB85FF3;1;SHZC;1;Northwest and Southeast Zones;MAIN;36;;;
4DB85FF3;2;SHZC;2;Northwest and Southeast Zones;MAIN;35;;;
4DB85FF3;3;INT;2;Northwest and Southeast Zones;MAIN;36;;;
4DC2B587;1;CSF;1;Allammaq;MAIN;21;;;
4DC2B587;2;THR;1;Allammaq;MAIN;21;;;
4DC2B587;3;THR;2;Allammaq;MAIN;22;;;
4DC2B587;4;FLD;2;Allammaq;MAIN;22;;;
4E1A8212;1;SHZC;1;Doran;MAIN;35;;;
4E1A8212;3;SOF;2;Doran;MAIN;42;;;
4E5C34BB;1;DET;1;Main Breccia Zone;MAIN;30;;;
4E5C34BB;2;SSF;1;Main Breccia Zone;MAIN;30;;;
4E5C34BB;3;LFT;2;Main Breccia Zone;MAIN;30;;;
4E5C34BB;4;SOF;2;Main Breccia Zone;MAIN;30;;;
4E5C34BB;5;THR;2;Main Breccia Zone;MAIN;30;;;
4E542F37;1;THR;1;Record Ridge South;MAIN;25|26;;;
4E542F37;2;LTC;2;Record Ridge South;MAIN;26;;;
4E542F37;3;FLD;3;Record Ridge South;MAIN;25;;;
4ECB7CDB;1;GSC;2;Ryan Lake;MAIN;15;;;
4ECB7CDB;2;SOF;2;Ryan Lake;MAIN;15;;;
4ECB7CDB;3;SHZC;2;Ryan Lake;MAIN;15;;;
4E5C9E35;1;GSC;2;Çöpler;MAIN;60;;;
4E5C9E35;4;THR;2;Çöpler;MAIN;61;;;
4E6C8BE2;1;SHZC;1;MacCormack;MAIN;20|22|34;350.0;;
4E6C8BE2;2;SOF;2;MacCormack;MAIN;23;;;
4E6C8BE2;3;INT;2;MacCormack;MAIN;23|25;;;
4EE95E8E;1;CSF;1;El Tesoro;MAIN;20;;;extent:unparseable
4EE95E8E;2;SHZC;2;El Tesoro;MAIN;20|23;;;
4F000A95;1;CSF;1;MacCormack Showing;MAIN;24|26;350000.0;;extent:bounded
4F000A95;2;SOF;2;MacCormack Showing;MAIN;26;;;
4F000A95;3;SHZC;2;MacCormack Showing;MAIN;36;1600.0;;
4F217738;1;SHZC;2;Rocher Deboule Mine;MAIN;25|33|35;;;
4F247081;1;SHZC;1;Matala;MAIN;23|26|27|30;;;
4F247081;2;FLD;2;Matala;MAIN;27|28;;;
4F247081;3;SHZC;2;Matala;MAIN;37;;;
4FB4F60D;1;SHZC;2;Gralheira;MAIN;30|33;3200.0;;
4F59691F;1;THR;2;Isabelle zone;MAIN;13;;;
4F59691F;2;FLD;2;Isabelle zone;MAIN;13;;;
4F83AEF5;1;CSF;1;Central Zone;MAIN;15|40|49;;;
4F7DC1A5;1;FLD;1;Inco Anomaly;MAIN;26;;;
4F7DC1A5;2;SHZC;2;Inco Anomaly;MAIN;30;;;
4F4DBB42;1;FLD;1;Zun-Holba;MAIN;47|49|50;;;
4F4DBB42;2;SHZC;1;Zun-Holba;MAIN;47|50|51;;;
4F4DBB42;3;SHZC;2;Zun-Holba;MAIN;51;;;
4F4DBB42;4;ENE;3;Zun-Holba;MAIN;65;;;
4F929CF0;1;SSF;1;Copaquire;MAIN;39;;;
4F929CF0;3;SOF;2;Copaquire;MAIN;42;;;
4FD30F90;1;FLD;2;Fording River Operations;MAIN;23;;;
4FD30F90;2;THR;2;Fording River Operations;MAIN;23;;;
4FD30F90;3;NRM;1;Fording River Operations;MAIN;24;;;
5041CBBF;1;SHZC;2;Mop-II;MAIN;29|33;;;
50774DBB;1;INT;2;No. 7 Deposit;MAIN;63;;;
4FC2EB2F;1;THR;1;Caspiche Porphyry;MAIN;62;;;
4FC2EB2F;2;TRT;1;Caspiche Porphyry;MAIN;62;;;
5079DA0F;1;SHZC;1;Greywacke Lake;MAIN;22;;;
5079DA0F;2;FLD;2;Greywacke Lake;MAIN;22|29|31;;;
512CAAE6;1;CSF;1;Anomaly Area E-13;MAIN;42;;;
5138B3DB;1;SOF;2;Duggan Zone;MAIN;29;;;
51F43B87;1;FLD;1;Itafós Arraias;MAIN;101;;;
51AD892A;1;FLD;2;Zinc Zone;MAIN;24;;;
51AD892A;2;INT;2;Zinc Zone;MAIN;34|35;;;
51B8AA5D;1;SHZC;2;Astorius-Babine Project;MAIN;18;;;
5267C1F9;1;FLD;2;Santa Rita;MAIN;38;;;
52834053;1;SSF;1;Marietta Project;MAIN;10;;;
52834053;2;THR;2;Marietta Project;MAIN;12;;;
52D26047;1;SHZC;1;Hamelin zone;MAIN;13|18;;;
52D26047;2;SHZC;2;Hamelin zone;MAIN;16;;;
52FE566E;1;SHZC;2;Malrobic Zone;MAIN;23;1300.0;;
52A45118;1;FLD;2;Capoose deposit;MAIN;14;;;
5365724E;1;THR;1;Gold Hill Property;MAIN;9|10|12;;;
5394FE2A;1;SHZC;1;Sleeping Giant Mine;MAIN;16;;;
5394FE2A;2;SOF;2;Sleeping Giant Mine;MAIN;16|17;;;
5394FE2A;3;LTC;2;Sleeping Giant Mine;MAIN;17;;;
5394FE2A;4;FLD;2;Sleeping Giant Mine;MAIN;16|19;;;
53770FD2;1;SSF;1;Goldfield West;MAIN;14|16;;;
53770FD2;2;SOF;2;Goldfield West;MAIN;18|20;;;
53A56C3A;1;THR;1;Rex Seam;MAIN;30|31;;;
53A56C3A;4;FLD;1;Rex Seam;MAIN;30|31;22530.8;;
53A56C3A;5;FLD;1;Rex Seam;MAIN;30|31;;;
5387EDAC;2;SHZC;2;Hawk Project;MAIN;17|18;;;
5387EDAC;3;ENE;3;Hawk Project;MAIN;18;;;
537E1BD9;1;DET;2;Lalor;MAIN;45;;;
53F0413F;1;SHZC;1;Yanamina;MAIN;45|48|50|52;30000.0;;extent:approx_magnitude
53FB08B4;1;THR;1;Hope Brook deposit;MAIN;73|74|91;;;
53FB08B4;2;MYLC;1;Hope Brook deposit;MAIN;92;;;
53FB08B4;3;SOF;2;Hope Brook deposit;MAIN;91;;;
540294F3;1;BMF;1;Mmamabula Energy Complex;MAIN;26;;;
540294F3;3;FLD;2;Mmamabula Energy Complex;MAIN;37|38;;;
540294F3;4;UNC;2;Mmamabula Energy Complex;MAIN;37|47;;;
540FEB06;1;CSF;1;Tocantinzinho;MAIN;27;;;
540FEB06;2;INT;2;Tocantinzinho;MAIN;38;;;
54CF27A7;1;CSF;1;Anticipated Porphyry Deposit;MAIN;12;;;
5449228E;1;SOF;2;Duggan Zone;MAIN;29;;;
54460D4E;1;BXP;2;Star Kimberlite;MAIN;73|74;;;
552BB802;1;SHZC;1;A-B Zone;MAIN;16;;800.0;
552BB802;2;SOF;2;A-B Zone;MAIN;16;;400.0;distance:bounded
552BB802;3;FLD;2;A-B Zone;MAIN;16;;;
552BB802;4;LTC;2;A-B Zone;MAIN;16|17;;;
552BB802;5;LFT;2;A-B Zone;MAIN;17;;;
551A40F4;1;SHZC;1;Lonnie;MAIN;23|30;;;distance:unparseable
5593C773;1;THR;1;Santander Mine;MAIN;14|16;;;
5593C773;2;INT;2;Santander Mine;MAIN;14|16;;;
5593C773;3;FLD;2;Santander Mine;MAIN;16;;;
54859A14;1;SOF;2;Discovery Zones;MAIN;21|22|41;1700.0;;extent:bounded
54859A14;2;BXP;2;Discovery Zones;MAIN;21|22|41;1700.0;;extent:bounded
54859A14;3;SOF;3;Discovery Zones;MAIN;29;;;
54859A14;4;INT;2;Discovery Zones;MAIN;29|30;130.0;;extent:bounded
55E99D58;1;ENE;3;Endako;MAIN;23|28;;;
55FCF004;1;SSF;N/A;Merensky Reef;MAIN;45;;;
5604DE16;1;MYLC;2;Target 1;MAIN;32;;;
55AE5BD7;1;BMF;1;Gnome Property;MAIN;39|45|52;;;
55AE5BD7;2;THR;1;Gnome Property;MAIN;33|44|45;;;
55AE5BD7;3;FLD;2;Gnome Property;MAIN;51;;;
55AE5BD7;4;THR;2;Gnome Property;MAIN;51;;;
56514E14;1;FLD;1;Hart;MAIN;24;;;
572E953B;1;INT;2;Patricia;MAIN;24;;;
570E3DAF;1;BXP;1;Zone 4;MAIN;43;550.0;;extent:range_mean
570E3DAF;3;SSF;1;Zone 4;MAIN;36;;;
576AA0D3;1;CSF;1;Matala;MAIN;17|20|24;;;
576AA0D3;2;SHZC;2;Matala;MAIN;30;;;
576AA0D3;3;FLD;2;Matala;MAIN;24;;;
5771DECA;1;TRT;1;Niobec Mine;MAIN;62;145000.0;;extent:range_mean
575D71A5;3;INT;2;Cañariaco Norte;MAIN;46;;;
578CDB17;1;NRM;2;Prince Mine;MAIN;15;3000.0;;extent:bounded
578CDB17;2;THR;1;Prince Mine;MAIN;15|17;;;
578CDB17;3;INT;2;Prince Mine;MAIN;23;;;
57B18007;2;BXP;2;Descubridora Prospect;MAIN;18;1000.0;;extent:bounded
5817F72C;1;BMF;2;Anderson Property;MAIN;28|29;;;
5829398A;1;BMF;1;Pozo Seco;MAIN;23|32;;;
5829398A;2;THR;2;Pozo Seco;MAIN;30|34;;;
580577A0;1;CSF;1;Thunder Lake Deposit;MAIN;35|40;;;
580577A0;2;FLD;2;Thunder Lake Deposit;MAIN;41|44|45|55;;;
580577A0;3;INT;2;Thunder Lake Deposit;MAIN;45;;;
582A88EE;1;SOF;2;Fire Tower Zone;MAIN;48|59;;;
582A88EE;2;SSF;1;Fire Tower Zone;MAIN;44|46;;;
582A88EE;3;CLD;1;Fire Tower Zone;MAIN;48;;;
585C9200;1;FLD;2;Achachucani;MAIN;68|71|78|81;;;
585C9200;2;SHZC;1;Achachucani;MAIN;68|78;;;
585C9200;3;THR;2;Achachucani;MAIN;68|71;;;
585C9200;4;LFT;2;Achachucani;MAIN;71|84;;;
585C9200;5;LTC;2;Achachucani;MAIN;71;;;
58953429;1;SHZC;2;Addison occurrence;MAIN;25|40;;;
5895D0DD;1;SHZC;2;Scadding Property;MAIN;23|24|26;;;
58C37B20;2;FLD;2;Rosario;MAIN;45;;;
5943EC7D;1;THR;1;Sid Mining Coal Project;MAIN;22;;112653.8;distance:bounded
5943EC7D;2;FLD;1;Sid Mining Coal Project;MAIN;22;;;
58F0383D;1;CSF;1;Taysan Copper-Gold Deposit;MAIN;63;;;
58F0383D;4;SHZC;2;Taysan Copper-Gold Deposit;MAIN;67;;;
5966C49E;1;INT;3;Grand Calumet;MAIN;33;7.0;;
59669023;2;SHZC;3;Maybrun;MAIN;42;;;
59172B3E;1;CSF;1;San Gabriel Zone;MAIN;22|23|33|39;500000.0;15000.0;
59172B3E;2;SOF;2;San Gabriel Zone;MAIN;22|23;;;
598EF520;1;SHZC;1;Fire Eye property;MAIN;13|21|28;;;
59AFD4A4;1;SSF;1;Toordogiin Shil;MAIN;34;;;
59AFD4A4;2;THR;1;Toordogiin Shil;MAIN;34;10000.0;;
59EFAEDB;1;THR;1;Willow Creek Coal Seams;MAIN;25;;;
59EFAEDB;2;FLD;1;Willow Creek Coal Seams;MAIN;25;50000.0;;extent:bounded
5AC5A348;1;FLD;1;Obed-Marsh;MAIN;15;;;
5AC5A348;3;FLD;3;Obed-Marsh;MAIN;16|17;;;
5A407489;1;SSF;N/A;Roby Zone;MAIN;45|51;;;
59D91001;1;CSF;1;Whitemouth Lake;MAIN;13|14|16;;;
59D91001;2;SHZC;2;Whitemouth Lake;MAIN;15;;;
5ACD5B76;1;BMF;2;Angela vein;MAIN;28|29;;;
5A275BC5;1;SSF;1;Fruta del Norte;MAIN;42|44;;;
5A275BC5;2;INT;2;Fruta del Norte;MAIN;42;;;
5A275BC5;3;SOF;2;Fruta del Norte;MAIN;42|53;;;
5A275BC5;4;JOG;1;Fruta del Norte;MAIN;44;;;
5AF2E239;1;THR;1;Hope Brook;MAIN;72|74;;;
5AF2E239;2;SHZC;1;Hope Brook;MAIN;72|74;;;
5B0AE221;1;CSF;1;Coffee Can zone;MAIN;19;;;
5B0AE221;2;SHZC;2;Coffee Can zone;MAIN;19|22;;;
5B1342D7;1;BMF;1;Artillery Mountains Manganese Deposits;MAIN;19|23|26;;;
5B0F6022;1;SHZC;2;Nkamouna;MAIN;56|57;;;
5B5A3395;1;CSF;1;Nyota;MAIN;28;;;
5B5A3395;2;INT;2;Nyota;MAIN;31;;;
5BA26F6A;1;SHZC;1;Two Mile Creek;MAIN;14|16;;;
5BA26F6A;2;THR;2;Two Mile Creek;MAIN;14|16;;;
5BA26F6A;3;FLD;2;Two Mile Creek;MAIN;14|15;;;
5BEA515E;1;BMF;1;Algún Día;MAIN;31|36|41;80000.0;;extent:bounded
5BEA515E;2;DET;2;Algún Día;MAIN;41|42;;;
5BEA515E;3;SOF;3;Algún Día;MAIN;43;;;
5C49F14A;1;FLD;2;Radio Hill;MAIN;35;;;
5C38CD0D;2;THR;N/A;Dardenelles;MAIN;20;;;
5C1740DE;1;CSF;1;Batovi Kimberlites;MAIN;14|15;;;
5C1740DE;2;INT;2;Batovi Kimberlites;MAIN;15;;;
5BB1C78B;1;CSF;1;Emigrant District;MAIN;28;;;
5BB1C78B;4;INT;2;Emigrant District;MAIN;34;;;
5BB1C78B;5;SHZC;2;Emigrant District;MAIN;38|63|64;900.0;;extent:bounded|extent:from_metric_paren
5C4E1E8D;1;FLD;2;Kamistiatusset Iron Formation;MAIN;39|43|47;;;
5C4E1E8D;2;THR;1;Kamistiatusset Iron Formation;MAIN;39;;;
5CC2E566;1;FLD;2;Waterloo showing;MAIN;20|22;;;
5CC2E566;2;LTC;2;Waterloo showing;MAIN;22|32;;;
5C5B6FC3;1;SHZC;1;Wona;MAIN;47;;;
5D6E947F;1;SOF;2;Palmarejo;MAIN;45;2000.0;;extent:bounded
5D6E947F;2;LFT;2;Palmarejo;MAIN;45|60;2500.0;;extent:bounded
5D6E947F;3;INT;2;Palmarejo;MAIN;45|52;;;
5D6E947F;4;JOG;2;Palmarejo;MAIN;52;;;
5DA361A7;1;SSF;1;Minago deposit;MAIN;52;;;
5DA361A7;2;FLD;2;Minago deposit;MAIN;52|54;;;
5DA361A7;3;SHZC;1;Minago deposit;MAIN;50|52;;;
5DA361A7;4;MYLC;1;Minago deposit;MAIN;50|53;;;
5E06C324;1;THR;1;Magistral Deposits;MAIN;30|35;;;
5E06C324;2;FLD;2;Magistral Deposits;MAIN;29|35;;;
5E06C324;3;NRM;2;Magistral Deposits;MAIN;30|35;;;
5E1F82CF;1;NRM;2;Down Yonder;MAIN;31|36;;;
5E1F82CF;2;FLD;1;Down Yonder;MAIN;27|36;;;
5E0E3CD8;1;TRT;N/A;Chelopech;MAIN;38;;;
5E0E3CD8;2;INT;N/A;Chelopech;MAIN;38;;;
5E0E3CD8;3;JOG;2;Chelopech;MAIN;36;;;
5E0E3CD8;4;SHZC;3;Chelopech;MAIN;42;;;
5DFB4E11;1;SHZC;2;Dorset Zone;MAIN;17|20;;;
5DFB4E11;2;SHZC;1;Dorset Zone;MAIN;16|17;3000.0;;extent:bounded
5DFB4E11;3;FLD;3;Dorset Zone;MAIN;17;;;
5DFB4E11;4;GSC;2;Dorset Zone;MAIN;19|20;;;
5EA75021;1;TRP;1;Azulcocha Cuerpo;MAIN;32;;;
5EA75021;2;JOG;2;Azulcocha Cuerpo;MAIN;33;;;
5F6ED191;1;LTC;2;Kuriskova;MAIN;22|24;;;
5F6ED191;2;SSF;1;Kuriskova;MAIN;24;;;
5F6323CD;1;SHZC;1;Ming Mine;MAIN;51|52;;;
5F6323CD;2;THR;2;Ming Mine;MAIN;52;;;
5EAB4DF7;1;FLD;1;Bronson Slope;MAIN;70;;;
5EAB4DF7;2;FLD;2;Bronson Slope;MAIN;70;;;
5F2C8A26;1;JOG;2;Atenea Structure;MAIN;24;;;
5F2C8A26;2;SSF;1;Atenea Structure;MAIN;24;;;
5FE73988;1;CSF;1;Coffee Can;MAIN;19;;;
5FE73988;2;SHZC;2;Coffee Can;MAIN;19|22;;;
5EE2AA97;1;TRT;1;Kestane;MAIN;26;;;
5EE2AA97;2;TRP;2;Kestane;MAIN;26;;;
600CE72D;1;LTC;2;BlueGum;MAIN;68|76;;;
600CE72D;2;INT;2;BlueGum;MAIN;68|76;;;
603B2A72;1;THR;1;Perry Creek;MAIN;27;;;
603B2A72;2;FLD;2;Perry Creek;MAIN;27|28|29;;;
60B564EB;1;BMF;N/A;Main Homestake deposit;MAIN;59;;;
6048C966;1;INT;1;Noseno;MAIN;28;;;
60B605C2;1;INC;2;Zone III;MAIN;29;;;
60A9D336;1;CSF;1;Red Chris;MAIN;43;;;
60A9D336;2;BMF;2;Red Chris;MAIN;40;;;
60A9D336;3;SOF;2;Red Chris;MAIN;43;;;
60F256FC;2;SHZC;2;Bolivar;MAIN;29;400.0;;
6119D321;2;SHZC;2;Imperial Zone;MAIN;34;3000.0;;extent:approx_magnitude
6119D321;3;SOF;2;Imperial Zone;MAIN;24|34;;;
6119D321;4;SOF;3;Imperial Zone;MAIN;24;;;
6119D321;5;TRP;1;Imperial Zone;MAIN;24|35;;;
611E8AEC;1;CSF;1;Toldafria;MAIN;25|30;;;
611E8AEC;2;TRT;2;Toldafria;MAIN;25;;;
611E8AEC;3;SHZC;2;Toldafria;MAIN;25;;;
612C9CDE;1;MYLC;2;Farellon Shear Zone;MAIN;38;1700.0;;
612C9CDE;2;SOF;2;Farellon Shear Zone;MAIN;38;1700.0;;
616F5B1A;1;FLD;1;Norton Zone;MAIN;39|41;;;
616F5B1A;2;INT;2;Norton Zone;MAIN;39;;;
61D655B3;1;FLD;2;Karchiga;MAIN;36|44;;;
61BB88E9;1;CSF;1;Mocoa;MAIN;26|33;;;
61EC83B2;1;FLD;2;Baruun Naran;MAIN;35|46;3000.0;;extent:approx_magnitude
61EC83B2;2;SHZC;1;Baruun Naran;MAIN;38|49;30000.0;;extent:approx_magnitude
61EC83B2;3;BMF;1;Baruun Naran;MAIN;49;;;
61EC83B2;4;THR;2;Baruun Naran;MAIN;48;;;
626458B7;1;SHZC;1;Jubilee zone;MAIN;19;50000.0;;extent:bounded
626458B7;2;FLD;1;Jubilee zone;MAIN;19;30000.0;;extent:bounded
626458B7;3;SHZC;2;Jubilee zone;MAIN;19|22;;;
626458B7;4;LTC;2;Jubilee zone;MAIN;23;;;
626458B7;5;GSC;2;Jubilee zone;MAIN;24;;;
61F7971A;1;THR;2;V9;MAIN;11;;;
61FC4108;1;SHZC;1;Green Giant;MAIN;30;;;
61FC4108;2;SHZC;2;Green Giant;MAIN;31|32;;;
624D4989;2;SHZC;2;Lac Colombet Property;MAIN;28;;;
627CC42C;1;FLD;2;La Pastorera/Aragón;MAIN;52;;;
62D07164;1;SHZC;2;Zone III;MAIN;31;;;
62D07164;2;LTC;2;Zone III;MAIN;31;;;
62CAF0E7;2;LTC;2;Ormsby Zone;MAIN;41;;;
628C3C6B;1;TRT;1;Kay Tanda - Pulang Lupa;MAIN;38|39|57;;;
628C3C6B;2;INT;2;Kay Tanda - Pulang Lupa;MAIN;57;;;
632CD96C;1;FLD;1;Verticalnaya North Project;MAIN;21;;;
62E62B91;1;CSF;1;Chapadão cluster;MAIN;22|30;;;
62E62B91;2;INT;2;Chapadão cluster;MAIN;30;;;
63040973;1;INT;2;Rosia Montana;MAIN;50;;;
63040973;2;CSF;1;Rosia Montana;MAIN;50;13000.0;;
63040973;4;CLD;2;Rosia Montana;MAIN;50;;;
63469DD0;1;FLD;1;Foster Ledge;MAIN;16;;;
63469DD0;2;SSF;2;Foster Ledge;MAIN;18|21;;;
63469DD0;3;ENE;3;Foster Ledge;MAIN;18|22;;;
635CE6A4;1;SHZC;N/A;Lely Project;MAIN;20;;;
635CE6A4;2;INT;N/A;Lely Project;MAIN;20;;;
635CE6A4;3;LTC;N/A;Lely Project;MAIN;20;;;
635CE6A4;4;FLD;N/A;Lely Project;MAIN;20;;;
6367151C;1;THR;N/A;Ming Mine;MAIN;33;;;
6367151C;2;SHZC;2;Ming Mine;MAIN;33|34;;;
639266C7;1;THR;2;Houston;MAIN;27|32;;;
639266C7;2;FLD;2;Houston;MAIN;27;;;
63837C75;1;BMF;1;Sleeper;MAIN;30|33;;;
63837C75;2;INT;2;Sleeper;MAIN;33;;;
63C084C2;1;FLD;1;Main Sill;MAIN;14|15;;;
63C084C2;2;SHZC;2;Main Sill;MAIN;14|15|17;;;
63C084C2;3;LTC;2;Main Sill;MAIN;15|17;;;
63AF2ABD;1;BMF;1;Coles Hill;MAIN;31|32;;;
63AF2ABD;2;SOF;2;Coles Hill;MAIN;33;;;
63A5835F;1;FLD;2;Accha;MAIN;34|36;;;
63C0B76C;1;THR;1;Curraghinalt;MAIN;28;;3000.0;
63C0B76C;2;SHZC;2;Curraghinalt;MAIN;29|33|35;;;
63E46890;1;BMF;1;Tantamaco;MAIN;27|29;;;
646B1DEC;1;SSF;2;Minago deposit;MAIN;40;;;
646B1DEC;2;FLD;2;Minago deposit;MAIN;40|42;;;
646B1DEC;4;MYLC;2;Minago deposit;MAIN;39|41;;;
64813AC9;1;CSF;1;Copper Mountain;MAIN;42|43;;;
64813AC9;2;SOF;2;Copper Mountain;MAIN;42;;;
64813AC9;3;INT;2;Copper Mountain;MAIN;43;;;
64813AC9;4;INC;2;Copper Mountain;MAIN;42|43;;;
649A1EB4;1;CSF;1;Tri-Eagle Claims Prospect;MAIN;18;;;
649A1EB4;2;FLD;1;Tri-Eagle Claims Prospect;MAIN;24;;;
64AFC897;1;FLD;1;Bloom Lake deposit;MAIN;34|36;;;
65435B08;1;FLD;1;Authier;MAIN;19;;;
64EA3E32;1;FLD;1;Potter Mine;MAIN;13;;;
64EA3E32;2;FLD;2;Potter Mine;MAIN;14;;;
64EA3E32;3;BMF;2;Potter Mine;MAIN;18;;;
64EA51A8;1;FLD;2;San Rafael vein;MAIN;21;;;
658C7FC2;1;SHZC;1;Wona;MAIN;51;;;
64F54EFC;1;MYLC;1;Clot deposit;MAIN;34|40;;;
64F54EFC;2;SHZC;2;Clot deposit;MAIN;37;;;
64F54EFC;3;FLD;2;Clot deposit;MAIN;37;;;
64F54EFC;4;LTC;2;Clot deposit;MAIN;37;;;
64F54EFC;5;BXP;2;Clot deposit;MAIN;38;;;
65CADEDD;1;SHZC;2;Premier;MAIN;29|31;;;
65CADEDD;2;INT;2;Premier;MAIN;30|31;;;
65CADEDD;3;INC;2;Premier;MAIN;30;;;
662210F5;1;THR;N/A;Seal Lake Property;MAIN;22|27;;;
662210F5;2;FLD;1;Seal Lake Property;MAIN;22|27;;;
65A57432;1;CSF;1;SBH Property;MAIN;116;445000.0;;extent:bounded|extent:range_mean
65A57432;2;SSF;2;SBH Property;MAIN;115|128;;;
65A57432;3;INT;2;SBH Property;MAIN;128|131;;;
65A57432;4;SHZC;1;SBH Property;MAIN;115;;;
65A64156;1;FLD;1;Cosmo-Howley;MAIN;99|106|109|112;30000.0;;extent:bounded
66399C79;1;THR;1;Point 1;MAIN;24|26;;;
66399C79;2;FLD;1;Point 1;MAIN;24;;;
66587CE2;1;SHZC;1;Kenville Gold Mine;MAIN;29|35;;;
66587CE2;2;SOF;2;Kenville Gold Mine;MAIN;30;;;
666CAF4E;1;CSF;1;Cerro Vetas;MAIN;23|25;;;
6790B522;1;FLD;1;Verticalnaya Mine;MAIN;22;;;
66C84DAF;1;NRM;2;Discovery Zone;MAIN;19|22;;;
673059A9;1;INT;1;Carmen;MAIN;36|40;;;
673059A9;2;SSF;1;Carmen;MAIN;36|40;;;
673059A9;3;SHZC;2;Carmen;MAIN;40|45;700.0;;
673059A9;4;SOF;2;Carmen;MAIN;40;;;
673059A9;5;INT;2;Carmen;MAIN;40;;;
6766A028;1;SSF;2;Mac;MAIN;33;;;
675F7BA2;1;INT;N/A;Ruby Creek deposit;MAIN;24|29;;;
67E22585;2;ENE;3;Haultain Property;MAIN;33;;;
680FA741;1;BMF;1;Salvo Project;MAIN;39;;;
680FA741;2;SOF;1;Salvo Project;MAIN;39;;;
67E5F900;1;INC;2;Iron Nugget;MAIN;39|45;;;
67E5F900;2;LTC;2;Iron Nugget;MAIN;46;;125.0;distance:bounded|distance:from_metric_paren
67E5F900;3;CSF;1;Iron Nugget;MAIN;31|38;;;
684E7FDA;1;THR;1;Cariboo Hudson;MAIN;41|45;;;
684E7FDA;5;SHZC;2;Cariboo Hudson;MAIN;41;;;
67EDDB0F;1;FLD;1;NISK-1;MAIN;24;;;
68C3BCC4;1;BMF;1;Meteoritica Iron Ore;MAIN;16|17|20;;;
68E434E1;1;BMF;1;Leslie Occurrence;MAIN;35;;;
68D989FD;1;FLD;2;Deep Gold;MAIN;31|34;;;
68D989FD;2;NRM;1;Deep Gold;MAIN;29;;;
68E8747C;1;CSF;1;Deposit No. 1;MAIN;55|56;200000.0;1000.0;extent:bounded
68E8747C;2;FLD;2;Deposit No. 1;MAIN;57;;;
6935ACE3;1;CSF;1;Fox Creek Lithium Property;MAIN;24;;;
6971E2C4;1;LTC;2;No. 2 Gold Zone;MAIN;19;;;
697EFD93;1;THR;1;Coal Valley Property;MAIN;39;;;
697EFD93;2;FLD;1;Coal Valley Property;MAIN;39;;;
696AD867;1;SHZC;N/A;Brazil Lake Pegmatites;MAIN;23|24|28;;;
698DF1D6;1;CSF;1;Flying Fox;MAIN;42;;;
69D643D9;1;CSF;1;Royal vein;MAIN;10;3000.0;;extent:approx_magnitude
69D643D9;2;THR;2;Royal vein;MAIN;10|11;;;
6996ADED;1;THR;1;Detour Lake deposit;MAIN;43|53|54|55;20000.0;;extent:bounded
6996ADED;2;SHZC;2;Detour Lake deposit;MAIN;54;;;
6996ADED;3;JOG;2;Detour Lake deposit;MAIN;54|55;;;
6996ADED;4;FLD;2;Detour Lake deposit;MAIN;44|54;;;
6996ADED;5;LTC;2;Detour Lake deposit;MAIN;46|54;;;
699A5CB2;1;FLD;2;Debarwa;MAIN;43;;;
69D80165;1;THR;1;Nancy Dyke;MAIN;11;;;
69D80165;2;SHZC;1;Nancy Dyke;MAIN;12;;;
69D80165;3;SHZC;2;Nancy Dyke;MAIN;13|15;;;
69D80165;4;FLD;2;Nancy Dyke;MAIN;13;;;
69D80165;5;MYLC;2;Nancy Dyke;MAIN;15;;;
698D9636;1;THR;2;Northumberland;MAIN;35|39;;;
698D9636;2;INT;2;Northumberland;MAIN;39;;;
698D9636;4;FLD;1;Northumberland;MAIN;37|39|43;;;
698D9636;5;FLD;2;Northumberland;MAIN;37|43;;;
69F7FCA7;1;SHZC;2;Dubenski Gold Deposit;MAIN;54;915.0;;
6AB3BF73;1;SHZC;1;Barsele Central;MAIN;41|51;;;
6AB3BF73;2;SSF;2;Barsele Central;MAIN;43;;;
6A1A5E99;1;SSF;1;Kücükdag;MAIN;19|25;;;
6A1A5E99;2;TRT;2;Kücükdag;MAIN;25;;;
6A1A5E99;3;SOF;2;Kücükdag;MAIN;31;;;
6A689039;1;CSF;1;Allammaq Deposit;MAIN;23;;;
6A689039;2;FLD;2;Allammaq Deposit;MAIN;23;;;
6A689039;3;THR;2;Allammaq Deposit;MAIN;24;;;
6A689039;4;SOF;2;Allammaq Deposit;MAIN;24;;;
6A53BA73;1;THR;N/A;Sphinx;MAIN;26;;900.0;
6AD8E9EB;1;SHZC;1;Inmachuk Prospect;MAIN;19|21|28;;;
6AD8E9EB;2;FLD;2;Inmachuk Prospect;MAIN;23;;;
6AD8E9EB;3;GSC;2;Inmachuk Prospect;MAIN;21|23;;;
6AFBA6B3;1;THR;2;Wolverine Deposit;MAIN;42;;;
6AFBA6B3;2;FLD;2;Wolverine Deposit;MAIN;43;;;
6AE50D41;1;SHZC;2;Madsen Mine;MAIN;57;;;
6AE50D41;2;SHZC;2;Madsen Mine;MAIN;59;;;
6AE50D41;3;FLD;2;Madsen Mine;MAIN;59;;;
6B682711;1;CSF;1;Los Loros;MAIN;15;150000.0;;
6B0CFAFA;1;BMF;2;Boleo;MAIN;33|35;;;
6B0CFAFA;2;TRT;1;Boleo;MAIN;35;;;
6B07CBA7;1;TRP;1;Green Giant Vanadium Project;MAIN;36|37|38|44|49;450000.0;;extent:bounded
6B78E5F3;2;SOF;2;Mt. Milligan;MAIN;61;;;
6BC4FE74;1;CLD;1;Alisitos;MAIN;31|32;;;
6BC4FE74;3;INT;1;Alisitos;MAIN;31;;;
6BC4FE74;4;INT;2;Alisitos;MAIN;28;;;
6BE038D3;1;INT;2;Hudvam deposit;MAIN;35;;;
6BE038D3;2;FLD;2;Hudvam deposit;MAIN;32;;;
6B933B91;1;SOF;2;Tepal;MAIN;19|22;;;distance:unparseable
6C53E7AE;1;BMF;1;Sal de Vida;MAIN;37|38;;;
6BE33528;1;CSF;1;Roby Zone;MAIN;54;;;
6BE33528;5;SHZC;2;Roby Zone;MAIN;65;;;
6BFEF01A;1;TRP;1;Sagar Property;MAIN;35|37;;;
6BFEF01A;3;JOG;2;Sagar Property;MAIN;45|46;;;
6BFEF01A;4;GSC;2;Sagar Property;MAIN;47;;;
6C86B488;1;TRP;1;New Occidental;MAIN;56|59;30000.0;;extent:bounded
6C86B488;2;SOF;2;New Occidental;MAIN;74;;;
6CC70D44;1;INT;2;Calandria Sur;MAIN;29;;;
6C7044CB;1;NRM;2;Turner Gold;MAIN;37;;;
6C7044CB;2;THR;2;Turner Gold;MAIN;37;;;
6C7044CB;3;THR;1;Turner Gold;MAIN;34;;;
6C7044CB;4;SHZC;1;Turner Gold;MAIN;36;;;
6CAFC46E;1;FLD;3;Terakimti;MAIN;36;;;
6CAFC46E;2;SHZC;2;Terakimti;MAIN;41;;;
6D02A3E0;2;SHZC;2;Frank Creek;MAIN;75;;;
6D0751E9;1;BMF;1;El Castillo;MAIN;32|35;;;
6D0751E9;2;SSF;1;El Castillo;MAIN;32|35;;;
6D0751E9;4;LTC;2;El Castillo;MAIN;39;;;
6D4938D6;1;CSF;1;Mandé Norte;MAIN;27|28|29;;;
6D4938D6;2;INT;2;Mandé Norte;MAIN;28|29;;;
6DACA802;1;FLD;2;Sheep Mountain;MAIN;19;;;
6D2BB01A;1;SHZC;2;Minto Deposit;MAIN;50|51;;;
6D2BB01A;2;THR;2;Minto Deposit;MAIN;51;;;
6D2BB01A;4;TRP;2;Minto Deposit;MAIN;52;;;
6D71DA32;1;INT;2;Signal Zone;MAIN;36|37|39;;;
6D71DA32;3;FLD;2;Signal Zone;MAIN;36|37;;;
6E8A615E;1;JOG;1;Gold Ridge;MAIN;21;;;
6E00086B;2;SHZC;1;Hackett River deposits;MAIN;59;4000.0;;extent:bounded
6E00086B;3;FLD;2;Hackett River deposits;MAIN;57|59;;;
6ED5AAEB;1;SOF;2;Merry Widow;MAIN;29|32;;;
6ED5AAEB;3;THR;N/A;Merry Widow;MAIN;35;;;
6ED5AAEB;4;LTC;2;Merry Widow;MAIN;35;;;
6EDBC765;1;SSF;1;Caribou Dome;MAIN;20;;;
6EDBC765;2;THR;2;Caribou Dome;MAIN;20|38;;;
6F0EB87C;1;ENE;1;Westmoreland Deposits;MAIN;40;15000.0;;
6F0EB87C;4;INT;2;Westmoreland Deposits;MAIN;52;;;
6F1B9D6E;1;SSF;1;Leadbetter Conglomerate;MAIN;30;;;
6F1B9D6E;2;FLD;2;Leadbetter Conglomerate;MAIN;25|30;;;
6F1B9D6E;3;THR;2;Leadbetter Conglomerate;MAIN;25;;;
6F3789C9;1;SHZC;1;Howard Lake Showings;MAIN;38;;;
7043C22E;1;FLD;2;Arctic deposit;MAIN;50;;;distance:unparseable
7043C22E;2;FLD;2;Arctic deposit;MAIN;50;;;
7043C22E;3;THR;2;Arctic deposit;MAIN;58;;;
6F94257F;1;LFT;2;Palmarejo;MAIN;55|64;;;
6F94257F;2;INT;2;Palmarejo;MAIN;55|64;;;
6F94257F;3;JOG;3;Palmarejo;MAIN;64;;;
6FC6C6E6;1;SSF;1;Taysan;MAIN;26;;;
6FC6C6E6;2;SOF;1;Taysan;MAIN;26;;;
6FC6C6E6;3;SHZC;2;Taysan;MAIN;25;;;
6FC6C6E6;4;INT;2;Taysan;MAIN;26;;;
6FC7A47C;1;CSF;1;Casino;MAIN;51;;1000.0;
70741464;1;FLD;1;Itafós Arraias;MAIN;23;;;
70681CDD;1;SHZC;1;El Zapote;MAIN;28|42;3000.0;;
70D225A9;1;THR;1;Qarqasiaq complex;MAIN;9;;;
70D225A9;2;FLD;1;Qarqasiaq complex;MAIN;9;80000.0;;
710CEB3E;1;SHZC;2;Santa Maria de Itabira;MAIN;17;;;
70C26776;1;SSF;1;Chita Valley Project;MAIN;35|38;;;
70C26776;2;CSF;1;Chita Valley Project;MAIN;38;;;
70C26776;3;SOF;2;Chita Valley Project;MAIN;38;;;
70C26776;4;INT;2;Chita Valley Project;MAIN;35;;;
70B6862A;1;SSF;1;Zuun Mod;MAIN;19;;;
70B6862A;2;SSF;2;Zuun Mod;MAIN;24|33;3600.0;;
70B6862A;3;SSF;2;Zuun Mod;MAIN;24|33;3000.0;;
70B6862A;4;INT;2;Zuun Mod;MAIN;24;;;
7131A434;1;SHZC;2;Opinaca Project;MAIN;15;;;
7131A434;2;SSF;2;Opinaca Project;MAIN;14;;;
7131A434;3;GSC;2;Opinaca Project;MAIN;15;;;
716A5168;1;BMF;1;Hairhan;MAIN;46|51|56;;;
716A5168;2;INT;2;Hairhan;MAIN;46|57;;;
7142AE09;2;SHZC;2;Nkamouna;MAIN;49|55;;;
719E033E;1;TRT;2;SE Project;MAIN;22;;;
719E033E;2;SOF;2;SE Project;MAIN;22|23;;;
71C1DB21;1;CSF;1;Santo Domingo Sur (SDS);MAIN;39;1200000.0;;extent:bounded
71C1DB21;2;SOF;2;Santo Domingo Sur (SDS);MAIN;51|52;;;
71C1DB21;3;THR;2;Santo Domingo Sur (SDS);MAIN;51|66;;;
71C826E6;1;CSF;1;Kestane;MAIN;26|41;;;
71C826E6;2;TRT;1;Kestane;MAIN;26;;;
71C826E6;3;TRP;2;Kestane;MAIN;26|41;;;
71C826E6;5;THR;2;Kestane;MAIN;41;;;
720F3471;2;MYLC;1;Grey River tungsten veins;MAIN;20;;;
71EFBF85;2;SHZC;2;Main/North/Tache Zone;MAIN;44;;;
7215DE77;2;INT;2;Carmi deposit;MAIN;22|31;;;
722F5D46;1;SHZC;2;Elizabeth;MAIN;46;1000.0;;
722F5D46;2;THR;2;Elizabeth;MAIN;47;;;
722F5D46;3;ENE;3;Elizabeth;MAIN;53;;;
725B5AE1;1;THR;2;Isabelle showing;MAIN;14|16;;;
725B5AE1;2;FLD;2;Isabelle showing;MAIN;14|16;;;
7250A3E8;1;SSF;1;Gold Vein Zone;MAIN;30|33|45;;;
7250A3E8;2;SHZC;2;Gold Vein Zone;MAIN;45;;;
7317AE94;1;SSF;2;C-Zone;MAIN;30;;;
7317AE94;2;SSF;2;C-Zone;MAIN;30;1200.0;;
72C300DB;1;CSF;1;Flying Fox;MAIN;42;;;
72C300DB;2;FLD;2;Flying Fox;MAIN;42;;;
736FED3F;1;SHZC;2;La Dura System;MAIN;37|38;;;
736FED3F;2;FLD;2;La Dura System;MAIN;40;2500.0;;
7394D7A6;1;SHZC;2;Amapari Trend;MAIN;46|49;7000.0;;
7446A25B;2;FLD;2;Lac Otelnuk;MAIN;42|51;;;
747AB1D6;1;THR;2;Falea;MAIN;36|41;;;
747AB1D6;5;INT;3;Falea;MAIN;45;;;
74FEDD6B;1;CSF;1;Crevier Nb-Ta Dyke;MAIN;40;;;
74AA69FF;1;THR;1;Good Spring Property;MAIN;28|30;;;
74AA69FF;2;SSF;2;Good Spring Property;MAIN;30;;;
74AA69FF;3;FLD;1;Good Spring Property;MAIN;28|30;;;
74832ADC;3;FLD;N/A;Ajax;MAIN;20;;;
75119D6F;1;INT;2;Tirisano;MAIN;45|53|61|62;;;
75119D6F;2;LTC;2;Tirisano;MAIN;53|54|61|62;;;
751F3A17;1;THR;1;Qarqasiaq Complex;MAIN;10;;;
751F3A17;2;FLD;1;Qarqasiaq Complex;MAIN;10;20000.0;;
751F3A17;3;THR;2;Qarqasiaq Complex;MAIN;19;;;
75C428C7;1;LFT;1;Fire & Brimstone;MAIN;45|49|53;;;
75C428C7;2;LFT;1;Fire & Brimstone;MAIN;45;;;
75EB03D4;3;DOM;2;Moly Brook Zone;MAIN;14;;;
7564FEFB;1;INT;2;BlueGum Alluvial Diamond Gravels;MAIN;61|69;;;
7564FEFB;2;INC;2;BlueGum Alluvial Diamond Gravels;MAIN;62|69;;;
7564FEFB;3;LTC;2;BlueGum Alluvial Diamond Gravels;MAIN;62|69;;;
7607832D;1;FLD;2;Haile;MAIN;28;;;
7607832D;2;SHZC;2;Haile;MAIN;28;;;
768B89DD;2;SHZC;2;Lorraine;MAIN;55|58;;;
764E4670;1;SSF;2;Escondida;MAIN;34|40|42|43|44;3000.0;;extent:bounded
764E4670;2;JOG;3;Escondida;MAIN;40;;;
76E10086;1;SOF;2;Two Time Zone;MAIN;30;;;
76E10086;2;BXP;2;Two Time Zone;MAIN;27;;;
769CE8D5;1;CSF;1;BB-Longspur Occurrence;MAIN;67|81;;;
769CE8D5;2;INC;2;BB-Longspur Occurrence;MAIN;85|94|102;;;
768ADE26;1;SOF;2;Summit Mine;MAIN;27|31|32;914.4;;extent:bounded
768ADE26;2;JOG;2;Summit Mine;MAIN;31|32;;;
772535CE;1;CSF;1;Authier pegmatite;MAIN;19;;;
76F79B3B;2;SOF;2;Hugo North Extension;MAIN;75;;;
76F79B3B;3;FLD;2;Hugo North Extension;MAIN;74|75;;;
777286BF;1;LTC;2;Kuriskova;MAIN;22|24;;;
777286BF;2;SSF;1;Kuriskova;MAIN;24|25;;;
77351411;1;SHZC;2;Scroggie;MAIN;26;;;
77351411;2;SOF;2;Scroggie;MAIN;23;;;
775641DD;5;INC;2;Zaca deposit;MAIN;38;;;
77792022;1;SHZC;1;El Capitan;MAIN;29;3500.0;;extent:bounded
77792022;2;SOF;2;El Capitan;MAIN;29;700.0;;extent:range_mean
77792022;3;INT;2;El Capitan;MAIN;29|36;;;
77792022;4;UNC;2;El Capitan;MAIN;37;;;
779F007F;1;INT;1;Rovina;MAIN;51;;;
77E49DF5;1;THR;2;Arctic;MAIN;7|32|39;;;
77E49DF5;2;FLD;2;Arctic;MAIN;31;;;
77E49DF5;3;BMF;1;Arctic;MAIN;30;;;
787F16B8;1;THR;1;Rossing South;MAIN;35;;;
787F16B8;2;FLD;1;Rossing South;MAIN;38;;;
77F9D475;2;INC;2;Willa deposit;MAIN;31;;;
77F9D475;3;SHZC;2;Willa deposit;MAIN;34;;;
77F9D475;4;BXP;2;Willa deposit;MAIN;34;;;
78392E73;1;SHZC;1;Cerro Prieto;MAIN;30;10000.0;;extent:bounded
78ACF3B3;1;SHZC;2;D Vein;MAIN;16|21;;;
79169F99;1;THR;1;Bellechasse;MAIN;32|44;;;
79169F99;2;FLD;2;Bellechasse;MAIN;40|44|48;;;
793734C8;1;CSF;1;Bunker Hill Mine Project;MAIN;13;;;
793734C8;2;FLD;2;Bunker Hill Mine Project;MAIN;14|15;;;
793734C8;3;SHZC;2;Bunker Hill Mine Project;MAIN;14;;;
793734C8;5;INT;2;Bunker Hill Mine Project;MAIN;14;;;
793734C8;6;THR;3;Bunker Hill Mine Project;MAIN;15;;;
7945C233;1;SHZC;1;Grid 3;MAIN;12;;;
78FD4F5B;1;SSF;N/A;Santo Domingo;MAIN;16;;;
7949581C;1;FLD;1;Daneros;MAIN;40;;;
799FFDD4;1;SSF;1;Blustry zone;MAIN;28|34;;;
799FFDD4;2;JOG;2;Blustry zone;MAIN;34;;;
79AA019C;1;FLD;2;Back Forty;MAIN;29|33;;;
7AC87CEA;1;CSF;1;Main Zone;MAIN;21|24|25|26;300000.0;;extent:bounded
7AC87CEA;2;FLD;2;Main Zone;MAIN;26|27;;;
7AA0AF90;1;THR;2;Centennial deposit;MAIN;34;;;
79E2469B;1;SOF;2;Grizzly Vein;MAIN;42|56|57;;;
79E2469B;2;INC;2;Grizzly Vein;MAIN;42;;;
7A7EE36E;1;THR;2;QR deposit;MAIN;37;;;
79FBE54A;1;SHZC;1;REN-6 and REN-8;MAIN;20;300000.0;;extent:approx_magnitude
7AC8BDFD;1;CSF;1;Huangshan Exploration deposit;MAIN;52|59;;;
7AC8BDFD;2;INC;2;Huangshan Exploration deposit;MAIN;54;;;
7AC8BDFD;3;SSF;2;Huangshan Exploration deposit;MAIN;54;;;
7AC8BDFD;4;FLD;2;Huangshan Exploration deposit;MAIN;55;;;
7B3EE695;1;CSF;1;Dizzy kimberlite;MAIN;12|17;;;
7B3EE695;2;SHZC;1;Dizzy kimberlite;MAIN;12|16|17;;;
7AF2D875;1;FLD;1;Serra da Farofa;MAIN;31;;;
7AF2D875;2;THR;2;Serra da Farofa;MAIN;31|32;;;
7AF2D875;3;NRM;2;Serra da Farofa;MAIN;31;;;
7AF2D875;4;FLD;3;Serra da Farofa;MAIN;31|32;;;
7AF2D875;6;BXP;3;Serra da Farofa;MAIN;32;;;
7B451FB9;1;SHZC;1;Lac Herbin;MAIN;25|26;;;extent:unparseable
7B451FB9;2;SHZC;2;Lac Herbin;MAIN;23|24;;;
7B451FB9;3;LTC;2;Lac Herbin;MAIN;23;;;
7B4D55D5;1;THR;1;Detour Lake deposit;MAIN;43|54;20000.0;;extent:bounded
7B4D55D5;2;JOG;2;Detour Lake deposit;MAIN;54|57;;;
7B4D55D5;3;SHZC;2;Detour Lake deposit;MAIN;54|62;;;
7B4D55D5;4;FLD;1;Detour Lake deposit;MAIN;44|54|55;;;
7B4D55D5;5;LTC;2;Detour Lake deposit;MAIN;46|58|63;;;
7BA02A84;1;FLD;2;Burnt Stump;MAIN;38;;;
7C1DE6FF;2;INT;2;St. Lawrence Veins;MAIN;39;;;
7C016B27;1;INT;2;El Valle-Boinás;MAIN;49;;;
7C016B27;2;THR;2;El Valle-Boinás;MAIN;50;;;
7C016B27;3;SOF;2;El Valle-Boinás;MAIN;53|67;;;
7BEA592C;1;CSF;1;Upper Beaver;MAIN;33;;8000.0;
7BEA592C;2;SOF;2;Upper Beaver;MAIN;33|39;;;
7BEA592C;3;SHZC;2;Upper Beaver;MAIN;33|35|39;;;
7BEA592C;4;FLD;2;Upper Beaver;MAIN;39;;;
7BEA592C;5;INC;2;Upper Beaver;MAIN;39;;;
7BEA592C;6;GSC;2;Upper Beaver;MAIN;39;;;
7C416491;1;CSF;1;Turnagain Resource Area;MAIN;44;;;
7C416491;2;LFT;2;Turnagain Resource Area;MAIN;50;;;
7CDAA6BC;1;SSF;1;TRIMA 2;MAIN;19;;;
7D5AF4B7;1;FLD;2;Double Ed;MAIN;16;;;
7D14DA41;1;SOF;2;Golden Zone Mine (Breccia Pipe);MAIN;35;;;
7D14DA41;2;FLD;N/A;Golden Zone Mine (Breccia Pipe);MAIN;35;;;
7D14DA41;3;INT;N/A;Golden Zone Mine (Breccia Pipe);MAIN;35;;;
7D14DA41;4;SHZC;N/A;Golden Zone Mine (Breccia Pipe);MAIN;38;;;
7D0887BE;3;NRM;2;San Jorge;MAIN;87;;;
7D0887BE;5;FLD;2;San Jorge;MAIN;86;;;
7D514E08;1;CSF;1;Florence;MAIN;46|52;80467.0;;extent:bounded
7D514E08;2;BMF;2;Florence;MAIN;47|52|58;1097.3;;
7D514E08;3;BMF;2;Florence;MAIN;47|52|58;914.4;;extent:approx_magnitude
7D5BF33B;1;FLD;2;El Valle-Boinás;MAIN;62;;;
7D5BF33B;2;THR;2;El Valle-Boinás;MAIN;62|66|78;;;
7D5BF33B;3;INT;2;El Valle-Boinás;MAIN;64;;;
7D698513;1;CSF;1;Orion Kimberlite Complex;MAIN;23;;;
7D698513;2;BXP;2;Orion Kimberlite Complex;MAIN;27;;;
7D8D224D;1;THR;2;Reid Prospect;MAIN;21;;;
7D8D224D;2;SOF;2;Reid Prospect;MAIN;32|44;;;
7DBDB7FB;1;THR;1;Harvey-Tuttle Lakes;MAIN;25|37;;;
7DBDB7FB;2;TRP;1;Harvey-Tuttle Lakes;MAIN;37;;;
7DBDB7FB;3;FLD;2;Harvey-Tuttle Lakes;MAIN;37|38|41;;;
7E14AFCE;1;BMF;1;WC Property;MAIN;14;;;
7E14AFCE;2;INC;2;WC Property;MAIN;12|16;;;
7E3F3467;1;THR;2;Raven;MAIN;34|43;;;
7E3F3467;2;NRM;2;Raven;MAIN;34|45;;;
7E3F3467;3;SSF;2;Raven;MAIN;43;;;
7E3F3467;4;INT;N/A;Raven;MAIN;43;;;
7E3F3467;5;SHZC;3;Raven;MAIN;43;;;
7E2FEB3B;1;THR;2;Abu Marawat;MAIN;36;;;
7E2FEB3B;2;SHZC;2;Abu Marawat;MAIN;36;;;
7EB7C8A3;1;SSF;1;Moonshine;MAIN;26;;;
7EB7C8A3;2;FLD;2;Moonshine;MAIN;26|29;;;
7EA9F9C8;1;INT;2;Rovina;MAIN;95;;;
7F2C9071;1;LTC;N/A;BlueGum;MAIN;68|76;;;
7F2C9071;3;INT;N/A;BlueGum;MAIN;68|76;;;
7F3BB6B2;1;SHZC;1;PR7811;MAIN;36;;;
7F3BB6B2;2;SHZC;2;PR7811;MAIN;35|41;;;
7F3BB6B2;3;INT;2;PR7811;MAIN;39;;;
7F331B9F;2;INT;2;U-Beva;MAIN;25|31;;;
7F331B9F;3;CLD;1;U-Beva;MAIN;23|28;;;
7F331B9F;4;BMF;1;U-Beva;MAIN;25;;;
7F85921C;1;CSF;1;Madrugador;MAIN;26|30;;;
7F85921C;2;SSF;1;Madrugador;MAIN;26|30;;;
7F85921C;3;SOF;2;Madrugador;MAIN;30;;;
7FB73326;1;MYLC;2;Bingo;MAIN;29;;;
7FB73326;2;FLD;2;Bingo;MAIN;29;;;
7FDB2B67;1;THR;1;Forecariah;MAIN;31;;;
7FDB2B67;2;FLD;2;Forecariah;MAIN;34|36|38|42|45|46;;;
7FDB2B67;3;THR;2;Forecariah;MAIN;34|36;;;
803B0DED;1;BMF;1;Danakhil Potash Deposit;MAIN;45|48;;;
806BB670;2;FLD;3;Thunder Lake Deposit;MAIN;40;;;
7FEC2CD6;1;THR;1;Straight Creek Properties;MAIN;45;;;
7FEC2CD6;2;FLD;1;Straight Creek Properties;MAIN;45;;;
801A975A;1;SHZC;1;Cerro Prieto;MAIN;59;10000.0;;extent:bounded
805A06FF;1;FLD;2;Toral;MAIN;27;;;
805A06FF;3;THR;2;Toral;MAIN;38;;;
805A06FF;4;SHZC;2;Toral;MAIN;38;;;
805A06FF;5;LFT;2;Toral;MAIN;38;;;
8039CB6A;1;FLD;1;Ungava Iron property;MAIN;34;;;
8039CB6A;2;FLD;2;Ungava Iron property;MAIN;34;;;
8039CB6A;3;THR;2;Ungava Iron property;MAIN;34;;;
80813728;1;BMF;1;Plum Creek Timberlands;MAIN;39;;;
80D57150;1;FLD;2;James Deposit;MAIN;53|57;;;
80D57150;2;THR;2;James Deposit;MAIN;53|57;;;
8095A31E;1;FLD;2;Aappaluttoq;MAIN;20;;;
8095A31E;2;THR;2;Aappaluttoq;MAIN;20;;;
8073F5AB;1;SHZC;1;Detour Lake;MAIN;34|41;25000.0;;extent:bounded
8073F5AB;3;FLD;1;Detour Lake;MAIN;34;;;
8073F5AB;4;FLD;2;Detour Lake;MAIN;44;;;
8073F5AB;5;GSC;2;Detour Lake;MAIN;36|41;;;
8073F5AB;6;LTC;2;Detour Lake;MAIN;46;;;
80D6B7F8;1;FLD;1;Indian Lake Sulphide Iron Formation;MAIN;15;;;
80D6B7F8;2;FLD;2;Indian Lake Sulphide Iron Formation;MAIN;19|26;;;
80D6B7F8;3;FLD;3;Indian Lake Sulphide Iron Formation;MAIN;28;;;
80D6B7F8;4;INT;3;Indian Lake Sulphide Iron Formation;MAIN;28;;;
814D5C5C;1;SOF;N/A;Busitema;MAIN;37;;;
814D5C5C;2;DET;N/A;Busitema;MAIN;42;;;
817502CB;1;SHZC;2;McCart Property;MAIN;35;;;
8162FDBF;1;SSF;2;Shunsby;MAIN;63;;;
8162FDBF;2;BXP;2;Shunsby;MAIN;71|77;;;
8162FDBF;3;INC;2;Shunsby;MAIN;72;;;
8162FDBF;4;THR;2;Shunsby;MAIN;72;;;
81C0DAE9;1;DET;1;Socorro Mine;MAIN;23;10000.0;;extent:bounded
81C0DAE9;2;THR;2;Socorro Mine;MAIN;20|21;;;
81C0DAE9;3;LFT;2;Socorro Mine;MAIN;23;;;
81C0DAE9;4;SOF;2;Socorro Mine;MAIN;23;;;
81C0DAE9;5;FLD;3;Socorro Mine;MAIN;20;;;
81DD947C;1;CSF;1;Conley;MAIN;15|19|25;20000.0;;
81DD947C;2;SHZC;2;Conley;MAIN;19|25;;;
81DD947C;3;FLD;2;Conley;MAIN;19|25;;;
81DD947C;4;UNC;2;Conley;MAIN;25;;;
818AD18E;1;THR;1;Hakkari Zinc Project;MAIN;26|44|60;;;
818AD18E;2;THR;2;Hakkari Zinc Project;MAIN;60;;;
818AD18E;3;FLD;2;Hakkari Zinc Project;MAIN;44|60|61|63;;;
818AD18E;4;SSF;2;Hakkari Zinc Project;MAIN;61;;;
81E2B1F5;1;CSF;1;Bálsamo - Cerro Alto;MAIN;41;180000.0;;extent:bounded
81E2B1F5;2;SSF;2;Bálsamo - Cerro Alto;MAIN;42;;;
81E2B1F5;3;ENE;3;Bálsamo - Cerro Alto;MAIN;47;3000.0;;extent:bounded
81F90E3D;1;THR;2;OG Property;MAIN;16;;;
81F90E3D;2;FLD;2;OG Property;MAIN;15;;;
820FC594;1;THR;1;Sperrgebiet Project;MAIN;11;;;
820FC594;2;BMF;1;Sperrgebiet Project;MAIN;17;;;
820CE78A;1;CSF;1;Gurvanbulag;MAIN;54;;;
820CE78A;2;SOF;2;Gurvanbulag;MAIN;48;;;
820CE78A;3;DET;2;Gurvanbulag;MAIN;48;;;
8253C4DC;1;SHZC;1;Key Lake West;MAIN;20;;;
8253C4DC;2;MYLC;1;Key Lake West;MAIN;22;;;
8253C4DC;3;THR;2;Key Lake West;MAIN;24;;;
8253C4DC;4;INT;2;Key Lake West;MAIN;24;;;
8253C4DC;5;SHZC;2;Key Lake West;MAIN;22|24;;;
825D14A4;1;CSF;1;Ten Grid Target;MAIN;12;;;
825D14A4;2;THR;2;Ten Grid Target;MAIN;13;;;
8293E4D9;1;CSF;1;Elenita;MAIN;28;;;
8293E4D9;2;SSF;2;Elenita;MAIN;31;;;
8293E4D9;4;BXP;2;Elenita;MAIN;32;;;
8293E4D9;5;BMF;1;Elenita;MAIN;32;;;
82F721C3;1;CSF;1;Geordie Lake;MAIN;19;;;
82E04501;1;INC;2;Nahmint Property;MAIN;15|16|17;;;
82E04501;2;SHZC;2;Nahmint Property;MAIN;16|17;;;
8320CC3E;1;CSF;1;Pickle Lake Property;MAIN;50;450000.0;;
8320CC3E;2;SHZC;2;Pickle Lake Property;MAIN;48|70|72;;;
8320CC3E;3;FLD;2;Pickle Lake Property;MAIN;63|72;;;
83397A16;1;SHZC;2;La Dura West;MAIN;38|39;;;
8363E591;1;THR;1;Bisha Main Zone;MAIN;66;;;
8363E591;2;FLD;2;Bisha Main Zone;MAIN;66|67;;;
838CD3FF;1;THR;2;Salar de Diablillos;MAIN;47|49;;;
838CD3FF;2;BMF;2;Salar de Diablillos;MAIN;49;;;
838DE7A4;1;FLD;2;Banana Zone;MAIN;23|26;;;
83B281ED;2;ENE;3;Southeast Pediment;MAIN;41;;;
83B281ED;3;ENE;3;Southeast Pediment;MAIN;41|42;;;
83B45805;1;CSF;1;Yandera;MAIN;21;50000.0;;
83B45805;2;FLW;1;Yandera;MAIN;21;;;
0065E615;1;BMF;2;Anderson Project;MAIN;35;;;
0065E615;3;FLD;2;Anderson Project;MAIN;36;;;
0006F2F8;1;FLD;2;Bleikvassli;MAIN;13;;;
000018AE;1;THR;1;Fire Lake North;MAIN;71|82;;;
000018AE;2;TRP;1;Fire Lake North;MAIN;82;;;
000018AE;3;FLD;2;Fire Lake North;MAIN;82|83|85;;;
000018AE;4;THR;2;Fire Lake North;MAIN;85;;;
0097A9F2;1;FLD;2;Driftwood Creek;MAIN;37;;;
009E0E02;1;FLD;1;Empire State Mines;MAIN;50;;;
009E0E02;2;FLD;2;Empire State Mines;MAIN;50;;;
009E0E02;4;SHZC;2;Empire State Mines;MAIN;51;;;
00A7E870;1;NRM;N/A;Gunflint Iron Formation;MAIN;42;;;
00A1F635;1;THR;1;Nama;MAIN;25|33;;;
00A1F635;2;THR;2;Nama;MAIN;29;;;
00A1F635;3;SSF;2;Nama;MAIN;30;;;
00A1F635;4;SSF;2;Nama;MAIN;31;;;
00A1F635;5;SHZC;2;Nama;MAIN;31;;;
00A1F635;6;FLD;2;Nama;MAIN;32;;;
00A1F635;7;SHZC;1;Nama;MAIN;35;;;
01083CCE;1;FLD;2;Mousseau West;MAIN;19|23;;;
01282FA2;1;CSF;1;Malmbjerg;MAIN;37;;;
01995397;1;SSF;1;Salar de Maricunga Brine;MAIN;46|48;;;
01995397;2;THR;1;Salar de Maricunga Brine;MAIN;48;;;
01BA19C2;1;CSF;1;Gulçari A;MAIN;72;;;
01D13B6D;1;TRP;1;Lomonosovsky;MAIN;40|52;;;
02196382;1;FLD;2;Farim (FPA horizon);MAIN;73;;;
02196382;2;FLD;1;Farim (FPA horizon);MAIN;81;;;
01F15D09;1;BMF;1;Haynes Cobalt Project;MAIN;26;;;
01F15D09;2;CSF;1;Haynes Cobalt Project;MAIN;26|33;;;
01F15D09;3;SHZC;2;Haynes Cobalt Project;MAIN;31;;;
01F15D09;4;FLD;2;Haynes Cobalt Project;MAIN;31;;;
02267317;1;SHZC;1;Trairão;MAIN;51;;;
02267317;2;SSF;1;Trairão;MAIN;51;;;
02267317;3;FLD;2;Trairão;MAIN;55|58;;;
023AF742;1;INT;2;Dasa;MAIN;64;;;
023AF742;2;FLD;2;Dasa;MAIN;64;;;
023AF742;4;SSF;2;Dasa;MAIN;65;;;
023AF742;5;FLD;2;Dasa;MAIN;53|64;;;
02534FC5;1;CLD;1;Thacker Pass Deposit;MAIN;83;;;
02A741A2;2;FLD;2;Donkin Project;MAIN;20|22;;;
02A367B2;1;CSF;1;Pedra Branca;MAIN;50|52|55;;;
02A367B2;2;FLD;2;Pedra Branca;MAIN;54;;;
02A367B2;3;GSC;2;Pedra Branca;MAIN;55;;;
02B14286;1;BMF;1;Zeus;MAIN;15|19;;;
02AA1980;1;BMF;1;TLC;MAIN;93|94;;;
02AA1980;2;BMF;2;TLC;MAIN;94|95;;;
02B352B1;1;THR;1;Bujagali Property;MAIN;27;;;
02B352B1;2;SHZC;1;Bujagali Property;MAIN;24|45;600000.0;;extent:from_2d_footprint|extent:extent_long_axis
02B352B1;3;CSF;1;Bujagali Property;MAIN;45|46;;;
02B352B1;4;CLD;1;Bujagali Property;MAIN;46;;;
02DCA72E;1;SSF;2;São Pedro das Águias;MAIN;33;;;
02DCA72E;2;FLD;2;São Pedro das Águias;MAIN;30;;;
02FE350A;1;DET;1;El Cajon deposit;MAIN;16;;;
02FE350A;2;LFT;2;El Cajon deposit;MAIN;16;;;
02FE350A;3;NRM;2;El Cajon deposit;MAIN;18;;;
02FE350A;4;FLD;2;El Cajon deposit;MAIN;18;;;
0315D3A1;1;FLD;1;Nisk;MAIN;58;;;
0315D3A1;2;TRP;1;Nisk;MAIN;63;;;
0315D3A1;3;THR;1;Nisk;MAIN;63;;;
0315D3A1;4;SOF;2;Nisk;MAIN;63;;;
0325E82C;1;SHZC;1;Ularring Hematite Project;MAIN;45;;;
0325E82C;2;SSF;2;Ularring Hematite Project;MAIN;45;;;
0325E82C;3;FLD;2;Ularring Hematite Project;MAIN;45;;;
0346E591;1;TRP;1;Lomonosovskoye;MAIN;44|57;;;
035B1955;1;SHZC;2;JR zone;MAIN;52;2650.0;;
03827D35;1;SSF;1;Agata North;MAIN;46;;;
03827D35;2;SOF;N/A;Agata North;MAIN;49;;;
03691FDF;1;SHZC;2;Lac Aux Bouleaux;MAIN;53|58;;;
03691FDF;2;FLD;3;Lac Aux Bouleaux;MAIN;53|64;;;
0368B2A0;1;THR;2;Aripuanã Deposits;MAIN;55|58|59;;;
0368B2A0;2;SSF;1;Aripuanã Deposits;MAIN;55;;;
0368B2A0;3;FLD;3;Aripuanã Deposits;MAIN;58|59;;;
0396105E;1;FLD;3;Target 7;MAIN;48;;;
0387FAD0;1;SSF;1;Area 4;MAIN;82|86|87|99;3000.0;;extent:approx_magnitude
0387FAD0;2;SOF;2;Area 4;MAIN;87;;;
0391D5DD;1;CSF;1;Tamarack Zone;MAIN;68;;;distance:unparseable
0391D5DD;2;TRT;1;Tamarack Zone;MAIN;66|70;;;
0407F3F0;1;FLD;1;Vendôme deposit;MAIN;15;;;
03D67450;1;FLD;2;Greenland Norite Belt;MAIN;49|66;;;
03D67450;2;SHZC;1;Greenland Norite Belt;MAIN;46;;;
03D67450;3;MYLC;2;Greenland Norite Belt;MAIN;53;;;
043AD030;1;BMF;1;Nevada North Lithium Project;MAIN;39;;;
03E21B6F;1;THR;1;AurMac;MAIN;88|99;;;
03E21B6F;2;FLD;1;AurMac;MAIN;88;;;
0448EBBA;1;THR;1;Gibellini;MAIN;89|91|92;;;
045E49B5;1;FLD;2;No Name Zone;MAIN;18|19;;;
04960122;1;FLD;1;Liberty;MAIN;44;;;
050AEBF5;1;FLD;2;Blue Moon;MAIN;55;;;
04F6F424;1;CSF;1;Salar de Maricunga;MAIN;65|68;;;
051B3EFB;1;THR;1;C5 Ni deposit;MAIN;37;;;
051B3EFB;2;THR;1;C5 Ni deposit;MAIN;37;;;
053319E5;1;FLD;1;Moblan;MAIN;95|102;;;
05439B3C;1;FLD;2;Lac Lamêlée;MAIN;60|62;2500.0;;
05439B3C;2;SSF;2;Lac Lamêlée;MAIN;60;;;
05439B3C;3;CSF;1;Lac Lamêlée;MAIN;57;;;
05B0ED18;1;SHZC;2;Grass Mountain Area;MAIN;26|30|32;;;
05B41AF6;1;TRP;2;Windfall Lake;MAIN;77|95;1000.0;;extent:bounded
05B41AF6;2;SHZC;2;Windfall Lake;MAIN;95|130;;;
05B41AF6;4;ENE;3;Windfall Lake;MAIN;96;;;
05B41AF6;5;FLD;2;Windfall Lake;MAIN;92|115;;;
06161257;1;SHZC;1;NRJV Project;MAIN;32;;;
06161257;2;THR;1;NRJV Project;MAIN;32;;;
06161257;3;BXP;1;NRJV Project;MAIN;33;29000.0;;
06161257;4;BXP;1;NRJV Project;MAIN;33;8000.0;;
06161257;5;SSF;1;NRJV Project;MAIN;34;;;
065894EE;1;CSF;1;Foxtrot deposit;MAIN;43;;;
066A4C11;1;FLD;2;Aurora South;MAIN;39;;;
066A4C11;2;SSF;2;Aurora South;MAIN;39;;;
067ECD21;1;SHZC;1;Mount Dore;MAIN;32|44;;;
067ECD21;2;LTC;2;Mount Dore;MAIN;41|45;;;
06815AD2;1;NRM;2;Gunflint Iron Formation;MAIN;41|46;;;
06815AD2;2;FLD;3;Gunflint Iron Formation;MAIN;41;;;
068E29DE;1;BMF;1;Terra Cotta Project;MAIN;29|30;;;
069C1551;1;SHZC;1;Carina;MAIN;84|93;;;
06A4F963;1;SHZC;2;Key Lake South Project;MAIN;40;;;
06A4F963;2;FLD;2;Key Lake South Project;MAIN;40;;;
06AEBD77;1;CSF;1;Salar de Pozuelos;MAIN;51;;;
06AEBD77;2;BMF;2;Salar de Pozuelos;MAIN;54;;;
06AFD199;1;FLD;1;Farim;MAIN;85;;;
06C6649F;1;CSF;1;EZ1;MAIN;30;;;
06C6649F;2;CLD;2;EZ1;MAIN;38;;;
06DEB1B7;1;FLD;2;Lac Jeannine;MAIN;79;;;
06DEB1B7;2;THR;1;Lac Jeannine;MAIN;71|72;;;
06D1ECA9;1;BMF;1;Blue Clay Lithium;MAIN;14|15;;;
06D1ECA9;2;BMF;2;Blue Clay Lithium;MAIN;13|15;;;
06ECA127;1;FLD;1;Nepisiguit A;MAIN;34;;;
06ECA127;2;THR;1;Nepisiguit A;MAIN;34;;;
06ECA127;3;THR;2;Nepisiguit A;MAIN;35;;;
06ECA127;4;SHZC;1;Nepisiguit A;MAIN;37;;;
06ECA127;5;FLD;2;Nepisiguit A;MAIN;37|41;;;
0709CC79;1;SHZC;1;Etango;MAIN;57;;;
075849A1;1;CSF;1;Pine Point;MAIN;66;;;
07AFBC2A;1;THR;1;Jiama;MAIN;46;;;
07AFBC2A;2;THR;2;Jiama;MAIN;47|49|50;;;
07AFBC2A;3;FLD;2;Jiama;MAIN;47;;;
07AFBC2A;4;GSC;2;Jiama;MAIN;48|49;;;
07CA27E3;1;SHZC;1;Grasset deposit;MAIN;49|54;150000.0;;
07CF8F0B;1;THR;1;Oil Can;MAIN;44|52;;;
07CF8F0B;2;FLD;2;Oil Can;MAIN;52;;;
0820A6A7;1;SSF;1;Despoblados;MAIN;27;;;
0820A6A7;2;BMF;2;Despoblados;MAIN;27;;;
0850A1EB;1;BMF;1;Bounty Potash Project;MAIN;25;;;
085FFD15;1;CSF;1;Ackley Property;MAIN;61;;;
08890AAC;1;SHZC;2;Whabouchi;MAIN;30;;;
08B64A92;1;FLD;1;Sao Pedro das Águias;MAIN;42;;;
08B64A92;2;SSF;2;Sao Pedro das Águias;MAIN;42;;;
08B5659D;3;SHZC;2;Kevitsa;MAIN;35;;;
09093878;1;LTC;2;Roncevaux vein;MAIN;26;;;
09093878;2;SSF;1;Roncevaux vein;MAIN;24;;;
0901BE92;1;THR;2;TAM;MAIN;35;;;
0901BE92;2;FLD;2;TAM;MAIN;35;;;
091581BF;1;SOF;2;Zandkopsdrift;MAIN;69;;;
094D186D;1;CSF;1;Lac Virot;MAIN;79|80;;;
094D186D;2;THR;2;Lac Virot;MAIN;83|87;;;
094D186D;3;FLD;2;Lac Virot;MAIN;79|80;;;
09668AB7;1;FLD;2;Valencia;MAIN;31|34;;;
09668AB7;2;SHZC;2;Valencia;MAIN;32;;;
0977F12A;1;BMF;1;Atlantis II Deep;MAIN;10;;;
0977F12A;2;INT;1;Atlantis II Deep;MAIN;15;;;
0977F12A;3;SSF;1;Atlantis II Deep;MAIN;15;;;
09963E99;1;SHZC;1;Pine Point;MAIN;151|152|173;;;
09963E99;2;SOF;2;Pine Point;MAIN;153;;;
09F4A21E;1;THR;1;Labrador West;MAIN;42;;;
09F4A21E;2;FLD;2;Labrador West;MAIN;41|42|45|46|47;;;
09F4A21E;3;THR;2;Labrador West;MAIN;42|45|46|47;;;
09F89276;1;BMF;2;Highland;MAIN;31;;;
0A001801;1;THR;2;S2 Seam;MAIN;40;;;
0A283EB0;1;FLD;1;Kipushi;MAIN;103;;;
0A283EB0;2;BXP;2;Kipushi;MAIN;107|108|115;;;
0A283EB0;3;FLD;3;Kipushi;MAIN;127;;;
0A42C711;2;SHZC;2;Pegmatite 1;MAIN;55|63;;;
0A6DF130;1;SHZC;1;Patterson Lake North;MAIN;18|20;;;
0A6DF130;2;SHZC;1;Patterson Lake North;MAIN;20|22;;;
0A8256E5;1;CSF;1;Tom;MAIN;54;;;
0A8256E5;2;SOF;2;Tom;MAIN;54;;;
0A8256E5;3;FLD;2;Tom;MAIN;57;;;
0A9030E4;1;THR;1;Josette;MAIN;93|94;;;
0A9030E4;2;MYLC;2;Josette;MAIN;94;;;
0A9030E4;3;FLD;2;Josette;MAIN;94;;;
0ACCCFB8;3;FLD;2;South Mountain;MAIN;57;;;
0ACCCFB8;4;INT;1;South Mountain;MAIN;66;;;
0B036565;1;THR;2;Gordon Creek area;MAIN;36|40;;;
0B036565;2;FLD;2;Gordon Creek area;MAIN;36;;;
0B036565;3;FLD;1;Gordon Creek area;MAIN;35;;;
0B036565;4;SOF;2;Gordon Creek area;MAIN;40;;;
0B217204;1;SOF;2;West Bear Cobalt-Nickel Deposit;MAIN;37;;;
0B217204;2;FLD;2;West Bear Cobalt-Nickel Deposit;MAIN;37;;;
0B217204;3;SSF;2;West Bear Cobalt-Nickel Deposit;MAIN;37;;;
0B217204;4;THR;1;West Bear Cobalt-Nickel Deposit;MAIN;33;;;
0B217204;5;CSF;1;West Bear Cobalt-Nickel Deposit;MAIN;34;;;
0B2CB724;1;FLD;1;Dundonald North;MAIN;102;;;
0B2CB724;2;FLD;2;Dundonald North;MAIN;104;;;
0B3B6496;1;SHZC;1;Shea Creek Deposits;MAIN;33;;;
0B3B6496;2;MYLC;2;Shea Creek Deposits;MAIN;33|34|40;;;
0B3B6496;3;INT;2;Shea Creek Deposits;MAIN;34|40;;;
0B3B6496;4;SSF;2;Shea Creek Deposits;MAIN;34;;;
0B597B85;1;CLD;2;TGZ;MAIN;51|55;;;
0B597B85;2;CLD;2;TGZ;MAIN;51;;;
0B8066CD;1;BMF;1;Muntanga;MAIN;99;;;
0B8066CD;2;BMF;1;Muntanga;MAIN;99|100|101;;;
0B8A36E9;1;LTC;2;West Bear Cobalt-Nickel Deposit;MAIN;46;;;
0BD1E991;1;DET;2;Main deposit;MAIN;34;;;
0BD1E991;2;DET;2;Main deposit;MAIN;34|35;;;
0BD1E991;3;DET;2;Main deposit;MAIN;35;;;
0BEA9FFD;1;BMF;1;Main Zone;MAIN;43|45;;;
0BEA9FFD;2;SOF;2;Main Zone;MAIN;45|47;;;
0BEA9FFD;3;FLD;2;Main Zone;MAIN;51|55;;;
0C431B4C;1;CSF;1;Salar de Maricunga;MAIN;71|73;;;
0C44BD83;1;FLD;1;Corsa properties;MAIN;53|54;;;
0C4D88B2;1;SSF;2;Bokoni Mine;MAIN;39;;;
0CEDB2F9;1;THR;2;McArthur River deposit;MAIN;42|44|46;;;
0CEDB2F9;2;INT;2;McArthur River deposit;MAIN;44;;;
0D092780;1;FLD;1;Ragedara Mine;MAIN;28;;;
0D092780;2;INT;2;Ragedara Mine;MAIN;29;;;
0D2C5045;1;FLD;2;True Energy Mine;MAIN;32;;;
0D7ADC49;1;THR;2;K-Hill;MAIN;34;;;
0D7ADC49;3;FLD;2;K-Hill;MAIN;34;;;
0D889AE7;1;CLD;2;Crater Lake;MAIN;51|55;;;
0DE08ABD;2;FLD;2;Angus Frac Sand;MAIN;54;;;
0DD61F59;1;FLD;2;Silverside;MAIN;35|39;;;
0DD61F59;2;CSF;1;Silverside;MAIN;39;;;
0DD85D0E;1;THR;1;Moire Lake;MAIN;36|44;;;
0DD85D0E;2;FLD;2;Moire Lake;MAIN;44|45|46;;;
0E3386F5;1;SSF;1;Duperow Formation Brines;MAIN;20|26|27;;;
0E298D31;1;FLD;2;Covas;MAIN;27|35;;;
0E298D31;3;INT;2;Covas;MAIN;47;;;
0E4DBCB8;1;SHZC;1;Rurembo Pegmatites;MAIN;20;;;
0E4DBCB8;2;FLD;1;Rurembo Pegmatites;MAIN;20;;;
0E5E7976;1;FLD;2;Resting Lake;MAIN;50|54;;;
0E5E7976;2;THR;1;Resting Lake;MAIN;43;;;
0EB3BA01;1;FLD;2;Auton;MAIN;27;;;
0EB3BA01;2;SHZC;2;Auton;MAIN;27;;;
0ECD3D07;1;SHZC;2;Beta Hunt Gold Deposits;MAIN;45|49|56;;;
0ECD3D07;2;SSF;1;Beta Hunt Gold Deposits;MAIN;49|54;;;
0ECD3D07;3;NRM;2;Beta Hunt Gold Deposits;MAIN;54;;;
0ECD3D07;4;THR;2;Beta Hunt Gold Deposits;MAIN;54;;;
0F2A1210;1;SHZC;1;Forcarei Sur Pegmatites;MAIN;32|34|39|58;25000.0;;extent:bounded
0F2A1210;2;FLD;2;Forcarei Sur Pegmatites;MAIN;39|58;;;
0F2C934A;1;INC;2;Redtree;MAIN;54|57;15000.0;;
0FB4F351;1;BMF;1;Alkali Flat;MAIN;46;;;
0FB708B3;1;FLD;1;Kutai Block CBM;MAIN;5;;;
0FCB8082;1;TRT;1;Baavhai Uul;MAIN;25;;;
105DB0E8;1;CSF;1;El Porvenir;MAIN;75;15000.0;;extent:bounded
105DB0E8;2;FLD;2;El Porvenir;MAIN;75|76|79;;;
102FF38F;1;FLD;2;Valencia;MAIN;51|55|76;;;
10C8DE51;1;BMF;1;Cerro Rojo;MAIN;31;;;
10C8DE51;2;FLD;2;Cerro Rojo;MAIN;33;;;
10C49368;1;CSF;1;Walker Gossan;MAIN;47;;;
10D7B213;1;FLD;1;Farim;MAIN;112|120|121;;;
110193C6;1;FLD;1;Upper Fir;MAIN;73;;;
110193C6;2;FLD;2;Upper Fir;MAIN;73;;;
110193C6;3;THR;2;Upper Fir;MAIN;73;;;
110193C6;4;NRM;N/A;Upper Fir;MAIN;73;;;
110193C6;5;SHZC;2;Upper Fir;MAIN;73;;;
110AEDBA;1;CSF;1;Foxtrot Project;MAIN;48;;;
110AEDBA;2;MYLC;2;Foxtrot Project;MAIN;50;;;
11A0B4E8;1;FLD;2;Bucko Lake Deposit;MAIN;76|78;;;
11E656F3;1;SHZC;1;Macarthur Hematite Project;MAIN;41;;;
11E656F3;2;SSF;2;Macarthur Hematite Project;MAIN;42;;;
11E656F3;3;FLD;2;Macarthur Hematite Project;MAIN;42;;;
11EB3CAA;1;INC;2;B Zone;MAIN;51;;;
11F6C8D5;1;CSF;1;River Valley;MAIN;34;;;
11F6C8D5;3;FLD;2;River Valley;MAIN;34;;;
11F6C8D5;4;SHZC;2;River Valley;MAIN;34;;;
11F70411;1;TRP;1;Canning;MAIN;64|65;;;
1203AD40;1;THR;2;Puerto Rico Property;MAIN;30|34;;;
1203AD40;2;NRM;2;Puerto Rico Property;MAIN;26|30;;;
1203AD40;3;SSF;2;Puerto Rico Property;MAIN;30|31;;;
1203AD40;4;FLD;2;Puerto Rico Property;MAIN;26|34;;;
124DFA74;1;SSF;1;Quebec Lithium;MAIN;33|43;;2500.0;
124DFA74;2;INC;2;Quebec Lithium;MAIN;38|40;;;
1278190C;1;FLD;1;La Sal Project;MAIN;39;;;
12BEFD1B;1;CSF;1;Mphahlele;MAIN;31;10000.0;;
12C69A24;1;CSF;1;Cahuilla;MAIN;43|45;;;
12C69A24;2;SOF;2;Cahuilla;MAIN;45;;;
12CAEF3E;1;THR;1;Fox Tungsten Project;MAIN;35;;;
12CAEF3E;2;FLD;2;Fox Tungsten Project;MAIN;42;;;
12CAEF3E;3;FLD;3;Fox Tungsten Project;MAIN;42;;;
12D784A7;1;FLD;2;Mel deposit;MAIN;29|35|78|79;;;
12D784A7;2;MYLC;1;Mel deposit;MAIN;78;;;
12E98C63;1;FLD;1;Huguenot Project;MAIN;44;;;
12E98C63;2;THR;2;Huguenot Project;MAIN;39|44;;;
12E98C63;3;FLD;2;Huguenot Project;MAIN;44|51|55|58;;;
12E98C63;4;THR;2;Holtslander North Thrust;MAIN;44;;;
12E98C63;5;THR;2;Holtslander South Thrust;MAIN;44;;;
12E98C63;6;THR;2;Pika Fault;MAIN;45;;;
13135657;1;BMF;1;Ambatovy;MAIN;46;;;
13314440;1;SHZC;1;Vazante Operation;MAIN;81|91;12000.0;;extent:bounded
13314440;2;SOF;2;Vazante Operation;MAIN;83;;;
136069E9;1;BMF;1;Salar de Llullaillaco;MAIN;73;;;
136069E9;2;SSF;1;Salar de Llullaillaco;MAIN;73;;;
1374ADF5;1;BMF;1;Salar de Ollagüe;MAIN;69;;;
137FBE14;1;CSF;1;Creal Hills Project;MAIN;37;;;
137FBE14;2;CSF;1;Creal Hills Project;MAIN;38|43;;;
137FBE14;3;BMF;2;Creal Hills Project;MAIN;39|41|43;;;
13E60A22;1;THR;2;Ima;MAIN;56;;;
14055364;1;SSF;1;Trairão Ridge;MAIN;54;;;
14055364;2;SHZC;1;Trairão Ridge;MAIN;54;;;
14055364;3;FLD;2;Trairão Ridge;MAIN;61|62|67;;;
148EBB35;1;SSF;1;Kelvin;MAIN;38|78;150000.0;;extent:bounded
145A2E42;1;SHZC;2;Two Time Zone;MAIN;32;;;
145A2E42;2;BXP;2;Two Time Zone;MAIN;32|34;;;
1565804C;1;SSF;2;Texmont Deposit;MAIN;91;;;
14E5F476;1;SHZC;1;Duddridge Lake;MAIN;16|17;3000.0;;extent:approx_magnitude
15CA0586;1;THR;N/A;Bolivar;MAIN;82;;;
15CA0586;2;SSF;N/A;Bolivar;MAIN;82;;;
15CA0586;3;FLD;N/A;Bolivar;MAIN;82|96;;;
161EA586;1;CSF;1;Kilometre 26 Nickel;MAIN;15;450000.0;;extent:bounded
15D59439;1;JOG;1;Gryphon;MAIN;67;;;
15D59439;2;TRP;2;Gryphon;MAIN;67|68;;;
15D59439;3;LTC;2;Gryphon;MAIN;67;;;
16238EDB;1;BMF;1;Nechalacho deposit;MAIN;69;;;
163EABC7;1;SHZC;2;J Zone;MAIN;59|62;;;
163EABC7;2;THR;2;J Zone;MAIN;60;;;
16728756;1;FLD;1;Middle Kittanning;MAIN;23;;;
169EB4DF;1;BMF;1;Rhodes Marsh;MAIN;22|25;;;distance:unparseable
165DACF6;1;SHZC;1;CV5 and CV13 Pegmatites;MAIN;73;;;
165DACF6;2;FLD;2;CV5 and CV13 Pegmatites;MAIN;73|88;;;
165DACF6;3;INT;2;CV5 and CV13 Pegmatites;MAIN;104;;;
16F0B5B9;1;THR;2;West Bear Project;MAIN;44;;;
16F0B5B9;2;SSF;2;West Bear Project;MAIN;44|46;;;
16F0B5B9;3;SHZC;2;West Bear Project;MAIN;46|48;;;
174EE5F9;1;FLD;2;Quartzite Zones D and G;MAIN;24;;;
176E726B;1;BMF;1;Goatfell;MAIN;42;;;
176E726B;2;TRP;1;Goatfell;MAIN;45|48;;;
176E726B;3;TRP;2;Goatfell;MAIN;48|51;;;
176E726B;5;SHZC;N/A;Goatfell;MAIN;48;;;
17E839A3;1;SHZC;2;Black Bear;MAIN;37;;;
17BB3CC7;1;FLD;1;Sweet Spot;MAIN;40|42;;;
17BB3CC7;2;THR;1;Sweet Spot;MAIN;41|42;;;
17BC7C26;1;SHZC;1;Eagle Island;MAIN;59;;;
17BC7C26;2;FLD;2;Eagle Island;MAIN;62;;;
17EBD1C6;1;THR;1;James Bay Niobium Deposit;MAIN;33|40;;;
17EBD1C6;2;INT;2;James Bay Niobium Deposit;MAIN;40;;;
183758FF;1;BMF;1;Salar de Pastos Grandes;MAIN;42;;;
183758FF;2;TRP;1;Salar de Pastos Grandes;MAIN;42;;;
183758FF;4;FLD;2;Salar de Pastos Grandes;MAIN;45;;;
1819B106;1;FLD;1;Bolivar;MAIN;85|88;;;
1819B106;2;THR;1;Bolivar;MAIN;85|86;;;
1819B106;3;SSF;1;Bolivar;MAIN;85;;;
1855E022;1;BMF;1;Cardiac Creek;MAIN;60|74;;;
1855E022;2;THR;1;Cardiac Creek;MAIN;60;;;
18A7701E;1;CLD;2;James Bay Lithium Project;MAIN;31|32;;;
18BF480C;1;SHZC;1;Kenbridge Deposit;MAIN;79|82;;;
18C300A6;1;SHZC;1;Molo;MAIN;41|44;;;
18C300A6;2;TRP;1;Molo;MAIN;41;;;
18C300A6;3;FLD;2;Molo;MAIN;44;;;
18DFD7AD;2;JOG;2;Parkin Offset;MAIN;19|21|24;;;
18DFD7AD;3;SOF;2;Parkin Offset;MAIN;21|24;;;
18FEF4EB;1;SSF;1;Bunker Hill Mine;MAIN;58|65;;;
18FEF4EB;2;FLD;2;Bunker Hill Mine;MAIN;63|64;;;
18FEF4EB;3;THR;2;Bunker Hill Mine;MAIN;65;;;
18FEF4EB;4;NRM;2;Bunker Hill Mine;MAIN;66;;;
18FEF4EB;5;THR;2;Bunker Hill Mine;MAIN;66;;;
18FEF4EB;6;LTC;2;Bunker Hill Mine;MAIN;70;;;
191D3FEB;1;THR;2;3Q Salar;MAIN;80;;;
191D3FEB;2;NRM;2;3Q Salar;MAIN;80|102;;;
191D3FEB;3;BMF;1;3Q Salar;MAIN;80|96|102;;;
195BDFB9;1;BLK;1;Bonasika 7;MAIN;88|90;;;
1934B780;1;SSF;1;Nkout;MAIN;40;;;
1934B780;2;MYLC;1;Nkout;MAIN;40;;;
1934B780;3;SHZC;1;Nkout;MAIN;40;;;
1934B780;4;THR;1;Nkout;MAIN;45;;;
1934B780;5;SSF;2;Nkout;MAIN;47|48|50;;;
1934B780;6;THR;2;Nkout;MAIN;47;;;
1934B780;7;MYLC;2;Nkout;MAIN;48;;;
1934B780;8;SHZC;2;Nkout;MAIN;50|51;;;
1934B780;9;FLD;2;Nkout;MAIN;45;;;
198997AC;1;NRM;2;Main Mineral Trend (MMT);MAIN;41;;;
19AA732D;1;BMF;1;Malmbjerg deposit;MAIN;28;;;
19B9B09F;1;THR;1;Shymanivske;MAIN;82;;;
19B9B09F;2;FLD;1;Shymanivske;MAIN;82|86|113;;;
19B9B09F;3;UNC;2;Shymanivske;MAIN;90|96|113;;;
19D2B404;1;THR;1;Key Anacon;MAIN;50|51|52|56;;;
19D2B404;3;FLD;2;Key Anacon;MAIN;75;;;
19D2B404;4;MYLC;2;Key Anacon;MAIN;75;;;
19D56050;1;FLD;2;Farrell-Taylor;MAIN;17;;;
1A3AC16F;1;BMF;1;Macusani Project;MAIN;39;;;
1A6A79CF;1;FLD;2;Rex seam;MAIN;43|44;;;
1AF3CD67;1;INC;2;Versant REE showing;MAIN;26;;;
1AFEBDB7;1;THR;2;K-Hill;MAIN;37;;;
1B02B84A;1;SHZC;2;Bandeira;MAIN;57|65|80;;;
1B02B84A;4;FLW;1;Bandeira;MAIN;60;;;
1B800C59;1;THR;1;GHO;MAIN;33;;;
1B800C59;2;THR;2;GHO;MAIN;33;;;
1B800C59;3;NRM;2;GHO;MAIN;33;;;
1B800C59;4;FLD;1;GHO;MAIN;33;;;
1B800C59;5;NRM;1;GHO;MAIN;33;;;
1B800C59;6;FLD;2;GHO;MAIN;42;;;
1B78F635;1;SHZC;1;Santa Helena Breccia;MAIN;72;;;
1B78F635;2;INT;2;Santa Helena Breccia;MAIN;81;;;
1B78F635;3;NRM;2;Santa Helena Breccia;MAIN;75;;;
1B78F635;4;THR;2;Santa Helena Breccia;MAIN;75;;;
1BBB5ABD;1;FLD;2;Los Santos;MAIN;32;;;
1BBA5771;1;SHZC;2;Lochaber Graphite Project;MAIN;49|54|74;;;
1BF34DFC;1;BMF;1;Bromley Creek Deposit;MAIN;11;;;
1BF34DFC;3;FLD;2;Bromley Creek Deposit;MAIN;14;;;
1C2D025D;1;CSF;1;Pine Point;MAIN;56;;;
1C67D681;1;SHZC;2;Silver Crown;MAIN;28;;;
1C67D681;2;SHZC;1;Silver Crown;MAIN;63|64|67;;;
1C3D1080;1;BMF;1;El Mochito;MAIN;54|60;;;
1C3D1080;2;SOF;2;El Mochito;MAIN;60;;;
1C3D1080;3;SSF;2;El Mochito;MAIN;60;;;
1C3D1080;4;INT;2;El Mochito;MAIN;64|66;;;
1C3D1080;5;JOG;2;El Mochito;MAIN;64|66;;;
1CA06E89;1;BMF;1;SWA Project;MAIN;55|69|73;;;distance:unparseable
1C9C7A33;1;BMF;1;Hector Property;MAIN;33;;;
1C9C7A33;2;SOF;2;Hector Property;MAIN;33;;;
1C9D3F3C;1;SSF;2;Nkout;MAIN;35|46;;;
1C9D3F3C;2;MYLC;2;Nkout;MAIN;35|46;;;
1C9D3F3C;3;THR;2;Nkout;MAIN;46;;;
1C9D3F3C;4;FLD;2;Nkout;MAIN;41|43|51;;;
1CA3822C;1;BMF;1;Danakhil Potash Deposit;MAIN;63;;;
1CA3822C;2;SOF;2;Danakhil Potash Deposit;MAIN;67|69;;;
1D388622;1;CSF;1;Foxtrot Project;MAIN;28;;;
1D388622;2;MYLC;2;Foxtrot Project;MAIN;30;;;
1D0ECCE2;1;SHZC;2;Arrow deposit;MAIN;73|75|81;;;
1D54F49C;1;BMF;1;Salar de Arizaro;MAIN;11|60;;;
1D641949;1;SOF;2;Marquez;MAIN;19;;;
1D641949;2;FLD;1;Marquez;MAIN;19;;;
1D767F3F;1;FLD;2;Murray Brook;MAIN;87;;;
1D767F3F;2;THR;2;Murray Brook;MAIN;89;;;
1D748A1D;1;THR;1;Rose Deposits;MAIN;70|76|81|92;;;
1D748A1D;2;FLD;2;Rose Deposits;MAIN;74|79|81|92;;;
1D748A1D;3;FLD;3;Rose Deposits;MAIN;79;;;
1D748A1D;4;GSC;2;Rose Deposits;MAIN;76;;;
1DBD174C;1;SHZC;2;Simpson Graphite Property;MAIN;46;;;
1DCAEC02;1;SHZC;1;Tarku Project;MAIN;18|19;;;
1DCAEC02;2;THR;2;Tarku Project;MAIN;25;;;
1DE1A4DB;1;FLD;2;Frontier Zone;MAIN;35;;;
1E337F99;1;CSF;1;Deep Fox;MAIN;47;;;
1E337F99;2;SOF;2;Deep Fox;MAIN;57;;;
1E2ADF41;1;FLD;1;RC Zone;MAIN;22;;;
1E2ADF41;2;FLD;2;RC Zone;MAIN;22;;;
1E2ADF41;3;FLD;N/A;RC Zone;MAIN;22;;;
1E0D8330;1;CSF;1;Madaouela;MAIN;117|151;;;
1E0D8330;2;SHZC;1;Madaouela;MAIN;117|119|151;;;
1E0D8330;3;SSF;2;Madaouela;MAIN;26|117|136|151;;;
1E0D8330;4;SSF;2;Madaouela;MAIN;117|151;;;
1E0D8330;5;FLD;2;Madaouela;MAIN;122|125;;;
1E0D8330;6;FLD;2;Madaouela;MAIN;122|123|129|130|132;;;
1E60FFA4;1;FLD;2;Joyce Lake;MAIN;26|33|34;;;
1E60FFA4;2;THR;1;Joyce Lake;MAIN;25;;;
1E7AA30D;1;THR;2;Frances Creek;MAIN;36|37|40;;200.0;distance:bounded
1E7AA30D;2;FLD;2;Frances Creek;MAIN;37;;;
1E7AA30D;3;UNC;2;Frances Creek;MAIN;36;;;
1E80ECB2;2;ENE;3;Rubicon;MAIN;157;;;
1E80ECB2;3;SHZC;2;Rubicon;MAIN;157;;;
1E80ECB2;5;FLD;2;Rubicon;MAIN;149;;;
1E6AA68C;1;THR;2;Huguenot;MAIN;41|42;;;
1E6AA68C;2;FLD;2;Huguenot;MAIN;41|58;;;
1E8BA44E;1;CSF;1;Songwe Hill;MAIN;32;;;
1E8BA44E;2;CLD;2;Songwe Hill;MAIN;34|53;;;
1E8BA44E;3;SOF;2;Songwe Hill;MAIN;60;;;
1EA0B091;1;FLD;2;LAB Property;MAIN;57;;;
1EA0B091;2;NRM;2;LAB Property;MAIN;57;;;
1EA0B091;3;SSF;2;LAB Property;MAIN;57;;;
1EA0B091;4;SHZC;2;LAB Property;MAIN;63;;;
1EAB5547;1;SHZC;N/A;Xaudum Block 1;MAIN;27;;;
1EAB5547;2;SSF;1;Xaudum Block 1;MAIN;28;;;
1EAB5547;3;BMF;1;Xaudum Block 1;MAIN;40;;;
1EAB5547;4;THR;2;Xaudum Block 1;MAIN;39;;;
1EAB5547;5;FLD;2;Xaudum Block 1;MAIN;39|40;;;
1EBF8758;1;FLD;2;Gollier Creek;MAIN;52;;;
1ECDD06B;1;THR;1;Borel River;MAIN;26;;;
1ECDD06B;2;FLD;2;Borel River;MAIN;31|33|35;;;
1ECDD06B;3;INT;2;Borel River;MAIN;33;;;
1EE04080;1;CSF;1;Point Leamington Deposit;MAIN;35;;;
1EE04080;2;THR;2;Point Leamington Deposit;MAIN;37|44|45;;;
1EE04080;3;FLD;1;Point Leamington Deposit;MAIN;38;;;
1EE04080;4;SSF;1;Point Leamington Deposit;MAIN;38;;;
1F2B141D;2;BMF;1;Clayton Valley Project;MAIN;15;;;
1F578809;1;SSF;1;Song Toh;MAIN;74|77;;;
1F578809;2;INT;2;Song Toh;MAIN;77;;;
1F578809;3;FLD;2;Song Toh;MAIN;68|71;;;
1F70BE24;1;NRM;2;Lost Creek;MAIN;49|50;;;
1FAE42B5;1;THR;1;Lac Guéret;MAIN;77|78;;;
1FAE42B5;2;FLD;2;Lac Guéret;MAIN;83|86;;;
1FAE42B5;3;THR;2;Lac Guéret;MAIN;89;;;
1FDBA7FD;1;FLD;2;Lola Graphite;MAIN;107;;;
1FDBA7FD;2;SHZC;2;Lola Graphite;MAIN;105|107;;;
1FF68942;1;CSF;1;Pine Point;MAIN;56;;;
20EF71F3;1;CSF;1;Escape Deposit;MAIN;78|85;;;
20EF71F3;2;SOF;2;Escape Deposit;MAIN;78|85;;;
217B0C68;1;SHZC;1;Waterberg;MAIN;58;;;
21A5C67E;1;FLD;2;SMDI 2455;MAIN;50;;;
21A5C67E;3;SHZC;2;SMDI 2455;MAIN;54;;;
21B93D3D;1;THR;2;Hopes Advance Main Zone;MAIN;72;;;
21C0B975;1;THR;2;Lemarchant Deposit;MAIN;32|36;;;
21C0B975;3;SOF;2;Lemarchant Deposit;MAIN;35;;;
21D9DC51;1;CLD;1;Marathon Deposit;MAIN;156;;;
22328F9B;1;CSF;1;Salar de Maricunga;MAIN;85;;;
22328F9B;2;SSF;1;Salar de Maricunga;MAIN;85|88;;;
224FB7CE;1;FLD;2;Blende;MAIN;23|30;6000.0;;
224FB7CE;2;SHZC;2;Blende;MAIN;23|34;6000.0;;
224FB7CE;3;THR;2;Blende;MAIN;30;;;
227DB916;1;FLD;1;Corsa Coal Properties;MAIN;49;;;
22E1794D;1;SHZC;2;Mpama North;MAIN;31|33;;;
22E1794D;2;SOF;3;Mpama North;MAIN;31|33;;;
22E1794D;3;FLD;2;Mpama North;MAIN;31;;;
22F6915A;1;CSF;1;Carachi Pampa Salar;MAIN;28;;;
22F6915A;2;TRT;1;Carachi Pampa Salar;MAIN;37;;;
23327B8D;1;SSF;1;Teels Marsh;MAIN;35|36;;;
23327B8D;2;JOG;2;Teels Marsh;MAIN;38;;;
23327B8D;3;BMF;2;Teels Marsh;MAIN;38;;;
23327B8D;4;INT;2;Teels Marsh;MAIN;44;;;
233F34EA;1;THR;1;Témiscouata Property;MAIN;11|18;;;
233F34EA;2;THR;2;Témiscouata Property;MAIN;11;;;
233F34EA;3;SHZC;2;Témiscouata Property;MAIN;11;;;
233F34EA;4;FLD;2;Témiscouata Property;MAIN;11;;;
233F34EA;5;FLD;3;Témiscouata Property;MAIN;11;;;
2337FCEB;2;FLD;3;K.Hill;MAIN;41|45|46;;;
2337FCEB;3;THR;2;K.Hill;MAIN;41|46;;;
23C6D7F0;1;SSF;1;Berenguela;MAIN;57;60000.0;;extent:range_mean
23C6D7F0;2;DET;1;Berenguela;MAIN;80;;;
23C6D7F0;3;FLD;2;Berenguela;MAIN;68|69;;;
23EACA31;1;TRT;1;West Tonopah Lithium Project;MAIN;40;;;
23EACA31;2;BMF;1;West Tonopah Lithium Project;MAIN;42;;;
23EACA31;3;BMF;1;West Tonopah Lithium Project;MAIN;45;100000.0;;
241D4FC6;1;THR;2;Bujagali Property;MAIN;44;;;
241D4FC6;2;FLD;2;Bujagali Property;MAIN;44;;;
24418643;1;TRP;1;Sidi Mokhtar Prospects;MAIN;17;;;
24418643;2;FLD;2;Sidi Mokhtar Prospects;MAIN;18;;;
243BC874;1;CLD;2;Porco;MAIN;84|86;;;
243BC874;2;INC;2;Porco;MAIN;84|86;;;
2468B1D6;1;TRT;2;Layden Showing;MAIN;63;;;
2468B1D6;2;SSF;2;Layden Showing;MAIN;63;;;
248172B0;1;FLD;2;Jideh Mountain;MAIN;22|23;;;
24C6289B;1;BXP;2;Kipushi;MAIN;75|77|79|86|99;;;
24C6289B;2;FLD;1;Kipushi;MAIN;74|77;;;
251BE6F3;1;THR;2;Lac Otelnuk;MAIN;46|61;;;
251BE6F3;2;FLD;2;Lac Otelnuk;MAIN;46|61;;;
259165E8;1;NRM;1;Lundberg;MAIN;67;;;
259165E8;2;FLD;2;Lundberg;MAIN;67;;;
2594388E;1;FLD;1;Manono-Kitotolo;MAIN;19;;;
25B3DA6A;1;FLD;N/A;Blue Moon;MAIN;55;;;
25B27909;1;THR;2;J Zone;MAIN;26;;;
2602BCF1;1;THR;1;Mina María;MAIN;70;;;
2602BCF1;2;GSC;1;Mina María;MAIN;70;;;
2602BCF1;3;INC;2;Mina María;MAIN;70;;;
26089936;1;FLD;2;Bloom Lake;MAIN;70|72;;;
26089936;2;THR;2;Bloom Lake;MAIN;71|72;;;
26272DC4;1;FLD;1;Vista South;MAIN;24;70000.0;;
26272DC4;2;THR;1;Vista South;MAIN;24|25;;;
26272DC4;3;SOF;2;Vista South;MAIN;32;13000.0;;extent:bounded
264F5D83;1;SSF;2;Minago Deposit;MAIN;52;;;
264F5D83;2;FLD;2;Minago Deposit;MAIN;52;;;
264F5D83;4;MYLC;2;Minago Deposit;MAIN;53;;;
268D22C2;1;CSF;1;Zeb Nickel Project;MAIN;87|106;;;
268D22C2;2;SOF;1;Zeb Nickel Project;MAIN;87|88|90|91;;;
268D22C2;3;SHZC;1;Zeb Nickel Project;MAIN;91;;;
26A3C924;1;CSF;1;Lac 50;MAIN;36|39;3000000.0;;extent:bounded
26A3C924;2;SOF;2;Lac 50;MAIN;44;;;
26A3C924;3;SOF;3;Lac 50;MAIN;44;;;
26B32E94;1;BMF;1;Pocitos West;MAIN;28;;;
26B32E94;2;CSF;1;Pocitos West;MAIN;28;;;
26B32E94;3;INT;1;Pocitos West;MAIN;28;;;
26B32E94;4;THR;1;Pocitos West;MAIN;30;;;
26B6CF7C;1;BMF;1;Ana Sofia 2;MAIN;20;;;
26C374D9;1;THR;1;C-Zone;MAIN;63|67|68|75;;;
26C374D9;2;SHZC;2;C-Zone;MAIN;64|72|74;;;
26C374D9;3;UNC;2;C-Zone;MAIN;67|75;;;
26D46848;1;CSF;1;NAL;MAIN;76|79|87;;2500.0;
2714265B;1;BMF;1;SWA Project;MAIN;55|73;;;
2714265B;2;BMF;1;SWA Project;MAIN;55|69|73;;;
26F8B33E;1;SSF;2;N/A;MAIN;16;;;
26F8B33E;2;ENE;3;N/A;MAIN;16;;;
26F8B33E;3;SHZC;2;N/A;MAIN;18;;;
270D9C6D;1;CSF;1;Current Lake Deposit;MAIN;54|59;;;distance:unparseable
270D9C6D;2;SOF;2;Current Lake Deposit;MAIN;54;;;
27BEC3FA;1;INC;2;B Zone;MAIN;72;;;
27AD683D;1;SSF;1;Area 4;MAIN;56|59|74;3000.0;;extent:approx_magnitude
27AD683D;2;SOF;2;Area 4;MAIN;59;;;
27CD1708;1;SHZC;1;Buckshot Graphite Target;MAIN;21;;;
27DA0C13;1;FLD;2;Emily deposit;MAIN;27;;;
27DBF48C;1;FLD;2;Okanjande;MAIN;104|105;;;
27D19E16;1;BMF;1;Danakhil Potash Deposit;MAIN;64;;;
27D19E16;2;NRM;2;Danakhil Potash Deposit;MAIN;68|80;;;
280E700C;1;CSF;1;NORI Area D;MAIN;44;;;
280E700C;2;NRM;2;NORI Area D;MAIN;54;;;
282F5887;2;THR;1;DANF Santiago Project;MAIN;64|65|67|68;;;
282F5887;3;SSF;2;DANF Santiago Project;MAIN;64|68;;;
282F5887;4;SSF;1;DANF Santiago Project;MAIN;64;;;
282F5887;5;FLD;1;DANF Santiago Project;MAIN;67|68;;;
28AE798C;1;CSF;1;PAK Pegmatite;MAIN;87;140000.0;;extent:bounded
28AC3209;1;SHZC;2;Samapleu;MAIN;54;;;
28AC3209;2;JOG;2;Samapleu;MAIN;54;;;
28C78FD7;1;FLD;2;Snelgrove;MAIN;34|37;;;
28C78FD7;2;THR;2;Snelgrove;MAIN;34|37;;;
28C78FD7;3;SOF;2;Snelgrove;MAIN;35;;;
28D2233A;1;CSF;1;North Kimberley Diamond Project;MAIN;29|30|31;;;
28D24D35;2;INT;2;Koala;MAIN;71;;;
2951A4DE;1;FLD;2;M2 Deposit;MAIN;49;;;
29630C2A;1;TRP;1;Pastos Grandes;MAIN;38;;;
29630C2A;2;CSF;1;Pastos Grandes;MAIN;38|42;;;
29630C2A;3;THR;1;Pastos Grandes;MAIN;41;;;
29630C2A;4;THR;2;Pastos Grandes;MAIN;46;;;
298EB4A7;3;CSF;1;Fox Creek;MAIN;38|39;;;
2997FB01;1;FLD;1;Alexo Deposit;MAIN;40;2500.0;;
2A2D1F87;1;THR;1;Sokoman Formation Iron;MAIN;5|24;;;
2A2D1F87;2;FLD;2;Sokoman Formation Iron;MAIN;32|36|38;;;
2A2D1F87;3;THR;2;Sokoman Formation Iron;MAIN;32;;;
2A9C9208;1;CSF;1;Bashaw District;MAIN;47;;;
2A9BC58F;1;TRP;1;Aguablanca;MAIN;32|40|46|47|61;;;
2A9BC58F;2;SOF;2;Aguablanca;MAIN;47|61;;;
2AABC83C;1;SHZC;1;Pontax Lithium deposit;MAIN;39;;;
2AABC83C;2;THR;2;Pontax Lithium deposit;MAIN;39;;;
2AABC83C;3;SHZC;2;Pontax Lithium deposit;MAIN;39;;;
2ADAA145;1;SHZC;1;Selebi;MAIN;44|50;;;
2ADAA145;2;FLD;2;Selebi;MAIN;51;;;
2ADAA145;3;LTC;2;Selebi;MAIN;51;;;
2ADAA145;4;SHZC;2;Selebi;MAIN;55|64;;;
2AF61EC2;2;LTC;2;Milestone Project;MAIN;52|56;;;
2B5F46E9;1;CSF;1;Argor Carbonatite Complex;MAIN;31|38;;;
2B5F46E9;2;INT;2;Argor Carbonatite Complex;MAIN;38;;;
2BD3BF5B;1;FLD;2;West Zone;MAIN;126;;;
2BDE7820;1;SHZC;1;Waterberg;MAIN;118;;;
2BEB708C;1;THR;1;Greenbush Zone;MAIN;87;150000.0;;extent:bounded
2BEB708C;2;THR;2;Greenbush Zone;MAIN;75|88|89;;;
2BEB708C;3;LFT;2;Greenbush Zone;MAIN;88;;;
2BEB708C;4;FLD;2;Greenbush Zone;MAIN;75|88;;;
2C0AFB15;1;BMF;1;Main Coal Seam;MAIN;26;;;
2C0AFB15;2;FLD;1;Main Coal Seam;MAIN;26|28;;;
2C0AFB15;3;SOF;2;Main Coal Seam;MAIN;28;;;
2C00F9BD;1;SHZC;1;Caballo Blanco;MAIN;98;6000.0;;extent:range_mean
2C00F9BD;2;SOF;2;Caballo Blanco;MAIN;101|102;;;
2C304154;1;BMF;1;Salar de Pastos Grandes;MAIN;25|26;;;
2C304154;2;TRP;1;Salar de Pastos Grandes;MAIN;25|26;;;
2C60B450;1;BMF;1;Graphite Creek;MAIN;104;35000.0;;extent:bounded
2C60B450;2;FLD;3;Graphite Creek;MAIN;104;;;
2C67DB24;1;FLD;2;Ochoa Project;MAIN;61;;;
2CA0B028;1;THR;1;Wolf deposit;MAIN;26|28|34;;;
2CA0B028;2;SSF;2;Wolf deposit;MAIN;28|34;;;
2CC8BACF;1;SHZC;2;Osprey;MAIN;21;;;
2CFB50DA;1;SSF;1;Lac St-Jean Hydrocarbon Project;MAIN;11;;;
2CFB50DA;2;BMF;2;Lac St-Jean Hydrocarbon Project;MAIN;17|30;;;
2CFEAC9B;1;FLD;1;Northern Appalachian Coal Holdings;MAIN;48;;;
2CF1F0D4;1;SHZC;2;Area 4;MAIN;54|57|72;3000.0;;extent:approx_magnitude
2D0C1F0D;1;DOM;2;Calico Peak;MAIN;36;;;
2D27342E;1;DET;1;San Felipe;MAIN;35|40;;;
2D27342E;2;SSF;2;San Felipe;MAIN;40;;;
2D27342E;3;SHZC;2;San Felipe;MAIN;43|44;;;
2D5DCAAF;1;CSF;1;James Bay Niobium Deposit;MAIN;31|38;;;
2D5DCAAF;2;THR;1;James Bay Niobium Deposit;MAIN;31|38;;;
2D5DCAAF;4;INT;2;James Bay Niobium Deposit;MAIN;38;;;
2D74438F;1;NRM;2;Boardwalk;MAIN;51|54|72|73;;;
2D96301D;1;BMF;1;Hauber Mine;MAIN;20|21;;;
2DF0791E;1;SSF;2;Minago Deposit;MAIN;52;;;
2DF0791E;2;FLD;2;Minago Deposit;MAIN;52;;;
2DF0791E;4;MYLC;2;Minago Deposit;MAIN;52;;;
2DDDE196;1;SHZC;1;WRCB;MAIN;45;35000.0;;extent:range_mean
2DDDE196;2;SHZC;2;WRCB;MAIN;45|87;;;
2DDDE196;3;FLD;2;WRCB;MAIN;45|87;;;
2DDDE196;4;GSC;2;WRCB;MAIN;45;;;
2DDDE196;6;INT;2;WRCB;MAIN;87;;;
2E092BA8;1;THR;1;Catalao Kimberlites;MAIN;58;;;
2E092BA8;2;GSC;2;Catalao Kimberlites;MAIN;60;;;
2DFF335C;1;CSF;1;Haven;MAIN;30|31|33;;;
2DFF335C;2;SOF;2;Haven;MAIN;33;;;
2DFF335C;3;INT;2;Haven;MAIN;33;;;
2DFF335C;4;JOG;3;Haven;MAIN;34;;;
2DFF335C;5;SHZC;2;Haven;MAIN;36|39;;;
2E163372;1;CSF;1;Pinargozu;MAIN;45;;;
2E163372;2;FLW;1;Pinargozu;MAIN;47;;;
2E163372;3;THR;2;Pinargozu;MAIN;47|51;;;
2E163372;4;SHZC;3;Pinargozu;MAIN;59;;;
2E163372;5;INT;3;Pinargozu;MAIN;59;;;
2E214388;1;SHZC;1;Pine Point;MAIN;61|68;;;
2E20DBAA;3;INT;2;Velardeña;MAIN;47;;;
2E88899F;1;FLD;1;Corsa properties;MAIN;52;;;
2E531605;1;CSF;1;Fox Creek West Lithium Brine;MAIN;33|34|35;;;
2EA613C8;1;SHZC;1;Lake Giles Hematite;MAIN;53;;;
2EA613C8;2;FLD;2;Lake Giles Hematite;MAIN;55|62;;;
2EC11F45;1;BMF;1;San Antonio;MAIN;24;;;
2EC3311A;1;BMF;2;Jubilee Zone;MAIN;13;;;
2EC3311A;2;INT;2;Jubilee Zone;MAIN;13;;;
2EBE2D61;1;FLD;2;LS deposit;MAIN;51;;;
2EBE2D61;2;THR;2;LS deposit;MAIN;51|57;;;
2EDACF4F;1;THR;1;Selkirk;MAIN;66;;;
2EDACF4F;3;SHZC;2;Selkirk;MAIN;82;;;
2F2D64F4;1;CLD;1;McDermitt Lithium East;MAIN;23|28;;;
2F64AA5B;1;THR;2;MEGA tungsten deposit;MAIN;37;;;
2F64AA5B;2;BMF;1;MEGA tungsten deposit;MAIN;37;;;
2F64AA5B;3;FLD;1;MEGA tungsten deposit;MAIN;37;;;
2FBFC0A9;1;CSF;1;Kilometre 26 Nickel;MAIN;14;450000.0;;extent:bounded
2FC95BCE;1;SHZC;1;Namew Lake Property;MAIN;35;;;
2FAC6171;1;THR;1;Kuriskova;MAIN;31;;;
2FAC6171;3;GSC;2;Kuriskova;MAIN;37;;;
2FCB5B15;1;FLD;1;VTM Deposit;MAIN;129|148;20000.0;;
2FCB5B15;2;SHZC;3;VTM Deposit;MAIN;137;;;
2FCB5B15;3;SHZC;2;VTM Deposit;MAIN;137;;;
2FCB5B15;4;THR;2;VTM Deposit;MAIN;138;;;
2FEB72F8;1;FLD;1;Norton Zone;MAIN;92;;;
30631A07;1;FLD;1;Empire State Mines;MAIN;59|60;;;
30631A07;2;FLD;2;Empire State Mines;MAIN;59;;;
30631A07;4;THR;2;Empire State Mines;MAIN;60;;;
3079E15C;1;SOF;2;Tami-Mosi;MAIN;23;;;
30821A1B;1;SHZC;2;Xuxa;MAIN;91;;;
308DF9AC;2;SSF;2;Cerro Lindo;MAIN;70;;;
308DF9AC;3;THR;2;Cerro Lindo;MAIN;70;;;
3095DFB2;1;THR;1;Palisades Coal;MAIN;23;;;
3095DFB2;2;FLD;2;Palisades Coal;MAIN;23;;;
3095DFB2;3;THR;2;Palisades Coal;MAIN;23;;;
3095DFB2;4;LTC;2;Palisades Coal;MAIN;24;;;
30A36480;2;FLD;2;Lola Graphite;MAIN;62;;;
30EE3BD9;1;BMF;2;Salar de Tolillar;MAIN;103|104|106;;;
310AA0EF;2;THR;N/A;Alberta Lithium Brine;MAIN;53;;;
310BAF5F;1;BMF;1;Mengo;MAIN;42;;;
3122220F;1;FLD;1;Tanjiachang Phosphorite Mine;MAIN;14|16;;;
3122220F;2;NRM;1;Tanjiachang Phosphorite Mine;MAIN;16;300000.0;;extent:approx_magnitude
311A3FFE;1;SHZC;1;Waterberg Project;MAIN;105;;;
311A3FFE;2;SHZC;1;Waterberg Project;MAIN;106|113;;;
311A3FFE;4;SOF;2;Waterberg Project;MAIN;111;;;
312E4E0E;1;BMF;1;Salar de Pastos Grandes;MAIN;55|66;;;
312E4E0E;2;CSF;1;Salar de Pastos Grandes;MAIN;55|56;;;
312E4E0E;3;SSF;1;Salar de Pastos Grandes;MAIN;55;;;
31E78B27;1;BMF;1;JR and RJ Properties;MAIN;20|23|26|31;;;
3208B01A;1;CSF;1;Goondicum;MAIN;29;;;
3220D650;2;THR;2;Turnagain deposit;MAIN;63|64;;;
3274057B;1;BMF;1;Kibby Basin;MAIN;14|17|22;;;
326E25DC;1;SSF;1;Point Leamington;MAIN;39;;;
326E25DC;2;SOF;2;Point Leamington;MAIN;46;;;
326E25DC;3;JOG;2;Point Leamington;MAIN;46;;;
326E25DC;4;THR;2;Point Leamington;MAIN;45|46;;;
329E438F;1;FLD;2;Marianne-Marilyn;MAIN;157;;;
329E438F;2;DOM;2;Marianne-Marilyn;MAIN;157|160;;;
32EEF6EF;1;SOF;2;Shakespeare deposit;MAIN;65;;;
32EEF6EF;2;FLD;2;Shakespeare deposit;MAIN;65;;;
32EEF6EF;3;SHZC;2;Shakespeare deposit;MAIN;65|67;;;
32BE1748;1;CSF;1;Platreef Project;MAIN;169;;;
32BE1748;2;NRM;2;Platreef Project;MAIN;173|175;;;
32BE1748;3;SHZC;2;Platreef Project;MAIN;173|175;;;
32BE1748;4;SHZC;2;Platreef Project;MAIN;173;1800.0;;extent:bounded
32BE1748;5;SHZC;2;Platreef Project;MAIN;173;1900.0;;extent:bounded
32BE1748;6;SHZC;2;Platreef Project;MAIN;173;1400.0;;extent:bounded
332B63BB;1;CSF;1;James Bay;MAIN;87;;;
332B63BB;2;SSF;2;James Bay;MAIN;94|96;;;
332B63BB;3;JOG;2;James Bay;MAIN;96;;;
332B63BB;4;SHZC;2;James Bay;MAIN;94|96;;;
3333FF10;1;BMF;2;Eagle East;MAIN;85|87;;;
339B9FC6;1;CSF;1;Albany graphite deposit;MAIN;49|56;;;
3355F00C;1;FLD;2;Matthews Ridge;MAIN;90|91|93|94;;;
3355F00C;2;THR;2;Matthews Ridge;MAIN;92;;;
3355F00C;3;SSF;2;Matthews Ridge;MAIN;95;;;
3355F00C;4;NRM;3;Matthews Ridge;MAIN;95|96;;;
3355F00C;5;INC;2;Matthews Ridge;MAIN;93;;;
33AE9218;1;BMF;1;Charlevoix Hydrocarbon Project;MAIN;6|7|13;;;
33AE9218;2;FLD;2;Charlevoix Hydrocarbon Project;MAIN;27;;;
33A5CC98;1;TRT;1;Mariana Project;MAIN;38;;;
33A5CC98;2;BMF;1;Mariana Project;MAIN;38;;;
33A6250B;1;SHZC;2;Koper Lake Chromite Zone;MAIN;22;;;
33C702AA;1;SHZC;1;Scott Lake;MAIN;49|60;3000.0;;extent:bounded
33BE0D95;1;BMF;1;Antofalla Lithium Property;MAIN;39|52;;;
33BE0D95;2;SSF;1;Antofalla Lithium Property;MAIN;40;;;
33BE0D95;3;JOG;2;Antofalla Lithium Property;MAIN;40;;;
33BE0D95;4;CSF;1;Antofalla Lithium Property;MAIN;43;;;
33D044CE;1;THR;1;Pasto Bueno;MAIN;48;;;
33D044CE;2;SSF;1;Pasto Bueno;MAIN;49|55;;;
33D044CE;3;NRM;1;Pasto Bueno;MAIN;49;;;
33F99105;1;SOF;2;Shakespeare;MAIN;81;;;
33F99105;2;FLD;1;Shakespeare;MAIN;81;;;
3419322B;1;FLD;2;Trojárová;MAIN;42|46;;;
3419322B;2;SHZC;2;Trojárová;MAIN;46;;;
343314C6;1;THR;1;Frances Creek;MAIN;30|33;;200.0;distance:bounded
343314C6;2;THR;2;Frances Creek;MAIN;32;;;
3457C51F;1;SSF;1;Fischells Brook salt dome;MAIN;39|50;;;
34C6C026;1;SSF;1;Murray Ridge;MAIN;24|29;;;
34C6C026;2;SOF;2;Murray Ridge;MAIN;24;;;
34C6C026;3;SSF;2;Murray Ridge;MAIN;24;;;
34C6C026;4;INC;2;Murray Ridge;MAIN;23;;;
34AC54F3;1;SHZC;1;JAK Zone;MAIN;27|30|31|32|37|43;;;
34AC54F3;2;SOF;2;JAK Zone;MAIN;31|37|43;;;
34E6FCC4;1;FLD;1;Lac Knife;MAIN;31;;;
34E6FCC4;2;THR;1;Lac Knife;MAIN;31;;;
34E6FCC4;3;TRP;2;Lac Knife;MAIN;31|35;;;
34EFB2CC;1;BMF;1;Captain Cook;MAIN;19;;;
34EFB2CC;2;FLD;1;Captain Cook;MAIN;16|25;;;
355BFFD3;1;CSF;1;Key Lake Southwest;MAIN;12|14|15;;;
3535A0B1;1;SSF;2;Nkout;MAIN;44|51|52|54|55;;;
3535A0B1;2;THR;2;Nkout;MAIN;49|50|51|52;;;
3535A0B1;3;SHZC;2;Nkout;MAIN;54|55;;;
3535A0B1;4;FLD;2;Nkout;MAIN;44|49|53|59;;;
35F674E8;1;BMF;1;Dixie Valley;MAIN;27|31;;;
35F674E8;2;INT;2;Dixie Valley;MAIN;33;;;
35F674E8;3;BMF;2;Dixie Valley;MAIN;33;;;
35BAD742;1;THR;1;Salar de Olaroz;MAIN;54;;;
35BAD742;2;BMF;1;Salar de Olaroz;MAIN;54;;;
3619090C;1;THR;2;Paul Bay and Ken Pen Zones;MAIN;27;;;
3619090C;2;INT;2;Paul Bay and Ken Pen Zones;MAIN;25;;;
3619090C;3;SSF;2;Paul Bay and Ken Pen Zones;MAIN;25;;;
36D978A8;1;CLD;1;Chambe Basin;MAIN;23;8500.0;;
36B4E9B4;1;SOF;2;L deposit;MAIN;45;;;
36B4E9B4;2;THR;2;L deposit;MAIN;46|51;;;
36B4E9B4;3;SHZC;2;L deposit;MAIN;51;;;
36DC188E;1;THR;1;Main barite showing;MAIN;23;;;
36DC188E;2;SSF;2;Main barite showing;MAIN;25;;;
36DC188E;3;BMF;1;Main barite showing;MAIN;27|28;;;
370DD731;1;FLD;2;Blende Deposit;MAIN;27|34|37;;;
370DD731;2;SHZC;2;Blende Deposit;MAIN;27|31|38;;;
3788243E;1;FLD;2;Lens 257;MAIN;24|25;;;
3788243E;2;SSF;2;Lens 257;MAIN;24;;;
3788243E;3;LTC;2;Lens 257;MAIN;44;;;
37843E72;1;FLD;2;Old Nick;MAIN;25;;;
37D23DBE;1;SHZC;1;Triple R deposit;MAIN;33;;;
37D23DBE;2;SHZC;2;Triple R deposit;MAIN;38|44;;;
37F7A28D;1;FLD;2;Ferguson Lake;MAIN;33|35;;;
37F7A28D;2;SHZC;2;Ferguson Lake;MAIN;33|35;;;
3809309D;1;FLD;2;Lola Graphite;MAIN;60;;;
3809309D;2;SHZC;2;Lola Graphite;MAIN;59|60;;;
38052B44;1;NRM;1;Lost Sheep Property;MAIN;56;;;
38052B44;2;THR;1;Lost Sheep Property;MAIN;56;;;
38052B44;4;NRM;2;Lost Sheep Property;MAIN;54;;;
383028E8;1;BMF;1;South West Arkansas Project;MAIN;70|71|73;;;
383028E8;4;BMF;1;South West Arkansas Project;MAIN;70|71;;;
3815C79B;2;INT;1;King Showing;MAIN;38;;;
3815C79B;3;SHZC;1;King Showing;MAIN;41;;;extent:unparseable
383450AB;1;BMF;1;Purple Onion;MAIN;32|33;;;
383450AB;2;FLD;2;Purple Onion;MAIN;40|42|43;;;
38A69BA1;1;SHZC;1;Mothae;MAIN;35;;;
38D10E09;1;FLD;2;McIlvenna Bay Deposit;MAIN;70|76;;;
38DEFB0B;1;SHZC;2;Main Vein;MAIN;33;;;
38DEFB0B;2;JOG;2;Main Vein;MAIN;33;;;
38DEFB0B;3;INT;2;Main Vein;MAIN;31;;;
38FA37C5;1;FLD;2;Black Bird;MAIN;30|31;;;
38FA37C5;2;THR;2;Black Bird;MAIN;30;;;
38FA37C5;3;SSF;2;Black Bird;MAIN;31;;;
39076350;1;THR;2;Full Moon;MAIN;71;;;
39076350;2;SOF;2;Full Moon;MAIN;71;;;
39076350;3;FLD;2;Full Moon;MAIN;71;;;
3937B26F;1;SHZC;1;Salobro;MAIN;18;;;
3937B26F;2;SHZC;2;Salobro;MAIN;31;;;
3945D54D;1;INC;2;B Zone;MAIN;71;;;
3969C56A;2;INT;2;Newtown Creek showing;MAIN;10;;;
3969C56A;3;SHZC;2;Newtown Creek showing;MAIN;15;600.0;;
399A25DF;1;BMF;1;NNLP;MAIN;31|43;;;
39E226FE;1;SHZC;2;Plumbago;MAIN;35|37|41;;;
3A223533;1;BMF;1;Piskanja;MAIN;19|22;;;
3A223533;2;FLD;2;Piskanja;MAIN;23;;;
3A2A4E86;1;CSF;1;Salar de Pozuelos;MAIN;62;;;
3A2A4E86;2;BMF;2;Salar de Pozuelos;MAIN;63;;;
3A2A4E86;3;THR;2;Salar de Pozuelos;MAIN;63;;;
3A2A4E86;4;TRP;2;Salar de Pozuelos;MAIN;63;;;
3A2A4E86;5;JOG;2;Salar de Pozuelos;MAIN;63;;;
3A2CAC7B;1;BMF;1;Salar de Tolillar;MAIN;74|75|83;;;
3A34F597;1;CSF;1;Mckenzie Deposit;MAIN;42;;;
3A34F597;2;THR;2;Mckenzie Deposit;MAIN;54;;;
3A34F597;3;FLD;2;Mckenzie Deposit;MAIN;46;;;
3A5BE1BB;1;BMF;2;Tom;MAIN;39|44;;;
3A5BE1BB;2;FLD;2;Tom;MAIN;34|39;;;
3A793050;1;FLD;2;Aappaluttoq;MAIN;37|41;;;
3A8A0060;1;MYLC;2;Duncan Lake;MAIN;16;;;
3AB38A9B;2;CSF;1;Montviel Core Zone;MAIN;57|64;;;
3AD572DE;1;FLD;2;Glubochenskoye South;MAIN;35;;;
3B48462B;2;FLD;2;Claystone deposit;MAIN;22;;;
3B3ED594;1;SSF;2;Três Estradas;MAIN;66;;;
3B3ED594;2;FLD;2;Três Estradas;MAIN;66;;;
3B69F757;1;FLD;2;Joyce Lake DSO;MAIN;67|77;;;
3BA6359D;1;CSF;1;Zinnwald;MAIN;76;;;
3BAEA413;1;SHZC;1;Ford Lake Property;MAIN;22|25;;;
3BAEA413;2;UNC;1;Ford Lake Property;MAIN;15|19|20;;;
3BC14CA9;1;SHZC;2;Whabouchi;MAIN;115;;;
3BC14CA9;2;LTC;2;Whabouchi;MAIN;115|116;;;
3C54FF62;1;THR;1;Aripuanã;MAIN;30|33|34;;;
3C54FF62;2;SSF;1;Aripuanã;MAIN;30|32;;;
3C54FF62;3;FLD;3;Aripuanã;MAIN;13|33;;;
3C54FF62;4;MYLC;2;Aripuanã;MAIN;32;;;
3C8A4412;1;BMF;1;Sevier Lake Playa;MAIN;76;;;
3C886328;1;FLD;2;Bloom Lake;MAIN;60|63;;;
3C886328;2;THR;1;Bloom Lake;MAIN;58|63;;;
3C921418;1;SSF;1;SFE Property;MAIN;22|25;;;
3C921418;2;BMF;2;SFE Property;MAIN;25|28;;;
3C9703AD;1;THR;2;Great Pyramid;MAIN;37|40|49;;;
3C9703AD;2;ENE;3;Great Pyramid;MAIN;39|40|48;;;
3C9703AD;3;FLD;2;Great Pyramid;MAIN;37;;;
3C9703AD;4;SSF;2;Great Pyramid;MAIN;38|48|49;;;
3CB4AA26;1;CSF;1;Costerfield;MAIN;54;;;
3CB4AA26;2;THR;1;Costerfield;MAIN;60;;;
3CB4AA26;3;THR;2;Costerfield;MAIN;56|60;;;
3CB4AA26;4;SOF;2;Costerfield;MAIN;60;;;
3CB4AA26;5;FLD;2;Costerfield;MAIN;54|56|60;;;
3CC973C2;1;THR;2;K-Hill;MAIN;37;;;
3D041BE1;1;ENE;2;Main Dyke;MAIN;28;;;
3D054248;1;CSF;1;Alexo-Dundonald Deposits;MAIN;50|51;;;
3D054248;2;FLD;2;Alexo-Dundonald Deposits;MAIN;51;2500.0;;
3D0A2D24;2;SHZC;2;Wildcat Property;MAIN;26;;;
3D0A2D24;3;INT;2;Wildcat Property;MAIN;26;;;
3D0621FD;1;SHZC;1;La Loutre;MAIN;41|44;10000.0;;extent:bounded
3D0621FD;3;FLD;2;La Loutre;MAIN;47;;;
3D1C1F21;1;INT;1;Ivana;MAIN;35|38;;;
3D68BC68;1;BMF;1;Pastos Grandes Salar;MAIN;45;;;
3D68BC68;2;TRP;1;Pastos Grandes Salar;MAIN;45;;;
3D68BC68;3;FLD;2;Pastos Grandes Salar;MAIN;48;;;
3D5A5152;1;SHZC;1;Dufferin Project;MAIN;20|21|23|24|33;4500.0;;
3D5A5152;2;SOF;2;Dufferin Project;MAIN;23|24|33|36|37|38;;;
3D5A5152;3;UNC;1;Dufferin Project;MAIN;20|21|23|26;;;
3D5A5152;4;LTC;2;Dufferin Project;MAIN;20;;;
3DB1CC58;1;CSF;1;Manto Negro Deposit;MAIN;130|135;1000000.0;10000.0;extent:bounded
3DB1CC58;2;SSF;2;Manto Negro Deposit;MAIN;139;;;
3DB1CC58;3;FLW;2;Manto Negro Deposit;MAIN;139;;;
3DB1CC58;5;SSF;N/A;Manto Negro Deposit;MAIN;135;;;
3DCC3AA1;1;FLD;2;Pickett Mountain;MAIN;30|31;;;
3DC8CD46;1;SSF;2;Yuma King;MAIN;81|82|83;;;
3DC8CD46;2;THR;1;Yuma King;MAIN;72|73;;;
3DC8CD46;3;FLD;2;Yuma King;MAIN;73|83|84;;;
3DEBEE4D;2;CLD;2;El Chiqui;MAIN;77;;;
3DEBEE4D;3;DOM;2;El Chiqui;MAIN;77;;;
3E152A7B;1;THR;2;Filo del Sol;MAIN;66;;;
3E152A7B;3;INT;2;Filo del Sol;MAIN;66;;;
3E95855E;1;THR;1;Cauchari-Olaroz Salar;MAIN;100;;;
3E95855E;2;FLD;1;Cauchari-Olaroz Salar;MAIN;100;;;
3E95855E;3;THR;2;Cauchari-Olaroz Salar;MAIN;103;;;
3E95855E;4;FLD;2;Cauchari-Olaroz Salar;MAIN;103;;;
3EAAFB38;1;THR;1;Tatooine Project;MAIN;24|26|29|30;;;
3EAAFB38;2;FLD;1;Tatooine Project;MAIN;24|26|29;;;
3EAC504C;1;FLD;1;Bellechasse-Timmins;MAIN;27;;;
3EAC504C;2;SHZC;1;Bellechasse-Timmins;MAIN;27;;;
3EAC504C;3;FLD;2;Bellechasse-Timmins;MAIN;35;;;
3E95A06A;2;INC;2;Bull Hill;MAIN;59;;;
3EC1B1C5;1;CSF;1;Albany graphite deposit;MAIN;36|42;;;
3EC7006E;1;THR;1;Gibellini;MAIN;58;;;
3EF972DB;1;BMF;1;Blue Clay Gold;MAIN;14|15;;;
3F0C29FE;1;SSF;2;Taysan;MAIN;23;;;
3F056825;1;THR;1;Covette Property;MAIN;18;;;
3F056825;2;FLD;1;Covette Property;MAIN;18;;2000.0;distance:bounded
3F056825;3;SHZC;2;Covette Property;MAIN;18;;;
3F58DA06;1;SSF;1;Cobalt Mountain Porphyry System;MAIN;37;;;
3F58DA06;3;SHZC;2;Cobalt Mountain Porphyry System;MAIN;43;;;
3F58DA06;4;THR;1;Cobalt Mountain Porphyry System;MAIN;39;;;
3F58DA06;5;FLD;1;Cobalt Mountain Porphyry System;MAIN;39;;;
3F786796;1;CSF;1;OGK Property;MAIN;18;;;
3F786796;2;SHZC;2;OGK Property;MAIN;23;;;
3F761042;1;CSF;1;Piuquenes Central;MAIN;38;;;
3F761042;2;INT;2;Piuquenes Central;MAIN;47;;;
3F827B64;1;FLD;2;Lake George Antimony deposit;MAIN;55|58;;;
3F827B64;2;INT;2;Lake George Antimony deposit;MAIN;55;;;
3FD61476;1;CSF;1;BMC Manganese Project;MAIN;31;;;
3FD61476;2;BMF;1;BMC Manganese Project;MAIN;31;;;
3FD61476;3;SOF;2;BMC Manganese Project;MAIN;31;;;
3FDA012E;1;FLD;1;Hopes Advance Area;MAIN;45;;;
3FDA012E;2;FLD;2;Hopes Advance Area;MAIN;45|47|49;;;
3FDA012E;3;THR;2;Hopes Advance Area;MAIN;45|47|49;;;
3FE2702A;1;CSF;1;Carbo Carbonatite;MAIN;39|40|49;;;
3FFCE597;1;SSF;1;Polymetallic Nodules;MAIN;85|94|95;;;
3FFCE597;2;LFT;2;Polymetallic Nodules;MAIN;86|87;;;
3FFE491F;1;FLD;1;Mont Sorcier;MAIN;41|43;;;
3FFE491F;2;FLD;2;Mont Sorcier;MAIN;43;;;
3FFE491F;3;SSF;2;Mont Sorcier;MAIN;44;;;
40086CAF;2;CLD;2;Deep Fox;MAIN;39;;;
406D3B2C;2;INT;2;Bolivar;MAIN;59;;;
4075D498;1;BMF;2;Burke Hollow;MAIN;30;;;
4075D498;2;FLD;2;Burke Hollow;MAIN;38;;;
40844A36;1;BMF;1;Sal de Vida;MAIN;50|51;;;
408EE549;1;SHZC;1;Molo;MAIN;40|43;;;
408EE549;2;FLD;2;Molo;MAIN;44;;;
40D06694;1;INC;2;B Zone;MAIN;47;;;
40D6F716;1;SSF;1;Baptiste;MAIN;59|65|66|82;;;
410B481D;1;CSF;1;Griffith Property;MAIN;26;;;
410B481D;2;SHZC;1;Griffith Property;MAIN;26;;;
410B481D;3;FLD;2;Griffith Property;MAIN;31|32;;;
4103A45E;1;SHZC;1;Patterson Lake North;MAIN;23;;;
4103A45E;3;INT;2;Patterson Lake North;MAIN;46;;;
40FA78F5;1;SHZC;2;Corner Bay;MAIN;51|54;;;
40FA78F5;2;SHZC;1;Corner Bay;MAIN;54;;;
40FA78F5;3;SHZC;2;Corner Bay;MAIN;54;;;
40FA78F5;4;SSF;2;Corner Bay;MAIN;59;;;
414371AC;1;FLD;2;Saksrithai Potash;MAIN;16|19|20;;;
415015D2;1;FLD;1;Lookout;MAIN;41|42;;;
415015D2;2;SSF;2;Lookout;MAIN;44|49;;;
415015D2;3;THR;1;Lookout;MAIN;37;;;
41447958;1;SSF;1;Salar de Llamara Aquifer;MAIN;31|33;;;
415589EC;1;BMF;1;Zeus;MAIN;29;;;
415589EC;3;SOF;3;Zeus;MAIN;29;;;
415589EC;4;FLD;2;Zeus;MAIN;29;;;
415E3A76;1;THR;1;Luisha South;MAIN;25;;;
415E3A76;2;SOF;2;Luisha South;MAIN;27|28;;;
4168346A;1;SHZC;2;Thierry Deposit;MAIN;38|40|42;6000.0;;
4168346A;2;SSF;2;Thierry Deposit;MAIN;38|42;;1000.0;
4168346A;4;JOG;2;Thierry Deposit;MAIN;42|44;;;
4168346A;5;SOF;2;Thierry Deposit;MAIN;44;;;
416CE453;1;SSF;1;Wicheeda North;MAIN;19;;;
416CE453;2;SHZC;1;Wicheeda North;MAIN;19;;;
4177135B;1;BMF;1;Salar de Arizaro;MAIN;66;;;
4171AED7;1;FLD;2;Pegmont;MAIN;41;;;
4171AED7;2;THR;2;Pegmont;MAIN;41|42;;;
41805C95;1;CSF;1;Buckton South Zone;MAIN;39;;;
41805C95;2;SSF;1;Buckton South Zone;MAIN;39|41;;;
417DEDBE;1;SSF;1;Point Leamington;MAIN;31;;;
417DEDBE;2;THR;1;Point Leamington;MAIN;31;;;
417DEDBE;4;THR;2;Point Leamington;MAIN;39;;;
419D3551;1;THR;1;Coosa Graphite Project;MAIN;23;;;
419D3551;2;FLD;1;Coosa Graphite Project;MAIN;23|26;;;
41D95D71;1;FLD;2;Dananhu Coalfield;MAIN;22;;;
41D95D71;2;BMF;2;Dananhu Coalfield;MAIN;22;70000.0;;
41D95D71;3;BMF;2;Dananhu Coalfield;MAIN;22;30000.0;;
41D95D71;4;BMF;2;Dananhu Coalfield;MAIN;22;29000.0;;
42120D16;1;FLD;2;Horseshoe and Raven Deposits;MAIN;40;;;
423AF4E9;1;THR;2;Hushamu;MAIN;47;;;
42552F92;1;FLD;1;Kombat Mine;MAIN;58;;;
42552F92;2;FLD;2;Kombat Mine;MAIN;60|65;;;
42552F92;3;SSF;2;Kombat Mine;MAIN;59|69;;;
42552F92;4;SHZC;2;Kombat Mine;MAIN;60;;;
42552F92;5;GSC;2;Kombat Mine;MAIN;60;;;
42552F92;6;ENE;3;Kombat Mine;MAIN;60;;;
425951E4;1;SHZC;2;Principal;MAIN;84|87;;;
428F6F09;1;TRT;2;El Domo;MAIN;40;;;
428F6F09;2;SHZC;2;El Domo;MAIN;40;;;
428F6F09;3;SHZC;1;El Domo;MAIN;40;;;
42A2A3EC;1;FLD;1;Corsa Coal Properties;MAIN;51|52;;;
42A1670B;2;BXP;2;Bolivar;MAIN;50;;;
42B44492;1;INT;1;Rosemont Deposit;MAIN;44;;;
42B44492;4;THR;1;Rosemont Deposit;MAIN;44;;;
42B44492;5;FLD;1;Rosemont Deposit;MAIN;44;;;
42B44492;6;LFT;1;Rosemont Deposit;MAIN;44;;;
42BEA23D;1;SSF;1;Valle del Jabali;MAIN;41|43|54;;;
42BEA23D;2;FLD;1;Valle del Jabali;MAIN;43;;;
42BEA23D;4;THR;2;Valle del Jabali;MAIN;43;;;
42D14953;1;CSF;1;Bleiberg;MAIN;17|18;;;
42D14953;2;SOF;2;Bleiberg;MAIN;18;;;
42F9D074;1;BMF;1;Max;MAIN;8|13;9000.0;;extent:range_mean
42F9D074;2;CLD;1;Max;MAIN;8|13;;;
42F9D074;3;FLD;2;Max;MAIN;13|14;;;
42F01D19;1;INT;1;Taylor Deposit;MAIN;40;;;
42F01D19;3;THR;2;Taylor Deposit;MAIN;41;;;
430A7298;1;FLW;1;Bandeira;MAIN;72;;;
430A7298;2;SHZC;1;Bandeira;MAIN;26|69|72|90;;;
4322F844;1;FLD;2;Neves-Corvo;MAIN;40|41;;;
4322F844;2;THR;2;Neves-Corvo;MAIN;39|40|47;;;
4322F844;4;TRT;2;Neves-Corvo;MAIN;47;;;
436C6E5D;1;TRT;1;Isortoq;MAIN;25|27|29|32;;;
4375CCE9;1;TRT;1;Reykjanes;MAIN;35|36|42;;;
4375CCE9;2;SOF;2;Reykjanes;MAIN;42;;;
4375CCE9;3;INT;2;Reykjanes;MAIN;42;;;
438AB149;2;NRM;1;Zandfontein UG2 TSF;MAIN;25;;;
43A7634C;1;CSF;1;Trapiá;MAIN;120;70000.0;;
43A7634C;2;GSC;2;Trapiá;MAIN;120;;;
43A7634C;3;SHZC;2;Trapiá;MAIN;120;;;
43A7634C;4;THR;2;Trapiá;MAIN;116;;;
43A7634C;5;FLD;2;Trapiá;MAIN;116;;;
43D71C2E;1;FLD;2;Lac Carheil;MAIN;37;;;
43D71C2E;2;SHZC;2;Lac Carheil;MAIN;37;;;
43D5F613;3;FLD;2;South Mountain Skarn;MAIN;44;;;
43D90E67;1;THR;2;Venus Belt;MAIN;10;;;
43D90E67;2;SHZC;N/A;Venus Belt;MAIN;11;;;
43D90E67;3;FLD;N/A;Venus Belt;MAIN;11;;;
441EF796;1;FLD;2;Putu Range;MAIN;27|28;;;
44213212;1;BMF;2;Tatestown / Scallanstown;MAIN;53|65;;;
44213212;2;SHZC;1;Tatestown / Scallanstown;MAIN;47|65;;;
44213212;3;THR;2;Tatestown / Scallanstown;MAIN;66;;;
4457385D;1;THR;1;Empire Mine;MAIN;34;;;
4457385D;2;TRT;2;Empire Mine;MAIN;34;;;
4457385D;3;THR;2;Empire Mine;MAIN;34;;;
4457385D;4;SSF;1;Empire Mine;MAIN;33;;;
4457385D;5;SOF;2;Empire Mine;MAIN;33;;;
44721BF7;1;BMF;1;Arctic Deposit;MAIN;73;;;
44721BF7;2;FLD;2;Arctic Deposit;MAIN;76|80|81;;;
44721BF7;3;THR;3;Arctic Deposit;MAIN;81;;;
447A1985;1;TRP;1;Letain;MAIN;19|29;;;
447A1985;2;SHZC;2;Letain;MAIN;26|27;;;
447A1985;3;GSC;2;Letain;MAIN;26|27;;;
447A74BC;1;SSF;1;Secteur Marin;MAIN;23;;;
447A74BC;2;THR;2;Secteur Marin;MAIN;23;;;
447A74BC;3;FLD;2;Secteur Marin;MAIN;23;;;
44B21075;1;GSC;1;Black Creek;MAIN;33;;;
44CFA73F;1;SHZC;1;Deposit 3;MAIN;43|49;;;
44CFA73F;2;FLD;2;Deposit 3;MAIN;46|49;;;
44CFA73F;3;THR;2;Deposit 3;MAIN;46|49;;;
44DD9AAC;1;THR;1;Great Burnt Copper Deposit;MAIN;28;;;
44DD9AAC;3;FLD;2;Great Burnt Copper Deposit;MAIN;29;;;
44DD9AAC;4;SHZC;2;Great Burnt Copper Deposit;MAIN;31;;;
44ECC5ED;1;FLD;2;Joyce Lake;MAIN;98;;;
44FA2385;1;TRP;1;Alpala;MAIN;76|77|80|82;;;
44FA2385;2;SOF;2;Alpala;MAIN;77|80;;;
44FA2385;3;SOF;3;Alpala;MAIN;80;;;
44FA2385;4;INT;2;Alpala;MAIN;80;;;
45196C56;1;BMF;1;Mesa Arc;MAIN;23;;;
451F7A31;1;FLD;2;Farrell-Taylor;MAIN;42;;;
451B631B;2;INT;2;Copper Mountain Mine;MAIN;62;;;
451B631B;3;THR;2;Copper Mountain Mine;MAIN;71;;;
454A5F8C;1;ENE;2;Baixa Grande;MAIN;75|85|86;;;
45686464;1;SHZC;2;Ntem;MAIN;37|39;;;
45686464;2;MYLC;2;Ntem;MAIN;37;;;
45686464;3;FLD;2;Ntem;MAIN;37|43;;;
4569E613;1;THR;2;Hushamu Deposit;MAIN;47;;;
45921A2F;1;SSF;1;Berlin;MAIN;61;;;
45921A2F;2;SOF;2;Berlin;MAIN;61;;;
45921A2F;3;FLD;2;Berlin;MAIN;56|61;;;
45921A2F;4;THR;2;Berlin;MAIN;61|66;;;
45BA906A;1;CSF;1;Khaldun;MAIN;21;;;
45FD9620;1;INT;1;Beruang Kanan Main Zone;MAIN;33;;;
45FD9620;2;SHZC;2;Beruang Kanan Main Zone;MAIN;36;;;
45FBC6BB;1;THR;2;Saxendrift;MAIN;56|57;;;
45FBC6BB;2;INC;2;Saxendrift;MAIN;48;;;
460006B8;1;CSF;1;Tilden Mine;MAIN;47;;;
460006B8;2;FLD;2;Tilden Mine;MAIN;49|51;;;
460006B8;3;THR;2;Tilden Mine;MAIN;49;;;
460006B8;4;BMF;2;Tilden Mine;MAIN;49;;;
460006B8;5;LFT;2;Tilden Mine;MAIN;49;;;
460A1B9E;1;SSF;1;GAS halite deposit;MAIN;58;;;
460A1B9E;2;BMF;1;GAS halite deposit;MAIN;58;;;
461B70C0;3;SSF;2;Hugo North Extension;MAIN;93|97;;;
461B70C0;4;THR;2;Hugo North Extension;MAIN;93|97;;;
463EB1B4;1;SOF;2;Soda Lake;MAIN;32|57;;;
4645EEDE;1;FLW;1;Bandeira;MAIN;74;;;
4645EEDE;2;SHZC;2;Bandeira;MAIN;70|75|80|92;;;
4645EEDE;3;ENE;2;Bandeira;MAIN;74|75|80|93;;;
465EA7FC;3;INT;2;Cañariaco Norte;MAIN;67;;;
4679D2C9;1;FLD;2;Blue Moon;MAIN;23;;;
46885460;1;BMF;1;Ann Mason;MAIN;56|62|64;;;
46885460;2;LFT;2;Ann Mason;MAIN;62|63;;;
46A34E3F;1;FLD;2;Deposit 3;MAIN;46|49;;;
46A34E3F;2;THR;2;Deposit 3;MAIN;46|49;;;
46A34E3F;3;SHZC;1;Deposit 3;MAIN;43|49;;;
46B9DD11;1;CSF;1;Decelles-Mazerac;MAIN;38;;;
46B9DD11;2;SHZC;1;Decelles-Mazerac;MAIN;44;;;
46B9DD11;3;SOF;2;Decelles-Mazerac;MAIN;44;;;
46B9DD11;4;LTC;2;Decelles-Mazerac;MAIN;44;;;
46B9DD11;5;SSF;2;Decelles-Mazerac;MAIN;53|56;;;
46F1278E;1;CSF;1;Sully;MAIN;17|19;;;
46F1278E;2;THR;N/A;Sully;MAIN;17|19;;;
46F1278E;3;SSF;2;Sully;MAIN;21;;;
46F1278E;4;NRM;2;Sully;MAIN;17|19|34;;;
46E7B038;1;THR;1;Moran Lake C-Zone;MAIN;167|171;;;
46E7B038;2;SHZC;2;Moran Lake C-Zone;MAIN;167|187;;;
46D966EF;1;SHZC;1;REN-6 and REN-8;MAIN;23|24;300000.0;;extent:approx_magnitude
46F3B791;1;THR;1;Buena Vista;MAIN;12;;;
46F3B791;2;SOF;2;Buena Vista;MAIN;12|13|18;;;
4717D848;1;FLD;2;Plymouth deposit;MAIN;28|31;;;
47218E98;1;BMF;1;Sal de Vida;MAIN;54;;;
4701241E;1;MYLC;2;Taca Taca Bajo;MAIN;82;;;
4701241E;3;INT;2;Taca Taca Bajo;MAIN;84;;;
474475A4;1;BMF;2;Gemini Lithium Project;MAIN;34|36|38;;;
474475A4;2;SSF;2;Gemini Lithium Project;MAIN;34|35|38;;;
4724A4F8;1;SHZC;2;Sapeena Property;MAIN;31|34;;;
47491955;1;FLD;1;Duncan Lake Project Mineralization;MAIN;29|36|39;;;
475A0261;1;THR;2;Kemess North;MAIN;60;;;
475A0261;2;NRM;2;Kemess North;MAIN;58|60;;;
4767A540;2;SHZC;2;New Afton;MAIN;59;;;
4767A540;4;GSC;2;New Afton;MAIN;59|60;;;
476B9F07;1;BMF;1;Lac St-Jean Basin;MAIN;13|14;;;
477C0E93;1;THR;2;Copperwood Deposit;MAIN;67;;;
477C0E93;3;BMF;1;Copperwood Deposit;MAIN;82;;;
4799BFC5;1;CSF;1;Pontax-Lithium occurrence;MAIN;30;100000.0;;extent:approx_magnitude
477FD0BF;1;SSF;1;Central Zone;MAIN;46;400000.0;;extent:bounded
477FD0BF;2;THR;2;Central Zone;MAIN;48|50;;;
477FD0BF;3;FLD;2;Central Zone;MAIN;48|50;;;
47AD8277;1;THR;1;James Bay niobium deposit;MAIN;57|64;;;
47C65562;1;FLD;2;Lola Graphite;MAIN;49;;;
47C65562;2;SHZC;2;Lola Graphite;MAIN;48|49;;;
47E9A86E;1;SHZC;2;Rail Deposit;MAIN;43;;;
47E46A45;1;SSF;1;Boda;MAIN;38|48;;;
47E46A45;2;THR;2;Boda;MAIN;43;;;
47D1677B;1;SHZC;1;Yauricocha;MAIN;33|34|39;;;
47D1677B;2;INT;2;Yauricocha;MAIN;33;;;
47D1677B;3;GSC;2;Yauricocha;MAIN;34|39;;;
47D1677B;4;INC;2;Yauricocha;MAIN;34;;;
47D1677B;5;FLD;2;Yauricocha;MAIN;33;;;
484E09EB;1;BMF;1;Ochoa Project;MAIN;60;;;
484E09EB;2;FLD;2;Ochoa Project;MAIN;74;;;
4855B203;1;CSF;1;Umfreville;MAIN;13|19|28;;;
4855B203;2;INT;2;Umfreville;MAIN;18;;;
485DF4CC;1;FLD;2;Olary;MAIN;35;;;
485DF4CC;2;SOF;2;Olary;MAIN;35;;;
485E610C;1;THR;1;TT Property;MAIN;40;;;
485E610C;2;SHZC;2;TT Property;MAIN;45;;;
485E610C;3;FLD;2;TT Property;MAIN;45;;;
485E610C;4;GSC;2;TT Property;MAIN;45;;;
485E610C;5;INT;2;TT Property;MAIN;68;;;
48A55460;1;THR;1;Palisades Coal;MAIN;30|32;;;
48A55460;2;FLD;2;Palisades Coal;MAIN;30|32|33;;;
48A55460;3;SOF;2;Palisades Coal;MAIN;33;;;
48A55460;4;FLD;3;Palisades Coal;MAIN;33;;;
48C8F36D;3;THR;2;Ajax;MAIN;81;;;
48DF2C42;1;THR;1;Kami;MAIN;119|132;;;
48DF2C42;2;THR;2;Kami;MAIN;126|132;;;
48DF2C42;3;FLD;2;Kami;MAIN;126|128|132;;;
48DF2C42;4;NRM;2;Kami;MAIN;131;;;
493A9258;1;SHZC;2;Kenbridge Deposit;MAIN;69|74;;;
492F77BA;1;SSF;1;Hook Lake Project;MAIN;18;;;
492F77BA;2;INT;2;Hook Lake Project;MAIN;23;;;
4948CD4A;1;CSF;1;Nyota Prospect;MAIN;30;;;
4948CD4A;2;SSF;1;Nyota Prospect;MAIN;31|32;;;
4948CD4A;3;INT;2;Nyota Prospect;MAIN;33;;;
494AE66D;1;INT;2;Main Zone;MAIN;43;;;
494AE66D;2;SHZC;2;Main Zone;MAIN;43;;;
494AE66D;3;GSC;N/A;Main Zone;MAIN;43;;;
494AE66D;4;UNC;N/A;Main Zone;MAIN;40;;;
494F28DD;1;BMF;2;Florence deposit;MAIN;65|71;1097.3;;
494F28DD;2;BMF;2;Florence deposit;MAIN;65|71|78;914.4;;extent:approx_magnitude
494F28DD;3;BMF;2;Florence deposit;MAIN;71|78;;;
494F9E42;1;SOF;2;Mountain Lake;MAIN;41|46;;;
494F9E42;2;SOF;3;Mountain Lake;MAIN;45;;;
496BFDFC;1;INT;2;Debarwa;MAIN;57;;;
497BACF0;1;INT;2;North Shore Property;MAIN;41;;;
497BACF0;2;MYLC;1;North Shore Property;MAIN;51;;;
49FDBC3B;1;SHZC;1;Samapleu Deposits;MAIN;48;;;
49FDBC3B;2;FLD;2;Samapleu Deposits;MAIN;58;;;
49FDBC3B;3;SHZC;2;Samapleu Deposits;MAIN;58;;;
4A00CF06;1;THR;2;Wouterspan;MAIN;56|66;;;
4A00CF06;2;FLD;2;Wouterspan;MAIN;66;;;
4A2072F6;1;CSF;1;Mallawa;MAIN;14;;;
4A2072F6;2;SSF;1;Mallawa;MAIN;14;;;
4A2072F6;3;NRM;2;Mallawa;MAIN;15;;;
4A2072F6;4;THR;2;Mallawa;MAIN;15;;;
4A2072F6;5;SHZC;3;Mallawa;MAIN;15;;;
4A482C37;1;SHZC;1;Macarthur Hematite Project;MAIN;31;;;
4A482C37;2;SSF;2;Macarthur Hematite Project;MAIN;31;;;
4A482C37;3;FLD;2;Macarthur Hematite Project;MAIN;31;;;
4A565C76;1;CSF;1;Nickel Project;MAIN;24|25;;;
4A565C76;2;SSF;1;Nickel Project;MAIN;25;;;
4A565C76;3;THR;2;Nickel Project;MAIN;25;;;
4A565C76;4;LTC;2;Nickel Project;MAIN;33;;;
4A587965;1;TRT;2;Storm Copper Prospect;MAIN;33|36|39;;;
4A587965;2;BMF;2;Storm Copper Prospect;MAIN;36|39|40|41;;;
4A5AB8AC;1;SSF;1;Buckton Zone;MAIN;31|32|35;;;
4A7AAA86;1;CSF;1;Rio Grande;MAIN;32|47;;;
4A7AAA86;2;INT;1;Rio Grande;MAIN;32|47|48;;;
4A7AAA86;3;SOF;2;Rio Grande;MAIN;37;;;
4AA8AA2C;2;BXP;2;Bolivar;MAIN;42;;;
4AA8AA2C;3;INC;2;Bolivar;MAIN;39|41|42;;;
4A9DCEA4;1;FLD;2;Matthews Ridge;MAIN;60|63;;;
4A9DCEA4;2;THR;2;Matthews Ridge;MAIN;62;;;
4A9DCEA4;3;SSF;2;Matthews Ridge;MAIN;65;;;
4A9DCEA4;5;INC;2;Matthews Ridge;MAIN;63;;100.0;
4AC16EA6;1;THR;1;Palisades Coal;MAIN;38;;;
4AC16EA6;2;FLD;2;Palisades Coal;MAIN;35|38|39;;;
4AC16EA6;3;THR;2;Palisades Coal;MAIN;38;;;
4AC16EA6;4;LTC;2;Palisades Coal;MAIN;39;;;
4AD59003;1;THR;1;Luishia Sud;MAIN;19;;;
4AD59003;3;BXP;2;Luishia Sud;MAIN;26;;;
4AD59003;4;SSF;2;Luishia Sud;MAIN;26;;;
4AC4D5A9;1;THR;1;Green River Potash Project;MAIN;36|41;;;
4AC4D5A9;2;CSF;1;Green River Potash Project;MAIN;42;;;
4AC4D5A9;4;FLD;2;Green River Potash Project;MAIN;42;;;
4AC4D5A9;5;TRP;1;Green River Potash Project;MAIN;45;;;
4AF9D48F;1;FLD;2;Borys Lake deposit;MAIN;22;;;
4AF9D48F;2;SHZC;2;Borys Lake deposit;MAIN;26;;;
4AF9D48F;3;INT;2;Borys Lake deposit;MAIN;28;;;
4AF46D59;1;SHZC;2;Lookout Deposit;MAIN;46;;;
4AF46D59;2;FLD;2;Lookout Deposit;MAIN;45;;;
4AF46D59;3;BMF;2;Lookout Deposit;MAIN;43|47;;;
4AF06CB0;1;CSF;1;Platreef;MAIN;115;;;
4AF06CB0;2;FLD;2;Platreef;MAIN;118|134|140;;;
4AF06CB0;3;SSF;2;Platreef;MAIN;140|142|144|145;;;
4AF06CB0;4;THR;2;Platreef;MAIN;142;;;
4B3CD087;1;BMF;1;Solar Lithium Project;MAIN;11;;;
4B305E04;1;THR;1;Davis-Keays Eagle Vein;MAIN;41|44;;;
4B305E04;2;CSF;1;Davis-Keays Eagle Vein;MAIN;42;30000.0;;extent:approx_magnitude
4B305E04;3;SHZC;2;Davis-Keays Eagle Vein;MAIN;47;;;
4B589A57;1;SHZC;1;Pine Point;MAIN;80|88;;;
4B529A03;1;THR;1;Taca Taca;MAIN;22;;;
4B529A03;2;MYLC;2;Taca Taca;MAIN;33;;;
4B529A03;3;NRM;2;Taca Taca;MAIN;33;;;
4B737BC6;1;CSF;1;Bissett Creek;MAIN;53|56;;;
4B737BC6;2;THR;1;Bissett Creek;MAIN;56|57|63;;;
4B737BC6;3;SHZC;1;Bissett Creek;MAIN;56;;;
4B737BC6;4;MYLC;1;Bissett Creek;MAIN;53|56;;;
4B737BC6;5;FLD;2;Bissett Creek;MAIN;57|59;;;
4B82AFE9;1;SHZC;N/A;Corner Bay;MAIN;64;;;
4B82AFE9;2;SOF;2;Corner Bay;MAIN;68;;;
4B82AFE9;3;SSF;N/A;Corner Bay;MAIN;68;;;
4B6100F0;1;JOG;2;Parkin Offset Dyke;MAIN;50;;;
4B81C65B;1;CSF;1;Songwe Hill;MAIN;66;;;
4B91AAE7;1;NRM;2;Lost Creek Project;MAIN;32;;;
4B9EF404;1;THR;2;Full Moon;MAIN;37|39;;;
4B9EF404;2;SOF;2;Full Moon;MAIN;37;;;
4B9EF404;3;FLD;2;Full Moon;MAIN;37|39;;;
4B9FC69D;1;CSF;1;Jubilee Mountain Project;MAIN;33|38;1500000.0;;extent:bounded
4B9FC69D;2;THR;1;Jubilee Mountain Project;MAIN;38;;;
4B9FC69D;3;SSF;2;Jubilee Mountain Project;MAIN;38|39;;;
4B9FC69D;5;FLD;2;Jubilee Mountain Project;MAIN;37|38|40;9000.0;;extent:bounded
4B9C6EB7;1;BMF;1;Rosh Pinah;MAIN;73|74;;;
4B9C6EB7;2;TRP;1;Rosh Pinah;MAIN;73;;;
4B9C6EB7;3;FLD;2;Rosh Pinah;MAIN;51|57|66|67|73;;;
4B9C6EB7;4;SHZC;2;Rosh Pinah;MAIN;51|60|67;;;
4B9C6EB7;5;THR;2;Rosh Pinah;MAIN;51|60|69;;;
4B9C6EB7;6;SSF;2;Rosh Pinah;MAIN;66;;;
4B9C6EB7;7;SOF;2;Rosh Pinah;MAIN;60;;;
4BA80228;1;BMF;1;Granby/Cuba Zone;MAIN;26|30;;;
4BA80228;2;FLD;2;Granby/Cuba Zone;MAIN;30;;;
4BA80228;3;SOF;2;Granby/Cuba Zone;MAIN;34;;;
4BAB9058;2;THR;1;Central Zone;MAIN;96;;;
4BAB9058;3;SHZC;1;Central Zone;MAIN;96;;;
4BAB9058;4;SSF;1;Central Zone;MAIN;96;;;
4BB6A66B;1;SSF;1;Panteria Zone;MAIN;47;;;
4BB91290;1;FLD;2;Sadiqabad-Kathar;MAIN;79;;;
4BBB0056;1;BMF;2;Leslie Occurrence;MAIN;46|51;;;
4BF973D6;1;SSF;2;Buckton Zone;MAIN;43|46;;;
4BFF82EA;1;FLD;1;Kamoa-Kakula;MAIN;117;;;
4BFF82EA;2;FLD;2;Kamoa-Kakula;MAIN;117;;;
4BFF82EA;3;NRM;2;Kamoa;MAIN;121|136;;;
4C1B14A8;1;THR;1;Springer Mine;MAIN;37;;;
4C1B14A8;2;BMF;1;Springer Mine;MAIN;37;;;
4C1B14A8;3;SOF;2;Springer Mine;MAIN;41;;;
4C1B14A8;4;FLD;2;Springer Mine;MAIN;37;;;
4C202BC1;1;FLD;2;Lac Lamêlée South;MAIN;62;2500.0;;
4C202BC1;2;THR;1;Lac Lamêlée South;MAIN;49|50|53;;;
4C202BC1;3;SSF;1;Lac Lamêlée South;MAIN;62;;;
4C259B8C;1;FLD;2;Houston;MAIN;42|49;;;
4C259B8C;2;THR;2;Houston;MAIN;42|49;;;
4C3B46C9;1;SHZC;1;Roby-Offset deposit;MAIN;49|50|51|64;;;
4C3B46C9;2;SHZC;1;Roby-Offset deposit;MAIN;50|51|64;;;
4C3B46C9;3;SOF;2;Roby-Offset deposit;MAIN;50|51|54;;;
4C57A1FE;1;CSF;1;Key Lake Southwest;MAIN;7;;;
4C57A1FE;2;UNC;2;Key Lake Southwest;MAIN;8;;;
4C4C7756;1;CSF;1;Taysan;MAIN;43|44;;;
4C4C7756;2;CSF;1;Taysan;MAIN;48;;;
4C4C7756;4;SHZC;2;Taysan;MAIN;52;;;
4C6DF9CB;1;FLD;2;Yauricocha;MAIN;49;;;
4C6DF9CB;2;SHZC;1;Yauricocha;MAIN;49|50|55;;;extent:unparseable
4C6DF9CB;3;INT;2;Yauricocha;MAIN;49;;;
4C6DF9CB;4;GSC;2;Yauricocha;MAIN;50|55;;;
4C6DF9CB;5;INC;2;Yauricocha;MAIN;50;;;
4C954EE4;2;SSF;1;Seel deposit;MAIN;23;;;
4C911E95;1;SSF;1;CSZ (Central Structural Zone);MAIN;22;8000.0;;extent:bounded
4C911E95;2;SOF;2;CSZ (Central Structural Zone);MAIN;22;;;
4C911E95;3;CLD;2;CSZ (Central Structural Zone);MAIN;22;;;
4CA63E9E;1;THR;1;Steinman-ACIN Coal Seams;MAIN;51|52;;;
4CA63E9E;2;FLD;1;Steinman-ACIN Coal Seams;MAIN;52;;;
4CA63E9E;3;SSF;1;Steinman-ACIN Coal Seams;MAIN;52;;;
4CC0E633;1;UNC;1;McArthur East;MAIN;16;;;
4CAFDF91;1;THR;1;Goynuk Mine;MAIN;49;;;
4CAFDF91;2;SSF;2;Goynuk Mine;MAIN;49;;;
4CFCECEA;1;FLD;2;Gahcho Kué;MAIN;54;;;
4D0288C8;1;SHZC;2;Jiama;MAIN;49|51;;;
4D0288C8;2;FLD;2;Jiama;MAIN;51;;;
4D0288C8;3;DET;N/A;Jiama;MAIN;48;;;
4D0288C8;4;THR;N/A;Jiama;MAIN;48;;;
4D068B1C;1;SHZC;1;Hannukainen;MAIN;66;50000.0;;extent:bounded
4D068B1C;2;THR;2;Hannukainen;MAIN;68;;;
4D068B1C;3;SSF;2;Hannukainen;MAIN;68|76;;;
4D180964;1;THR;1;Ming Mine;MAIN;52;;;
4D180964;2;SHZC;2;Ming Mine;MAIN;51|54;;;
4D0E1DB1;1;CSF;1;Tamarack North Project;MAIN;77;;;
4D261410;1;THR;2;Cerro Verde;MAIN;41|42|51|53;;;
4D261410;2;SSF;2;Cerro Verde;MAIN;41;;;
4D2DF2CF;1;THR;1;Main Deposit;MAIN;50;;;
4D2DF2CF;2;SSF;1;Main Deposit;MAIN;50;;;
4D2DF2CF;3;THR;2;Main Deposit;MAIN;53;;;
4D26CA6A;1;CSF;1;Marimaca;MAIN;47;;;
4D30D41F;1;CSF;1;Altar;MAIN;48;;;
4D30D41F;2;SOF;2;Altar;MAIN;54;;;
4D30D41F;3;ENE;3;Altar;MAIN;53;;;
4D349441;1;UNC;2;Gorilla Lake;MAIN;28;;;
4D349441;3;INT;2;Gorilla Lake;MAIN;23;;;
4D349441;4;THR;2;Gorilla Lake;MAIN;29;;;
4D349441;5;SHZC;1;Gorilla Lake;MAIN;20;;;
4D349441;6;CLD;2;Gorilla Lake;MAIN;20;;;
4D349441;7;CLD;2;Gorilla Lake;MAIN;20;;;
4D5B59DA;1;BMF;N/A;Vendôme Sud;MAIN;40;;;
4D5B59DA;2;SHZC;N/A;Vendôme Sud;MAIN;41;;;
4D923049;1;SSF;1;Captain Cook Halite Deposit;MAIN;41|52;;;
4D923049;3;FLD;2;Captain Cook Halite Deposit;MAIN;41;;;
4DAEE0CE;1;CSF;1;Florence;MAIN;56|62;80467.0;;extent:bounded
4DAEE0CE;2;INT;2;Florence;MAIN;62;;;
4DAEE0CE;3;BMF;2;Florence;MAIN;57|62;1097.3;;
4DAEE0CE;4;BMF;2;Florence;MAIN;57|62;914.4;;extent:approx_magnitude
4DAEE0CE;5;SOF;2;Florence;MAIN;62;;;
4DB73A87;1;SHZC;1;Mine Block Intrusion (MBI);MAIN;58|64|68|81|83;;;
4DB73A87;2;SOF;2;Mine Block Intrusion (MBI);MAIN;64|68|72|81;;;
4DB73A87;3;INT;2;Mine Block Intrusion (MBI);MAIN;73|84;;;
4DDF500E;1;BMF;1;Clayton Valley;MAIN;33|34;;;
4DE48856;1;INT;1;GC deposit;MAIN;48;;;
4DE48856;3;INT;2;GC deposit;MAIN;52;;;
4DE48856;4;BXP;2;GC deposit;MAIN;52;;;
4DFF55E9;1;THR;2;Hilarión - El Padrino;MAIN;61|62;;;
4DFF55E9;2;FLD;2;Hilarión - El Padrino;MAIN;61;;;
4DFF55E9;4;INT;2;Hilarión - El Padrino;MAIN;61;;;
4DFF55E9;5;INC;2;Hilarión - El Padrino;MAIN;61|64;;;
4E266F3B;1;SSF;2;Harper Creek;MAIN;94|110;;;
4E266F3B;2;THR;2;Harper Creek;MAIN;95|110|127;;;
4E2F1C90;1;FLD;2;Palmer deposit;MAIN;95;;;
4E2F1C90;2;THR;2;Palmer deposit;MAIN;95;;;
4E2F1C90;3;SOF;2;Palmer deposit;MAIN;99;;;
4E2F1C90;4;TRP;2;Palmer deposit;MAIN;99;;;
4E3581CD;1;FLD;N/A;Sydney Coal Project;MAIN;10;;;
4E37D187;1;CSF;1;Kwango River;MAIN;22;;;
4E541F3F;1;SSF;1;Main Monazite Zone;MAIN;55;;;
4E541F3F;2;SOF;2;Main Monazite Zone;MAIN;55;;;
4E541F3F;3;LFT;2;Main Monazite Zone;MAIN;56;;;
4E7C9F05;1;FLD;1;C-Zone;MAIN;38;;;
4E7C9F05;2;SSF;2;C-Zone;MAIN;38;;;
4E7C9F05;3;SSF;2;C-Zone;MAIN;39;1200.0;;
4E98AB6B;1;INC;2;North Hitura;MAIN;22;;;
4E98AB6B;2;SHZC;1;North Hitura;MAIN;22;;;
4EBEB34F;1;SSF;1;Beaver Block;MAIN;21;600000.0;;
4EBEB34F;2;SOF;2;Beaver Block;MAIN;21;;;
4EF2F6B6;1;SSF;1;Santo Tomás;MAIN;65|77|84;;;
4EF2F6B6;2;FLW;1;Santo Tomás;MAIN;84;;;
4EF2F6B6;4;THR;2;Santo Tomás;MAIN;80|86;;;
4F282747;1;CLD;2;Crater Lake;MAIN;65|68;;;
4F2C3B21;1;CSF;1;JAK Zone;MAIN;23|24|26;;4000.0;distance:bounded
4F2C3B21;2;SOF;2;JAK Zone;MAIN;24|26;;;distance:unparseable
4F5F89BC;1;SOF;2;Millington Showing;MAIN;47|53;;;
4F5F89BC;2;JOG;2;Millington Showing;MAIN;53;;;
4F5F89BC;3;SSF;1;Millington Showing;MAIN;47|48;;;
4F53DDEF;1;SSF;2;Chinchillones Complex;MAIN;67|71;;;
4F53DDEF;2;THR;1;Chinchillones Complex;MAIN;72;;;
4F53DDEF;3;SSF;2;Chinchillones Complex;MAIN;72;;;
4F6F3847;2;INT;2;Mochito;MAIN;18;;;
4F973777;1;SHZC;2;Lac Aux Bouleaux;MAIN;27|31;;;
4F973777;2;FLD;2;Lac Aux Bouleaux;MAIN;27;;;
4F973777;3;LTC;2;Lac Aux Bouleaux;MAIN;27|31;;;
4F7BA945;1;SHZC;1;Valozoro;MAIN;12;30000.0;;
4F87769D;1;CSF;1;Cukaru Peki;MAIN;57|58;;;
4F87769D;2;INT;2;Cukaru Peki;MAIN;63;;;
4FCAFAC3;1;THR;2;Pinto Valley;MAIN;38|47;;;
4FCAFAC3;3;DET;2;Pinto Valley;MAIN;38;;;
4FDABFE2;1;THR;1;Lundberg;MAIN;60;;;
4FDABFE2;2;FLD;1;Lundberg;MAIN;60;;;
4FEE8E55;1;FLD;2;Fierro Group Iron Bands;MAIN;20|21;;;
50462625;1;SHZC;1;Pine Point Deposits;MAIN;42|45;;;
50462625;2;BXP;2;Pine Point Deposits;MAIN;49;;;
505808FC;1;SSF;2;Mt Cattlin;MAIN;61;;;
5090421E;1;SSF;1;Agata North;MAIN;31;;;
5090421E;2;SOF;2;Agata North;MAIN;31|33;;;
5090421E;3;THR;1;Agata North;MAIN;31;;;
509EA8DF;1;CSF;1;Santa Cruz Deposit;MAIN;58;;;
509EA8DF;2;BMF;2;Santa Cruz Deposit;MAIN;58;;;
50B5710B;1;SHZC;1;Perkoa;MAIN;51;;;
50B23D17;1;SSF;1;Kok Moinok;MAIN;28|32;;;
50B23D17;2;SOF;2;Kok Moinok;MAIN;29;;;
50D4A671;1;LFT;2;Sun;MAIN;39|41;;;
50D4A671;3;FLD;2;Sun;MAIN;38|42;;;
50D4A671;4;THR;1;Sun;MAIN;38|42;;;
50FA7EEE;1;BMF;1;Alberta Potash Project;MAIN;25;;;
510AE9A3;1;CSF;1;Skyline Project;MAIN;29;60000.0;;extent:bounded
510AE9A3;2;SOF;2;Skyline Project;MAIN;29;;;
510AE9A3;3;SOF;2;Skyline Project;MAIN;30|39;;;
510AE9A3;4;SHZC;2;Skyline Project;MAIN;30;;;
510AE9A3;5;INT;2;Skyline Project;MAIN;29;;;
514A0244;1;CSF;1;Berlin;MAIN;40|42;;;
514A0244;3;FLD;2;Berlin;MAIN;42|49;;;
514A0244;4;THR;2;Berlin;MAIN;42|49;;;
5157CB11;1;SHZC;N/A;Osprey;MAIN;25;;;
51591DAF;1;SHZC;1;St-Onge Wollastonite deposit;MAIN;55;;;
51591DAF;3;FLD;3;St-Onge Wollastonite deposit;MAIN;48;;;
515EBF87;1;GSC;2;GL2 Target Area;MAIN;48;;;
515F5B3E;1;SHZC;2;Bisha Main Zone;MAIN;80;;;
515F5B3E;2;SHZC;2;Bisha Main Zone;MAIN;81;;;
515F5B3E;3;SSF;2;Bisha Main Zone;MAIN;82;;;
51B5C244;1;FLD;2;Lost-Fox Area;MAIN;35|36|43;;;
51B5C244;2;THR;2;Lost-Fox Area;MAIN;35|36|43;;;
51CB6895;1;FLD;1;Velvet-Wood;MAIN;25;32186.8;;
51CB6895;2;CSF;1;Velvet-Wood;MAIN;25;32186.8;;
51CB6895;3;NRM;2;Velvet-Wood;MAIN;26;;;
51CB6895;4;UNC;1;Velvet-Wood;MAIN;28;;;
51B72D16;1;GSC;2;Josemaría;MAIN;135|140;;;
51D4E191;1;FLD;2;Touro;MAIN;70;;;
51D4E191;3;SHZC;2;Touro;MAIN;79;;;
51D71B7F;1;SOF;2;Tungstonia Mine Area;MAIN;53|57|59;1609.3;;
51EACB34;1;INC;1;McCreedy West;MAIN;38|40;;;
51EACB34;2;BXP;2;McCreedy West;MAIN;38|39|41;;;
51EBC0FB;1;SSF;1;Luanga;MAIN;60|68|70;;;
51EBC0FB;2;TRT;2;Luanga;MAIN;69|70;;;
51EBC0FB;3;SOF;2;Luanga;MAIN;56;;;
520AC1D4;1;FLD;2;Malsiripura;MAIN;63|67;;;
520AC1D4;2;ENE;3;Malsiripura;MAIN;67;;;
520B92DC;1;INC;2;Levack Mine;MAIN;50;;;
520B92DC;2;BXP;2;Levack Mine;MAIN;50;;;
520B92DC;3;LTC;2;Levack Mine;MAIN;55;;;
523F4C3A;1;BMF;1;Bonnie Claire;MAIN;25;;;
523F4C3A;2;INT;1;Bonnie Claire;MAIN;25;;;
523F4C3A;3;SOF;2;Bonnie Claire;MAIN;26|35;;;
5228E19B;1;SHZC;1;Griffith Property;MAIN;26|30;;;
5228E19B;2;FLD;2;Griffith Property;MAIN;31;;;
5245F6DD;1;SHZC;2;Cotabambas;MAIN;36|41;;;
5245F6DD;2;THR;2;Cotabambas;MAIN;36;;;
5245F6DD;3;INT;2;Cotabambas;MAIN;36;;;
5245F6DD;4;THR;1;Cotabambas;MAIN;33;;;
52545397;1;SHZC;2;Northwest and Southeast Zones;MAIN;45|49;;;
52545397;2;INT;2;Northwest and Southeast Zones;MAIN;49;;;
52841E2B;1;SHZC;2;Haib;MAIN;38|39;;;
52841E2B;2;SOF;2;Haib;MAIN;38;;;
52CA56C7;1;FLD;1;Plaza Norte;MAIN;39;;;
52C66905;1;SHZC;2;Whabouchi;MAIN;93;;;
52C66905;2;LTC;2;Whabouchi;MAIN;93;;;
52C4F563;1;SSF;1;Casino;MAIN;57;;;
52C4F563;2;SSF;1;Casino;MAIN;58;;;
52E6FA25;3;FLD;3;Bornite;MAIN;41;;;
52E6FA25;4;BMF;1;Bornite;MAIN;46;;;
531C5411;1;SSF;1;Parigi Prospects;MAIN;20;;;
531C5411;2;BMF;2;Parigi Prospects;MAIN;20;;;
530E9AFC;1;OBL;1;Roca Honda Project;MAIN;44;;;
530E9AFC;2;SSF;1;Roca Honda Project;MAIN;44;;;
530E9AFC;3;FLD;1;Roca Honda Project;MAIN;44;;;
530E9AFC;4;NRM;2;Roca Honda Project;MAIN;44|50|55;;;
53305A3C;1;INT;2;Monster Property;MAIN;22|40|41;;;
53386372;1;SSF;1;Dean;MAIN;44;;;
53386372;2;NRM;3;Dean;MAIN;44;;;
53386372;3;FLD;1;Dean;MAIN;28|29;15000.0;;
5369C3D2;1;SOF;2;Bur Zone;MAIN;37;;;
53A38405;1;THR;2;Buchans ore bodies;MAIN;15;;;
53A38405;2;FLD;1;Buchans ore bodies;MAIN;15;;;
539F228F;1;FLD;2;Central Project;MAIN;56|57|63;;;
539F228F;2;THR;2;Central Project;MAIN;57|63;;;
539F228F;3;SHZC;2;Central Project;MAIN;63;;;
539F228F;4;LTC;2;Central Project;MAIN;62;;;
539F228F;5;ENE;3;Central Project;MAIN;58;;;
5390CB82;1;SHZC;1;Ralleau Property;MAIN;29;;;
5390CB82;2;SHZC;2;Ralleau Property;MAIN;29|31;;;
5390CB82;3;SHZC;3;Ralleau Property;MAIN;29;;;
53BCFBA9;1;SHZC;1;Granduc deposit;MAIN;52|61|62;60000.0;;
53BCFBA9;2;FLD;2;Granduc deposit;MAIN;61|65|66;;;
53BCFBA9;3;SSF;2;Granduc deposit;MAIN;62;;;
53C9C05C;1;BMF;1;Zeus;MAIN;16;;;
53C5A4EE;1;FLD;N/A;Palmer Deposit;MAIN;66|69;;;
53C5A4EE;2;NRM;2;Palmer Deposit;MAIN;70;;;
53C5A4EE;3;THR;2;Palmer Deposit;MAIN;70;;;
53C5A4EE;5;TRP;2;Palmer Deposit;MAIN;70;;;
53C5A4EE;6;SOF;2;Palmer Deposit;MAIN;70;;;
53F2909B;1;THR;2;Kemess North;MAIN;61;;;
53F2909B;2;NRM;2;Kemess North;MAIN;61;;;
540F851B;1;SHZC;1;Separation Rapids Lithium Deposit;MAIN;73|91;;;
540F851B;2;FLD;2;Separation Rapids Lithium Deposit;MAIN;73;;;
546DC6E8;1;FLD;2;Willett occurrence;MAIN;48;;;
5461CBE6;1;CSF;1;Beruang Kanan Main Zone;MAIN;66;;;
5461CBE6;2;SOF;1;Beruang Kanan Main Zone;MAIN;66;;;
5461CBE6;3;INT;1;Beruang Kanan Main Zone;MAIN;66;;;
5461CBE6;4;SHZC;2;Beruang Kanan Main Zone;MAIN;69;;;
541DD66D;1;CSF;1;Ramu;MAIN;30;;;
5486B115;1;THR;1;Tablasufa;MAIN;25;;;
549EA06E;1;BMF;2;Nikka Deposit;MAIN;35;;;
549B7F9B;1;SHZC;2;York Harbour;MAIN;37|41;;;
549B7F9B;2;FLD;2;York Harbour;MAIN;42;;;
54E630CA;1;INT;2;Tirisano;MAIN;43|49|51;;;
54E630CA;2;INC;2;Tirisano;MAIN;49|50|58;;;
54E630CA;3;GSC;2;Tirisano;MAIN;49|58;;;
54D06D56;1;BMF;2;Piskanja;MAIN;25|31;;;
54DF8DA9;1;CSF;1;Tamarack North Project;MAIN;68;;;
54DF8DA9;2;BMF;1;Tamarack North Project;MAIN;86;;;
54F1EC6C;1;SSF;2;Harper Creek;MAIN;93|109|126;;;
54F1EC6C;2;THR;2;Harper Creek;MAIN;94|109|126;;;
54F1EC6C;3;NRM;3;Harper Creek;MAIN;109;;;
55202EC2;1;FLD;1;Toral;MAIN;32|36;;;
55202EC2;3;THR;2;Toral;MAIN;43;;;
55202EC2;4;SHZC;2;Toral;MAIN;43;;;
552B1677;1;THR;1;Chita Porphyry;MAIN;48|62;;;
552B1677;2;FLD;2;Chita Porphyry;MAIN;48|62;;;
552B1677;3;SSF;1;Chita Porphyry;MAIN;48|62;;;
552B1677;4;SOF;2;Chita Porphyry;MAIN;48;;;
552B1677;5;INT;1;Chita Porphyry;MAIN;48;;;
552DE2C6;1;THR;2;S2 Seam;MAIN;40|44;;;
5535A11B;1;BMF;1;Basin East;MAIN;56;;;
553A2461;1;FLD;1;PBS Coal Properties;MAIN;38;;;
5541B604;1;SHZC;1;Snaefell;MAIN;38;;;
5541B604;3;SHZC;2;Snaefell;MAIN;39;;;
5541B604;4;FLD;2;Snaefell;MAIN;38|39|41;;;
554201A6;1;CSF;1;Gulçari A (Campbell Pit);MAIN;102;;;
556DA28B;1;SHZC;1;Grasset Ni-Cu-PGE deposit;MAIN;39|41;;;
55A7313D;1;SSF;1;Kingking;MAIN;74;;20000.0;
55A7313D;2;THR;1;Kingking;MAIN;74;;3000.0;distance:approx_magnitude
55F725BF;1;FLD;2;Asbury;MAIN;41;;;
56385312;1;FLD;2;Los Santos;MAIN;23;;;
560E2333;1;BMF;1;Salar de Rio Grande;MAIN;67|77;;;
5651E69E;1;THR;1;Salar de Río Grande;MAIN;66;;;
5651E69E;2;BMF;1;Salar de Río Grande;MAIN;66;;;
5651E69E;3;SSF;1;Salar de Río Grande;MAIN;66;;;
568125EC;1;SSF;1;Chelopech;MAIN;63;300.0;;extent:approx_magnitude
568125EC;2;NRM;1;Chelopech;MAIN;63;;;
568125EC;3;BMF;1;Chelopech;MAIN;63;;;
568125EC;4;INT;2;Chelopech;MAIN;63;;;
568125EC;5;THR;2;Chelopech;MAIN;63;;;
56BB3052;1;CSF;1;Beruang Kanan Main Zone;MAIN;28;;;
56BB3052;2;SOF;1;Beruang Kanan Main Zone;MAIN;28;;;
56BB3052;3;INT;1;Beruang Kanan Main Zone;MAIN;28;;;
56BB3052;4;SHZC;2;Beruang Kanan Main Zone;MAIN;30;;;
56D77F1B;1;CSF;1;San Domingo;MAIN;36;;;
56D77F1B;2;LTC;2;San Domingo;MAIN;36;;;
56DFD031;1;BXP;2;GC-12-01 VMS;MAIN;15;;;
56DA9C1B;1;FLD;2;Cantung;MAIN;35|40;;;
573B8BC0;1;THR;1;Marg;MAIN;28;;;
573B8BC0;2;FLD;2;Marg;MAIN;30|32;;;
573524EB;1;INT;2;Cortadera;MAIN;116;;;
579E23C2;2;SOF;2;Pyramid;MAIN;14;;;
578B523C;1;BMF;1;Pastos Grandes;MAIN;28|32|43;;;
57D2AA73;1;SSF;1;Hannah;MAIN;26;;;
57D2AA73;3;SHZC;1;Hannah;MAIN;37;;;
57D2AA73;4;SHZC;2;Hannah;MAIN;32;;;
5811C9CC;1;BMF;1;Tetra;MAIN;47|64;;;
5850C947;1;FLD;N/A;Albere Zone;MAIN;28|32;;;
5848CB6D;1;FLD;1;Lookout zone;MAIN;42|44;;;
5848CB6D;2;FLD;2;Lookout zone;MAIN;42;;;
5848CB6D;3;SSF;2;Lookout zone;MAIN;44;;;
5848CB6D;5;SHZC;2;Lookout zone;MAIN;44;;;
58810EDD;1;SHZC;2;Lang Lake Prospect;MAIN;34;;;
58810EDD;2;CSF;1;Lang Lake Prospect;MAIN;32|46;;;
588F96C7;1;THR;1;Santander Pipe;MAIN;96|100;;;
588F96C7;2;FLD;2;Santander Pipe;MAIN;102;;;
58998203;1;BMF;1;Fortuna Concessions Property;MAIN;45;;;
58998203;2;GSC;2;Fortuna Concessions Property;MAIN;48;;;
58998203;3;SHZC;1;Fortuna Concessions Property;MAIN;48;;;
58998203;4;CLD;2;Fortuna Concessions Property;MAIN;48;;;
58998203;5;SHZC;1;Fortuna Concessions Property;MAIN;59;;;
58A311FD;2;THR;2;Taylor Deposit;MAIN;57|65;;;
58E55270;1;FLD;2;Gemini North;MAIN;74;;;
58CF9AF6;2;THR;2;Cristal-Charlita;MAIN;36;;;
58CF9AF6;4;SSF;2;Cristal-Charlita;MAIN;35|36;10000.0;;
58CF9AF6;5;INT;3;Cristal-Charlita;MAIN;47;;;
5900E020;1;SHZC;1;Drazhnje;MAIN;48;;;
5900E020;5;THR;1;Drazhnje;MAIN;45;;;
590745BE;1;BMF;1;Zeus;MAIN;15;;;
5915A358;1;SHZC;2;Cairn Hill;MAIN;57;15000.0;;extent:bounded
593AC42B;1;CSF;1;RNO nickel laterite deposits;MAIN;35|36;;;
593AC42B;2;SOF;2;RNO nickel laterite deposits;MAIN;36|37;;;
595C019C;1;BMF;1;Sevier Playa;MAIN;72;;;
5983246C;1;FLD;1;Elizabeth Taconite;MAIN;22;;;
5983246C;2;THR;1;Elizabeth Taconite;MAIN;22;;;
5983246C;3;THR;2;Elizabeth Taconite;MAIN;24|30;;;
5991478A;1;DOM;2;James Bay Pegmatites;MAIN;91|92;;;
5995CF9F;1;SHZC;1;Waterberg Project;MAIN;53|62;;;
5996D23B;1;SSF;2;Whitford Lake;MAIN;19;;;
5996D23B;2;UNC;1;Whitford Lake;MAIN;20|24;;;
59AD85CE;1;FLD;1;Minorca;MAIN;46|49;;;
59CA082B;1;BMF;2;Kipushi;MAIN;57|58|60|66|70;600.0;;extent:bounded
59CA082B;2;FLD;1;Kipushi;MAIN;55;;;
5A077173;1;CSF;1;Current Lake Deposit;MAIN;32;;;
5A077173;2;SOF;2;Current Lake Deposit;MAIN;32;;;
5A19F28F;1;CSF;1;Manganese Clast Deposits;MAIN;17;;;
5A19F28F;2;BMF;1;Manganese Clast Deposits;MAIN;17;;;
5A10189C;1;INT;2;Alwin;MAIN;48;;;
5A10189C;2;SHZC;2;Alwin;MAIN;48;;;
5A23F144;2;FLD;2;Dikulushi;MAIN;50;;;
5A2F9D8E;1;INC;2;Trill mineralized lens;MAIN;60|69|70;;;
5AAB9BA1;1;SSF;1;Baturaja Prospects;MAIN;20;;;
5AAB9BA1;2;FLD;2;Baturaja Prospects;MAIN;20|21;;;
5AA99061;1;THR;1;Ricardo Herrera;MAIN;25;;;
5AA99061;2;INT;1;Ricardo Herrera;MAIN;25;;;
5A93A27D;1;THR;1;543S;MAIN;38|48;150000.0;1000.0;
5A93A27D;2;SOF;2;543S;MAIN;42|48;;;
5A93A27D;3;INT;2;543S;MAIN;42;;;
5A93A27D;4;THR;2;543S;MAIN;43;;;
5AE95B60;1;BMF;1;Piskanja;MAIN;32|37;;;
5AFEAFA5;1;BMF;1;Sturgeon Lake Reef Complex;MAIN;59|61|79|80;;;
5AFEAFA5;2;SOF;2;Sturgeon Lake Reef Complex;MAIN;61;;;
5B2E3F7B;1;BMF;1;Clayton Valley;MAIN;34|35;;;
5B2D74BC;1;BMF;1;Ram;MAIN;59;;;
5B2D74BC;2;SHZC;2;Ram;MAIN;61|64;;;
5B2D74BC;4;FLD;3;Ram;MAIN;64;;;
5B5604F8;1;CSF;1;Lisbon Valley;MAIN;18|22|23;20000.0;;extent:bounded
5B5604F8;2;FLD;2;Lisbon Valley;MAIN;17|22|26;;;
5B3D2A7C;1;LFT;2;Alacran;MAIN;74;;;
5B3D2A7C;2;INT;2;Alacran;MAIN;74;;;
5B58F653;1;THR;1;Cajon Grande;MAIN;41|51;60000.0;;
5BA8D17A;1;SOF;2;Lynx Target Area;MAIN;35|38;;;
5BD26E9B;1;BMF;1;Hombre Muerto Project;MAIN;29|37;;;
5BB2F1FA;2;SSF;2;Cerro Lindo;MAIN;51|62;;;
5BCA0AF1;1;INT;2;Alacran;MAIN;101;;;
5BE399BE;1;SHZC;1;Berta;MAIN;73|74|76;;;
5BE399BE;2;SOF;2;Berta;MAIN;99;350.0;;
5BE399BE;3;SSF;2;Berta;MAIN;99;500.0;;
5BE399BE;4;GSC;2;Berta;MAIN;99;;;
5BE399BE;5;BXP;2;Berta;MAIN;89;;;
5C1A2B5D;2;CSF;1;Central Zone;MAIN;90|97|98;;;
5C22FD3F;1;SSF;1;Copper Mountain;MAIN;47|48;;;
5C22FD3F;2;SOF;2;Copper Mountain;MAIN;48;;;
5C2D0C3B;1;BMF;1;Humboldt Salt Marsh;MAIN;26|30|32;;;
5C3AE63A;1;TRP;1;Nowa Sól;MAIN;99;;;
5C3AE63A;2;SOF;2;Nowa Sól;MAIN;99;;;
5CB02049;1;SSF;1;Los Azules;MAIN;109|125;7000.0;;
5CB02049;2;FLD;1;Los Azules;MAIN;125;;;
5CB02049;3;SSF;2;Los Azules;MAIN;125;;;
5CB02049;4;JOG;2;Los Azules;MAIN;126;;;
5D0D118F;1;BMF;1;Muntanga;MAIN;43|45|57;;;
5D0D118F;2;SOF;2;Muntanga;MAIN;43|44;4000.0;;
5D365AE6;1;SHZC;1;Gemini Main Zone;MAIN;50;57000.0;;extent:bounded
5D365AE6;2;SOF;2;Gemini Main Zone;MAIN;50;;;
5D365AE6;3;INT;2;Gemini Main Zone;MAIN;50;;;
5D365AE6;4;BXP;3;Gemini Main Zone;MAIN;53;;;
5D8E09B4;1;THR;1;Jubani;MAIN;21|24;;;
5D536714;1;BMF;1;Oropesa;MAIN;33;;;
5D536714;3;SHZC;1;Oropesa;MAIN;44;;;
5D536714;4;INT;2;Oropesa;MAIN;44;;;
5D704D63;1;THR;2;Kemess North;MAIN;25;;;
5D704D63;2;NRM;2;Kemess North;MAIN;25;;;
5D704D63;3;SSF;1;Kemess North;MAIN;23;;;
5D704D63;4;THR;1;Kemess North;MAIN;23;;;
5DAA7A99;1;SHZC;1;Kharmagtai;MAIN;36;;;
5DAA7A99;3;SHZC;2;Kharmagtai;MAIN;36|44;;;
5DAA7A99;4;SSF;2;Kharmagtai;MAIN;44;;;
5DD7DD41;1;BMF;1;Sturgeon Lake Reef Complex;MAIN;50|69|70;;;
5DD7DD41;2;INT;2;Sturgeon Lake Reef Complex;MAIN;52;;;
5DDA4E86;1;SSF;1;Moss Lake deposit;MAIN;41|44;;;
5DDA4E86;2;SSF;1;Moss Lake deposit;MAIN;41|44;;125.0;distance:bounded
5DDA4E86;3;SHZC;2;Moss Lake deposit;MAIN;44;;;
5DE3FC39;1;SOF;2;Kiseljak;MAIN;35;;;
5DFE86A1;1;BMF;1;Kakula;MAIN;123|142|145;;;
5DFE86A1;2;BMF;2;Kakula;MAIN;144;;;
5DFE86A1;3;FLD;2;Kakula;MAIN;124|142|144;;;
5E2B7510;1;FLD;1;#5 Dyke Complex;MAIN;29|30;;;
5E10BD1E;1;MYLC;1;Separation Rapids Lithium Deposit;MAIN;68;;;
5E10BD1E;2;SHZC;1;Separation Rapids Lithium Deposit;MAIN;68;;;
5E10BD1E;3;FLD;2;Separation Rapids Lithium Deposit;MAIN;68|69;;;
5E3A07A2;1;CSF;1;Hannukainen;MAIN;17;50000.0;;extent:bounded
5E3A07A2;2;THR;2;Hannukainen;MAIN;18;;;
5E3A07A2;3;SHZC;2;Hannukainen;MAIN;18;;;
5E657398;1;FLD;2;Houston;MAIN;72;;;
5E657398;2;THR;2;Houston;MAIN;72|81;;;
5E626AA4;1;SHZC;2;Karakul;MAIN;54|60;;;
5E774B73;1;THR;1;Kharmagtai;MAIN;44;;;
5E774B73;2;FLW;1;Kharmagtai;MAIN;44;;;
5E774B73;3;SSF;1;Kharmagtai;MAIN;44;;;
5E774B73;4;JOG;2;Kharmagtai;MAIN;45;;;
5E7A54F5;1;SSF;1;Stockwork Hill;MAIN;106;;;
5E7A54F5;2;TRP;2;Stockwork Hill;MAIN;105;;;
5E7A54F5;3;FLW;2;Stockwork Hill;MAIN;106;;;
5E7A54F5;4;THR;2;Stockwork Hill;MAIN;106;;;
5E7A54F5;5;JOG;2;Stockwork Hill;MAIN;106|110;;;
5E7DC840;2;CSF;1;Kamoa;MAIN;83|120;35000.0;;
5E7DC840;3;FLD;2;Kamoa;MAIN;99;;;
5EAD903D;1;SSF;2;Mount Turner;MAIN;37|40;14000.0;;
5EAEA8CA;1;THR;1;Mitchell;MAIN;32|51|52;;;
5EDC71C5;1;NRM;1;Kamoa-Kakula;MAIN;113|132|134;;;
5EDC71C5;2;FLD;2;Kamoa-Kakula;MAIN;132|134;;;
5EDC71C5;4;TRT;1;Kamoa-Kakula;MAIN;132;;;
5EDC71C5;5;THR;2;Kamoa-Kakula;MAIN;134;;;
5EDC71C5;6;BXP;3;Kamoa-Kakula;MAIN;135;;;
5EF04823;1;FLD;1;Corsa Properties;MAIN;48;;;
5EF51E03;1;SHZC;1;Aukam;MAIN;17;400000.0;;
5EF3E966;1;CSF;1;Songwe Hill;MAIN;95;;;
5F8F105D;1;NRM;2;Holbrook Basin Potash;MAIN;45;;;
5F8F105D;2;THR;2;Holbrook Basin Potash;MAIN;45;;;
5F8F105D;3;BMF;1;Holbrook Basin Potash;MAIN;45;;;
5F7EFC07;3;SSF;3;Elk Creek Carbonatite;MAIN;63;;;
5F929843;2;FLD;1;Kontiki Pegmatites;MAIN;26;;;
5FAB90DA;1;BMF;2;Crepulja;MAIN;17|22;;;
5FAB90DA;2;UNC;2;Crepulja;MAIN;22;;;
5FA2F926;1;JOG;2;Parkin Offset Dyke;MAIN;20|22|26;;;
5FA2F926;2;SOF;2;Parkin Offset Dyke;MAIN;22|26;;;
5FA2F926;3;INC;2;Parkin Offset Dyke;MAIN;26;;;
5FA2F926;4;LTC;3;Parkin Offset Dyke;MAIN;22|26;;;
5FD3306E;1;MYLC;1;Cigar Lake;MAIN;58;;;
5FEAE59B;1;GSC;1;Frontier;MAIN;40|41|42;;;
5FFF0FB6;1;CSF;1;Beruang Kanan Main Zone;MAIN;37;;;
5FFF0FB6;2;SOF;2;Beruang Kanan Main Zone;MAIN;37;;;
5FFF0FB6;3;INT;2;Beruang Kanan Main Zone;MAIN;37;;;
5FFF0FB6;4;SHZC;2;Beruang Kanan Main Zone;MAIN;40;;;
6006CE9F;1;CSF;1;Beaverhill Lake aquifer system;MAIN;27|28;;;
6006CE9F;2;CSF;1;Beaverhill Lake aquifer system;MAIN;28;;;
6006CE9F;3;SOF;2;Beaverhill Lake aquifer system;MAIN;28;;;
6015205B;1;CSF;1;Tulsequah Chief;MAIN;61|66;;;
6015205B;2;SOF;2;Tulsequah Chief;MAIN;68|70;;;
6015205B;3;FLD;2;Tulsequah Chief;MAIN;68;;;
6015205B;4;SSF;1;Tulsequah Chief;MAIN;66;;;
603CC751;1;FLD;2;Horseshoe and Raven;MAIN;42|43;;;
603CC751;3;THR;1;Horseshoe and Raven;MAIN;33;;;
603CC751;4;SSF;1;Horseshoe and Raven;MAIN;33;;;
60B0A237;1;FLD;2;Driftwood Creek magnesite deposit;MAIN;25;;;
60B3561E;1;LTC;2;Encanto Zone;MAIN;68;;;
60B1F38F;2;THR;2;Gunnison;MAIN;66|74;;;
60B1F38F;4;INC;2;Gunnison;MAIN;70;;;
60CD33FA;2;INT;2;Wicheeda Carbonatite;MAIN;33;;;
60E4191F;1;CSF;1;Baptiste;MAIN;93|94;;;
60E4191F;2;SHZC;2;Baptiste;MAIN;98;1000.0;;
60E4191F;3;SSF;2;Baptiste;MAIN;98;;;
60D8EE5D;3;FLD;1;Wicheeda Carbonatite;MAIN;65;;;
60F134C7;3;SHZC;2;Redonda;MAIN;41;;;
61120715;1;CSF;1;Horsetrail Zone;MAIN;34;;;
61205525;1;THR;1;Point Leamington deposit;MAIN;29;;;
61205525;2;SSF;1;Point Leamington deposit;MAIN;29;;;
61205525;3;THR;2;Point Leamington deposit;MAIN;37;;;
61218AB5;1;CSF;1;Coosa;MAIN;67|68|72;;3000.0;extent:unparseable
61218AB5;2;THR;1;Coosa;MAIN;69|72;;;
61218AB5;3;FLD;2;Coosa;MAIN;72|73|75|76;;;
6141ADF2;1;THR;1;Spiragu;MAIN;20|23;;;
615798EC;1;FLD;1;Slick Rock project;MAIN;25|26|29;;;
6146EE50;1;THR;1;Elan Coal Property;MAIN;30|31|32;;;
6146EE50;2;THR;2;Elan Coal Property;MAIN;32;;;
6146EE50;3;FLD;1;Elan Coal Property;MAIN;32;;;
6146EE50;4;FLD;2;Elan Coal Property;MAIN;32;10000.0;;extent:bounded
6146EE50;5;FLD;2;Elan Coal Property;MAIN;32|33;;;
615B72C6;1;SHZC;1;Patterson Lake South;MAIN;31;;;
615B72C6;2;INT;2;Patterson Lake South;MAIN;57;;;
616809BD;2;THR;2;Golpu;MAIN;94;;;
616809BD;3;THR;1;Golpu;MAIN;94;;;
6175F5F9;1;THR;1;Spiragu Prospects;MAIN;17|37;9000.0;;
6175F5F9;2;FLD;2;Spiragu Prospects;MAIN;40|47;;;
6175F5F9;3;LTC;2;Spiragu Prospects;MAIN;39|47;;;
618E5023;1;CSF;1;La Granja;MAIN;41;;;
618E5023;2;SOF;2;La Granja;MAIN;45;5000.0;;extent:bounded
618E5023;3;SOF;2;La Granja;MAIN;45;;;
618E5023;4;INT;2;La Granja;MAIN;45;;;
61BD44D7;1;BMF;2;Area 1;MAIN;75|78|82;;;
61C4BDD1;1;LTC;2;Blue Jack;MAIN;8;;;
61C4BDD1;2;SHZC;2;Blue Jack;MAIN;8;;;
61C4BDD1;3;SSF;1;Blue Jack;MAIN;8;;;
620F68F6;1;FLD;2;Mel Main Zone;MAIN;41|44;;;
62409C35;2;FLD;2;Holt Property;MAIN;25;;;
62409C35;3;INT;2;Holt Property;MAIN;41;;;
62476046;1;CSF;1;Sinchao;MAIN;31|34;;;
62476046;2;SOF;2;Sinchao;MAIN;34;;;
62476046;3;INT;1;Sinchao;MAIN;31;;;
62497404;1;THR;2;Sangdong;MAIN;52;;;
62497404;2;SHZC;2;Sangdong;MAIN;52;;;
62497404;3;SSF;N/A;Sangdong;MAIN;52;;;
62497404;4;THR;N/A;Sangdong;MAIN;54;;;
62497404;5;NRM;N/A;Sangdong;MAIN;54;;;
62555355;1;SHZC;1;Abcourt-Barvue;MAIN;33|34;;;
625C16EB;1;THR;1;Luishia Sud;MAIN;17;;;
625C16EB;2;SOF;2;Luishia Sud;MAIN;19|22;;;
625C16EB;3;SOF;3;Luishia Sud;MAIN;25;;;
62802DEE;1;SHZC;1;Duddridge Lake;MAIN;17|18;3000.0;;extent:bounded|extent:approx_magnitude|extent:bounded
627BB023;1;THR;1;Hawk Ridge Deposits;MAIN;59;;;
627BB023;2;FLD;1;Hawk Ridge Deposits;MAIN;59;;;
627BB023;3;THR;2;Hawk Ridge Deposits;MAIN;60;;;
627BB023;4;FLD;2;Hawk Ridge Deposits;MAIN;60;4800.0;;extent:bounded
6292767F;1;SSF;1;AntaKori;MAIN;79;;;
6292767F;2;CSF;1;AntaKori;MAIN;79;;;
6292767F;3;FLD;2;AntaKori;MAIN;82|89;;;
62A0EDA1;1;BMF;2;L.G. Property Lithium Brine;MAIN;37;;;
62A4475D;1;FLD;1;Candelaria;MAIN;41;;;
62A4475D;2;MYLC;2;Candelaria;MAIN;41;;;
62A4475D;3;SHZC;2;Candelaria;MAIN;42;;;
62A4475D;4;SOF;2;Candelaria;MAIN;46;;;
62B9A6A1;1;FLD;2;Nepisiguit A;MAIN;35;;;
62B9A6A1;2;THR;1;Nepisiguit A;MAIN;35|36;;;
62B9A6A1;3;FLD;2;Nepisiguit A;MAIN;38;;;
63059546;1;THR;1;Jubani Prospect;MAIN;19|24|35|37|44;;;
63059546;2;FLD;2;Jubani Prospect;MAIN;38|44;;;
630833B8;1;CSF;1;Papomono;MAIN;90|96;;;
630833B8;2;SSF;2;Papomono;MAIN;96;950.0;;
630833B8;3;ENE;3;Papomono;MAIN;96;;;
630833B8;4;THR;2;Papomono;MAIN;96;;;
6316A2E3;1;BXP;2;Tower Deposit;MAIN;129;;;
63499A00;2;INT;2;Lovelock Cobalt Mine;MAIN;47|52;;;
633EDBC2;1;CSF;1;Powerline Project;MAIN;47|63;;;
633EDBC2;2;FLD;1;Powerline Project;MAIN;47|50;;;
633EDBC2;4;SOF;2;Powerline Project;MAIN;48;;;
63602F5B;1;TRP;2;Main Zone;MAIN;49;;;
63602F5B;2;THR;1;Main Zone;MAIN;49;;;
6372BEDE;1;FLD;2;Ntaka Hill;MAIN;61;;;
6372BEDE;3;CSF;1;Ntaka Hill;MAIN;15|51;;;
63A59023;1;SHZC;2;Ming Mine;MAIN;59|62|68;;;
63A59023;2;THR;1;Ming Mine;MAIN;60;;;
63A59023;3;CSF;1;Ming Mine;MAIN;56|58;;;
63AA55AE;1;BMF;1;Blachford Veins;MAIN;25;;;
63B20C69;1;BMF;1;Graphite Creek;MAIN;40|49;35000.0;1000.0;extent:bounded
63B20C69;2;FLD;3;Graphite Creek;MAIN;42|48|49;;;
63CEAD47;1;BXP;2;Wisner South and Southwest zones;MAIN;19|23|29;;;
63B85FB5;1;CSF;1;N-204;MAIN;41|48;;;
63DEC675;1;FLD;2;Penguin Lake;MAIN;26|33|38;;;
63DEC675;2;THR;2;Penguin Lake;MAIN;23|33;;;
64190BD8;1;THR;1;Halfway Lake;MAIN;53;;;
64190BD8;2;FLD;2;Halfway Lake;MAIN;53|65|67;;;
64190BD8;3;SHZC;2;Halfway Lake;MAIN;65|67;;;
64190BD8;4;LTC;2;Halfway Lake;MAIN;65|68;;;
643C3EB3;1;FLD;2;Mel deposit;MAIN;56|57;;;
646FC9B3;1;FLD;2;Maturi;MAIN;101;;;
6493F468;2;INT;2;El Mochito;MAIN;31;;;
6499B2B9;2;FLD;2;South Mountain Skarn;MAIN;62;;;
64A8E5A6;1;SHZC;2;Josemaría;MAIN;94;;;
64D25266;1;UNC;1;Chilling Project;MAIN;19|20;130000.0;;extent:bounded
64E55CFA;1;SSF;1;Song Toh and Boh Yai;MAIN;63;;;
64E55CFA;2;SOF;2;Song Toh and Boh Yai;MAIN;58|63;;;
64E55CFA;3;FLD;2;Song Toh and Boh Yai;MAIN;58|61;;;
64E55CFA;4;INT;2;Song Toh and Boh Yai;MAIN;58|65;;;
64ECA01A;1;SSF;2;La Verde;MAIN;46;;;
64F302FD;2;FLD;2;Cobalt Zone - McAra Project;MAIN;101;;;
6547CF29;1;SSF;1;El Chato;MAIN;22;;;
6547CF29;2;TRT;1;El Chato;MAIN;22;;;
6547CF29;3;SSF;2;El Chato;MAIN;24;;;
6547CF29;4;INT;2;El Chato;MAIN;24;;;
650E44A0;2;SHZC;1;Aviat Kimberlites;MAIN;29;;;
650E44A0;3;THR;1;Aviat Kimberlites;MAIN;29;;;
65347EFC;1;SHZC;2;Ram;MAIN;59;;;
65347EFC;2;NRM;2;Ram;MAIN;61;;;
65347EFC;3;SHZC;3;Ram;MAIN;62;;;
65347EFC;4;FLD;2;Ram;MAIN;59;;;
658FE38B;1;BMF;2;Nash Creek Deposit;MAIN;34|35|39;;;
658FE38B;2;FLD;1;Nash Creek Deposit;MAIN;32;;;
656257D7;1;BMF;1;Kabba;MAIN;40|41|46|49;;;
6595B2B6;1;NRM;2;Kaukua;MAIN;35;;;
659A4EA7;1;THR;1;Pasto Bueno;MAIN;36;;;
659A4EA7;2;SSF;1;Pasto Bueno;MAIN;36|37;;;
659A4EA7;3;NRM;2;Pasto Bueno;MAIN;36;;;
65BC4AC7;3;SSF;1;Mayumba Potash;MAIN;42;;;
65C4E7C7;1;CSF;1;Pakeagama Lake pegmatite;MAIN;27;140000.0;;extent:bounded
65CEB7AB;1;BMF;2;Stradbroke;MAIN;28|33;;;
65CEB7AB;2;FLD;1;Stradbroke;MAIN;29;;;
65D52BE5;1;SHZC;1;Los Pumas;MAIN;19;;;
65E9EE1E;1;BMF;2;Topley Property;MAIN;27|28;;;
65E9EE1E;2;SHZC;2;Topley Property;MAIN;32;;;
65E35C17;1;CSF;1;241NC zone;MAIN;17;;;
65E35C17;2;BMF;1;241NC zone;MAIN;17;;;
65EBECDE;1;THR;1;Vohitsara Project;MAIN;51;;;
66051765;1;INT;2;Wicheeda Carbonatite;MAIN;55;;;
6610EABB;1;CSF;1;Stillwater West;MAIN;38|45;;;
6610EABB;2;THR;2;Stillwater West;MAIN;39|46;;;
6610EABB;3;SHZC;2;Stillwater West;MAIN;46|48|61;;;
661C48C8;1;CSF;1;Santa Cruz Deposit;MAIN;57;;;
661C48C8;2;BMF;2;Santa Cruz Deposit;MAIN;53|57;;;
6627DE01;1;SSF;1;Woodlawn;MAIN;63;;;
6627DE01;2;FLD;2;Woodlawn;MAIN;63|65;;;
66322829;1;SHZC;1;Nithi Mountain;MAIN;21;;;
66946CED;1;SSF;1;Stillwater West;MAIN;36|49|50|52;;;
66946CED;2;CSF;1;Stillwater West;MAIN;36;;;
66946CED;3;SSF;2;Stillwater West;MAIN;49|50|52|53;;;
66946CED;4;ENE;3;Stillwater West;MAIN;49|50;;;
66946CED;5;THR;2;Stillwater West;MAIN;49|50|55;;;
66946CED;6;SHZC;2;Stillwater West;MAIN;75;;;
66946CED;7;FLD;2;Stillwater West;MAIN;48|50|55;;;
66CC62FB;1;THR;1;Perry River Carbonatite;MAIN;35;;3000.0;distance:approx_magnitude
66CC62FB;2;NRM;2;Perry River Carbonatite;MAIN;35;;;
66CC62FB;3;SSF;1;Perry River Carbonatite;MAIN;34;;;
66D6E8C9;1;BMF;1;Cardiac Creek;MAIN;47;;;
66D6E8C9;2;THR;2;Cardiac Creek;MAIN;32|33|34;;;
66D6E8C9;3;FLD;2;Cardiac Creek;MAIN;32|34;;;
66ED7DB0;1;FLD;1;Green Point shale;MAIN;33;;;
6705D6E0;1;BMF;1;Zeus;MAIN;20|28;;;
67369140;1;SHZC;1;GMZ;MAIN;50;57000.0;;extent:bounded
67369140;3;INT;2;GMZ;MAIN;50;;;
67369140;4;BXP;3;GMZ;MAIN;53;;;
67376DFA;1;THR;1;Bassar Project;MAIN;25;;;
67376DFA;2;FLD;1;Bassar Project;MAIN;25;;;
673F70BB;1;FLD;2;Murray Brook Deposit;MAIN;44;;;
675C8228;1;THR;2;Deposit number two;MAIN;33;;;
67577AE7;1;CSF;1;Tamarack South;MAIN;40;;;
6775C27B;2;INT;2;Čukaru Peki;MAIN;46;;;
6776E66A;1;BMF;1;Basin East;MAIN;42;;;
677A09E4;1;TRT;2;Central Zone;MAIN;138|163;;;
677A09E4;2;TRT;2;Central Zone;MAIN;139|163;;;
679B081B;1;THR;2;LabMag;MAIN;100|101;;;
6789ED15;1;CSF;1;Ivana;MAIN;38|41;;;
6789ED15;2;INT;2;Ivana;MAIN;38|41;;;
67ADD2AA;1;SOF;2;Basin East;MAIN;65|72;;;
67ADD2AA;2;SOF;2;Basin East;MAIN;66;;;
67ADD2AA;3;FLD;2;Basin East;MAIN;72;;;
67BCDE90;1;SOF;2;Kaukua;MAIN;34;;;
67EDECCA;1;THR;2;Santo Domingo Sur;MAIN;59|63;;;
67EDECCA;2;SSF;2;Santo Domingo Sur;MAIN;59|60;;;
68056AE6;1;CLD;1;Thacker Pass Deposit;MAIN;42|44|46;;;
68056AE6;2;BMF;1;Thacker Pass Deposit;MAIN;45|46;;;
680693F3;1;THR;1;Lac Guéret Graphite Zones;MAIN;58;;;
680693F3;2;FLD;1;Lac Guéret Graphite Zones;MAIN;58;;;
680693F3;3;FLD;2;Lac Guéret Graphite Zones;MAIN;63;;;
68058B9F;1;SSF;2;AGS Vein;MAIN;38|40|41;;;
6823B104;1;CSF;1;95-2;MAIN;34;;;
683A1FD9;1;THR;1;Wolf;MAIN;26|33;;;
683A1FD9;2;SSF;2;Wolf;MAIN;27|33;;;
682D5038;1;SHZC;2;JR zone;MAIN;47;2650.0;;
68439368;1;SHZC;1;Norrabees I;MAIN;29|31;;;
684A4903;1;BMF;1;Nevada North Lithium Project;MAIN;40|49|61|63;;;
68404F20;1;FLD;2;Back Forty Deposit;MAIN;93;;;
6854627B;1;SSF;1;Oropesa;MAIN;37|54;;;
6854627B;2;TRT;1;Oropesa;MAIN;38|54;;;
6854627B;4;INT;2;Oropesa;MAIN;54;;;
6854627B;5;SHZC;2;Oropesa;MAIN;49|53;;;
68596A6F;1;THR;1;Coronation Trend;MAIN;23|26;;;
686715A2;1;SHZC;1;Selebi;MAIN;40;;;
686715A2;2;FLD;2;Selebi;MAIN;44|47;;;
68640A74;2;THR;1;Bornite;MAIN;46;;;
68640A74;3;BMF;1;Bornite;MAIN;53;;;
6881BDF4;1;TRP;1;Gryphon;MAIN;84;;;
6881BDF4;2;JOG;2;Gryphon;MAIN;84;;;
6881BDF4;3;THR;2;Gryphon;MAIN;84|85;;;
6881BDF4;6;LTC;2;Gryphon;MAIN;84;;;
6916662A;1;SHZC;N/A;Bégin-Lamarche Phosphate Deposit;MAIN;75;;;
691AB887;1;SHZC;2;Adi Rassi;MAIN;32;3000.0;;extent:bounded
691AB887;2;SSF;2;Adi Rassi;MAIN;32;;;
690F8AD3;1;FLD;2;Mesaba;MAIN;49;;;
68EF9909;1;SSF;1;Luanga;MAIN;92|93;;;
68EF9909;2;SOF;2;Luanga;MAIN;85;;;
6972813C;1;FLD;2;Upper Freeport;MAIN;22;;;
69B0D199;1;THR;1;Palisades Coal Property;MAIN;39|44;;;
69B0D199;2;FLD;2;Palisades Coal Property;MAIN;39|44|45;;;
69B0D199;3;SOF;2;Palisades Coal Property;MAIN;44;;;
69B0D199;4;FLD;3;Palisades Coal Property;MAIN;44;;;
69DA68FB;1;BMF;1;Anderson Project;MAIN;39|41|45;;;
69F2C1A5;1;SSF;2;Broken Hammer;MAIN;70;;;
69F2C1A5;2;ENE;3;Broken Hammer;MAIN;70;;;
69F336B7;2;THR;N/A;Taylor Deposit;MAIN;56|61|62|64;;;
69F5A8EC;1;FLD;2;Jideh Mountain;MAIN;22|23;;;
69FFA58D;1;FLD;2;Menzhinsky Mine;MAIN;45|46;;;
69FFA58D;3;THR;2;Menzhinsky Mine;MAIN;45|46;;;
6A1921F6;1;CSF;1;Yath Project;MAIN;23;3000000.0;;
6A1921F6;2;BMF;1;Yath Project;MAIN;23|24;;;
6A239756;1;INT;1;Adriana Hill;MAIN;21;;;
6A239756;3;LFT;2;Adriana Hill;MAIN;22;;;
6A239756;4;BMF;1;Adriana Hill;MAIN;22;;;
6A6CE8BA;1;INT;1;American Eagle/Keel;MAIN;34;;;
6A6CE8BA;2;BMF;1;American Eagle/Keel;MAIN;34;;;
6A6CE6A5;1;SOF;2;Red Dog Zone;MAIN;24;;;
6A854654;1;FLD;2;Jasperoide;MAIN;91|92;;;
6A854654;2;THR;2;Jasperoide;MAIN;91|93|94|95;;;
6A854654;3;SSF;2;Jasperoide;MAIN;91|96;;;
6A854654;4;INC;2;Jasperoide;MAIN;91;;;
6AC563EB;1;TRP;1;Bald Hill;MAIN;35;;;
6AC563EB;2;THR;1;Bald Hill;MAIN;35;;;
6AC563EB;3;SHZC;2;Bald Hill;MAIN;35|36|39;;;
6AC563EB;4;INC;2;Bald Hill;MAIN;39;;;
6AC563EB;5;GSC;2;Bald Hill;MAIN;57;;;
6B04057C;2;SSF;2;Broken Hammer Zone;MAIN;22;;;
6B04057C;3;INC;2;Broken Hammer Zone;MAIN;19;;;
6B053595;1;CSF;1;Ferguson Lake;MAIN;43;;;
6B053595;2;SHZC;1;Ferguson Lake;MAIN;43;;;
6B053595;3;FLD;2;Ferguson Lake;MAIN;53;;;
6B053595;4;SHZC;3;Ferguson Lake;MAIN;53;;;
6B053595;5;SSF;2;Ferguson Lake;MAIN;53;;;
6B2796C0;1;CSF;1;Alexo-Dundonald Project;MAIN;51|52;;;
6B2796C0;2;FLD;2;Alexo-Dundonald Project;MAIN;52;;;
6B4A3D20;1;CSF;1;Nickel Project;MAIN;21;;;
6B4A3D20;2;SSF;2;Nickel Project;MAIN;21|23;;;
6B4A3D20;3;FLD;2;Nickel Project;MAIN;21|23;;;
6BC22AC7;1;SHZC;1;Kopsa;MAIN;40;;;
6BC22AC7;2;SHZC;2;Kopsa;MAIN;44;;;
6BDC02DB;1;THR;1;Bolívar;MAIN;38;;;
6BDC02DB;2;LFT;2;Bolívar;MAIN;38;;;
6BDC02DB;3;SSF;2;Bolívar;MAIN;38;;;
6BDC02DB;4;DET;2;Bolívar;MAIN;38;;;
6BDC02DB;5;INT;2;Bolívar;MAIN;38;;;
6BF481D4;1;THR;2;Salinas Grandes;MAIN;132|133;;;
6BF481D4;2;BMF;2;Salinas Grandes;MAIN;133;;;
6C2F0883;1;SSF;1;Bengkulu Coal Project;MAIN;38|39|40;;;
6C2F0883;2;THR;2;Bengkulu Coal Project;MAIN;42;;;
6C31E84E;1;BMF;1;Kona;MAIN;40;;;
6C31E84E;2;THR;2;Kona;MAIN;43|44;;;
6C480A9D;1;BMF;1;Graphite Creek;MAIN;74;35000.0;;extent:bounded
6C480A9D;2;FLD;2;Graphite Creek;MAIN;76;;;
6C480A9D;3;FLD;3;Graphite Creek;MAIN;74;;;
6C479DE7;1;SSF;2;Elk Creek Carbonatite;MAIN;77|82;;;
6C7EA58B;1;THR;2;KéMag;MAIN;98;;;
6C4D4B94;1;SHZC;2;Baptiste Deposit;MAIN;22;;;
6C4D4B94;2;SSF;2;Baptiste Deposit;MAIN;22;;;
6C4D4B94;3;SSF;1;Baptiste Deposit;MAIN;17;;;
6C756DAB;1;THR;2;Salar Salinas Grandes;MAIN;131|132;;;
6C8EF2FC;1;SHZC;1;Main Zone;MAIN;51|56;8000.0;;
6C958093;1;CSF;1;Bornite;MAIN;63;;;
6CA86521;1;SSF;1;Čukaru Peki;MAIN;48;;;
6CA86521;2;INT;2;Čukaru Peki;MAIN;50;;;
6CBFC128;1;BMF;2;Tom deposit;MAIN;64|55;;;
6CBFC128;2;FLD;2;Tom deposit;MAIN;59|64;;;
6CCAC3D6;1;BMF;1;REE Zone;MAIN;46|47;;;
6CCAC3D6;2;SSF;1;REE Zone;MAIN;46|47;;;
6CCAC3D6;3;INT;1;REE Zone;MAIN;47;;;
6CDA2B5F;4;INT;2;Alpala;MAIN;81;;;
6CEDAB90;1;FLD;2;James Deposit;MAIN;75|78;;;
6CEDAB90;2;THR;2;James Deposit;MAIN;78;;;
6D00C1F4;1;BMF;1;Gooden Creek Mine;MAIN;30;;;
6D00C1F4;2;FLD;1;Gooden Creek Mine;MAIN;30;;;
6CEE450B;1;SHZC;N/A;Abitibi Properties;MAIN;18;;;
6CEE450B;3;FLD;1;Abitibi Properties;MAIN;19;;;
6CEE450B;4;CLD;2;Abitibi Properties;MAIN;24;;;
6D1BAFCA;1;FLD;2;Lac Guéret;MAIN;99|102;;;
6D1BAFCA;2;THR;2;Lac Guéret;MAIN;93|105;;;
6D315EAB;1;MYLC;N/A;Big Daddy;MAIN;20;;;
6D57B6E6;1;BMF;1;Salar de Tolillar;MAIN;98|100;;;
6D3768EC;1;SHZC;N/A;Bégin-Lamarche;MAIN;77;;;
6D60AD77;1;INT;2;Middle Lake;MAIN;32|45;;;
6D60AD77;2;SHZC;2;Middle Lake;MAIN;32;;;
6DACF892;1;JOG;2;Valk Property;MAIN;40;;;
6DACF892;2;SOF;2;Valk Property;MAIN;40;;;
6DACF892;3;SHZC;2;Valk Property;MAIN;33|34|40;;;
6D9305F0;1;BMF;1;Dieter Lake;MAIN;12;;;
6D9305F0;2;BMF;2;Dieter Lake;MAIN;14;;;
6DB69E64;1;CSF;1;Eaglehead;MAIN;48;30000.0;;extent:approx_magnitude
6DB69E64;2;SOF;2;Eaglehead;MAIN;48|54;;;
6DDE94F9;1;FLD;2;Picadilly;MAIN;33|51|53;;;
6DDE94F9;2;THR;2;Picadilly;MAIN;33;;;
6DE3A9AD;1;NRM;2;Holbrook Basin Potash;MAIN;48|53;;;
6DEEC621;1;FLD;1;New Elk Mine Coal Seams;MAIN;41;;;
6DEEC621;2;SSF;1;New Elk Mine Coal Seams;MAIN;41;;;
6DEEC621;3;THR;1;New Elk Mine Coal Seams;MAIN;41;;;
6DEEC621;4;NRM;2;New Elk Mine Coal Seams;MAIN;42;;;
6E06C0C2;1;INT;2;Coppercorp Mine;MAIN;43;;;
6E138384;1;FLD;2;RC Zone;MAIN;21;;;
6E44F514;1;BMF;N/A;TLC Project;MAIN;17|19;;;
6E6E081C;1;THR;1;Araguaia Nickel Project;MAIN;74|78|83|84;;;
6E6E081C;2;SSF;2;Araguaia Nickel Project;MAIN;74|75;;;
6E6E081C;3;GSC;2;Araguaia Nickel Project;MAIN;74;;;
6EBDA3E9;1;THR;2;Grande-Vallée;MAIN;121;;;
6EBDA3E9;2;SSF;2;Grande-Vallée;MAIN;121;;;
6EBDA3E9;3;THR;3;Grande-Vallée;MAIN;121;;;
6EBDA3E9;4;SSF;3;Grande-Vallée;MAIN;121;;;
6EBDA3E9;5;LFT;3;Grande-Vallée;MAIN;121;;;
6EBDA3E9;6;FLD;2;Grande-Vallée;MAIN;120|121;;;
6EBDA3E9;7;SSF;1;Grande-Vallée;MAIN;107;60000.0;;
6EBA4C46;1;SHZC;2;River Valley;MAIN;33;;;
6EBA4C46;4;FLD;2;River Valley;MAIN;33;;;
6F28F62E;1;SSF;1;Zara;MAIN;12|32;;;
6F28F62E;2;CSF;1;Zara;MAIN;13;;;
6F56E2D6;2;BMF;1;CuMo;MAIN;54;;;
6F60A301;1;FLD;N/A;Kestrel Mine;MAIN;37;;;
6F60A301;3;THR;N/A;Kestrel Mine;MAIN;41;;;
6F9E8B78;1;SHZC;1;Galaxy deposit;MAIN;18|24;500.0;;extent:bounded
6F9E8B78;2;THR;2;Galaxy deposit;MAIN;19|21;;;
6F9E8B78;3;INT;2;Galaxy deposit;MAIN;21;;;
6FEFA0C0;1;CSF;1;CAP Property;MAIN;19;;;extent:unparseable|distance:unparseable
6FF30AA9;1;FLD;1;Good Spring Property;MAIN;20|23;;;
6FF30AA9;2;FLD;2;Good Spring Property;MAIN;23|24;;;
6FF30AA9;3;THR;2;Good Spring Property;MAIN;20|23;;;
6FF30AA9;4;THR;2;Good Spring Property;MAIN;20|23;;;
6FF30AA9;5;FLD;2;Good Spring Property;MAIN;20;;;
7010C112;1;CSF;1;West Gore Deposit;MAIN;13|16;;;
7010C112;2;SOF;2;West Gore Deposit;MAIN;15|16;;;
7010C112;3;FLD;2;West Gore Deposit;MAIN;15;;;
7010C112;4;FLD;3;West Gore Deposit;MAIN;16|23;;;
70558475;1;FLD;1;Green Energy Project;MAIN;26|30|31;;;
706A4EAF;1;SHZC;1;Ularring Hematite Project;MAIN;72;;;
706A4EAF;2;SSF;2;Ularring Hematite Project;MAIN;72;;;
706A4EAF;3;FLD;2;Ularring Hematite Project;MAIN;73;;;
706D7B7B;1;TRP;1;Key Lake South;MAIN;26;;;
706D7B7B;2;SSF;1;Key Lake South;MAIN;26;;;
7071EB28;1;BMF;1;Bromley Vale Tephra;MAIN;13;;;
70882C0F;1;INC;2;North Range Project;MAIN;20|21;;;
70882C0F;2;BXP;2;North Range Project;MAIN;22;;;
7085C5A1;1;NRM;2;Lost Creek Deposit;MAIN;30|32;;;
708C65C4;1;SSF;2;Constancia;MAIN;83|84;1000.0;;extent:bounded
708C65C4;2;ENE;3;Constancia;MAIN;83;;;
70AAEFFF;1;BMF;2;Poplar Deposit;MAIN;37;;;
70D82FDD;1;MYLC;2;Whabouchi;MAIN;83;;;
70D8EE6A;1;BMF;1;Zeus claims;MAIN;19|27;;;
70D8EE6A;2;SOF;2;Zeus claims;MAIN;21;;;
70E4095E;1;SSF;1;Cuatro Cienegas project;MAIN;23|24|36;;;
70E4095E;2;FLD;2;Cuatro Cienegas project;MAIN;24;;;
70E4095E;3;THR;2;Cuatro Cienegas project;MAIN;24;;;
71044288;1;BMF;1;Salar de Pastos Grandes;MAIN;55|65;;;
71044288;2;CSF;1;Salar de Pastos Grandes;MAIN;55|56;;;
71051547;1;CSF;1;Marimaca;MAIN;78;;;
71051547;2;SHZC;2;Marimaca;MAIN;80|82;;;extent:unparseable
71051547;3;SOF;2;Marimaca;MAIN;82;;;
7110A45C;1;THR;2;Davidson deposit;MAIN;68;;;
71199862;1;THR;1;Cominex Project;MAIN;23;;;
71199862;2;FLD;2;Cominex Project;MAIN;24;;;
712D6DAF;1;SSF;1;Clayton Valley Lithium Project;MAIN;19;;;
712D6DAF;2;BMF;1;Clayton Valley Lithium Project;MAIN;19|22;;;
712D6DAF;3;NRM;2;Clayton Valley Lithium Project;MAIN;22|26;;;
712D6DAF;4;DET;2;Clayton Valley Lithium Project;MAIN;22;;;
712D6DAF;5;FLD;2;Clayton Valley Lithium Project;MAIN;22;;;
7146439B;1;SHZC;2;Little Deer;MAIN;25;;;
7146439B;2;LFT;2;Little Deer;MAIN;29;;;
7152D1AF;1;CSF;1;TLC Property;MAIN;48;;;
7152D1AF;2;BMF;1;TLC Property;MAIN;48|51;;;
7152D1AF;3;BMF;2;TLC Property;MAIN;51|52;;;
717A8CD2;1;MYLC;2;Puddy-Chrome;MAIN;48;;;
717A8CD2;2;SHZC;2;Puddy-Chrome;MAIN;48|49;;;
71C8B766;1;THR;1;Tell Gossan Corridor;MAIN;10;3000.0;7000.0;extent:bounded
71C8B766;2;FLD;2;Tell Gossan Corridor;MAIN;16;;;
71D9BEA3;1;SOF;2;Hibbing Taconite Deposit;MAIN;46|58;;;
71D9BEA3;2;FLD;2;Hibbing Taconite Deposit;MAIN;46;;;
71DA8C30;1;THR;2;La Romanera;MAIN;34;;;
71DA8C30;2;FLD;2;La Romanera;MAIN;32;;;
71C9C6C8;1;CSF;1;Aripuanã;MAIN;46;;;
71C9C6C8;2;THR;2;Aripuanã;MAIN;46|49|50;;;
71C9C6C8;3;SSF;2;Aripuanã;MAIN;46;;;
71C9C6C8;4;FLD;2;Aripuanã;MAIN;49|50;;;
71DF8369;1;FLD;1;Kansanshi;MAIN;53;;;
71DF8369;2;FLD;2;Kansanshi;MAIN;53;;;
71E6AC39;1;BMF;1;Cardiac Creek;MAIN;31|45;;;
71EA9A8C;1;CSF;1;Black Bay Project;MAIN;33;;;
71EA9A8C;2;SHZC;1;Black Bay Project;MAIN;33|34;;;
71EA9A8C;3;SHZC;2;Black Bay Project;MAIN;44;;;
71EA9A8C;4;SOF;2;Black Bay Project;MAIN;45;1500.0;;
71EA9A8C;5;ENE;3;Black Bay Project;MAIN;46;;;
71EA9A8C;6;LTC;2;Black Bay Project;MAIN;46;;;
71EA9A8C;7;INT;2;Black Bay Project;MAIN;55;;;
71FD9257;1;TRT;2;Mt Cattlin;MAIN;112;;;
720255FA;1;SHZC;2;Carmacks Copper;MAIN;29;;;
7215A62F;1;THR;1;Lemarchant Deposit;MAIN;42;;;
7215A62F;2;THR;2;Lemarchant Deposit;MAIN;42|44;;;
7215A62F;3;NRM;2;Lemarchant Deposit;MAIN;44|49|54;;;
7215A62F;4;FLD;2;Lemarchant Deposit;MAIN;42|49|50;;;
7203A993;1;NRM;2;Marathon Deposit;MAIN;94|97;;;
722A880F;1;CSF;1;Monroe;MAIN;17|22;;;
722A880F;2;BMF;1;Monroe;MAIN;16;;;
722A880F;3;INT;1;Monroe;MAIN;22;;;
7233C1F8;1;SHZC;1;Pedra Branca;MAIN;52|55;;;
7233C1F8;2;FLD;2;Pedra Branca;MAIN;54;;;
7233C1F8;3;GSC;2;Pedra Branca;MAIN;55;;;
7233C1F8;4;SHZC;2;Pedra Branca;MAIN;55;;;
726558CE;1;FLD;1;Key Anacon;MAIN;52|56;;;
726558CE;2;FLD;2;Key Anacon;MAIN;56|57|67;;;
726558CE;3;MYLC;2;Key Anacon;MAIN;78;;;
72C11ED5;1;JOG;1;Samapleu and Grata;MAIN;76;;;
72C11ED5;2;SHZC;1;Samapleu and Grata;MAIN;76;;;
72CF8B5F;1;LFT;2;Pumpkin Hollow;MAIN;77|82;;;
72CF8B5F;2;DET;2;Pumpkin Hollow;MAIN;73|77|82;;;
72E05970;1;UNC;N/A;Geiger Project;MAIN;28|29;;;
72E05970;2;GSC;N/A;Geiger Project;MAIN;28;;;
72E05970;3;INT;N/A;Geiger Project;MAIN;29;;;
72E05970;4;LTC;N/A;Geiger Project;MAIN;29;;;
72E4C885;1;FLD;1;Langis;MAIN;27|29;;;
72E4C885;4;SSF;2;Langis;MAIN;29;;;
72F81930;1;SSF;2;Huckleberry;MAIN;39|40|42;;;
7300A856;1;FLD;2;McIlvenna Bay;MAIN;91;;;
7330FD25;1;SHZC;1;Serpentine Deposit;MAIN;45|51|53|58;;;
7330FD25;2;INT;2;Serpentine Deposit;MAIN;52;;;
7336FA0A;1;THR;2;Davidson deposit;MAIN;38;;;
73639479;1;INT;2;Lone Mountain;MAIN;37|41;;;
735B5019;1;CSF;1;Grid Nickel Project;MAIN;23|24;;;
735B5019;2;SSF;1;Grid Nickel Project;MAIN;24;;;
735B5019;3;THR;2;Grid Nickel Project;MAIN;24;;;
7369A74E;1;SSF;2;Round Top Peak;MAIN;38|42;;;
7369A74E;2;THR;2;Round Top Peak;MAIN;38;;;
73908915;1;BMF;2;Kilbricken;MAIN;42|43|45;;;
73908915;2;SOF;2;Kilbricken;MAIN;43;;;
73E65BF2;1;SSF;1;Diavik Kimberlite Pipes;MAIN;31;;;
73E6ECCA;1;CSF;1;NORI Polymetallic Nodules;MAIN;47;;;
73EFF913;1;FLD;1;Gordon Creek area;MAIN;26|27;;;
73EFF913;2;THR;2;Gordon Creek area;MAIN;27|31|32;;;
74043B70;1;SSF;1;Buckton Mineralized Zone;MAIN;54;;;
74043B70;2;BMF;2;Buckton Mineralized Zone;MAIN;61;;;
74043B70;3;MYLC;1;Buckton Mineralized Zone;MAIN;52;;;
743E3106;1;BMF;1;Sevier Lake;MAIN;38;;;
7458997D;3;SSF;2;Langis;MAIN;30;;;
7458F7D2;1;FLD;2;Platreef;MAIN;144|145|146|151;;;
7458F7D2;2;SHZC;2;Platreef;MAIN;146|147|151;;;
7458F7D2;4;SHZC;2;Platreef;MAIN;147|148;;;
7458F7D2;5;SHZC;2;Platreef;MAIN;147|148;1800.0;;extent:bounded
7458F7D2;6;SHZC;2;Platreef;MAIN;147|148;1900.0;;extent:bounded
7458F7D2;7;SHZC;2;Platreef;MAIN;147|148;1400.0;;extent:bounded
7458F7D2;8;CSF;1;Platreef;MAIN;142;;;
7458F7D2;9;SHZC;1;Platreef;MAIN;143;;;
74A423AA;1;FLD;1;BlackRock Project;MAIN;135|150|154;20000.0;;
74A423AA;2;SHZC;2;BlackRock Project;MAIN;143|144|154;;;
74A423AA;3;THR;2;BlackRock Project;MAIN;144;;;
74A423AA;4;SHZC;3;BlackRock Project;MAIN;143;;;
74AE9878;1;CSF;1;Uitloop II;MAIN;71;;;
74B3AAF0;1;CSF;1;Yerington Deposit;MAIN;94;;;
74CAA269;1;SHZC;1;Ultramafic Sill complex;MAIN;33|37|39;;;
74CAA269;2;SHZC;1;Ultramafic Sill complex;MAIN;33|39;2000.0;;
74CAA269;3;INC;2;Ultramafic Sill complex;MAIN;50;;;
75188515;1;SHZC;1;Kitumba;MAIN;49;26000.0;;
75188515;2;SOF;2;Kitumba;MAIN;51;;;
75188515;3;INT;2;Kitumba;MAIN;54;;;
75314B31;1;BMF;1;Poplar Deposit;MAIN;35|37;;;
7523E0D6;1;LFT;2;Pumpkin Hollow;MAIN;74|78|84|85;;;
75336171;1;SSF;1;Mabilo;MAIN;25;1500000.0;;
75336171;2;THR;1;Mabilo;MAIN;27;;;
75336171;3;INC;2;Mabilo;MAIN;30|33;;;
753CA283;1;SSF;1;Yerington Copper Deposit;MAIN;87;;;
753CA283;2;LFT;1;Yerington Copper Deposit;MAIN;87|91;;;
753CA283;3;SHZC;2;Yerington Copper Deposit;MAIN;93;;;
75517B16;1;SHZC;1;Molo;MAIN;67|69|72;;;
75517B16;2;FLD;2;Molo;MAIN;73;;;
75520CA6;1;SHZC;2;Chirsposo Zone;MAIN;83;;;
75520CA6;2;CSF;1;Chirsposo Zone;MAIN;77|82;;;
75A0E7AE;1;THR;2;Elsiar Porphyry System;MAIN;18;1.0;;
75A0E7AE;2;SSF;2;Elsiar Porphyry System;MAIN;19;1.5;;
75D9726B;1;BMF;1;Kamoa;MAIN;136|148;;;
75D9726B;2;TRT;1;Kamoa;MAIN;148;;;
75D9726B;3;FLD;1;Kamoa;MAIN;148;;;
75E37186;1;SHZC;2;Neil;MAIN;38;1100.0;;
75E37186;2;INC;2;Neil;MAIN;38;;;
75DE50E1;1;SHZC;2;Donje Nevlje;MAIN;16;;;
75DE50E1;2;GSC;2;Donje Nevlje;MAIN;19;;;
761F33D3;1;THR;2;Murray Brook;MAIN;27;;;
765E8AA8;1;SHZC;2;Murphy Lake;MAIN;50;;;
765E8AA8;2;UNC;1;Murphy Lake;MAIN;52;;;
7606CB22;1;SSF;1;Moland deposit;MAIN;26;30000.0;;
7606CB22;2;SOF;2;Moland deposit;MAIN;26;500.0;;
767E0AF9;1;BMF;1;Soap Gulch;MAIN;22;;;
767E0AF9;2;THR;1;Soap Gulch;MAIN;22;;;
76C86774;1;FLD;1;Farim;MAIN;113;;;
76CBA8F6;1;THR;1;Nonda;MAIN;43;;;
76CBA8F6;2;FLD;1;Nonda;MAIN;43;;;
76FC70C4;1;BMF;1;Clayton Valley South;MAIN;30|33|39|43|47;15000.0;;extent:bounded
7701D950;1;SHZC;1;East Kemptville;MAIN;68|71;2500.0;;extent:range_mean
7701D950;2;SOF;2;East Kemptville;MAIN;68|71;;;
7701D950;3;INC;2;East Kemptville;MAIN;68|71;;;
77089CB9;1;SHZC;1;Mitchell Lake Property;MAIN;17;;;
77089CB9;2;SSF;2;Mitchell Lake Property;MAIN;17;;;
77089CB9;3;THR;2;Mitchell Lake Property;MAIN;17;;;
773AEDA8;1;FLD;1;Kipawa deposit;MAIN;42;;;
773AEDA8;2;INC;2;Kipawa deposit;MAIN;52|53|55;;;
773AEDA8;3;SHZC;1;Kipawa deposit;MAIN;53|55;;;
77A56F69;1;THR;2;Ayawilca;MAIN;72;;;
77A56F69;3;TRT;2;Ayawilca;MAIN;72;;;
77A56F69;4;FLD;2;Ayawilca;MAIN;72|73;;;
77F6F0D5;1;FLD;2;Plymouth deposit;MAIN;74|77;;;
77D524A3;1;BMF;1;JEMI Property;MAIN;29|31;;;
78108767;1;SHZC;2;Ballard Lake Shear Zone;MAIN;42;;;
78108767;2;LTC;2;Ballard Lake Shear Zone;MAIN;36|42;;;
78264C19;1;SHZC;1;Starra 276;MAIN;47|48;;;
78264C19;2;INT;2;Starra 276;MAIN;50;;;
7841238F;1;BMF;1;Sonora;MAIN;26;;;
7841238F;2;OBL;2;Sonora;MAIN;27;;;
7841238F;3;FLD;2;Sonora;MAIN;31;;;
785978AD;1;CSF;1;Alpala;MAIN;79|81;;;
785978AD;2;SOF;2;Alpala;MAIN;81;;;
785978AD;4;INT;2;Alpala;MAIN;80|81;;;
789CAA28;1;CSF;1;Grid Nickel Project;MAIN;23|24;;;
789CAA28;2;SSF;1;Grid Nickel Project;MAIN;24;;;
789CAA28;3;THR;2;Grid Nickel Project;MAIN;24;;;
78883C97;1;TRP;1;New Afton;MAIN;50|57;;;
78883C97;3;INT;2;New Afton;MAIN;57;;;
78883C97;4;LTC;2;New Afton;MAIN;57;;;
78C30837;1;MYLC;1;Cigar Lake deposit;MAIN;48;;;
78C30837;3;INT;2;Cigar Lake deposit;MAIN;50;;;
78BF0325;1;BMF;2;Piskanja;MAIN;31|43;;;
78BF0325;2;FLD;2;Piskanja;MAIN;36;;;
78EA598C;1;CSF;1;Hoskissons Coal Seam;MAIN;35;;;
7903EC55;1;SHZC;1;Serra do Tapa;MAIN;30;;;
7903EC55;3;THR;2;Serra do Tapa;MAIN;30;;;
790A2742;1;FLD;2;Huasna Field;MAIN;16;;;
790897A6;1;FLD;1;Zarechnoye;MAIN;44;;;
794B0D6F;1;SHZC;2;Phoenix;MAIN;91|93|98|100;;;
794B0D6F;3;SSF;3;Phoenix;MAIN;98|100;;;
794E19EF;1;SSF;1;Roca Honda;MAIN;60|70;;3218.7;
794E19EF;2;SSF;1;Roca Honda;MAIN;70;;;
794E19EF;4;FLD;2;Roca Honda;MAIN;60|70;;;
7953C0A1;1;THR;2;Sting Property VMS;MAIN;35;;;
7953C0A1;3;SHZC;3;Sting Property VMS;MAIN;35;;;
7953C0A1;4;GSC;2;Sting Property VMS;MAIN;35;;;
796CA6B5;1;THR;1;Great Burnt Copper Deposit;MAIN;65;;;
796CA6B5;3;FLD;2;Great Burnt Copper Deposit;MAIN;66|67;;;
79836721;1;SHZC;2;Lac Aux Bouleaux;MAIN;61|66;;;
7997A461;1;THR;2;Turnagain;MAIN;54;;;
79E217BF;2;SHZC;2;Laflamme Graphite;MAIN;21;;;
79F4437D;1;SOF;2;Northshore;MAIN;45|52;;;
79F4437D;2;FLD;2;Northshore;MAIN;52;;;
79F4437D;3;INC;2;Northshore;MAIN;52;;;
79F8225E;1;FLD;2;Florália BIFs;MAIN;21;;;
7A295C39;1;CSF;1;Tagpura;MAIN;31;;;
7A295C39;2;SOF;2;Tagpura;MAIN;31|32|36;;;
79FB664C;1;SHZC;2;BamaStar Graphite Deposit;MAIN;70;;;
79FB664C;2;THR;1;BamaStar Graphite Deposit;MAIN;70;;2000.0;
79FB664C;3;FLD;2;BamaStar Graphite Deposit;MAIN;67|70;;;
7A4C07BC;1;SSF;1;Aranzazu;MAIN;55|56|61;;;
7A4C07BC;2;FLD;2;Aranzazu;MAIN;55|59|61;;;
7A4C07BC;3;INT;2;Aranzazu;MAIN;59;;;
7A4C07BC;4;JOG;2;Aranzazu;MAIN;61;;;
7A5A3279;1;FLD;2;Zinc Zone;MAIN;35;;;
7A6C6523;1;BMF;1;Sal de Vida;MAIN;75;;;
7A7E6B28;1;CSF;1;Pine Point;MAIN;106;;;
7AF397A8;1;SHZC;1;Karasnagala;MAIN;17;;1000.0;
7AF397A8;2;FLD;2;Karasnagala;MAIN;17;;;
7B6633A6;1;SOF;2;Constancia;MAIN;107;1000.0;;extent:bounded
7B8CA394;1;SHZC;2;Blue Cariboo Copper Zone;MAIN;33;;;
7BAAABF0;1;SHZC;1;Southern Spectrum Zone;MAIN;22|27|29;;;
7BDFADC8;1;THR;2;Aripuanã;MAIN;55|58|59;;;
7BDFADC8;2;SSF;2;Aripuanã;MAIN;55;;;
7BDFADC8;3;FLD;3;Aripuanã;MAIN;58|59;;;
7C2A4B7B;1;CSF;1;Integration Zone;MAIN;114;15000.0;;extent:bounded
7C2A4B7B;2;SOF;2;Integration Zone;MAIN;121;;;
7C2A4B7B;3;FLD;1;Integration Zone;MAIN;113|114;;;
7C2BDEF7;1;THR;1;Copper Creek;MAIN;49|60;;;
7C2BDEF7;2;SSF;2;Copper Creek;MAIN;60;;;
7C2BDEF7;3;SHZC;2;Copper Creek;MAIN;61;3000.0;;extent:approx_magnitude
7C2BDEF7;4;SHZC;2;Copper Creek;MAIN;61;;4500.0;
7C43A10F;1;NRM;N/A;Holbrook Basin Potash Deposit;MAIN;42;;;
7C43A10F;2;THR;N/A;Holbrook Basin Potash Deposit;MAIN;42;;;
7C31A917;1;TRP;2;Tincalayu;MAIN;38;;;
7C31A917;2;FLD;2;Tincalayu;MAIN;38|40;;;
7C31A917;3;SSF;2;Tincalayu;MAIN;31|38;;;
7C534276;1;FLD;1;Green River Project;MAIN;21;;;
7C689C90;2;FLD;2;McIlvenna Bay;MAIN;110;;;
7C71AA5A;1;FLD;2;Back Forty;MAIN;60;;;
7C71AA5A;3;CSF;1;Back Forty;MAIN;56;;;
7C886638;1;THR;2;La Romanera;MAIN;37;;;
7C886638;2;FLD;1;La Romanera;MAIN;35;;;
7C8FBB35;1;SHZC;2;Whabouchi;MAIN;69|70;;;
7C8C3AEB;1;SSF;1;Tatiggaq;MAIN;43|45;;750.0;
7C8C3AEB;2;SOF;2;Tatiggaq;MAIN;45|46;;;
7C8C3AEB;3;INT;2;Tatiggaq;MAIN;45|46;;;
7C8C3AEB;4;SOF;3;Tatiggaq;MAIN;46;;;
7C9C15CF;1;TRP;1;Caraíba Mine;MAIN;58|59;;;
7C9C15CF;2;SHZC;2;Caraíba Mine;MAIN;56|70;;;
7CA24435;1;BMF;1;Inkai;MAIN;48;;;
7D0BB8DD;1;FLD;1;Farim;MAIN;84;;;
7D370D9E;1;FLD;2;Blue Quartzite;MAIN;26;;;
7D2D1DAB;1;NRM;2;I-70 Property;MAIN;30;;;
7D2D1DAB;2;FLD;2;I-70 Property;MAIN;30;;;
7D0F2F40;1;BMF;1;Salar de Pozuelos;MAIN;43;;;
7D0F2F40;2;THR;1;Salar de Pozuelos;MAIN;43;;;
7D0F2F40;3;THR;2;Salar de Pozuelos;MAIN;43;;;
7D0F2F40;4;TRP;1;Salar de Pozuelos;MAIN;45;;;
7D0F2F40;5;JOG;2;Salar de Pozuelos;MAIN;45;;;
7D0F2F40;6;SSF;2;Salar de Pozuelos;MAIN;45;;;
7D0F2F40;7;TRT;2;Salar de Pozuelos;MAIN;45;;;
7D0C5AF8;1;THR;1;Luishia Sud;MAIN;26;;;
7D0C5AF8;2;THR;2;Luishia Sud;MAIN;28;;;
7D0C5AF8;3;FLD;2;Luishia Sud;MAIN;29|37;;;
7D0C5AF8;6;SSF;3;Luishia Sud;MAIN;45;;;
7D467084;1;MYLC;2;Chrome Puddy;MAIN;43;;;
7D467084;2;INC;2;Chrome Puddy;MAIN;43;;;
7D467084;3;SHZC;2;Chrome Puddy;MAIN;43|46;;;
7D85BADE;1;INC;2;Connors;MAIN;47;;;
7D85BADE;2;INT;2;Connors;MAIN;47;;;
7D800C90;1;SSF;1;Santo Domingo Sur;MAIN;124;;;
7D800C90;2;THR;2;Santo Domingo Sur;MAIN;128|135;;;
7D94D4B3;1;CSF;1;Lanxess Property;MAIN;49|64;;;
7D94D4B3;2;BMF;1;Lanxess Property;MAIN;49|64;;;
7DA70412;1;SHZC;1;Chimiwungo;MAIN;47;;;
7DA70412;2;THR;1;Chimiwungo;MAIN;49;;;
7DA70412;3;SOF;2;Chimiwungo;MAIN;52|53;;;
7D99DACF;1;SSF;1;Candelaria;MAIN;39;1000000.0;;extent:bounded
7D99DACF;2;FLD;1;Candelaria;MAIN;40|44;;;
7D99DACF;3;THR;1;Candelaria;MAIN;40;;;
7D99DACF;4;SSF;2;Candelaria;MAIN;40;;;
7D99DACF;5;SHZC;2;Candelaria;MAIN;40;;;
7D99DACF;6;SHZC;2;Candelaria;MAIN;42;;;
7DD68EC1;1;SHZC;2;Poissons Blanc;MAIN;25;;;
7DD78235;1;BMF;1;Van Dyke;MAIN;79;;;
7DD78235;2;BMF;2;Van Dyke;MAIN;80;;;
7DD78235;4;INT;2;Van Dyke;MAIN;80;;;
7DF841E0;1;SSF;1;Ricardo;MAIN;21|22|23;;;
7DF841E0;2;SSF;2;Ricardo;MAIN;23;;;
7DF841E0;3;SSF;1;Ricardo;MAIN;23;;;
7E034551;1;THR;1;Palisades Coal Seams;MAIN;39|44;;;
7E034551;2;FLD;2;Palisades Coal Seams;MAIN;39|44|45;;;
7E034551;3;SOF;2;Palisades Coal Seams;MAIN;44;;;
7E034551;4;FLD;3;Palisades Coal Seams;MAIN;44;;;
7E02B69D;1;FLD;2;Alexo-Dundonald Deposits;MAIN;90;2500.0;;
7E577BAE;1;CSF;1;Mineral Ridge;MAIN;95;;;
7E577BAE;2;SHZC;2;Mineral Ridge;MAIN;100;;;
7E577BAE;4;FLD;3;Mineral Ridge;MAIN;101;;;
7E577BAE;5;INT;3;Mineral Ridge;MAIN;101;;;
7E5934BA;1;SSF;1;Chelopech;MAIN;57;300.0;;extent:approx_magnitude
7E5934BA;2;NRM;N/A;Chelopech;MAIN;56|57;;;
7E5934BA;3;BMF;2;Chelopech;MAIN;57;;;
7E5934BA;4;INT;2;Chelopech;MAIN;57;;;
7E5934BA;5;THR;2;Chelopech;MAIN;57;;;
7EB51321;1;FLD;2;Upper Fir;MAIN;65|66;;;
7EB51321;2;THR;2;Upper Fir;MAIN;66;;;
7EB51321;3;NRM;2;Upper Fir;MAIN;66;;;
7EB51321;4;NRM;1;Upper Fir;MAIN;56;;;
7E83C46B;1;SSF;1;Luanga;MAIN;77|80|88|89;;;
7E83C46B;2;SOF;2;Luanga;MAIN;77|80;;;
7E83C46B;3;TRT;1;Luanga;MAIN;89|90;;;
7ED440D9;1;SHZC;1;Waterberg Project;MAIN;55;;;
7EEDE017;1;INT;2;Ilovitza;MAIN;21;;;
7F2E8CF5;1;NRM;2;Kestane;MAIN;65;;;
7F5D7C99;1;THR;1;Green River Potash Project;MAIN;37|42;;;
7F5D7C99;2;CSF;1;Green River Potash Project;MAIN;42;;;
7F5D7C99;3;FLD;2;Green River Potash Project;MAIN;44;;;
7F5D7C99;4;SSF;1;Green River Potash Project;MAIN;44;;;
7F3D198B;1;SHZC;1;New Afton;MAIN;59|65;;;
7F3D198B;2;LTC;2;New Afton;MAIN;65|66;;;
7F3D198B;3;SOF;2;New Afton;MAIN;66;;;
7F8ACDD4;1;SHZC;1;Pakeagama Lake pegmatite;MAIN;33;140000.0;;extent:bounded
7F6D0F07;2;FLD;2;Magellan;MAIN;61;;;
7F6D0F07;3;BMF;1;Magellan;MAIN;61;;;
7F9317F7;1;CSF;1;Sartenga;MAIN;26|28;500000.0;;extent:bounded
7F9317F7;2;SHZC;2;Sartenga;MAIN;28|29;;;
7FC34AB6;1;CSF;1;Park Place;MAIN;62;;;
7FC34AB6;2;BMF;1;Park Place;MAIN;62;;;
7FE1952C;1;DET;1;Oracle Ridge;MAIN;49|50;;;
7FE1952C;2;SOF;2;Oracle Ridge;MAIN;50;;;
7FE1952C;3;FLD;2;Oracle Ridge;MAIN;50;;;
7FE1952C;4;INT;2;Oracle Ridge;MAIN;56;;;
802A3DB6;1;FLD;2;Bleikvassli;MAIN;13;;;
8033B266;1;SHZC;2;Southeast occurrence;MAIN;38;;;
804638CB;1;INT;1;Koala;MAIN;72;;;
8083EA2D;1;NRM;2;Chimiwungo;MAIN;62;;;
809A6B12;1;FLD;2;La Sal Trend;MAIN;55;;;
809A6B12;2;BMF;1;La Sal Trend;MAIN;55;;;
809A6B12;3;SOF;2;La Sal Trend;MAIN;55;;;
809D5FF8;1;SHZC;1;Waterberg Project;MAIN;58|67;;;
80B75389;1;SOF;2;Magno;MAIN;28;;;
80C0AFC0;1;BMF;1;Sonora;MAIN;24;;;
80C0AFC0;2;SSF;2;Sonora;MAIN;25;;;
80F6C399;1;BMF;1;Zeus;MAIN;15|16;;;
80E92208;1;CSF;1;Rio Grande;MAIN;41;;;
80E92208;2;SSF;1;Rio Grande;MAIN;41;;;
80E92208;3;INT;1;Rio Grande;MAIN;41;;;
80E92208;4;CLD;2;Rio Grande;MAIN;36;;;
80F9E02F;1;FLD;2;Bigstone deposit;MAIN;33;;;
81863108;1;CSF;1;Vizcachitas;MAIN;76;;;
81863108;2;SOF;2;Vizcachitas;MAIN;93|102;;;
81C10DD7;1;BMF;1;Danakhil Potash Deposit;MAIN;44|48;;;
81C10DD7;2;SOF;2;Danakhil Potash Deposit;MAIN;53|55;;;
81DB4AD1;1;BMF;1;Fish Lake Valley;MAIN;22|23|29;;;
81E2AA97;2;SHZC;2;Little Deer;MAIN;25;;;
81E2AA97;3;LTC;2;Little Deer;MAIN;25;;;
81C81629;1;FLD;2;Verticalnaya Mine;MAIN;56;;;
8202F578;1;CSF;1;Kruidfontein;MAIN;47;;;
822444FA;1;THR;1;Vista;MAIN;44;;;
822444FA;2;FLD;2;Vista;MAIN;49;16000.0;;extent:bounded
82183023;1;SHZC;2;MMZ;MAIN;53|56;;;
82183023;2;SSF;2;MMZ;MAIN;53|54;;;
82183023;3;SOF;2;MMZ;MAIN;54;;;
82183023;4;ENE;3;MMZ;MAIN;56;;;
8224D7B4;1;SHZC;1;Waterberg Project;MAIN;116;;;
8247759D;1;FLD;2;Lac Jeannine;MAIN;75;3000.0;;
8247759D;2;THR;1;Lac Jeannine;MAIN;67|68;;;
8247EDE1;1;CLD;1;Gilda Project;MAIN;12|13|15;;;
826677C5;2;SSF;2;Ravensthorpe Nickel Operations;MAIN;32;;;
827CA713;1;SSF;1;UG2 Chromitite Layer;MAIN;29|30|31;;;
828C6EEB;1;CSF;1;Taron;MAIN;20;;;
828C6EEB;2;BMF;1;Taron;MAIN;24;;;
82AA59CF;1;BMF;1;Falea;MAIN;25;;;
82AA59CF;2;THR;2;Falea;MAIN;27;;;
82BB1AC1;1;BMF;1;Bonnie Claire;MAIN;47;;;
82BB1AC1;2;BMF;2;Bonnie Claire;MAIN;48|58|59;;;
82C1A145;1;CSF;1;Zafranal Main Zone;MAIN;27;;;
82C1A145;2;SHZC;2;Zafranal Main Zone;MAIN;27;;;
82C1A145;3;MYLC;2;Zafranal Main Zone;MAIN;27;;;
82C25EA6;1;CSF;1;Kombat Mine;MAIN;25;;;
82C25EA6;2;FLD;1;Kombat Mine;MAIN;26|28;70000.0;;extent:bounded
82C25EA6;3;FLD;2;Kombat Mine;MAIN;28|33;;;
82C25EA6;4;THR;2;Kombat Mine;MAIN;26|33|34;;;
82D62F82;1;FLD;2;Scotch Prospect;MAIN;62;;;
82D62F82;2;THR;2;Scotch Prospect;MAIN;62|63;;;
82D62F82;3;SSF;1;Scotch Prospect;MAIN;63;;;
82D62F82;4;NRM;1;Scotch Prospect;MAIN;63;;;
83035391;1;THR;1;Vista;MAIN;36|40;;;distance:unparseable
83035391;2;FLD;2;Vista;MAIN;36|43;;;
82E13281;1;SOF;2;Central Mining Area;MAIN;79|80|84;;;
82E13281;2;ENE;3;Central Mining Area;MAIN;79;;;
82E58F56;1;FLD;2;Main Zone;MAIN;49|52|54;;;
82E58F56;2;ENE;3;Main Zone;MAIN;53;;;
83201DA9;1;CSF;1;Mont Sorcier;MAIN;44;;;
83201DA9;2;FLD;2;Mont Sorcier;MAIN;47|50;;;
83201DA9;3;SSF;2;Mont Sorcier;MAIN;49;;;
830E11AA;1;SHZC;1;Zinkgruvan;MAIN;36|39;;;
830E11AA;3;BMF;1;Zinkgruvan;MAIN;35|44;;;
8324ECF7;1;BMF;1;Danakhil Potash Deposit;MAIN;32|41;200000.0;;extent:bounded
835308B7;1;MYLC;2;Whabouchi;MAIN;93;;;
835308B7;2;GSC;2;Whabouchi;MAIN;93;;;
839C9DFE;1;CSF;1;Voisey's Bay West;MAIN;23;;;
839C9DFE;2;SSF;2;Voisey's Bay West;MAIN;22;;;
83974339;1;CSF;1;Kittson-Cobalt Property;MAIN;40|41;;;
83974339;2;NRM;2;Kittson-Cobalt Property;MAIN;40;;;
83BAC0A4;1;BMF;1;Graphite Creek;MAIN;24;35000.0;;extent:bounded
83A17AC7;1;INC;2;Campbell Zone;MAIN;38;;;
83A17AC7;2;SSF;1;Campbell Zone;MAIN;33|34;;;
83A17AC7;3;MYLC;1;Campbell Zone;MAIN;33|34;;;
83D9ABE9;1;THR;1;J-M Reef;MAIN;23|24;;;
83EAC9B4;1;CSF;1;Taysan;MAIN;34;;;
83EAC9B4;2;JOG;2;Taysan;MAIN;33;;;
83EAC9B4;3;SHZC;2;Taysan;MAIN;34;;;
83EAC9B4;4;INT;2;Taysan;MAIN;35;;;
841E9F99;1;THR;2;Houston;MAIN;34|38;;;
841E9F99;2;FLD;2;Houston;MAIN;34|39;;;
84206750;1;TRP;1;Molo;MAIN;82|83|85;;;
84206750;2;FLD;2;Molo;MAIN;86;;;
8424A688;1;FLD;2;Weese-Luella;MAIN;28|32;;;
8446AB25;2;SHZC;2;Little Deer;MAIN;34;;;
844F683A;1;BMF;1;Arctic;MAIN;82;;;
844F683A;2;FLD;2;Arctic;MAIN;85|89;;;
844F683A;3;FLD;1;Arctic;MAIN;86;;;
844F683A;4;SHZC;2;Arctic;MAIN;89|97|102;;;
846600A9;1;FLD;2;A Zone;MAIN;20|25;;;
8466B7BC;1;THR;2;Phoenix;MAIN;57|62;;;
8466B7BC;2;SOF;2;Phoenix;MAIN;62;;;
846F2FC6;1;SOF;2;Bob 1;MAIN;14;18000.0;;
846F2FC6;2;INC;2;Bob 1;MAIN;14;;;
846F2FC6;3;INT;2;Bob 1;MAIN;14;;;
8483B231;1;FLD;N/A;Thunderbird deposits;MAIN;45|48;;;
8481D990;1;INC;2;Spout Deposit;MAIN;52;;;
8481D990;2;FLD;2;Spout Deposit;MAIN;53;;;
84AD0B90;1;CSF;1;Ming Mine;MAIN;56;;;
84AD0B90;2;SHZC;2;Ming Mine;MAIN;58|61|62;;;
84AD0B90;3;THR;2;Ming Mine;MAIN;59;;;
84C04D04;1;BMF;1;Laguna Verde;MAIN;18;;;
84D2EA1D;1;CSF;1;Moonlite Property;MAIN;35;;;
84D2EA1D;2;SHZC;1;Moonlite Property;MAIN;35;;;
84D2EA1D;3;SHZC;2;Moonlite Property;MAIN;35|41|57;;;
84F3DD99;1;THR;1;Kwatebala;MAIN;44|50;;;
84F3DD99;2;FLD;1;Kwatebala;MAIN;44|50;;;
84F3DD99;3;THR;2;Kwatebala;MAIN;50;;;
84F3DD99;4;FLD;2;Kwatebala;MAIN;50|51;;;
85260603;1;THR;1;Lac Otelnuk Deposit;MAIN;49;;;
85260603;2;THR;2;Lac Otelnuk Deposit;MAIN;51;;;
85260603;3;FLD;2;Lac Otelnuk Deposit;MAIN;51;;;
8532523B;2;SSF;2;Cuprita;MAIN;40;;;
8532523B;3;INT;2;Cuprita;MAIN;44;;;
85294548;1;CSF;1;Pants Lake Intrusions;MAIN;17|28;;;
85294548;2;SHZC;1;Pants Lake Intrusions;MAIN;17;;;
85294548;3;MYLC;1;Pants Lake Intrusions;MAIN;17;;;
85294548;4;INT;2;Pants Lake Intrusions;MAIN;35;;;
85294548;5;SOF;2;Pants Lake Intrusions;MAIN;50|52;;;
85294548;6;INC;2;Pants Lake Intrusions;MAIN;51;;;
8547A136;1;THR;2;777;MAIN;65;;;
854CBD1C;1;INT;2;Dasa;MAIN;93|104;;;
854CBD1C;3;SSF;2;Dasa;MAIN;94|95;;;
855F8B60;1;ENE;2;Schaft Creek;MAIN;55;;;
855F8B60;3;BXP;2;Schaft Creek;MAIN;56;3200.0;;extent:bounded
855F8B60;4;CSF;1;Schaft Creek;MAIN;62;;;
855F8B60;5;SOF;2;Schaft Creek;MAIN;62;;;
855F8B60;6;MYLC;2;Schaft Creek;MAIN;55;;;
85699E58;1;FLD;2;Lac Knife;MAIN;76|80;;;
85699E58;2;FLD;1;Lac Knife;MAIN;71|72;;;
85699E58;3;THR;1;Lac Knife;MAIN;72;;;
8565767A;1;FLD;2;Tullacondra;MAIN;29|38;300.0;;extent:bounded
8565767A;2;THR;2;Tullacondra;MAIN;29;;;
8597D0C5;1;CSF;1;Record Ridge;MAIN;38|39;;;distance:unparseable
8597D0C5;2;LTC;2;Record Ridge;MAIN;38;;;
859E6183;1;CSF;1;Lomie Laterites;MAIN;20;;;
85910122;1;SSF;1;Candelaria;MAIN;41;1000000.0;;extent:bounded
85910122;2;FLD;1;Candelaria;MAIN;42|48;;;
85910122;3;THR;1;Candelaria;MAIN;42;;;
85910122;4;SSF;2;Candelaria;MAIN;42;;;
85910122;5;SHZC;2;Candelaria;MAIN;42;;;
85910122;6;SHZC;2;Candelaria;MAIN;43;;;
85910122;7;SOF;2;Candelaria;MAIN;48;;;
85C74B3B;2;FLD;2;P Zone;MAIN;13;;;
85BB1167;1;DET;1;Santa Cruz deposit;MAIN;100;;;
85BB1167;2;NRM;2;Santa Cruz deposit;MAIN;100;;;
85D36D8D;1;SSF;2;Fox River Sill;MAIN;68;;;
85F87323;1;CSF;1;Redonda;MAIN;31;;;
85F87323;2;SHZC;2;Redonda;MAIN;37;;;
85ECE5B1;1;LFT;1;Pumpkin Hollow;MAIN;18|70|73;;;
85ECE5B1;2;LFT;2;Pumpkin Hollow;MAIN;76;;;
85ECE5B1;3;LFT;2;Pumpkin Hollow;MAIN;19|77;;;
86472809;1;FLD;1;Kipawa Deposit;MAIN;84;;;
86472809;2;INC;2;Kipawa Deposit;MAIN;94|95;;;
8646BB2C;1;INC;2;Ann Mason;MAIN;40;;;
8646BB2C;2;SOF;2;Ann Mason;MAIN;45;;;
86240715;1;SSF;2;Mount Milligan;MAIN;58|59;;;
86240715;2;SOF;2;Mount Milligan;MAIN;59;;;
86240715;3;FLD;2;Mount Milligan;MAIN;58;;;
8656E6FD;2;SHZC;2;Nkamouna and Mada;MAIN;36|37|43;;;
865B36DC;1;CSF;1;P-S-M Project;MAIN;72;;;
8684C033;1;CSF;1;Geordie Lake Intrusion;MAIN;20;;;
86693A49;1;INC;N/A;Buffalo Coal;MAIN;64|66|71;;;
86BA5605;1;THR;1;Lac Virot Property;MAIN;43;;;
86BA5605;2;FLD;N/A;Lac Virot Property;MAIN;39;;;
86BA5605;3;THR;2;Lac Virot Property;MAIN;46;;;
86CBD878;1;FLD;2;Berlin Project uraniferous shale;MAIN;26;;;
86CE10AC;1;THR;1;Shaba;MAIN;30|35;;;
86CE10AC;2;JOG;2;Shaba;MAIN;36;;;
86E3991F;1;SSF;1;Horseshoe;MAIN;55|61;;;distance:unparseable
86E3991F;3;FLD;2;Horseshoe;MAIN;60|61;;;
86DE0042;1;SSF;2;La Verde;MAIN;32;;;
86E67ED9;1;SSF;2;Nkout;MAIN;50|58|60;;;
86E67ED9;2;THR;2;Nkout;MAIN;57;;;
86E67ED9;3;SHZC;2;Nkout;MAIN;60;;;
870CEABB;1;SSF;2;Yellowknife Lithium Pegmatites;MAIN;56;;;
870CEABB;2;ENE;2;Yellowknife Lithium Pegmatites;MAIN;56;;;
870CEABB;3;SHZC;2;Yellowknife Lithium Pegmatites;MAIN;56;;;
870CEABB;4;FLD;2;Yellowknife Lithium Pegmatites;MAIN;56;;;
8726B4E2;1;THR;1;Cerro de Pasco;MAIN;50;;;
8726B4E2;2;SSF;2;Cerro de Pasco;MAIN;51;;;
8726B4E2;3;SSF;1;Cerro de Pasco;MAIN;58;;;
8732C72F;1;FLD;2;Trojárová;MAIN;36;;;
8732C72F;2;SHZC;2;Trojárová;MAIN;36;;;
8732C72F;3;LTC;2;Trojárová;MAIN;35;;;
8752C520;1;BXP;2;Mount Tacho Breccia Complex;MAIN;22|23;;;
874FF68A;1;BMF;1;Vulcan;MAIN;20;;;
874FF68A;2;THR;1;Vulcan;MAIN;21;;;
87693F39;1;SHZC;1;Southern Spectrum;MAIN;35;;;
87ACC2FE;1;SHZC;N/A;Lazy Edward Bay;MAIN;61;;;
87ADC26C;1;BMF;1;Salar de Arizaro;MAIN;103;;;
87C5F6AE;1;SHZC;2;Little Deer;MAIN;30;;;
87C5F6AE;2;LFT;2;Little Deer;MAIN;32;;;
87B04225;1;SHZC;1;Orphée;MAIN;37|40|41;80000.0;;
87C69936;1;CSF;1;Centennial Property;MAIN;20;2800000.0;;distance:unparseable
87C8DADE;1;SHZC;1;Buckshot Property;MAIN;21;;;
87EA5AFA;1;SHZC;1;Thierry Deposit;MAIN;78|84|99;6000.0;;
87EA5AFA;2;FLD;2;Thierry Deposit;MAIN;81|83|99;;;
87EA5AFA;3;SOF;3;Thierry Deposit;MAIN;83;;;
87EA5AFA;4;JOG;2;Thierry Deposit;MAIN;99;;;
87F6EE96;1;BMF;1;Artillery Mountains manganese deposits;MAIN;21|26;;;
88391FFD;1;FLD;1;Southwest and Armitage;MAIN;121|138|141;;;
88391FFD;3;SHZC;3;Southwest and Armitage;MAIN;131|154;;;
88391FFD;4;SHZC;2;Southwest and Armitage;MAIN;132;;;
884190B4;1;SHZC;2;Little Deer;MAIN;34;;;
88709D29;1;THR;1;Ashram Deposit;MAIN;36;;;
887BBE5F;1;UNC;N/A;Getty deposit;MAIN;20|21;;;
88A8F336;1;BMF;2;Salar de Diablillos;MAIN;44;;;
88AB883D;1;SHZC;1;Ursa Project;MAIN;34|38;;;
88B150AD;1;BMF;2;Nechalacho deposit;MAIN;70;;;
88B94784;1;CSF;1;Titan;MAIN;20;;;
88B94784;2;SHZC;2;Titan;MAIN;24;;;
88B94784;3;FLD;2;Titan;MAIN;25;;;
88B2DAE3;2;SSF;1;Cerro Lindo;MAIN;51;;;
88B2DAE3;3;THR;2;Cerro Lindo;MAIN;51;;;
88BEDF8E;1;CSF;1;Pigeon River;MAIN;15;;;
890BC081;1;BMF;1;Korella North;MAIN;27;;;
890BC081;2;CSF;1;Korella North;MAIN;28|33;;;
88ECED89;1;CSF;1;Santo Domingo - Iris Norte;MAIN;95;;30000.0;
88ECED89;2;SOF;2;Santo Domingo - Iris Norte;MAIN;99;;;
88ECED89;3;JOG;2;Santo Domingo - Iris Norte;MAIN;99;;;
8912FE01;1;THR;1;Main;MAIN;21;;;
8912FE01;2;SSF;1;Main;MAIN;21;;;
8912FE01;3;FLD;1;Main;MAIN;21|25;;;
8912FE01;4;THR;2;Main;MAIN;25;;;
8912FE01;5;LFT;2;Main;MAIN;26|28;;;
89099A3D;1;TRP;1;Atacocha;MAIN;55;15000.0;;extent:bounded
89099A3D;2;SSF;2;Atacocha;MAIN;59;;;
89099A3D;4;SOF;2;Atacocha;MAIN;59;;;
89099A3D;5;FLD;2;Atacocha;MAIN;59;;;
892625BE;1;INT;1;Boyongan;MAIN;26;;;
892625BE;2;SSF;1;Boyongan;MAIN;26|29;;;
893750C7;1;SHZC;2;Etango;MAIN;52;;;
89477240;1;CSF;1;Eureka Complex;MAIN;33;;;
89477240;2;THR;1;Eureka Complex;MAIN;33|37;;;
894FD7EF;1;SHZC;1;McIlvenna Bay;MAIN;49;;;
894FD7EF;3;FLD;2;McIlvenna Bay;MAIN;55;;;
8968268E;1;SSF;N/A;Shan South;MAIN;17;;;
8985ACA8;1;SHZC;1;Kennady North Kimberlites;MAIN;24|27;;;
899B693D;1;SSF;1;Quinsam No.4 coal zone;MAIN;46;;;
899B693D;2;THR;1;Quinsam No.4 coal zone;MAIN;46;;;
899B693D;3;THR;2;Quinsam No.4 coal zone;MAIN;54;;;
899B693D;5;FLD;1;Quinsam No.4 coal zone;MAIN;54;;;
89A8D288;1;SOF;2;South Mountain;MAIN;50|51|56;;;
89A8D288;2;FLD;2;South Mountain;MAIN;56;;;
89B0D00E;1;CSF;1;Michelin;MAIN;79;;;
89B0D00E;2;SHZC;2;Michelin;MAIN;84;;;
89B08996;1;BMF;1;Seagull Intrusion;MAIN;9|11;;;
89B08996;2;SOF;2;Seagull Intrusion;MAIN;11;;;
89DCE2BE;1;TRT;1;Muskox Intrusion;MAIN;31;;;
89EC9C9A;1;INC;2;Zone III;MAIN;23|31;;;
8A0C60BE;1;CSF;1;San Antonio-Gonzalez Zone;MAIN;28|29;1000000.0;3000.0;
8A0C60BE;2;SOF;2;San Antonio-Gonzalez Zone;MAIN;29|34;;;
8A510BA6;1;CSF;1;Carswell Project;MAIN;14;;;
8A510BA6;2;SHZC;1;Carswell Project;MAIN;18;;;
8A510BA6;4;UNC;1;Carswell Project;MAIN;22;;;
8A510BA6;5;LTC;2;Carswell Project;MAIN;22;;;
8A609D98;1;BMF;1;Mutanga;MAIN;47|49;;;
8A609D98;3;FLD;2;Mutanga;MAIN;48;;;
8A69F53E;1;FLD;2;Aappaluttoq;MAIN;43;;;
8A6A4E8D;1;CSF;1;Pigeon River Target;MAIN;13|15;;;
8A701106;1;SSF;1;El Chato;MAIN;20;;;
8A701106;2;TRT;1;El Chato;MAIN;21;;;
8A701106;3;INT;2;El Chato;MAIN;23;;;
8A701106;4;SSF;2;El Chato;MAIN;23;;;
8A86E774;1;FLD;1;Hopes Advance;MAIN;34;;;
8A86E774;2;THR;2;Hopes Advance;MAIN;34|38;;;
8A86E774;3;FLD;2;Hopes Advance;MAIN;36|38;;;
8A9BBA1E;1;INC;2;Chu;MAIN;24;;;
8A9BBA1E;2;LTC;2;Chu;MAIN;24;;;
8AA22396;2;BMF;2;NSP Claims;MAIN;32|42|44;;;
8AA22396;3;BMF;2;NSP Claims;MAIN;44|47|56|57|58;;;
8AAC7C00;1;FLD;2;Aladdin Project;MAIN;20;;;
8AB8604D;1;CSF;1;Coronel Oviedo;MAIN;23|30;12000.0;;
8AB962E8;1;CSF;1;Florence deposit;MAIN;56|62;80467.0;;extent:bounded
8AB962E8;2;INT;2;Florence deposit;MAIN;62;;;
8AB962E8;3;BMF;2;Florence deposit;MAIN;57|62;1097.3;;
8AB962E8;4;BMF;2;Florence deposit;MAIN;57|62;914.4;;extent:approx_magnitude
8ABA96E7;1;INT;1;Des Zone;MAIN;31|32;;;
8ABA96E7;2;INT;2;Des Zone;MAIN;35|36;;;
8AC0B80E;1;FLD;1;KC Project;MAIN;35;;;
8ABDC113;1;CSF;1;Greenhorn Copper Horizon;MAIN;16;;;
8ABDC113;2;FLD;2;Greenhorn Copper Horizon;MAIN;16|56;;;
8AC4FC46;1;NRM;1;Koocanusa Project;MAIN;28|29;;;
8AC4FC46;2;CSF;1;Koocanusa Project;MAIN;29;;;
8AC4FC46;3;SSF;2;Koocanusa Project;MAIN;34;;;
8AC4FC46;4;INT;2;Koocanusa Project;MAIN;37|40;;;
8ACA8AB9;1;THR;1;C-Zone;MAIN;138|142;;;
8ACA8AB9;2;SHZC;2;C-Zone;MAIN;138;;;
8ACA8AB9;3;UNC;2;C-Zone;MAIN;139|153;;;
8AD34E3D;1;BMF;1;Feitais;MAIN;39;;;
8AD34E3D;2;FLD;2;Feitais;MAIN;45;;;
8AD34E3D;3;SOF;2;Feitais;MAIN;45;;;
8AD34E3D;4;THR;2;Feitais;MAIN;45;;;
8AD34E3D;5;SOF;2;Feitais;MAIN;46;;;
8AD34E3D;6;SSF;1;Feitais;MAIN;46;;;
8AF38AFA;1;FLD;2;Mengapur;MAIN;28;;;
8AF38AFA;3;SSF;2;Mengapur;MAIN;28;;;
8B1B7D47;1;SHZC;1;Molo;MAIN;78|79|82;;;
8B1B7D47;2;SHZC;1;Molo;MAIN;78;400.0;;extent:bounded
8B1B7D47;3;FLD;2;Molo;MAIN;83|86;;;
8B113499;1;CSF;1;Georgia Lake Pegmatites;MAIN;94;;;
8B22C5CE;1;BMF;1;Clayton Valley;MAIN;58;;;
8B250894;1;SSF;N/A;Angie;MAIN;11|21;;;
8B250894;2;FLD;N/A;Angie;MAIN;11|16;;;
8B289B70;1;THR;1;Kuriskova;MAIN;32;;;
8B289B70;3;NRM;2;Kuriskova;MAIN;32|33;;;
8B2F04EA;1;THR;1;Lagoa Salgada;MAIN;14;;;
8B2F04EA;3;FLD;2;Lagoa Salgada;MAIN;17;;;
8B337C2D;1;SHZC;2;Rendell-Jackman;MAIN;26;;;
8B521C09;1;SHZC;2;Crean Hill;MAIN;45|46|52;;;
8B521C09;2;SOF;2;Crean Hill;MAIN;45|46;;;
8B521C09;4;THR;2;Crean Hill;MAIN;46;;;
8B5A162F;1;CSF;1;Peuco;MAIN;51|58|79|84;1000000.0;;extent:bounded
8B5A162F;2;INT;2;Peuco;MAIN;79;;;
8B886E10;1;SSF;1;Central Zone;MAIN;46;;;
8B886E10;2;FLD;2;Central Zone;MAIN;48;;;
8B886E10;3;THR;2;Central Zone;MAIN;48;;;
8B8B569B;1;THR;1;Hopes Advance;MAIN;54;;;
8B8B569B;2;FLD;2;Hopes Advance;MAIN;55|56|58;;;
8B8B569B;3;THR;2;Hopes Advance;MAIN;56|58;;;
8BC8B1CD;1;INT;2;Sase;MAIN;27;;;
8BC8B1CD;2;FLD;2;Sase;MAIN;26;;;
8BD23F2D;1;THR;1;Shymanivske;MAIN;69;;;
8BD23F2D;2;GSC;2;Shymanivske;MAIN;72|77|83|100;;;
8BD23F2D;3;UNC;2;Shymanivske;MAIN;72|77|83|100;;;
8BD23F2D;4;FLD;2;Shymanivske;MAIN;69|73|78|83|100;;;
8BCB1F79;1;FLD;2;Sentinel;MAIN;31|32|37;;;
8C020B41;1;FLD;1;Kombat Mine;MAIN;58|60;;;
8C020B41;2;THR;1;Kombat Mine;MAIN;66;;;
8C020B41;3;FLD;2;Kombat Mine;MAIN;61|62|66;;;
8C020B41;4;SHZC;2;Kombat Mine;MAIN;61;;;
8C020B41;5;SSF;2;Kombat Mine;MAIN;60|70;;;
8C2665C4;1;THR;2;Buena Vista;MAIN;56|57;;;
8C2665C4;2;FLD;2;Buena Vista;MAIN;59;;;
8C29196E;1;BMF;2;Poplar Deposit;MAIN;45;;;
8C32276F;1;FLD;1;Kamoa-Kakula;MAIN;127;;;
8C32276F;2;FLD;2;Kamoa-Kakula;MAIN;127;;;
8C32276F;3;NRM;2;Kamoa-Kakula;MAIN;131|145;;;
8C32276F;6;CSF;1;Kamoa-Kakula;MAIN;145;;;
8C32276F;7;THR;1;Kamoa-Kakula;MAIN;125;;;
8C6C120D;1;THR;2;Belcourt North;MAIN;45;;;
8C6C120D;2;FLD;2;Belcourt North;MAIN;45|46;;;
8C6C120D;3;THR;3;Belcourt North;MAIN;46;;;
8C81362A;2;BXP;2;Canyon;MAIN;37|41;;;
8C85B67E;1;INC;2;Zealand Property;MAIN;15|16|18;;;
8C88601B;1;CSF;1;Madonna Dike;MAIN;21|25;;;
8C967BE3;1;THR;1;Kio;MAIN;56|58;;;
8C967BE3;3;FLD;2;Kio;MAIN;57;;;
8C98D441;1;SSF;1;Yandera;MAIN;37;;;
8C98D441;5;INT;2;Yandera;MAIN;41|51;;;
8CD6D0E4;1;CSF;1;Lake St. Joseph;MAIN;41|46;;;
8CD6D0E4;2;FLD;2;Lake St. Joseph;MAIN;41|43|48|54;;;
8CD6D0E4;3;SHZC;2;Lake St. Joseph;MAIN;46;;;
8CD6D0E4;4;THR;2;Lake St. Joseph;MAIN;48;;;
8CDAB166;1;CSF;1;Vista;MAIN;46;;;distance:unparseable
8CDAB166;2;FLD;2;Vista;MAIN;51;16000.0;;extent:bounded
8D1017CE;1;CSF;1;Little Eva;MAIN;103|109;;;
8D1017CE;2;INT;2;Little Eva;MAIN;107;;;
8D1017CE;3;FLD;2;Little Eva;MAIN;107;;;
8D1017CE;4;LTC;2;Little Eva;MAIN;108;;;
8D3D89B3;1;SHZC;1;Berta Sur;MAIN;61|62|64;;;
8D3D89B3;2;INT;2;Berta Sur;MAIN;76;;;
8D35A77F;1;CSF;1;Quebrada Honda I & II;MAIN;37;;;
8D35A77F;2;CSF;1;Quebrada Honda I & II;MAIN;41;;;
8D35A77F;3;THR;2;Quebrada Honda I & II;MAIN;49;;;
8D35A77F;4;INT;2;Quebrada Honda I & II;MAIN;50;;;
8D7D3A39;1;BLK;1;Bonasika 7;MAIN;90|92;;;
8D6AED66;1;THR;2;FAD;MAIN;75|81;;;
8D6AED66;2;THR;2;FAD;MAIN;75|78;;;
8D927DB3;1;FLD;1;Fosheim Coal Zone;MAIN;31;;;
8DA74766;1;CSF;1;Malmbjerg;MAIN;28;;;
8DAAA75F;1;SSF;1;Nonda Formation Quartzite;MAIN;21;;;
8DAAA75F;2;FLD;2;Nonda Formation Quartzite;MAIN;22;;;
8DAAA75F;3;ENE;3;Nonda Formation Quartzite;MAIN;23;;;
8DB42732;1;THR;2;Luanshya West;MAIN;34|35|36|39|47;;;
8DB45DF8;1;CSF;1;Mantoverde;MAIN;58|61|69;;;
8DB45DF8;2;SOF;2;Mantoverde;MAIN;61;12000.0;;
8DB45DF8;3;INT;2;Mantoverde;MAIN;63|76;;;
8DE2EE2B;1;THR;1;Hazard Coal Seams;MAIN;25;;;
8DE2EE2B;2;FLD;1;Hazard Coal Seams;MAIN;25;;;
8DEF7839;1;THR;2;Haquira East;MAIN;74;;;
8DEF7839;2;FLD;2;Haquira East;MAIN;74;;;
8DEA59C0;1;SSF;1;Oropesa;MAIN;49|50|66;;;
8DEA59C0;2;TRT;2;Oropesa;MAIN;46|51|66;;;
8DEA59C0;3;SHZC;2;Oropesa;MAIN;51|61;;;
8DEA59C0;4;THR;2;Oropesa;MAIN;46|47;;;
8DEA59C0;5;INT;2;Oropesa;MAIN;66;;;
8DFB9E3C;1;SSF;1;Mont de l'Observation;MAIN;29|41;;;
8DFB9E3C;2;SOF;2;Mont de l'Observation;MAIN;29|41;;;
8DFB9E3C;3;BMF;2;Mont de l'Observation;MAIN;29|33|41;;;
8DFB9E3C;4;INT;2;Mont de l'Observation;MAIN;41;;;
8E2ABCA4;1;SHZC;2;Hill 1835;MAIN;31;;;
8E2ABCA4;3;SSF;1;Hill 1835;MAIN;31;16093.4;;extent:bounded
8E40BB7F;1;DET;2;Gurvanbulag;MAIN;34|43|44;159000.0;;extent:bounded
8E40BB7F;2;BMF;1;Gurvanbulag;MAIN;33|41;;;
8E567A46;1;CSF;1;Expo Deposit;MAIN;98;;;
8E7CB2FD;1;BMF;1;Taron;MAIN;49;;;
8E7CB2FD;2;THR;1;Taron;MAIN;52;;;
8E812974;1;FLD;2;Peppler Lake Deposit;MAIN;46|50;;;
8E812974;2;FLD;3;Peppler Lake Deposit;MAIN;50;;;
8E6C4F35;1;CSF;1;Quiulacocha Tailings and Excelsior Mineral Pile;MAIN;84;;;
8E6C4F35;2;FLD;2;Quiulacocha Tailings and Excelsior Mineral Pile;MAIN;86;;;
8E9B0B1F;1;THR;1;Johnny Lee;MAIN;40|44;;;
8E9B0B1F;2;BMF;1;Johnny Lee;MAIN;44;;;
8E9B0B1F;3;THR;2;Johnny Lee;MAIN;44;;;
8E9B0B1F;4;SOF;2;Johnny Lee;MAIN;54;;;
8EBC93F9;1;BMF;1;Hombre Muerto Norte;MAIN;51|53;;;
8EBC93F9;2;CSF;1;Hombre Muerto Norte;MAIN;47;;;
8EC5A19F;1;SHZC;2;Allard;MAIN;51|52|56;;;
8EF66AF2;1;SSF;1;Main Mineralized Trend;MAIN;42|44;1000000.0;;extent:bounded
8F14211D;1;SHZC;1;Carpenter Lake Property;MAIN;29|53;800000.0;;extent:bounded
8F14211D;2;SHZC;1;Carpenter Lake Property;MAIN;29;;;
8F14211D;3;INT;2;Carpenter Lake Property;MAIN;54|59;;;
8F14211D;4;FLD;2;Carpenter Lake Property;MAIN;53|54;;;
8F310A15;1;FLD;2;Lac-des-Îles Graphite Quarry;MAIN;59|61|62;;;
8F310A15;2;NRM;2;Lac-des-Îles Graphite Quarry;MAIN;62;;;
8F310A15;3;SSF;2;Lac-des-Îles Graphite Quarry;MAIN;62;;;
8F308DC2;1;THR;1;Kuriskova;MAIN;48;;;
8F308DC2;2;NRM;2;Kuriskova;MAIN;49;;;
8F308DC2;3;FLD;2;Kuriskova;MAIN;49;;;
8F308DC2;4;GSC;2;Kuriskova;MAIN;49|55;;;
8F308DC2;5;DET;2;Kuriskova;MAIN;49;;;
8F3FA1C8;1;SHZC;1;Pine Point;MAIN;59|62;;;
8F3FA1C8;2;SSF;1;Pine Point;MAIN;59|62;;;
8F5D77AB;1;CSF;1;Nantianmen;MAIN;13;;;
8F6658B5;1;CSF;1;Platreef;MAIN;152;;;
8F6658B5;2;SHZC;1;Platreef;MAIN;153;;;
8F6658B5;3;SHZC;2;Platreef;MAIN;156|157;;;
8F6658B5;4;NRM;2;Platreef;MAIN;157;;;
8F6658B5;5;FLD;2;Platreef;MAIN;154;;;
8F8AD2D3;1;SSF;2;Constancia;MAIN;32|33;1000.0;;extent:bounded
8F84439E;1;SSF;1;San Pietro;MAIN;48|52;;;
8F84439E;2;SSF;2;San Pietro;MAIN;52|53|54;;;
8F84439E;3;INT;2;San Pietro;MAIN;54;;;
8F84439E;4;FLD;2;San Pietro;MAIN;54;;;
8F84439E;5;MYLC;2;San Pietro;MAIN;54;;;
8FA85915;1;SOF;2;Hodgson Project;MAIN;16;;;
8FA85915;2;UNC;1;Hodgson Project;MAIN;17;;;
8FD8A16F;1;CSF;1;Rio Grande;MAIN;25;;;
8FD8A16F;2;INT;1;Rio Grande;MAIN;25;;;
8FE073D5;1;THR;1;White Pine;MAIN;50;;;
8FE073D5;2;SSF;2;White Pine;MAIN;50|51;;;
8FE073D5;3;FLD;2;White Pine;MAIN;50;;;
8FE073D5;4;JOG;2;White Pine;MAIN;51|52;;;
8FE073D5;6;THR;2;White Pine;MAIN;50|52;;;
8FF53B5A;1;SHZC;1;Snow White;MAIN;35;;;
90061087;1;FLD;2;Mont Sorcier;MAIN;43;;;
900C9AAA;1;BMF;1;Wigu Hill;MAIN;43;;;
9025088E;1;CSF;1;Zara Property;MAIN;13;;;
902D81DD;1;FLD;2;Sokoman Formation;MAIN;23|26;;;
902D81DD;2;THR;2;Sokoman Formation;MAIN;23;;;
902D81DD;3;THR;1;Sokoman Formation;MAIN;21|26;;;
9026A2DE;1;BMF;1;Sonora Lithium Project;MAIN;19;;;
9026A2DE;2;OBL;2;Sonora Lithium Project;MAIN;22;;;
9039CFE9;2;CSF;1;Lac Doré Vanadium Deposit;MAIN;64|65;;;
90429412;1;FLD;2;Samalayuca;MAIN;25|28;;;
90429412;2;THR;2;Samalayuca;MAIN;25|26;;;
90429412;3;SSF;2;Samalayuca;MAIN;26;;;
90429412;4;NRM;2;Samalayuca;MAIN;26;;;
90510F55;1;SOF;2;Manto Negro;MAIN;48;;;
90510F55;2;SSF;1;Manto Negro;MAIN;41|54;;;
90510F55;3;FLD;1;Manto Negro;MAIN;43;;;
905898D4;1;SSF;2;Hugo North Extension;MAIN;135;;;
905898D4;2;THR;1;Hugo North Extension;MAIN;134|135|138;;;
905898D4;3;THR;2;Hugo North Extension;MAIN;135|139;;;
9083ED04;1;BMF;1;Salar de Pastos Grandes;MAIN;50|61;;;
9083ED04;2;SSF;1;Salar de Pastos Grandes;MAIN;50;;;
9083ED04;3;INT;1;Salar de Pastos Grandes;MAIN;50;;;
9083ED04;4;FLD;2;Salar de Pastos Grandes;MAIN;80;;;
90AB0487;1;CSF;1;Bienaventurada;MAIN;64|65;200000.0;;extent:bounded
90AB0487;3;SOF;2;Bienaventurada;MAIN;65;;;
90E3F979;1;LFT;2;Pumpkin Hollow Project;MAIN;75|85;;;
90E3F979;2;DET;2;Pumpkin Hollow Project;MAIN;77|85|86;;;
90FEEAD1;1;SSF;1;Crawford Ultramafic Complex;MAIN;79;;;
90FEEAD1;2;FLD;1;Crawford Ultramafic Complex;MAIN;79;;;
910F3237;1;BMF;1;Rosario vein;MAIN;46;;;
910F3237;3;INT;2;Rosario vein;MAIN;49;;;
911526DD;2;INC;2;UG2 Reef;MAIN;54|55;;;
911526DD;4;INC;2;UG2 Reef;MAIN;54|56|57;;;
911526DD;5;FLD;2;UG2 Reef;MAIN;54|57;;;
9119035C;1;SHZC;1;Fond Du Lac Deposit;MAIN;28|36;;;
9152FFAE;1;FLD;2;Okanjande;MAIN;101|102;;;
915DA2A8;1;FLD;1;Ruby Mineralization;MAIN;25;;;
915DA2A8;2;SHZC;1;Ruby Mineralization;MAIN;25;;;
918B66FA;1;BMF;1;3Q Salt flat Complex;MAIN;55|64;;;
9190D3B4;1;CSF;1;Mayaniquel Project;MAIN;40;;;
9190D3B4;2;THR;2;Mayaniquel Project;MAIN;40;;;
91AC5627;1;SOF;2;Mount Milligan;MAIN;74|75;;;
91AC5627;2;JOG;2;Mount Milligan;MAIN;74;;;
91AC5627;3;TRT;2;Mount Milligan;MAIN;75;;;
91AC5627;4;CSF;1;Mount Milligan;MAIN;75;;;
91CA8F3B;1;SHZC;2;Miguel Vacas;MAIN;15;2000.0;;extent:bounded
91BA5FEE;1;CSF;1;New Afton;MAIN;41|47;;;
91BA5FEE;3;INT;2;New Afton;MAIN;47;;;
91CF5A7B;1;BXP;2;Azulitas;MAIN;4|29|30;;;
91CF5A7B;2;INT;1;Azulitas;MAIN;26;;;
91CA0E48;1;CSF;1;King-king;MAIN;40;;;
91CA0E48;4;FLD;2;King-king;MAIN;42|48|57;;;
920AAEFC;1;TRT;1;Relincho;MAIN;43;10000.0;;extent:bounded
920AAEFC;2;INT;2;Relincho;MAIN;43;;;
92258741;1;THR;2;Gjegjan Deposit;MAIN;33;;;
922D5CF6;1;BMF;N/A;Salar de Diablillos;MAIN;18;;;
923ED357;1;SHZC;1;West Zone;MAIN;80|82;;;
923EBCA0;1;INC;2;Main Zone;MAIN;39;;;
924942EF;1;BMF;1;Chapada Gravels;MAIN;33|34;;;
925465E6;1;SHZC;2;MMZ;MAIN;42|49;;;
925465E6;2;SSF;2;MMZ;MAIN;42;;;
925A0F99;1;INT;1;Koala;MAIN;83;;;
9260A34E;1;THR;1;Hopes Advance;MAIN;47;;;
9260A34E;2;FLD;2;Hopes Advance;MAIN;48|49|51;;;
9260A34E;3;THR;2;Hopes Advance;MAIN;48|51;;;
9275A3E8;1;SHZC;1;Ram;MAIN;34;;;
9275A3E8;2;FLD;2;Ram;MAIN;35;;;
9281A791;1;SHZC;2;Ram;MAIN;34;;;
9281A791;2;FLD;N/A;Ram;MAIN;34;;;
9288C303;1;FLD;2;Red Rim;MAIN;18;;;
92FAEF46;2;INT;2;Lone Mountain;MAIN;54;;;
92E514C6;1;CSF;1;Tamarack North Project;MAIN;64;;;
932180D6;1;FLD;2;Shituru;MAIN;35;;;
932180D6;2;THR;2;Shituru;MAIN;36;;;
9339153A;1;SHZC;1;Anomaly A/Oshiveli/Onkelo;MAIN;32|35;;;
9339153A;2;FLD;1;Anomaly A/Oshiveli/Onkelo;MAIN;32;;;
9339153A;3;GSC;1;Anomaly A/Oshiveli/Onkelo;MAIN;35;;;
93446E5D;1;FLD;2;Arctic Deposit;MAIN;60|64|65;;;
93446E5D;3;FLD;1;Arctic Deposit;MAIN;61|65;;;
93693143;1;THR;1;Fire Lake North;MAIN;97;;;
93693143;2;FLD;2;Fire Lake North;MAIN;109|112;;;
93693143;3;THR;2;Fire Lake North;MAIN;112;;;
93626B41;1;DET;1;Ann Mason;MAIN;80|81|83;4000.0;;
93626B41;2;DET;1;Ann Mason;MAIN;80|81;;;
9371D065;1;SSF;1;Horseshoe;MAIN;47|53;;;distance:unparseable
9371D065;3;THR;1;Horseshoe;MAIN;45;;;
9371D065;4;FLD;2;Horseshoe;MAIN;53;;;
938CB428;1;BMF;1;Salar de Tolillar;MAIN;68;;;
937C96CD;1;THR;1;Iron Creek;MAIN;27;;;
937C96CD;2;SHZC;2;Iron Creek;MAIN;35;;;
937C96CD;3;LTC;2;Iron Creek;MAIN;34;;;
93B194B5;1;SOF;2;Oropesa;MAIN;24|27;;;
93B194B5;2;FLD;2;Oropesa;MAIN;25;;;
93B475E6;1;CLD;1;Stage I Lens;MAIN;39;;;
93B475E6;2;NRM;2;Stage I Lens;MAIN;33;;;
93E92C3D;1;SHZC;1;Mckenzie Deposit;MAIN;41|42;;;
93E92C3D;2;FLD;2;Mckenzie Deposit;MAIN;46;;;
93E92C3D;3;THR;2;Mckenzie Deposit;MAIN;54;;;
93E92C3D;4;MYLC;2;Mckenzie Deposit;MAIN;54;;;
93DD1DD0;1;FLD;2;Palmer Deposit;MAIN;45;;;
93DD1DD0;2;THR;2;Palmer Deposit;MAIN;45;;;
93DD1DD0;3;NRM;2;Palmer Deposit;MAIN;45|56;;;
93DD1DD0;4;THR;2;Palmer Deposit;MAIN;56;;;
9409E021;1;BMF;1;Bashaw District;MAIN;40|41;;;
941FE235;1;THR;1;Main deposit;MAIN;45;;;
941FE235;2;SSF;1;Main deposit;MAIN;45;;;
941FE235;3;THR;2;Main deposit;MAIN;48;;;
941FE235;4;FLD;2;Main deposit;MAIN;48|49;;;
941FE235;5;LFT;2;Main deposit;MAIN;50|53;;;
942275D0;1;BMF;1;Nechalacho;MAIN;45;;;
942C1759;1;FLD;2;Mono Sur;MAIN;21|30;;;
942D6189;1;THR;1;Magistral Deposits;MAIN;111|117;;;
942D6189;2;JOG;2;Magistral Deposits;MAIN;120;;;
942D6189;3;TRP;2;Magistral Deposits;MAIN;121;;;
942D6189;4;SOF;3;Magistral Deposits;MAIN;121;;;
942D6189;5;SSF;N/A;Magistral Deposits;MAIN;111|118;;;
944664F6;1;CSF;1;Mayaniquel deposits;MAIN;19;;;
944664F6;2;THR;2;Mayaniquel deposits;MAIN;19|23;;;
944A3632;1;BMF;2;Okohongo;MAIN;31|45;;;
944A3632;2;SHZC;2;Okohongo;MAIN;36;;;
944A3632;3;FLD;2;Okohongo;MAIN;36;;;
945D3803;1;UNC;1;Bayovar 12;MAIN;55;;;
946A2018;1;FLD;2;Jiancang Mining Area;MAIN;18;17300.0;;
946A2018;2;THR;2;Jiancang Mining Area;MAIN;18;;;
946A2018;3;TRP;2;Jiancang Mining Area;MAIN;18;;;
946A2018;4;THR;3;Jiancang Mining Area;MAIN;18;;;
9477CA4C;1;SHZC;1;CV5 and CV13;MAIN;109;;;
9477CA4C;2;FLD;2;CV5 and CV13;MAIN;109|125;;;
94AFCE50;1;BMF;N/A;McGee Project;MAIN;16|20;;;
94B096A2;1;SSF;2;Craigmont;MAIN;33|47;;;
94C383D1;1;SHZC;N/A;Sterling Mine;MAIN;12|13;;;
94CE62F6;1;SHZC;1;Molo;MAIN;98|99|100|103;;;
94CE62F6;2;FLD;2;Molo;MAIN;103;;;
952643B6;1;THR;2;Houston;MAIN;39|46;;;
952643B6;2;FLD;2;Houston;MAIN;39|46;;;
9564257F;1;THR;2;McArthur River deposit;MAIN;54|56|59|61;;;
9573DBCD;1;SHZC;1;Los Pumas;MAIN;21;;;
9573DBCD;2;SOF;2;Los Pumas;MAIN;26|27|28;;;
95754680;1;BMF;1;Coles Hill;MAIN;32|35|39|42;;;
95A25611;1;THR;2;Mount Wilson Formation Silica;MAIN;18|20|27;;;
95C72E1F;1;CSF;1;Cumpié Sector;MAIN;18;;;
95C72E1F;2;THR;1;Cumpié Sector;MAIN;18;;;
95C72E1F;3;SSF;1;Cumpié Sector;MAIN;18;;;
95D351BF;1;FLD;2;Lac Guéret;MAIN;65;;;
95D351BF;2;THR;1;Lac Guéret;MAIN;61;;;
95D351BF;3;FLD;1;Lac Guéret;MAIN;61|66;;;
95DEFEFF;1;CSF;1;Mc Watters;MAIN;33;;;
95DEFEFF;2;FLD;1;Mc Watters;MAIN;33;;;
95ED6F93;1;FLD;1;Redstone;MAIN;29|32;;;
95ED6F93;2;TRT;2;Redstone;MAIN;34|35;;;
95ED6F93;3;THR;2;Redstone;MAIN;35;;;
95F4861E;2;INC;2;Goanikontes;MAIN;36;;;
9602FA5E;1;TRT;1;Fenix Project;MAIN;26|28;777000.0;;
9602FA5E;2;SSF;1;Fenix Project;MAIN;26;;;
9602FA5E;3;SOF;2;Fenix Project;MAIN;28|31|32;;;
96101DFD;1;SHZC;1;Nelson Lake Copper Property;MAIN;17;;;
96286F7C;1;FLD;1;Deep Gold;MAIN;32;;;
96286F7C;2;BMF;N/A;Deep Gold;MAIN;36;;;
963853B7;2;FLD;2;Yanapallaca;MAIN;30|31;;;
963853B7;3;THR;2;Yanapallaca;MAIN;30|43;;;
964C751B;1;CSF;1;Spielers Bore lamproite;MAIN;18;;;
963A2C69;1;SHZC;1;Riley Brook;MAIN;26;;;
963A2C69;3;SHZC;2;Riley Brook;MAIN;31;;;
9653AAD4;1;FLD;2;Copperwood Deposit;MAIN;55|61|67;;;
9685645D;1;SSF;1;Agata Nickel Laterite Project;MAIN;19|21;2000000.0;;
9685645D;2;SOF;2;Agata Nickel Laterite Project;MAIN;21;;;
96751119;1;CSF;1;Xcite Project;MAIN;57;;;
96751119;3;CSF;1;Xcite Project;MAIN;59|72;;;
96751119;5;FLD;2;Xcite Project;MAIN;72;;;
96751119;7;BXP;2;Xcite Project;MAIN;75;;;
96751119;8;MYLC;2;Xcite Project;MAIN;75;;;
968A173D;1;FLD;2;Crownpoint;MAIN;13;;;
968ADC48;1;BMF;N/A;Stage 1 Lens;MAIN;57;;;
9695C618;1;FLD;2;Mengapur;MAIN;47;;;
9695C618;2;SSF;1;Mengapur;MAIN;47;;;
96B15845;1;CSF;1;Aranzazu;MAIN;42;;;
96B15845;2;SOF;2;Aranzazu;MAIN;42|46;;;
96B15845;3;INT;2;Aranzazu;MAIN;46;;;
96B15845;4;FLD;2;Aranzazu;MAIN;45|46|50;;;
96B15845;5;THR;1;Aranzazu;MAIN;45|46;;;
96B68B63;1;SHZC;2;Nakalakwana Hill;MAIN;59;;;
96B68B63;2;FLD;2;Nakalakwana Hill;MAIN;59;;;
96D12B5D;1;THR;1;Sheep Mountain;MAIN;21;;;
96D12B5D;2;FLD;2;Sheep Mountain;MAIN;21|22;;;
96EB3EFD;5;INT;2;Dražnja;MAIN;31;;;
96EB3EFD;6;SHZC;2;Dražnja;MAIN;46;;;
96EB3EFD;7;THR;2;Dražnja;MAIN;46;;;
970C4186;1;FLD;2;Sackville;MAIN;18;;;
970C4186;2;BMF;2;Sackville;MAIN;19;;;
97266E5D;1;FLD;2;Rosa;MAIN;45|46;;;
9715D04A;1;CSF;1;Elk Creek Carbonatite;MAIN;107|108|109;;;
9715D04A;2;SSF;2;Elk Creek Carbonatite;MAIN;109|110;;;
9736FBC7;1;NRM;2;Kaukua;MAIN;38|39;;;
9737842F;1;CLD;1;Silver King North;MAIN;20;;;
9768B375;1;FLD;1;Verticalnaya Mine;MAIN;22;;;
977313E5;1;SSF;1;Carruthers Pass;MAIN;15;;2800.0;distance:bounded
977313E5;2;FLD;1;Carruthers Pass;MAIN;22;;;
977326A0;1;INT;2;Walker Mine;MAIN;17|20;;;
97B904D1;2;FLD;N/A;Sheep Mountain Project;MAIN;35;;;
9796180C;1;CSF;1;Cañariaco Norte;MAIN;74;;;
9796180C;2;SOF;2;Cañariaco Norte;MAIN;74|87;;;
9796180C;3;INT;2;Cañariaco Norte;MAIN;74;;;
9796180C;4;SOF;3;Cañariaco Norte;MAIN;87;;;
97C20683;1;SOF;2;MAX Molybdenum Deposit;MAIN;45|46;;;
97C20683;2;FLD;2;MAX Molybdenum Deposit;MAIN;45;;;
97C20683;3;SOF;3;MAX Molybdenum Deposit;MAIN;45;;;
97EC8E2A;1;TRT;1;Bristol Lake;MAIN;31|34;;;
97C53BB2;1;SHZC;2;Toe;MAIN;17|19;;;
9827F0F3;1;JOG;2;Millington;MAIN;70;;;
9827F0F3;2;SOF;2;Millington;MAIN;70;;;
982A2417;1;SSF;2;S-1 Deposit;MAIN;27;;;
982A2417;2;FLD;2;S-1 Deposit;MAIN;27;;;
98530FBA;1;INT;2;Cristal Prospect;MAIN;35|42;;;
98530FBA;2;FLD;2;Cristal Prospect;MAIN;35|42|46;;;
98530FBA;3;LFT;1;Cristal Prospect;MAIN;42;;;
9855DE5D;1;CSF;1;Malo lake uranium occurrence;MAIN;24|27|36;;;
9884B392;1;SHZC;2;Lac Pauline;MAIN;26;;;
9884B392;2;GSC;2;Lac Pauline;MAIN;26;;;
986E118B;1;SSF;1;Wernecke Project;MAIN;9|10;;;
986E118B;2;SOF;2;Wernecke Project;MAIN;9|33;;;
986E118B;3;THR;2;Wernecke Project;MAIN;36;;;
989230B8;1;FLD;2;Florida Canyon;MAIN;42|55;;;
989230B8;2;SOF;2;Florida Canyon;MAIN;42;;;
989230B8;3;INT;2;Florida Canyon;MAIN;42;;;
98A00060;1;THR;1;Amanecer;MAIN;33|34;;;
98A00060;2;CSF;1;Amanecer;MAIN;33;;;
98C3F915;2;SOF;2;Redonda;MAIN;36;;;
98C3F915;3;SHZC;2;Redonda;MAIN;42;;;
98C3F915;4;SSF;1;Redonda;MAIN;66;;;
98CE236F;1;FLD;2;RH Zone;MAIN;36;;;
98CE236F;2;NRM;2;RH Zone;MAIN;36;;;
98CE236F;3;BMF;1;RH Zone;MAIN;36;;;
98CE236F;4;CSF;1;RH Zone;MAIN;40;;;
99141E60;1;CSF;1;Madison;MAIN;40;;;
99141E60;2;THR;2;Madison;MAIN;41;;;
99141E60;3;INT;2;Madison;MAIN;44;;;
9920E33F;1;THR;2;Ming Mine;MAIN;60;;;
99238A20;1;FLD;1;ESM;MAIN;77|79;;;
99238A20;2;SHZC;1;ESM;MAIN;80;;;
99238A20;3;FLD;2;ESM;MAIN;77;;;
9925AF12;1;INT;2;Koala;MAIN;95|96;;;
992D8378;1;CSF;1;Salar de Maricunga;MAIN;49|51;;;
992D8378;2;CSF;1;Salar de Maricunga;MAIN;49;;;
99307B5F;1;THR;2;Phoenix Deposits;MAIN;35|42|43;;;
99307B5F;2;SOF;3;Phoenix Deposits;MAIN;42|43;;;
99307B5F;3;UNC;1;Phoenix Deposits;MAIN;46|47;;;
993620FE;1;SHZC;2;Campbell Shear System;MAIN;58|59;30000.0;;extent:approx_magnitude
993620FE;2;CSF;1;Campbell Shear System;MAIN;58;;;
993620FE;3;INT;3;Campbell Shear System;MAIN;60;;;
993620FE;4;LTC;2;Campbell Shear System;MAIN;62;;;
993F54CA;1;SSF;2;Matoush;MAIN;46|52|53;20000.0;;extent:bounded
993F54CA;2;JOG;2;Matoush;MAIN;53;;;
99507D3A;1;CSF;1;Wellgreen;MAIN;27;;;
99507D3A;2;SHZC;2;Wellgreen;MAIN;32;;;
99507D3A;3;THR;2;Wellgreen;MAIN;32;;;
996379C4;1;CSF;1;Collier-04;MAIN;23|26;;;extent:unparseable|distance:unparseable
996379C4;2;SOF;2;Collier-04;MAIN;31;;;
99A51D49;1;THR;2;3Q Salar;MAIN;85;;;
99A51D49;2;BMF;2;3Q Salar;MAIN;85|109;;;
99B46313;1;BMF;1;Sevier Lake;MAIN;30;;;
99BE225C;1;SSF;1;Buckton Mineralized Zone;MAIN;37|38;;;
99BFF0A3;1;INC;2;Apex Uranium Mine;MAIN;30|31|32|33;2700.0;;
99BFF0A3;3;NRM;1;Apex Uranium Mine;MAIN;30;;;
99C6982F;1;LFT;2;Cardiac Creek;MAIN;27|30|31|33|35;;;
99C6982F;2;THR;1;Cardiac Creek;MAIN;21|22|29|31;;;
99C6982F;3;FLD;2;Cardiac Creek;MAIN;22|29;;;
99E5A772;1;TRP;2;Popa;MAIN;27|31|70|71;;;
9A333BDF;1;UNC;2;Magellan;MAIN;10|47|48;;;
9A333BDF;2;INT;1;Magellan;MAIN;41;;;
9A333BDF;3;INT;2;Magellan;MAIN;41;;;
9A5BBF9D;1;SSF;1;Falls Creek;MAIN;16|17;;;
9A4DF22B;2;SHZC;2;Sarfartoq REE;MAIN;30|35;;;
9A4DF22B;3;CLD;2;Sarfartoq REE;MAIN;30;;;
9A52CA8B;1;THR;1;Salar de Cauchari;MAIN;78|79|103;;;
9A52CA8B;2;BMF;1;Salar de Cauchari;MAIN;78|79|103;;;
9A7197C4;1;THR;1;Carlin Vanadium deposit;MAIN;31;;;
9A7197C4;2;BMF;2;Carlin Vanadium deposit;MAIN;31|34;;;
9A86D3BD;1;INC;2;Nico 1;MAIN;22|30;;;
9A9E3F0E;1;BMF;2;Burke Hollow Project;MAIN;30;;;
9A9E3F0E;2;FLD;2;Burke Hollow Project;MAIN;38;;;
9A94CBB9;1;CSF;1;Mount Philp Iron Deposit;MAIN;16|18;;;
9A94CBB9;2;CSF;1;Mount Philp Iron Deposit;MAIN;16|18;100000.0;;extent:bounded
9A9AAD48;1;SHZC;1;Santo Tomás;MAIN;114;;;
9A9AAD48;2;SSF;1;Santo Tomás;MAIN;106|107;;;
9A9AAD48;3;SSF;2;Santo Tomás;MAIN;106|107;;;
9A9AAD48;4;LFT;N/A;Santo Tomás;MAIN;92|106|107;;;
9A9AAD48;5;THR;N/A;Santo Tomás;MAIN;107|109;;;
9AB71F4C;1;TRP;1;Bandeira;MAIN;64;;;
9AB71F4C;2;TRT;1;Bandeira;MAIN;64;;;
9AB71F4C;3;FLW;1;Bandeira;MAIN;64;;;
9AB71F4C;4;SHZC;2;Bandeira;MAIN;51|68|72|84;;;
9ADAE663;1;THR;1;Appolo;MAIN;22;;;
9ADAE663;3;FLD;1;Appolo;MAIN;20|22;;;
9AD9DB30;1;BMF;1;Graphite Creek;MAIN;113|115|125;;;
9AD9DB30;2;FLD;2;Graphite Creek;MAIN;115|116;;;
9AD9DB30;3;THR;1;Graphite Creek;MAIN;115|116;;;
9ADE935D;1;BMF;1;Nash Creek Deposit;MAIN;31|32;;;
9ADE935D;2;SOF;2;Nash Creek Deposit;MAIN;32;;;
9B1CE757;1;SSF;1;Arrieros;MAIN;52|54|64;;;
9B1CE757;2;THR;1;Arrieros;MAIN;54;;;
9B1CE757;3;SOF;2;Arrieros;MAIN;52;;;
9B1CE757;4;BMF;1;Arrieros;MAIN;54;;;
9B20B8DF;1;BMF;1;Paleozoic Basement Reservoir;MAIN;10;;;
9B20B8DF;2;FLD;2;Paleozoic Basement Reservoir;MAIN;10;;;
9B20B8DF;3;SSF;2;Paleozoic Basement Reservoir;MAIN;10;;;
9B39C3C8;1;FLD;1;FPA (Saliquinhé);MAIN;44|46;;;
9B39C3C8;2;FLD;2;FPA (Saliquinhé);MAIN;50;;;
9B4016E8;1;SHZC;2;Rainbow deposit;MAIN;52;;;
9B4016E8;2;SHZC;1;Rainbow deposit;MAIN;52;;;
9B4016E8;3;ENE;3;Rainbow deposit;MAIN;56;;;
9B4A3EE8;1;CSF;1;Don Gregorio;MAIN;17;50000.0;;extent:bounded
9B4A3EE8;2;CSF;1;Don Gregorio;MAIN;17;;;
9B453A67;1;TRP;1;Pilar Mine;MAIN;74;;;
9B453A67;2;FLW;1;Pilar Mine;MAIN;74;;;
9B453A67;3;SHZC;2;Pilar Mine;MAIN;81|84;;;
9B4BC150;1;SHZC;1;Greenbushes;MAIN;25|29;17500.0;;extent:range_mean
9B4BC150;2;FLD;2;Greenbushes;MAIN;29;;;
9B4BC150;3;GSC;2;Greenbushes;MAIN;25;;;
9B519B71;1;CSF;1;El Mochito;MAIN;81;;;
9B519B71;2;BMF;1;El Mochito;MAIN;81;;;
9B519B71;3;BMF;2;El Mochito;MAIN;82|86;;;
9B519B71;4;SSF;2;El Mochito;MAIN;87;;;
9B519B71;5;SOF;2;El Mochito;MAIN;87|92;;;
9B519B71;6;INT;2;El Mochito;MAIN;91|92;;;
9B519B71;7;JOG;2;El Mochito;MAIN;91|92;;;
9B6BFB41;1;LFT;1;Cactus;MAIN;105|109;;;
9B6BFB41;2;BMF;2;Cactus;MAIN;109;;;
9B6BFB41;3;BXP;2;Cactus;MAIN;109;;;
9B845AFF;1;THR;2;K.Hill;MAIN;68|72;;;
9B845AFF;2;FLD;2;K.Hill;MAIN;68|71|72;;;
9B845AFF;4;FLD;3;K.Hill;MAIN;71;;;
9B892BBB;1;FLD;2;Jersey Lead-Zinc Deposit;MAIN;28|37;;;
9B88CC75;1;CSF;1;Alpala;MAIN;81;;;
9B88CC75;3;SOF;2;Alpala;MAIN;85;;;
9B88CC75;5;INT;2;Alpala;MAIN;94;;;
9BAF213D;1;UNC;1;Preston Project;MAIN;27;;;
9BB3F711;1;INC;2;Copper Mountain;MAIN;62;;;
9BB3F711;2;SOF;2;Copper Mountain;MAIN;62;;;
9BB3F711;3;INT;2;Copper Mountain;MAIN;62;;;
9BC6E57A;1;SSF;1;Los Azules;MAIN;55|56;7000.0;;
9BC6E57A;2;SSF;2;Los Azules;MAIN;55;;;
9BC6E57A;3;THR;2;Los Azules;MAIN;56;;;
9BC6E57A;4;JOG;2;Los Azules;MAIN;56;;;
9BD28732;1;THR;2;TAM;MAIN;35;;;
9BD28732;2;FLD;2;TAM;MAIN;36;;;
9BFE1427;1;CSF;1;Arsenault;MAIN;23;;;
9BFE1427;2;FLD;2;Arsenault;MAIN;24|28;;;
9C069FCC;1;CSF;1;Taysan;MAIN;53;;;
9C069FCC;3;SHZC;2;Taysan;MAIN;57;;;
9C1C9C44;1;FLD;2;Alexo-Dundonald Deposits;MAIN;90;2500.0;;
9C2FBD76;1;BMF;2;Tom;MAIN;31|34;;;
9C2FBD76;2;FLD;2;Tom;MAIN;35|40;;;
9C32EEFC;1;THR;1;Paris Hills;MAIN;48|52;;;
9C32EEFC;2;FLD;2;Paris Hills;MAIN;48|52;;;
9C32EEFC;3;SSF;2;Paris Hills;MAIN;48|54;;;
9C32EEFC;4;BMF;1;Paris Hills;MAIN;48|52;;;
9C525CFB;1;FLD;1;FPA;MAIN;44;;;
9C6742DE;1;SSF;1;Gateau Property;MAIN;21;;;
9C766145;1;SHZC;2;Swan prospect;MAIN;10;;;
9C6A7721;1;LTC;N/A;Little Deer Deposit;MAIN;30;;;
9C6A7721;2;LFT;N/A;Little Deer Deposit;MAIN;32;;;
9C8EEAA0;1;THR;1;Ovoot Tolgoi;MAIN;14|16|17;;;
9C8EEAA0;2;FLD;2;Ovoot Tolgoi;MAIN;15;;;
9C8EEAA0;3;THR;2;Ovoot Tolgoi;MAIN;15;;;
9C92C43C;1;SHZC;1;MacArthur;MAIN;43;;;
9C92C43C;2;INT;2;MacArthur;MAIN;43;;;
9C92C43C;3;LFT;1;MacArthur;MAIN;42|43;;;
9CC4413D;1;SHZC;1;Bouvier property;MAIN;37|38;;;
9CCCF0A3;1;SSF;1;Alpala;MAIN;37;;;
9CCCF0A3;3;SOF;2;Alpala;MAIN;41;;;
9CCCF0A3;5;INT;2;Alpala;MAIN;49;;;
9CF3E5BF;1;CSF;1;Bornite;MAIN;36;;;
9CF3E5BF;2;BMF;2;Bornite;MAIN;41;;;
9CF65568;1;SHZC;2;Monument Peak;MAIN;36;3200.0;;
9CF65568;2;THR;2;Monument Peak;MAIN;33;;;
9CF65568;3;THR;1;Monument Peak;MAIN;30|35;;;
9D0150E8;1;SSF;2;Cotabambas;MAIN;27;6000.0;;extent:bounded
9D04F42D;1;THR;1;Grande-Vallée Aluminous Claystone;MAIN;19|21;;;
9D066465;2;SHZC;2;Coles Creek Porphyry;MAIN;15;;;
9D066465;4;MYLC;2;Coles Creek Porphyry;MAIN;18;;;
9D1E262C;1;INT;2;Mt. Haskin;MAIN;17|26;;;
9D30A1F0;1;THR;2;Denault 1;MAIN;31;;;
9D30A1F0;2;FLD;2;Denault 1;MAIN;29|31;;;
9D26DEE4;1;BMF;1;San Jorge;MAIN;102;;;
9D6862CA;1;ENE;N/A;Endako deposit;MAIN;52;;;
9D73C3A5;1;THR;2;Menarik Complex;MAIN;36;;;
9D73C3A5;2;SSF;2;Menarik Complex;MAIN;37;;;
9D73C3A5;3;FLD;2;Menarik Complex;MAIN;33|36;;;
9D85554E;2;SHZC;1;DD Zone;MAIN;27;;;
9D9434F2;1;FLD;2;Nebocat Showing;MAIN;14;;;
9DB49FE0;1;FLD;1;Block Creek intrusion;MAIN;17;;;
9DB49FE0;2;INC;2;Block Creek intrusion;MAIN;17;;;
9DDC3FC0;2;SOF;2;Frog;MAIN;28;;;
9DDC3FC0;5;CLD;2;Frog;MAIN;26;;;
9DE8EF53;1;INT;2;Valley;MAIN;27;;;
9DE8EF53;2;SHZC;2;Valley;MAIN;27;;;
9E286D69;1;SSF;1;Agata North Laterite Project;MAIN;18|20;2000000.0;;
9E286D69;2;SOF;2;Agata North Laterite Project;MAIN;20|24;;;
9E286D69;3;SOF;2;Agata North Laterite Project;MAIN;23|26;;;
9E2D8FF5;1;THR;2;Samapleu Deposits;MAIN;48;;;
9E2D8FF5;2;SHZC;1;Samapleu Deposits;MAIN;51|52;;;
9E2D8FF5;3;FLD;2;Samapleu Deposits;MAIN;51|52;;;
9E3C2FCA;1;NRM;2;Hushamu Deposit;MAIN;19;;;
9E3CD2C0;1;FLD;1;Mantaro deposit;MAIN;39|40|46;;;
9E3CD2C0;2;THR;2;Mantaro deposit;MAIN;43|51|65;;;
9E3CD2C0;3;NRM;2;Mantaro deposit;MAIN;43|51|65;;;
9E3CD2C0;4;SSF;3;Mantaro deposit;MAIN;40|43|51|65;;;
9E401194;1;INT;1;Alpala;MAIN;49;;;
9E401194;2;SSF;1;Alpala;MAIN;37;;;
9E48F237;1;JOG;1;Berezski mineralization trend;MAIN;38;;;
9E79E4DB;1;SHZC;1;Yalowega Trend;MAIN;28|34;;;
9E79E4DB;3;UNC;2;Yalowega Trend;MAIN;32|34|36;;;
9E80DA82;1;FLD;2;Plymouth Deposit;MAIN;44;;;
9E7B354A;1;SHZC;2;Ming Mine;MAIN;33;;;
9E876A98;1;FLD;2;La Blache;MAIN;23;;;
9E7A9178;1;CSF;1;Pine Point Project;MAIN;45;;;
9E8DAF64;1;FLD;1;Alumbaugh Coal Seams;MAIN;20;;;
9EBDF8CD;1;FLD;1;Bituminous Coal Seams;MAIN;33|42;;;
9EA2A0A2;1;SHZC;1;Stewart Island deposits;MAIN;22;;;
9EA2A0A2;2;SOF;2;Stewart Island deposits;MAIN;22;;;
9ED4851E;1;BMF;1;Dieter Lake;MAIN;10|11;;;
9EE30100;1;BMF;1;Cauchari Salar;MAIN;92;;;
9EE30100;2;SSF;1;Cauchari Salar;MAIN;92;;;
9EE30100;3;BMF;2;Cauchari Salar;MAIN;94;;;
9EE30100;4;TRP;2;Cauchari Salar;MAIN;94;;;
9F0C46C4;1;THR;1;Fire Lake North;MAIN;29|38;;;
9F0C46C4;2;FLD;2;Fire Lake North;MAIN;38|40;;;
9F0C46C4;3;FLD;3;Fire Lake North;MAIN;38;;;
9F0C46C4;4;THR;2;Fire Lake North;MAIN;40;;;
9F4B0E3C;1;FLD;2;Maturi;MAIN;154;;;
9F60CC81;2;DET;2;Tomichi;MAIN;43;;;
9F60CC81;3;CLD;2;Tomichi;MAIN;41;;;
9F682636;1;SHZC;2;RATS showing;MAIN;25;;;
9F682636;2;FLD;2;RATS showing;MAIN;25;;;
9F6AE271;1;SOF;2;Winston Lake Deposit;MAIN;30;;;
9F7484EB;1;BMF;1;Sunday Creek tephra;MAIN;18;;;
9F7484EB;2;FLD;2;Sunday Creek tephra;MAIN;19;;;
9F7484EB;3;SSF;1;Sunday Creek tephra;MAIN;17;;;
9F80D5D7;1;CSF;1;South Contact Zone;MAIN;53;;;
9F80D5D7;2;SOF;2;South Contact Zone;MAIN;53;;;
9F80D5D7;3;SHZC;2;South Contact Zone;MAIN;57|61;8000.0;;extent:bounded
9F80D5D7;4;INT;2;South Contact Zone;MAIN;59|62;;;
9F80D5D7;5;FLD;2;South Contact Zone;MAIN;57|65;;;
9F8795E3;1;THR;2;Filo del Sol;MAIN;61|62|63|67;;;
9F8795E3;4;INT;2;Filo del Sol;MAIN;62;;;
9FA06FFC;1;SHZC;1;Bell Graphite;MAIN;30;80000.0;;extent:bounded|extent:range_mean
9FA06FFC;2;SHZC;1;Bell Graphite;MAIN;30;;;
9FA06FFC;3;SHZC;2;Bell Graphite;MAIN;35|38;;;
9FB40438;1;SSF;1;Vondenblue;MAIN;32;;;
9FB40438;2;SSF;2;Vondenblue;MAIN;32;;;
9FB40438;3;INT;2;Vondenblue;MAIN;35|48;;;
9FB40438;4;BMF;2;Vondenblue;MAIN;35;;;
9FBD5F69;1;THR;1;Viken;MAIN;27;;;
9FBD5F69;2;FLD;1;Viken;MAIN;27;;;
9FB88E7B;1;SHZC;1;Carpenter Lake;MAIN;36|39|47|49;200000.0;;extent:bounded
9FD08DC1;1;INT;N/A;Glencore Bucke Property;MAIN;19;;;
9FD08DC1;2;SHZC;N/A;Glencore Bucke Property;MAIN;19;;;
9FD08DC1;3;LTC;N/A;Glencore Bucke Property;MAIN;19;;;
9FEBE1B0;1;FLD;2;Back Forty Deposit;MAIN;57;;;
9FEBE1B0;3;SHZC;2;Back Forty Deposit;MAIN;65;;;
9FF03821;1;CSF;1;Opemiska;MAIN;43;;;
9FF03821;2;FLD;2;Opemiska;MAIN;43|45;;;
9FF03821;3;SOF;2;Opemiska;MAIN;44;;;
A00AE9A3;1;BMF;1;Horizon Lithium;MAIN;36|44;;;
A028D7D0;1;SHZC;1;Two Mile Creek Vein System;MAIN;9;3000.0;;extent:approx_magnitude
A028D7D0;2;THR;2;Two Mile Creek Vein System;MAIN;9;;;
A016CA1E;1;SHZC;1;Samapleu;MAIN;56;;;
A016CA1E;2;JOG;2;Samapleu;MAIN;56;;;
A035EB9B;1;SHZC;N/A;Mwelushi;MAIN;26|29;;;
A035EB9B;2;FLD;N/A;Mwelushi;MAIN;21|27;;;
A04711B9;1;SHZC;1;Greenbushes;MAIN;21|24|26;17500.0;;extent:range_mean
A04711B9;2;FLD;2;Greenbushes;MAIN;26;;;
A04711B9;3;ENE;2;Greenbushes;MAIN;29;;;
A04F0CC9;1;THR;1;Hakkari Zinc Project;MAIN;32;;;
A04F0CC9;2;THR;2;Hakkari Zinc Project;MAIN;50;;;
A04F0CC9;3;FLD;2;Hakkari Zinc Project;MAIN;51|52;;;
A04F0CC9;4;SHZC;2;Hakkari Zinc Project;MAIN;51;;;
A04F0CC9;5;SSF;2;Hakkari Zinc Project;MAIN;50|52;;;
A0644706;1;BMF;2;Kona;MAIN;41;;;
A0644706;2;SOF;2;Kona;MAIN;45;;;
A066F59F;1;SOF;2;MacArthur Deposit;MAIN;38|42;;;
A066F59F;2;LFT;1;MacArthur Deposit;MAIN;35|38;;;
A0835052;2;FLD;2;Lac Otelnuk;MAIN;31;;;
A096808A;1;THR;1;La Estrella;MAIN;30;;;
A096808A;2;THR;2;La Estrella;MAIN;34|40;;;
A096808A;3;FLD;2;La Estrella;MAIN;32|34;;;
A0A7A93B;1;FLD;2;Captain;MAIN;28;;;
A0AA4A86;1;BXP;2;Tower Deposit;MAIN;70;;;
A0AF267D;1;SHZC;1;Starra 222;MAIN;22|24|25;;;
A0E1A38F;1;THR;1;Pasto Bueno;MAIN;57;;;
A0E1A38F;2;SSF;1;Pasto Bueno;MAIN;58;;;
A0E1A38F;3;SOF;2;Pasto Bueno;MAIN;58;;;
A0E1A38F;4;FLD;2;Pasto Bueno;MAIN;58;;;
A0EEA3F7;1;SHZC;1;Ruttan;MAIN;27;;;
A0EEA3F7;2;SHZC;2;Ruttan;MAIN;30;;;
A0EEA3F7;3;FLD;2;Ruttan;MAIN;31|34;;;
A0F7C33C;1;NRM;N/A;NorthMet Deposit;MAIN;59;;;
A112DAE2;1;FLD;2;Energy Queen;MAIN;15;;;
A11B88D8;1;FLD;2;Emba Derho;MAIN;71|79;;;
A120E2E8;1;SSF;1;Carmacks Copper;MAIN;72;;;
A120E2E8;2;SSF;2;Carmacks Copper;MAIN;77;;;
A1566743;1;THR;1;Dominion Reefs;MAIN;33;;;
A1566743;2;FLD;2;Dominion Reefs;MAIN;32|33;;;
A1566743;3;GSC;N/A;Dominion Reefs;MAIN;33;;;
A14CFE28;1;CSF;1;Tulks Hill deposit;MAIN;33;;;
A14CFE28;2;FLD;2;Tulks Hill deposit;MAIN;38|40|42;;;
A157EEF2;1;SSF;1;Zafranal Main Zone;MAIN;44;;;
A174AA9F;1;TRT;1;Borsko Jezero;MAIN;25;;;
A188AE3E;1;THR;2;Kemess Underground;MAIN;78;;;
A188AE3E;2;SOF;2;Kemess Underground;MAIN;78;;;
A188AE3E;3;NRM;2;Kemess Underground;MAIN;78;;;
A188AE3E;4;SSF;1;Kemess Underground;MAIN;74;;;
A188AE3E;5;NRM;1;Kemess Underground;MAIN;74;;;
A188AE3E;6;THR;1;Kemess Underground;MAIN;74;;;
A189C186;1;FLD;2;Upper Freeport;MAIN;21;;;
A1968325;1;LTC;2;Sheep Mountain;MAIN;40;;;
A1968325;2;FLD;2;Sheep Mountain;MAIN;38|40;;;
A1CA6D12;1;BMF;1;Enertopia Claims;MAIN;18|25|26;;;
A1B341FE;1;SSF;1;Leslie Occurrence;MAIN;32;;;
A1B341FE;2;SOF;2;Leslie Occurrence;MAIN;32;;;
A1B341FE;3;SSF;N/A;Leslie Occurrence;MAIN;33;;;
A1DADDEA;1;CSF;1;Eureka Complex;MAIN;39|51;;;
A1DADDEA;2;THR;1;Eureka Complex;MAIN;39|43;;;
A1DADDEA;4;SOF;2;Eureka Complex;MAIN;50;;;
A20B9BAC;2;INC;N/A;Kendal Colliery;MAIN;44;;;
A21E94BC;1;SHZC;2;Golden Ivan;MAIN;26;295.0;;extent:range_mean
A20F966C;2;SOF;2;Cozamin;MAIN;72|73;2200.0;;extent:bounded
A20F966C;3;SOF;2;Cozamin;MAIN;72;;;
A2282DA5;1;CSF;1;Bunker Hill Mine;MAIN;32;;;
A2282DA5;2;SSF;1;Bunker Hill Mine;MAIN;35|37;15500.0;;extent:bounded
A2282DA5;3;SHZC;2;Bunker Hill Mine;MAIN;37|38;;;
A2282DA5;4;SOF;2;Bunker Hill Mine;MAIN;37;;;
A2282DA5;5;THR;2;Bunker Hill Mine;MAIN;37;;;
A2282DA5;6;FLD;2;Bunker Hill Mine;MAIN;37|38|39;;;
A2282DA5;7;INT;2;Bunker Hill Mine;MAIN;39|40;;;
A234271C;1;BMF;1;Brier Creek Coal Seams;MAIN;36;;;
A257A6D6;1;INT;2;Cerro Corona;MAIN;31;;;
A257A6D6;2;SSF;2;Cerro Corona;MAIN;31;;;
A2556106;1;NRM;2;Red Dog;MAIN;24;;;
A2556106;2;INC;2;Red Dog;MAIN;23|24;;;
A25DD6A8;1;SSF;1;Santo Tomás;MAIN;65|81|85|88|97;;;
A25DD6A8;2;SHZC;2;Santo Tomás;MAIN;81|93;;;
A25DD6A8;3;THR;2;Santo Tomás;MAIN;81|85;;;
A25DD6A8;4;FLW;1;Santo Tomás;MAIN;97;;;
A25DD6A8;5;GSC;2;Santo Tomás;MAIN;93;;;
A25DD6A8;6;MYLC;2;Santo Tomás;MAIN;93;;;
A2719480;1;CSF;1;Record Ridge;MAIN;38|39;;;distance:unparseable
A2719480;2;LTC;2;Record Ridge;MAIN;38;;;
A2A1B362;1;CSF;1;Rocky;MAIN;27;;;
A287B8D6;1;INC;2;Dundee Operations;MAIN;65|66;;;
A287B8D6;3;FLD;2;Dundee Operations;MAIN;66;;;
A2A60E03;1;FLD;1;Kipushi;MAIN;100;;;
A2A60E03;3;LTC;2;Kipushi;MAIN;103;;;
A2A60E03;4;FLD;3;Kipushi;MAIN;120;;;
A2F374DA;1;INC;2;Broken Hammer;MAIN;45;;;
A2F374DA;2;SSF;2;Broken Hammer;MAIN;47;;;
A3110B12;1;NRM;2;Kaukua;MAIN;32;;;
A308B3FF;1;SHZC;1;Serrote deposit;MAIN;76;;;
A308B3FF;2;THR;2;Serrote deposit;MAIN;88;;;
A31F8DA4;1;SSF;1;Wellgreen;MAIN;39;;;
A31F8DA4;2;SHZC;2;Wellgreen;MAIN;41;;;
A31F8DA4;3;THR;2;Wellgreen;MAIN;41;;;
A328888F;1;CSF;1;Titan;MAIN;22;;;
A328888F;2;ENE;2;Titan;MAIN;23;;;
A33A291C;1;SSF;1;Rogers Creek Porphyry System;MAIN;27;;;
A33A291C;2;TRT;1;Rogers Creek Porphyry System;MAIN;31;;;
A33A291C;3;SOF;2;Rogers Creek Porphyry System;MAIN;33;;;
A33A291C;4;INT;2;Rogers Creek Porphyry System;MAIN;33;;;
A345FBFE;1;SSF;1;Los Azules;MAIN;77;7000.0;;
A345FBFE;2;SSF;2;Los Azules;MAIN;77;;;
A3864B8C;1;BMF;1;Van Dyke;MAIN;63;;;
A3864B8C;2;SOF;2;Van Dyke;MAIN;64;;;
A3864B8C;4;INT;2;Van Dyke;MAIN;64;;;
A389A75B;1;SHZC;1;El Espino;MAIN;55;;;
A389A75B;2;SOF;2;El Espino;MAIN;55;;;
A3937F41;1;FLD;1;Vista;MAIN;25;;;
A3937F41;2;THR;1;Vista;MAIN;25;;;
A3937F41;3;FLD;2;Vista;MAIN;25;;;
A392774E;1;THR;2;Kemess Underground;MAIN;93;;;
A392774E;2;NRM;2;Kemess Underground;MAIN;89|93;;;
A3ABE5B4;1;BXP;2;Levack Footwall Deposit (LFD);MAIN;54;;;
A3B489B5;1;SHZC;2;Santa Rita;MAIN;29;;;
A3CB7395;1;BMF;1;Artillery Mountains Manganese Deposits;MAIN;25|28|31;;;
A3D21C42;1;SHZC;1;Crean Hill;MAIN;68|71|73;;;
A3D21C42;2;SOF;2;Crean Hill;MAIN;71;;;
A3D21C42;3;SHZC;2;Crean Hill;MAIN;72|75;;;
A3D21C42;4;THR;2;Crean Hill;MAIN;72|73|76;;;
A3D21C42;5;TRP;1;Crean Hill;MAIN;73;;;
A4152B9D;1;CSF;1;241NC zone;MAIN;15;;;
A4152B9D;2;BMF;1;241NC zone;MAIN;15;;;
A4121183;1;SHZC;1;Chlore stock;MAIN;57|63;;;
A4121183;3;SHZC;2;Chlore stock;MAIN;57;;;
A426A734;1;THR;1;Steinman and ACIN Leases;MAIN;52;;;
A426A734;2;SSF;1;Steinman and ACIN Leases;MAIN;52;;;
A426A734;3;FLD;2;Steinman and ACIN Leases;MAIN;52;;;
A4390B11;1;FLD;2;West Graham;MAIN;45;;;
A423C11A;1;CSF;1;Wine Cu-Ni occurrence;MAIN;27|28|33;38000.0;;
A44A99F8;1;FLD;1;Lac Knife;MAIN;59|60;;;
A44A99F8;2;THR;1;Lac Knife;MAIN;60;;;
A44A99F8;3;TRP;2;Lac Knife;MAIN;61|65;;;
A44A99F8;4;ENE;2;Lac Knife;MAIN;65;;;
A4542218;1;CSF;1;Chapleau Project Kimberlites;MAIN;18|19;;;
A4542218;2;SSF;1;Chapleau Project Kimberlites;MAIN;19;;;
A4542218;3;SOF;2;Chapleau Project Kimberlites;MAIN;19;;;
A4643581;1;BMF;1;Laguna Brava;MAIN;17;;;
A46C1FDE;1;SSF;1;Buckton Deposit;MAIN;50|53;;;
A46C1FDE;2;CSF;1;Buckton Deposit;MAIN;49;140000.0;;
A47C54C4;2;THR;2;Rose Property;MAIN;15;;;
A4772E51;1;SSF;1;L deposit;MAIN;24;;;
A4772E51;3;THR;2;L deposit;MAIN;26|38;;;
A4772E51;4;SHZC;2;L deposit;MAIN;38;;;
A47E39A3;1;MYLC;2;Boa Esperança;MAIN;75;;;
A47E39A3;2;SHZC;2;Boa Esperança;MAIN;75;;;
A4C2DFFF;1;BMF;1;Ilovitza;MAIN;52;;;
A4C2DFFF;2;INT;2;Ilovitza;MAIN;52;;;
A4C7B84D;1;SHZC;2;MMZ;MAIN;42|43;;;
A4C7B84D;2;TRT;2;MMZ;MAIN;42|43;;;
A4C7B84D;3;LFT;2;MMZ;MAIN;44;;;
A4C7B84D;4;FLD;2;MMZ;MAIN;43;;;
A4C7B84D;5;ENE;3;MMZ;MAIN;43;;;
A4DF3C5B;1;SHZC;1;Black Horse;MAIN;26|27|31;6000.0;;extent:bounded
A4DF3C5B;2;MYLC;N/A;Black Horse;MAIN;24;;;
A4E2AB2C;1;SHZC;1;Sherridon deposits;MAIN;43;;;
A4E2AB2C;2;THR;1;Sherridon deposits;MAIN;44;;;
A4E2AB2C;3;FLD;1;Sherridon deposits;MAIN;44;;;
A4F8F2D5;1;SSF;2;Agnew Lake deposit;MAIN;33|40;;;
A4F8F2D5;2;FLD;2;Agnew Lake deposit;MAIN;33;;;
A4F8F2D5;3;BMF;1;Agnew Lake deposit;MAIN;36;;;
A505C0D5;1;SHZC;2;Preston Project;MAIN;22|27|44;;;
A505C0D5;2;SOF;2;Preston Project;MAIN;31;;;
A518F5CF;1;FLD;1;Arctic deposit;MAIN;58;;;distance:unparseable
A518F5CF;2;FLD;2;Arctic deposit;MAIN;58;;;
A518F5CF;3;FLD;3;Arctic deposit;MAIN;58;;;
A518F5CF;4;THR;2;Arctic deposit;MAIN;59;;;
A509F3E6;1;THR;1;Chacay;MAIN;24;;;
A51C0C68;1;INC;2;Dolcoath;MAIN;55;;;
A51C0C68;2;SSF;2;Dolcoath;MAIN;55;;;
A550D29D;1;DET;1;Magdalena-Tubutama Borate Deposits;MAIN;48;;;
A550D29D;2;DET;1;Magdalena-Tubutama Borate Deposits;MAIN;52;;;
A550D29D;3;BMF;1;Magdalena-Tubutama Borate Deposits;MAIN;48|49;;;
A550D29D;4;BMF;2;Magdalena-Tubutama Borate Deposits;MAIN;52;;;
A550D29D;5;LFT;2;Magdalena-Tubutama Borate Deposits;MAIN;51;;;
A577D31B;1;CSF;1;Magusi;MAIN;39;;;
A577D31B;2;FLD;2;Magusi;MAIN;39;;;
A566FE05;1;BMF;1;Clayton Valley Brine;MAIN;71|78|86;;;
A595EEC5;1;THR;1;Springer Mine;MAIN;35;;;
A595EEC5;2;FLD;2;Springer Mine;MAIN;36;;;
A595EEC5;3;BMF;2;Springer Mine;MAIN;36|37;;;
A5A5F218;1;SSF;1;Eaglehead;MAIN;34;;;
A5A5F218;3;SOF;2;Eaglehead;MAIN;34;;;
A5A5F218;8;MYLC;3;Eaglehead;MAIN;43|44;;;
A5B9C501;1;CSF;1;Solwara 1;MAIN;27;;;
A5B9C501;2;SOF;2;Solwara 1;MAIN;36;;;
A5BCB475;1;THR;1;Lawn;MAIN;20;;;
A5BF14C9;2;CLD;2;Marathon Deposit;MAIN;116|178;;;
A5F527B7;1;MYLC;1;Cigar Lake;MAIN;66;;;
A5F0210B;1;FLD;2;Back Forty;MAIN;4|37|40;;;
A60DD544;1;BMF;2;Fish Lake Valley Project;MAIN;22|23|29;;;
A62B48D3;1;BMF;1;Falea;MAIN;32;;;
A62B48D3;2;THR;2;Falea;MAIN;34;;;
A631EAAE;2;LTC;2;Hugo North Extension;MAIN;55;;;
A640779F;1;FLD;1;Northwest Manitoba Project;MAIN;29;;;
A640779F;2;SHZC;N/A;Northwest Manitoba Project;MAIN;29;;;
A640779F;3;SSF;1;Northwest Manitoba Project;MAIN;27;;;
A64A24B2;1;CSF;1;Point Leamington deposit;MAIN;28;;;
A64A24B2;2;THR;1;Point Leamington deposit;MAIN;31;;;
A64A24B2;3;FLD;1;Point Leamington deposit;MAIN;31;;;
A64A24B2;4;SSF;1;Point Leamington deposit;MAIN;31;;;
A64A24B2;6;JOG;2;Point Leamington deposit;MAIN;39;;;
A64A24B2;7;THR;2;Point Leamington deposit;MAIN;39;;;
A65B3AD5;1;SHZC;2;Cotabambas;MAIN;74|91|99;;;
A65B3AD5;2;THR;2;Cotabambas;MAIN;74|99;;;
A65B3AD5;3;SSF;2;Cotabambas;MAIN;99;;;
A65D203D;1;SSF;2;Maverick Zone;MAIN;26|27;2000.0;;extent:bounded
A65D4675;1;SHZC;1;Copper Mountain;MAIN;23|24;;;
A65D4675;2;INC;2;Copper Mountain;MAIN;24;;;
A65D4675;3;SOF;2;Copper Mountain;MAIN;23|24;;;
A65D4675;4;INT;2;Copper Mountain;MAIN;24;;;
A67C8BE8;1;CSF;1;PAK Pegmatite;MAIN;60;140000.0;;extent:bounded
A68A9BC9;1;CSF;1;RNO Nickel Laterite Deposits;MAIN;24|25;;;
A6A749C1;1;BMF;2;Clayton Valley Brine Project;MAIN;36|47|49;;;
A6A749C1;2;SSF;1;Clayton Valley Brine Project;MAIN;36;;;
A6A85E36;1;CSF;1;Bepe Pegmatite;MAIN;29|31|36;;;
A6E15794;1;FLD;2;Sulitjelma Project;MAIN;39|40;;;
A6FB1629;1;SHZC;2;Minto;MAIN;135;;;
A6FB1629;2;FLD;2;Minto;MAIN;135;;;
A6FB1629;3;TRP;2;Minto;MAIN;135;;;
A6FB1629;5;INT;2;Minto;MAIN;135;;;
A70CFEDD;1;FLD;2;Lagoa Salgada;MAIN;34;;;
A70D3912;1;FLD;2;Daquan Vanadium Zone;MAIN;29|30;;;
A71A1980;1;FLD;1;Energy Queen;MAIN;14;;;
A729AA54;1;BMF;1;Ram;MAIN;69;;;
A729AA54;2;SHZC;2;Ram;MAIN;71;;;
A729AA54;3;SSF;2;Ram;MAIN;71|73;;;
A729AA54;4;FLD;2;Ram;MAIN;71;;;
A729AA54;5;SOF;2;Ram;MAIN;73;;;
A71DFC99;1;CSF;1;Ak-Sug;MAIN;57;10000.0;;extent:bounded
A71DFC99;2;SOF;2;Ak-Sug;MAIN;57;;;
A71DFC99;3;INT;1;Ak-Sug;MAIN;57;;;
A71DFC99;4;SHZC;1;Ak-Sug;MAIN;58;;;
A731169C;1;FLD;2;Coosa Project;MAIN;41|42|43;;;
A7516EF4;1;FLD;2;Palmer Deposit;MAIN;66;;;
A7516EF4;2;THR;2;Palmer Deposit;MAIN;66;;;
A7516EF4;4;SSF;2;Palmer Deposit;MAIN;69;;;
A7D7CA12;2;SSF;1;South Corridor Deposit;MAIN;18;;;
A7D7CA12;3;INT;2;South Corridor Deposit;MAIN;18;;;
A7B284D4;1;SHZC;1;Triple R deposit;MAIN;58;;;
A7B284D4;2;SHZC;2;Triple R deposit;MAIN;62;;;
A7B284D4;3;THR;2;Triple R deposit;MAIN;63;;;
A7B284D4;4;SSF;2;Triple R deposit;MAIN;63;;;
A7B284D4;5;INT;2;Triple R deposit;MAIN;63;;;
A7D81D5D;1;BMF;1;HMN Project;MAIN;40|41|63;;;
A7DF62FA;1;FLD;2;Upper Fir;MAIN;34|40;;;
A7DF62FA;2;THR;2;Upper Fir;MAIN;34|45;300000.0;;extent:approx_magnitude
A81B5556;2;FLD;1;Loki Flake Graphite Deposit;MAIN;31;;;
A80756D5;1;THR;1;Bulqiza-Batra;MAIN;28;;;
A80756D5;2;THR;2;Bulqiza-Batra;MAIN;31|32;;;
A80756D5;3;FLD;2;Bulqiza-Batra;MAIN;31|32;;;
A824E5BE;1;INC;2;STAFFORD;MAIN;21;;;
A8209EDB;1;BMF;1;Maseve Project;MAIN;65|74;;;
A8209EDB;3;LFT;2;Maseve Project;MAIN;66|76;;;
A8209EDB;4;THR;2;Maseve Project;MAIN;77;;;
A8209EDB;5;FLD;2;Maseve Project;MAIN;74;;;
A8269163;1;SHZC;2;Valiquette-Duval;MAIN;36;;;
A82AC386;1;CSF;1;Redonda;MAIN;31;;;
A82AC386;2;SOF;2;Redonda;MAIN;31;;;
A8422CF9;1;THR;1;GC and GR zones;MAIN;35;;;
A8422CF9;2;FLD;2;GC and GR zones;MAIN;39;;;
A84E302A;1;TRP;1;São Manuel and São Rubens;MAIN;49|50|58;;;
A84E302A;2;SHZC;1;São Manuel and São Rubens;MAIN;50;;;
A84E302A;3;FLD;2;São Manuel and São Rubens;MAIN;46|50|58;;;
A865492B;1;FLD;2;Gahcho Kué kimberlite cluster;MAIN;42;;;
A8860B05;1;SSF;2;Cortadera;MAIN;118;;;
A8860B05;2;INT;2;Cortadera;MAIN;129;;;
A8A5682E;1;SHZC;1;Ford Lake Project;MAIN;31|33|37;;;
A8B5C0B6;1;TRT;2;El Domo;MAIN;58;;;
A8B5C0B6;2;SSF;2;El Domo;MAIN;58;;;
A8B457D4;1;CSF;1;Q1-4;MAIN;31;26000.0;;extent:bounded
A8B457D4;2;INT;2;Q1-4;MAIN;31;;;
A8BA3900;1;CSF;1;Yandera Central;MAIN;39;;;
A8BA3900;2;JOG;2;Yandera Central;MAIN;39;;;
A8C36436;3;TRP;1;Baixa Grande;MAIN;64;;;
A8C36436;4;TRT;1;Baixa Grande;MAIN;64;;;
A8C36436;5;FLW;1;Baixa Grande;MAIN;64;;;
A8D8E7CF;1;FLD;2;Aripuanã deposits;MAIN;32;;;
A8DF41C9;1;FLD;2;Captain;MAIN;66;;;
A8DF2FB5;1;SHZC;1;Gahcho Kué;MAIN;45;;;
A8DF2FB5;2;SOF;2;Gahcho Kué;MAIN;45;;;
A8DF2FB5;3;FLD;2;Gahcho Kué;MAIN;45;;;
A8DF2FB5;4;INC;2;Gahcho Kué;MAIN;48|65;;;
A8DF2FB5;5;INT;2;Gahcho Kué;MAIN;65;;;
A8FA5ED9;1;FLD;1;Knife Lake;MAIN;32|33;;;
A8FA5ED9;2;FLD;2;Knife Lake;MAIN;35|40;;;
A8FA5ED9;3;NRM;2;Knife Lake;MAIN;35|42;;;
A92CE01E;1;THR;2;Houston;MAIN;33|38|39;;;
A92CE01E;2;FLD;2;Houston;MAIN;33|39;;;
A955DBD4;1;BMF;2;Eagle East;MAIN;85;;;
A955DBD4;3;THR;1;Eagle East;MAIN;76;;;
A955DBD4;4;FLD;1;Eagle East;MAIN;75;;;
A97F7A26;1;FLD;2;Mousseau West;MAIN;23|28;;;
A98B1BB4;1;SOF;2;Hugo North Extension;MAIN;68;;;
A98B1BB4;2;GSC;2;Hugo North Extension;MAIN;68;;;
A9AEBAED;1;DOM;2;Main Molybdenite Zone;MAIN;42|46;;;
A9BEAC1F;1;SHZC;2;Alberta II Pegmatites;MAIN;23|26;;;
A9BEAC1F;2;FLD;2;Alberta II Pegmatites;MAIN;25|26;;;
A9CE5756;1;BMF;1;Graphite Creek;MAIN;43;35000.0;;extent:bounded
A9CE5756;2;FLD;2;Graphite Creek;MAIN;44|48;;;
A9F1B729;1;SHZC;2;White Mountain Anorthosite;MAIN;35;;;
AA14D964;2;INT;2;Raft prospect;MAIN;21|31;;;
AA47B242;1;CSF;1;Vista Coal Project;MAIN;40|41;;;
AA47B242;2;FLD;2;Vista Coal Project;MAIN;40|41|47;;;
AA4D1947;1;INC;2;Nokomis Deposit;MAIN;35;;;
AA5E66D6;1;SHZC;1;Adina;MAIN;121|128;;;
AA5E66D6;2;MYLC;1;Adina;MAIN;121|128;;;
AA5E66D6;3;TRP;1;Adina;MAIN;132;;;
AA5E66D6;4;SHZC;2;Adina;MAIN;132;;;
AA5E66D6;5;JOG;2;Adina;MAIN;132;;;
AA5D87C1;1;SHZC;2;Whalesback Deposit;MAIN;62|64;720.0;;
AA5D87C1;2;FLD;2;Whalesback Deposit;MAIN;62|68;;;
AA5D87C1;3;FLD;2;Whalesback Deposit;MAIN;62;;;
AA723A50;1;SHZC;1;La Loutre;MAIN;76|78;40000.0;;extent:bounded
AA6A7ED2;1;SHZC;1;Chimiwungo;MAIN;30;;;
AA6A7ED2;2;THR;1;Chimiwungo;MAIN;31;;;
AA773E1A;1;CSF;1;Crevier Nb-Ta Dyke;MAIN;37|39;;;
AA810A38;1;FLD;2;Battery Hill;MAIN;53|57;;;
AA810A38;3;SSF;2;Battery Hill;MAIN;57;;;
AA7303A3;1;CSF;1;Platreef;MAIN;84;;;
AA7303A3;2;SOF;2;Platreef;MAIN;88;;;
AA7303A3;3;FLD;2;Platreef;MAIN;88|102|108;;;
AA7303A3;4;NRM;N/A;Platreef;MAIN;110|111;;;
AA7303A3;5;THR;N/A;Platreef;MAIN;111;;;
AA7303A3;6;SSF;N/A;Platreef;MAIN;110|111;;;
AA9E2708;1;FLD;2;Kagoot Brook;MAIN;28;;;
AAA2553A;1;SHZC;1;Pine Point Project;MAIN;127|147;;;
AACC1A0F;1;FLD;2;La Blache;MAIN;23|25;;;
AAB84693;1;THR;1;Green River Potash Project;MAIN;37|42;;;
AAB84693;2;SSF;1;Green River Potash Project;MAIN;42;;;
AAB84693;4;FLD;2;Green River Potash Project;MAIN;44;;;
AAAA5816;1;CSF;1;Merensky Reef and UG2 Chromitite;MAIN;26;;;
AAAA5816;3;SSF;2;Merensky Reef and UG2 Chromitite;MAIN;27;;;
AAAA5816;4;FLD;2;Merensky Reef and UG2 Chromitite;MAIN;27;;;
AAD06257;1;SSF;1;Algarrobo Project;MAIN;66|72;1100000.0;;
AAD06257;2;SOF;2;Algarrobo Project;MAIN;70|75|81;;;
AAD06257;3;ENE;3;Algarrobo Project;MAIN;76|81;;;
AADBDC9D;1;FLD;2;Kotli Coal Project;MAIN;33|39;28000.0;;extent:bounded
AADBDC9D;2;FLD;2;Kotli Coal Project;MAIN;33|39;11000.0;;
AB102B4B;1;FLD;1;Northern Appalachian Coal Seams;MAIN;34;;;
AAD485AB;1;INC;2;American Antimony Project;MAIN;31|33|36|37|38|40|41|43;;;
AAD485AB;2;LTC;2;American Antimony Project;MAIN;31|33|36|37|38|41|44;;;
AAF63265;1;CSF;1;Santa Cruz deposit;MAIN;74;;;
AAF63265;2;LFT;2;Santa Cruz deposit;MAIN;74;;;
AB2E2573;1;FLD;1;Nunavut Coal Project;MAIN;29;;;
AB2E2573;2;THR;1;Nunavut Coal Project;MAIN;29;;;
AB2E2573;3;SSF;1;Nunavut Coal Project;MAIN;29;;;
AB2E2573;4;FLD;2;Nunavut Coal Project;MAIN;34;;;
AB285A7F;1;THR;2;Frances Creek;MAIN;34|36;;;
AB285A7F;2;THR;2;Frances Creek;MAIN;34|35|37;;200.0;distance:bounded
AB285A7F;3;UNC;2;Frances Creek;MAIN;34;;;
AB339713;1;INT;1;Los Azules;MAIN;25;;;
AB42656B;2;INT;2;No. 7 Deposit;MAIN;62;;;
AB722311;1;FLD;2;Labrador West Iron Project;MAIN;29|35|36|37|38;;;
AB722311;2;THR;2;Labrador West Iron Project;MAIN;35|36|37|38;;;
AB7FCBC4;1;SHZC;1;Steenkampskraal;MAIN;69;;;
AB7FCBC4;2;BMF;1;Steenkampskraal;MAIN;69;;;
AB7FCBC4;3;SHZC;2;Steenkampskraal;MAIN;71;;;
AB7FCBC4;4;SSF;2;Steenkampskraal;MAIN;71;;;
AB909CCD;1;BMF;1;Juniper Ridge;MAIN;23;;;
ABA93C23;1;FLD;2;Lac-des-Îles Graphite Mine;MAIN;40|42|43;;;
ABA93C23;2;NRM;2;Lac-des-Îles Graphite Mine;MAIN;43;;;
ABA93C23;3;SSF;2;Lac-des-Îles Graphite Mine;MAIN;43;;;
ABA93C23;4;LTC;2;Lac-des-Îles Graphite Mine;MAIN;49;;;
AB8E69B1;1;SHZC;2;Hardshell;MAIN;42|46;8046.7;;extent:bounded
AB8E69B1;3;FLD;2;Hardshell;MAIN;46;;;
ABADF8AF;1;BMF;1;Phosphate Deposit;MAIN;35;;;
ABC17210;1;BMF;1;Clayton Valley;MAIN;35;;;
ABF95DD6;2;FLD;2;Okanjande deposit;MAIN;41|43;;;
ABF95DD6;4;SHZC;2;Okanjande deposit;MAIN;43;;;
AC05F9F6;1;THR;1;Hazard Coal Seams;MAIN;23;;;
AC05F9F6;2;FLD;1;Hazard Coal Seams;MAIN;23;;;
AC003A96;1;BMF;1;Bootheel;MAIN;30;32186.8;1609.3;extent:bounded|distance:bounded
AC003A96;2;BMF;1;Bootheel;MAIN;30;;;distance:unparseable
AC2EAAF4;1;FLD;2;Langmuir No. 1 Mine;MAIN;55;;;
AC2EAAF4;2;SSF;2;Langmuir No. 1 Mine;MAIN;55;;;
AC39C655;1;SHZC;1;Claim Area;MAIN;20|21;;;
AC39C655;2;INT;2;Claim Area;MAIN;20;;;
AC48C7F7;1;DET;2;Oracle Ridge;MAIN;47|48;;;
AC48C7F7;3;FLD;2;Oracle Ridge;MAIN;48;;;
AC48C7F7;4;SHZC;2;Oracle Ridge;MAIN;49;;;
AC728D75;1;SHZC;1;Key Lake Southwest;MAIN;13|15|19;;;
AC837CFB;1;INT;2;Keg;MAIN;21;;;
AC96B3E1;1;SHZC;1;Workman's Bench - Pringle Bench;MAIN;50|52;1609.3;;
AC96B3E1;2;SOF;2;Workman's Bench - Pringle Bench;MAIN;44|52;1066.8;;extent:bounded
ACB07EAA;1;FLD;2;Pukaqaqa;MAIN;30|32;;;
ACB07EAA;3;INC;2;Pukaqaqa;MAIN;38|42;;;
ACBCA74A;1;SSF;1;Beutong;MAIN;36|39;;5000.0;extent:unparseable
ACBCA74A;2;SOF;2;Beutong;MAIN;39|46;;;
ACBCA74A;3;THR;2;Beutong;MAIN;39|46;;;
ACBCA74A;4;SSF;2;Beutong;MAIN;39|46;;;
ACBCA74A;5;INT;2;Beutong;MAIN;39|46;;;
ACCF9466;1;SHZC;1;Yauricocha;MAIN;52|53|62;;;
ACCF9466;2;FLD;2;Yauricocha;MAIN;52;;;
ACCF9466;3;INT;2;Yauricocha;MAIN;52;;;
ACCF9466;4;GSC;2;Yauricocha;MAIN;53|62;;;
ACCF9466;5;INC;2;Yauricocha;MAIN;53;;;
ACEA908B;1;BMF;1;Clayton Valley;MAIN;59|61;;;
AD111CB4;1;INT;1;Pinyon Plain pipe;MAIN;46;;;
AD111CB4;2;BXP;2;Pinyon Plain pipe;MAIN;43|46|51;;;
AD25104C;1;SSF;1;Santo Domingo Sur;MAIN;141;;;
AD25104C;2;THR;2;Santo Domingo Sur;MAIN;146|151;;;
AD2AA475;1;SHZC;1;Munshiwemba;MAIN;31;;;
AD2AA475;2;SHZC;2;Munshiwemba;MAIN;32;;;
AD2AA475;3;ENE;3;Munshiwemba;MAIN;31|32;;;
AD5C5BF2;1;FLD;2;Cerro Grande;MAIN;47;;;
AD693B26;1;SHZC;1;DLIP Deposits;MAIN;26|32;;;
AD693B26;2;FLD;2;DLIP Deposits;MAIN;29|32;;;
AD693B26;3;THR;2;DLIP Deposits;MAIN;29|32;;;
AD56303C;1;CSF;1;Mrima Hill;MAIN;53;;;
AD56303C;2;BMF;1;Mrima Hill;MAIN;45;;;
AD9B04B9;1;FLD;1;Project Coal Seams;MAIN;22;;;
AD84BA6F;2;LTC;2;Hugo North Extension;MAIN;103;;;
ADA6D24D;1;FLD;2;Woodlawn deposit;MAIN;43;;;
ADA6D24D;2;SSF;2;Woodlawn deposit;MAIN;44;;;
ADAAC429;1;BMF;1;Bongará;MAIN;49|56;;;
ADAAC429;2;SSF;1;Bongará;MAIN;49|54|59;;;
ADAAC429;3;INT;2;Bongará;MAIN;49|56;;;
ADAAC429;4;LFT;2;Bongará;MAIN;59;;;
ADAAC429;5;SOF;2;Bongará;MAIN;54;;;
ADF393D5;1;FLD;2;Ntaka Hill;MAIN;78;;;
ADF33E23;1;CSF;1;Stardust;MAIN;23;600000.0;;
ADF33E23;2;FLD;2;Stardust;MAIN;30|33|39;;;
ADF33E23;3;SOF;2;Stardust;MAIN;30;;;
AE042263;1;THR;1;Lac à l'Orignal;MAIN;60;30000.0;;extent:approx_magnitude
AE042263;2;SSF;1;Lac à l'Orignal;MAIN;60;30000.0;;extent:approx_magnitude
AE042263;4;SHZC;2;Lac à l'Orignal;MAIN;73;;;
AE362425;1;SHZC;2;Duke Batman;MAIN;34|38;;;
AE508677;1;SHZC;1;Corvo;MAIN;37|40;;;
AE508677;2;FLD;2;Corvo;MAIN;69;;;
AE508677;3;SHZC;3;Corvo;MAIN;66|69;;;
AE5EAC9A;1;SHZC;1;Adina;MAIN;121|128;;;
AE5EAC9A;2;SHZC;2;Adina;MAIN;132;;;
AE5EAC9A;3;JOG;2;Adina;MAIN;132;;;
AE68D8EB;1;THR;2;Phoenix Deposit;MAIN;29|34;;;
AE68D8EB;2;SOF;2;Phoenix Deposit;MAIN;34;;;
AE5F3787;1;INT;2;Ruby Creek;MAIN;30|32;;;
AE5F3787;2;SOF;2;Ruby Creek;MAIN;30|32;;;
AE6AEE92;1;TRT;1;Bonnie Claire;MAIN;45;;;
AE741CEA;1;SHZC;1;Ajax;MAIN;34|38|39;;;
AE741CEA;2;BXP;2;Ajax;MAIN;38;;;
AE74A9F3;1;BMF;1;Hombre Muerto North Project;MAIN;47|50;;;
AE952CC8;1;THR;2;Tennyson;MAIN;95;;;
AE9C1032;1;CSF;1;Lorraine;MAIN;27;;;
AE9C1032;2;SHZC;2;Lorraine;MAIN;29;;;
AEABFA1A;1;THR;2;Lundberg;MAIN;46|49;;;
AEABFA1A;2;FLD;1;Lundberg;MAIN;46;;;
AEABFA1A;3;NRM;2;Lundberg;MAIN;49;;;
AEBBBA30;1;SSF;1;Zara Properties;MAIN;14;;;
AEAE0040;1;SHZC;1;Bear Lodge REE deposit;MAIN;71|74|75;;;
AEAE0040;2;INT;2;Bear Lodge REE deposit;MAIN;75;;;
AEAE0040;3;INC;2;Bear Lodge REE deposit;MAIN;86;;;
AEDE62D6;2;INT;2;Copper Mountain;MAIN;65;;;
AEE48967;1;UNC;N/A;Teledyne Property Mineralization;MAIN;31;;;
AEE48967;2;INT;N/A;Teledyne Property Mineralization;MAIN;31;;;
AEE48967;3;SHZC;N/A;Teledyne Property Mineralization;MAIN;31;;;
AEE48967;4;GSC;N/A;Teledyne Property Mineralization;MAIN;31;;;
AF1720C8;1;SHZC;2;Lorraine;MAIN;26;;;
AF1720C8;2;CSF;1;Lorraine;MAIN;24;;;
AF30B60F;2;NRM;2;Storie Deposit;MAIN;44;;60.0;distance:range_mean
AF30B60F;3;SHZC;3;Storie Deposit;MAIN;44;;;
AF6EC227;1;LTC;2;Zone III;MAIN;31;;;
AF65A631;1;BMF;N/A;San Antonio;MAIN;15|41|62;;;
AF6028C1;1;SHZC;1;Patterson Lake South;MAIN;32;;;
AF72B583;1;FLD;1;Kimagai;MAIN;27;;;
AF72B583;3;GSC;2;Kimagai;MAIN;33;;;
AF826833;1;CSF;1;Guerrero Zone;MAIN;30;;;
AF9775A6;1;SHZC;1;Rea Property;MAIN;49|51;;;
AF9775A6;2;SSF;1;Rea Property;MAIN;51;;;
AF9775A6;3;SHZC;2;Rea Property;MAIN;56|61|64;;;
AF9775A6;4;SSF;2;Rea Property;MAIN;61|64;;;
AF9775A6;5;INT;2;Rea Property;MAIN;64;;;
AF9775A6;6;UNC;2;Rea Property;MAIN;58|60;;;
AF91961A;3;SSF;2;Oyu Tolgoi;MAIN;117|125;;;
AF91961A;5;THR;2;Oyu Tolgoi;MAIN;117|135|138;;;
AFB572E8;1;FLD;2;Lake Giles BIF;MAIN;26;;;
AFA6403B;1;FLD;2;McIlvenna Bay;MAIN;54;;;
AFA6403B;2;FLD;1;McIlvenna Bay;MAIN;54;;;
AFC876ED;2;INC;2;Hopkins Prospect;MAIN;23|30;;;
AFF8A42B;1;BMF;1;Salar de Diablillos;MAIN;36;;;
AFFC5ED9;1;FLD;2;Tortigny;MAIN;51|63;;;
B0018D4F;1;FLD;2;Mine 14;MAIN;36;;;
B0018D4F;2;THR;2;Mine 14;MAIN;36;;;
B01D7225;1;SSF;1;Bisie North;MAIN;16;;;
B01D7225;2;SHZC;2;Bisie North;MAIN;18;;;
B01D7225;3;FLD;1;Bisie North;MAIN;16;;;
B01D7225;4;FLD;2;Bisie North;MAIN;16;;;
B01784A1;1;DET;1;Pima Zinc;MAIN;23|26;;;
B07C5FBD;1;BMF;2;Santa Barbara;MAIN;13|14|16;;;
B097015C;1;THR;2;Johnny Lee deposit;MAIN;62|65|71;;;
B097015C;2;NRM;2;Johnny Lee deposit;MAIN;65;;;
B078464E;1;CSF;1;Platreef;MAIN;168;;;
B078464E;2;FLD;2;Platreef;MAIN;170|171|172;;;
B078464E;3;SHZC;2;Platreef;MAIN;172|173;;;
B078464E;4;NRM;2;Platreef;MAIN;173;;;
B078464E;5;SSF;2;Platreef;MAIN;169|174;;;
B078464E;6;THR;2;Platreef;MAIN;169;;;
B078464E;7;SHZC;2;Platreef;MAIN;173;1800.0;;extent:bounded
B078464E;8;SHZC;2;Platreef;MAIN;173;1900.0;;extent:bounded
B078464E;9;SHZC;2;Platreef;MAIN;173;1400.0;;extent:bounded
B0A9EC0E;1;FLD;2;Hautalampi;MAIN;19;;;
B0A441D3;1;FLD;1;DASA;MAIN;53;;;
B0A441D3;2;CSF;1;DASA;MAIN;53|62;;;
B0A441D3;3;INT;1;DASA;MAIN;53|62;;;
B0A441D3;5;SHZC;3;DASA;MAIN;53;;;
B0A441D3;6;SSF;2;DASA;MAIN;53;;;
B0B21297;1;CSF;1;Silver Creek Deposit;MAIN;26|29;;;
B0B21297;4;UNC;2;Silver Creek Deposit;MAIN;27;;;
B0AC38AC;1;THR;1;Salar de Olaroz;MAIN;49|53;;;
B0AC38AC;2;NRM;2;Salar de Olaroz;MAIN;53|57|65;;;
B0AC38AC;3;CSF;1;Salar de Olaroz;MAIN;50;;;
B0C06706;1;THR;1;3Q Salar Complex;MAIN;65;;;
B0C06706;2;BMF;1;3Q Salar Complex;MAIN;66|90;;;
B0C06706;3;BMF;2;3Q Salar Complex;MAIN;91;;;
B0C5A51C;1;FLD;1;Errington-Vermilion;MAIN;71;;;
B0C5A51C;2;FLD;2;Errington-Vermilion;MAIN;71|72|73;;;
B0C5A51C;3;THR;2;Errington-Vermilion;MAIN;71|72|73;;;
B0D6D6E4;1;MYLC;1;Shea Creek deposits;MAIN;27;;;
B0D6D6E4;2;MYLC;2;Shea Creek deposits;MAIN;27;;;
B0D6D6E4;3;THR;2;Shea Creek deposits;MAIN;27|38;;;
B0D6D6E4;4;SSF;2;Shea Creek deposits;MAIN;27;;;
B0D6D6E4;5;INT;2;Shea Creek deposits;MAIN;27|33|38;;;
B0EEC314;1;FLD;1;E Zone;MAIN;38|40;;;
B0EEC314;2;FLD;2;E Zone;MAIN;40;;;
B0EEC314;3;INC;2;E Zone;MAIN;41;;;
B0FC6517;1;FLD;2;Adina;MAIN;43;;;
B0F3C9AE;1;THR;1;Copper Creek;MAIN;111;;;
B0F3C9AE;2;BMF;1;Copper Creek;MAIN;112;;;
B0F3C9AE;3;INT;1;Copper Creek;MAIN;111;;;
B0F3C9AE;4;THR;2;Copper Creek;MAIN;111;;;
B10F2073;1;FLD;2;Accha;MAIN;29|35;;;
B11780DB;1;SHZC;2;Morgan Peak;MAIN;22;;;
B11780DB;4;SHZC;2;Morgan Peak;MAIN;23;371.9;;extent:bounded
B11780DB;5;FLD;2;Morgan Peak;MAIN;21;;;
B134AABA;1;THR;2;K-Hill;MAIN;39;;;
B139B0DA;1;FLD;1;Slick Rock;MAIN;28|29;;;
B139B0DA;2;FLD;1;Slick Rock;MAIN;29|32;;;
B122A638;1;SSF;1;Mantos Blancos;MAIN;46;;;
B122A638;3;SSF;1;Mantos Blancos;MAIN;47|53;;;
B152F07A;1;FLD;1;Daquan Vanadium Mineralization;MAIN;16;80000.0;;
B147148F;1;SHZC;2;Andrade;MAIN;31;;;
B147148F;2;SSF;2;Andrade;MAIN;33;;;
B147148F;3;INC;2;Andrade;MAIN;28;;;
B1531D4A;1;SSF;2;Estrades deposit;MAIN;50;;;
B1729D54;1;SHZC;1;Kapulo Copper Project;MAIN;52|53|58;;;
B1754FCE;1;BMF;1;Gas Hills;MAIN;30|39;;;
B1754FCE;2;FLD;1;Gas Hills;MAIN;30|31|39;;;
B16E33DA;2;THR;2;Falea;MAIN;29;;;
B18735EF;1;BMF;1;Woodlawn;MAIN;72;;;
B18735EF;2;TRT;1;Woodlawn;MAIN;73|74;;;
B18735EF;3;FLD;2;Woodlawn;MAIN;74|76;;;
B18735EF;4;SOF;2;Woodlawn;MAIN;77;;;
B1A13818;1;SHZC;2;Fraser Lakes Zone B;MAIN;26|28;;;
B1A13818;2;FLD;2;Fraser Lakes Zone B;MAIN;26|28|29;;;
B1A13818;3;SSF;2;Fraser Lakes Zone B;MAIN;28;;;
B1A89748;1;THR;1;Bissett Creek;MAIN;66|73;;;
B1A89748;2;FLD;2;Bissett Creek;MAIN;67|69;;;
B1A89748;4;CSF;1;Bissett Creek;MAIN;63|66;30000.0;;extent:bounded
B1A89748;5;SHZC;1;Bissett Creek;MAIN;66;;;
B1D34CF8;1;TRP;1;São Manuel and São Rubens;MAIN;51|52|57|60;;;
B1D34CF8;2;FLD;2;São Manuel and São Rubens;MAIN;48|52|55|60;;;
B1C97FCE;1;CSF;1;Alta Mesa;MAIN;29|30;;;
B1C97FCE;3;NRM;2;Alta Mesa;MAIN;30;;;
B1C97FCE;4;SOF;2;Alta Mesa;MAIN;30;;;
B1AF399D;1;CSF;1;Mountain Lake deposit;MAIN;21|32;;;
B1AF399D;2;SOF;2;Mountain Lake deposit;MAIN;21|32;;;
B1AF399D;3;SOF;2;Mountain Lake deposit;MAIN;32;;;
B1AF399D;4;JOG;3;Mountain Lake deposit;MAIN;38;;;
B1DAFF4C;1;CSF;1;Rosario;MAIN;27|29;;;
B1DAFF4C;2;SOF;2;Rosario;MAIN;29|32|33;;;
B200160F;1;THR;1;Main deposit;MAIN;20;;;
B200160F;2;SSF;1;Main deposit;MAIN;20;;;
B200160F;3;LFT;2;Main deposit;MAIN;25|27;;;
B2254A7C;1;SOF;2;Brynnor deposit;MAIN;14;;;
B21CC707;1;FLD;2;Lagoa Salgada;MAIN;100;;;
B21CC707;2;THR;2;Lagoa Salgada;MAIN;108;;;
B21CC707;3;SOF;2;Lagoa Salgada;MAIN;110;;;
B23C32EE;1;SOF;2;Mount Andrew;MAIN;20;;;
B23C32EE;2;SSF;2;Mount Andrew;MAIN;21;;;
B263B707;1;SSF;2;Langis deposit;MAIN;92;;;
B263B707;3;THR;2;Langis deposit;MAIN;94;;;
B263B707;5;FLD;2;Langis deposit;MAIN;91;;;extent:unparseable
B26A412B;1;MYLC;2;Michelin Deposit;MAIN;31;;;
B299F61B;1;FLD;2;Target 7;MAIN;51;;;
B2770364;2;SSF;1;Buckton Zone;MAIN;40|43;;;
B2770364;4;MYLC;1;Buckton Zone;MAIN;36;;;
B2A9C1BC;1;THR;2;Copperwood Deposit;MAIN;113;;;
B2A9C1BC;2;FLD;2;Copperwood Deposit;MAIN;107|120;;;
B2A16363;2;SHZC;2;Storie Deposit;MAIN;29;;;
B2AC365C;1;THR;1;Antilla;MAIN;44;;;
B2AC365C;2;INT;2;Antilla;MAIN;44;;;
B2AC365C;3;SHZC;2;Antilla;MAIN;39|44;;;
B2C170AA;1;INC;2;Eagle's Nest;MAIN;76;;;
B2C170AA;2;SHZC;1;Eagle's Nest;MAIN;47;;;
B2C170AA;3;SSF;1;Eagle's Nest;MAIN;47;;;
B2CB2E02;1;SHZC;1;Kangiq Project;MAIN;15;;;
B2CB2E02;2;SHZC;1;Kangiq Project;MAIN;16;;;
B2C7DA13;1;SHZC;1;Marin Sector;MAIN;106;3000.0;;extent:bounded|extent:approx_magnitude|extent:bounded|distance:unparseable
B2C7DA13;2;THR;2;Marin Sector;MAIN;110;;;
B2C7DA13;3;SSF;2;Marin Sector;MAIN;110;;;
B2C7DA13;4;SSF;3;Marin Sector;MAIN;110;;;
B2C7DA13;5;FLD;2;Marin Sector;MAIN;110;;;
B2CF0238;1;CSF;1;Star Kimberlite;MAIN;64;;;
B2D6E492;2;SSF;2;Broken Hammer Zone;MAIN;31;;;
B2CC78DA;1;THR;1;Normandie deposit;MAIN;34|37;;;
B2CC78DA;2;NRM;2;Normandie deposit;MAIN;34|37;;;
B2CC78DA;3;SHZC;2;Normandie deposit;MAIN;35|37;;;
B2E5BF41;1;FLD;2;Lac Ritchie;MAIN;29;;;
B2E5BF41;2;THR;2;Lac Ritchie;MAIN;29|33|34;;;
B2EFBADD;1;BMF;1;Cauchari-Olaroz;MAIN;83;;;
B2EFBADD;2;SSF;1;Cauchari-Olaroz;MAIN;83;;;
B2EFBADD;3;SOF;2;Cauchari-Olaroz;MAIN;85;;;
B2EFBADD;4;TRP;2;Cauchari-Olaroz;MAIN;85;;;
B31A2421;1;SHZC;1;Tuzo;MAIN;39;;;
B31A2421;2;FLD;2;Tuzo;MAIN;40;;;
B3208D52;2;BMF;1;West Desert;MAIN;55;;;
B3217946;1;SOF;2;NH showing;MAIN;20|21;;;
B34EEA55;1;SSF;1;Solwara 1;MAIN;39;;;
B37A5E5C;1;THR;1;HD Property;MAIN;35;;1000.0;distance:bounded
B37A5E5C;2;SOF;2;HD Property;MAIN;35;;1000.0;distance:bounded
B392A0D9;1;INT;2;Valley deposit;MAIN;26;;;
B3846215;3;BXP;2;UG2 Reef;MAIN;48|50|55;;;
B3846215;4;FLD;2;UG2 Reef;MAIN;48|55;;;
B3846215;5;FLD;3;UG2 Reef;MAIN;51;;;
B3A5096D;1;LTC;2;Halle Komatiite Target;MAIN;23;;;
B3A48A7F;1;SHZC;2;Bull River Mine;MAIN;46;;;
B3E4969B;1;THR;1;Twin Peaks Project;MAIN;44;;;
B3E4969B;2;SHZC;2;Twin Peaks Project;MAIN;44|64;;;
B3C23B68;1;CSF;1;Tapuli;MAIN;33;50000.0;;extent:bounded
B3C23B68;2;JOG;2;Tapuli;MAIN;34|38;;;
B3C23B68;3;FLD;2;Tapuli;MAIN;38;;;
B3E1F3DA;1;SHZC;1;Ralleau VMS System;MAIN;33;2000.0;;
B3E1F3DA;2;SHZC;1;Ralleau VMS System;MAIN;33;;;
B3E1F3DA;3;SHZC;2;Ralleau VMS System;MAIN;34;;;
B3E1F3DA;4;SHZC;2;Ralleau VMS System;MAIN;35;;;
B3EFAB2A;1;UNC;1;Lease LO 425;MAIN;10|12;;;
B406E1EC;1;SHZC;2;Sunrise;MAIN;101|110;;;
B40EF808;1;SSF;1;South Corridor;MAIN;20;;;
B41933B9;1;TRP;2;Sulfato South;MAIN;29|32|41;;;
B42D570E;1;INT;N/A;Rosemont;MAIN;34;;;
B44DAC75;1;CSF;1;Schaft Creek;MAIN;72;;;
B44DAC75;2;THR;2;Schaft Creek;MAIN;80;;;
B44DAC75;3;SOF;2;Schaft Creek;MAIN;81;;;
B44DAC75;4;SSF;3;Schaft Creek;MAIN;81;;;
B456AC72;1;FLD;2;Wing Lake Property;MAIN;37|38|53;;;
B456AC72;2;INT;2;Wing Lake Property;MAIN;38;;;
B456AC72;3;SHZC;1;Wing Lake Property;MAIN;42;;;
B47F0CCA;1;FLD;2;El Creston;MAIN;14|17;;;
B4825DFB;1;CSF;1;Henday Project;MAIN;12|14;;;
B4825DFB;2;SHZC;2;Henday Project;MAIN;14|15;;;
B4956925;1;SHZC;1;Mavres Petres;MAIN;15|18;;;
B4956925;2;FLD;2;Mavres Petres;MAIN;16|18;;;
B4865FE5;1;TRP;1;Kharmagtai;MAIN;51;;;
B4865FE5;2;SSF;1;Kharmagtai;MAIN;51;;;
B4865FE5;3;FLW;2;Kharmagtai;MAIN;51;;;
B4865FE5;4;THR;2;Kharmagtai;MAIN;51|52;;;
B4865FE5;5;JOG;2;Kharmagtai;MAIN;52|55;;;
B4AEA584;1;BMF;2;Daggett Lithium Project;MAIN;23;;;
B4B96E41;1;BMF;1;Sarcobatus Flat;MAIN;19;;;
B4C69380;1;SHZC;1;Waterberg Extension Project;MAIN;27|36|38;;;
B4C69380;3;SOF;2;Waterberg Extension Project;MAIN;41;;;
B4C8F2E1;2;FLD;2;Santa Rita;MAIN;36;;;
B5071E8D;1;FLD;2;Unkur;MAIN;46;;;
B50D6D41;1;INC;2;North Hitura;MAIN;24;;;
B50D6D41;2;SHZC;1;North Hitura;MAIN;24;;;
B51A55F7;1;SSF;1;Crawford Ultramafic Complex;MAIN;69|71|72;;;
B51A55F7;2;INC;2;Crawford Ultramafic Complex;MAIN;69;;;
B5441F2C;1;BMF;1;Salar de Tolillar;MAIN;54|56;;;
B521070F;1;SHZC;2;Burnt Hill;MAIN;38|47;8000.0;;extent:bounded
B521070F;2;SHZC;1;Burnt Hill;MAIN;39|47;;;
B521070F;3;ENE;3;Burnt Hill;MAIN;40|47;;;
B553CE01;1;FLD;2;Miller;MAIN;29|30;;;
B562C39C;1;CSF;1;Lake Giles Iron;MAIN;27;;;
B562C39C;2;SSF;2;Lake Giles Iron;MAIN;27;;;
B562C39C;3;FLD;2;Lake Giles Iron;MAIN;27;;;
B5815A15;1;FLD;2;Accha Deposit;MAIN;50;;;
B568B923;1;SSF;1;Kili Teke;MAIN;23;;;
B568B923;2;THR;1;Kili Teke;MAIN;23|25;;;
B568B923;3;THR;2;Kili Teke;MAIN;36;;;
B568B923;4;THR;2;Kili Teke;MAIN;37;;;
B568B923;6;SSF;2;Kili Teke;MAIN;37;;;
B5C18C7A;1;SHZC;1;Matagami VMS Deposits;MAIN;129;;;
B5C18C7A;3;SHZC;2;Matagami VMS Deposits;MAIN;129;;;
B5C18C7A;4;SHZC;2;Matagami VMS Deposits;MAIN;130;;;
B5B10CA3;1;FLD;2;Dotson Zone;MAIN;48;;;
B5B10CA3;2;THR;3;Dotson Zone;MAIN;49;;;
B5B10CA3;3;NRM;2;Dotson Zone;MAIN;49;;;
B5CDA0E1;1;SOF;2;Majuba Hill;MAIN;37;91.4;;extent:approx_magnitude
B5CDA0E1;2;INT;2;Majuba Hill;MAIN;37;;;
B60638E6;1;MYLC;2;Foxtrot Project;MAIN;39;;;
B5CEF9A7;1;FLD;2;Bloom Lake;MAIN;87|88;;;
B5CEF9A7;2;THR;1;Bloom Lake;MAIN;83|87|88;;;
B5CEF9A7;3;THR;1;Bloom Lake;MAIN;84;;;
B616D0D8;1;CSF;1;Fabie Bay;MAIN;40;;;
B616D0D8;2;FLD;2;Fabie Bay;MAIN;40;;;
B6220A88;1;FLD;2;Karchiga;MAIN;31|36;;;
B6135801;3;LFT;2;WBJV Project 1;MAIN;100;;;
B6135801;4;FLD;1;WBJV Project 1;MAIN;60|99|100;;;
B63B2749;1;FLD;1;Kombat Mine;MAIN;74|75|76;;;
B63B2749;2;FLD;2;Kombat Mine;MAIN;77|82;;;
B63B2749;3;SHZC;2;Kombat Mine;MAIN;77;;;
B63B2749;4;THR;2;Kombat Mine;MAIN;74|75|82;;;
B63B2749;5;SSF;2;Kombat Mine;MAIN;76|79;;;
B64C6321;1;FLD;2;Etamame Lake Ultramafic Complex;MAIN;17;;;
B65BC1F6;1;THR;1;Tshifufia;MAIN;38;;;
B65BC1F6;2;THR;2;Tshifufia;MAIN;43;;;
B65BC1F6;3;FLD;2;Tshifufia;MAIN;43|47;;;
B65BC1F6;4;SSF;2;Tshifufia;MAIN;41;;;
B657FEB6;2;SHZC;1;San Agustin;MAIN;88;;;
B65E74AD;1;INT;2;Elura/Endeavor deposit;MAIN;25;;;
B65E74AD;2;FLD;2;Elura/Endeavor deposit;MAIN;25;;;
B66A9FD5;1;THR;1;Fording River Operation;MAIN;39;;;
B66A9FD5;2;FLD;1;Fording River Operation;MAIN;41;;;
B66A9FD5;3;NRM;1;Fording River Operation;MAIN;39|41;;;
B666BDD8;1;TRP;1;Cooke Mine;MAIN;50|51|56;;;
B666BDD8;2;THR;1;Cooke Mine;MAIN;56;;;
B666BDD8;3;SHZC;2;Cooke Mine;MAIN;57|59;;;
B666BDD8;4;FLD;2;Cooke Mine;MAIN;51;;;
B666BDD8;5;SOF;2;Cooke Mine;MAIN;56|59|65;;;
B67BBB81;1;FLD;2;Tshifufia;MAIN;57|60;;;
B67BBB81;2;SOF;2;Tshifufia;MAIN;57;;;
B67BBB81;3;THR;2;Tshifufia;MAIN;57;;;
B67CE14C;1;CSF;1;Tres Corrales;MAIN;37|38|45|52|72;;;
B67CE14C;2;BMF;N/A;Tres Corrales;MAIN;37;;;
B6819A14;1;INT;2;Dasa;MAIN;98;;;
B6819A14;2;FLD;2;Dasa;MAIN;98;;;
B6819A14;3;SSF;2;Dasa;MAIN;98|99;;;
B6819A14;6;SSF;2;Dasa;MAIN;100;;;
B6819A14;7;CSF;1;Dasa;MAIN;84;;;
B69EDB30;2;INT;2;Bolívar;MAIN;52;;;
B6BA16BD;1;THR;1;Kipoi Central;MAIN;32;;;
B6C403DE;1;SHZC;2;Elizabeth Lake deposit;MAIN;24;;;
B6C403DE;2;SSF;3;Elizabeth Lake deposit;MAIN;25;;;
B6C403DE;3;FLD;2;Elizabeth Lake deposit;MAIN;24|25;;;
B6B13FC0;1;SHZC;2;Main Zone;MAIN;36;;;
B6B13FC0;2;JOG;2;Main Zone;MAIN;36;;;
B6B13FC0;3;FLD;1;Main Zone;MAIN;31;;;
B6B13FC0;4;FLD;2;Main Zone;MAIN;31;;;
B6DACF3B;1;SHZC;1;Mavres Petres;MAIN;13|15;;;
B6DACF3B;2;FLD;1;Mavres Petres;MAIN;13|15;;;
B6FDAA68;1;THR;1;Vale dos Sonhos;MAIN;31|32;;;
B6FDAA68;2;SSF;1;Vale dos Sonhos;MAIN;32;;;
B71E7083;1;CSF;1;Karchiga;MAIN;37;500000.0;;
B71E7083;2;SSF;2;Karchiga;MAIN;41|44|48|51;;;
B71E7083;3;FLD;2;Karchiga;MAIN;42|43|52|57;;;
B710F221;1;SHZC;2;Denison;MAIN;42|43;;;
B710F221;2;THR;2;Denison;MAIN;43;;;
B710F221;3;SOF;2;Denison;MAIN;43;;;
B7381D9B;1;THR;2;KéMag Deposit;MAIN;76;;;
B784E50F;1;CSF;1;Sunnyside;MAIN;37;;;
B784E50F;2;SHZC;1;Sunnyside;MAIN;37;;;
B7919F26;1;THR;1;Waterbury Project;MAIN;16;;;
B7919F26;2;SOF;2;Waterbury Project;MAIN;16;;;
B7A6E410;1;FLD;2;Cardabia Phosphate Project;MAIN;73|74;;;
B7A6E410;2;BMF;1;Cardabia Phosphate Project;MAIN;73;;;
B7A6E410;3;SSF;2;Cardabia Phosphate Project;MAIN;68|74;;;
B7D15E22;1;SHZC;2;Buckingham Graphite;MAIN;36;;;
B7E02F2E;1;NRM;2;Kaukua;MAIN;34;;;
B7F44707;1;BMF;1;Danakhil Potash Deposit;MAIN;45;;;
B818DD53;1;SHZC;2;Wales Lake East;MAIN;40|41;;;
B82BB151;1;INT;2;Tchiuzo;MAIN;84;;;
B82BB151;2;CSF;1;Tchiuzo;MAIN;80;1200000.0;;
B82D650F;1;FLD;1;Paris Hills;MAIN;51|56;;;
B82D650F;2;THR;1;Paris Hills;MAIN;52|56;;;
B82D650F;3;BMF;1;Paris Hills;MAIN;56;;;
B82D650F;4;SSF;2;Paris Hills;MAIN;56|58;;;
845F3235;1;BMF;2;Fisher Canyon;MAIN;25|28|31;;;
844A5C94;1;TRP;1;La Escandalosa;MAIN;33;;;
844A5C94;2;SSF;1;La Escandalosa;MAIN;33;;;
844A5C94;3;SSF;2;La Escandalosa;MAIN;42;;;
844A5C94;4;THR;2;La Escandalosa;MAIN;42;;;
844A5C94;5;FLD;2;La Escandalosa;MAIN;42;;;
844FA4D4;1;SOF;2;Sandman;MAIN;47;;;
844FA4D4;2;BMF;2;Sandman;MAIN;47|48|52;;;
84A51183;1;CSF;1;Pimenton Porphyry;MAIN;32;;;
84A51183;2;THR;2;Pimenton Porphyry;MAIN;32|34|36;;;
84A51183;3;FLD;2;Pimenton Porphyry;MAIN;34;;;
8564C241;1;SSF;1;EP-006;MAIN;21|22;;;
85EBE620;1;SSF;2;Laowangshan;MAIN;14|25|27;10000.0;;extent:bounded
85EBE620;2;SHZC;2;Laowangshan;MAIN;14|16;;;
84FD331A;1;FLD;1;Centennial;MAIN;31;;;
84FD331A;2;SOF;2;Centennial;MAIN;38;;;
84FD331A;3;ENE;3;Centennial;MAIN;38;;;
85FE3856;1;INT;1;Cerro Casale;MAIN;63;;;
85FE3856;3;INT;2;Cerro Casale;MAIN;64;;;
860C79C1;1;LTC;2;Long Canyon;MAIN;39|47;;;
860C79C1;2;FLD;2;Long Canyon;MAIN;39|40|45;;;
860C79C1;3;THR;2;Long Canyon;MAIN;42;;;
860C79C1;4;BXP;2;Long Canyon;MAIN;42;;;
860C79C1;5;BMF;1;Long Canyon;MAIN;42;;;
860C79C1;6;NRM;2;Long Canyon;MAIN;42;;;
865DF325;1;TRT;1;Chelopech;MAIN;41;;;
865DF325;2;INT;1;Chelopech;MAIN;41;;;
865DF325;3;JOG;2;Chelopech;MAIN;39;;;
865DF325;4;SSF;2;Chelopech;MAIN;42;;;
865DF325;5;SHZC;2;Chelopech;MAIN;47;;;
870281D2;1;SOF;2;Didipio;MAIN;46|52|57;;;
870281D2;2;SHZC;2;Didipio;MAIN;52|57;;;
87AFFC35;1;GSC;2;Boulevard;MAIN;9;;;
8849EFD6;1;SSF;2;Balabag;MAIN;36|39|41;;;
8849EFD6;2;ENE;3;Balabag;MAIN;36|39|41;;;
8849EFD6;3;JOG;2;Balabag;MAIN;36|41;;;
8849EFD6;4;SOF;2;Balabag;MAIN;36|41;;;
8849EFD6;5;FLD;2;Balabag;MAIN;36|41;;;
892CA8A8;1;THR;1;Olympias;MAIN;21|22|26;;;
892CA8A8;2;LFT;2;Olympias;MAIN;22|26;;;
892CA8A8;3;FLD;2;Olympias;MAIN;22|26;;;
8A404367;1;BMF;1;Irokindinskoye deposit;MAIN;43;;;
8A404367;2;SOF;2;Irokindinskoye deposit;MAIN;43|45;;;
896CC7B8;2;INC;2;Karakartal;MAIN;20;;;
8955567C;1;SHZC;2;Sugarloaf Peak;MAIN;49|54;;;
8955567C;2;SHZC;1;Sugarloaf Peak;MAIN;49;;;
8955567C;3;JOG;2;Sugarloaf Peak;MAIN;49;;;
8A66B276;1;FLD;2;Wishbone Project;MAIN;34;;;
8A66B276;2;SHZC;2;Wishbone Project;MAIN;34;;;
8AC94999;1;THR;1;Black Dog and SRV;MAIN;19;;;
8AC94999;2;THR;2;Black Dog and SRV;MAIN;21|25;;;
8AC94999;4;FLD;2;Black Dog and SRV;MAIN;25;;;
8B378B3D;1;CSF;1;17 Zone;MAIN;23|25;;;
8AC4046D;1;SHZC;2;Bug Lake;MAIN;21|24|34;;;
8ACA41EE;1;SSF;2;Guayabito;MAIN;19;1000.0;;extent:bounded
8ACA41EE;2;JOG;2;Guayabito;MAIN;19;;;
8ACA41EE;3;SOF;3;Guayabito;MAIN;19;;;
8ACA41EE;4;SHZC;2;Guayabito;MAIN;20;;;
8ACA41EE;5;INT;2;Guayabito;MAIN;20|29;;;
8ACA41EE;6;CSF;1;Guayabito;MAIN;21|23;;;
8B567DBA;1;SHZC;2;Bachelor Lake;MAIN;43;;;
8B567DBA;4;SHZC;2;A Zone;MAIN;49;;;
8B7D478D;1;SSF;1;Taunus;MAIN;30|31;;;
8B7D478D;2;JOG;2;Taunus;MAIN;30|31;3000.0;;extent:approx_magnitude
8B7D478D;3;INT;2;Taunus;MAIN;31;;;
8B7D478D;4;SSF;3;Taunus;MAIN;31;;;
8BA0D36D;1;SHZC;1;Sandeb Property;MAIN;32|33|41|72;;;
8BA0D36D;2;FLD;2;Sandeb Property;MAIN;35|70;;;
8BA0D36D;3;SSF;1;Sandeb Property;MAIN;36|40;;;
8BECD458;2;FLD;2;Bonanza Ledge;MAIN;43;;;
8BECD458;3;THR;1;Bonanza Ledge;MAIN;39;;;
8BECD458;4;SSF;1;Bonanza Ledge;MAIN;39;;;
8D1EDC27;1;FLD;2;Montauban Deposit;MAIN;12|13;;;
8C3BC820;1;SSF;1;San Andres;MAIN;45;;;
8DAD68E8;1;SOF;2;Regent;MAIN;28|34|35;;;
8F5CFF24;1;BMF;1;Tad Porphyry;MAIN;15|19|33;;;
8F5CFF24;2;SHZC;2;Tad Porphyry;MAIN;23;;;
8E13042B;1;CSF;1;Bulagou;MAIN;29;;;
8E13042B;2;CSF;1;Bulagou;MAIN;33;;;
8E13042B;3;INC;2;Bulagou;MAIN;33|36;;;
8F7A34C8;1;FLD;2;Cove;MAIN;40|45;;;
8F7A34C8;2;INT;2;Cove;MAIN;40|44;;;
8F7A34C8;3;SOF;2;Cove;MAIN;38|40|44;;;
8FF1F45B;1;CLD;2;Rainy River Gold Project;MAIN;46;;;
8FF1F45B;2;FLD;3;Rainy River Gold Project;MAIN;42|43;;;
8FF1F45B;3;SHZC;1;Rainy River Gold Project;MAIN;43;;;
91384B58;1;SHZC;1;Divide Prospect;MAIN;15;;;
907966F2;1;BMF;1;Igwageta Prospect;MAIN;19;;;
907966F2;3;INT;2;Igwageta Prospect;MAIN;27;;;
907966F2;4;DET;1;Igwageta Prospect;MAIN;17;;;
911C5E57;1;SHZC;2;Hassai VMS;MAIN;61;;;
911C5E57;2;MYLC;2;Hassai VMS;MAIN;61;;;
909923A1;1;TRT;1;Caspiche Porphyry;MAIN;34;;;
91497175;1;SHZC;1;Vein No. 12;MAIN;19;;;
9188BA5D;1;SSF;1;El Yujo;MAIN;24;;;
9188BA5D;2;FLD;2;El Yujo;MAIN;27;;;
92155D9C;1;CSF;1;Tabakoto;MAIN;78|80;;;
92155D9C;2;SOF;2;Tabakoto;MAIN;80;;;
92155D9C;3;FLD;2;Tabakoto;MAIN;82|84;;;
92155D9C;4;INT;3;Tabakoto;MAIN;84;;;
91D65855;1;SHZC;1;Cerro Prieto;MAIN;36;10000.0;;extent:bounded
92D3E9E4;1;SOF;2;Wikieup Project;MAIN;21;;;
92ED96D6;1;SSF;1;Jake Showing;MAIN;10|12;;1000.0;
92ED96D6;2;SHZC;2;Jake Showing;MAIN;15|18|19;;;
9314485E;1;SHZC;2;Napoleon;MAIN;21|25;4000.0;;extent:bounded
9421460D;1;INC;2;Dingman;MAIN;35;;;
9421460D;2;SOF;2;Dingman;MAIN;35;;;
95473CE7;1;SHZC;2;Batman Deposit;MAIN;64;;;
95473CE7;2;SSF;1;Batman Deposit;MAIN;66;;;
95577C17;1;INC;2;Hall Lake felsic dyke mineralization;MAIN;19;1500.0;;extent:bounded
9576C90F;1;SHZC;1;Hirsikangas;MAIN;32|42;;;
9576C90F;2;ENE;2;Hirsikangas;MAIN;42|47|50;;;
95B9BF9E;3;SSF;1;San Dimas District;MAIN;39;;;
95B9BF9E;4;SOF;2;San Dimas District;MAIN;39;;;
95EC4583;1;CSF;1;Masbate;MAIN;45|53;1200000.0;;
95EC4583;2;SSF;2;Masbate;MAIN;46|51|53;;;
95EC4583;3;SHZC;2;Masbate;MAIN;54|57;;;
96880E39;2;FLD;2;La Arena;MAIN;54;;;
96880E39;3;INT;1;La Arena;MAIN;50|54;;;
96880E39;4;BXP;2;La Arena;MAIN;56;;;
952859A9;2;GSC;2;Wolf Property;MAIN;16;;;
96A1679E;1;THR;1;Serra Pelada;MAIN;32;;;
96A1679E;2;FLD;2;Serra Pelada;MAIN;32|37|38;;;
96A7F58A;1;CSF;1;El Compas;MAIN;35|36;;;
96A7F58A;2;INT;2;El Compas;MAIN;36|37|45;;;
98E7B17D;1;CSF;1;Bong Mieu East;MAIN;29;100000.0;20000.0;extent:bounded
98E7B17D;2;FLD;2;Bong Mieu East;MAIN;32;;;
98E7B17D;5;MYLC;3;Bong Mieu East;MAIN;36;;;
98D32EC9;1;SOF;2;Didipio Gold-Copper Deposit;MAIN;57|58;;;
98D32EC9;2;SHZC;2;Didipio Gold-Copper Deposit;MAIN;57;;;
9A55BCB1;1;SSF;2;Descubridora;MAIN;36;;;
9A55BCB1;2;INT;2;Descubridora;MAIN;36;;;
9A55BCB1;3;THR;1;Descubridora;MAIN;21;;;
9A55BCB1;4;FLD;1;Descubridora;MAIN;21;;;
9B3C4EEB;1;SHZC;1;Cross Mine;MAIN;40;;;
9B3C4EEB;3;INT;2;Cross Mine;MAIN;40;;;
9B3C4EEB;4;JOG;2;Cross Mine;MAIN;40;;;
9B3C4EEB;5;ENE;3;Cross Mine;MAIN;40;;;
9B509116;1;SHZC;2;JJ Main;MAIN;27|28|31|33;;;
9BEF8EE6;1;SHZC;1;El Capitan;MAIN;34;3500.0;;extent:bounded
9BEF8EE6;3;INT;2;El Capitan;MAIN;34|41;;;
9C45E05D;1;DET;1;Bullard Pass Property;MAIN;9;;;
9C45E05D;2;LFT;2;Bullard Pass Property;MAIN;11;;;
9C45E05D;3;SHZC;2;Bullard Pass Property;MAIN;10|12;;;
9C829B6E;1;CSF;1;North Deposit (Bai Go);MAIN;35;;;
9C829B6E;2;THR;2;North Deposit (Bai Go);MAIN;40;4000.0;;extent:bounded
9D3D5C3B;1;CSF;1;Rob Property;MAIN;8;;;
9D3D5C3B;2;SHZC;1;Rob Property;MAIN;10;;;
9D3D5C3B;3;SOF;2;Rob Property;MAIN;11;;;
9D3D5C3B;4;SHZC;2;Rob Property;MAIN;10|11;;;
9D5FCF42;1;CSF;1;Auden Property Gold;MAIN;25|30|31|35;;;
9C83427A;1;SSF;1;Cleary Hill;MAIN;15;;;
9C83427A;2;SHZC;2;Cleary Hill;MAIN;15;;;
9C83427A;3;INT;2;Cleary Hill;MAIN;19|37;;;
9C83427A;4;FLD;2;Cleary Hill;MAIN;62;;;
9DF977C3;1;FLD;2;Haile;MAIN;45;;;
9DF977C3;2;SHZC;2;Haile;MAIN;45;;;
9D9CB47D;1;SSF;1;Elizabeth Vein System;MAIN;16|25|33;;;
9D9CB47D;2;SHZC;2;Elizabeth Vein System;MAIN;22;1000.0;;
9D9CB47D;3;THR;2;Elizabeth Vein System;MAIN;19|23;;;
9D9CB47D;4;NRM;3;Elizabeth Vein System;MAIN;32;;;
9D9CB47D;5;ENE;3;Elizabeth Vein System;MAIN;25;;;
9E069746;1;FLD;2;Mitoma;MAIN;30|64;;;
9E75C3FF;1;SSF;1;EMZ;MAIN;42;;;
9E75C3FF;2;BMF;1;EMZ;MAIN;42;;;
9E75C3FF;3;FLD;2;EMZ;MAIN;48|61;;;
9E75C3FF;4;LTC;2;EMZ;MAIN;61;;;
9E75C3FF;5;FLD;2;EMZ;MAIN;54;;;
9E54A327;1;FLD;2;Buzzard Prospect;MAIN;24;;;
9E54A327;2;SHZC;2;Buzzard Prospect;MAIN;24;;;
9EFA5D28;1;FLD;2;San Rafael vein;MAIN;13;;;
9FA0906C;1;INC;2;Titan;MAIN;18;;;
9FA0906C;2;INT;2;Titan;MAIN;25;;;
A0D0B12A;1;SHZC;2;CSH Mine;MAIN;25;;;
A0D0B12A;2;FLD;2;CSH Mine;MAIN;25;;;
9FC4FC49;1;THR;1;Robertson;MAIN;38;;;
9FC4FC49;3;INT;2;Robertson;MAIN;38|39;;;
9FC4FC49;4;FLD;3;Robertson;MAIN;39;;;
A026CFAE;1;CSF;1;Cerro Quema;MAIN;30;;;
A026CFAE;2;SHZC;2;Cerro Quema;MAIN;34|36;;;
A026CFAE;3;INT;2;Cerro Quema;MAIN;34|36;;;
A1918878;1;SHZC;2;Golden Gap;MAIN;12;;;
A15AA5BD;1;FLD;2;El Valle-Boinás;MAIN;62;;;
A15AA5BD;2;THR;2;El Valle-Boinás;MAIN;62|66|78;;;
A15AA5BD;3;LTC;2;El Valle-Boinás;MAIN;62;;;
A1E40D51;1;INT;2;RJR Zone;MAIN;36;;;
A2955C3F;1;SHZC;1;Pickle Crow;MAIN;68|80;100.0;;extent:bounded
A2955C3F;2;SHZC;2;Pickle Crow;MAIN;65;30.0;;extent:bounded
A2955C3F;3;SOF;2;Pickle Crow;MAIN;65|75;3.5;;extent:range_mean
A2955C3F;4;FLD;2;Pickle Crow;MAIN;63;;;
A3038390;1;UNC;2;SOFS Goldfield;MAIN;36|39|42;;;
A3038390;2;FLD;1;SOFS Goldfield;MAIN;39;;;
A3038390;3;BMF;1;SOFS Goldfield;MAIN;39;;;
A3038390;4;THR;2;SOFS Goldfield;MAIN;39;;;
A36D4C9A;2;INC;2;Isabella Gold Silver Project;MAIN;21;;;
A36D6A11;3;INT;2;Pucamayo East;MAIN;6;;;
A49C0589;1;NRM;2;SF Property;MAIN;8;;;
A49C0589;2;ENE;2;SF Property;MAIN;8;;;
A49C0589;3;INT;2;SF Property;MAIN;8;;;
A3D16B47;1;SHZC;1;Detour Lake deposit;MAIN;34;25000.0;;extent:bounded
A3D16B47;2;SOF;2;Detour Lake deposit;MAIN;36;;;
A3D16B47;3;FLD;2;Detour Lake deposit;MAIN;38|44;;;
A3D16B47;4;LTC;2;Detour Lake deposit;MAIN;46;;;
A3D16B47;5;SHZC;3;Detour Lake deposit;MAIN;46;;;
A3D16B47;6;SOF;2;Detour Lake deposit;MAIN;46;;;
A4E46E62;1;SHZC;1;Leprechaun gold deposit;MAIN;47|48;30000.0;;extent:bounded
A4E46E62;2;LTC;2;Leprechaun gold deposit;MAIN;47;;;
A5B0BFB3;1;SHZC;1;Osbell deposit;MAIN;42;;;
A5B0BFB3;2;SHZC;2;Osbell deposit;MAIN;42;;;
A5B0BFB3;3;NRM;2;Osbell deposit;MAIN;63;;;
A5041C14;1;SSF;1;Tumpangpitu;MAIN;28|30;;;
A5041C14;3;BXP;2;Tumpangpitu;MAIN;32;;;
A66D3126;1;SHZC;2;Lucky Shot;MAIN;22|27;;;
A67ED057;1;SSF;1;Camp Zone;MAIN;16;;;
A67ED057;2;SOF;2;Camp Zone;MAIN;16;;;
A67ED057;3;FLD;2;Camp Zone;MAIN;19|23;;;
A67ED057;4;THR;2;Camp Zone;MAIN;17|19|22;;;
A68EC82E;1;THR;2;Black Point;MAIN;15|18;;;
A68EC82E;3;INT;2;Black Point;MAIN;25;;;
A71B785C;1;SHZC;1;Grota Sêca;MAIN;38|44|45;;;
A71B785C;2;MYLC;2;Grota Sêca;MAIN;39;;;
A776B866;1;SHZC;1;Angovia 1;MAIN;19;;;
A776B866;2;SOF;2;Angovia 1;MAIN;19;;;
A776B866;3;SSF;2;Angovia 1;MAIN;20;;;
A746F9F0;1;THR;2;Cariboo Goldfields Property;MAIN;34;;;
A746F9F0;2;NRM;2;Cariboo Goldfields Property;MAIN;34;;;
A746F9F0;3;FLD;2;Cariboo Goldfields Property;MAIN;34;;;
A746F9F0;4;SSF;1;Cariboo Goldfields Property;MAIN;23|27;;;
A746F9F0;5;THR;1;Cariboo Goldfields Property;MAIN;23|26;;;
A746F9F0;6;SHZC;1;Cariboo Goldfields Property;MAIN;26;;;
A8633680;1;FLD;2;San Rafael Vein;MAIN;22;;;
A8C0B23A;1;SSF;1;Amadeus Zone;MAIN;19|24;;;
A8BEF1DD;2;INT;2;Campamento;MAIN;35;;;
A9B830E1;1;BMF;1;Nuevo Milenio Project;MAIN;23|24;;;
A9B830E1;2;SOF;2;Nuevo Milenio Project;MAIN;31|32|34|37;;;
AA15D6D5;1;SHZC;2;Augusta;MAIN;41|44;;;
AA15D6D5;2;INT;3;Augusta;MAIN;46;;;
AA15D6D5;3;SOF;2;Augusta;MAIN;44;;;
AB6D0D58;1;THR;2;Isabelle showing;MAIN;15;;;
AB6D0D58;2;FLD;2;Isabelle showing;MAIN;15;;;
AB6D0D58;3;LTC;2;Isabelle showing;MAIN;15;;;
AB6D0D58;4;INC;2;Isabelle showing;MAIN;15;;;
AB6D0D58;5;SOF;2;Isabelle showing;MAIN;17;;;
AC1F4503;1;SHZC;1;Wona;MAIN;29;;;
AB43744A;1;SHZC;1;Rosebel deposits;MAIN;41;;;
AB43744A;2;THR;2;Rosebel deposits;MAIN;46|48;;;
AB43744A;3;SHZC;2;Rosebel deposits;MAIN;50|52|53|56|57;;;
AB43744A;4;FLD;2;Rosebel deposits;MAIN;41|42|44|48|50|54;;;
AB43744A;5;LTC;2;Rosebel deposits;MAIN;41|44|50|52|54;;;
AB43744A;6;INT;2;Rosebel deposits;MAIN;53;;;
AB72D5CD;1;SSF;1;Golden Arrow;MAIN;39;;;
AB72D5CD;2;CLD;1;Golden Arrow;MAIN;39|45|46;;;
AB72D5CD;3;SOF;2;Golden Arrow;MAIN;46;;;
AC5A94C3;1;FLD;2;DBM Project;MAIN;38;;;
AC5A94C3;2;NRM;2;DBM Project;MAIN;32|38;;;
AC5A94C3;3;THR;2;DBM Project;MAIN;38;;;
AC5A94C3;4;UNC;2;DBM Project;MAIN;32|35|36|38|41|42;;;
AD1D8999;1;THR;2;Isabelle zone;MAIN;16;;;
AD1D8999;2;FLD;2;Isabelle zone;MAIN;16;;;
AD755402;1;CSF;1;Kenwest Property;MAIN;23|26;50000.0;;extent:bounded
AD755402;2;SHZC;1;Kenwest Property;MAIN;25;15000.0;;extent:range_mean
AD755402;3;FLD;1;Kenwest Property;MAIN;23|26;30000.0;;extent:bounded
AD755402;4;SHZC;2;Kenwest Property;MAIN;28;;;
AD755402;5;LTC;2;Kenwest Property;MAIN;28;;;
ADFF5BE7;1;CSF;1;Pico Machay;MAIN;24;;;
ADFF5BE7;2;THR;2;Pico Machay;MAIN;28|33|48;;;
ADFF5BE7;3;FLD;1;Pico Machay;MAIN;28;;;
AE1345E6;1;CSF;1;El Compas;MAIN;49|53;;;
AE1345E6;4;INT;2;El Compas;MAIN;63;;;
AF27AF85;2;CLD;1;Greater Cangrejos;MAIN;30;;;
AF27AF85;3;CLD;2;Greater Cangrejos;MAIN;66;;;
AF27AF85;5;INT;2;Greater Cangrejos;MAIN;66;;;
AFDA41AB;1;SHZC;2;West Zone;MAIN;45;;;
AFDA41AB;2;SSF;1;West Zone;MAIN;45|46;;;extent:unparseable
AFDA41AB;3;NRM;2;West Zone;MAIN;59;;;
AF987718;2;INT;3;Graben deposit;MAIN;21|64;;;
B02E8681;1;SSF;2;Snowfield deposit;MAIN;30;;;
B02E8681;2;THR;2;Snowfield deposit;MAIN;30;;;
B02E8681;3;THR;1;Snowfield deposit;MAIN;30;;1000.0;distance:bounded
B036B185;1;FLD;2;Eagle Zone;MAIN;59|60;;;
B06AB8F9;1;CSF;1;Saunders Vein System;MAIN;21;80000.0;;extent:bounded
B06AB8F9;2;SOF;2;Saunders Vein System;MAIN;22;;;
B0CF53B9;1;THR;1;Moosehead;MAIN;23;;;
B0CF53B9;2;SSF;2;Moosehead;MAIN;24|30;;;
B0CF53B9;3;INT;2;Moosehead;MAIN;30;;;
B0EF340D;1;SOF;2;La Suerte;MAIN;17|21;600.0;;
B10BD979;1;CSF;1;Baseline-Nugget Block;MAIN;30|31|35;;;
B10BD979;2;SOF;2;Baseline-Nugget Block;MAIN;31|32|39;;;
B10BD979;3;ENE;3;Baseline-Nugget Block;MAIN;32|39;;;
B337A761;1;SHZC;1;88-60 Zone;MAIN;33;;;
B337A761;2;SOF;2;88-60 Zone;MAIN;33;;;
B337A761;3;FLD;2;88-60 Zone;MAIN;32|34|35;;;
B337A761;4;ENE;3;88-60 Zone;MAIN;32;;;
B1D94769;1;LFT;1;Brimstone;MAIN;49|53;;;
B2DFD2FE;1;SSF;1;Gaby Main;MAIN;40;;;
B2DFD2FE;3;INT;2;Gaby Main;MAIN;47;;;
B2DFD2FE;4;JOG;2;Gaby Main;MAIN;48;;;
B3EC2427;1;SSF;1;Isidora Mine;MAIN;29;;;
B3EC2427;2;JOG;2;Isidora Mine;MAIN;29|32;;;
B3EC2427;3;SHZC;2;Isidora Mine;MAIN;30|32;;;
B3EC2427;4;INC;2;Isidora Mine;MAIN;32;;;
B38E1E11;1;SSF;1;Silver Queen;MAIN;35;;;
B38E1E11;2;SSF;2;Silver Queen;MAIN;35;;;
B38E1E11;3;JOG;3;Silver Queen;MAIN;35;;;
B38E1E11;4;CLD;2;Silver Queen;MAIN;35;;;
B44E9D9D;1;SOF;2;Angela vein;MAIN;23|50|55;;;
B5C1A5B6;1;INT;1;Cerro Casale;MAIN;59;;;
B5C1A5B6;2;SOF;2;Cerro Casale;MAIN;55|59;;;
B5C1A5B6;3;INT;2;Cerro Casale;MAIN;60;;;
B647CCEC;2;INC;2;Dolores;MAIN;30;;;
B6EA8AE6;1;CSF;1;Cerro Vetas;MAIN;23|25;;;
B532D621;1;SSF;1;Brucejack Property;MAIN;41|43;;;extent:unparseable
B532D621;2;SHZC;2;Brucejack Property;MAIN;41;;;
B532D621;3;THR;1;Brucejack Property;MAIN;34;;;
B532D621;4;SOF;2;Brucejack Property;MAIN;68;;;
B7E47AD9;1;SHZC;2;Groete Creek;MAIN;10|11;;;
B866216D;1;NRM;1;Red Cliff;MAIN;16;;;
B866216D;2;INT;2;Red Cliff;MAIN;16;;;
B866216D;3;SOF;2;Red Cliff;MAIN;16;;;
B866216D;4;FLD;1;Red Cliff;MAIN;16;;;
B73F3E59;1;THR;1;Mitchell Zone;MAIN;58|63;;;
B73F3E59;2;MYLC;2;Mitchell Zone;MAIN;58|63;;;
B73F3E59;3;LTC;2;Mitchell Zone;MAIN;63;;;
B8B774DD;1;GSC;2;Link-Catherine;MAIN;36|38;;;
B8B774DD;2;ENE;3;Link-Catherine;MAIN;36|38|69;;;
B9036F20;1;SSF;2;Snowfield Deposit;MAIN;22;;;
B9036F20;2;SSF;1;Snowfield Deposit;MAIN;22;;;
B9036F20;3;THR;1;Snowfield Deposit;MAIN;22;;;
B9036F20;4;THR;2;Snowfield Deposit;MAIN;22;;;
B9AFBCEF;1;SHZC;2;Eagle Mountain;MAIN;39|43;;;
B9AFBCEF;2;THR;2;Eagle Mountain;MAIN;38|39;;;
B9AFBCEF;4;FLD;2;Eagle Mountain;MAIN;38;;;
B9AFBCEF;5;SSF;2;Eagle Mountain;MAIN;39;;;
B9B8A519;1;SOF;2;144 Zone;MAIN;30|33|36|37|40;518.0;;extent:bounded|extent:from_metric_paren
B9B8A519;2;THR;1;144 Zone;MAIN;28|36;;;
B9B8A519;3;SOF;1;144 Zone;MAIN;30;;;
B990FE83;5;INT;2;Binebase-Bawone;MAIN;33;;;
B9E61A61;1;THR;1;Certej;MAIN;29|31;;;
B9E61A61;3;JOG;2;Certej;MAIN;34;;;
BA5CF869;1;SHZC;1;Madoc Project Gold System;MAIN;37;;;
BA24F5CF;1;CSF;1;Caramanta Project;MAIN;32;;;
BA0BF7E6;1;CSF;1;Taldybulak;MAIN;40;;;
BB28A77A;1;FLD;2;Eau Claire;MAIN;25|32;;;
BB28A77A;2;FLD;1;Eau Claire;MAIN;27|32;;;
BB28A77A;3;ENE;3;Eau Claire;MAIN;33;;;
BB28A77A;4;GSC;2;Eau Claire;MAIN;27|32;;;
BC8BC891;1;SHZC;2;Duggan Zone;MAIN;44;;;
BB7115CB;1;INT;2;Sorowar;MAIN;46;;;
BB34ACC5;1;SHZC;1;Alimonie South;MAIN;20|40;32000.0;;
BB34ACC5;2;GSC;1;Alimonie South;MAIN;20|40;32000.0;;
BB34ACC5;3;INT;1;Alimonie South;MAIN;20;;;
BB534F3E;1;SSF;1;Porphyry Knob;MAIN;16|17|20;;;
BB534F3E;2;SOF;2;Porphyry Knob;MAIN;17;;;
BB534F3E;3;SHZC;2;Porphyry Knob;MAIN;21;;;
BC910AB0;1;SHZC;1;Rossmere Property;MAIN;19|20;;;
BC910AB0;2;SHZC;2;Rossmere Property;MAIN;24;;;
BD98CCFF;1;SOF;2;Tekem;MAIN;12|19;400.0;;
BE000072;1;FLD;1;New Pass;MAIN;42;;;
BE000072;2;BMF;1;New Pass;MAIN;42;;;
BCB749DB;1;SHZC;1;Headway Project;MAIN;25|37;;;
BCB749DB;2;SHZC;2;Headway Project;MAIN;25|32|36;;;
BE1DA3E4;1;SHZC;1;Posse Deposit;MAIN;38;;;
BE1DA3E4;2;THR;1;Posse Deposit;MAIN;46;;;
BE1DA3E4;3;SHZC;2;Posse Deposit;MAIN;50;;;
BE1DA3E4;4;MYLC;2;Posse Deposit;MAIN;50;;;
BE1DA3E4;5;JOG;2;Posse Deposit;MAIN;50;;;
C00E85A6;1;SSF;2;San Miguel Vein;MAIN;27|28;;;
C00E85A6;2;JOG;2;San Miguel Vein;MAIN;36;;;
BEDF1012;1;SHZC;2;Atlanta lode;MAIN;40|45;3475.0;;extent:from_metric_paren
BEDF1012;3;ENE;3;Atlanta lode;MAIN;40|45;;;
BEDF1012;4;INT;2;Atlanta lode;MAIN;45;;;
BFC971A6;1;CSF;1;Cerro Quema;MAIN;30;;;
BFC971A6;2;SHZC;1;Cerro Quema;MAIN;30;;;
BFC971A6;3;SHZC;2;Cerro Quema;MAIN;34|36;;;
BFC971A6;4;SOF;2;Cerro Quema;MAIN;36;;;
BFC971A6;5;INT;2;Cerro Quema;MAIN;36;;;
C012B9BB;1;SOF;2;El Padre Vein;MAIN;10;;;
C03B8B08;1;THR;2;Cerro San Pedro;MAIN;39|41|46;;;
C03B8B08;2;SSF;2;Cerro San Pedro;MAIN;39|41|46;;;
C03B8B08;3;SOF;2;Cerro San Pedro;MAIN;45;;;
C03B8B08;4;INT;2;Cerro San Pedro;MAIN;41;;;
C07CD186;1;SHZC;1;Barry I Main Zone;MAIN;76;;;
C07CD186;2;INT;1;Barry I Main Zone;MAIN;76;;;
C07CD186;3;FLD;2;Barry I Main Zone;MAIN;78|82|85;;;
C1432194;1;SHZC;1;Green Camp;MAIN;17|19;;;
C1432194;2;SOF;2;Green Camp;MAIN;19;;;
C1432194;3;FLD;2;Green Camp;MAIN;19;;;
C1432194;4;INC;2;Green Camp;MAIN;20;;;
C1432194;5;LTC;2;Green Camp;MAIN;17|20;;;
C0811712;1;CSF;1;MacCormack;MAIN;19|21;;;
C0811712;2;SOF;2;MacCormack;MAIN;19|21;;;
C0811712;3;LTC;2;MacCormack;MAIN;20;;;
C2141697;2;FLD;2;Eagle Zone;MAIN;24|25;;;
C33C24B7;1;CSF;1;Cuiú Cuiú;MAIN;15|18;;;
C2BC4720;1;SHZC;1;Cerro Prieto;MAIN;53;10000.0;;extent:bounded
C2BC4720;2;INT;2;Cerro Prieto;MAIN;54|62;;;
C37A67A5;1;SHZC;2;Bachelor Lake;MAIN;36|175;;;
C37A67A5;2;LFT;2;Bachelor Lake;MAIN;32|172;;;
C379E321;1;CSF;1;Kupol;MAIN;30;;;distance:unparseable
C379E321;2;SOF;2;Kupol;MAIN;30;;;
C37DE96C;1;CSF;1;Casino B;MAIN;17;;;
C429625A;1;MYLC;2;Marco Zone;MAIN;14;;;
C42A2034;1;SHZC;1;South Block;MAIN;27;;;
C42A2034;2;INC;2;South Block;MAIN;27;;;
C3B6F355;1;SSF;2;Silver Coin;MAIN;36|39;;;
C3B6F355;2;THR;2;Silver Coin;MAIN;36|39;;;
C3B6F355;3;CSF;1;Silver Coin;MAIN;38|50|52;;;
C3B6F355;4;SHZC;2;Silver Coin;MAIN;52;;;
C432E9BA;1;CLD;1;Golden Arrow;MAIN;45|46;;;
C432E9BA;2;SSF;2;Golden Arrow;MAIN;39|46;;;
C514F42D;1;SHZC;1;Orion Gold Deposit;MAIN;15;4000.0;;extent:bounded
C514F42D;2;THR;2;Orion Gold Deposit;MAIN;15|16;;;
C514F42D;4;FLD;2;Orion Gold Deposit;MAIN;16;;;
C514F42D;5;CSF;1;Orion Gold Deposit;MAIN;12|13;;;
C575A2B4;1;BMF;1;Nambija;MAIN;20|21;4000.0;;
C575A2B4;2;THR;2;Nambija;MAIN;22;;;
C6573B09;1;SHZC;2;Marco Zone;MAIN;14;;;
C607C0F3;1;CSF;1;Kanweaken;MAIN;11|14;;;
C607C0F3;2;SHZC;2;Kanweaken;MAIN;14|21;;;
C607C0F3;3;FLD;2;Kanweaken;MAIN;14;;;
C657A340;1;THR;1;Caspiche;MAIN;26;;;
C657A340;2;TRT;1;Caspiche;MAIN;26;;;
C657A340;3;NRM;2;Caspiche;MAIN;37;;;
C657A340;4;THR;2;Caspiche;MAIN;28;;;
C77D38C3;1;SHZC;1;Cerro Vetas-NW Breccia-Chisperos;MAIN;37|40|43|67;;;
C77D38C3;2;SOF;2;Cerro Vetas-NW Breccia-Chisperos;MAIN;40|43|67;;;
C77D38C3;3;THR;3;Cerro Vetas-NW Breccia-Chisperos;MAIN;46|67;;;
C75ABF3C;1;CSF;1;Marmato;MAIN;38;;;
C75ABF3C;2;SHZC;2;Marmato;MAIN;43;;;
C75ABF3C;3;SOF;2;Marmato;MAIN;43;;;
C75ABF3C;4;THR;2;Marmato;MAIN;43;;;
C85C2176;1;SHZC;2;Orfée and Orfée East;MAIN;13|14;;;
C85C2176;2;FLD;2;Orfée and Orfée East;MAIN;13|17;;;
C85C2176;3;GSC;2;Orfée and Orfée East;MAIN;16;;;
C99F1F1B;1;SHZC;1;Busitema;MAIN;37;;;
C99F1F1B;2;SOF;2;Busitema;MAIN;37;;;
C99F1F1B;3;ENE;3;Busitema;MAIN;42;;;
CA72ACFB;1;SHZC;1;Doctors Point;MAIN;30;;;
CA72ACFB;2;SSF;1;Doctors Point;MAIN;30;;;
CA72ACFB;3;DOM;2;Doctors Point;MAIN;34|36|38;;;
CA72ACFB;4;THR;2;Doctors Point;MAIN;34|38;;;
CAD9258E;1;SOF;2;025 Zone;MAIN;20;6000.0;;
CAD9258E;2;CSF;1;025 Zone;MAIN;19|20;;;
CB4755CE;1;SHZC;1;Easter vein;MAIN;18;;;
CB4755CE;2;SOF;2;Easter vein;MAIN;19;1966.0;;extent:bounded|extent:from_metric_paren
CB4755CE;3;CLD;1;Easter vein;MAIN;19;;800.0;
CB4755CE;4;INT;2;Easter vein;MAIN;19;;;
CBE4DF2F;1;SHZC;1;Bernadette-Dubeau;MAIN;25|32;;;
CBE4DF2F;2;LTC;2;Bernadette-Dubeau;MAIN;40|41;;;
CBD804E3;1;FLD;1;Main Homestake deposit;MAIN;16|42;;;
CBD804E3;2;THR;1;Main Homestake deposit;MAIN;16|42;;;
CD153874;1;FLD;2;Kangaroo;MAIN;22;;;
CD153874;3;INC;2;Kangaroo;MAIN;28;;;
CCA7034A;1;FLD;2;El Valle-Boinás;MAIN;60;;;
CCA7034A;2;THR;2;El Valle-Boinás;MAIN;60|64|76;;;
CCA7034A;3;INT;2;El Valle-Boinás;MAIN;63;;;
CCA7034A;4;JOG;2;El Valle-Boinás;MAIN;74;;;
CCA7034A;5;SOF;2;El Valle-Boinás;MAIN;72;;;
CC8B4105;1;SOF;2;Cat Mountain;MAIN;31|36|37;;;
CC8B4105;2;SHZC;2;Cat Mountain;MAIN;30|37;;;
CC8B4105;3;CLD;3;Cat Mountain;MAIN;37;;;
CD63339B;1;TRT;1;Cerro Moro;MAIN;26;;;
CD1C8D29;1;SHZC;2;Hammond Reef;MAIN;50|56;;;
CD1C8D29;2;SOF;2;Hammond Reef;MAIN;50;;;
CDBA2F7E;1;CSF;1;La Bolsa;MAIN;24;40000.0;;extent:range_mean
CDBA2F7E;2;SOF;2;La Bolsa;MAIN;26;;;
CDBA2F7E;3;SOF;2;La Bolsa;MAIN;27;;;
CDBA2F7E;4;INT;2;La Bolsa;MAIN;27;;;
CDBA2F7E;5;ENE;3;La Bolsa;MAIN;27;;;
CDE3E1E7;1;SSF;1;Mt. Kare;MAIN;38|42;;;
CDE3E1E7;2;THR;1;Mt. Kare;MAIN;38|42;;;
CDE3E1E7;3;INT;1;Mt. Kare;MAIN;38;;;
CDE3E1E7;4;SHZC;2;Mt. Kare;MAIN;42;;;
CDE3E1E7;6;FLD;2;Mt. Kare;MAIN;42;;;
CDE3E1E7;7;GSC;2;Mt. Kare;MAIN;46;;;
CDE3E1E7;8;SOF;3;Mt. Kare;MAIN;46|47;;;
CDE3E1E7;9;JOG;3;Mt. Kare;MAIN;47;;;
CEB3E4AC;1;SOF;2;La Josefina;MAIN;33|36;10000.0;;
CEB3E4AC;2;INT;2;La Josefina;MAIN;33|41;;;
CEC900AC;1;CSF;1;Marmato;MAIN;72|75;;;
CEC900AC;2;ENE;3;Marmato;MAIN;74|75;;;
CF443FC8;1;INT;2;Sapuchi;MAIN;43;;;
CF443FC8;2;SOF;2;Sapuchi;MAIN;40|43;;;
CF443FC8;3;THR;2;Sapuchi;MAIN;38|40;;;
CF443FC8;4;LFT;2;Sapuchi;MAIN;38|40;;;
CF0E2D71;1;CSF;1;Noche Buena;MAIN;31;;;
CF0E2D71;2;SHZC;2;Noche Buena;MAIN;31;;;
CF0E2D71;3;INT;2;Noche Buena;MAIN;31;;;
CED6137A;1;CSF;1;South Torrens Project;MAIN;33;;;
CF8293FF;1;CSF;1;Ogden Property;MAIN;17|18;;;
CFD844C8;1;SHZC;1;Los Planes;MAIN;71;;;
CFD844C8;2;THR;1;Los Planes;MAIN;71|72;;;
CFD844C8;3;JOG;2;Los Planes;MAIN;83|84;;;
CFD844C8;4;LTC;2;Los Planes;MAIN;84;;;
CFA15E85;1;SHZC;3;Falcons showings;MAIN;17;;;
CFA15E85;3;INC;2;Falcons showings;MAIN;13|21;;;
D009E1D7;1;SSF;1;Blustry zone;MAIN;28|34;;;
D009E1D7;2;JOG;2;Blustry zone;MAIN;34;;;
D0768ABA;2;CLD;2;Kirkland Creek;MAIN;17;;;
D11891E2;1;CSF;1;La Arabia;MAIN;16|17|28;;;
D119AEAB;1;CLD;2;Beregovo;MAIN;14|17;;;
D119AEAB;2;INT;2;Beregovo;MAIN;17;;;
D0FF3B2E;1;SHZC;1;Nyakagwe Hill Area;MAIN;28|38;;;
D0FF3B2E;3;THR;2;Nyakagwe Hill Area;MAIN;29;;;
D19C5BAA;1;SHZC;1;Coringa;MAIN;42;;;
D19C5BAA;2;SHZC;2;Coringa;MAIN;44;7000.0;;
D19C5BAA;3;SSF;2;Coringa;MAIN;47;;;
D19C5BAA;4;JOG;2;Coringa;MAIN;47|57;;;
D1F75137;1;SHZC;2;Cerro Ventanas;MAIN;41;;;
D1A5AD6B;1;SOF;2;Irokindinskoye deposit;MAIN;51;;;
D1A5AD6B;2;INT;2;Irokindinskoye deposit;MAIN;51;;;
D242AA3F;1;SHZC;1;Belleterre Mine Vein System;MAIN;20|29;;;
D242AA3F;3;SHZC;2;Belleterre Mine Vein System;MAIN;20|22;;;
D28F3EDE;1;INC;2;Dingman;MAIN;37;;;
D28F3EDE;2;SSF;2;Dingman;MAIN;37|43;;;
D291A6D6;1;SHZC;1;San Jorge vein system;MAIN;38|39;;;
D2B04EBC;1;SSF;1;Aği Daği;MAIN;28;;;
D2B04EBC;2;INT;2;Aği Daği;MAIN;29;;;
D372704D;1;DET;1;Shear-related gold-quartz veins;MAIN;15;;;
D372704D;2;SHZC;2;Shear-related gold-quartz veins;MAIN;18|19;;;
D372704D;3;ENE;3;Shear-related gold-quartz veins;MAIN;19;;;
D3D80FCE;1;CSF;1;Rocmec 1;MAIN;33;;;
D3D80FCE;2;SHZC;1;Rocmec 1;MAIN;33;;;
D3D80FCE;3;SHZC;2;Rocmec 1;MAIN;33|35|36;;;
D3D80FCE;4;SOF;2;Rocmec 1;MAIN;33|36;;;
D3D80FCE;5;INC;2;Rocmec 1;MAIN;40;;;
D4131525;1;INT;1;El Castillo;MAIN;27;;;
D3EF86A9;1;SHZC;1;Volta Grande;MAIN;36|42;;;
D3EF86A9;2;MYLC;2;Volta Grande;MAIN;36|37;;;
D3EF86A9;3;SHZC;2;Volta Grande;MAIN;42|43;;;
D3EF86A9;4;SOF;2;Volta Grande;MAIN;42;;;
D4140642;1;SHZC;1;Norris Shaft;MAIN;29|32;;;
D42F7FC2;1;SHZC;2;Main Zone;MAIN;20;;;
D42F7FC2;2;GSC;2;Main Zone;MAIN;20|22;;;
D42F7FC2;3;CSF;1;Main Zone;MAIN;20;;;
D52A70A8;1;SHZC;1;Triple Lake;MAIN;24;;;
D52A70A8;2;SOF;2;Triple Lake;MAIN;24;;;
D489F7D8;1;BMF;1;Potchefstroom Goldfield;MAIN;37|42|47;;;
D489F7D8;2;THR;2;Potchefstroom Goldfield;MAIN;40|42|47;;;
D489F7D8;3;FLD;1;Potchefstroom Goldfield;MAIN;33|42;;;
D4F4FFB3;1;SHZC;1;Alphonso Property;MAIN;37;;;
D4F4FFB3;2;INT;2;Alphonso Property;MAIN;37;;;
D4F4FFB3;3;SOF;2;Alphonso Property;MAIN;37;;;
D4F4FFB3;4;FLD;2;Alphonso Property;MAIN;31|38;;;
D4F4FFB3;5;INC;2;Alphonso Property;MAIN;31|37|38;;;
D4F4FFB3;6;GSC;2;Alphonso Property;MAIN;31|37;;;
D482FE0A;1;FLD;1;FAT deposit;MAIN;49;;;
D5449FF6;1;SHZC;1;Los Planes;MAIN;66;40000.0;;
D5449FF6;2;THR;1;Los Planes;MAIN;66;40000.0;;
D5449FF6;3;LFT;N/A;Los Planes;MAIN;66;;;
D5C5FB83;1;SHZC;2;Main Zone;MAIN;12|13;;;
D5C5FB83;2;SOF;2;Main Zone;MAIN;12;;;
D5E910DD;1;SHZC;1;Montgolfier Project;MAIN;21|22;;;
D5E910DD;2;SOF;2;Montgolfier Project;MAIN;22;25000.0;;extent:bounded
D5F9E1F9;1;SSF;1;St. Eugene;MAIN;20;2000000.0;;extent:bounded
D59F4F9D;1;BMF;1;Aït Bou-Haddou;MAIN;41|50;;;
D59F4F9D;3;THR;2;Aït Bou-Haddou;MAIN;50;;;
D59F4F9D;4;FLD;2;Aït Bou-Haddou;MAIN;50|57;;;
D7763843;1;SHZC;2;Apanao;MAIN;23;;;
D6B1889F;1;SSF;1;Atenea Structure;MAIN;23;;;
D6B1889F;2;JOG;2;Atenea Structure;MAIN;23;;;
D68A71F7;1;INT;2;Eureka West;MAIN;46|49;;;
D70C1D65;1;SOF;2;Eureka;MAIN;58|60;;;
D7865667;1;SSF;1;Batman Deposit;MAIN;50;;;
D892BB6F;1;SOF;2;Ayelen Vein;MAIN;27|28|34|35;720.0;;extent:bounded
D7DFE69B;1;SHZC;1;Orion Gold Deposit;MAIN;16;4000.0;;extent:bounded
D7DFE69B;2;CSF;1;Orion Gold Deposit;MAIN;14;;;
D7DFE69B;4;THR;2;Orion Gold Deposit;MAIN;16|17;;;
D7DFE69B;5;FLD;2;Orion Gold Deposit;MAIN;17;;;
D8DBF1CF;1;CSF;1;Fuller deposit;MAIN;23;440000.0;;
D8DBF1CF;2;FLD;2;Fuller deposit;MAIN;25;;;
D8DBF1CF;3;SHZC;2;Fuller deposit;MAIN;31;;;
D96498B4;1;SHZC;2;Laverty Dyke Gold Zone;MAIN;33;;;
DA05D426;1;SSF;1;Rainbow Canyon;MAIN;12;;;
DA05D426;2;SOF;2;Rainbow Canyon;MAIN;12;;;
D97520D5;1;SSF;1;Don Sixto;MAIN;27;;;
D97520D5;2;SHZC;2;Don Sixto;MAIN;27|30;;;
D97520D5;3;SSF;3;Don Sixto;MAIN;27|30;;;
D97520D5;5;TRP;2;Don Sixto;MAIN;26|27|31;;;
DA37339A;1;CSF;1;Kopsa;MAIN;30|35;;;
DA37339A;2;JOG;2;Kopsa;MAIN;35;;;
DA37339A;3;INT;2;Kopsa;MAIN;35;;;
DA37339A;4;SHZC;2;Kopsa;MAIN;34|35;;;
DA37339A;5;SSF;2;Kopsa;MAIN;34|35;;;
DA8C4050;1;SHZC;2;Bay Whopper Zone;MAIN;24|25;;;
DA8C4050;2;CSF;1;Bay Whopper Zone;MAIN;16|18;1000.0;;
DA7664F4;1;SHZC;1;Star-Toughnut;MAIN;24|26;7000.0;;
DA7664F4;2;LTC;2;Star-Toughnut;MAIN;24|25|26|27;;;
DA7664F4;3;INT;2;Star-Toughnut;MAIN;21|27;;;
DA7664F4;4;SOF;2;Star-Toughnut;MAIN;26;;;
DB3B6C25;1;SHZC;1;McBean deposit;MAIN;29|33;;;
DB3B6C25;2;JOG;2;McBean deposit;MAIN;40;;;
DB3B6C25;4;SOF;2;McBean deposit;MAIN;34;;;
DB61E235;1;FLD;2;F2 Zone;MAIN;55;;;
DB61E235;2;SHZC;1;F2 Zone;MAIN;25;;;
DBAD91B5;1;SSF;1;Prosperity;MAIN;25;;;
DB659181;1;CSF;1;Main Zone;MAIN;18;300000.0;;extent:bounded
DB659181;2;FLD;2;Main Zone;MAIN;24|26;;;
DBC6B9F8;1;CSF;1;Tay-LP;MAIN;26|29;;;
DBC6B9F8;2;FLD;2;Tay-LP;MAIN;29|31;;;
DBC8E681;1;FLD;N/A;Lucas Gold Project;MAIN;17;;;
DBF75A43;1;SHZC;2;Mankombiti;MAIN;25|28;;;
DBF75A43;2;INC;2;Mankombiti;MAIN;17|25|28;;;
DC469CA6;1;CSF;1;Quimsacocha;MAIN;49|55|60;;;
DBDB90FA;1;SSF;1;Çöpler;MAIN;25|27;;;
DBDB90FA;2;THR;2;Çöpler;MAIN;25;200.0;;
DBDB90FA;4;INT;2;Çöpler;MAIN;25;;;
DBDB90FA;5;INC;2;Çöpler;MAIN;30;;;
DBDB90FA;6;LTC;2;Çöpler;MAIN;31;;;
DC1F96FD;1;FLD;2;Changkeng;MAIN;19;;;
DC1F96FD;2;THR;2;Changkeng;MAIN;19;;;
DC1F96FD;3;SOF;2;Changkeng;MAIN;19;;;
DCA2781C;1;SSF;1;Batman Deposit;MAIN;62;;;
DCA2781C;3;SOF;2;Batman Deposit;MAIN;60|62;;;
DCA7E6BA;1;CSF;1;Santo Antonio;MAIN;26;;;
DCA7E6BA;2;ENE;3;Santo Antonio;MAIN;31;;;
DC7B20F9;1;BMF;1;Burro Vein;MAIN;31|32|35|36;;;
DC7B20F9;2;SHZC;2;Burro Vein;MAIN;36;;;
DC7B20F9;3;JOG;2;Burro Vein;MAIN;36;;;
DD432179;1;SHZC;2;MacLellan;MAIN;44|46|51|52|53;;;
DD8FA44A;1;CSF;1;Rosy;MAIN;14;;5000.0;
DD8FA44A;2;SOF;2;Rosy;MAIN;14;;;
DD806847;1;SSF;2;Snowfield zone;MAIN;24|30;;;
DD806847;2;SSF;1;Snowfield zone;MAIN;24|30;;;
DD806847;3;THR;1;Snowfield zone;MAIN;24;;;
DD806847;4;THR;2;Snowfield zone;MAIN;25|30;;;
DD5ECD21;1;SOF;2;Graben deposit;MAIN;66|67|69;;;
DD5ECD21;2;INT;2;Graben deposit;MAIN;67;;;
DDBF2231;1;SHZC;1;Birch Crossing;MAIN;12|13;600.0;;extent:bounded
DE18640B;1;SOF;2;Becker Vein Systems;MAIN;13;;;
DE622E7A;1;SHZC;2;Alcourt Veins;MAIN;34|35;;;
DE934319;1;TRT;1;El Creston;MAIN;37|40;3000.0;;
DE934319;2;JOG;2;El Creston;MAIN;51;;;
DEE906E8;1;FLD;1;El Valle-Boinás;MAIN;57|60;;;
DEE906E8;2;SOF;2;El Valle-Boinás;MAIN;74;;;
DEE906E8;3;SOF;2;El Valle-Boinás;MAIN;72;;;
DEE906E8;4;THR;2;El Valle-Boinás;MAIN;64|76;;;
E025EC71;1;FLD;1;Bloemhoek Project;MAIN;17|18;;;
E025EC71;2;BMF;1;Bloemhoek Project;MAIN;18;;;
E025EC71;3;THR;2;Bloemhoek Project;MAIN;18;;;
DF0E95A3;1;SSF;2;Ondundu Main Zone (OMZ);MAIN;25;;;
DF0E95A3;2;SHZC;2;Ondundu Main Zone (OMZ);MAIN;26;;;
DF0E95A3;3;FLD;2;Ondundu Main Zone (OMZ);MAIN;25|26|37;;;
E0265740;1;BMF;1;La India;MAIN;80|83;;;
E0265740;2;SOF;2;La India;MAIN;82|97;;;
E028D348;1;SHZC;2;Marco Zone;MAIN;13|14;;;
E096C27A;1;LFT;2;Puma de Oro;MAIN;13|14|15;2000.0;;
E096C27A;2;LFT;2;Puma de Oro;MAIN;13|14|15;5000.0;;extent:bounded
E1E699D6;1;THR;1;Snowfield;MAIN;48;;1000.0;distance:bounded
E1E699D6;2;THR;2;Snowfield;MAIN;48;;;
E1E699D6;3;SSF;2;Snowfield;MAIN;48;;;
E1222C61;1;CSF;1;NW Zone;MAIN;940|1016;;;
E244D956;1;BMF;1;Blue Hill Creek;MAIN;19;;;
E244D956;4;LFT;2;Blue Hill Creek;MAIN;20;;;
E244D956;5;INT;1;Blue Hill Creek;MAIN;23;;;
E306B2B5;1;SOF;2;West Gabbro Zone;MAIN;22|24;;;
E34B9DC0;1;CSF;1;Main Zone;MAIN;22|23|27;;;
E34B9DC0;2;SHZC;2;Main Zone;MAIN;27|28;;;
E3415F45;1;SSF;2;Cahuilla;MAIN;33;4828.0;;extent:bounded
E3415F45;2;SOF;2;Cahuilla;MAIN;33;;;
E428745C;1;INC;2;Zlata;MAIN;22;3000.0;;
E4F43CED;1;CSF;1;La Bodega;MAIN;22;;;
E4F43CED;2;SOF;2;La Bodega;MAIN;22;;;
E4F43CED;3;INT;2;La Bodega;MAIN;25;;;
E53F0408;1;CSF;1;Main Zone;MAIN;33;;;
E53F0408;2;SOF;2;Main Zone;MAIN;37|41;;;
E53F0408;4;INC;2;Main Zone;MAIN;41;;;
E6925B4D;1;THR;1;Mount Hinton;MAIN;20;;;
E6925B4D;2;SOF;2;Mount Hinton;MAIN;20|22;;;
E6925B4D;3;LTC;2;Mount Hinton;MAIN;20;;;
E6925B4D;4;INT;2;Mount Hinton;MAIN;20;;;
E54C83EA;1;CSF;1;Coricancha;MAIN;27;;;
E54C83EA;2;SOF;2;Coricancha;MAIN;27;;;
E54C83EA;3;ENE;3;Coricancha;MAIN;33|34;;;
E7F8F883;1;SHZC;1;Los Candelones;MAIN;20|21;;;
E7F8F883;2;INT;1;Los Candelones;MAIN;20;;;
E83C7661;1;CLD;1;Golden Arrow;MAIN;45|46;;;
E83C7661;2;TRT;1;Golden Arrow;MAIN;42|45|46;;;
E8FC8109;2;SSF;1;Fish Property;MAIN;16;;;
E8FC8109;3;DET;1;Fish Property;MAIN;17;;;
E84C0091;1;SSF;1;D Reef;MAIN;31|39;;;
E84C0091;3;SHZC;2;D Reef;MAIN;33;;;
E84C0091;4;INT;2;D Reef;MAIN;33;;;
E9DE2373;1;SOF;2;Modoc;MAIN;25|29|30;;;
EA21F35C;2;INT;2;Varga;MAIN;39;;;
EB349854;1;SHZC;1;Friday-Petsite Zone;MAIN;23|25;;;
EB349854;2;SOF;2;Friday-Petsite Zone;MAIN;25;;;
EB349854;3;ENE;3;Friday-Petsite Zone;MAIN;30;;;
EAF4D01E;1;THR;1;Certej;MAIN;25|26|33;;;
EAF4D01E;2;INT;2;Certej;MAIN;25|26;;;
EAF4D01E;3;SOF;2;Certej;MAIN;25|26|33;;;
EB63F1A3;1;SSF;1;Fruta del Norte;MAIN;44;80000.0;;extent:bounded
EB63F1A3;2;JOG;2;Fruta del Norte;MAIN;44;;;
EB63F1A3;3;SOF;2;Fruta del Norte;MAIN;52|53;;;
EB63F1A3;4;INC;2;Fruta del Norte;MAIN;51;;;
EB63F1A3;5;LTC;2;Fruta del Norte;MAIN;51;;;
EB80D0D4;1;CSF;1;Susana-Alaska system;MAIN;18;;;
EC1110B3;1;SHZC;1;Ester Dome vein system;MAIN;34|42;;;
EC1110B3;2;SHZC;2;Ester Dome vein system;MAIN;37|42|45;;;
EC1110B3;3;INT;2;Ester Dome vein system;MAIN;37;;;
ED0D8854;1;SOF;2;First Hit Vein;MAIN;34|40;;;
EDB3E167;1;SSF;2;Escondida;MAIN;25|30;1800.0;;
EDB3E167;2;JOG;3;Escondida;MAIN;29;;;
ECF2A850;1;CSF;1;Surface Zone;MAIN;12|20|22;;;
ECF2A850;3;INT;2;Surface Zone;MAIN;22;;;
EECB6360;1;SHZC;2;Golden Gap;MAIN;12;;;
EDD885A8;1;CSF;1;Golden Ridge;MAIN;23|27|29|30|32;;;
EDD885A8;2;SOF;2;Golden Ridge;MAIN;27;;;
EDD0735A;1;THR;1;Central Deposit;MAIN;44;;;
EDD0735A;2;THR;2;Central Deposit;MAIN;44;;;
EDD0735A;3;THR;2;Central Deposit;MAIN;43;;;
EDD0735A;4;SSF;2;Central Deposit;MAIN;43;;;
EF8526F4;1;BMF;1;Perama Hill;MAIN;29;;;
EF8526F4;2;TRP;2;Perama Hill;MAIN;29;;;
EF8526F4;3;SSF;2;Perama Hill;MAIN;29;;;
EF8D5275;1;INT;1;Cerro Casale;MAIN;62|63;;;
EF8D5275;4;INT;2;Cerro Casale;MAIN;63;;;
EFACCDBF;1;SOF;2;Tekem;MAIN;12|19;400.0;;
F01C0559;1;INC;2;Cerro Jumil;MAIN;24|27;;;
F0235C28;1;SHZC;1;Hope Brook deposit;MAIN;60|61|70|72|75|76;;;
F0235C28;2;FLD;2;Hope Brook deposit;MAIN;58|75|76;;;
F0307E0F;1;SHZC;2;Groete Creek;MAIN;25|26;2000.0;;extent:bounded
F0307E0F;2;FLD;1;Groete Creek;MAIN;25;;;
F11F5097;1;CSF;1;Miwah;MAIN;27|28|46;;;
F11F5097;2;SOF;2;Miwah;MAIN;31|45|46;;;
F13893C9;1;SSF;1;Tesoro;MAIN;16|18;6500.0;;
F14E7308;1;SOF;2;Pinos Altos;MAIN;87;7000.0;;extent:bounded
F14E7308;2;INT;2;Pinos Altos;MAIN;87;;;
F21C5ABE;1;BMF;2;Cerro Agujerado;MAIN;27|33;;;
F29A8005;1;SHZC;1;Kamila;MAIN;36;10000.0;;
F29A8005;2;SSF;2;Kamila;MAIN;42;;;
F29A8005;4;INT;2;Kamila;MAIN;42;;;
F2DD2EB6;1;SHZC;1;Frog's Leg;MAIN;32;;;
F2DD2EB6;2;SHZC;2;Frog's Leg;MAIN;33;;;
F2DD2EB6;3;SSF;2;Frog's Leg;MAIN;32;;;
F2DD2EB6;4;JOG;2;Frog's Leg;MAIN;32;;;
F2DD2EB6;5;LTC;2;Frog's Leg;MAIN;33;;;
F2F2F5CE;1;DOM;2;Columbia;MAIN;34;;;
F397F527;1;CSF;1;Skukum Creek;MAIN;37;;;
F397F527;2;SOF;2;Skukum Creek;MAIN;37;;;
F397F527;3;JOG;2;Skukum Creek;MAIN;38;;;
F3B24649;1;SHZC;2;Hope Area;MAIN;12;;;
F3B24649;2;FLD;2;Hope Area;MAIN;14;;;
F3B24649;3;SHZC;3;Hope Area;MAIN;34;;;
F3C5FEDC;1;SOF;2;Metates;MAIN;55;;;
F3C5FEDC;2;FLD;2;Metates;MAIN;55;;;
F406F12F;1;SSF;2;Discovery zone;MAIN;15|24;;;
F406F12F;2;INT;3;Discovery zone;MAIN;15|24;;;
F4010243;1;FLD;2;Amisk gold deposit;MAIN;39|44|45;;;
F4010243;2;LTC;3;Amisk gold deposit;MAIN;45;;;
F7195401;1;SHZC;2;Marco Zone;MAIN;14;;;
F7195401;2;CSF;1;Marco Zone;MAIN;10;;;
F5E68A5A;1;CLD;1;Kirazlı;MAIN;26|32;;;
F5E68A5A;2;SOF;2;Kirazlı;MAIN;26|32;;;
F5E68A5A;3;INT;2;Kirazlı;MAIN;27|30;;;
F71B3E2F;1;SSF;2;SE Project area;MAIN;27;;;
F71B3E2F;2;SOF;2;SE Project area;MAIN;27;;;
F721E8C9;2;CLD;1;San Francisco vein system;MAIN;21;;;
F721E8C9;3;INT;2;San Francisco vein system;MAIN;27;;;
F79F5551;1;BXP;2;Condor Zone;MAIN;43;;;
F77712D3;1;FLD;1;Lomero-Poyatos;MAIN;40;;;
F77712D3;2;THR;2;Lomero-Poyatos;MAIN;40|41;;;
F77712D3;3;MYLC;2;Lomero-Poyatos;MAIN;41;;;
F77712D3;4;GSC;2;Lomero-Poyatos;MAIN;40;;;
F7D5A8C4;1;JOG;2;Animas/Del Norte;MAIN;45|51;;;
F7D5A8C4;2;SSF;1;Animas/Del Norte;MAIN;43|44|45;;;
F7D5A8C4;3;SOF;2;Animas/Del Norte;MAIN;43;;;
F85ECE1C;2;SHZC;2;Belleterre Extrême Est;MAIN;27|30;;;
F80880A3;1;LFT;1;Fire & Brimstone;MAIN;44|48;;;
F7EB5EFC;1;TRT;1;Kitsault Gold Property;MAIN;29|43;;;
F7EB5EFC;2;LTC;2;Kitsault Gold Property;MAIN;29;;;
F8CB326C;1;SHZC;1;Mashonga;MAIN;38;;;
F8CB326C;2;SOF;2;Mashonga;MAIN;25|38;;;
F91B0330;1;TRP;1;Gillis;MAIN;12;;;
F91B0330;2;SOF;2;Gillis;MAIN;12|14;;;
F94C0800;1;SHZC;2;Lluvia de Oro;MAIN;26;1700.0;;extent:bounded
F94C0800;2;DET;1;Lluvia de Oro;MAIN;26|27;3000.0;;
F94C0800;3;LFT;3;Lluvia de Oro;MAIN;26;;;
F9A3218C;1;THR;1;Ida-Oro;MAIN;13;;;
F9A3218C;2;INT;2;Ida-Oro;MAIN;15;;;
F9A3218C;3;FLD;2;Ida-Oro;MAIN;16;;;
F9A3218C;4;THR;2;Ida-Oro;MAIN;17;;;
F9AC91A6;1;BMF;1;Igwageta;MAIN;18|19;;;
FA5C9791;1;CSF;1;Jerome;MAIN;28|29;;;
FA5C9791;2;SSF;2;Jerome;MAIN;33;;;
FA5C9791;3;SOF;2;Jerome;MAIN;33;;;
FA18D444;1;SSF;1;Carlos Zone;MAIN;12|15;;;
FA18D444;2;SOF;2;Carlos Zone;MAIN;12;;;
FA18D444;3;INT;2;Carlos Zone;MAIN;15;;;
FA18D444;4;SOF;3;Carlos Zone;MAIN;12;;;
FA61928D;1;SHZC;2;Gold Hill;MAIN;15|18|30;;;
FA383E37;1;SSF;1;Watershed Gold Property;MAIN;35;;;
FA383E37;2;CSF;1;Watershed Gold Property;MAIN;41;;;
FA383E37;3;SOF;2;Watershed Gold Property;MAIN;41;;;
FA383E37;4;SOF;3;Watershed Gold Property;MAIN;41;;;
FA383E37;5;SHZC;2;Watershed Gold Property;MAIN;43|44|45|46|47;;;
FB25C1D9;1;SHZC;1;Frog's Leg;MAIN;32;;;
FB25C1D9;2;SHZC;2;Frog's Leg;MAIN;33;;;
FB25C1D9;3;SSF;2;Frog's Leg;MAIN;32;;;
FB25C1D9;4;JOG;2;Frog's Leg;MAIN;32;;;
FB25C1D9;5;LTC;2;Frog's Leg;MAIN;33;;;
FB439803;1;SSF;1;Elizabeth Gold Project;MAIN;29;;;
FB439803;2;SHZC;2;Elizabeth Gold Project;MAIN;33;1000.0;;
FB439803;3;THR;2;Elizabeth Gold Project;MAIN;29|33;;;
FB439803;4;ENE;3;Elizabeth Gold Project;MAIN;35;;;
FA8F27BC;1;MYLC;2;Iskut Project;MAIN;44|45;;;
FA8F27BC;2;SHZC;1;Iskut Project;MAIN;47;;;
FA8F27BC;3;SOF;2;Iskut Project;MAIN;43|44|45|47|48;;;
FC856E19;1;SSF;1;Shotgun Ridge;MAIN;16|17|31;;;
FC856E19;2;JOG;2;Shotgun Ridge;MAIN;17;;;
FC856E19;3;ENE;2;Shotgun Ridge;MAIN;17;;;
FC856E19;4;BXP;2;Shotgun Ridge;MAIN;17|31;;;
FC997059;1;SSF;2;San Miguel Vein;MAIN;23|27;1000.0;;extent:bounded
FC997059;2;JOG;2;San Miguel Vein;MAIN;27;;;
FCC198F8;1;SHZC;2;Briggs Mine;MAIN;37|42|43;12874.7;30.5;
FCC198F8;2;THR;2;Briggs Mine;MAIN;44;;;
FCC198F8;3;LTC;2;Briggs Mine;MAIN;42;;;
FCFD9271;1;CSF;1;California-Vetas property;MAIN;14;;;
FCFD9271;2;SHZC;1;California-Vetas property;MAIN;14;;;
FCFD9271;3;SHZC;2;California-Vetas property;MAIN;14;;;
FCC59FF3;1;SSF;1;Porphyry Knob;MAIN;20;;;
FCC59FF3;2;INT;2;Porphyry Knob;MAIN;20;;;
FCC59FF3;3;SHZC;2;Porphyry Knob;MAIN;24;;;
FD911BC0;1;SHZC;1;Snip North;MAIN;18;30000.0;;extent:bounded
FD911BC0;2;SSF;2;Snip North;MAIN;20;;;
FD911BC0;3;INT;2;Snip North;MAIN;20;;;
FDC245FF;1;SHZC;2;Dotted Lake Gold Zone;MAIN;26|30;;;
FE50E8ED;1;SSF;2;Bell Mountain;MAIN;39;;;extent:bounded|extent:unparseable
FE50E8ED;2;SSF;2;Bell Mountain;MAIN;39;;;
FE50E8ED;3;INT;2;Bell Mountain;MAIN;39;;;
FF402B99;1;SHZC;1;El Capitan Property;MAIN;27;;;
FF402B99;2;SHZC;2;El Capitan Property;MAIN;29|31;;;
FE10B9C9;1;INT;2;Dora Property;MAIN;13|15;;;
FE10B9C9;2;SHZC;2;Dora Property;MAIN;15|17;;;
FECD7CE5;1;CSF;1;Kupol;MAIN;29;;;
FECD7CE5;2;SOF;2;Kupol;MAIN;29|33|35;;;
FECD7CE5;3;SSF;2;Kupol;MAIN;36;;;
FFD17F91;2;INT;2;Signal Zone;MAIN;35|36|38;;;
FFD17F91;3;DET;2;Signal Zone;MAIN;31|39|40;;;
FFD17F91;4;FLD;2;Signal Zone;MAIN;36;;;
0090144A;1;SOF;2;Callanquitas;MAIN;39;2400.0;;extent:bounded
00B0C2F1;1;SHZC;1;Middle Zone;MAIN;35|37|43;;;
00B0C2F1;2;SOF;2;Middle Zone;MAIN;51;;;
00AA6B20;1;SHZC;2;Montauban;MAIN;101;;;
00AA6B20;2;FLD;2;Montauban;MAIN;101|103;;;
00B0D222;1;CLD;2;Argentite prospect;MAIN;44;;;
00B0D222;2;SOF;2;Argentite prospect;MAIN;47;;;
00C30D07;1;SHZC;1;Hardrock;MAIN;113|115|121;;;
00C30D07;2;FLD;2;Hardrock;MAIN;113|115|122;;;
00C30D07;3;SHZC;2;Hardrock;MAIN;122;;;
016672B1;1;THR;2;San Martin;MAIN;25|27;;;
016672B1;2;SOF;2;San Martin;MAIN;25;;;
013D8CC1;1;SHZC;1;Windfall Lake;MAIN;59|63;;;
013D8CC1;2;SHZC;2;Windfall Lake;MAIN;60|63;;;
013D8CC1;3;SHZC;1;Windfall Lake;MAIN;60|63;;;
0170454B;1;SHZC;2;Boulder Vein;MAIN;22;;;
0170454B;2;CLD;2;Boulder Vein;MAIN;24;;;
0170454B;3;INT;2;Boulder Vein;MAIN;24;;;
0170454B;4;LTC;2;Boulder Vein;MAIN;22;;;
0166BC15;1;SHZC;1;Montrose Zone;MAIN;19|22;2000.0;;extent:bounded
0166BC15;2;SOF;2;Montrose Zone;MAIN;19;;;
0166BC15;3;SSF;2;Montrose Zone;MAIN;19;;;
01CA1361;1;SHZC;1;Forge Lake Deposit;MAIN;14|15|16;;;
01AFB15B;1;FLD;2;Troilus;MAIN;58;;;
01AFB15B;2;SSF;1;Troilus;MAIN;58;;;
01AFB15B;3;THR;1;Troilus;MAIN;59;;;
01AFB15B;4;SHZC;2;Troilus;MAIN;68;;;
02306CAA;1;CSF;1;Twin Hills;MAIN;132|139|142;100000.0;;extent:bounded
02306CAA;2;SOF;2;Twin Hills;MAIN;139;;;
02306CAA;3;JOG;2;Twin Hills;MAIN;139;;;
02306CAA;4;FLD;2;Twin Hills;MAIN;139|156;;;
02306CAA;5;SHZC;2;Twin Hills;MAIN;139;;;
023430FA;1;SHZC;2;Frasergold;MAIN;35;;;
023430FA;2;FLD;2;Frasergold;MAIN;33|35;;;
023430FA;3;THR;1;Frasergold;MAIN;33;;;
01D19BB8;1;BMF;1;Gold Springs Project;MAIN;42;;;
01D19BB8;2;CLD;2;Gold Springs Project;MAIN;36|51;;;
01D19BB8;3;SSF;2;Gold Springs Project;MAIN;42;;;
029660AD;1;INT;1;La Cantera;MAIN;41;;;
0279E153;1;SSF;2;POW Zone;MAIN;33;;30.0;
0279E153;2;CSF;1;POW Zone;MAIN;31|33;;;
0279E153;3;INT;2;POW Zone;MAIN;34;;;
02B21F25;2;INT;2;Choquelimpie;MAIN;30;;;
02E98515;1;CSF;1;Gold Peak Property;MAIN;24|29;350000.0;;extent:bounded
02D89418;1;TRP;1;La Escandalosa;MAIN;33;;;
02D89418;3;SSF;2;La Escandalosa;MAIN;36|39;;;
02D89418;5;THR;2;La Escandalosa;MAIN;39;;;
02D89418;6;FLD;2;La Escandalosa;MAIN;39;;;
03061867;1;FLD;2;Augusta Deposit;MAIN;42|43;;;
03061867;2;SOF;2;Augusta Deposit;MAIN;42|43;;;
03061867;3;INT;3;Augusta Deposit;MAIN;47;;;
03061867;4;SHZC;1;Augusta Deposit;MAIN;41|43;;;
03138D0C;1;SSF;1;Harrison South;MAIN;10|11;;;
03138D0C;2;SOF;2;Harrison South;MAIN;10|11;;;
033158EF;1;BMF;1;El Tigre;MAIN;127|132;7000.0;;
033158EF;2;SOF;2;El Tigre;MAIN;132|139;;;
033158EF;3;JOG;2;El Tigre;MAIN;139;;;
031BA6F8;1;SHZC;1;Tulawaka East Zone;MAIN;29;200000.0;;
031BA6F8;2;FLD;2;Tulawaka East Zone;MAIN;30;;;
031BA6F8;3;SHZC;2;Tulawaka East Zone;MAIN;30;;;
031BA6F8;4;JOG;2;Tulawaka East Zone;MAIN;30;;;
031BA6F8;5;INT;2;Tulawaka East Zone;MAIN;30;;;
03597D79;1;SOF;2;Bell Mountain;MAIN;55;;;extent:bounded|extent:unparseable
03597D79;2;INT;2;Bell Mountain;MAIN;55;;;
03A01950;1;SOF;2;Callanquitas;MAIN;44;2400.0;;
03A01950;2;FLD;2;Callanquitas;MAIN;43;;;
03B89F30;1;SSF;1;Tahuehueto;MAIN;40|42;3000.0;;
03B89F30;2;SOF;2;Tahuehueto;MAIN;42;;;
039FCB2B;1;THR;1;Condor Sector;MAIN;43|52;;;
039FCB2B;2;INT;1;Condor Sector;MAIN;43;;;
039FCB2B;3;SOF;2;Condor Sector;MAIN;52|54;;;
039FCB2B;5;INC;2;Condor Sector;MAIN;52;;;
03CDDCA9;1;CLD;2;Kirazlı;MAIN;93;;;
03CDDCA9;2;BLK;2;Kirazlı;MAIN;93;;;
03BDD6E1;1;SHZC;1;Golden Gate Gold Project;MAIN;49|57;;;
03BDD6E1;2;THR;2;Golden Gate Gold Project;MAIN;55;;;
03BDD6E1;3;SHZC;2;Golden Gate Gold Project;MAIN;57;;;
046864C9;1;DET;1;Copperstone;MAIN;132|136;;;
046864C9;2;LFT;2;Copperstone;MAIN;132|136;;;
046864C9;3;INT;3;Copperstone;MAIN;133;;;
0495C2EE;1;CLD;1;Jumbo;MAIN;25|29|31;;;
0495C2EE;2;SOF;2;Jumbo;MAIN;25|32|33;;;
0495C2EE;3;INT;3;Jumbo;MAIN;34|37;;;
047A999E;1;SHZC;2;Burns Block;MAIN;29|33;;;
04B24AFC;1;CSF;1;Upper Beaver;MAIN;35|42;;8000.0;
04B24AFC;2;SOF;2;Upper Beaver;MAIN;42;;;
04B24AFC;3;SHZC;2;Upper Beaver;MAIN;37|42;;;
05154BA4;1;INT;2;Calandria Sur;MAIN;44;;;
052B63C5;1;TRT;1;Fire Creek;MAIN;40|43;;;
052B63C5;2;SOF;2;Fire Creek;MAIN;45|47;;;
0573E684;1;INT;2;Gold Mountain Project;MAIN;31|32;;;
0573E684;2;SOF;2;Gold Mountain Project;MAIN;31|32;;;
05B5D7FA;1;SHZC;2;Ngoy;MAIN;48;12000.0;;
05B5D7FA;2;LTC;2;Ngoy;MAIN;44;;;
05B5D7FA;3;INT;2;Ngoy;MAIN;48;;;
05B5D7FA;4;JOG;2;Ngoy;MAIN;48;;;
05922523;1;SOF;2;Axel Ridge;MAIN;32;;;
05BA8848;1;SSF;2;3Ts Vein System;MAIN;31|35;;;
05BA8848;2;JOG;2;3Ts Vein System;MAIN;31|35;;;
05F3B962;1;SHZC;1;Clam Lake area;MAIN;65;;;
062517EB;1;THR;2;Prospect Mountain;MAIN;58;;;
062517EB;2;THR;2;Prospect Mountain;MAIN;58|59;;;
0674B1F3;1;SHZC;2;Black Jack;MAIN;30|33|35;;;
0674B1F3;2;ENE;3;Black Jack;MAIN;30;;;
062010FB;1;SSF;1;Atenea vein;MAIN;57|58|59;1500.0;;extent:bounded
062010FB;2;SOF;2;Atenea vein;MAIN;59;480.0;;extent:bounded
062010FB;3;JOG;2;Atenea vein;MAIN;58|59;;;
062010FB;4;TRP;N/A;Atenea vein;MAIN;59;;;
06775C60;1;SSF;1;Resurrection Ridge;MAIN;57;16000.0;;extent:bounded
06775C60;2;INT;2;Resurrection Ridge;MAIN;57;;;
06775C60;3;THR;2;Resurrection Ridge;MAIN;59;;;
068974C7;1;SSF;1;Ana Paula;MAIN;54;;;
0689C572;1;SHZC;1;La Reyna Project;MAIN;22|26;;;
0689C572;2;SOF;2;La Reyna Project;MAIN;26;;;
0689C572;3;INT;2;La Reyna Project;MAIN;43;;;
0689C572;4;LFT;1;La Reyna Project;MAIN;27;;;
068E4453;1;TRP;2;Moosehead;MAIN;17|26|53;;;
068E4453;3;THR;1;Moosehead;MAIN;18|23;;;
068E4453;4;SSF;1;Moosehead;MAIN;23;;;
068E4453;5;JOG;3;Moosehead;MAIN;26;;;
069F5FC8;1;INT;2;Küçükdağ;MAIN;67;;;
06A28094;3;SHZC;2;New Polaris;MAIN;66;;;
06A28094;4;THR;2;New Polaris;MAIN;66;;;
06E6A106;1;THR;1;Condor Sector Complex;MAIN;52;;;
06E6A106;2;SOF;2;Condor Sector Complex;MAIN;52;;;
06F87064;1;CSF;1;Laiva;MAIN;102;;50000.0;distance:bounded
06F87064;2;MYLC;2;Laiva;MAIN;109;;;
06F87064;3;SSF;2;Laiva;MAIN;109;;;
06F87064;4;THR;3;Laiva;MAIN;112;;;
06F87064;5;THR;3;Laiva;MAIN;112;;;
073C278B;1;CSF;1;Lourdes;MAIN;25|32;;;
073C278B;2;SOF;2;Lourdes;MAIN;25|32;;;
073C278B;3;FLD;2;Lourdes;MAIN;34;;;
073C278B;4;INT;2;Lourdes;MAIN;34|46;;;
07004442;1;TRT;2;Brucejack;MAIN;52|61;;;
07004442;2;THR;1;Brucejack;MAIN;60;;;
07004442;3;FLD;2;Brucejack;MAIN;73;;;
07004442;4;SOF;2;Brucejack;MAIN;98;;;
077C76E7;1;BXP;2;San Martín;MAIN;27|29;2000.0;;extent:bounded
0783A166;1;CSF;1;Vetas Gold Project;MAIN;29;;;
0783A166;2;SOF;2;Vetas Gold Project;MAIN;29|31;;;
0783A166;3;SSF;2;Vetas Gold Project;MAIN;31|35;;;
0783A166;4;ENE;3;Vetas Gold Project;MAIN;31|38;;;
0783A166;5;INT;2;Vetas Gold Project;MAIN;35;;;
0783A166;6;LTC;2;Vetas Gold Project;MAIN;35;;;
0783A166;7;JOG;2;Vetas Gold Project;MAIN;35;;;
0788E096;1;SHZC;1;Badger vein;MAIN;15;25000.0;;
079C95C9;1;SHZC;1;Soto Norte;MAIN;58;;;
079C95C9;2;SOF;2;Soto Norte;MAIN;59;;;
08469733;1;SHZC;2;Red Carbonate Zone;MAIN;39;;;
0813E28A;1;DET;1;Barje;MAIN;39|40|42;;;
07DC9C2A;1;CSF;1;Costerfield;MAIN;58|73;;;
07DC9C2A;2;FLD;1;Costerfield;MAIN;58|60|66|73;;;
07DC9C2A;3;THR;2;Costerfield;MAIN;66|67|79;;;
07DC9C2A;4;SOF;2;Costerfield;MAIN;66;;;
07DC9C2A;5;INT;2;Costerfield;MAIN;78;;;
07DC9C2A;6;SSF;3;Costerfield;MAIN;66;;;
0803DCF1;1;SHZC;1;Eagle Mountain;MAIN;53;;;
0803DCF1;2;FLD;2;Eagle Mountain;MAIN;58;;;
0803DCF1;3;THR;2;Eagle Mountain;MAIN;58|62;;;
0803DCF1;4;MYLC;2;Eagle Mountain;MAIN;59|63|71;;;
0803DCF1;5;TRP;N/A;Eagle Mountain;MAIN;59;;;
086BF6D1;1;FLD;2;Cove;MAIN;53|54|58;;;
086BF6D1;2;THR;1;Cove;MAIN;53|58;;;
086BF6D1;3;NRM;2;Cove;MAIN;54;;;
08EBA161;1;SHZC;2;Gosselin Zone;MAIN;30;;;
090B0117;1;FLD;2;Aureus West;MAIN;18;;;
090B0117;2;SSF;1;Aureus West;MAIN;18;;;
091FFD0F;1;THR;1;Candelones;MAIN;73|79;;;
091FFD0F;2;SOF;2;Candelones;MAIN;80;;;
091FFD0F;3;SSF;2;Candelones;MAIN;80;;;
091FFD0F;4;FLD;2;Candelones;MAIN;75;;;
09465DA8;1;SSF;1;Oban Zone;MAIN;39|40;;;
09465DA8;2;SOF;2;Oban Zone;MAIN;39|40;;;
09465DA8;3;FLD;1;Oban Zone;MAIN;39;;;
094D056A;1;SHZC;2;Main Showing;MAIN;14|16;300.0;;
094D056A;2;THR;1;Main Showing;MAIN;13;;;
094D056A;3;SSF;1;Main Showing;MAIN;13;;;
092A4067;1;CSF;1;Golden Eagle IRGS;MAIN;33|36;;;
092A4067;2;SOF;2;Golden Eagle IRGS;MAIN;36;3600.0;;
092A4067;3;SOF;2;Golden Eagle IRGS;MAIN;36;4600.0;;extent:bounded
09B66E85;1;SOF;2;Saddle Zone;MAIN;22|27;;;
09781C7B;1;SHZC;2;Azatek;MAIN;27;300.0;;extent:bounded|extent:approx_magnitude|extent:bounded
097F0B3D;1;SHZC;1;Island Gold;MAIN;49;30000.0;;
097F0B3D;2;SOF;2;Island Gold;MAIN;59;;;
097F0B3D;3;FLD;2;Island Gold;MAIN;59;;;
097F0B3D;4;INT;2;Island Gold;MAIN;59;;;
097F0B3D;5;LTC;2;Island Gold;MAIN;59;;;
097F0B3D;6;THR;3;Island Gold;MAIN;50;;;
098F7942;1;SSF;1;Monument Bay;MAIN;33;;;
098F7942;2;FLD;2;Monument Bay;MAIN;33|34;;;
0A407096;1;DET;1;Copperstone;MAIN;43|49;;;
0A407096;2;SOF;2;Copperstone;MAIN;49;;;
0A407096;3;INT;2;Copperstone;MAIN;50;;;
0A18D534;1;SSF;1;Los Filos;MAIN;90|99;;;
0A515F5C;1;SHZC;1;Kamila-Mercado;MAIN;35;10000.0;;
0A515F5C;2;SSF;2;Kamila-Mercado;MAIN;39;;;
0A515F5C;3;INT;2;Kamila-Mercado;MAIN;39;;;
0A515F5C;4;SOF;2;Kamila-Mercado;MAIN;39;;;
0A585AE6;1;SOF;2;Ogama-Rockland Zone;MAIN;29|32;;;
0A86D4DE;1;FLD;2;Hamama West;MAIN;33;;;
0ABBEB42;1;CSF;1;Galloway;MAIN;51|52|60;;4500.0;extent:unparseable|distance:bounded
0ABBEB42;2;SHZC;2;Galloway;MAIN;54|55;;;
0AEBC0CC;1;THR;2;Zancudo;MAIN;48|50;;;
0AEBC0CC;2;FLD;2;Zancudo;MAIN;48|50;;;
0AEBC0CC;3;TRP;2;Zancudo;MAIN;50|51;;;
0AEBC0CC;4;SHZC;2;Zancudo;MAIN;50;;;
0AEBC0CC;5;SOF;3;Zancudo;MAIN;51;;;
0B15FD08;1;CSF;1;JD Property;MAIN;39;;;
0B15FD08;2;SSF;2;JD Property;MAIN;45|89;;;
0B15FD08;3;NRM;2;JD Property;MAIN;45|87;;;
0B15FD08;4;THR;2;JD Property;MAIN;45;;;
0B43DFA1;1;SOF;2;La Paila;MAIN;24;;;
0B21F826;1;SSF;1;Golden Arrow;MAIN;48;;;
0B21F826;2;CLD;1;Golden Arrow;MAIN;55;;;
0B481036;1;CSF;1;Herbert Gold Project;MAIN;20;;;
0B481036;2;CSF;1;Herbert Gold Project;MAIN;24|25;200000.0;;
0B88EF46;1;SHZC;1;Miller Gold Property;MAIN;25|33;;;
0B88EF46;2;SOF;2;Miller Gold Property;MAIN;25;;;
0B88EF46;3;INC;2;Miller Gold Property;MAIN;33;;;
0B846CED;1;THR;1;Madison;MAIN;40;;;
0B846CED;2;INT;2;Madison;MAIN;43;;;
0B6B9060;2;THR;1;Fairholme Igneous Complex;MAIN;29;;;
0C13C7BE;1;CSF;1;Belmont Prospect;MAIN;39|40;;;
0C13C7BE;2;JOG;2;Belmont Prospect;MAIN;40;;;
0C13C7BE;3;FLD;2;Belmont Prospect;MAIN;40;;;
0C13C7BE;4;ENE;3;Belmont Prospect;MAIN;47;;;
0BA8AEA8;1;CSF;1;Zancudo;MAIN;39;;;
0BA8AEA8;2;TRP;2;Zancudo;MAIN;46|47;;;
0BA8AEA8;3;THR;2;Zancudo;MAIN;46|47;;;
0BA8AEA8;4;UNC;2;Zancudo;MAIN;46;;;
0BA8AEA8;5;FLD;2;Zancudo;MAIN;46;;;
0BA8AEA8;6;SOF;3;Zancudo;MAIN;47;;;
0BF218AA;1;SSF;1;Premier;MAIN;64;;;
0BF218AA;2;JOG;2;Premier;MAIN;64;;;
0BF218AA;3;FLW;2;Premier;MAIN;64;;;
0C1AEB36;1;SHZC;2;Westwood Mine;MAIN;43;;;
0C1AEB36;2;SOF;2;Westwood Mine;MAIN;43;;;
0C3DB2A5;1;TRP;1;Amulsar;MAIN;73;;;
0C3DB2A5;2;SSF;2;Amulsar;MAIN;73;;;
0C3DB2A5;3;THR;2;Amulsar;MAIN;72;;;
0C3DB2A5;4;FLD;2;Amulsar;MAIN;72;;;
0C2935B6;1;CSF;1;Jaclyn;MAIN;40;;;
0C2935B6;2;THR;1;Jaclyn;MAIN;43;;;
0C2935B6;3;SOF;2;Jaclyn;MAIN;43|45|48;;;
0C2935B6;4;FLD;2;Jaclyn;MAIN;43|48;;;
0C216B91;1;SSF;1;Trixie;MAIN;62|66|67|74|75;;;
0C216B91;3;SOF;2;Trixie;MAIN;65|66;;;
0C216B91;4;LTC;2;Trixie;MAIN;65|71|74|75|78;;;
0C216B91;5;INT;3;Trixie;MAIN;74|75;;;
0C5C2E37;1;INT;2;Calandria Sur;MAIN;34;;;
0C45B083;1;BMF;2;Cerro Blanco;MAIN;67|74|75;;;
0C45B083;2;SOF;2;Cerro Blanco;MAIN;76|79|81;;;
0C45B083;3;SOF;2;Cerro Blanco;MAIN;79;;;
0C45B083;4;SOF;2;Cerro Blanco;MAIN;76;;;
0C45B083;5;FLD;2;Cerro Blanco;MAIN;76|79;;;
0C45B083;6;LTC;3;Cerro Blanco;MAIN;78|87;;;
0C936992;1;CSF;1;Ironwood Gold Deposit;MAIN;30|32;150000.0;;extent:bounded
0C936992;2;FLD;2;Ironwood Gold Deposit;MAIN;32;;;
0C936992;3;INT;2;Ironwood Gold Deposit;MAIN;32;;;
0C7624B4;1;THR;1;ESN Project;MAIN;32;;;
0C7624B4;2;BMF;2;ESN Project;MAIN;33;;;
0C7624B4;3;FLD;2;ESN Project;MAIN;38;;;
0C76FD02;1;SHZC;2;Björkdal;MAIN;54|62;;;
0C76FD02;2;SOF;2;Björkdal;MAIN;62;;;
0C76FD02;3;THR;2;Björkdal;MAIN;49;;;
0C8731C4;1;SHZC;2;Rainy River Project;MAIN;154;;;
0C8731C4;2;FLD;2;Rainy River Project;MAIN;146|148;;;
0C8731C4;3;THR;1;Rainy River Project;MAIN;146|148;;;
0C8731C4;4;SSF;3;Rainy River Project;MAIN;150;;;
0CBA6B7E;1;SSF;1;Clarence Stream;MAIN;47;;;
0CBA6B7E;2;SOF;2;Clarence Stream;MAIN;53;;;
0CBA6B7E;3;SHZC;2;Clarence Stream;MAIN;50|54;;;
0D11D818;1;FLD;2;TUG;MAIN;49|51;;;
0D1A36AD;1;SSF;1;Minas Lucho;MAIN;15|20;;;
0D1A36AD;2;SOF;2;Minas Lucho;MAIN;15;5000.0;;extent:bounded
0D1A36AD;3;INC;2;Minas Lucho;MAIN;15;;;
0D55B9C9;1;SSF;2;West Gabbro Zone;MAIN;31|32|35;;;
0D533E47;1;SSF;2;Zona Cushuro;MAIN;26;;;
0D4C3901;1;SSF;1;Blackhawk;MAIN;45;1300000.0;;
0D4C3901;2;THR;2;Blackhawk;MAIN;46|48|51|56;80000.0;;
0D4C3901;3;SHZC;1;Blackhawk;MAIN;46;;;
0D4C3901;4;THR;3;Blackhawk;MAIN;56|59|69;;;
0D970162;1;SHZC;2;Silver Coin;MAIN;33;;;
0D970162;2;SOF;2;Silver Coin;MAIN;33;;;
0D970162;3;SSF;2;Silver Coin;MAIN;35;;;
0D970162;4;THR;2;Silver Coin;MAIN;35;;;
0D6FE270;1;CSF;1;Wind Mountain;MAIN;43|46;2011.7;;
0D6FE270;2;SOF;2;Wind Mountain;MAIN;46|47;;;
0D6FE270;3;SOF;2;Wind Mountain;MAIN;43|46;1005.8;;
0DA00248;2;FLD;2;Abong Prospect;MAIN;30;;;
0DA00248;3;SSF;1;Abong Prospect;MAIN;24;;;
0EA784A2;1;FLD;2;Red Mountain;MAIN;44;;;
0EA784A2;2;SOF;2;Red Mountain;MAIN;46|48;;;
0DBFD9F8;5;INT;2;Trixie;MAIN;82;;;
0E44C032;1;SSF;1;Rainy River Gold Project;MAIN;41;;;
0E44C032;2;SOF;2;Rainy River Gold Project;MAIN;41;;;
0E44C032;3;FLD;2;Rainy River Gold Project;MAIN;41;;;
0E44C032;4;SHZC;2;Rainy River Gold Project;MAIN;45|46;;;
0E44C032;5;SHZC;3;Rainy River Gold Project;MAIN;47;;;
0E44C032;6;SHZC;2;Rainy River Gold Project;MAIN;48;;;
0E44C032;7;SSF;3;Rainy River Gold Project;MAIN;49;;;
0EB42FA7;1;SHZC;1;Magino;MAIN;79|84;;;
0EB42FA7;2;SHZC;2;Magino;MAIN;79|84;;;
0ED1D1A1;1;SHZC;2;Atlanta lode;MAIN;31;;;
0EB7F341;1;THR;1;Plutonic Gold Mine;MAIN;41|42;;;
0EB7F341;2;THR;2;Plutonic Gold Mine;MAIN;44;;;
0EB7F341;3;MYLC;2;Plutonic Gold Mine;MAIN;49;;;
0EB7F341;4;SOF;2;Plutonic Gold Mine;MAIN;50;;;
0EDEE13A;1;CLD;2;Golden Arrow;MAIN;55;;;
0EDEE13A;2;CLD;1;Golden Arrow;MAIN;55;;;
0EDEE13A;3;SOF;2;Golden Arrow;MAIN;55;;;
0EDEE13A;4;SHZC;1;Golden Arrow;MAIN;73;;;
0EE39F61;2;DOM;2;Rosia Montana;MAIN;24;;;
0EE39F61;3;SSF;2;Rosia Montana;MAIN;26;;;
0EE4F079;1;THR;1;Sleeping Giant;MAIN;75;;;
0EE4F079;2;SSF;1;Sleeping Giant;MAIN;75;;;
0EE4F079;3;FLD;2;Sleeping Giant;MAIN;79|92;;;
0EE862D7;1;CSF;1;Pinion;MAIN;61|78|88;6000.0;;
0EE862D7;3;FLD;2;Pinion;MAIN;60|61|70;;;
0EE862D7;4;THR;2;Pinion;MAIN;60|61;;;
0EE862D7;5;SSF;2;Pinion;MAIN;61;;;
0F7BF77D;1;SHZC;1;Hod Maden;MAIN;128|129;7000.0;;extent:bounded
0F7BF77D;2;LTC;2;Hod Maden;MAIN;128;;;
0F7BF77D;3;THR;N/A;Hod Maden;MAIN;127;;;
0F7BF77D;4;FLD;N/A;Hod Maden;MAIN;127;;;
0FAD2F80;1;SHZC;1;Troilus;MAIN;36|40|49;;;
0F87030B;1;FLD;2;Reedy Creek Goldfield;MAIN;33;;;
0F87030B;2;ENE;3;Reedy Creek Goldfield;MAIN;33;;;
0F87030B;3;SHZC;2;Reedy Creek Goldfield;MAIN;34;;;
0F87030B;4;INT;2;Reedy Creek Goldfield;MAIN;35;;;
0F87030B;5;SSF;2;Reedy Creek Goldfield;MAIN;41;;;
0F87030B;6;THR;2;Reedy Creek Goldfield;MAIN;41;;;
100C4575;1;SOF;2;Kora;MAIN;62;2500.0;;extent:bounded
100C8CDF;1;SOF;2;Mega Gold;MAIN;63;;;
101CC79F;1;BXP;2;La Fortuna Mine;MAIN;14|15;;;
105EBA36;1;CSF;1;Pat's Pond Veins;MAIN;13|14|20;;;
10564A41;1;SSF;2;Escondida;MAIN;46|52|54;8000.0;;extent:bounded
10564A41;2;JOG;3;Escondida;MAIN;62;;;
109F30F9;1;CSF;1;Cameron Gold Deposit;MAIN;66|74|91;100000.0;;extent:bounded
109F30F9;2;SOF;2;Cameron Gold Deposit;MAIN;71|74|75|91;1000.0;;extent:bounded
109F30F9;3;SOF;2;Cameron Gold Deposit;MAIN;71|74;;;
109F30F9;5;FLD;1;Cameron Gold Deposit;MAIN;66|73|91;;;
10BE7C73;1;THR;1;Cabaçal;MAIN;120;;;
10BE7C73;2;THR;2;Cabaçal;MAIN;119;;;
10BE7C73;3;SHZC;2;Cabaçal;MAIN;117;;;
10BE7C73;4;ENE;3;Cabaçal;MAIN;120;;;
11348800;1;CSF;1;Laiva;MAIN;65;;50000.0;distance:bounded
11348800;2;MYLC;2;Laiva;MAIN;72;;;
11348800;3;SSF;2;Laiva;MAIN;72;;;
11348800;4;THR;3;Laiva;MAIN;74;;;
11348800;5;THR;3;Laiva;MAIN;75;;;
11A9E9B0;1;SHZC;2;Aurtois block;MAIN;41|45;;;
10DC6D99;1;SHZC;1;Perron Gold Zones;MAIN;113|114;;;
10DC6D99;2;SOF;2;Perron Gold Zones;MAIN;122|123|126|132|134;;;
10DC6D99;3;INT;3;Perron Gold Zones;MAIN;114;;;
11CE4691;1;SHZC;1;Gold Peak;MAIN;21|25;;;
11C8D15F;1;SHZC;1;Atygai;MAIN;23|27;16000.0;;
11DCC9C7;1;SOF;2;Dutch Flats shear zone;MAIN;45|49;3048.0;;extent:from_2d_footprint|extent:extent_long_axis
11DCC9C7;2;BMF;1;Dutch Flats shear zone;MAIN;49;;;
11F421F6;1;THR;1;Eagle Zone;MAIN;69|70;;;
11F421F6;2;FLD;2;Eagle Zone;MAIN;69|71|72;;;
11FC537F;1;SSF;1;Amsel;MAIN;30|36|37;724203.0;;extent:from_2d_footprint|extent:extent_long_axis
12432632;1;BMF;1;Fire Creek;MAIN;62|73|75;;;
12432632;2;BMF;1;Fire Creek;MAIN;73;;;
12432632;3;BMF;2;Fire Creek;MAIN;73|75;;;
12432632;4;BMF;2;Fire Creek;MAIN;74;;;
12432632;5;JOG;2;Fire Creek;MAIN;74;;;
12432632;6;SOF;2;Fire Creek;MAIN;75;;;
124A02F6;1;SHZC;1;Cerro Prieto;MAIN;80;10000.0;;extent:bounded
125E9D58;1;SHZC;1;Magino Deposit;MAIN;76|90;30000.0;;
125E9D58;2;TRP;2;Magino Deposit;MAIN;91;;;
125E9D58;3;FLD;2;Magino Deposit;MAIN;91;;;
125E9D58;4;LTC;2;Magino Deposit;MAIN;91;;;
13211486;1;CSF;1;Canadian Malartic deposit;MAIN;64;;;
13211486;2;SHZC;2;Canadian Malartic deposit;MAIN;66;;;
13211486;3;SOF;2;Canadian Malartic deposit;MAIN;67;;;
13297E8F;1;INC;2;Norwalk Gold Mine;MAIN;21;;;
13596D13;2;FLD;2;BIF-hosted gold anomaly;MAIN;18;;;
133D40B2;1;SSF;1;More Creek Rhyolite VMS;MAIN;29;;;
133D40B2;3;FLD;2;More Creek Rhyolite VMS;MAIN;40;;;
133D40B2;4;THR;2;More Creek Rhyolite VMS;MAIN;40;;;
14024B88;1;FLD;1;Ernesto Complex;MAIN;94;;;
14024B88;2;SHZC;2;Ernesto Complex;MAIN;94|99|100;;;
14024B88;3;THR;2;Ernesto Complex;MAIN;96|105;;;
14024B88;4;DET;2;Ernesto Complex;MAIN;105;;;
14024B88;5;INT;2;Ernesto Complex;MAIN;105;;;
13D0D1BF;1;SHZC;2;Altan Nar;MAIN;36;;;
13D0D1BF;2;SSF;1;Altan Nar;MAIN;52;5000.0;;extent:bounded
13D0D1BF;3;JOG;2;Altan Nar;MAIN;52;;;
13DEC4A7;1;THR;N/A;Eskay Creek;MAIN;101;;;
13DEC4A7;2;SSF;N/A;Eskay Creek;MAIN;101;;;
13DEC4A7;3;TRT;N/A;Eskay Creek;MAIN;101;;;
13DEC4A7;4;TRT;1;Eskay Creek;MAIN;109;;;
13DEC4A7;5;BMF;2;Eskay Creek;MAIN;107;;;
13DEC4A7;6;INT;2;Eskay Creek;MAIN;107;;;
13DEC4A7;7;FLD;1;Eskay Creek;MAIN;96;;;
13DEC4A7;8;FLD;2;Eskay Creek;MAIN;98;;;
142921A8;1;THR;1;Cabaçal;MAIN;75;;;
142921A8;2;THR;2;Cabaçal;MAIN;74;;;
142921A8;3;FLD;2;Cabaçal;MAIN;79;;;
144E8ECF;1;SHZC;2;NX Gold Mine;MAIN;41|45;;80.0;distance:bounded
144E8ECF;2;THR;2;NX Gold Mine;MAIN;45;;;
1450D427;1;SHZC;2;Soocana Vein System;MAIN;26;;;
14BF89B8;1;THR;2;Golden Chest;MAIN;39|40;;;
14BF89B8;2;SOF;2;Golden Chest;MAIN;40;;;
14BF89B8;3;FLD;1;Golden Chest;MAIN;39;29000.0;;extent:bounded
154B5B73;1;SHZC;2;Cossette vein;MAIN;39|42;;;
151315D2;1;SHZC;1;Santa Rita;MAIN;25|26;45000.0;;
151315D2;2;SHZC;2;Santa Rita;MAIN;28;;;
151315D2;3;BXP;3;Santa Rita;MAIN;28;;;
157D2EAE;1;SHZC;1;Santa Rita;MAIN;37;45000.0;;
157D2EAE;2;SHZC;2;Santa Rita;MAIN;37;3000.0;;extent:bounded
157D2EAE;3;SOF;2;Santa Rita;MAIN;37|39;;;
157D2EAE;4;BXP;3;Santa Rita;MAIN;39;;;
162B8BDD;1;SSF;1;Hercules Project;MAIN;20;450000.0;;
162B8BDD;2;ENE;2;Hercules Project;MAIN;21|24;;;
162B8BDD;3;INT;2;Hercules Project;MAIN;21;;;
162B8BDD;4;SOF;2;Hercules Project;MAIN;24;;;
162B8BDD;5;SSF;2;Hercules Project;MAIN;29;;;
162B8BDD;6;JOG;2;Hercules Project;MAIN;32;;;
15CB25BF;2;SOF;2;White Pass zone;MAIN;54|57;;;
16307F04;1;CSF;1;Main Veins;MAIN;50|54;;;
16307F04;2;SHZC;2;Main Veins;MAIN;63;;;
16307F04;3;INC;2;Main Veins;MAIN;63;;;
16307F04;4;ENE;3;Main Veins;MAIN;63;;;
1638EB57;1;DOM;2;La Paila;MAIN;25|29;;;
164F80DA;1;SHZC;2;Brett;MAIN;25|26;650.0;;extent:bounded
164F80DA;2;SHZC;2;Brett;MAIN;25;4000.0;;extent:bounded
164F80DA;3;INT;2;Brett;MAIN;26;;;
164F80DA;4;SSF;2;Brett;MAIN;27;;;
164F80DA;5;SHZC;1;Brett;MAIN;30;;;
164F80DA;6;NRM;1;Brett;MAIN;26;;;
164098C0;1;SSF;2;El Gallo Gold;MAIN;56|60;;;
164098C0;2;TRP;2;El Gallo Gold;MAIN;56;;;
164098C0;3;THR;2;El Gallo Gold;MAIN;56;;;
164098C0;4;JOG;2;El Gallo Gold;MAIN;60;;;
164098C0;5;SHZC;2;El Gallo Gold;MAIN;60;;;
165C4EB3;1;SSF;1;Blue Lake;MAIN;21;;;
165C4EB3;2;SSF;2;Blue Lake;MAIN;27;;;
16735AF5;1;SOF;2;San Albino Gold Deposit;MAIN;24;;;
1727DA64;1;SHZC;1;Corihuarmi;MAIN;27|28;;;
1727DA64;2;INT;2;Corihuarmi;MAIN;28;;;
173E4FE1;1;LFT;2;Daye;MAIN;24|25;4500.0;;
173E4FE1;2;SSF;2;Daye;MAIN;25;;;
176CDDD8;1;CSF;1;Apex Zone;MAIN;51|57|62;35000.0;;
176CDDD8;2;TRP;1;Apex Zone;MAIN;51|55;35000.0;;
176CDDD8;3;SHZC;2;Apex Zone;MAIN;57|60;2000.0;;extent:bounded
176CDDD8;4;SOF;2;Apex Zone;MAIN;62;;;
176CDDD8;5;INC;2;Apex Zone;MAIN;57;;;
17A7657B;1;INT;2;Centennial;MAIN;64;;;
18046CF4;1;FLD;2;San Martin;MAIN;35;;;
182A77F2;2;INC;2;Wharf Operation;MAIN;70;;;
1875EA2E;1;SHZC;2;Songjiagou;MAIN;43;;;
187223DE;1;TRT;2;Ixtaca Zone;MAIN;22;;;
187223DE;2;FLD;2;Ixtaca Zone;MAIN;22|26;;;
18996BFA;1;SSF;2;Brucejack;MAIN;37;;;
18996BFA;2;FLD;2;Brucejack;MAIN;54;;;
18A27718;1;SHZC;2;Beta Hunt Gold;MAIN;59|66|73;;;
18A27718;2;SSF;1;Beta Hunt Gold;MAIN;66;;;
18B2B74A;1;CSF;1;Sergeevskoe;MAIN;40|42|43|44|47;;;
18B2B74A;2;CSF;1;Sergeevskoe;MAIN;40|42|47;;;
18B2B74A;3;SOF;2;Sergeevskoe;MAIN;40|43|47;;;
18C5AEE0;1;THR;2;LG Vein;MAIN;32|33;;;
18C5AEE0;2;SSF;2;LG Vein;MAIN;33;;;
18E9987B;1;FLD;2;Springpole;MAIN;31;;;
18E9987B;2;SHZC;2;Springpole;MAIN;31;;;
18E9987B;3;SHZC;1;Springpole;MAIN;31;;;
18E1E02B;1;SHZC;2;New Brenda Property;MAIN;22;;;
19607763;1;SSF;1;Didipio;MAIN;64;;;
19607763;2;SHZC;2;Didipio;MAIN;65|71|74;;;
19D4F2E9;1;SHZC;1;Central Zone;MAIN;43|48|52;135000.0;;extent:bounded|extent:range_mean
19D4F2E9;2;LTC;2;Central Zone;MAIN;51;;;
19CF3B1D;1;CSF;1;Upper Beaver;MAIN;35;;8000.0;distance:bounded
19CF3B1D;2;SOF;2;Upper Beaver;MAIN;35|39;;;
19CF3B1D;3;SHZC;2;Upper Beaver;MAIN;35|36|39;;;
19CF3B1D;4;FLD;2;Upper Beaver;MAIN;36|39;;;
19CF3B1D;5;INC;2;Upper Beaver;MAIN;39;;;
19EF2469;1;THR;2;San Martin;MAIN;50|51|60;;;
19EF2469;2;FLD;2;San Martin;MAIN;68;;;
19EF2469;3;THR;3;San Martin;MAIN;52|54|55;;;
19EF2469;4;FLD;3;San Martin;MAIN;58;;;
1A22E4A9;1;SHZC;2;Nasedkino Gold Project;MAIN;38;;;
1A574C70;1;TRT;1;Ixtaca Zone;MAIN;36;;;
1A574C70;2;FLD;2;Ixtaca Zone;MAIN;41;;;
1AE07940;1;CSF;1;Cape Ray Gold Deposits;MAIN;47|51;100000.0;;
1AE07940;2;SHZC;2;Cape Ray Gold Deposits;MAIN;58;;;
1AE07940;3;MYLC;2;Cape Ray Gold Deposits;MAIN;53;;;
1B10FAEE;1;SHZC;1;Briggs;MAIN;51|55|57|64;12874.7;;
1B10FAEE;2;SOF;2;Briggs;MAIN;64;;;
1AF4088F;1;SHZC;1;Windfall Lake deposit;MAIN;160|193;;;
1AF4088F;2;SHZC;2;Windfall Lake deposit;MAIN;160|193;;;
1AF4088F;3;THR;2;Windfall Lake deposit;MAIN;160;;;
1B1A8060;1;SHZC;1;Cerro Vetas;MAIN;43|44|47;;;
1B1A8060;2;JOG;2;Cerro Vetas;MAIN;43|44|47;;;
1B1A8060;3;THR;2;Cerro Vetas;MAIN;50|85;;;
1B49D637;1;DET;1;Kutel;MAIN;39|42|52;;;
1B49D637;2;BMF;2;Kutel;MAIN;51|52;;;
1B49D637;3;SSF;2;Kutel;MAIN;51|52;;;
1B71569A;1;SSF;1;Santa Fe Project;MAIN;70|77;800000.0;;
1B71569A;2;SSF;2;Santa Fe Project;MAIN;77;;;
1B71569A;3;SOF;2;Santa Fe Project;MAIN;77|80|81|82|83|84;;;
1B71569A;4;INT;2;Santa Fe Project;MAIN;77|80;;;
1B71569A;5;JOG;2;Santa Fe Project;MAIN;78|80;;;
1B71569A;6;UNC;2;Santa Fe Project;MAIN;81|82;;;
1B71569A;7;LFT;2;Santa Fe Project;MAIN;77;;;
1B9A16FA;1;SHZC;2;Boulder Vein System;MAIN;21|23;;;
1B9A16FA;2;CSF;1;Boulder Vein System;MAIN;23;;;
1BC95D00;1;THR;2;Wabamisk;MAIN;22;;;
1BC95D00;2;SHZC;2;Wabamisk;MAIN;23;;;
1BC95D00;3;FLD;2;Wabamisk;MAIN;23;;;
1BD506C8;1;TRT;1;Bonanza Vein System;MAIN;89;;;
1BD506C8;2;SSF;1;Bonanza Vein System;MAIN;84|89|93;75000.0;;
1BD506C8;3;INT;2;Bonanza Vein System;MAIN;89;;;
1BD506C8;4;SOF;2;Bonanza Vein System;MAIN;89;;;
1C6E570E;1;SOF;2;Main/North/Taché Zone;MAIN;46|51;;;
1BE83F27;1;SSF;1;Boddington;MAIN;55;;;
1BE83F27;2;SOF;2;Boddington;MAIN;51;;;
1BE83F27;3;INT;2;Boddington;MAIN;51;;;
1BE83F27;4;SHZC;2;Boddington;MAIN;55;;;
1CC0CA90;1;SHZC;2;Gold Mountain Zone;MAIN;39|40|41|42;;;
1CC0CA90;2;INC;2;Gold Mountain Zone;MAIN;35|41|42;;;
1CC0CA90;3;FLD;N/A;Gold Mountain Zone;MAIN;40;;;
1CD4D304;1;SHZC;2;N.A Timmins/Rochelom showings;MAIN;44|48|49;;;
1CD4D304;2;CSF;1;N.A Timmins/Rochelom showings;MAIN;49;;;
1CD4D304;3;SHZC;1;N.A Timmins/Rochelom showings;MAIN;44;;;
1CE1CCFC;1;SHZC;2;Young Buck Showing;MAIN;63;;;
1D09873A;1;SHZC;1;Gossey Deposit;MAIN;36;;;
1D09873A;2;SHZC;2;Gossey Deposit;MAIN;36;;;
1D09873A;3;FLD;2;Gossey Deposit;MAIN;46|51;;;
1D2BE6F4;1;CSF;1;Palito Mine;MAIN;43;;;
1D2BE6F4;2;SSF;2;Palito Mine;MAIN;44;;;
1D2BE6F4;3;INT;2;Palito Mine;MAIN;44;;;
1D2BE6F4;4;SOF;2;Palito Mine;MAIN;44;;;
1D57A947;1;THR;1;Çöpler;MAIN;84|88;;;
1D57A947;3;INT;2;Çöpler;MAIN;84|88;;;
1D57A947;4;SHZC;2;Çöpler;MAIN;88;;;
1D57CAA7;1;DET;1;Blue Hill Creek;MAIN;28|42;;;
1D57CAA7;2;BMF;2;Blue Hill Creek;MAIN;28|32;;;
1D57CAA7;3;ENE;3;Blue Hill Creek;MAIN;29|37;;;
1D75DDF7;1;TRT;1;Radar Project;MAIN;26;;;
1D75DDF7;2;BMF;1;Radar Project;MAIN;26;;;
1D75DDF7;3;DET;2;Radar Project;MAIN;26|27;;;
1DBED587;1;CSF;1;Blue and Berry;MAIN;34;;;
1DBED587;2;SHZC;2;Blue and Berry;MAIN;35;;;
1D79DBC9;1;SSF;1;Dupont/Baker;MAIN;42;;;
1D79DBC9;2;SOF;2;Dupont/Baker;MAIN;45;;;
1DA52531;1;CSF;1;JT Deposit;MAIN;61;450000.0;300.0;extent:bounded
1DA52531;2;SOF;2;JT Deposit;MAIN;61;;;
1DA52531;3;SSF;2;JT Deposit;MAIN;62;;;
1DA52531;4;SOF;3;JT Deposit;MAIN;62;;;
1DD4D24B;1;SHZC;1;Baner Project;MAIN;27|30|39;;;
1DF91E24;2;SOF;2;Lac Arsenault;MAIN;39|44;;;
1DF91E24;3;INT;2;Lac Arsenault;MAIN;39;;;
1DF91E24;4;SHZC;2;Lac Arsenault;MAIN;39|44;;;
1E3A6496;1;FLD;2;Pinion Deposit;MAIN;51|52|57;;;
1E3A6496;2;SOF;2;Pinion Deposit;MAIN;52;;;
1E3A6496;3;THR;2;Pinion Deposit;MAIN;52;;;
1E3A6496;4;CSF;1;Pinion Deposit;MAIN;52|69;;;
1E3A6496;5;INT;2;Pinion Deposit;MAIN;74;;;
1E4DAD52;1;SOF;2;Hot Maden;MAIN;43|44;;;
1E4DAD52;2;ENE;2;Hot Maden;MAIN;43;;;
1E4DAD52;3;LTC;2;Hot Maden;MAIN;43;;;
1E4DAD52;5;INT;2;Hot Maden;MAIN;43;;;
1E65C3E3;1;CSF;1;Mayflower Mine;MAIN;40|41;75000.0;;
1E65C3E3;2;SOF;2;Mayflower Mine;MAIN;36|41|42;;;
1E65C3E3;3;INT;2;Mayflower Mine;MAIN;36|42;;;
1E65C3E3;4;FLD;2;Mayflower Mine;MAIN;41;5500.0;;extent:bounded
1E65C3E3;5;FLD;3;Mayflower Mine;MAIN;41;;;
1EEB924D;1;FLD;1;Amulsar;MAIN;30;;;
1EEB924D;2;THR;1;Amulsar;MAIN;30;;;
1EEB924D;3;THR;2;Amulsar;MAIN;30;;;
1EEEBD3C;1;THR;1;Passendro Project;MAIN;22;;;
1EEEBD3C;2;SHZC;2;Passendro Project;MAIN;23;;;
1EA15EAC;1;CLD;1;Tuscarora Property;MAIN;29;10000.0;;
1EA15EAC;2;CLD;2;Tuscarora Property;MAIN;29;;;
1EA15EAC;3;INT;2;Tuscarora Property;MAIN;29;;;
1F113F28;1;THR;1;Pipeline West/Clipper;MAIN;38|42;;;
1F113F28;2;FLD;2;Pipeline West/Clipper;MAIN;41|42;;;
1F113F28;3;THR;2;Pipeline West/Clipper;MAIN;41|42;;;
1F113F28;4;SOF;2;Pipeline West/Clipper;MAIN;42;;;
1F674879;1;SHZC;2;Bachelor Deposit;MAIN;46;;;
1F674879;3;SHZC;1;Bachelor Deposit;MAIN;45;;;
1F5496B5;1;THR;2;Breznik;MAIN;15;;;
1F5496B5;2;SSF;2;Breznik;MAIN;15;;;
1F5496B5;3;SHZC;2;Breznik;MAIN;16;;;
1F6554D6;1;SHZC;1;Discovery Zone;MAIN;16|22|28;;;
1F6554D6;2;INC;2;Discovery Zone;MAIN;20;;;
1F837F3A;1;THR;2;Big Missouri Area;MAIN;28|35;;;
1F837F3A;2;SSF;2;Big Missouri Area;MAIN;33;;;
1F837F3A;3;THR;2;Big Missouri Area;MAIN;25|31;;;
1F837F3A;4;THR;2;Big Missouri Area;MAIN;25|31|32;;;
1FCDC14D;1;INC;2;Electrum;MAIN;62;;600.0;
1FCDC14D;2;FLD;2;Electrum;MAIN;62;;;
1FCDC14D;3;SOF;2;Electrum;MAIN;62|69|81;;;
1FCDC14D;4;SHZC;2;Electrum;MAIN;69;;;
1F90EDB0;1;THR;2;Main Zone;MAIN;39|45;;;
1F90EDB0;2;LTC;2;Main Zone;MAIN;39|45;;;
1F90EDB0;3;THR;1;Main Zone;MAIN;39;;;
1F90EDB0;4;SOF;2;Main Zone;MAIN;39;;;
1FE17C15;1;SHZC;2;Moss Vein;MAIN;47|51|59;6276.4;;
1FE17C15;2;SOF;2;Moss Vein;MAIN;59;;;
1FE17C15;3;SOF;3;Moss Vein;MAIN;59;;;
1FE70C03;1;DET;1;Griffon;MAIN;31|34|35;;;
1FE70C03;2;SOF;2;Griffon;MAIN;33|43;;;
202DCEFC;1;CSF;1;Savant Lake Vein System;MAIN;25;35000.0;5000.0;extent:bounded
202DCEFC;2;SOF;2;Savant Lake Vein System;MAIN;30;;;
202DCEFC;5;FLD;2;Savant Lake Vein System;MAIN;30|34;;;
20120D5E;1;FLD;2;Red Mountain;MAIN;42|51;;;
20120D5E;2;SSF;1;Red Mountain;MAIN;50;3000.0;;extent:approx_magnitude
208C4578;1;SHZC;2;Main Stripped area;MAIN;21;;;
208C4578;2;FLD;2;Main Stripped area;MAIN;21;;;
20E70C31;1;THR;1;Curraghinalt;MAIN;5|37|41;;;
20E70C31;2;SHZC;2;Curraghinalt;MAIN;48;;;
20E70C31;3;SHZC;2;Curraghinalt;MAIN;48|49;;;
20E70C31;4;SOF;2;Curraghinalt;MAIN;49;;;
20F73A15;1;CSF;1;Lamaque Mine;MAIN;70;200000.0;;extent:bounded
20F73A15;2;SHZC;2;Lamaque Mine;MAIN;70;5500.0;;extent:range_mean
20F73A15;3;SOF;3;Lamaque Mine;MAIN;70;1000.0;;
20F73A15;4;SHZC;2;Lamaque Mine;MAIN;72;;;
20F73A15;5;ENE;3;Lamaque Mine;MAIN;73;;;
21397674;1;SHZC;1;Vila Nova;MAIN;49;10000.0;;
21232535;1;BMF;2;Kostilkovo Gold Project;MAIN;60|67;;;
21232535;2;SSF;2;Kostilkovo Gold Project;MAIN;60|67;;;
21232535;3;DET;1;Kostilkovo Gold Project;MAIN;38|41;;;
215FF174;1;SHZC;1;Hope Brook;MAIN;87|90|94|105;;;
215FF174;2;FLD;2;Hope Brook;MAIN;94;;;
2180DC51;1;SHZC;1;Kirana Break;MAIN;62;8000.0;;
21616C27;1;TRT;1;Grayson Property;MAIN;31;;;
21616C27;2;NRM;2;Grayson Property;MAIN;31;;;
21CD3C3F;1;CLD;1;Goldfield Main;MAIN;51|53;;;
21889E1D;1;CSF;1;La Libertad vein system;MAIN;49;;;
22003F2D;1;SSF;1;MOP-II;MAIN;33;100000.0;;
22003F2D;3;SHZC;2;MOP-II;MAIN;35;;;
220B3C8E;1;SHZC;1;Project Concession;MAIN;14|16|20;;;
220B3C8E;2;THR;2;Project Concession;MAIN;14|17|21;;;
220B3C8E;3;SOF;2;Project Concession;MAIN;20;;;
2236ED25;1;FLD;2;Goose Site;MAIN;74|82|85;;;
2236ED25;2;SHZC;2;Goose Site;MAIN;85;;;
2236ED25;3;NRM;2;Goose Site;MAIN;82;;;
22158B32;1;TRT;2;Efemçukuru;MAIN;49|50;;;
227384AB;1;SHZC;1;Eagle River;MAIN;55|56|61;;;
227384AB;2;SOF;2;Eagle River;MAIN;59;;;
227384AB;3;LTC;2;Eagle River;MAIN;61;;;
2247650C;1;CSF;1;Costerfield;MAIN;42;;;
2247650C;2;FLD;1;Costerfield;MAIN;42|46|50;;;
2247650C;3;THR;1;Costerfield;MAIN;50;;;
2247650C;4;THR;2;Costerfield;MAIN;46|50|51|53|55|62;;;
2247650C;5;SOF;2;Costerfield;MAIN;50;;;
2247650C;6;LFT;2;Costerfield;MAIN;50;;;
2247650C;7;INT;2;Costerfield;MAIN;62;;;
22AD3A96;1;FLD;2;Buffalo Ankerite;MAIN;84|85;;;
22AD3A96;2;CSF;1;Buffalo Ankerite;MAIN;85;;;distance:unparseable
22AD3A96;3;SSF;2;Buffalo Ankerite;MAIN;85;;;
22AD3A96;4;SHZC;2;Buffalo Ankerite;MAIN;81|82;;;
22A21F9B;1;SSF;1;Segovia;MAIN;64|79;;;
22A21F9B;2;THR;2;Segovia;MAIN;69|72;;;
22A21F9B;3;SSF;2;Las Verticales;MAIN;76;;;
22B0F479;1;THR;1;Goldstrike;MAIN;71;;;
22B0F479;2;BMF;2;Goldstrike;MAIN;72|76;;;
22B0F479;3;SOF;3;Goldstrike;MAIN;72;;;
22B0F479;4;INT;2;Goldstrike;MAIN;76;;;
22B0F479;5;FLD;2;Goldstrike;MAIN;71|81;;;
22EE8AF2;1;FLD;2;Springpole;MAIN;77;;;
22EE8AF2;2;SHZC;1;Springpole;MAIN;77;;;
23E2AB4F;1;SSF;1;Gramalote Ridge;MAIN;74|79;;;
23E2AB4F;2;SHZC;2;Gramalote Ridge;MAIN;79;;;
23E2AB4F;3;ENE;3;Gramalote Ridge;MAIN;79;;;
236C70C8;1;SHZC;1;Pickle Crow;MAIN;73;30.0;;extent:bounded
236C70C8;2;SHZC;1;Pickle Crow;MAIN;87;100.0;;extent:bounded
236C70C8;3;SOF;2;Pickle Crow;MAIN;73|81;3.5;;extent:range_mean
236C70C8;4;FLD;2;Pickle Crow;MAIN;69|70;;;
23A8303F;1;THR;1;Black Rock Canyon;MAIN;32|38;;;
23A8303F;2;SHZC;2;Black Rock Canyon;MAIN;36;;;
2300FDF5;1;SSF;1;Gramalote Ridge;MAIN;79;;;
2300FDF5;2;SHZC;1;Gramalote Ridge;MAIN;79;;;
2300FDF5;4;SHZC;2;Gramalote Ridge;MAIN;79;;;
23FDF32D;1;SHZC;2;Sullivan;MAIN;87;;;
23FDF32D;2;LTC;2;Sullivan;MAIN;91;;;
23E75060;1;CSF;1;Rice Lake Mining Complex;MAIN;19;;;
23E75060;2;SHZC;1;Rice Lake Mining Complex;MAIN;19;;;
23E75060;3;SOF;2;Rice Lake Mining Complex;MAIN;19;;;
23E75060;4;SHZC;2;Rice Lake Mining Complex;MAIN;22;;;
23E75060;5;INT;2;Rice Lake Mining Complex;MAIN;22;;;
23EF2460;1;INC;2;Kışladağ;MAIN;48;;;
23FB6FA3;1;SHZC;1;El Zapote;MAIN;36|37;3000.0;;
2403233F;1;CSF;1;Main Zone;MAIN;34|39;300000.0;;extent:bounded
2403233F;3;FLD;2;Main Zone;MAIN;36;;;
246B6C08;1;SHZC;2;Zone 18;MAIN;42;2500.0;;
246B6C08;2;MYLC;2;Zone 18;MAIN;43|54;;;
2489595B;1;SHZC;2;Plumas Property;MAIN;27|30;3000.0;;extent:from_metric_paren
2489595B;2;INT;2;Plumas Property;MAIN;30|35;;;
244E33F1;1;SSF;1;Tirokave;MAIN;38|43;;;
244E33F1;2;INT;2;Tirokave;MAIN;43;;;
244E33F1;3;FLD;2;Tirokave;MAIN;46;;;
244E33F1;4;JOG;2;Tirokave;MAIN;73;;;
244E33F1;5;SSF;2;Tirokave;MAIN;73;;;
244E33F1;6;CLD;2;Tirokave;MAIN;74;;;
244E33F1;7;CLD;2;Tirokave;MAIN;74;;;
244E33F1;8;CLD;1;Tirokave;MAIN;74|75;;;
248A80DD;1;INC;2;Wildcat;MAIN;107;;;
24B6ED4E;1;SSF;1;historic Shakespeare mine;MAIN;24|26|28|29;320.0;;
24B6ED4E;2;SHZC;2;historic Shakespeare mine;MAIN;28;;;
24AC8644;1;CSF;1;Rio Grande;MAIN;28|39;;;
24AC8644;2;INT;1;Rio Grande;MAIN;28|29|39;;;
24AC8644;3;SOF;2;Rio Grande;MAIN;33;;;
24AE47D4;1;NRM;2;Coneto Project;MAIN;12|33|38;3000.0;;extent:range_mean
2599A162;1;DOM;2;La Lechoza;MAIN;31;;;
2599A162;2;THR;2;La Lechoza;MAIN;32;;;
256394E9;2;BXP;2;El Valle-Boinás;MAIN;43;;;
256394E9;3;INT;2;El Valle-Boinás;MAIN;48;;;
256394E9;4;THR;2;El Valle-Boinás;MAIN;48;;;
254D5EBC;1;SHZC;2;Kilgore deposit;MAIN;59;6000.0;;extent:bounded
254D5EBC;2;SHZC;2;Kilgore deposit;MAIN;59;1800.0;760.0;extent:bounded|distance:bounded|distance:from_metric_paren
254D5EBC;3;SOF;2;Kilgore deposit;MAIN;60;;;
254D5EBC;4;CLD;1;Kilgore deposit;MAIN;59|60;;;
254D5EBC;5;INT;2;Kilgore deposit;MAIN;60|78;;;
250164CA;1;THR;1;Shahuindo;MAIN;85|92;;;
250164CA;2;FLD;1;Shahuindo;MAIN;92|93;;;
250164CA;3;SHZC;2;Shahuindo;MAIN;93;;;
250164CA;4;SOF;2;Shahuindo;MAIN;93|94;;;
250164CA;5;INC;2;Shahuindo;MAIN;101|110;;;
250164CA;6;DET;2;Shahuindo;MAIN;103|106|112;;;
25A7823F;2;JOG;2;Bayan Khundii;MAIN;86|89;;;
25A7823F;3;ENE;3;Bayan Khundii;MAIN;86|98;;;
25C0ABB4;1;GSC;1;Cheechoo;MAIN;58|60;;;
25C0ABB4;2;SHZC;2;Cheechoo;MAIN;58|59;;;
25C0ABB4;3;FLD;2;Cheechoo;MAIN;59;;;
25C0ABB4;4;ENE;3;Cheechoo;MAIN;59;;;
25C0ABB4;5;INC;2;Cheechoo;MAIN;61|63;;;
25E7B8DC;1;TRT;2;Çöpler;MAIN;90|91|97;;;
25E7B8DC;3;TRT;1;Çöpler;MAIN;91|97;;;
25E7B8DC;4;THR;1;Çöpler;MAIN;90;;;
25EF814D;1;TRP;1;Hope Brook;MAIN;65;;;
25EF814D;2;SHZC;1;Hope Brook;MAIN;51|54;;;
26140A92;2;INC;2;Nucleus Zone;MAIN;34;;;
269058A8;1;THR;1;SMG deposit;MAIN;51;;7000.0;
269058A8;3;FLD;2;SMG deposit;MAIN;51;;;
26934DE8;1;SHZC;2;Wasamac deposit;MAIN;56|57|59;;;
26934DE8;2;CSF;1;Wasamac deposit;MAIN;56|57;;;
26D7FC67;1;SOF;2;Boulder and Argillite Veins;MAIN;32|37;;;
26AF7232;1;INT;2;Blackwater;MAIN;104|107;;;
26AF7232;2;INT;3;Blackwater;MAIN;106;;;
26DAD65A;1;FLD;2;Montagne d'Or;MAIN;44;;;
26DAD65A;2;THR;2;Montagne d'Or;MAIN;44;;;
26DAD65A;3;TRT;1;Montagne d'Or;MAIN;36|44;;;
26DAD65A;4;SHZC;3;Montagne d'Or;MAIN;44;;;
26F4B236;1;THR;1;Montauban deposit;MAIN;88;;;
26F4B236;3;FLD;2;Montauban deposit;MAIN;95;;;
26F4B236;4;FLD;3;Montauban deposit;MAIN;95;;;
26EED897;1;SSF;2;North Jumbo;MAIN;56|69;;;
26F52283;1;CSF;1;Macassa Mine;MAIN;27;321868.0;;
26F52283;2;THR;2;Macassa Mine;MAIN;32;;;
26F52283;3;SOF;2;Macassa Mine;MAIN;27|30|32;;;
2733C2DC;1;CSF;1;Costerfield;MAIN;54;;;
2733C2DC;2;FLD;1;Costerfield;MAIN;54|56|60;;;
2733C2DC;3;THR;2;Costerfield;MAIN;56|60;;;
2733C2DC;4;LFT;2;Costerfield;MAIN;60;;;
2733C2DC;5;SSF;3;Costerfield;MAIN;60;;;
277066F5;1;NRM;2;Ishkoday;MAIN;37;;;
277066F5;2;THR;2;Ishkoday;MAIN;37;;;
277066F5;3;SHZC;2;Ishkoday;MAIN;37;;;
278777FD;3;CLD;2;Kabang;MAIN;26;;;
278777FD;4;BXP;2;Kabang;MAIN;26;;;
278C5D9A;1;CSF;1;Cerro Vetas-NW Breccia-Chisperos;MAIN;38|42|45|69;;;
278C5D9A;2;SOF;2;Cerro Vetas-NW Breccia-Chisperos;MAIN;42|45;;;
278C5D9A;3;THR;3;Cerro Vetas-NW Breccia-Chisperos;MAIN;48|53|69;;;
278C5D9A;4;SOF;2;Cerro Vetas-NW Breccia-Chisperos;MAIN;48|52;;;
2798BB0A;1;FLD;2;Springpole;MAIN;32;;;
2798BB0A;2;SHZC;2;Springpole;MAIN;32;;;
2798BB0A;3;SHZC;1;Springpole;MAIN;32;;;
2798BB0A;5;SSF;1;Springpole;MAIN;32;;;
27B1AD13;1;CSF;1;Cape Ray Gold Deposit;MAIN;49|53|56;100000.0;;
27B1AD13;2;SOF;2;Cape Ray Gold Deposit;MAIN;56|60;1800.0;;
285CAFFC;1;SOF;2;Whistler Deposit;MAIN;60|61;;;
285CAFFC;2;INT;2;Whistler Deposit;MAIN;61;;;
2882AA24;1;INT;2;Jethro Structure;MAIN;19;;;
28D949DC;1;SHZC;2;Los Venados;MAIN;39|43;;;
28D949DC;2;INT;2;Los Venados;MAIN;39;;;
28D949DC;3;SOF;2;Los Venados;MAIN;43|44;;;
27E713E8;1;CSF;1;Las Pampas;MAIN;40|42;;;
27E713E8;2;SOF;2;Las Pampas;MAIN;43|51;;;
27E713E8;3;JOG;2;Las Pampas;MAIN;42;;;
27E713E8;4;INT;2;Las Pampas;MAIN;55;;;
292E65F4;2;SSF;2;Whistler Deposit;MAIN;61;;;
28EBC9F8;1;SHZC;2;Serra Alta;MAIN;94;;;
28F8F5BC;1;CSF;1;Costerfield;MAIN;56;;;
28F8F5BC;2;THR;1;Costerfield;MAIN;62;;;
28F8F5BC;3;THR;2;Costerfield;MAIN;57|62|64;;;
28F8F5BC;4;SOF;2;Costerfield;MAIN;62;;;
28F8F5BC;5;LFT;2;Costerfield;MAIN;62;;;
28F8F5BC;6;SSF;2;Costerfield;MAIN;62;;;
28F8F5BC;7;FLD;2;Costerfield;MAIN;56|62;;;
28F8F5BC;8;INT;2;Costerfield;MAIN;64;;;
298F6B30;1;TRT;2;Dickens Lake Property;MAIN;20;;;
298F6B30;2;INT;2;Dickens Lake Property;MAIN;20;;;
298F6B30;4;SHZC;2;Dickens Lake Property;MAIN;23;;;
296FB1D8;1;THR;1;Perron Orogenic Gold System;MAIN;69|70;;;
296FB1D8;2;SHZC;1;Perron Orogenic Gold System;MAIN;69|70;;;
296FB1D8;3;SHZC;2;Perron Orogenic Gold System;MAIN;77|78|80|85|87;;;
296FB1D8;4;INT;3;Perron Orogenic Gold System;MAIN;70;;;
298B9AB6;1;THR;1;Detour Lake deposit;MAIN;57|67|69|71;20000.0;;extent:bounded
298B9AB6;2;FLD;2;Detour Lake deposit;MAIN;57|67;;;
298B9AB6;3;SHZC;2;Detour Lake deposit;MAIN;69|71;;;
298B9AB6;4;LTC;2;Detour Lake deposit;MAIN;60|69;;;
29FF6AC1;1;SHZC;N/A;Black Dog Zone;MAIN;37|38;;;
29FF6AC1;2;FLD;N/A;Black Dog Zone;MAIN;38;;;
29FF6AC1;3;INT;N/A;Black Dog Zone;MAIN;38;;;
2A211886;1;TRT;1;Pavon;MAIN;30;;;
2A29512B;1;SSF;1;Trun;MAIN;44;;;
2A29512B;2;THR;1;Trun;MAIN;44;;;
2A29512B;3;INC;2;Trun;MAIN;46|49;;;
2A8EBAD3;2;SHZC;2;Salmon Property;MAIN;14;;;
2AB98F65;1;DET;1;Ada Tepe;MAIN;51|55;;;
2AB98F65;2;SSF;2;Ada Tepe;MAIN;51;;;
2AD8235A;1;FLD;2;Red Mountain;MAIN;44;;;
2AD8235A;2;SOF;2;Red Mountain;MAIN;46|48;;;
2B197A7F;1;SHZC;1;Philibert-I Showing;MAIN;30|35;;;
2AEF1702;1;SOF;2;Valley;MAIN;46;;;
2AEF1702;2;FLD;1;Valley;MAIN;31|45;;;
2AEF1702;3;SSF;1;Valley;MAIN;31;;;
2B556A56;1;SHZC;2;Monster Lake Shear Zone;MAIN;28|31;4.0;;
2B556A56;2;ENE;3;Monster Lake Shear Zone;MAIN;47|49;;;
2B213DB7;1;SHZC;2;Morono M Zone;MAIN;79|82;;;
2B213DB7;3;SHZC;1;Morono M Zone;MAIN;79;;;
2B1BF487;2;FLD;2;Brucejack Deposit;MAIN;56|46|51;;;
2BA444DA;1;FLD;2;A-1 Zone;MAIN;27;;;
2BA444DA;2;NRM;N/A;A-1 Zone;MAIN;27;;;
2BD6A010;1;BMF;1;White Pass zone;MAIN;46|50;;;
2BD6A010;2;SOF;2;White Pass zone;MAIN;47|50;2500.0;;
2BE274E7;1;THR;1;Alotta;MAIN;33;;;
2BE274E7;2;SSF;1;Alotta;MAIN;33|34|40;;;
2BE274E7;3;INT;2;Alotta;MAIN;34;;;
2C085221;1;JOG;2;San José de Gracia;MAIN;28|29;;;
2C085221;2;INT;2;San José de Gracia;MAIN;28|29;;;
2C085221;3;THR;2;San José de Gracia;MAIN;28;;;
2CCC1EE3;1;SOF;2;Irokindinskoye;MAIN;30|36|37;;;
2CEFBFD8;1;DET;1;Black Horse;MAIN;32|33;;;
2CEFBFD8;2;THR;1;Black Horse;MAIN;32;;;
2CEFBFD8;3;BMF;1;Black Horse;MAIN;32;;;
2CE8BABD;1;BXP;2;Bayan Khundii;MAIN;24;;;
2CE8BABD;2;ENE;2;Bayan Khundii;MAIN;24;;;
2D3D88F8;1;THR;2;Big Missouri Deposit;MAIN;26|29;;;
2D3D88F8;2;SSF;2;Big Missouri Deposit;MAIN;27;;;
2D5553AA;1;SHZC;1;Nelligan;MAIN;38|44;;;
2D5553AA;2;FLD;1;Nelligan;MAIN;40;;;
2D5553AA;3;SHZC;2;Nelligan;MAIN;44|47;;;
2DC6AF0E;1;SHZC;1;Main Zone (Viking Zone);MAIN;27;;;
2DC6AF0E;2;SHZC;2;Main Zone (Viking Zone);MAIN;27;;;
2D6CE2F9;1;CSF;1;Granada;MAIN;44|46;;;
2D6CE2F9;2;SHZC;2;Granada;MAIN;44;;;
2D6CE2F9;3;SOF;2;Granada;MAIN;40|44;;;
2D90773D;1;SSF;2;San Miguel;MAIN;41;;;
2D90773D;2;JOG;3;San Miguel;MAIN;41|42;;;
2DE101D3;1;SHZC;1;Coricancha Mine Complex;MAIN;70;;;
2DF2297F;1;CSF;1;Lac Arsenault;MAIN;35|38|40;;;
2DF2297F;2;SHZC;2;Lac Arsenault;MAIN;38|40;;;
2DF2297F;3;SOF;2;Lac Arsenault;MAIN;39;;;
2DF06B23;2;INT;2;Klaza Deposit;MAIN;28|32;;;
2DF06B23;3;ENE;3;Klaza Deposit;MAIN;28|32;;;
2E2ADB8A;1;THR;2;Boda;MAIN;43;;;
2E2ADB8A;3;SSF;1;Boda;MAIN;49;;;
2DF1505C;1;THR;1;Candelones;MAIN;73|80;;;
2DF1505C;2;SOF;2;Candelones;MAIN;73|80;;;
2DF1505C;3;SSF;2;Candelones;MAIN;80;;;
2E95520C;1;TRP;1;Preview SW;MAIN;117;;;
2E95520C;2;JOG;2;Preview SW;MAIN;117;;;
2E95520C;3;SHZC;2;Preview SW;MAIN;115|117;;;
2E95520C;4;ENE;3;Preview SW;MAIN;115;;;
2E95520C;5;FLD;2;Preview SW;MAIN;118;;;
2E95520C;6;MYLC;2;Preview SW;MAIN;118;;;
2ED64B88;1;SHZC;2;Selinsing;MAIN;60;;;
2ED64B88;2;THR;3;Selinsing;MAIN;60;;;
2EC929DB;1;TRP;1;Romero;MAIN;53;;;
2EC929DB;3;SSF;2;Romero;MAIN;60;;;
2EC929DB;4;THR;2;Romero;MAIN;60;;;
2F6D3B65;1;SHZC;2;Elizabeth;MAIN;66;1000.0;;
2F6D3B65;2;SSF;1;Elizabeth;MAIN;71|82;;;
2F6D3B65;3;LFT;1;Elizabeth;MAIN;71|72;;;
2F6D3B65;4;LFT;2;Elizabeth;MAIN;72;;;
2F6D3B65;5;INT;3;Elizabeth;MAIN;72;;;
2F6D3B65;6;JOG;3;Elizabeth;MAIN;72;;;
2F7EBA4A;1;INT;1;Cerro Porfiro;MAIN;28;;;
2F7EBA4A;2;SSF;1;Cerro Porfiro;MAIN;28;;;
2F7468E3;1;CSF;1;Pluto Property;MAIN;25;;;
2F7468E3;2;SHZC;1;Pluto Property;MAIN;26;;;
2F7468E3;3;SSF;3;Pluto Property;MAIN;26;;;
2FC72C40;1;TRT;1;Wires Prospect;MAIN;59;;;
2FC72C40;2;JOG;2;Wires Prospect;MAIN;57;;;
2FC72C40;3;INT;2;Wires Prospect;MAIN;57;;;
30053B98;1;SSF;1;Palito;MAIN;42;;;
30053B98;2;SOF;2;Palito;MAIN;42;;;
30053B98;3;INT;2;Palito;MAIN;42;;;
30053B98;4;JOG;2;Palito;MAIN;42;;;
30053B98;5;SSF;2;Palito;MAIN;39;;;
305FCE81;1;BMF;1;Vernal;MAIN;21|23|24;;;
305FCE81;2;SOF;2;Vernal;MAIN;21|24|25;;;
305FCE81;3;CLD;2;Vernal;MAIN;20|23;;;
300FEDE7;1;BMF;2;Lawyers Trend;MAIN;90|92|165;;;
300FEDE7;2;INT;2;Lawyers Trend;MAIN;92|99;;;
3022F210;1;SHZC;1;Ikkari;MAIN;83;;;
3022F210;4;FLW;2;Ikkari;MAIN;95;;;
3022F210;5;FLD;2;Ikkari;MAIN;97|98|101;;;
3022F210;6;THR;2;Ikkari;MAIN;97;;;
30929FCC;1;CSF;1;Zancudo;MAIN;38;;;
30929FCC;2;TRP;2;Zancudo;MAIN;44;;;
30929FCC;3;THR;2;Zancudo;MAIN;44;;;
30929FCC;4;UNC;2;Zancudo;MAIN;44;;;
30929FCC;5;FLD;2;Zancudo;MAIN;44;;;
30929FCC;6;SOF;3;Zancudo;MAIN;44;;;
3085E31C;1;THR;2;Condor breccia, dyke and dome complex;MAIN;46;;;
3085E31C;2;DET;1;Condor breccia, dyke and dome complex;MAIN;43;;;
30BF9789;1;SHZC;1;Perron Gold Zones;MAIN;88|89;;;
30BF9789;2;THR;1;Perron Gold Zones;MAIN;81|89;;;
30BF9789;3;SHZC;2;Perron Gold Zones;MAIN;95|97|99|104|105;;;
30BF9789;4;INT;2;Perron Gold Zones;MAIN;89;;;
30EAF13D;1;BMF;2;Sleeper;MAIN;50|57;;;
30EAF13D;2;TRT;2;Sleeper;MAIN;50|57;;;
30EAF13D;3;SSF;2;Sleeper;MAIN;50|57;;;
30EAF13D;4;LTC;2;Sleeper;MAIN;61;;;
30EAF13D;5;BMF;1;Sleeper;MAIN;45;;;
3150297D;1;FLD;1;Biricu Property;MAIN;16|22;;;
3150297D;2;SSF;1;Biricu Property;MAIN;17|22;;;
311404CD;1;SSF;1;Rainy River Gold Project;MAIN;129|138;;;distance:unparseable
311404CD;2;SOF;2;Rainy River Gold Project;MAIN;138;;;
311404CD;3;FLD;N/A;Rainy River Gold Project;MAIN;138;;;
311404CD;7;SSF;3;Rainy River Gold Project;MAIN;147;;;
3167CC26;1;THR;2;Middle River Gold Zone;MAIN;57|61;;;
3182039A;1;THR;2;Big Missouri;MAIN;38|44;;;
3182039A;2;SSF;2;Big Missouri;MAIN;39;;;
3185C8FC;1;SSF;2;Klaza;MAIN;56|60;;;
3185C8FC;2;INT;2;Klaza;MAIN;56|60;;;
3185C8FC;3;ENE;3;Klaza;MAIN;56|60;;;
31F34736;1;THR;2;Golden Chest;MAIN;36|37;;;
31F34736;2;FLD;1;Golden Chest;MAIN;36;29000.0;;extent:bounded
31F34736;3;SHZC;2;Golden Chest;MAIN;36;;;
31F34736;4;SOF;2;Golden Chest;MAIN;37;;;
31F34736;5;LTC;2;Golden Chest;MAIN;36;;;
31D4C581;1;SSF;1;Los Filos;MAIN;51;;;
31D4C581;2;SHZC;2;Los Filos;MAIN;55;;;
31D4C581;3;BXP;2;Los Filos;MAIN;57;;;
3279BA52;1;SHZC;2;Chibougamau property;MAIN;34|37;;;
323E790F;1;CLD;2;Berens River;MAIN;33;;;
323E790F;2;SSF;2;Berens River;MAIN;29;;;
32F18F09;1;FLD;2;Back Forty Deposit;MAIN;82;;;
333B3B57;1;CSF;1;Boyden;MAIN;24;;;
333B3B57;2;SHZC;2;Boyden;MAIN;28|29;;;
3311C0B8;1;THR;2;Lalor;MAIN;50;;;
33701C20;1;SSF;1;Drumlummon;MAIN;44|46;;;
33701C20;2;FLD;2;Drumlummon;MAIN;43|46;;;
33701C20;3;INT;2;Drumlummon;MAIN;47;;;
33701C20;4;INC;2;Drumlummon;MAIN;47;;;
33701C20;5;JOG;2;Drumlummon;MAIN;47;;;
33701C20;6;SOF;2;Drumlummon;MAIN;44;;;
3322F5C1;1;FLD;2;Mt. Hamilton;MAIN;7|60|61;;;
3322F5C1;2;INT;2;Mt. Hamilton;MAIN;64;;;
3322F5C1;3;SOF;3;Mt. Hamilton;MAIN;64;;;
33D98D15;1;SSF;2;Kodiak Project;MAIN;15|30;;;
33D98D15;2;SSF;2;Kodiak Project;MAIN;30;;;
34397D2A;1;SHZC;2;Lira;MAIN;39|41|62;;;
34397D2A;2;SSF;2;Lira;MAIN;41;;;
34397D2A;3;FLD;2;Lira;MAIN;62;;;
33A279AE;1;JOG;2;Umuna;MAIN;44|46|47;3000.0;;
33A279AE;2;DET;1;Umuna;MAIN;35|37|41|44;30000.0;;extent:approx_magnitude
33A279AE;3;SSF;1;Umuna;MAIN;46|47;;;
33A279AE;4;INT;2;Umuna;MAIN;47;;;
3425C690;1;BMF;1;Sleeper deposit;MAIN;36|37|56;;;
3425C690;2;SSF;2;Sleeper deposit;MAIN;38|44;;;
3425C690;3;DOM;2;Sleeper deposit;MAIN;44;;;
3425C690;4;LTC;2;Sleeper deposit;MAIN;44|53;;;
34C16155;1;SSF;1;Drumlummon;MAIN;44|46;;;
34C16155;2;FLD;2;Drumlummon;MAIN;43|46;;;
34C16155;3;INT;2;Drumlummon;MAIN;47;;;
34C16155;4;INC;2;Drumlummon;MAIN;47;;;
34C16155;5;JOG;2;Drumlummon;MAIN;47;;;
34C16155;6;INT;3;Drumlummon;MAIN;47;;;
3457AC4E;1;THR;1;Rompas;MAIN;25|32;;;
3457AC4E;2;FLD;1;Rompas;MAIN;25;;;
3457AC4E;3;FLD;2;Rompas;MAIN;25|27;;;
34C796AC;1;SSF;1;Cloud Drifter Trend;MAIN;27|32;250000.0;;extent:bounded
34C796AC;2;THR;2;Cloud Drifter Trend;MAIN;33;;;
34C796AC;3;TRP;2;Cloud Drifter Trend;MAIN;33|34;;;
34C796AC;4;INC;2;Cloud Drifter Trend;MAIN;33;;;
34C796AC;5;JOG;2;Cloud Drifter Trend;MAIN;33;;;
34C796AC;6;FLD;2;Cloud Drifter Trend;MAIN;33|34;;;
34C6D6FF;1;TRT;1;Tahuehueto;MAIN;41|43;3000.0;;
34C6D6FF;2;SOF;2;Tahuehueto;MAIN;43;;;
350075F2;1;SOF;1;Dime Project;MAIN;16;;;
350075F2;3;JOG;2;Dime Project;MAIN;31;;;
34DE2D6A;1;SSF;2;VOK Zone;MAIN;31|36|39|60;;;
34DE2D6A;2;FLD;2;VOK Zone;MAIN;50|60|61;;;
34DE2D6A;3;LTC;2;VOK Zone;MAIN;60|61;;;
34DE2D6A;4;SOF;2;VOK Zone;MAIN;50;;;
35060722;1;FLD;2;Springpole;MAIN;45;;;
35060722;2;SHZC;2;Springpole;MAIN;45;;;
35060722;4;SSF;2;Springpole;MAIN;50;;;
34D6E9CB;1;SSF;2;Mercedes;MAIN;77;;;
34D6E9CB;2;LFT;2;Mercedes;MAIN;72;;;
34D6E9CB;3;LTC;2;Mercedes;MAIN;78;;;
35206A63;1;SSF;2;Björkdal;MAIN;57|63;;;
35206A63;2;SOF;2;Björkdal;MAIN;65;;;
356BDF5C;1;SSF;1;Yaoure Central;MAIN;46;;;
356BDF5C;2;SHZC;2;Yaoure Central;MAIN;50|59;;;
356BDF5C;3;LTC;2;Yaoure Central;MAIN;58;;;
357F2DBF;1;SHZC;2;Troy Zone;MAIN;29;350.0;;
3592CC1C;1;SOF;2;Saddle Zone;MAIN;23|29;;;
3598970A;1;BMF;1;Lovitt Mine;MAIN;24|28;;;
3598970A;2;SOF;2;Lovitt Mine;MAIN;24;;;
35AD2016;1;SSF;2;San Andrés;MAIN;46;;;
35AD2016;2;BMF;2;San Andrés;MAIN;46|47;;;
359A7B80;2;THR;1;Candelones Project;MAIN;44|48;;;
35EF186E;1;SOF;2;Tonopah West;MAIN;39;;;
363AA7C2;1;BMF;1;Golden Reward;MAIN;14;45000.0;;
363AA7C2;2;SOF;2;Golden Reward;MAIN;14;;;
362E520F;1;SHZC;1;Nelligan;MAIN;38|44;;;
362E520F;2;FLD;1;Nelligan;MAIN;40;;;
362E520F;3;SHZC;2;Nelligan;MAIN;44|47;;;
364A028C;1;SHZC;1;Breccia Zone (BZ);MAIN;38;;;
364A028C;2;SOF;2;Breccia Zone (BZ);MAIN;43;;;
364A028C;3;SOF;3;Breccia Zone (BZ);MAIN;43;;;
36660BA9;1;SHZC;2;Croinor;MAIN;76|77;;;
36660BA9;2;SHZC;1;Croinor;MAIN;66|68;;;
36660BA9;3;CSF;1;Croinor;MAIN;68;;;
3731FD4F;1;THR;2;Hot Spring Range Project;MAIN;17|21|23;;;
3731FD4F;2;BMF;1;Hot Spring Range Project;MAIN;19|21|22;;;
3731FD4F;3;FLD;2;Hot Spring Range Project;MAIN;13|19|22;;;
37743B3C;1;FLD;2;Rajapalot;MAIN;20;;;
37743B3C;2;LTC;2;Rajapalot;MAIN;25;;;
37B8CB8D;1;SHZC;1;Main Zone;MAIN;43|45|51;;;
37B8CB8D;2;FLD;2;Main Zone;MAIN;43|47|51;;;
37B8CB8D;3;INT;2;Main Zone;MAIN;51|52;;;
37C5771C;1;CSF;1;Advene Prospect;MAIN;36;;;
37C5771C;2;SHZC;2;Advene Prospect;MAIN;37|40;;;
37C5771C;3;BXP;2;Advene Prospect;MAIN;37;;;
37C5771C;4;LTC;2;Advene Prospect;MAIN;42;;;
37CFC744;1;CSF;1;Vetas Gold Project;MAIN;50;400000.0;;extent:bounded
37CFC744;2;SSF;1;Vetas Gold Project;MAIN;51;;;
37CFC744;3;TRT;2;Vetas Gold Project;MAIN;56;;;
37CFC744;4;JOG;2;Vetas Gold Project;MAIN;56;;;
37CFC744;5;INT;2;Vetas Gold Project;MAIN;59;;;
37CFC744;6;SHZC;2;Vetas Gold Project;MAIN;61;;;
37CFC744;7;SOF;2;Vetas Gold Project;MAIN;51;;;
37DBB67D;1;SHZC;1;Omai;MAIN;61|83;;;
37DBB67D;2;SHZC;2;Omai;MAIN;66|70|72;;;
37F32166;1;SSF;1;Taurus;MAIN;44|46;;;
37F32166;2;SHZC;2;Taurus;MAIN;47;;;
37F32166;3;ENE;3;Taurus;MAIN;47;;;
38072A1F;1;SOF;2;Lagunas Norte;MAIN;50|56;;;
37EEBE47;1;INT;2;Madison Project;MAIN;49;;;
3870A7FF;1;SHZC;1;Diba;MAIN;78|86;;;
3870A7FF;2;SSF;2;Diba;MAIN;86;;;
38D8C5E3;1;FLD;2;Luna Roja;MAIN;21|24;;;
38D8C5E3;2;THR;2;Luna Roja;MAIN;21;;;
38D8C5E3;3;SHZC;2;Luna Roja;MAIN;21;3000.0;;extent:bounded
38BE749E;1;SSF;1;US Grant vein;MAIN;31;;;
394489CC;1;SHZC;2;Prosperity Trend;MAIN;32;;;
394489CC;2;INT;2;Prosperity Trend;MAIN;32;;;
3919A867;1;CSF;1;Camino Rojo;MAIN;64|65|79;300000.0;;extent:bounded
3919A867;2;INC;2;Camino Rojo;MAIN;79;;;
3919A867;3;BXP;2;Camino Rojo;MAIN;79;;;
3919A867;4;FLD;3;Camino Rojo;MAIN;78|79;;;
3919A867;5;THR;2;Camino Rojo;MAIN;78;;;
39213E42;1;SOF;2;Newman Todd Structure;MAIN;73;;;
39755FE7;1;LFT;2;Bullfrog;MAIN;80|83;;;
39755FE7;2;DET;1;Bullfrog;MAIN;83;;;
39FB1932;1;CSF;1;Twin Hills;MAIN;133|142;100000.0;;extent:bounded
39FB1932;2;SOF;2;Twin Hills;MAIN;142;;;
39FB1932;3;SHZC;2;Twin Hills;MAIN;142;;;
39FB1932;4;FLD;2;Twin Hills;MAIN;142|158;;;
39FB1932;5;JOG;2;Twin Hills;MAIN;142;;;
39FB1932;6;FLD;3;Twin Hills;MAIN;158;;;
39BA4386;1;SHZC;2;Eastmain Mine Gold Deposit;MAIN;33|35|43;4000.0;;
39BA4386;2;SOF;2;Eastmain Mine Gold Deposit;MAIN;35;;;
39BA4386;3;SSF;2;Eastmain Mine Gold Deposit;MAIN;34|35;1000.0;;extent:approx_magnitude
39BA4386;4;SHZC;3;Eastmain Mine Gold Deposit;MAIN;43;;;
39F25E45;1;SHZC;2;Groete Gold Copper Deposit;MAIN;27;4000.0;;
39ABBA49;1;SHZC;2;Altan Nar;MAIN;23|56|57;;;
39ABBA49;2;SSF;1;Altan Nar;MAIN;24|44;5.0;;extent:bounded
39ABBA49;3;JOG;2;Altan Nar;MAIN;24|44;;;
3AAD1633;1;CSF;1;Frasergold;MAIN;27;;;
3AAD1633;2;THR;1;Frasergold;MAIN;34;;;
3AAD1633;3;FLD;2;Frasergold;MAIN;34|36;;;
3AAD1633;4;SHZC;2;Frasergold;MAIN;36;;;
3A620AFE;1;CSF;1;Dolphin;MAIN;21;;;
3A620AFE;2;THR;1;Dolphin;MAIN;22|27;;;
3A620AFE;3;SHZC;2;Dolphin;MAIN;24|28;;;
3A620AFE;4;ENE;2;Dolphin;MAIN;29;;;
3A6BCC4A;1;SSF;1;Rainy River gold project;MAIN;61;;;
3A6BCC4A;2;SOF;2;Rainy River gold project;MAIN;61;;;
3A6BCC4A;3;FLD;N/A;Rainy River gold project;MAIN;61;;;
3A6BCC4A;4;SHZC;2;Rainy River gold project;MAIN;65|68;;;
3A6BCC4A;5;SHZC;3;Rainy River gold project;MAIN;66|67;;;
3A6BCC4A;6;SSF;N/A;Rainy River gold project;MAIN;69;;;
3AE4029C;1;SSF;2;Sullivan;MAIN;87;;;
3AE4029C;2;SHZC;2;Sullivan;MAIN;87|91;;;
3B88DE37;1;BXP;2;Cangrejos Zone;MAIN;20|23|26;;;
3AF05E90;1;SHZC;1;A8 3200 vein system;MAIN;37;60000.0;;extent:bounded
3AF05E90;2;FLD;2;A8 3200 vein system;MAIN;40|43;;;
3BBB00A1;1;BMF;N/A;Grassy Mountain;MAIN;80|81;;;
3BBB00A1;2;SOF;2;Grassy Mountain;MAIN;81;;;
3BBB00A1;3;SOF;2;Grassy Mountain;MAIN;79;;;
3BBB00A1;4;SOF;2;Grassy Mountain;MAIN;86;;;
3BDD510E;1;SHZC;1;Friday Zone;MAIN;31|34|38|39;45000.0;;extent:bounded
3BDD510E;2;SOF;2;Friday Zone;MAIN;31|34|39;;;
3BDD510E;3;ENE;3;Friday Zone;MAIN;39;;;
3BDD510E;4;INC;2;Friday Zone;MAIN;31|34|36;;;
3C15D2C0;1;BMF;2;Cap Oeste;MAIN;39|46|62;5000.0;;extent:bounded
3C15D2C0;2;BMF;2;Cap Oeste;MAIN;39|65;1500.0;220.0;extent:bounded
3C15D2C0;3;INT;3;Cap Oeste;MAIN;54|63;;;
3BEF5C5D;1;FLD;2;Pinion;MAIN;59;2000.0;;extent:bounded
3BEF5C5D;2;BMF;1;Pinion;MAIN;60;;;
3BEF5C5D;3;SOF;2;Pinion;MAIN;60;;;
3BEF5C5D;4;THR;2;Pinion;MAIN;60;;;
3C2708C6;1;SSF;1;La Libertad;MAIN;80;;;
3C2708C6;2;SOF;2;La Libertad;MAIN;80;5000.0;;extent:bounded
3C2708C6;3;ENE;3;La Libertad;MAIN;80;;;
3C2EA033;1;SHZC;2;Didipio Gold-Copper Deposit;MAIN;52;;;distance:unparseable
3C2EA033;2;SHZC;2;Didipio Gold-Copper Deposit;MAIN;52;;;distance:unparseable
3C2EA033;3;SOF;2;Didipio Gold-Copper Deposit;MAIN;52;;;distance:unparseable
3C2EA033;4;SSF;1;Didipio Gold-Copper Deposit;MAIN;44;;;
3C417403;1;SOF;2;Velardeña;MAIN;48;;;
3C417403;2;INT;2;Velardeña;MAIN;48;;;
3C2FD135;1;SSF;1;Las Casas Structural Corridor;MAIN;32|37;;;
3C2FD135;2;SOF;2;Las Casas Structural Corridor;MAIN;37|38;8000.0;;extent:bounded
3C2FD135;3;JOG;2;Las Casas Structural Corridor;MAIN;37;;;
3C2FD135;4;INT;2;Las Casas Structural Corridor;MAIN;32|37;;;
3C670972;1;SHZC;1;Zun-Holba;MAIN;31|33;;;
3C670972;2;SHZC;2;Zun-Holba;MAIN;33;;;
3C670972;3;ENE;3;Zun-Holba;MAIN;33|43;;;
3C670972;4;FLD;2;Zun-Holba;MAIN;33;;;
3C8E966A;1;INT;1;Kabang;MAIN;28|31;;;
3C8E966A;2;CLD;1;Kabang;MAIN;28;;;
3C8E966A;3;BXP;2;Kabang;MAIN;28|33;;;
3C95B7B3;2;SSF;1;Goldstorm;MAIN;45;;;
3CE2B9E0;1;SHZC;1;Pinion;MAIN;96|100|104;;;
3CE2B9E0;3;THR;2;Pinion;MAIN;100;;;
3CE2B9E0;4;FLD;2;Pinion;MAIN;100;;;
3CE5E6C7;1;FLD;1;Shahuindo deposit;MAIN;44|45;;;
3CE5E6C7;2;THR;1;Shahuindo deposit;MAIN;45;;;
3CE5E6C7;3;SOF;2;Shahuindo deposit;MAIN;45|52;;;
3CE5E6C7;4;DET;2;Shahuindo deposit;MAIN;55|58;;;
3CFD0216;1;BMF;1;Marigold;MAIN;71;8000.0;;extent:bounded
3CFD0216;2;FLD;2;Marigold;MAIN;72;;;
3CFD0216;3;LTC;2;Marigold;MAIN;72;;;
3CEFECB0;1;BMF;2;Ranch Property;MAIN;59|62|63|66;;;
3CEFECB0;2;INT;2;Ranch Property;MAIN;70;;;
3CF80026;1;SHZC;1;Ikkari;MAIN;49;;;
3CF80026;4;FLW;2;Ikkari;MAIN;62;;;
3CF80026;5;FLD;2;Ikkari;MAIN;64|71;;;
3CF80026;6;LTC;2;Ikkari;MAIN;64|71|72;;;
3D2058D1;1;SOF;2;Angela Vein;MAIN;40|42;;;
3D6BB6CE;1;CSF;1;Instant Pond Zone;MAIN;23;;;
3D6BB6CE;2;SOF;2;Instant Pond Zone;MAIN;23;;;
3D6BB6CE;3;SHZC;2;Instant Pond Zone;MAIN;23;;;
3D811AC2;1;SOF;2;Atenea Vein;MAIN;51|52;480.0;;extent:bounded
3D811AC2;2;SSF;1;Atenea Vein;MAIN;51;1500.0;;extent:bounded
3D811AC2;3;SSF;1;Atenea Vein;MAIN;51;;;
3D840C52;1;BXP;2;Côté Lake;MAIN;58|64;;;
3D840C52;2;INC;2;Côté Lake;MAIN;58|64;;;
3DED1690;1;SOF;2;Glen Morrison Goldfield;MAIN;22;;;
3DED1690;2;THR;1;Glen Morrison Goldfield;MAIN;26;;;
3DED1690;3;JOG;2;Glen Morrison Goldfield;MAIN;26;;;
3DFA7D26;1;CLD;1;Qiriyaga Hill;MAIN;70|73;;;
3E129F62;1;CSF;1;Comstock Lode;MAIN;76;9000.0;;extent:bounded
3E129F62;2;INT;2;Comstock Lode;MAIN;83;;;
3E129F62;3;JOG;2;Comstock Lode;MAIN;83;;;
3DF016AA;1;CSF;1;CNRG Project;MAIN;34|42|44;;;
3DF016AA;2;SOF;2;CNRG Project;MAIN;34;;;
3E290B9E;1;SHZC;2;Mckenzie Break Deposit;MAIN;52;;;
3E290B9E;2;GSC;2;Mckenzie Break Deposit;MAIN;52;;;
3F31C6FF;1;FLD;2;Goldkuppe;MAIN;37;;;
3E525573;1;THR;1;Mexican Hat;MAIN;36;;;
3E525573;2;SSF;2;Mexican Hat;MAIN;36;;;
3E525573;4;OBL;N/A;Mexican Hat;MAIN;40;;;
3E525573;5;NRM;N/A;Mexican Hat;MAIN;40;;;
3E525573;6;THR;N/A;Mexican Hat;MAIN;40;;;
3F442383;1;SHZC;2;Komis;MAIN;32;;;
3F442383;2;CSF;1;Komis;MAIN;27;26000.0;;
3F442383;3;ENE;3;Komis;MAIN;32;;;
3F4AA2EA;1;SSF;1;Carmen Deposit;MAIN;21|23;;;
3F4AA2EA;2;SOF;1;Carmen Deposit;MAIN;21|24;;;
3F4AA2EA;3;INT;1;Carmen Deposit;MAIN;21|23|24;;;
3F4AA2EA;4;TRT;2;Carmen Deposit;MAIN;23;;;
3F4AA2EA;5;INT;2;Carmen Deposit;MAIN;23;;;
3F5CB0D2;1;SHZC;2;Mt. Anderson;MAIN;43|44|48|55;;;
3E327028;1;SSF;1;Premier;MAIN;67;;;
3E327028;2;JOG;2;Premier;MAIN;67;;;
3E327028;3;FLW;2;Premier;MAIN;67;;;
3E327028;4;ENE;3;Premier;MAIN;68;;;
3FB632CD;1;THR;2;Shajinba;MAIN;33|53|56;;;
3FB632CD;2;LTC;2;Shajinba;MAIN;30;;;
404DD998;1;SHZC;1;Chaminé;MAIN;56|59;35000.0;;extent:from_2d_footprint|extent:extent_long_axis
404DD998;2;JOG;2;Chaminé;MAIN;60|64;;;
404DD998;3;INT;2;Chaminé;MAIN;60|64;;;
404DD998;4;SOF;2;Chaminé;MAIN;70|71|73;;;
402406AC;2;CLD;2;Cristina Vein System;MAIN;30;;;
40A39DC1;1;FLD;2;Springpole;MAIN;44;;;
40A39DC1;2;SHZC;2;Springpole;MAIN;44;;;
40A828C7;1;THR;1;Blyvoor;MAIN;67|69;;;
40A828C7;3;THR;2;Blyvoor;MAIN;69|72;;;
40A828C7;4;FLD;1;Blyvoor;MAIN;69;;;
40C52936;1;INT;2;El Limón;MAIN;59;;;
40E9B945;1;THR;2;Koné;MAIN;48|55;;;
40F9D281;2;FLD;1;BYP Gold Mineralization;MAIN;35|36;;;
40F0189F;1;MYLC;2;Sarita Este Gold Zone;MAIN;14;;;
40F0189F;2;THR;1;Sarita Este Gold Zone;MAIN;11|14;;;
40F0189F;3;BMF;1;Sarita Este Gold Zone;MAIN;11|14;2000.0;;
40F0189F;4;SOF;2;Sarita Este Gold Zone;MAIN;14;;;
414D5F62;1;CSF;1;La Mina;MAIN;86;;;
414D5F62;2;SSF;1;La Mina;MAIN;86;;;
414D5F62;3;THR;2;La Mina;MAIN;81|85;;;
414D5F62;4;SHZC;2;La Mina;MAIN;81|85|86;;;
41B2CA62;1;CSF;1;Quebrada Grande Project;MAIN;33|38;;;
41B2CA62;2;TRP;1;Quebrada Grande Project;MAIN;34;;;
41B2CA62;3;SSF;1;Quebrada Grande Project;MAIN;34;;;
41B2CA62;4;SOF;2;Quebrada Grande Project;MAIN;35;;;
41B2CA62;5;SOF;3;Quebrada Grande Project;MAIN;35;;;
41B2CA62;6;SSF;2;Quebrada Grande Project;MAIN;40;;;
41D7AD7F;1;SHZC;2;Independence Shallow;MAIN;51;3000.0;;extent:bounded|extent:from_metric_paren
41D7AD7F;2;INT;3;Independence Shallow;MAIN;47|51|57;;;
41DC0465;1;BMF;1;Mina Real;MAIN;21|25;;;
41DC0465;2;NRM;2;Mina Real;MAIN;25;;;
42224C5C;1;FLD;2;Tide North;MAIN;14|17|18|22;;;
421A2FEB;1;DET;1;Copperstone;MAIN;53|54|55|59;;;
421A2FEB;2;SOF;2;Copperstone;MAIN;59;;;
421A2FEB;3;INT;2;Copperstone;MAIN;59|60;;;
42526E81;1;JOG;2;Commonwealth;MAIN;59;;;
42526E81;2;INT;2;Commonwealth;MAIN;59;;;
4258E8C9;1;SHZC;2;Beta Hunt Gold;MAIN;59|60|61|63|65;;;
4258E8C9;2;SSF;1;Beta Hunt Gold;MAIN;61|65|73;;;
428D93C5;1;SOF;2;Olympias;MAIN;22|53;;;
428D93C5;2;SHZC;2;Olympias;MAIN;22|53;;;
428D93C5;3;FLD;2;Olympias;MAIN;22|53;;;
42BC01F5;1;SHZC;2;Ormsby Zone;MAIN;36|42;13000.0;;extent:bounded
42A14A11;2;CLD;1;Soledad Breccia Pipes;MAIN;39;5000.0;;
42A14A11;3;BXP;2;Soledad Breccia Pipes;MAIN;41|48;;;
4299A264;1;SSF;1;Yellow Giant;MAIN;42|44|45;;;
4299A264;2;SOF;2;Yellow Giant;MAIN;42|44|45|47|49;;;
4329AA96;1;CSF;1;Queensway Project;MAIN;68;100000.0;;
4329AA96;2;CSF;1;Queensway Project;MAIN;68;;;
4329AA96;3;SOF;2;Queensway Project;MAIN;69|72;;;
4342F063;1;SHZC;1;Vezza;MAIN;33|35;150000.0;;extent:bounded
4342F063;2;LTC;2;Vezza;MAIN;35|38;;;
4366213D;1;CLD;2;Tres Cerros;MAIN;55|56;;;
4366213D;2;SOF;3;Tres Cerros;MAIN;55|64|71;;;
4366213D;3;INT;3;Tres Cerros;MAIN;71;;;
432EB1F7;1;CSF;1;Alto Quemado Vein System;MAIN;23|29|30;;;
432EB1F7;2;ENE;3;Alto Quemado Vein System;MAIN;29|30;;;
432EB1F7;3;INC;2;Alto Quemado Vein System;MAIN;30;;;
432EB1F7;4;SOF;2;Alto Quemado Vein System;MAIN;30;;;
432EB1F7;5;SHZC;2;Alto Quemado Vein System;MAIN;30;;;
4378DF47;1;SHZC;1;Novo Mundo;MAIN;60;;;
437D4597;1;SHZC;2;RRMZ;MAIN;95|96|100;8000.0;;extent:bounded
437D4597;2;THR;1;RRMZ;MAIN;95;;500.0;distance:bounded
43CE03C8;1;SSF;1;Main Zone;MAIN;30|32|39;;;
43CE03C8;2;FLD;2;Main Zone;MAIN;30|34|39;;;
43CE03C8;3;INT;2;Main Zone;MAIN;39;;;
43F71BA8;1;SOF;2;Certej;MAIN;41;;;
43F71BA8;2;SOF;2;Certej;MAIN;40;;;
43CD2CEF;1;SHZC;1;Binebase-Bawone;MAIN;36;;;
43CD2CEF;2;SHZC;1;Binebase-Bawone;MAIN;46;;;
442D2A9D;1;CSF;1;Carache Canyon;MAIN;37|38;;121.9;
44319179;1;INT;2;Durusu;MAIN;19;;;
43FD9B63;1;BMF;1;Sandman;MAIN;33;;;
43FD9B63;2;SOF;2;Sandman;MAIN;33|37;;;
43FD9B63;3;INT;2;Sandman;MAIN;34|37;;;
43FD9B63;4;FLD;2;Sandman;MAIN;37;;;
4458DADE;1;SHZC;2;NX Gold Mine;MAIN;48|53;;80.0;distance:bounded
4458DADE;2;THR;2;NX Gold Mine;MAIN;53;;;
44678F79;1;SOF;2;Amulsar;MAIN;29|34;;;
44678F79;2;SSF;2;Amulsar;MAIN;29|34;;;
44678F79;3;CLD;1;Amulsar;MAIN;29;;;
447CF32A;1;TRT;1;Panama Group;MAIN;93;;;
447CF32A;2;INT;2;Panama Group;MAIN;93;;;
447CF32A;3;SOF;2;Panama Group;MAIN;93|94;;;
447CF32A;4;ENE;3;Panama Group;MAIN;94;;;
446C98BF;1;BMF;1;Brucejack Deposit;MAIN;66|75;11000.0;;
446C98BF;2;THR;2;Brucejack Deposit;MAIN;76;;;
449C624A;2;SSF;1;Main Zone;MAIN;32;;;
449C624A;3;LTC;2;Main Zone;MAIN;34;;;
449C624A;4;BMF;1;Main Zone;MAIN;34;;;
447790DE;1;CSF;1;Segovia;MAIN;69;;;
447790DE;2;SSF;1;Segovia;MAIN;69|85;66000.0;;extent:bounded
447790DE;3;SSF;1;Segovia;MAIN;69;50000.0;;extent:bounded
447790DE;4;SSF;1;Segovia;MAIN;69|81|85;50000.0;;extent:bounded
447790DE;5;THR;2;Segovia;MAIN;74;;;
447790DE;6;SSF;2;Segovia;MAIN;81;;;
44AC1D7E;1;SHZC;2;Heino-Money Zone;MAIN;39|41;;;
44AC1D7E;2;SOF;3;Heino-Money Zone;MAIN;37;;;
44BF137C;1;BMF;2;Homestake Zone;MAIN;55|56;;;
44C869B7;2;SHZC;2;El Volcan Mine;MAIN;41;;;
44CDCB65;1;SHZC;1;Barry;MAIN;62;;;
44CDCB65;3;FLD;2;Barry;MAIN;62;;;
44EDF40C;1;SHZC;1;Costerfield;MAIN;40;;;
44EDF40C;2;THR;2;Costerfield;MAIN;44|48|56;;;
44EDF40C;3;FLD;2;Costerfield;MAIN;48;;;
44EDF40C;4;INT;2;Costerfield;MAIN;48|56;;;
44EDF40C;5;LTC;3;Costerfield;MAIN;48;;;
44EDF40C;6;SOF;3;Costerfield;MAIN;49|52;;;
4514DE89;1;SOF;2;Goldhawk;MAIN;47;500.0;;
4514DE89;2;SOF;2;Goldhawk;MAIN;76;300.0;50.0;
4514DE89;3;SOF;2;Goldhawk;MAIN;76;250.0;200.0;extent:bounded
45196AE8;1;SSF;1;Clarence Stream;MAIN;27|29|31;;;
45196AE8;2;SHZC;2;Clarence Stream;MAIN;33;;;
4525C531;1;SHZC;2;Eastmain Mine Deposit;MAIN;52|53;4000.0;;
4525C531;2;SSF;2;Eastmain Mine Deposit;MAIN;53|54;;;
453DE368;1;CSF;1;Palito Mine;MAIN;43;;;
453DE368;2;SSF;1;Palito Mine;MAIN;44;;;
453DE368;3;SOF;2;Palito Mine;MAIN;44;;;
453DE368;4;INT;2;Palito Mine;MAIN;44;;;
45777B56;1;JOG;2;Casposo;MAIN;50;;;
45777B56;2;SSF;1;Casposo;MAIN;55;10000.0;;
4582D235;1;SOF;2;COSE;MAIN;37;;40.0;distance:bounded
4582D235;2;SOF;2;COSE;MAIN;37|42;130.0;;extent:bounded
4582D235;3;INT;2;COSE;MAIN;37;;;
45A2A397;1;THR;1;AurMac;MAIN;45|54;;;
45A2A397;2;FLD;1;AurMac;MAIN;45;;;
45A2A397;3;SHZC;2;AurMac;MAIN;50|51|54;;;
4601278E;1;SSF;2;Laverty Main Zone;MAIN;32;;;
4601278E;3;SHZC;2;Laverty Main Zone;MAIN;35;;;
45DEA277;1;THR;1;Mt. Hinton;MAIN;38|40;;;
45DEA277;2;SHZC;2;Mt. Hinton;MAIN;44|51;;;
45DEA277;3;SOF;2;Mt. Hinton;MAIN;44|51;;;
45DEA277;4;LTC;3;Mt. Hinton;MAIN;44;;;
45AAB2FD;1;TRT;2;Guanaco;MAIN;84;;;
45AAB2FD;2;SSF;2;Guanaco;MAIN;85;;;
4626F827;1;SSF;2;Revenue;MAIN;38|42;;;
46414CCB;1;TRT;2;Mexican Hat;MAIN;49;;;
46414CCB;2;THR;1;Mexican Hat;MAIN;52;;;
46771F7C;1;SHZC;1;Hammond Reef;MAIN;30;5500.0;;
46771F7C;2;THR;2;Hammond Reef;MAIN;32|35|38|41;;;
46771F7C;3;SSF;2;Hammond Reef;MAIN;35|41;;;
46952A22;1;CSF;1;Arthington;MAIN;69|73;300000.0;;extent:bounded
46952A22;2;SHZC;2;Arthington;MAIN;75|85;;;
46B175EA;1;FLD;2;Northumberland;MAIN;39|40;;;
46B175EA;2;THR;2;Northumberland;MAIN;40;;;
46B175EA;3;INT;2;Northumberland;MAIN;40;;;
46D9512A;1;CSF;1;Lac Arsenault;MAIN;35|38;;;
46D9512A;2;SOF;2;Lac Arsenault;MAIN;38;;;
46D9512A;3;INT;3;Lac Arsenault;MAIN;38|39;;;
4752C21D;1;CSF;1;Rodeo;MAIN;25|26;;;
4752C21D;2;SHZC;2;Rodeo;MAIN;28;;;
4752C21D;3;JOG;2;Rodeo;MAIN;28;;;
4752C21D;4;INT;2;Rodeo;MAIN;28;;;
46B63A68;1;SSF;1;Veladero;MAIN;38|42;;;
47B7A938;1;SHZC;1;Three Bluffs;MAIN;41;;;
47B7A938;2;SOF;2;Three Bluffs;MAIN;41;;;
47B7A938;3;LTC;2;Three Bluffs;MAIN;41;;;
4765DC3B;1;CSF;1;Millen Mountain;MAIN;20;;;
4765DC3B;2;FLD;2;Millen Mountain;MAIN;23|53;;;
47FDCB65;1;SOF;2;San Rafael Mine;MAIN;53;;;
483D984A;1;SSF;1;Camino Rojo;MAIN;60|65;185000.0;;extent:bounded
483D984A;2;FLD;2;Camino Rojo;MAIN;65;;;
484BAD57;1;THR;1;Mt Sidney Williams Gold;MAIN;21|27;;;
484BAD57;2;SSF;2;Mt Sidney Williams Gold;MAIN;26;;;
48145CD9;1;TRT;1;Ixtaca Zone;MAIN;37;;;
48145CD9;2;INT;2;Ixtaca Zone;MAIN;42|43;;;
48145CD9;3;FLD;2;Ixtaca Zone;MAIN;39|42;;;
48480F23;1;SHZC;1;Sugarloaf Peak;MAIN;18|30|41;;;
48480F23;2;SOF;2;Sugarloaf Peak;MAIN;30;;;
48480F23;3;JOG;2;Sugarloaf Peak;MAIN;45;;;
48480F23;4;THR;1;Sugarloaf Peak;MAIN;19|41;;;
48BDE0C6;1;SOF;2;SLNE;MAIN;20;;;
492E419F;1;SSF;1;Guaico;MAIN;22;390000.0;55000.0;distance:bounded
494766BE;1;CSF;1;Summit Mine;MAIN;52;;;
494766BE;2;SOF;2;Summit Mine;MAIN;52|54|59;914.4;;extent:bounded
494766BE;3;JOG;2;Summit Mine;MAIN;52|54|59;;;
487ACEA4;1;INT;1;Jerusalem;MAIN;30;;;
487ACEA4;2;SHZC;2;Jerusalem;MAIN;33|35;5000.0;;extent:bounded
487ACEA4;4;SOF;2;Jerusalem;MAIN;33;;;
495283E4;1;SOF;2;Northern Zone;MAIN;53;;;
49530B27;1;SOF;2;Pueblo Viejo;MAIN;50|51|59;;;
49530B27;2;THR;2;Pueblo Viejo;MAIN;50|51|60|61;;;
49745783;1;THR;1;Fortuna Zone;MAIN;19|21;;;
49745783;2;SOF;2;Fortuna Zone;MAIN;21|23;;;
49889FF2;1;SHZC;1;Brooks Lake A Property;MAIN;17;;;
497F3FA9;1;SHZC;1;Muus Property;MAIN;38|40|44|47|51;;;
497F3FA9;2;SOF;2;Muus Property;MAIN;40|47|51;;;
497F3FA9;3;DOM;2;Muus Property;MAIN;47;;;
49B77313;1;SHZC;2;El Zapote;MAIN;22;3000.0;;
49CB5570;1;THR;2;Arch Prospect;MAIN;28;;;
49CB5570;2;FLD;2;Arch Prospect;MAIN;28|29;;;
49CB5570;3;CSF;1;Arch Prospect;MAIN;29;;;
49CB5570;4;INT;2;Arch Prospect;MAIN;29;;;
49CB5570;5;BXP;2;Arch Prospect;MAIN;29;;;
49E75B40;1;NRM;2;Castle Mountain;MAIN;57|67;;;
49F2722A;1;CSF;1;Santa Fe deposit;MAIN;59|65;;;
49F2722A;2;SSF;1;Santa Fe deposit;MAIN;66;;;
49F2722A;3;SSF;2;Santa Fe deposit;MAIN;66|69;;;
49F2722A;4;SOF;2;Santa Fe deposit;MAIN;66|69;;;
49F2722A;5;INT;2;Santa Fe deposit;MAIN;66|69;;;
4A0065EE;1;CSF;1;Foley Mine;MAIN;27;;;
4A0065EE;2;SSF;1;Foley Mine;MAIN;26|27|28;;;
4A0065EE;3;SOF;2;Foley Mine;MAIN;26;;;
49F5DF6B;1;SHZC;1;Tartan gold deposit;MAIN;57;24000.0;;extent:bounded
49F5DF6B;2;GSC;2;Tartan gold deposit;MAIN;60;;;
49F5DF6B;3;SOF;2;Tartan gold deposit;MAIN;60;;;
49F5DF6B;4;INT;2;Tartan gold deposit;MAIN;65;;;
4A194370;1;SHZC;1;Brussels Creek;MAIN;25;;;
4A194370;2;SOF;2;Brussels Creek;MAIN;25;;;
4A1A891A;1;CSF;1;Vein No. 1;MAIN;33|47;;4000.0;
4A1A891A;2;SOF;2;Vein No. 1;MAIN;47;1493.5;;
4A1A891A;3;SOF;2;Vein No. 1;MAIN;50;;;
4A3DE6E6;1;THR;1;Sulphurets;MAIN;103|105;;;
4A3DE6E6;2;ENE;3;Sulphurets;MAIN;105;;;
4A3DE6E6;3;BXP;2;Sulphurets;MAIN;108;;;
4A24ED87;1;THR;1;Shahuindo;MAIN;53|54;;;
4A24ED87;2;FLD;2;Shahuindo;MAIN;54;;;
4A24ED87;3;SSF;2;Shahuindo;MAIN;54;;;
4A24ED87;4;INC;2;Shahuindo;MAIN;54;;;
4A24ED87;5;BXP;2;Shahuindo;MAIN;54;;;
4A51ABFD;1;ENE;2;Soledad Mountain;MAIN;44;;;
4A51ABFD;2;JOG;3;Soledad Mountain;MAIN;52;;;
4A582253;1;BMF;2;San Diego North;MAIN;29|33|38;;;
4B2F65B3;1;INT;2;Durusu;MAIN;18;;;
4B11A53A;1;CSF;1;Peter Lake Property;MAIN;43;;;
4B11A53A;2;FLD;2;Peter Lake Property;MAIN;43;8000.0;;extent:bounded
4B11A53A;3;THR;2;Peter Lake Property;MAIN;43;;;
4B11A53A;4;SOF;2;Peter Lake Property;MAIN;43;2500.0;;extent:range_mean
4ACEE954;1;SSF;1;Brucejack Deposit;MAIN;75|76;11000.0;;
4ACEE954;2;THR;2;Brucejack Deposit;MAIN;76;;;
4ACEE954;3;LTC;2;Brucejack Deposit;MAIN;76;;;
4ACEE954;4;SHZC;2;Brucejack Deposit;MAIN;76;;;
4B3FC522;1;FLD;2;Lomero Poyatos;MAIN;54|56;;;
4B3FC522;2;THR;2;Lomero Poyatos;MAIN;54|56|64|65;;;
4B3FC522;3;SHZC;2;Lomero Poyatos;MAIN;56|64|65;;;
4B404928;1;NRM;1;Los Pavitos;MAIN;47;;;
4B404928;2;SSF;1;Los Pavitos;MAIN;47;;;
4B404928;3;SHZC;2;Los Pavitos;MAIN;48;;;
4BCC3385;1;SHZC;2;San Ramon shear zone;MAIN;46;2000.0;;extent:bounded
4BCC3385;3;CSF;1;San Ramon shear zone;MAIN;39|41;;;
4BAFDB09;1;SSF;1;Eastside;MAIN;26;;;
4BAFDB09;2;DET;1;Eastside;MAIN;27;;;
4BAFDB09;4;INC;2;Eastside;MAIN;35|36;;;
4BAFDB09;5;LTC;2;Eastside;MAIN;36;;;
4BCE6BF1;2;SHZC;2;Green Mountain Property;MAIN;48;;;
4BCE6BF1;3;SHZC;2;Green Mountain Property;MAIN;56;;;
4C0E165A;1;CSF;1;Costerfield;MAIN;64;;;
4C0E165A;2;THR;2;Costerfield;MAIN;68|72|73;;;
4C0E165A;3;FLD;1;Costerfield;MAIN;64|66|73|78;;;
4C0E165A;4;SOF;2;Costerfield;MAIN;72|73;;;
4C297EA7;1;SSF;2;Tommy Vein;MAIN;11|15;;;
4C297EA7;2;JOG;2;Tommy Vein;MAIN;11|15;;;
4C3EFC1C;1;SSF;2;Antonella Daniella;MAIN;56|58;;;
4C3EFC1C;2;JOG;2;Antonella Daniella;MAIN;56|58;;;
4C62B887;1;SHZC;1;Normetal South Property;MAIN;35|36;;;
4CA128AD;1;SSF;1;Dynasty Goldfield Vein System;MAIN;25;;;
4CADB521;1;SSF;2;Talapoosa;MAIN;39|41|42;;;
4CDBC165;1;INT;1;Toroparu;MAIN;88|100;;;
4CDBC165;2;SSF;2;Toroparu;MAIN;100;;;
4CDBC165;3;JOG;2;Toroparu;MAIN;100;;;
4D1DDD7C;1;SOF;2;Imwauna;MAIN;42|43;;;
4D1DDD7C;2;MYLC;2;Imwauna;MAIN;42;;;
4D1DDD7C;3;THR;1;Imwauna;MAIN;41;;;
4D1DDD7C;4;SOF;3;Imwauna;MAIN;42;;;
4D1DDD7C;5;FLW;3;Imwauna;MAIN;43;;;
4CD9F293;1;FLD;2;Cove;MAIN;38|39|43;;;
4CD9F293;2;THR;1;Cove;MAIN;38;;;
4CD9F293;3;NRM;2;Cove;MAIN;38|39;;;
4CD9F293;4;LTC;2;Cove;MAIN;39;;;
4D20518F;1;SHZC;1;Sleeping Giant mine;MAIN;30;;;
4D20518F;2;FLD;2;Sleeping Giant mine;MAIN;33|35;;;
4D20518F;3;SSF;2;Sleeping Giant mine;MAIN;33;2000.0;;
4D20518F;4;SSF;2;Sleeping Giant mine;MAIN;33|34;750.0;;extent:range_mean
4D26B20C;1;TRT;1;Eden;MAIN;51;;;
4D32E4ED;1;TRP;1;Romero;MAIN;58;;;
4D32E4ED;3;SSF;2;Romero;MAIN;64;;;
4D32E4ED;4;THR;2;Romero;MAIN;64;;;
4D32E4ED;5;FLD;2;Romero;MAIN;64;;;
4D4E3E0C;1;SHZC;1;El Zapote;MAIN;28|29;3000.0;;
4D52E0B2;1;CSF;1;Pinaya;MAIN;41|45;;;distance:unparseable
4D52E0B2;2;JOG;2;Pinaya;MAIN;46;;;
4D52E0B2;3;INT;2;Pinaya;MAIN;46|50;;;
4D52E0B2;4;SHZC;2;Pinaya;MAIN;49;;;
4D22017F;1;CSF;1;Revenue;MAIN;19|21;;;
4D22017F;2;SOF;2;Revenue;MAIN;21;;;
4D778E96;1;BMF;1;Union Target;MAIN;55;;;
4D778E96;2;THR;2;Union Target;MAIN;55;;;
4D778E96;3;INT;2;Union Target;MAIN;67|68;;;
4D977DA5;1;SOF;2;Graben;MAIN;71;;;
4DA051EA;1;SHZC;1;La Nueva Victoria;MAIN;27;;;
4DA051EA;2;LFT;2;La Nueva Victoria;MAIN;27;;;
4E10FD23;1;FLD;2;Eskay Creek;MAIN;55;;;
4E10FD23;2;THR;1;Eskay Creek;MAIN;56;;;
4DF99FB9;1;BMF;1;Fire Creek;MAIN;52|63|65;;;
4DF99FB9;2;BMF;2;Fire Creek;MAIN;63|65;;;
4DF99FB9;3;SOF;2;Fire Creek;MAIN;65;;;
4DF99FB9;4;JOG;2;Fire Creek;MAIN;64;;;
4DF99FB9;5;INC;2;Fire Creek;MAIN;62|66;;;
4E2B762B;1;SHZC;2;Discovery Zone;MAIN;20|22|23;1700.0;;extent:bounded
4E3EAABC;1;SOF;2;South Zone;MAIN;78|79|84|114;;;
4E2F1FED;1;SSF;1;Segovia Vein System;MAIN;74|90;;;
4E2F1FED;2;THR;2;Segovia Vein System;MAIN;79;;;
4E2F1FED;3;THR;2;Segovia Vein System;MAIN;81;;;
4E2F1FED;4;INT;3;Segovia Vein System;MAIN;90;;;
4E35FE65;1;NRM;2;Shovelnose;MAIN;41|52;;;
4E35FE65;2;CLD;1;Shovelnose;MAIN;41|78|80;;;
4E9D0BFA;1;INC;2;Côté Gold;MAIN;95;;;
4E9C53E0;1;SHZC;2;Lajitas;MAIN;48;;;
4E9EF1C0;1;CSF;1;Guintar-Niverengo;MAIN;16|17;;;
4E9EF1C0;2;FLD;2;Guintar-Niverengo;MAIN;19;;;
4E9EF1C0;3;SOF;2;Guintar-Niverengo;MAIN;19;;;
4EB3A1D6;1;FLD;2;SBU Property;MAIN;36;;;
4EB3A1D6;2;GSC;1;SBU Property;MAIN;36;;;
4EB3A1D6;3;SSF;1;SBU Property;MAIN;36;;;
4F099788;1;SHZC;2;KCR occurrence;MAIN;13|17;;;
4EFD20D4;1;SHZC;1;Sugarloaf Peak;MAIN;18|30|41;;;
4EFD20D4;2;SOF;2;Sugarloaf Peak;MAIN;30;;;
4EFD20D4;3;THR;2;Sugarloaf Peak;MAIN;41;;;
4EFD20D4;4;ENE;3;Sugarloaf Peak;MAIN;39;;;
4F04636B;3;JOG;3;Moss Vein;MAIN;72;;;
4F13143B;1;CSF;1;Cipoeiro;MAIN;68|69;120000.0;;extent:bounded
4F13143B;2;SOF;2;Cipoeiro;MAIN;73;;;
4F13143B;3;FLD;2;Cipoeiro;MAIN;69|73;;;
4F16C23A;1;SSF;1;Los Reyes;MAIN;59|64;;;
4F16C23A;2;FLW;2;Los Reyes;MAIN;61|62;;;
4F2762FC;1;SHZC;2;Highland Boy;MAIN;51;;;
4F6B1E0D;1;THR;1;Golden Crown;MAIN;51|52|63;;;
4F6B1E0D;2;SOF;2;Golden Crown;MAIN;52;;;
4F6B1E0D;3;FLD;2;Golden Crown;MAIN;52|58;;;
4F6B1E0D;4;DET;2;Golden Crown;MAIN;52|58;;;
4F6B1E0D;5;INT;2;Golden Crown;MAIN;56;;;
4F6B1E0D;6;SHZC;2;Golden Crown;MAIN;60;;;
4F71888A;1;FLD;2;La Plata;MAIN;37|40|44;;;
4F71888A;2;SSF;2;La Plata;MAIN;37;;;
4F952573;1;SSF;1;MOP-II;MAIN;36;100000.0;;
4FC006B2;1;BMF;1;Mina Real;MAIN;19|23;;;
4FF8B4DC;1;CSF;1;Tombill Main Group;MAIN;29|31;;;
4FF8B4DC;2;FLD;2;Tombill Main Group;MAIN;31|35;;;
501C6910;1;FLD;2;Troilus;MAIN;72|74|92;;;
501C6910;2;THR;2;Troilus;MAIN;74;;;
501C6910;3;SHZC;2;Troilus;MAIN;84;;;
501C6910;4;SSF;1;Troilus;MAIN;72|85;;;
501C6910;5;THR;1;Troilus;MAIN;72|85;;;
501C6910;6;THR;3;Troilus;MAIN;85;;;
5015F3E0;1;THR;1;Powerline;MAIN;52|63;;;
5015F3E0;2;FLD;1;Powerline;MAIN;52;;;
5015F3E0;3;SHZC;2;Powerline;MAIN;60|63;;;
5042A4DE;1;THR;1;Lost Cities-Cutucu Project;MAIN;28;;;
5042A4DE;2;THR;1;Lost Cities-Cutucu Project;MAIN;28|29;;;
5042A4DE;3;SSF;2;Lost Cities-Cutucu Project;MAIN;29;;;
504BE30F;1;THR;1;Goldstorm Deposit;MAIN;48|53|55|57;;;
504BE30F;2;THR;2;Goldstorm Deposit;MAIN;48|53;;;
504BE30F;3;FLW;1;Goldstorm Deposit;MAIN;46|48;;;
504BE30F;4;GSC;1;Goldstorm Deposit;MAIN;48;;;
50B5B392;1;SHZC;1;Simkar;MAIN;23;;;
50B5B392;2;SHZC;2;Simkar;MAIN;25;;;
50B5B392;3;SHZC;2;Simkar;MAIN;30;200.0;;extent:bounded
50B5B392;4;SHZC;2;Simkar;MAIN;31;600.0;;
50B5B392;5;SHZC;2;Simkar;MAIN;31;850.0;;extent:bounded
50594414;1;SHZC;1;Windfall Lake deposit;MAIN;67|94;;;
50594414;2;THR;2;Windfall Lake deposit;MAIN;67|94;;;
50AD8159;1;THR;2;Cerro del Medio;MAIN;43|47|53;;;
50AD8159;2;NRM;2;Cerro del Medio;MAIN;43;;;
50FF4FA6;1;SSF;1;Humbug deposit;MAIN;54;;;
50FF4FA6;2;THR;2;Humbug deposit;MAIN;56|58|63;;;
50FF4FA6;3;INT;2;Humbug deposit;MAIN;63;;;
5128C016;1;SSF;1;San Miguel vein system;MAIN;59|61;;;
5128C016;2;JOG;2;San Miguel vein system;MAIN;62;;;
5128C016;3;FLD;2;San Miguel vein system;MAIN;61;;;
51339A2A;1;CSF;1;Holt Mine;MAIN;30;260000.0;;
51339A2A;2;SHZC;2;Holt Mine;MAIN;32|37;10000.0;;
514150B5;1;CSF;1;Dollar Target;MAIN;60;;;
514150B5;2;SOF;2;Dollar Target;MAIN;70;;;
5111F84A;1;CSF;1;Thunder Lake Deposit;MAIN;46|51;;;
5111F84A;2;FLD;2;Thunder Lake Deposit;MAIN;51|52|54|56|93;;;
5111F84A;3;INT;2;Thunder Lake Deposit;MAIN;56|93;;;
5111F84A;4;SSF;2;Thunder Lake Deposit;MAIN;55;;;
5171BC72;1;SHZC;1;Area 52 / Ripley Gold Zone;MAIN;17;;;
5171BC72;2;SHZC;2;Area 52 / Ripley Gold Zone;MAIN;21;;;
51418100;1;CSF;1;Eagle Mountain Property;MAIN;25;;;
51418100;2;SOF;2;Eagle Mountain Property;MAIN;25;;;
51418100;3;SHZC;2;Eagle Mountain Property;MAIN;22|25;;;
51418100;4;GSC;2;Eagle Mountain Property;MAIN;25;;;
51CF2D0E;1;SSF;2;Tommy Vein;MAIN;24;;;
51CF2D0E;2;JOG;2;Tommy Vein;MAIN;24;;;
51CF2D0E;3;INT;2;Tommy Vein;MAIN;31;;;
51F69E77;1;SHZC;2;Jungo;MAIN;34;5000.0;;
527B73EF;1;BMF;1;La Nueva Victoria;MAIN;26|34|35;;;
527B73EF;2;SOF;2;La Nueva Victoria;MAIN;28;;;
527B73EF;3;SOF;3;La Nueva Victoria;MAIN;28;;;
524D8AB0;1;FLD;2;Eskay Creek;MAIN;55|59;;;
524D8AB0;2;THR;1;Eskay Creek;MAIN;59;;;
527C1759;1;INT;2;Cerrito Prospect;MAIN;49;;;
52DFAF27;1;TRP;2;Zancudo;MAIN;37;;;
52DFAF27;2;THR;2;Zancudo;MAIN;37;;;
52DFAF27;3;UNC;2;Zancudo;MAIN;37;;;
52DFAF27;4;SHZC;2;Zancudo;MAIN;37;;;
52DFAF27;6;FLD;2;Zancudo;MAIN;37;;;
52DFAF27;7;SOF;3;Zancudo;MAIN;37;;;
52E8AF29;2;INC;2;Dolores;MAIN;27|33;;;
5352903E;1;SSF;1;Plomp Farm;MAIN;24|27;;;
5352903E;2;FLD;2;Plomp Farm;MAIN;27;;;
5352903E;3;SHZC;2;Plomp Farm;MAIN;28;;;
5354DE56;1;FLD;2;Troilus;MAIN;47|49;;;
5354DE56;2;SSF;1;Troilus;MAIN;47|61;;;
5354DE56;3;THR;1;Troilus;MAIN;47|61;;;
5354DE56;4;THR;2;Troilus;MAIN;49;;;
5354DE56;5;SHZC;2;Troilus;MAIN;60;;;
5354DE56;6;THR;3;Troilus;MAIN;61;;;
53AEB3D8;1;THR;2;Amulsar;MAIN;45;;;
53AEB3D8;2;FLD;2;Amulsar;MAIN;45;;;
539BD277;1;SSF;1;Florida Canyon;MAIN;50;200000.0;;
539BD277;2;INT;2;Florida Canyon;MAIN;50;;;
539BD277;3;SHZC;2;Florida Canyon;MAIN;53;;;
539BD277;4;BMF;2;Florida Canyon;MAIN;48|50|53;;;
539BD277;5;LFT;2;Florida Canyon;MAIN;53;;;
53D9A77E;1;SOF;2;Loma Larga;MAIN;57|60;8000.0;;extent:bounded
53D9A77E;2;CSF;1;Loma Larga;MAIN;57;;;
53D9A77E;3;CSF;1;Loma Larga;MAIN;55|57;;;
53D9A77E;4;ENE;3;Loma Larga;MAIN;61;;;
540A7CFC;1;SHZC;1;Cheechoo;MAIN;56;;;
540A7CFC;3;SHZC;2;Cheechoo;MAIN;60;;;
540A7CFC;4;INT;2;Cheechoo;MAIN;61;;;
547C46B7;1;TRP;2;CSH Gold Deposit;MAIN;40|46;;;
547EEFD8;1;CSF;1;Main Twin Zone;MAIN;54;;;
547EEFD8;2;SOF;2;Main Twin Zone;MAIN;54;;;
547EE6C7;1;SHZC;1;Big Vein;MAIN;27|29;;;
547EE6C7;2;SHZC;1;Big Vein;MAIN;26|27|29;;;
547EE6C7;3;SOF;2;Big Vein;MAIN;29;;;
547EE6C7;4;SHZC;2;Big Vein;MAIN;67;;;
548E7930;1;SHZC;1;Chambers Settlement;MAIN;47;;;
548E7930;2;SHZC;2;Chambers Settlement;MAIN;48;;;
548E7930;3;SOF;3;Chambers Settlement;MAIN;48;;;
54EE5CD0;1;THR;1;Providence Mines;MAIN;26;;;
54EE5CD0;2;THR;2;Providence Mines;MAIN;30;;;
54FFC2C3;1;THR;1;Spanish Mountain;MAIN;85;;7000.0;
54FFC2C3;2;FLD;2;Spanish Mountain;MAIN;86;;;
5502C0F0;1;SHZC;2;Flood Zone;MAIN;72|73|74;1300.0;;extent:bounded
5502C0F0;2;FLD;2;Flood Zone;MAIN;72|74;5000.0;;
5502C0F0;3;LTC;2;Flood Zone;MAIN;82;;;
55048FDC;1;MYLC;1;La Pointe;MAIN;64|72;500.0;;extent:bounded
55048FDC;2;FLD;2;La Pointe;MAIN;71|72;;;
55220A08;1;INC;2;Esperanza;MAIN;30;;;
55220A08;2;CSF;1;Esperanza;MAIN;29;;;
55220A08;3;THR;1;Esperanza;MAIN;30;;;
55220A08;4;FLD;1;Esperanza;MAIN;30;;;
5535E81C;1;BMF;1;El Peñón;MAIN;46;;;
5535E81C;2;SOF;2;El Peñón;MAIN;46;;;
5556F669;1;TRP;1;Pimenton Mine;MAIN;25;;;
5556F669;2;CSF;1;Pimenton Mine;MAIN;25;;;
5556F669;3;DET;2;Pimenton Mine;MAIN;26;;;
53AF8ED3;1;CSF;1;Brewery Creek;MAIN;29;450000.0;;extent:bounded
53AF8ED3;2;THR;1;Brewery Creek;MAIN;32;;;
53AF8ED3;3;THR;2;Brewery Creek;MAIN;36|37;;;
53AF8ED3;4;SSF;2;Brewery Creek;MAIN;37;;;
53AF8ED3;5;NRM;2;Brewery Creek;MAIN;37;;;
556B7B48;1;FLD;2;Géant Dormant;MAIN;23|25;;;
556B7B48;2;SSF;1;Géant Dormant;MAIN;23;;;
556B7B48;3;SSF;2;Géant Dormant;MAIN;23|24;;;
556B7B48;4;INC;2;Géant Dormant;MAIN;25;;;
556B7B48;5;LTC;3;Géant Dormant;MAIN;25;;;
55973C7F;1;SOF;2;Toiyabe Project;MAIN;21|23;;;
55973C7F;2;SHZC;2;Toiyabe Project;MAIN;21;;;
55973C7F;3;INT;3;Toiyabe Project;MAIN;20;;;
55973C7F;4;BMF;1;Toiyabe Project;MAIN;21|22;;;
55B296A0;1;CSF;1;Arrowhead Mine Veins;MAIN;46;150000.0;;
55B296A0;2;SHZC;2;Arrowhead Mine Veins;MAIN;46|55;;;
55B85897;1;SOF;2;Pinos Project;MAIN;20;4500.0;;
55B85897;2;SOF;2;Pinos Project;MAIN;20;2500.0;;
55B85897;3;CSF;1;Pinos Project;MAIN;21;;;
55BEF49B;1;SSF;1;Afric Zone;MAIN;43|45;;;
5632EA76;1;THR;1;Ginger Ridge;MAIN;28|31;;;
5632EA76;2;SSF;2;Ginger Ridge;MAIN;31;;;
56460A42;1;SHZC;1;Kensington;MAIN;53;;;
56460A42;2;SHZC;2;Kensington;MAIN;53|68;;;
56460A42;3;SHZC;3;Kensington;MAIN;53|55;;;
563E8F26;1;BXP;2;Confusion Hills Lithocap;MAIN;18|20;;;
56404BE7;1;SSF;1;Rozino;MAIN;47|50;;;
56404BE7;2;SOF;2;Rozino;MAIN;47|50;;;
5690D804;1;SHZC;1;Humbug deposit;MAIN;54|62;;;
5690D804;2;INT;2;Humbug deposit;MAIN;58;;;
5690D804;3;SSF;1;Humbug deposit;MAIN;48|49;;;
5660BEC1;1;SSF;1;Guayabales Project;MAIN;40;;;
5660BEC1;2;SHZC;2;Guayabales Project;MAIN;40|47|69;;;
5660BEC1;3;LTC;2;Guayabales Project;MAIN;74;;;
56B6C35D;1;FLD;2;Eskay Creek;MAIN;88|93;;;
56B6C35D;2;SSF;2;Eskay Creek;MAIN;88|89|92;;;
56749EFD;1;SOF;2;Hycroft;MAIN;56|65;;;
56749EFD;2;SOF;2;Hycroft;MAIN;56;;;
56749EFD;3;SOF;2;Hycroft;MAIN;56|59;;;
56C961F9;1;THR;1;Universo;MAIN;40|41|42|43;;;
56C961F9;2;SSF;2;Universo;MAIN;40|41;;;
56C961F9;3;INT;2;Universo;MAIN;41|42;;;
5735169F;1;CSF;1;Norte de Santander Project;MAIN;35|39;;;
5735169F;2;SOF;2;Norte de Santander Project;MAIN;35|39;;;
56DE0261;1;SSF;1;Segovia;MAIN;53;66000.0;;extent:bounded
56DE0261;2;SSF;1;Segovia;MAIN;53;50000.0;;extent:bounded
56DE0261;3;THR;2;Segovia;MAIN;57;;;
56DE0261;4;INT;2;Segovia;MAIN;57;;;
56DE0261;5;SSF;2;Segovia;MAIN;61;;;
57102DBE;1;SHZC;2;Coricancha Mine Complex;MAIN;54;;;
575CFC23;1;SHZC;2;El Bagre;MAIN;47;;;
575CFC23;2;SSF;1;El Bagre;MAIN;47;;;
575CFC23;3;THR;1;El Bagre;MAIN;47;;;
57781F78;1;SHZC;1;Reef;MAIN;38;;;
57781F78;2;SOF;2;Reef;MAIN;39;5200.0;;extent:bounded|extent:range_mean
577020CD;1;SSF;1;Principal Structural Corridor;MAIN;27|30;;;
577020CD;2;FLD;2;Principal Structural Corridor;MAIN;27|30;;;
577020CD;3;THR;2;Principal Structural Corridor;MAIN;27;;;
577020CD;4;JOG;2;Principal Structural Corridor;MAIN;27;;;
577020CD;5;SOF;2;Principal Structural Corridor;MAIN;32;;;
582AE49B;1;SSF;1;Ana Paula;MAIN;70;;;
582AE49B;2;INT;2;Ana Paula;MAIN;78;;;
582AE49B;3;LTC;3;Ana Paula;MAIN;70|71;;;
582AE49B;4;FLD;3;Ana Paula;MAIN;70;;;
585EBFE9;2;SHZC;2;Maybrun;MAIN;33;;;
58B0104F;1;CSF;1;New Leviathan;MAIN;54|57;;;
58B0104F;2;SHZC;2;New Leviathan;MAIN;58;;;
58AE5ACE;1;SHZC;1;Héva;MAIN;14|18;200000.0;;
58AE5ACE;2;SHZC;2;Héva;MAIN;19|20;;;
58A16D13;1;SSF;1;Ana Paula;MAIN;78;;;
58A16D13;2;INT;2;Ana Paula;MAIN;77|85;;;
58A16D13;3;LTC;3;Ana Paula;MAIN;79;;;
58C1C114;1;JOG;2;Merlin;MAIN;31;;;
58C1C114;2;SSF;1;Merlin;MAIN;28|31;;;
58C1C114;3;BMF;2;Merlin;MAIN;28|30;;;
58E6AE7F;1;LTC;2;Los Filos;MAIN;72;;;
58F814CA;1;SHZC;1;Westwood;MAIN;53;;;
58F814CA;2;SSF;2;Westwood;MAIN;53|58;;;
591FFFD3;1;THR;2;Tomingley;MAIN;69|77|79;;;
591FFFD3;2;TRP;2;Tomingley;MAIN;60|69;;;
591FFFD3;3;INT;2;Tomingley;MAIN;69;;;
591FFFD3;4;FLD;2;Tomingley;MAIN;69;;;
591FFFD3;5;SSF;2;Tomingley;MAIN;62|63;;;
595A3497;1;SHZC;2;Northwest Arm;MAIN;93|96;;;
595A3497;2;FLD;2;Northwest Arm;MAIN;94|100|105;;;
595A3497;3;INT;2;Northwest Arm;MAIN;104|105;;;
595A3497;4;JOG;2;Northwest Arm;MAIN;104;;;
596AE452;1;CSF;1;Casa Berardi West Property;MAIN;37;33000.0;;extent:range_mean
596AE452;2;SOF;2;Casa Berardi West Property;MAIN;38;;;
596AE452;3;SHZC;2;Casa Berardi West Property;MAIN;42;;;
598B3D65;1;CSF;1;San Francisco;MAIN;56;;;
598B3D65;2;SHZC;2;San Francisco;MAIN;58|68;;;
598B3D65;3;THR;2;San Francisco;MAIN;56|68;;;
598D6804;1;SHZC;2;Namoya Project;MAIN;27;;;
598D6804;2;ENE;3;Namoya Project;MAIN;27;;;
598D6804;3;FLD;2;Namoya Project;MAIN;31;;;
598D6804;4;THR;2;Namoya Project;MAIN;31;;;
599414B0;1;THR;2;Surebet Zone;MAIN;41|43;;;
599414B0;2;FLD;2;Surebet Zone;MAIN;41|43;;;
599414B0;3;SHZC;2;Surebet Zone;MAIN;43|57;;;
59A4910A;1;SHZC;2;Pactolus;MAIN;64|81;;;
59A4910A;2;FLD;2;Pactolus;MAIN;64|81;;;
59A4910A;3;INT;2;Pactolus;MAIN;81;;;
59CF0077;1;THR;2;Sterling Deposit;MAIN;87|92;;;
59CF0077;2;SOF;2;Sterling Deposit;MAIN;89|92;;;
59CF0077;3;SOF;3;Sterling Deposit;MAIN;89|92;;;
59CF0077;4;INT;2;Sterling Deposit;MAIN;92;;;
59CF0077;5;SOF;2;Sterling Deposit;MAIN;89;;;
59C244A5;1;CLD;2;Golden Arrow;MAIN;56;;;
59C244A5;2;SOF;2;Golden Arrow;MAIN;56;;;
59C244A5;3;CSF;1;Golden Arrow;MAIN;74;;;
59EA75BE;1;CSF;1;Velardeña;MAIN;38;;;
59EA75BE;2;SOF;2;Velardeña;MAIN;44;;;
59EA75BE;3;INT;2;Velardeña;MAIN;44;;;
59ED0865;2;SSF;2;Lawyers Area;MAIN;113;;;
5A064DC1;1;CSF;1;Los Filos;MAIN;71;;;
5A064DC1;2;LTC;2;Los Filos;MAIN;77;;;
5A064DC1;3;BXP;2;Los Filos;MAIN;80;;;
5A09EA55;1;INT;2;Tres Cruces;MAIN;32;;;
5A21F3E1;1;SHZC;2;Sanderson Suite;MAIN;37|39;;;
5A21F3E1;2;SHZC;1;Sanderson Suite;MAIN;28;10000.0;;extent:bounded
5A21F3E1;3;SHZC;1;Sanderson Suite;MAIN;34|39;;;
5AFA66D6;1;FLD;1;Skouries;MAIN;54;;;
5A39BCFA;1;SSF;1;Cerro Quema;MAIN;57;;;
5A39BCFA;2;THR;2;Cerro Quema;MAIN;60;;3000.0;
5A39BCFA;3;NRM;2;Cerro Quema;MAIN;60;;;
5B63FB71;1;THR;1;Cadia East;MAIN;34;;;
5B0BA30B;1;SOF;2;Preview SW;MAIN;32;;;
5B0BA30B;2;ENE;3;Preview SW;MAIN;32;;;
5B593B14;1;CSF;1;Costerfield;MAIN;40;;;
5B593B14;2;THR;2;Costerfield;MAIN;44|48;;;
5B593B14;3;FLD;2;Costerfield;MAIN;48;;;
5B593B14;4;INT;2;Costerfield;MAIN;48;;;
5B70E19C;1;SSF;1;Mustang Property;MAIN;15;;;
5B9A71AC;1;SSF;2;Reid Zone;MAIN;12|18;;;
5B9A71AC;2;CSF;1;Reid Zone;MAIN;16;;;
5BFC8F89;1;SHZC;2;VG zone;MAIN;29;;;
5BFC8F89;2;SSF;2;VG zone;MAIN;27|47;;;
5BFC8F89;3;FLD;2;VG zone;MAIN;29;;;
5BFC8F89;4;INT;3;VG zone;MAIN;29;;;
5B80DDAD;1;SSF;1;Santa Fe Deposit;MAIN;37;800000.0;;
5B80DDAD;2;SSF;1;Santa Fe Deposit;MAIN;41;;;
5B80DDAD;3;SOF;2;Santa Fe Deposit;MAIN;41;;;
5B80DDAD;4;INT;2;Santa Fe Deposit;MAIN;41|42;;;
5B80DDAD;5;JOG;2;Santa Fe Deposit;MAIN;42;;;
5B80DDAD;6;LFT;2;Santa Fe Deposit;MAIN;41;;;
5BB245CB;1;SOF;2;Kylmäkangas;MAIN;29|31;1800.0;;
5BB245CB;2;TRP;2;Kylmäkangas;MAIN;29;;;
5BB245CB;3;LTC;2;Kylmäkangas;MAIN;29|31;;;
5BB245CB;4;ENE;3;Kylmäkangas;MAIN;31;;;
5C40AF4D;1;SSF;1;Guppy Zone;MAIN;12|13;;;
5C40AF4D;2;ENE;3;Guppy Zone;MAIN;12|13;;;
5C40AF4D;3;JOG;2;Guppy Zone;MAIN;13;;;
5C40AF4D;4;INT;2;Guppy Zone;MAIN;15;;;
5C45E993;1;DET;1;Ada Tepe;MAIN;50|54;;;
5C45E993;2;SSF;2;Ada Tepe;MAIN;50;;;
5C45E993;3;SSF;2;Ada Tepe;MAIN;50;;;
5C45E993;4;JOG;2;Ada Tepe;MAIN;54;;;
5C45E993;5;ENE;3;Ada Tepe;MAIN;54;;;
5C8F331B;1;FLD;2;North Fold Nose;MAIN;35|63|69;;;
5CFD2D8A;1;SHZC;2;Alpine Vein;MAIN;30|35;;;
5CF0A555;1;SHZC;2;Cannonball Project;MAIN;39;;;
5CF0A555;2;INT;2;Cannonball Project;MAIN;39;;;
5D445B71;1;SHZC;2;Haile;MAIN;56|58|60;;;
5D445B71;2;FLD;2;Haile;MAIN;56|57|58|60;;;
5D445B71;3;GSC;2;Haile;MAIN;57;;;
5D9E54B5;1;CSF;1;La Libertad;MAIN;88;;;
5D9E54B5;4;ENE;3;La Libertad;MAIN;89;;;
5D4BE4E3;1;MYLC;1;Georgia River Mine;MAIN;31|35|49;750.0;110.0;distance:range_mean
5D4BE4E3;2;SHZC;2;Georgia River Mine;MAIN;36|49;;;
5D4BE4E3;3;SOF;2;Georgia River Mine;MAIN;36|49;;;
5D4BE4E3;4;INT;2;Georgia River Mine;MAIN;38|49;;;
5DAF2C15;1;CLD;2;Long Valley;MAIN;46|47|48;;;
5DAF2C15;2;SOF;2;Long Valley;MAIN;48;;;
5DAF2C15;3;INT;3;Long Valley;MAIN;48;;;
5E3AF775;1;CSF;1;Hebecourt Property;MAIN;52;;25000.0;
5E3AF775;2;CSF;1;Hebecourt Property;MAIN;52;;6000.0;
5E3AF775;3;SHZC;2;Hebecourt Property;MAIN;52;;;
5E5A4A32;1;CSF;1;Koonenberry North Project;MAIN;35;;;
5E5A4A32;2;SSF;1;Koonenberry North Project;MAIN;35;;;
5E716C88;1;SHZC;1;Pen Gold North;MAIN;27;;;
5E716C88;2;LTC;2;Pen Gold North;MAIN;28;;;
5E54F6FF;1;TRP;2;Zancudo;MAIN;47|48;;;
5E54F6FF;2;THR;2;Zancudo;MAIN;47|48;;;
5E54F6FF;3;UNC;2;Zancudo;MAIN;47;;;
5E54F6FF;4;SOF;3;Zancudo;MAIN;48;;;
5E54F6FF;6;SSF;1;Zancudo;MAIN;40;;;
5EA41794;1;SSF;1;DEM Halo;MAIN;40|41;;;
5EA41794;2;SOF;2;DEM Halo;MAIN;40;;;
5E944B24;1;CSF;1;Zaruma-Portovelo;MAIN;48|54;;;
5E944B24;2;THR;2;Zaruma-Portovelo;MAIN;54|58;;;
5E944B24;3;ENE;3;Zaruma-Portovelo;MAIN;54|57|58;;;
5EBC5C43;1;CSF;1;Mato Bula;MAIN;50;;;
5EBC5C43;2;THR;2;Mato Bula;MAIN;50|56|73;;;
5EBC5C43;3;FLD;2;Mato Bula;MAIN;69|70|71|72;;;
5EBFA227;1;SOF;2;Kilgore deposit;MAIN;53;6000.0;;extent:bounded
5EBFA227;2;SOF;2;Kilgore deposit;MAIN;53;3000.0;231.6;extent:bounded|distance:bounded
5EBFA227;3;DOM;2;Kilgore deposit;MAIN;54;;;
5EBFA227;4;CLD;1;Kilgore deposit;MAIN;54;;;
5EBFA227;5;INT;2;Kilgore deposit;MAIN;54|61;;;
5F274B19;1;SSF;2;Kora Consolidated;MAIN;104;;;
5F274B19;2;JOG;2;Kora Consolidated;MAIN;104;;;
5F29212C;1;SOF;2;Skukum Creek;MAIN;56|62;;;
5F29212C;2;JOG;2;Skukum Creek;MAIN;56|63;;;
5F29212C;3;INT;2;Skukum Creek;MAIN;56|63;;;
5EE26F8C;1;SSF;1;Rainy River Gold Deposit;MAIN;91|97;;;distance:unparseable
5EE26F8C;2;SOF;2;Rainy River Gold Deposit;MAIN;97;;;
5EE26F8C;3;FLD;2;Rainy River Gold Deposit;MAIN;97;;;
5EE26F8C;4;THR;3;Rainy River Gold Deposit;MAIN;101;;;
5EE26F8C;5;SHZC;2;Rainy River Gold Deposit;MAIN;102|103;;;
5EE26F8C;6;SHZC;3;Rainy River Gold Deposit;MAIN;103;;;
5EE26F8C;7;SHZC;2;Rainy River Gold Deposit;MAIN;104;;;
5EE26F8C;8;SSF;3;Rainy River Gold Deposit;MAIN;105;;;
5F2C3119;1;SSF;2;Snoball;MAIN;56|57;;;
5F2C3119;2;BMF;1;Snoball;MAIN;48;;;
5F2C3119;3;FLD;2;Snoball;MAIN;56|57;;;
5F405AF8;1;THR;1;Plutonic Gold Mine;MAIN;48|49;;;
5F405AF8;2;THR;2;Plutonic Gold Mine;MAIN;51;;;
5F405AF8;3;MYLC;2;Plutonic Gold Mine;MAIN;56;;;
5F405AF8;4;SOF;2;Plutonic Gold Mine;MAIN;56;;;
5F4ED454;1;SHZC;1;Karita Project;MAIN;26;;9000.0;distance:range_mean
5F6D6E4A;1;TRT;1;La Noria;MAIN;27;;;
5F6D6E4A;2;INT;3;La Noria;MAIN;34;;;
5F6D6E4A;3;ENE;3;La Noria;MAIN;34;;;
5FC65728;2;SOF;2;Buck Main;MAIN;55;;;
5FC65728;3;ENE;3;Buck Main;MAIN;55;;;
5FF37754;1;SHZC;2;47-Adanac Trend;MAIN;34|37|45;;;
5FF37754;2;SHZC;1;47-Adanac Trend;MAIN;32|48;;;
5F833C23;1;FLD;1;Goldenville;MAIN;39|40|42|43|45;;;
5F833C23;2;FLD;2;Goldenville;MAIN;39|40|43|45;;;
601B9BDE;1;SHZC;2;Ishkoday Property;MAIN;15;;;
601B9BDE;2;SSF;2;Ishkoday Property;MAIN;16;;;
605B8C99;1;SHZC;2;Byumba deposit;MAIN;46;;;
605B8C99;2;FLD;2;Byumba deposit;MAIN;45|54|59;;;
605B8C99;3;THR;2;Byumba deposit;MAIN;54;;;
605B8C99;4;MYLC;2;Byumba deposit;MAIN;54;;;
605B8C99;5;SHZC;3;Byumba deposit;MAIN;45|56|59;;;
6094B058;2;BMF;1;Centennial;MAIN;7|53;;;
6094B058;3;THR;1;Centennial;MAIN;7|53;;;
6094B058;4;FLD;1;Centennial;MAIN;7|53;;;
61663810;1;CSF;1;Bayan Khundii;MAIN;79;2000000.0;;extent:bounded
61663810;2;ENE;2;Bayan Khundii;MAIN;79|80;15000.0;;extent:range_mean
61663810;3;JOG;2;Bayan Khundii;MAIN;80|90;;;
61663810;4;SOF;3;Bayan Khundii;MAIN;80;12500.0;;extent:range_mean
605BF9D9;1;THR;1;Sleeping Giant;MAIN;42;;;
605BF9D9;2;SSF;1;Sleeping Giant;MAIN;42;;;
605BF9D9;3;SSF;2;Sleeping Giant;MAIN;47;;;
605BF9D9;4;FLD;2;Sleeping Giant;MAIN;47|61;;;
605BF9D9;5;SHZC;3;Sleeping Giant;MAIN;61;;;
6173525A;1;THR;2;La Plata deposit;MAIN;88|93;;;
6173525A;2;SHZC;2;La Plata deposit;MAIN;88|93|94;;;
6173525A;3;DET;1;La Plata deposit;MAIN;88|93;;;
6173525A;4;SSF;1;La Plata deposit;MAIN;94;;;
6173525A;5;CSF;1;La Plata deposit;MAIN;94;;;
61C4380D;1;TRT;1;Caspiche Porphyry;MAIN;70;;;
61C4380D;2;CSF;1;Caspiche Porphyry;MAIN;78;;;
61F562DB;1;FLD;2;Jones Keystone;MAIN;23;;;
61DC4158;1;FLD;2;Ixtaca;MAIN;40|41;;;
61DC4158;2;SOF;2;Ixtaca;MAIN;40|41;;;
61D48D35;1;INT;2;Sandman;MAIN;33|34|36;;;
61D48D35;2;FLD;2;Sandman;MAIN;36;;;
61D48D35;3;BMF;2;Sandman;MAIN;36;;;
6207B358;1;SOF;2;Discovery Zone;MAIN;20|22;1700.0;;extent:bounded
6207B358;2;SOF;3;Discovery Zone;MAIN;22;;;
6207B358;3;SSF;2;Discovery Zone;MAIN;22;;;
61FE20FF;1;CSF;1;Laiva;MAIN;63;;50000.0;distance:bounded
61FE20FF;2;MYLC;2;Laiva;MAIN;70;;;
61FE20FF;3;SSF;2;Laiva;MAIN;70;;;
61FE20FF;4;THR;3;Laiva;MAIN;73;;;
61FE20FF;5;ENE;3;Laiva;MAIN;74;;;
622E5431;2;BMF;1;Dayton Prospect;MAIN;205|213;;;
623FE1DE;1;TRT;1;Lindero;MAIN;100;;;
623FE1DE;2;TRT;2;Lindero;MAIN;100|101;;;
62793D18;1;THR;2;Southeast Exposure;MAIN;23;;;
62793D18;2;ENE;3;Southeast Exposure;MAIN;23;;;
62C34AF2;1;SSF;1;Mercedes;MAIN;71|76;;;
62C34AF2;2;SSF;2;Mercedes;MAIN;76|77;3500.0;;extent:bounded
6294FE8B;1;SHZC;2;Moss Gold Deposit;MAIN;87|94;;;
62C689F4;1;BMF;1;Fire Creek deposit;MAIN;55|56|57;;;
62C689F4;2;JOG;2;Fire Creek deposit;MAIN;58;;;
62C689F4;3;NRM;3;Fire Creek deposit;MAIN;56;;;
62C689F4;4;NRM;2;Fire Creek deposit;MAIN;56;;;
63611C07;1;THR;2;Slivova;MAIN;45;;;
63611C07;2;SSF;2;Slivova;MAIN;45;;;
63611C07;4;SHZC;2;Slivova;MAIN;45;;;
63ACA42F;1;MYLC;1;Sobeski Lake Property;MAIN;25;;;
638AE51D;1;CSF;1;Escondida;MAIN;56|62;8000.0;;extent:bounded
638AE51D;2;JOG;2;Escondida;MAIN;62|72;;;
64231499;1;CSF;1;Golden Trail;MAIN;20;;;
64231499;2;DET;1;Golden Trail;MAIN;20;;;
64231499;3;THR;1;Golden Trail;MAIN;21;;;
63D1772A;1;CLD;2;DeLamar;MAIN;63;;;
63D1772A;2;SOF;2;DeLamar;MAIN;63|67|69;;;
63DA4B93;1;SHZC;1;Turk Mine;MAIN;21;;1000.0;
63DA4B93;2;SHZC;2;Turk Mine;MAIN;21|22;;;
63DA4B93;3;TRP;2;Turk Mine;MAIN;26;;;
63DA4B93;4;THR;2;Turk Mine;MAIN;26;;;
63DA4B93;5;SOF;2;Turk Mine;MAIN;24;;;
647F3DAA;1;TRT;1;San Rafael Vein;MAIN;149;100000.0;;extent:bounded
647F3DAA;2;SOF;2;San Rafael Vein;MAIN;153|155;;;
647F3DAA;3;INT;2;San Rafael Vein;MAIN;155;;;
647F3DAA;4;FLD;2;San Rafael Vein;MAIN;153|156;;;
64D7C082;1;SSF;1;Coringa;MAIN;37;;;
64D7C082;2;SOF;2;Coringa;MAIN;37;;;
64E131D8;1;FLD;2;Flood Zone;MAIN;44|47|55;5000.0;;
64E131D8;2;SHZC;2;Flood Zone;MAIN;48;435.0;;
64E131D8;3;LTC;2;Flood Zone;MAIN;48|55;;;
64DA79C1;1;BMF;1;Dark Star;MAIN;76|87;6000.0;;
64DA79C1;2;FLD;2;Dark Star;MAIN;76;;;
64DA79C1;3;ENE;2;Dark Star;MAIN;76;;;
655C5E71;1;FLD;2;Back Forty;MAIN;51|52;;;
6597AD80;1;FLD;1;Dawson Property mineralized horizon;MAIN;38|40;;;
6597AD80;2;FLD;2;Dawson Property mineralized horizon;MAIN;36|37|38|41;;;
6597AD80;3;SHZC;2;Dawson Property mineralized horizon;MAIN;37|38|45;;;
6597AD80;4;THR;1;Dawson Property mineralized horizon;MAIN;40|42;;;
6597AD80;5;SSF;2;Dawson Property mineralized horizon;MAIN;40;;;
656B9B6E;1;FLD;2;Brewer;MAIN;32;;;
656B9B6E;2;FLD;2;Brewer;MAIN;30;;45.7;
656B9B6E;4;SHZC;2;Brewer;MAIN;32;;;
659844D6;1;CSF;1;Central Newfoundland Gold Project;MAIN;57;;;
659844D6;2;SHZC;1;Central Newfoundland Gold Project;MAIN;71;;;
65B150D1;1;INT;1;Carmen;MAIN;38|42;;;
65B150D1;2;SSF;1;Carmen;MAIN;38;;;
65B150D1;3;SHZC;2;Carmen;MAIN;42;;;
65B150D1;5;SOF;2;Carmen;MAIN;42;;;
65B150D1;6;INT;2;Carmen;MAIN;42;;;
65B3920B;1;SHZC;1;Kensington;MAIN;66;;1931.2;distance:bounded
65B3920B;2;SHZC;1;Kensington;MAIN;66;;;
65B3920B;3;SOF;2;Kensington;MAIN;66|68;;;
65B3920B;4;TRP;2;Kensington;MAIN;69;;;
65D0BCF5;1;THR;2;DBM Project;MAIN;58;;;
65D0BCF5;2;BMF;2;DBM Project;MAIN;58;;;
65D0BCF5;3;FLD;2;DBM Project;MAIN;58;;;
65CC795B;1;BMF;1;Wind Mountain;MAIN;43;;;
65CC795B;2;BMF;2;Wind Mountain;MAIN;47|48;;;
65CC795B;3;SOF;2;Wind Mountain;MAIN;50;;;
65CC795B;4;SOF;3;Wind Mountain;MAIN;48;;;
65D1C8B0;1;CSF;1;Bullion Alley;MAIN;23;;;
65D1C8B0;2;INC;2;Bullion Alley;MAIN;25;;;
6640756C;1;THR;2;Quesnel Quartz deposit;MAIN;29;;;
6618D632;1;SSF;1;Afric Zone;MAIN;89|90;;;
6618D632;2;SHZC;2;Afric Zone;MAIN;90|98;;;
6618D632;3;ENE;3;Afric Zone;MAIN;98;;;
6649D254;1;CLD;2;Golden Arrow;MAIN;56;;;
6649D254;2;CLD;1;Golden Arrow;MAIN;56;;;
6649D254;3;SSF;2;Golden Arrow;MAIN;56;;;
666BB470;1;SSF;1;Marmato;MAIN;94;;;
666BB470;2;TRP;1;Marmato;MAIN;95;;;
666BB470;3;THR;1;Marmato;MAIN;95;;;
666BB470;4;SOF;2;Marmato;MAIN;95;;;
666BB470;5;ENE;2;Marmato;MAIN;95;;;
666BB470;6;ENE;3;Marmato;MAIN;96;;;
66BCCB6E;1;SSF;1;Otter Property;MAIN;10|46;;;
66BCCB6E;4;SOF;2;Otter Property;MAIN;18|20|54|56;;;
6683EDA0;1;BLK;2;Pardo Project;MAIN;31;;;
66C43292;1;CSF;1;Miraflores;MAIN;61|64|68|69;1000000.0;;extent:bounded
66C43292;2;THR;2;Miraflores;MAIN;68;;;distance:unparseable
66C43292;3;SOF;2;Miraflores;MAIN;68;;;
66C43292;5;JOG;2;Miraflores;MAIN;69;;;
66F73D2B;1;SHZC;1;Reefton-Lyell Goldfield;MAIN;86|88;40000.0;;extent:bounded
66F73D2B;3;JOG;3;Reefton-Lyell Goldfield;MAIN;88;;;
67372EED;2;INT;2;Küçükdağ;MAIN;58;;;
671B9519;1;SSF;1;Fruta del Norte;MAIN;85|86|94;80000.0;;extent:bounded
671B9519;2;SOF;2;Fruta del Norte;MAIN;94;;;
671B9519;3;JOG;2;Fruta del Norte;MAIN;85|86;;;
671B9519;4;SOF;3;Fruta del Norte;MAIN;94;;;
673EA4E0;1;SOF;2;Siwash North;MAIN;50|53;;;
673EA4E0;2;SSF;2;Siwash North;MAIN;53;;;
67745E4B;1;SSF;1;St. Lawrence;MAIN;33;;;
67745E4B;2;SHZC;2;St. Lawrence;MAIN;35|45;;;
6783FB74;1;FLD;2;San Martin;MAIN;29;1000.0;;extent:bounded
6783FB74;2;LTC;2;San Martin;MAIN;26|29;;;
67A37E75;1;SHZC;2;Nyakagwe;MAIN;69;;;
67A37E75;2;SHZC;2;Nyakagwe;MAIN;83;;;
67A96F53;1;CSF;1;Laiva;MAIN;55;;;
67A96F53;2;MYLC;2;Laiva;MAIN;58;;;
67A96F53;3;SSF;2;Laiva;MAIN;58;;;
67A96F53;4;THR;3;Laiva;MAIN;59;;;
67A96F53;5;THR;3;Laiva;MAIN;59;;;
67BC7B20;1;THR;2;Relief Canyon;MAIN;82;;;
67BC7B20;2;SSF;1;Relief Canyon;MAIN;75;;;
67BC7B20;4;LTC;2;Relief Canyon;MAIN;80;;;
67FF49A4;1;SHZC;2;Långtjärn;MAIN;35;3000.0;;extent:approx_magnitude
68181277;1;CLD;2;Golden Arrow;MAIN;75;;;
68181277;2;CLD;1;Golden Arrow;MAIN;76;;;
68181277;3;SSF;2;Golden Arrow;MAIN;76;;;
68181277;4;BXP;2;Golden Arrow;MAIN;76;;;
6829E7B9;1;BMF;2;Grassy Mountain;MAIN;56;;;
6829E7B9;2;SOF;2;Grassy Mountain;MAIN;56;;;
6829E7B9;3;INT;2;Grassy Mountain;MAIN;56;;;
6829E7B9;4;FLD;3;Grassy Mountain;MAIN;56;;;
68530C5C;1;THR;1;Candelones Project;MAIN;56|66;;;
68530C5C;2;SOF;2;Candelones Project;MAIN;66;;;
68530C5C;3;SSF;2;Candelones Project;MAIN;58|66;;;
689EFC8A;1;INT;1;La India;MAIN;71;;;
689EFC8A;3;ENE;3;La India;MAIN;76;;;
68BC168F;2;THR;1;McAdams Creek;MAIN;53|55;40000.0;;
68A1FAC5;1;SHZC;2;Rudy showings;MAIN;25;;;
68A1FAC5;2;INC;2;Rudy showings;MAIN;25;;;
693043B5;1;SOF;2;Escondida;MAIN;52|58;8000.0;;extent:bounded
693043B5;2;JOG;3;Escondida;MAIN;66;;;
6940A481;1;CSF;1;Tonopah;MAIN;35;;;
6940A481;2;SSF;2;Tonopah;MAIN;37|40|41|43;;;
6940A481;3;ENE;3;Tonopah;MAIN;37|40|41|45;;;
6940A481;4;UNC;2;Tonopah;MAIN;43|45|46|47;;;
6932FC81;1;SOF;2;Kilgore deposit;MAIN;49|52;6000.0;;extent:bounded
6932FC81;2;SOF;2;Kilgore deposit;MAIN;49|50;;;
6932FC81;3;INT;2;Kilgore deposit;MAIN;50|53;;;
6932FC81;4;CLD;1;Kilgore deposit;MAIN;50|57;;;
694CD6E6;1;THR;2;Deer Horn vein system;MAIN;38|45|46;;;
694CD6E6;2;MYLC;3;Deer Horn vein system;MAIN;45;;;
694CD6E6;3;ENE;3;Deer Horn vein system;MAIN;47;;;
694CD6E6;4;SHZC;2;Deer Horn vein system;MAIN;46;;;
695A4497;1;BMF;1;VOK;MAIN;38|42;;;
695A4497;2;UNC;1;VOK;MAIN;42;;;
695A4497;3;FLD;2;VOK;MAIN;44;;;
695A4497;4;SHZC;3;VOK;MAIN;46|47;;;
69E087E1;1;SSF;1;Umm Bisillah North;MAIN;54|144;;;
69E087E1;2;SHZC;2;Umm Bisillah North;MAIN;102|144;;;
69E087E1;3;SOF;2;Umm Bisillah North;MAIN;64;;;
6A0182BE;1;SHZC;2;Altan Nar;MAIN;31;;;
69F75462;1;SHZC;1;Macassa Mine;MAIN;28;321868.0;;
69F75462;2;THR;2;Macassa Mine;MAIN;30;;;
69F75462;3;SOF;2;Macassa Mine;MAIN;29;;;
6991ACDA;1;CSF;1;Miranda;MAIN;19;1000000.0;;extent:bounded
6A716C2C;1;SHZC;2;Ormsby Zone;MAIN;89;;;
6A4A44DB;1;BMF;1;Mohave Gold Project;MAIN;26|27;;;
6A72F70F;1;SOF;2;Martha Vein System;MAIN;71;;;
6A69BDCD;1;BMF;2;Eskay Creek;MAIN;128|131|132|139;;;
6A69BDCD;2;FLD;2;Eskay Creek;MAIN;122|125|130;;;
6A69BDCD;3;THR;1;Eskay Creek;MAIN;125;;;
6A69BDCD;4;SSF;2;Eskay Creek;MAIN;125;;;
6A74A831;1;SHZC;1;Tres Amantes;MAIN;37;;;
6A74A831;2;FLD;2;Tres Amantes;MAIN;42|46;;;
6A74A831;3;THR;2;Tres Amantes;MAIN;42|43;;;
6A74A831;4;SOF;2;Tres Amantes;MAIN;46|49;;;
6ADAD88F;1;CSF;1;Rainbow Canyon;MAIN;16;;;
6ADAD88F;2;SSF;1;Rainbow Canyon;MAIN;19;;;
6ADAD88F;3;SSF;2;Rainbow Canyon;MAIN;16;;;
6ADAD88F;4;SOF;2;Rainbow Canyon;MAIN;19;;;
6AD2A483;1;SSF;1;Arista Project;MAIN;57;;;
6AD2A483;2;TRT;1;Arista Project;MAIN;57|58;;;
6AD2A483;3;SOF;2;Arista Project;MAIN;57|58;;;
6AD2A483;4;SSF;2;Arista Project;MAIN;58;;;
6AE86E82;1;SHZC;1;Palmilla;MAIN;22;;;
6B09E2B9;1;SHZC;2;Fondawa Showing;MAIN;30|31;;;
6B09E2B9;2;CSF;1;Fondawa Showing;MAIN;27;;;
6B343844;1;FLD;1;Box Mine;MAIN;100;;;
6B343844;2;SHZC;2;Box Mine;MAIN;100;;;
6B343844;3;LTC;2;Box Mine;MAIN;100|102;;;
6B343844;4;ENE;3;Box Mine;MAIN;100;;;
6B7050F5;1;SOF;2;Cuprite Eastern Center;MAIN;21;;;
6B7050F5;2;CLD;1;Cuprite Eastern Center;MAIN;21;;;
6B43F2CA;1;THR;2;Goldstorm Zone;MAIN;62|65;;;
6B43F2CA;2;THR;2;Goldstorm Zone;MAIN;69;;;
6B43F2CA;3;THR;1;Goldstorm Zone;MAIN;60|62;;;
6B43F2CA;4;FLW;1;Goldstorm Zone;MAIN;57;;;
6BA3E790;1;SHZC;2;Irumafimpa-Kora vein system;MAIN;61;;;
6B89958A;1;SHZC;2;MacLellan;MAIN;29|30;;;
6BA9ED0E;1;THR;1;Chanape;MAIN;67;;;
6BA9ED0E;2;SOF;2;Chanape;MAIN;67;;;
6BA9ED0E;4;BXP;2;Chanape;MAIN;71;;;
6BEFE3AE;1;DET;1;Cyclopic Mine Zone;MAIN;38|46|49;64373.6;;
6BEFE3AE;2;SOF;2;Cyclopic Mine Zone;MAIN;49;;;
6BEFE3AE;3;INT;1;Cyclopic Mine Zone;MAIN;46;;;
6BEFE3AE;4;SSF;1;Cyclopic Mine Zone;MAIN;46;;;
6BEFE3AE;5;SSF;1;Cyclopic Mine Zone;MAIN;46;;;
6C4075E1;1;SHZC;2;El Zapote;MAIN;21|22;3000.0;;
6C2D1517;1;BMF;1;Burro Vein;MAIN;35|36|41;;;
6C2D1517;2;SOF;2;Burro Vein;MAIN;36;;;
6C2CED4A;2;SOF;2;Wild Dog;MAIN;45;10000.0;;
6C2CED4A;3;JOG;2;Wild Dog;MAIN;45;1500.0;;
6C2CED4A;4;INT;3;Wild Dog;MAIN;46|53;;;
6C2CED4A;5;ENE;3;Wild Dog;MAIN;45|53;;;
6C85F11C;1;BMF;1;Gravel Creek;MAIN;93|95;;;
6C85F11C;2;BMF;2;Gravel Creek;MAIN;93|94|95;;;
6C85F11C;3;INT;2;Gravel Creek;MAIN;94;;;
6C963AD5;1;SSF;2;Main Vein System;MAIN;46|56;;;
6C963AD5;2;JOG;3;Main Vein System;MAIN;46;;;
6CB4403D;1;LFT;2;Black Pine;MAIN;81|89;;;
6CB4403D;2;BMF;1;Black Pine;MAIN;82|95;;;
6CB4403D;3;THR;N/A;Black Pine;MAIN;79;;;
6CB4403D;4;FLD;N/A;Black Pine;MAIN;79;;;
6CECEFCE;1;FLD;2;Galat Sufar South;MAIN;65;;;
6CECEFCE;2;SHZC;3;Galat Sufar South;MAIN;75;;;
6D346AFB;1;SSF;1;Marmato;MAIN;73;;;
6D346AFB;2;TRP;1;Marmato;MAIN;73;;;
6D346AFB;3;INT;2;Marmato;MAIN;73;;;
6D346AFB;4;SOF;2;Marmato;MAIN;73;;;
6D346AFB;5;THR;2;Marmato;MAIN;73|74;;;
6D346AFB;6;ENE;3;Marmato;MAIN;73;;;
6D87A0E5;1;SHZC;2;Aurora;MAIN;61;1200.0;;extent:bounded
6D8E33BD;1;DET;1;Cumeral;MAIN;39|43;;;
6D8E33BD;2;MYLC;2;Cumeral;MAIN;39|43|55;;;
6D8E33BD;3;SOF;2;Cumeral;MAIN;39|56;;;
6E16B515;1;SSF;1;Shasta;MAIN;47;;;
6E16B515;2;NRM;2;Shasta;MAIN;57;;;
6E16F01D;1;CSF;1;TOP Property;MAIN;21|22;;;extent:unparseable
6E434785;1;NRM;1;DBM Project;MAIN;37;;;
6E434785;2;THR;2;DBM Project;MAIN;37;;;
6E434785;3;FLD;1;DBM Project;MAIN;37;;;
6E501DDB;1;FLD;1;VOK;MAIN;66;;;
6E501DDB;2;THR;1;VOK;MAIN;66;;;
6E501DDB;4;SHZC;2;VOK;MAIN;68;;;
6E502911;1;SSF;2;Emperor Structure;MAIN;56|57|58;3500.0;;
6E502911;2;SOF;2;Emperor Structure;MAIN;57|58;;;
6E7DDC6E;1;FLD;2;Golden Quarry;MAIN;31;;;
6E82CE59;1;SOF;2;Coriorcco Dome Structure;MAIN;24|28;;;
6E942704;1;THR;1;KOR 1;MAIN;24|25|31|41;35000.0;;extent:bounded
6E942704;2;TRP;1;KOR 1;MAIN;41;;;
6E942704;3;THR;2;KOR 1;MAIN;26|31|34;;;
6ED5104E;1;BXP;1;Fenix Gold Project;MAIN;98|107;;;
6ED5104E;2;SSF;2;Fenix Gold Project;MAIN;102|103;;;
6EC4ACB7;1;CSF;1;Wilding Lake Project;MAIN;57;;;
6EC4ACB7;2;TRP;2;Wilding Lake Project;MAIN;57|84;;;
6EC4ACB7;3;THR;2;Wilding Lake Project;MAIN;84;;;
6EC4ACB7;4;LTC;2;Wilding Lake Project;MAIN;52;;;
6EF21E5F;1;SHZC;1;Silver Strand Mine;MAIN;39|40;;;
6F1EAECB;1;MYLC;2;Discovery Zone;MAIN;30;;;
6F1EAECB;2;SHZC;2;Discovery Zone;MAIN;32|34;;;
6F37CB4D;1;THR;2;La Lechoza;MAIN;26;;;
6F37CB4D;2;DOM;2;La Lechoza;MAIN;26;;;
6F263B8C;1;SSF;2;Pueblo Viejo;MAIN;55;;;
6F263B8C;2;INT;2;Pueblo Viejo;MAIN;55;;;
6F263B8C;3;THR;1;Pueblo Viejo;MAIN;50|51|53|56;;;
6F263B8C;4;ENE;3;Pueblo Viejo;MAIN;65;;;
6F6983AD;1;CSF;1;Orchid Property;MAIN;19|22|29;1500000.0;;extent:bounded
6F6983AD;2;SOF;2;Orchid Property;MAIN;29;;;
6F6983AD;3;SHZC;2;Orchid Property;MAIN;26|27;;;
6FCE1E91;1;DET;1;Efemçukuru;MAIN;40;;;
6FCE1E91;3;INT;1;Efemçukuru;MAIN;40;;;
6FCE1E91;4;TRT;2;Efemçukuru;MAIN;44|49;;;
6FCE1E91;5;JOG;2;Efemçukuru;MAIN;44;;;
6F803A71;1;CSF;1;DFC Property;MAIN;30|33|48;;;
6F803A71;2;SHZC;2;DFC Property;MAIN;37;213.4;;extent:bounded
6FDE0CD4;1;BMF;1;Pau-a-Pique;MAIN;77;;;
6FDE0CD4;2;SSF;1;Pau-a-Pique;MAIN;82|83;;;
6FDE0CD4;3;SOF;2;Pau-a-Pique;MAIN;77;;;
6FDE0CD4;4;SHZC;2;Pau-a-Pique;MAIN;81;;;
6F797466;1;SHZC;2;Irumafimpa-Kora;MAIN;44;;;
6FE7B7E3;1;FLD;1;Dawson;MAIN;63|64;;;
6FE7B7E3;2;FLD;2;Dawson;MAIN;61|62|64|67;;;
6FE7B7E3;3;THR;1;Dawson;MAIN;64;;;
6FE7B7E3;5;SHZC;2;Dawson;MAIN;62;;;
6FE7B7E3;6;SSF;2;Dawson;MAIN;65;;;
7045746B;1;UNC;2;NICO;MAIN;60;;;
70516B64;1;CSF;1;West Block;MAIN;20|32;;;
70516B64;2;SOF;2;West Block;MAIN;26|32;;;
70516B64;3;SHZC;2;West Block;MAIN;26;;;
7079C5CB;1;TRP;1;Tonopah;MAIN;74|79;;;
7079C5CB;2;JOG;2;Tonopah;MAIN;79;;;
7079C5CB;3;SOF;2;Tonopah;MAIN;79|80;;;
7199208F;1;CLD;2;Meridiano;MAIN;23|24|30;9000.0;;extent:range_mean
7199208F;2;BXP;2;Meridiano;MAIN;24|30;2500.0;;
7199208F;3;DOM;2;Meridiano;MAIN;24;;;
70E92E58;1;CSF;1;Madison;MAIN;45;;;
70E92E58;2;SSF;1;Madison;MAIN;43;;;
70E92E58;3;FLD;2;Madison;MAIN;45;;;
71ABDEC2;1;SSF;1;Kamila;MAIN;51;10000.0;;
71ABDEC2;2;SSF;2;Kamila;MAIN;54;;;
71ABDEC2;3;ENE;3;Kamila;MAIN;54;;;
71ABDEC2;4;INT;2;Kamila;MAIN;54;;;
7194BFDB;1;SHZC;2;MacLellan;MAIN;73|74|80;;;
721EA7D6;1;SHZC;N/A;Abernethy Gold zone;MAIN;13|17;;;
721EA7D6;2;LTC;N/A;Abernethy Gold zone;MAIN;17;;;
721B0D49;1;BXP;2;Küçükdağ;MAIN;39;;;
7295F857;1;SHZC;1;Baner Project;MAIN;28|31|36;;;
72035F13;1;THR;1;Mojave Project;MAIN;65;;;
72035F13;2;THR;2;Mojave Project;MAIN;64|66|67;;;
72035F13;3;SOF;2;Mojave Project;MAIN;64|67|69;;;
72035F13;4;INT;3;Mojave Project;MAIN;65|66;;;
72035F13;5;FLD;2;Mojave Project;MAIN;65|71;;;
72035F13;6;LTC;3;Mojave Project;MAIN;67|69;;;
7345F381;2;SHZC;2;La Pantera;MAIN;40;;;
72AD01B7;1;CSF;1;New Liberty;MAIN;34;;;
72AD01B7;2;SHZC;2;New Liberty;MAIN;40;;;
72AD01B7;3;THR;2;New Liberty;MAIN;40;;;
72AD01B7;4;LTC;2;New Liberty;MAIN;44;;;
72AD01B7;5;JOG;2;New Liberty;MAIN;44;;;
72AD01B7;6;INT;2;New Liberty;MAIN;44;;;
736B8DCE;1;TRT;1;Lindero Deposit;MAIN;56|63;;;
736B8DCE;2;TRT;2;Lindero Deposit;MAIN;63;;;
736B8DCE;3;INT;2;Lindero Deposit;MAIN;63;;;
741DEC50;1;FLD;2;Kodadu;MAIN;28;;;
741DEC50;2;SHZC;2;Kodadu;MAIN;28|33|35;;;
7430AD35;1;SOF;2;Molejón;MAIN;40|43|47;;;
742E71CF;1;SSF;1;Marmato;MAIN;41;;;
742E71CF;2;THR;1;Marmato;MAIN;41;;;
742E71CF;3;TRP;1;Marmato;MAIN;41;;;
742E71CF;4;SOF;2;Marmato;MAIN;41|42;;;
742E71CF;5;THR;2;Marmato;MAIN;41|42;;;
7474419A;1;TRP;1;Galat Sufar South;MAIN;65;;;
7474419A;2;INT;1;Galat Sufar South;MAIN;65;;;
7474419A;3;FLD;2;Galat Sufar South;MAIN;65;;;
7474419A;4;SHZC;2;Galat Sufar South;MAIN;75;;;
7467B2E4;1;SHZC;1;Band-Ore Main Zone;MAIN;51;;;
7467B2E4;2;SHZC;2;Band-Ore Main Zone;MAIN;54|68|69;;;
7467B2E4;3;INT;2;Band-Ore Main Zone;MAIN;54;;;
7467B2E4;4;ENE;3;Band-Ore Main Zone;MAIN;68|69;;;
74A88EBD;1;SSF;1;Proximal Zone;MAIN;38|41|42;;;
74A88EBD;2;SHZC;2;Proximal Zone;MAIN;44|47;;;
75390303;1;SOF;2;Cam Gloria;MAIN;26|46;700.0;;
75A506A6;1;FLD;2;Springpole;MAIN;45;;;
75A506A6;2;SHZC;2;Springpole;MAIN;45|46|47;;;
75A506A6;3;SSF;N/A;Springpole;MAIN;45;;;
75A506A6;4;MYLC;N/A;Springpole;MAIN;47;;;
75A54902;1;TRP;1;KOR 1;MAIN;22|28|37;;;
75DEA518;1;SSF;2;Veta;MAIN;24;;;
75DEA518;2;SHZC;2;Veta;MAIN;25;;;
75AE4F86;1;TRP;1;Hope Brook;MAIN;72|75|86;;;
7605DAFA;1;CSF;1;Canadian Malartic deposit;MAIN;85|87|89;;;
7605DAFA;2;FLD;2;Canadian Malartic deposit;MAIN;90;;;
7605DAFA;3;SHZC;2;Canadian Malartic deposit;MAIN;91;;;
765E38A5;1;SSF;2;Altan Nar;MAIN;19;5.0;;extent:bounded
765E38A5;2;SHZC;2;Altan Nar;MAIN;20;;;
76888524;1;INT;2;Talapoosa;MAIN;50;;;
76A90D27;1;FLD;2;Cook Gold Property;MAIN;34|35;;;
76A90D27;3;SOF;3;Cook Gold Property;MAIN;34;;;
76A90D27;4;INT;2;Cook Gold Property;MAIN;35;;;
76A90D27;5;THR;2;Cook Gold Property;MAIN;40|56;2100.0;;
76A90D27;6;SSF;2;Cook Gold Property;MAIN;40|56;1750.0;;
76A90D27;7;SSF;2;Cook Gold Property;MAIN;40|56;1950.0;;
76A90D27;8;ENE;2;Cook Gold Property;MAIN;40|56;1800.0;;
76E2842D;1;TRP;1;Pimenton Mine;MAIN;35;;;
76E2842D;2;ENE;3;Pimenton Mine;MAIN;35;;;
7713CC7D;1;CSF;1;Sapuchi;MAIN;58|67;;;
7713CC7D;2;BXP;2;Sapuchi;MAIN;64;;;
76EB0070;1;DOM;2;Metates;MAIN;59;;;
7732DA5A;1;INT;2;La Calandria Sur;MAIN;47;;;
7733E88F;1;SOF;2;El Padre Vein;MAIN;13|14;;;
775BE7F3;1;SSF;2;Shahumyan;MAIN;73|77;;;
775BE7F3;2;SHZC;3;Shahumyan;MAIN;78;;;
775BE7F3;3;ENE;3;Shahumyan;MAIN;78;;;
7789771B;1;BMF;1;WKP;MAIN;36|49;;;
7789771B;3;BMF;2;WKP;MAIN;37|41;;;
7789771B;5;INT;2;WKP;MAIN;37;;;
7789771B;6;INC;2;WKP;MAIN;42;;;
77B19511;1;SHZC;2;Komahun;MAIN;53|67|77;;;
77B19511;2;GSC;2;Komahun;MAIN;53|77;;;
77B19511;3;SOF;3;Komahun;MAIN;56;;;
77B57ACF;1;CSF;1;Fondewa Showing;MAIN;28;;;
77B57ACF;2;SHZC;2;Fondewa Showing;MAIN;31|32;;;
780BCCA7;1;BMF;1;Wind Mountain;MAIN;43|46;2011.7;;
780BCCA7;2;SOF;2;Wind Mountain;MAIN;46;;;
780BCCA7;3;SOF;2;Wind Mountain;MAIN;43|46;1005.8;;
77DED429;1;SHZC;2;Saddle;MAIN;45;4000.0;;extent:bounded
77DED429;2;FLD;2;Saddle;MAIN;48;;;
77DED429;3;FLD;3;Saddle;MAIN;47;;;
7882B488;2;THR;2;Costerfield;MAIN;57|61|64;;;
7882B488;3;FLD;2;Costerfield;MAIN;55|57|61|64;;;
7882B488;4;SOF;2;Costerfield;MAIN;61;;;
7882B488;5;SSF;2;Costerfield;MAIN;61|68;;;
79069A54;1;NRM;1;Blue Hawk;MAIN;14;;;
79069A54;2;SOF;2;Blue Hawk;MAIN;14;;;
79069A54;3;ENE;3;Blue Hawk;MAIN;14;;;
79069A54;4;SHZC;2;Blue Hawk;MAIN;14|16;;;
79069A54;5;FLD;2;Blue Hawk;MAIN;14;;;
78B2817B;1;THR;1;Mineral Gulch;MAIN;22;;;
78B2817B;2;INT;2;Mineral Gulch;MAIN;23;;;
78D217BB;2;ENE;3;Veta Norte;MAIN;36;;;
793C91F2;1;SSF;1;X1 Deposit;MAIN;86|89;;;
793C91F2;2;INT;2;X1 Deposit;MAIN;86;;;
7952CA6F;1;NRM;2;Balabag;MAIN;22;30000.0;;extent:approx_magnitude
7976B11C;1;TRT;2;Ixtaca Zone;MAIN;41;;;
7976B11C;2;THR;2;Ixtaca Zone;MAIN;43;;;
7976B11C;3;FLD;2;Ixtaca Zone;MAIN;43;;;
79F46C5E;1;CSF;1;Choquelimpie;MAIN;28|29|33;;;
79F46C5E;2;SOF;2;Choquelimpie;MAIN;29|33;;;
79F46C5E;3;FLD;N/A;Choquelimpie;MAIN;29;;;
7A9C17B7;1;SHZC;2;Wona;MAIN;8;;;
7A9C17B7;2;BXP;2;Wona;MAIN;9;;;
7A9C17B7;3;MYLC;2;Wona;MAIN;9;;;
7BAA9DC7;1;SHZC;2;Rollo Property;MAIN;19;;;
7BAA9DC7;2;CSF;1;Rollo Property;MAIN;19;;;
7BC29BD7;1;SHZC;2;Brandywine Property;MAIN;49|51|52;;;
7BC29BD7;2;INT;1;Brandywine Property;MAIN;49;;;
7B544DC2;1;CSF;1;Pinaya;MAIN;30|34;;;
7B544DC2;2;INT;2;Pinaya;MAIN;36|39;;;
7B544DC2;3;SOF;2;Pinaya;MAIN;36;;;
7B544DC2;4;SHZC;2;Pinaya;MAIN;38|39;;;
7C226598;1;SSF;2;Ranch Area;MAIN;126|140;;;
7C226598;2;INT;2;Ranch Area;MAIN;126;;;
7C53DC18;1;SHZC;2;Peak;MAIN;55|56|77|82;3000.0;;extent:bounded
7C53DC18;2;THR;2;Peak;MAIN;82|98;;;
7C7614EB;1;CSF;1;Monarch Gold Zone;MAIN;56;;;
7C7614EB;2;SSF;2;Monarch Gold Zone;MAIN;56|62|69;;;
7C7614EB;3;LFT;2;Monarch Gold Zone;MAIN;56|69;;;
7C752E89;1;CLD;2;Ekuzya;MAIN;74;;;
7C752E89;2;SOF;3;Ekuzya;MAIN;74;;;
7C752E89;3;INT;2;Ekuzya;MAIN;75;;;
7C752E89;4;SSF;2;Ekuzya;MAIN;79;;;
7C97D8ED;1;TRT;1;Wind Mountain;MAIN;47;;;
7C97D8ED;2;SOF;2;Wind Mountain;MAIN;47|48|50;;;
7C9D9F6B;1;THR;1;Orion Area;MAIN;61|63|79|89;;;
7C9D9F6B;2;SHZC;2;Orion Area;MAIN;65;;;
7C9D9F6B;3;FLD;2;Orion Area;MAIN;79;;;
7CCAFFB3;1;CSF;1;Quartz Mountain;MAIN;62;;;
7CCAFFB3;2;INT;2;Quartz Mountain;MAIN;66;;;
7DA85DEE;1;SOF;2;Savant East Property;MAIN;30;;;
7DA85DEE;3;FLD;2;Savant East Property;MAIN;29|30;;;
7D61A709;1;SSF;1;Marmato;MAIN;49;;;
7D61A709;2;TRP;1;Marmato;MAIN;49;;;
7D61A709;3;THR;1;Marmato;MAIN;49;;;
7D61A709;4;SOF;2;Marmato;MAIN;50;;;
7D61A709;5;THR;2;Marmato;MAIN;50;;;
7CD1FACF;1;INT;2;Ranch Property;MAIN;76|104;;;
7CD1FACF;3;SSF;2;Ranch Property;MAIN;104;;;
7DD468BB;1;INT;2;Ilovitza;MAIN;66;;;
7DD468BB;2;BMF;2;Ilovitza;MAIN;66;;;
7DF55301;1;CSF;1;Gold Zone;MAIN;38|39;;2000.0;
7DF55301;2;SHZC;2;Gold Zone;MAIN;35|38|39;400.0;;extent:bounded
7DF55301;3;ENE;3;Gold Zone;MAIN;36|39;;;
7DFBFCAD;1;SSF;1;Golden Eagle;MAIN;35|37;;457.0;distance:bounded|distance:from_metric_paren
7DFBFCAD;2;SSF;2;Golden Eagle;MAIN;32|35|37;;;
7DFBFCAD;3;SSF;2;Golden Eagle;MAIN;32|35;;;
7DFBFCAD;4;SSF;2;Golden Eagle;MAIN;35;;;
7DFBFCAD;5;SHZC;1;Golden Eagle;MAIN;37;;;
7DFBFCAD;6;SOF;2;Golden Eagle;MAIN;37;;;
7E3FCB08;1;CSF;1;Olympias;MAIN;20|24;;;
7E3FCB08;2;LFT;2;Olympias;MAIN;20;;;
7E3FCB08;3;FLD;2;Olympias;MAIN;20;;;
7E3FCB08;4;THR;2;Olympias;MAIN;20;;;
7E3FEB28;2;SOF;2;Moss Vein;MAIN;51;;;
7E59D2D6;1;SHZC;1;Century deposit;MAIN;42|46;20000.0;;
7EE860C1;1;SSF;1;La Cumbre;MAIN;43|45|47;1000000.0;;extent:bounded
7EE860C1;2;SOF;2;La Cumbre;MAIN;47;;;
7EE860C1;3;NRM;2;La Cumbre;MAIN;47;;;
7EE860C1;4;SOF;3;La Cumbre;MAIN;55;;;
7E659E4B;1;THR;1;Plutonic;MAIN;43|44;;;
7E659E4B;2;THR;2;Plutonic;MAIN;46;;;
7E659E4B;3;MYLC;2;Plutonic;MAIN;51;;;
7E659E4B;4;THR;2;Plutonic;MAIN;52;;;
7E659E4B;5;SOF;2;Plutonic;MAIN;52;;;
7EEADDDA;1;SSF;2;Afric Zone;MAIN;33|35|36;;;
7F1151C0;1;SHZC;2;Beta Hunt Gold;MAIN;46|57;;;
7F1151C0;2;SSF;1;Beta Hunt Gold;MAIN;57;;;
7F916955;1;CSF;1;Pampas El Peñon;MAIN;49;;;
7F5D7798;1;SHZC;2;Moss deposit;MAIN;86|95;;;
7F5D7798;2;SSF;2;Moss deposit;MAIN;95;;;
7F5F340C;1;SOF;2;Purisima;MAIN;35;;;
7F8FA36B;1;BMF;2;Eskay Creek;MAIN;128|130|131|132|133;;;
7F93CE1C;1;SHZC;1;Dawson;MAIN;63|65|79|81;;;
7F93CE1C;2;THR;1;Dawson;MAIN;65|70|75;;;
7F93CE1C;3;SHZC;1;Dawson;MAIN;64|65|69;;;
7F93CE1C;4;SSF;1;Dawson;MAIN;67|70|75;;;
7F93CE1C;5;FLD;2;Dawson;MAIN;75;;;
7FD0C78A;1;SHZC;1;Mineral Creek Zone;MAIN;55|63;20000.0;;
7FB053BF;1;CSF;1;Macassa Mine;MAIN;27;321868.0;;
7FB053BF;2;SOF;2;Macassa Mine;MAIN;32;;;
7FB053BF;3;THR;2;Macassa Mine;MAIN;32;;185.0;distance:from_metric_paren
7FB053BF;4;INT;2;Macassa Mine;MAIN;33;;;
80B1242C;1;SHZC;1;Cape Ray Gold Deposits;MAIN;49|56;100000.0;;extent:bounded
80B1242C;2;SHZC;2;Cape Ray Gold Deposits;MAIN;60;;;
8121C61A;1;SHZC;2;Sakami property;MAIN;26|35;;;
8121C61A;2;THR;1;Sakami property;MAIN;32;;;
8121C61A;3;SHZC;1;Sakami property;MAIN;32;;;
8121C61A;4;MYLC;2;Sakami property;MAIN;35;;;
8121C61A;5;INC;2;Sakami property;MAIN;26;;;
8105D304;1;SHZC;2;Box Mine;MAIN;65|69;;;
8105D304;2;SSF;2;Box Mine;MAIN;65;;;
8105D304;3;JOG;2;Box Mine;MAIN;65;;;
8105D304;4;INT;2;Box Mine;MAIN;65;;;
8105D304;5;FLD;2;Box Mine;MAIN;69;;;
8105D304;6;LTC;2;Box Mine;MAIN;69;;;
8123FD0A;1;JOG;1;La Arena;MAIN;58;;;
8123FD0A;2;INT;2;Calaorco;MAIN;58|59;;;
8123FD0A;3;FLD;2;La Arena;MAIN;58;;;
8123FD0A;4;THR;2;La Arena;MAIN;58;;;
8123FD0A;5;SSF;2;Calaorco;MAIN;58;;;
812F1AC6;2;THR;2;Pinion;MAIN;81;;;
812F1AC6;3;FLD;2;Pinion;MAIN;80|85;;;
8185B422;1;SSF;2;T'Boli;MAIN;24|26;;;
81B1F86D;1;SHZC;2;Quesnel Quartz deposit;MAIN;30;;;
81B1F86D;2;THR;1;Quesnel Quartz deposit;MAIN;30;;;
81B1F86D;3;FLD;3;Quesnel Quartz deposit;MAIN;33;;;
81B1F86D;4;LTC;2;Quesnel Quartz deposit;MAIN;33;;;
8217F93E;1;SHZC;2;Main Zone;MAIN;27;;;
81BE4816;1;CSF;1;Tocantinzinho;MAIN;56|58;;;
81BE4816;2;SSF;2;Tocantinzinho;MAIN;56;;;
81BE4816;3;SOF;2;Tocantinzinho;MAIN;58;;;
81BE4816;4;SHZC;2;Tocantinzinho;MAIN;59;;;
81BE4816;5;SSF;3;Tocantinzinho;MAIN;59;;;
82AFF125;1;SOF;2;Barry deposit;MAIN;68;20.0;;extent:bounded
82B83FEC;1;SHZC;2;San Albino;MAIN;56|60|61;;;
82B83FEC;2;FLD;2;San Albino;MAIN;56|57;;;
82B83FEC;3;THR;2;San Albino;MAIN;61;;;
82DD5D31;1;SHZC;2;Goldlund deposit;MAIN;52;;;
82DD5D31;2;FLD;2;Goldlund deposit;MAIN;52;;;
82DD5D31;3;LTC;2;Goldlund deposit;MAIN;52;;;
825D75FE;1;INT;2;Ana Paula;MAIN;64;;;
825D75FE;2;SSF;1;Ana Paula;MAIN;68;;;
825D75FE;3;INC;3;Ana Paula;MAIN;68;;;
825D75FE;4;GSC;2;Ana Paula;MAIN;69;;;
82F8C84D;1;LFT;2;Cerro Caliche Project;MAIN;67;;;
82F8C84D;2;THR;1;Cerro Caliche Project;MAIN;66;;;
82F8C84D;3;MYLC;1;Cerro Caliche Project;MAIN;66;;;
836151F3;1;THR;2;Relief Canyon;MAIN;78|82;;;
836151F3;2;LTC;2;Relief Canyon;MAIN;80;;;
838626FA;1;SHZC;2;Doratha Morton gold trend;MAIN;135|138|145;;;
838626FA;2;ENE;3;Doratha Morton gold trend;MAIN;151;;;
8368527C;1;BMF;1;Ilovica;MAIN;112;;;
8368527C;2;INT;2;Ilovica;MAIN;112;;;
838E080A;1;FLD;2;Forest Hill;MAIN;16;;;
838E080A;2;FLD;3;Forest Hill;MAIN;17;;;
838E080A;3;INT;3;Forest Hill;MAIN;17;;;
838C0B90;1;SHZC;2;Tucumã Project;MAIN;43|45;;;
838C0B90;2;SHZC;1;Tucumã Project;MAIN;45;;;
838C0B90;3;FLD;2;Tucumã Project;MAIN;47;;;
83B82E2D;1;SHZC;1;Gediktepe;MAIN;67;;;
848FB5BD;1;SHZC;1;Nucleus Deposit;MAIN;25;;;
848FB5BD;2;SOF;2;Nucleus Deposit;MAIN;25;;;
848FB5BD;3;JOG;2;Nucleus Deposit;MAIN;25;;;
848FB5BD;4;ENE;3;Nucleus Deposit;MAIN;25;;;
8428B020;1;SOF;2;Savant East Property;MAIN;31;;;
8428B020;2;SHZC;2;Savant East Property;MAIN;31|32;;;
8428B020;3;FLD;2;Savant East Property;MAIN;31|34;;;
84B3E98C;1;INT;1;Carmen Deposit;MAIN;20|25|26;;;
84B3E98C;2;TRT;1;Carmen Deposit;MAIN;20|26;;;
84B3E98C;3;SHZC;2;Carmen Deposit;MAIN;26;;;
84B3E98C;4;SOF;2;Carmen Deposit;MAIN;26;;;
84B3E98C;5;NRM;2;Carmen Deposit;MAIN;26;;;
84BD15A7;1;SHZC;1;Magino Mine;MAIN;68|75;;;
84BD15A7;2;SHZC;2;Magino Mine;MAIN;68|70;;;
84BD15A7;3;SHZC;3;Magino Mine;MAIN;70;;;
84BD15A7;4;INT;3;Magino Mine;MAIN;71;;;
84D82433;1;CSF;1;Gosselin Zone;MAIN;20;;;
84D82433;2;SOF;2;Gosselin Zone;MAIN;20;;;
84D82433;3;SHZC;2;Gosselin Zone;MAIN;23|28;;;
84D984F8;1;CSF;1;Lazy Man gold zone;MAIN;28;420000.0;;extent:bounded
84D984F8;2;SSF;1;Lazy Man gold zone;MAIN;28;;;
84D984F8;4;TRT;1;Lazy Man gold zone;MAIN;31;;;
84ED7386;1;SHZC;2;Gold Zone;MAIN;38;400.0;;
84ED7386;2;CSF;1;Gold Zone;MAIN;38|39;;2000.0;
8549D7B0;1;SHZC;1;Eau Claire;MAIN;49;100000.0;1000.0;extent:bounded|distance:bounded
8549D7B0;2;SOF;2;Eau Claire;MAIN;51;;;
8549D7B0;3;FLD;2;Eau Claire;MAIN;47;;;
8549D7B0;4;ENE;3;Eau Claire;MAIN;48|51;;;
851FDFB7;1;FLD;1;Gold Mountain Zone;MAIN;32;;;
851FDFB7;2;SHZC;1;Gold Mountain Zone;MAIN;32|34;;;
851FDFB7;3;SHZC;2;Gold Mountain Zone;MAIN;33|34;;;
853EBBCC;1;SOF;2;Gravel Creek;MAIN;71;;;
85C66DF7;1;FLD;2;BYP Gold Deposit;MAIN;29;;;
865E1CB5;2;FLD;2;Altered Zone;MAIN;19;;;
8621F90E;1;SSF;1;Purisima Vein;MAIN;19|21;;;
8621F90E;2;JOG;2;Purisima Vein;MAIN;21|24|32|35;4000.0;;
856BBAD2;1;SHZC;2;Hot Maden;MAIN;33;;;
856BBAD2;2;THR;2;Hot Maden;MAIN;33;;;
856BBAD2;3;LTC;2;Hot Maden;MAIN;33;;;
856BBAD2;4;INT;2;Hot Maden;MAIN;33;;;
868DDC4C;1;SOF;2;Santa Barbara;MAIN;46;;;
868DDC4C;2;INC;2;Santa Barbara;MAIN;51;;;
866A5693;1;INT;N/A;Capitan Hill;MAIN;63;;;
866A5693;2;UNC;N/A;Capitan Hill;MAIN;63;;;
86A658C1;1;SHZC;1;Little Bear Lake Vein System;MAIN;20|22;;;
86A658C1;2;LTC;2;Little Bear Lake Vein System;MAIN;22;;;
86C8BAEC;1;FLD;2;Tangier;MAIN;16|17;;;
86C8BAEC;2;SSF;2;Tangier;MAIN;16|17;;;
86B5E732;1;CSF;1;Fisher showing;MAIN;27;1500000.0;;extent:bounded
86B5E732;2;SHZC;2;Fisher showing;MAIN;27|30;;;
86B5E732;3;ENE;3;Fisher showing;MAIN;27;;;
86AC155E;1;SSF;1;Ana Paula;MAIN;69;;;
86AC155E;2;INT;2;Ana Paula;MAIN;65;;;
86AC155E;3;JOG;2;Ana Paula;MAIN;65;;;
86AC155E;4;LTC;3;Ana Paula;MAIN;69;;;
86AC155E;5;FLD;2;Ana Paula;MAIN;69;;;
86F48F60;2;FLD;2;Zone 6;MAIN;33;;;
87288A9D;1;CSF;1;Cape Ray Gold Deposits;MAIN;53;100000.0;;extent:bounded
87288A9D;2;SOF;2;Cape Ray Gold Deposits;MAIN;64;;;
874845C1;1;CSF;1;Duparquet deposit;MAIN;59|63;;;
874845C1;2;SOF;2;Duparquet deposit;MAIN;63;;;
874845C1;3;INC;2;Duparquet deposit;MAIN;63;;;
874845C1;4;SSF;2;Duparquet deposit;MAIN;74;;;
874845C1;5;SHZC;2;Duparquet deposit;MAIN;75;;;
874845C1;6;FLD;2;Duparquet deposit;MAIN;75;;;
879DD034;2;INC;2;Kışladağ;MAIN;40;;;
878C2FBC;1;SHZC;1;Santana Project;MAIN;57;;;
878C2FBC;2;NRM;2;Santana Project;MAIN;57|60;;;
878C2FBC;3;SSF;2;Santana Project;MAIN;60;;;
878C2FBC;4;SOF;2;Santana Project;MAIN;72|77|80|84;;;
87A6200F;1;FLD;2;Aureus East;MAIN;21;;;
87A6200F;2;SSF;1;Aureus East;MAIN;21;;;
87D13C27;1;SHZC;2;Gold Mountain Zone;MAIN;42;;;
87D13C27;2;INC;2;Gold Mountain Zone;MAIN;46;;;
87FB934D;2;SHZC;2;Kana Zone;MAIN;26;;;
887E0F8D;1;CLD;2;Tuscarora Project;MAIN;29|31|32;;;
887EB5BB;1;SHZC;2;Storm Lake;MAIN;34;;;
887EB5BB;2;MYLC;2;Storm Lake;MAIN;35;;;
887EB5BB;3;INT;2;Storm Lake;MAIN;35;;;
887EB5BB;4;SOF;2;Storm Lake;MAIN;37;;;
88E0A042;1;SSF;1;AH target;MAIN;19;;5000.0;
88E0A042;2;SOF;2;AH target;MAIN;19|22;;;
888229A6;2;TRP;1;Lake Ménarik;MAIN;44;;;
888229A6;3;MYLC;2;Lake Ménarik;MAIN;44|45;50.0;;extent:bounded|extent:from_metric_paren
888229A6;4;SHZC;2;Lake Ménarik;MAIN;27|45|50|53;;;
888229A6;5;INC;2;Lake Ménarik;MAIN;56;;;
888822CC;1;TRT;1;Arista Mine;MAIN;58|59;;;
888822CC;2;SSF;2;Arista Mine;MAIN;58|59|61;;;
888822CC;3;NRM;2;Arista Mine;MAIN;58|59|61;;;
8926B51F;1;SHZC;2;Shahuindo;MAIN;51;;;
8926B51F;2;SSF;2;Shahuindo;MAIN;51;;;
8926B51F;3;FLD;2;Shahuindo;MAIN;50|51;;;
895584D3;1;CSF;1;Serra Alta;MAIN;66;105000.0;;extent:bounded|extent:range_mean
895584D3;2;SHZC;1;Serra Alta;MAIN;68;;;
895584D3;3;SHZC;2;Serra Alta;MAIN;72;;;
89309DB0;1;JOG;2;DeLamar;MAIN;57;;;
89309DB0;2;SOF;2;DeLamar;MAIN;62|64;;;
89309DB0;3;INT;2;DeLamar;MAIN;65;;;
897ADA91;1;NRM;2;Amulsar;MAIN;109;;;
897ADA91;2;SSF;2;Amulsar;MAIN;109;;;
897ADA91;3;THR;2;Amulsar;MAIN;110;;;
897ADA91;4;THR;1;Amulsar;MAIN;110;;;
897ADA91;5;SSF;3;Amulsar;MAIN;110;;;
897ADA91;6;FLD;2;Amulsar;MAIN;110;;;
897ADA91;7;TRP;1;Amulsar;MAIN;111;1600.0;;
897EDE19;1;FLD;1;Meaghers Grant Prospect;MAIN;27;;;
89B29592;1;TRP;1;Douay;MAIN;36|41;;;
89B29592;2;SHZC;2;Douay;MAIN;42|53;;;
89B29592;3;INC;2;Douay;MAIN;42|53;;;
89B29592;4;LTC;2;Douay;MAIN;44;;;
89F4FDD3;1;SOF;2;La Colorada Project;MAIN;57;;;
89F4FDD3;2;SOF;2;La Colorada Project;MAIN;59;;;
89F4FDD3;3;SOF;2;La Colorada Project;MAIN;61;;;
8A073FC1;1;SHZC;2;Kutuvuoma;MAIN;62|67;;;
8A073FC1;2;THR;1;Kutuvuoma;MAIN;62;;1200.0;
8A073FC1;3;SHZC;1;Kutuvuoma;MAIN;62;;2500.0;distance:bounded
8A073FC1;4;FLD;2;Kutuvuoma;MAIN;87;;;
89EBE7D2;1;OBL;2;Mexican Hat;MAIN;64;;;
89EBE7D2;2;NRM;2;Mexican Hat;MAIN;64;;;
89EBE7D2;3;THR;2;Mexican Hat;MAIN;64;;;
89EBE7D2;4;THR;1;Mexican Hat;MAIN;67;;;
8A82DEDB;1;SHZC;2;Gold Mountain Zone;MAIN;42;;;
8A82DEDB;2;INC;2;Gold Mountain Zone;MAIN;39|42;;;
8A82DEDB;3;SOF;2;Gold Mountain Zone;MAIN;53;;;
8A3925A0;1;SHZC;2;Windfall Lake deposit;MAIN;36;;;
8A3CCFCE;1;SHZC;2;Filippini;MAIN;55;4572.0;;extent:bounded
8A3CCFCE;2;INT;2;Filippini;MAIN;55|56;;;
8AE5C555;1;SSF;2;Talapoosa;MAIN;49;;;
8AE5C555;2;JOG;2;Talapoosa;MAIN;50;;;
8A98FCB5;1;SHZC;1;Central Zone;MAIN;34|54;;;
8A98FCB5;2;SHZC;2;Central Zone;MAIN;34;;;
8A98FCB5;3;SHZC;2;Central Zone;MAIN;53;;;
8AA70A32;1;SHZC;2;La Corizona;MAIN;47;;;
8AA70A32;2;INC;2;La Corizona;MAIN;47;;;
8AF87042;1;CSF;1;Horne 5 deposit;MAIN;106;;;
8AF87042;2;SHZC;2;Horne 5 deposit;MAIN;111|119;;;
8AF87042;3;SOF;2;Horne 5 deposit;MAIN;111|119;;;
8B2C27D6;1;SHZC;1;Windfall deposit;MAIN;99|106;150.0;;extent:range_mean
8B2C27D6;3;FLD;2;Windfall deposit;MAIN;105;;;
8B34AEC5;1;SOF;2;Loma Larga;MAIN;59|61;8000.0;;extent:bounded
8B34AEC5;2;CSF;1;Loma Larga;MAIN;56|59;;;
8B34AEC5;3;ENE;3;Loma Larga;MAIN;65;;;
8B34AEC5;4;CLD;2;Loma Larga;MAIN;59;4000.0;400.0;
8B24B9C6;1;TRT;1;Lawyers Trend;MAIN;110|197;;;
8B24B9C6;2;INT;2;Lawyers Trend;MAIN;113;;;
8B4E307B;1;DOM;2;Kenyon Creek;MAIN;29;;;
8B96A8A0;1;SHZC;1;Macraes;MAIN;54|56;30000.0;;extent:bounded
8B96A8A0;2;NRM;N/A;Macraes;MAIN;56;;;
8B96A8A0;3;FLD;2;Macraes;MAIN;57;;;
8B46F809;1;CSF;1;Batoto-Tarale;MAIN;43|44;;;
8B46F809;2;SOF;2;Batoto-Tarale;MAIN;44;;;
8B46F809;3;JOG;2;Batoto-Tarale;MAIN;44;;;
8BA5C748;1;CSF;1;Miraflores;MAIN;42|50;;;
8BA5C748;2;THR;2;Miraflores;MAIN;50;;;distance:unparseable
8BA5C748;3;SOF;2;Miraflores;MAIN;53;;;
8BA5C748;4;SOF;3;Miraflores;MAIN;56;;;
8BA5C748;5;SOF;2;Miraflores;MAIN;50;;;
8BA5C748;6;JOG;2;Miraflores;MAIN;51;;;
8BD95C32;2;LFT;2;Martha;MAIN;41;;;
8BD95C32;3;INT;2;Martha;MAIN;42;;;
8BCC9E30;1;CSF;1;Gold Trend;MAIN;22|36;;;
8BCC9E30;2;SOF;2;Gold Trend;MAIN;28|30|33|36;4000.0;;extent:bounded
8BCC9E30;3;INT;2;Gold Trend;MAIN;28|30|36;;;
8BCC9E30;4;SOF;3;Gold Trend;MAIN;31|36;;;
8BFF76BE;1;NRM;2;Golden Trail Vein;MAIN;18;1200.0;;extent:bounded
8BF35A1C;1;SOF;2;Era Dorada;MAIN;67|74|76;;;
8BF35A1C;2;THR;2;Era Dorada;MAIN;76|81;;;
8BF35A1C;3;INT;2;Era Dorada;MAIN;79;;;
8C28A9E8;1;SHZC;2;Tyranite;MAIN;33|36;;;
8C28A9E8;2;SHZC;1;Tyranite;MAIN;36;;;
8C26759F;1;SSF;2;Chelopech;MAIN;49;;;
8C26759F;2;NRM;2;Chelopech;MAIN;49;;;
8C26759F;3;BMF;2;Chelopech;MAIN;49;;;
8C26759F;4;INT;2;Chelopech;MAIN;49;;;
8C26759F;5;THR;2;Chelopech;MAIN;49;;;
8C41976D;1;SHZC;2;Chanape;MAIN;38;;;
8C2A9C89;1;LFT;N/A;Cerro Caliche;MAIN;67;3000.0;;
8C2A9C89;2;THR;N/A;Cerro Caliche;MAIN;65;;;
8C2A9C89;3;MYLC;N/A;Cerro Caliche;MAIN;65;;;
8C2A9C89;4;SOF;N/A;Cerro Caliche;MAIN;67|68;;;
8C5DE122;1;SHZC;2;Granja Nueva;MAIN;27;;;
8C5DE122;2;CLD;2;Granja Nueva;MAIN;28|30|44;;;
8C7D7396;1;CLD;1;Skukum Creek;MAIN;59|68;5000.0;;extent:bounded
8C7D7396;2;SOF;2;Skukum Creek;MAIN;68|73;;;
8C7D7396;3;JOG;2;Skukum Creek;MAIN;68|73;;;
8C7D7396;4;ENE;3;Skukum Creek;MAIN;68|74;;;
8CA68915;1;SHZC;2;El Bagre;MAIN;47;;;
8CA68915;2;SSF;1;El Bagre;MAIN;47;;;
8CA68915;3;THR;1;El Bagre;MAIN;47;;;
8C7465A2;1;SSF;1;Sullivan;MAIN;65;;;
8C7465A2;2;SHZC;2;Sullivan;MAIN;65;;;
8C7465A2;3;LTC;2;Sullivan;MAIN;65|69;;;
8C7465A2;4;FLD;2;Sullivan;MAIN;65;;;
8C7465A2;5;THR;2;Sullivan;MAIN;65;;;
8D04BFDA;1;SSF;1;Segovia Project;MAIN;42;;;
8D04BFDA;2;THR;2;Segovia Project;MAIN;44;;;
8D0EC46C;1;SHZC;2;Aubelle;MAIN;7;;;
8D0EC46C;2;FLD;2;Aubelle;MAIN;7;;;
8D0EC46C;3;SHZC;1;Aubelle;MAIN;7|8;;;
8D377B5C;2;INC;2;Cerro Colorado;MAIN;27|32|35;;;
8D377B5C;3;THR;2;Cerro Colorado;MAIN;32|33;;;
8D377B5C;4;INT;2;Cerro Colorado;MAIN;31|32|33;;;
8D3EDD49;1;SSF;1;Marmato;MAIN;55;;;
8D3EDD49;2;SOF;2;Marmato;MAIN;55;;;
8D3EDD49;3;ENE;3;Marmato;MAIN;55;;;
8D3EDD49;5;THR;2;Marmato;MAIN;55;;;
8D533FB9;1;CSF;1;Yanamina;MAIN;59|60|61|64;30000.0;;extent:approx_magnitude
8D533FB9;2;BMF;1;Yanamina;MAIN;59|61;100000.0;;extent:bounded
8DC40D19;1;SHZC;1;Yard;MAIN;23|24;;;
8DC40D19;3;ENE;3;Yard;MAIN;24;;;
8DAA4805;1;NRM;2;Sonora Gold Property;MAIN;30;;;
8DAA4805;2;JOG;2;Sonora Gold Property;MAIN;30;;;
8DAA4805;3;TRP;2;Sonora Gold Property;MAIN;32;;;
8DF50778;1;SHZC;2;Westwood Mine;MAIN;60;;;
8DF50778;2;SSF;2;Westwood Mine;MAIN;60;;;
8E8B1B5D;1;SSF;2;Coringa;MAIN;42;;;
8E8B1B5D;2;SOF;2;Coringa;MAIN;42;;;
8E31A1BB;1;CSF;1;Purdex Zone;MAIN;58;;;
8E31A1BB;2;SOF;2;Purdex Zone;MAIN;58;;;
8E31A1BB;3;SHZC;2;Purdex Zone;MAIN;59|62;;;
8E1106E8;1;CSF;1;Fekola;MAIN;91|107;100000.0;;extent:bounded
8E1106E8;2;SHZC;2;Fekola;MAIN;96;;;
8E1106E8;3;FLD;2;Fekola;MAIN;91|97|98;;;
8E9A1A54;1;SSF;1;Ağı Dağı;MAIN;69;;;
8E9A1A54;2;SOF;2;Ağı Dağı;MAIN;70;;;
8E9A1A54;4;BMF;2;Ağı Dağı;MAIN;75;;;
8E9A1A54;5;NRM;2;Ağı Dağı;MAIN;75;;;
8EA29065;1;CSF;1;Cerro Quema;MAIN;28;;3000.0;
8EA29065;2;SHZC;2;Cerro Quema;MAIN;31|33;;;
8EE19B2A;1;CLD;1;Cieneguita Breccia;MAIN;26;;;
8EE19B2A;2;SOF;2;Cieneguita Breccia;MAIN;27|29|35;;;
8EEEBD98;1;SHZC;2;Chancho zone;MAIN;22|28;;;
8EFE34C6;1;CSF;1;Dalny Mine Complex;MAIN;26;;;
8EFE34C6;2;SOF;2;Dalny Mine Complex;MAIN;26;;;
8EFE34C6;4;SHZC;2;Dalny Mine Complex;MAIN;27|29;;;
8EFE34C6;5;ENE;3;Dalny Mine Complex;MAIN;29;;;
8F5D7E31;1;CLD;1;Rama de Oro;MAIN;17;;;
8F0A693C;1;DET;1;Champ Property;MAIN;16;100000.0;;extent:bounded|extent:approx_magnitude|extent:bounded
8F0A693C;2;SHZC;2;Champ Property;MAIN;17|18|21;;;
8F19E615;1;THR;1;AurMac;MAIN;52|63;;;
8F19E615;2;FLD;1;AurMac;MAIN;52;;;
8F19E615;3;SHZC;2;AurMac;MAIN;59;;;
8F690FC3;1;SHZC;1;Rainy River;MAIN;61|65|70;;;
8F690FC3;2;FLD;1;Rainy River;MAIN;61|65;;;
8F690FC3;3;THR;1;Rainy River;MAIN;65;;;
8F690FC3;4;SSF;1;Rainy River;MAIN;65;;;
8F795DBE;1;SHZC;2;Osmani Gold Deposit;MAIN;36|38;4200.0;;
8F795DBE;2;SSF;1;Osmani Gold Deposit;MAIN;37|38;;;
8F73FD4E;1;DET;2;Ernesto-Lavrinha;MAIN;47|51|54;;;
8F73FD4E;2;FLD;2;Ernesto-Lavrinha;MAIN;47|51;;;
8FF118DD;1;INT;2;Hayden Hill;MAIN;39;;;
901FC988;1;SSF;1;Yellow Giant;MAIN;45|48|49;;;
901FC988;3;INT;2;Yellow Giant;MAIN;48;;;
901FC988;5;SHZC;3;Yellow Giant;MAIN;48;;;
90334E1D;1;SHZC;2;Terrace Bay Batholith Mineralization;MAIN;33|34|35;;;
908D8A5C;1;SHZC;2;Marston Showings;MAIN;56;;;
908D8A5C;2;SHZC;2;Marston Showings;MAIN;46;;;
903FBAE5;1;CSF;1;Bald Hill;MAIN;12;;;
903FBAE5;2;MYLC;2;Bald Hill;MAIN;12|14;;;
9086B2E3;1;JOG;2;Bug Lake Trend;MAIN;20|24;950.0;;
9097343C;1;FLD;2;A1 Zone;MAIN;22|25;;;
9097343C;2;THR;2;A1 Zone;MAIN;22;;;
9097343C;3;BXP;2;A1 Zone;MAIN;25;;;
910DFB96;1;BMF;1;Sleeper;MAIN;46|47;;;
910DFB96;4;INT;2;Sleeper;MAIN;66;;;
9131D107;2;INT;2;San Rafael Vein;MAIN;137;;;
9131D107;3;FLD;3;San Rafael Vein;MAIN;135|137;;;
9131D107;4;TRT;1;San Rafael Vein;MAIN;129;100000.0;;extent:bounded
91787FD4;1;SSF;1;Foggy Mountain;MAIN;31;;;
91787FD4;4;SSF;2;Foggy Mountain;MAIN;32;;;
918E6CC8;1;SHZC;2;Main Stripped area;MAIN;24;;;
918E6CC8;2;FLD;2;Main Stripped area;MAIN;24;;;
91E55002;1;SHZC;1;Chevrier Deposits;MAIN;60|62;35000.0;;extent:bounded
91D90DE5;1;SHZC;1;Barsele Central;MAIN;55|59;;;
91D90DE5;2;SSF;2;Barsele Central;MAIN;57;;;
91D90DE5;3;SHZC;2;Barsele Central;MAIN;57|59;;;
91FC9F22;1;CLD;2;Mt. Skukum;MAIN;44|54;;;
9221ECA1;1;CSF;1;Holly;MAIN;24|28;;;
9221ECA1;2;SOF;2;Holly;MAIN;27|28|31;;;
92C6BBC5;1;SHZC;2;PC Property;MAIN;17|23;;;
92603BA3;1;BMF;1;Coneto Vein System;MAIN;29;;;
92603BA3;2;NRM;2;Coneto Vein System;MAIN;5|29|34;3000.0;;extent:range_mean
92CDEC55;1;FLD;2;Frasergold;MAIN;27|33|35;;;
92CDEC55;2;SHZC;2;Frasergold;MAIN;35;;;
931DC7FD;1;SSF;2;Appleton Fault Zone;MAIN;76;8000.0;;extent:bounded
931DC7FD;2;SHZC;3;Appleton Fault Zone;MAIN;67;;;
931DC7FD;3;SOF;2;Appleton Fault Zone;MAIN;77;;;
932A04D2;1;DET;1;Ada Tepe;MAIN;33;;;
932A04D2;2;DET;2;Ada Tepe;MAIN;34;;;
932A04D2;3;SSF;2;Ada Tepe;MAIN;33|34;;;
932A04D2;4;SSF;2;Ada Tepe;MAIN;34;;;
932A04D2;5;ENE;3;Ada Tepe;MAIN;34;;;
93536340;1;SOF;2;Olympias;MAIN;46;;;
93536340;2;SHZC;2;Olympias;MAIN;46;;;
93536340;3;FLD;2;Olympias;MAIN;46;;;
9371E8F1;1;CLD;2;East Manhattan Wash Project;MAIN;22|27;;;
9371E8F1;2;NRM;3;East Manhattan Wash Project;MAIN;27;;;
9416D2E5;1;SSF;1;Discovery Zone;MAIN;34|35;;;
9416D2E5;2;SHZC;2;Discovery Zone;MAIN;38;;;
9416D2E5;3;FLD;2;Discovery Zone;MAIN;35|38;;;
944E9D52;1;SHZC;2;Moss Vein;MAIN;68|72;;;
944E9D52;2;SSF;1;Moss Vein;MAIN;72;;;
9379C21C;1;NRM;2;Martha Vein System;MAIN;51;;;
9379C21C;2;SOF;3;Martha Vein System;MAIN;52;;;
94649BA7;1;THR;2;Los Socavones;MAIN;89|90;2100.0;;extent:bounded
94A56812;1;SHZC;2;Saramacca;MAIN;32|35;;;
94A56812;2;GSC;2;Saramacca;MAIN;32|35;;;
9498BE30;1;SHZC;2;San Ramon deposit;MAIN;71;2000.0;;extent:bounded
9466C285;1;SOF;2;Hasbrouck;MAIN;73|77;;;
9466C285;2;SSF;2;Hasbrouck;MAIN;78;;;
9466C285;3;SOF;2;Hasbrouck;MAIN;78;;;
9466C285;4;INT;2;Hasbrouck;MAIN;78;;;
94D3DF7C;1;JOG;2;Bayan Khundii;MAIN;65;;;
94D3DF7C;2;ENE;3;Bayan Khundii;MAIN;65;;;
94D3DF7C;3;INT;2;Bayan Khundii;MAIN;65|73;;;
95D14B1D;1;DET;1;Montgomery-Shoshone;MAIN;45;;;
954DAE77;1;SHZC;2;Beta Hunt Gold;MAIN;62|63|64|68;;;
954DAE77;2;SSF;1;Beta Hunt Gold;MAIN;64|68;;;
96AAABAF;1;SHZC;2;Guia Antigua Vein;MAIN;27;;;
96AAABAF;2;CSF;1;Guia Antigua Vein;MAIN;25;;;
95FA8F80;1;BMF;1;Gold Springs;MAIN;36;;;
95FA8F80;2;SOF;2;Gold Springs;MAIN;29|36;;;
95FA8F80;3;CLD;2;Gold Springs;MAIN;33|37;;;
96CA3496;1;SHZC;1;Mckenzie Project;MAIN;51;;;
96EBF18A;2;SSF;1;Terakimti;MAIN;49;;;
96EBF18A;3;THR;1;Terakimti;MAIN;49;;;
96EBF18A;4;SHZC;1;Terakimti;MAIN;49;;;
971B188C;1;CSF;1;Gold Strike One;MAIN;44;;;
971B188C;2;SSF;1;Gold Strike One;MAIN;45;;;
971B188C;3;FLD;2;Gold Strike One;MAIN;45;;;
971B188C;4;FLD;1;Gold Strike One;MAIN;45;;;
96FAD01B;1;SSF;1;Rainy River Gold Project;MAIN;130|139;;;distance:unparseable
96FAD01B;2;SOF;2;Rainy River Gold Project;MAIN;139;;;
96FAD01B;3;FLD;2;Rainy River Gold Project;MAIN;139;;;
96FAD01B;4;SHZC;2;Rainy River Gold Project;MAIN;144|146;;;
96FAD01B;5;SHZC;3;Rainy River Gold Project;MAIN;145;1.0;;
96FAD01B;6;SSF;3;Rainy River Gold Project;MAIN;148;;;
9743F69A;1;BMF;2;Severance;MAIN;45|47;;;
9743F69A;2;INT;3;Severance;MAIN;47;;;
97373D90;1;BMF;1;Cap Oeste;MAIN;55;;;
97373D90;2;SHZC;1;Cap Oeste;MAIN;55;;;
97373D90;3;BXP;2;Cap Oeste;MAIN;60;;;
97373D90;4;SOF;2;Cap Oeste;MAIN;57;;;
9766AFC9;1;THR;1;Main Tut;MAIN;32;;;
9766AFC9;2;FLD;2;Main Tut;MAIN;36;;;
97B2B2DC;1;SSF;2;Yenipazar Deposit;MAIN;92|93;;;
981EE4F8;1;SHZC;2;Klaza Property;MAIN;41|44;;;
981EE4F8;2;INT;2;Klaza Property;MAIN;41|45;;;
981EE4F8;3;ENE;3;Klaza Property;MAIN;41;;;
97BFF152;2;INT;2;Las Cucharas district;MAIN;17;;;
97BFF152;3;SOF;2;Las Cucharas district;MAIN;19;;;
97BFF152;4;CLD;1;Las Cucharas district;MAIN;19|22;;;
98584244;1;CSF;1;Siembra Minera;MAIN;55;;;
98584244;2;JOG;2;Siembra Minera;MAIN;71;;;
98584244;3;BXP;2;Siembra Minera;MAIN;72;;;
98243789;1;SSF;2;Salares Norte;MAIN;43|44;;;
98243789;2;JOG;2;Salares Norte;MAIN;44;;;
98243789;3;INT;2;Salares Norte;MAIN;44;;;
98BB7603;1;CSF;1;East Block;MAIN;19|21|25|32;;;
9885A53C;1;FLD;2;Red Mountain;MAIN;44;;;
9885A53C;2;FLD;2;Red Mountain;MAIN;51;;;
9885A53C;4;SSF;1;Red Mountain;MAIN;52;3000.0;;extent:approx_magnitude
98A33EDF;1;SHZC;2;South Arturo;MAIN;36;;;
98A33EDF;2;INT;2;South Arturo;MAIN;36;;;
98A33EDF;3;SOF;2;South Arturo;MAIN;36|39|40;;;
988CE8CC;1;NRM;2;Marigold;MAIN;72|75;8046.7;;
988CE8CC;2;INT;2;Marigold;MAIN;72|75;;;
988CE8CC;3;THR;2;Marigold;MAIN;72|78;;;
98E64E92;1;SHZC;2;Sullivan;MAIN;87|91;;;
99108087;1;SHZC;1;Vein 49/Nelson;MAIN;66;;;
99108087;3;SOF;2;Vein 49/Nelson;MAIN;68;;;
991548CF;1;SHZC;2;Royal Shear Trend;MAIN;49|66|86;;;
991548CF;2;THR;2;Royal Shear Trend;MAIN;86;;;
991548CF;3;SSF;3;Royal Shear Trend;MAIN;86;;;
991548CF;4;SHZC;1;Royal Shear Trend;MAIN;66;;;
99321C11;1;TRT;2;Ixtaca Zone;MAIN;20;;;
99321C11;2;THR;2;Ixtaca Zone;MAIN;22;;;
99321C11;3;FLD;2;Ixtaca Zone;MAIN;22|26;;;
995E91D1;1;SHZC;2;Gold Strike Two Project;MAIN;47;;;
995E91D1;2;FLD;2;Gold Strike Two Project;MAIN;47;;;
99639A23;1;CSF;1;Dolores and La Pinta veins;MAIN;14;;;
99639A23;2;SOF;2;Dolores and La Pinta veins;MAIN;15;;;
9964DED6;1;INT;1;El Capitan;MAIN;35|39;;;
9964DED6;2;UNC;2;El Capitan;MAIN;35|39;;;
99825DA4;1;SOF;2;Santa Barbara;MAIN;63;;;
9992886D;1;THR;2;Bonanza Mine;MAIN;48|52|58;;;
9992886D;2;SHZC;2;Bonanza Mine;MAIN;52|56|58;;;
9992886D;3;FLD;2;Bonanza Mine;MAIN;48|52;;;
999A0EC9;1;SHZC;1;Callejón Blanco;MAIN;31|33|51|58;;;
999A0EC9;2;SOF;2;Callejón Blanco;MAIN;31|33;;;
999A0EC9;3;INT;2;Callejón Blanco;MAIN;31|58;;;
999A0EC9;4;ENE;3;Callejón Blanco;MAIN;34|51;;;
99A0E8D1;1;SHZC;1;Martinière;MAIN;18|23;100000.0;;extent:bounded
99A0E8D1;2;SOF;2;Martinière;MAIN;20|23|26;750.0;;extent:bounded
99A0E8D1;3;SHZC;2;Martinière;MAIN;20|23;1100.0;;
99A0E8D1;4;SOF;2;Martinière;MAIN;26;;;
99AE924C;1;BMF;1;Dynasty Goldfield;MAIN;23;;;
99AE924C;2;SOF;2;Dynasty Goldfield;MAIN;26;;;
99AE924C;3;SSF;1;Dynasty Goldfield;MAIN;26;;;
9A17D4CB;1;SSF;1;Moore Creek stock;MAIN;9|11;;;
99F923ED;1;SHZC;1;MC Property;MAIN;29|93|97;;;
99F923ED;2;ENE;3;MC Property;MAIN;31|93|97|98;;;
99F923ED;3;TRP;1;MC Property;MAIN;97;;;
99F923ED;4;FLW;2;MC Property;MAIN;97;;;
9AB7BDA1;1;THR;1;Valley-Gracie;MAIN;21;;;
9AB7BDA1;2;SSF;1;Valley-Gracie;MAIN;21;;;
9AB7BDA1;3;FLD;2;Valley-Gracie;MAIN;21|23;;;
9AB7BDA1;4;FLD;1;Valley-Gracie;MAIN;21;;;
9AB7BDA1;5;DET;1;Valley-Gracie;MAIN;23;;;
9A73F19F;1;THR;1;SMG deposit;MAIN;50;;7000.0;
9A73F19F;3;FLD;2;SMG deposit;MAIN;50;;;
9A63E470;1;INT;1;Rovina;MAIN;68;;;
9A63E470;2;INT;2;Rovina;MAIN;89;;;
9AAD1A41;1;SSF;1;Rainy River Deposit;MAIN;109|117;;;distance:unparseable
9AAD1A41;2;SOF;2;Rainy River Deposit;MAIN;117;;;
9AAD1A41;3;FLD;2;Rainy River Deposit;MAIN;117;;;
9AAD1A41;4;SHZC;2;Rainy River Deposit;MAIN;120|123;;;
9AAD1A41;5;SHZC;3;Rainy River Deposit;MAIN;122;;;
9AAD1A41;6;SSF;2;Rainy River Deposit;MAIN;124;;;
9ABE0328;1;CSF;1;Da Tambuk;MAIN;47;;;
9ABE0328;2;THR;1;Da Tambuk;MAIN;47;;;
9ACF283D;1;SHZC;1;Tower Mountain;MAIN;42|49;60000.0;;extent:bounded|distance:unparseable
9ACF283D;2;SOF;2;Tower Mountain;MAIN;42|49;;;
9AE6550A;1;CSF;1;Golden Triangle;MAIN;49;100000.0;;extent:bounded
9AE6550A;2;SHZC;2;Golden Triangle;MAIN;56;;;
9B0D9737;1;INT;1;Soledad Mountain;MAIN;57|58;;;
9B0D9737;2;SOF;2;Soledad Mountain;MAIN;63|81;;;
9B0D9737;3;LFT;2;Soledad Mountain;MAIN;66;;;
9B64993B;1;SHZC;2;Atlanta lode;MAIN;41;;;
9B64993B;3;INT;3;Atlanta lode;MAIN;45;;;
9BCE0668;1;SHZC;2;Tibiti;MAIN;37;;;
9BCE0668;2;FLD;2;Tibiti;MAIN;37|69;;;
9BCE0668;3;INT;2;Tibiti;MAIN;37;;;
9BCE0668;4;CSF;1;Tibiti;MAIN;45;;;
9BCE0668;5;SSF;2;Tibiti;MAIN;37|54;;;
9B973D75;1;SHZC;1;Golden Valley Mine;MAIN;22;;;
9B973D75;2;SHZC;2;Golden Valley Mine;MAIN;19|22|30;;;
9B973D75;3;FLD;2;Golden Valley Mine;MAIN;24;;;
9B2A4F5F;1;THR;1;Goldstrike;MAIN;39;;;
9B2A4F5F;2;SSF;1;Goldstrike;MAIN;31|40;;;
9B2A4F5F;4;LFT;2;Goldstrike;MAIN;42;;;
9B2A4F5F;5;INT;2;Goldstrike;MAIN;42;;;
9B2A4F5F;6;FLD;2;Goldstrike;MAIN;39|45;;;
9B2A4F5F;7;UNC;2;Goldstrike;MAIN;49;;;
9BD494B8;1;SHZC;1;Troilus;MAIN;56;;;
9BD494B8;2;FLD;2;Troilus;MAIN;57;;;
9C78F356;1;FLD;2;Red Mountain;MAIN;41|43;;;
9C78F356;2;DOM;2;Red Mountain;MAIN;48;;;
9C20B324;1;TRP;1;McConnell's Jest;MAIN;18;;;
9C20B324;2;THR;1;McConnell's Jest;MAIN;19|20;;;
9CEBD570;1;SOF;2;Mot showing;MAIN;20;;;
9CEBD570;2;SSF;2;Mot showing;MAIN;20|21;;;
9CEC3FEF;1;SHZC;2;Kellyn;MAIN;16|18|19|22;;;
9CEC3FEF;2;INC;2;Kellyn;MAIN;13;;;
9CED3A77;1;SSF;1;Hasbrouck Mine;MAIN;73;;;
9CF86DBD;1;CLD;1;Cieneguita Breccia;MAIN;41;;;
9CF86DBD;2;SOF;2;Cieneguita Breccia;MAIN;41|44|51;;;
9CF03034;1;THR;2;Homestake Ridge;MAIN;51|52;;;
9CF03034;3;BMF;1;Homestake Ridge;MAIN;68;;;
9D39AFC7;1;DET;1;Millennium;MAIN;43|46|47;;;
9D39AFC7;2;LFT;1;Millennium;MAIN;43;;;
9D39AFC7;3;DOM;2;Millennium;MAIN;54;;;
9D39AFC7;4;INT;2;Millennium;MAIN;54;;;
9D39AFC7;5;SOF;2;Millennium;MAIN;54;;;
9D6DD407;1;SHZC;2;Coleman-Lucky Shot;MAIN;42|49;;;
9D6DD407;2;THR;2;Coleman-Lucky Shot;MAIN;42|43|45;;;
9D6DD407;3;SSF;2;Coleman-Lucky Shot;MAIN;42|43|44|45;;;
9D6DD407;4;CSF;1;Coleman-Lucky Shot;MAIN;39|43;;;
9D6DD407;5;INT;3;Coleman-Lucky Shot;MAIN;45|50;;;
9DD802ED;1;SHZC;1;Central Deposit;MAIN;52;300.0;;extent:bounded|extent:approx_magnitude|extent:bounded
9DD802ED;2;THR;2;Central Deposit;MAIN;52;;;
9DD802ED;3;SSF;2;Central Deposit;MAIN;50;;;
9DFAB4B6;1;SOF;2;Orofino Pit;MAIN;13;;;
9E495655;1;CSF;1;Irumafimpa-Kora;MAIN;55;;;
9E495655;2;SSF;1;Irumafimpa-Kora;MAIN;55;;;
9E495655;3;SHZC;2;Irumafimpa-Kora;MAIN;61;;;
9E5AAC6D;1;SSF;1;Mt. Hinton Vein System;MAIN;50;;;
9E5AAC6D;2;SOF;2;Mt. Hinton Vein System;MAIN;43|50;;;
9E8814D7;1;SOF;2;Horne 5 deposit;MAIN;99|100|105;;;
9E8814D7;2;CLD;2;Horne 5 deposit;MAIN;109;;;
9EC0EC00;1;SHZC;2;Abu Marawat;MAIN;37;;;
9EC0EC00;2;CSF;1;Abu Marawat;MAIN;36;;;
9E8E97E4;1;BMF;1;Guanaco;MAIN;104;;;
9E8E97E4;2;SSF;2;Guanaco;MAIN;106|110;;;
9E8BCA09;1;THR;1;Goldstorm;MAIN;50|57;;;
9E8BCA09;2;THR;2;Goldstorm;MAIN;57;;;
9EC2F63B;1;CSF;1;Pine Tree - Josephine;MAIN;61|66;200000.0;;
9EC2F63B;2;SOF;2;Pine Tree - Josephine;MAIN;66;;;
9EC2F63B;3;JOG;2;Pine Tree - Josephine;MAIN;66;;;
9EC2F63B;4;FLD;2;Pine Tree - Josephine;MAIN;66;;;
9EE4F0AD;1;SHZC;2;Fort Knox;MAIN;37;;;
9EE4F0AD;2;SHZC;1;Fort Knox;MAIN;37;;;
9F0738E8;1;FLD;2;Géant Dormant;MAIN;37|39;;;
9F0738E8;2;SSF;1;Géant Dormant;MAIN;38;;;
9F0738E8;3;SSF;2;Géant Dormant;MAIN;38;;;
9F0738E8;4;GSC;2;Géant Dormant;MAIN;39;;;
9F02121D;1;SHZC;2;Eastmain Gold Deposit;MAIN;49|51|59;4000.0;;
9F02121D;2;THR;2;Eastmain Gold Deposit;MAIN;51;;;
9F02121D;3;SSF;2;Eastmain Gold Deposit;MAIN;49;1000.0;;extent:approx_magnitude
9F02121D;4;INT;2;Eastmain Gold Deposit;MAIN;60;;;
9F40FA31;1;SHZC;1;Corcoesto;MAIN;40|43|49;;;
9F40FA31;2;SOF;2;Corcoesto;MAIN;43|49;;;
9F9213EF;1;SHZC;2;Groete Deposit;MAIN;22|25;4000.0;;
9F928982;1;SHZC;2;Enterprise;MAIN;79;;;
9F928982;2;SOF;2;Enterprise;MAIN;79;;;
9FB6DEBF;1;FLD;1;Kidney Pond;MAIN;51|54|62|80;;;
9FB6DEBF;2;LTC;2;Kidney Pond;MAIN;62|65;;;
9FB6DEBF;3;SHZC;2;Kidney Pond;MAIN;80;;;
9FD82801;1;FLD;1;Harry Property;MAIN;27;;;
9FD82801;2;SHZC;1;Harry Property;MAIN;27;;;
9FCABAA5;1;THR;1;AurMac;MAIN;78|89;;;
9FCABAA5;2;FLD;1;AurMac;MAIN;78;;;
9FCABAA5;3;SHZC;2;AurMac;MAIN;89;;;
A05E7735;1;THR;1;Eagle Zone;MAIN;62;;;
A0CF1AAF;1;SHZC;2;Kora Consolidated;MAIN;53;;;
A080DDCA;1;BMF;1;La Lajita;MAIN;26;;;
A080DDCA;2;SOF;2;La Lajita;MAIN;28|29;;;
A07C0673;1;SOF;2;Cerro Moro;MAIN;54;4000.0;;
A07C0673;2;JOG;2;Cerro Moro;MAIN;54;;;
A07C0673;3;SOF;2;Cerro Moro;MAIN;55;5000.0;;extent:bounded
A07C0673;4;SOF;2;Cerro Moro;MAIN;55;1300.0;;
A07C0673;5;INT;2;Cerro Moro;MAIN;57;;;
A07C0673;6;TRT;2;Cerro Moro;MAIN;57;;;
A0C44F24;1;TRT;2;Winston Project;MAIN;51|54|59|60;;;
A0C44F24;2;INT;2;Winston Project;MAIN;59;;;
A0C44F24;3;SSF;1;Winston Project;MAIN;48|59;;;
A0C44F24;4;BMF;1;Winston Project;MAIN;49;;;
A0EB85B6;1;CSF;1;Quimsacocha;MAIN;39|42|49;;;
A0D4212A;1;CSF;1;Caspiche Porphyry;MAIN;121;;;
A109621A;1;CSF;1;Akasaba;MAIN;28|30|32;210000.0;;extent:bounded
A109621A;2;SHZC;2;Akasaba;MAIN;32|34;;;
A1609955;1;CLD;2;Grey Eagle;MAIN;51;;;
A1609955;2;INT;2;Grey Eagle;MAIN;51;;;
A12CD771;1;SHZC;2;Kalum Property;MAIN;34|40|41;;;
A12CD771;2;SOF;2;Kalum Property;MAIN;37;;;
A1646878;1;SHZC;2;Troilus;MAIN;45;;;
A179F0F4;1;SSF;1;Discovery Zone;MAIN;35;;;
A18A00BF;1;CSF;1;West Porphyry;MAIN;13|16;440000.0;;
A18A00BF;2;FLD;2;West Porphyry;MAIN;13|16;;;
A18A00BF;3;SHZC;2;West Porphyry;MAIN;13;;;
A1A34919;1;SHZC;1;Friday Zone;MAIN;32|35|41;45000.0;;extent:bounded
A1A34919;2;SOF;2;Friday Zone;MAIN;32|35|42;;;
A1A34919;3;ENE;3;Friday Zone;MAIN;35|41|42;;;
A2210302;1;TRT;2;Snip;MAIN;51;;;
A2210302;2;TRT;1;Snip;MAIN;51;;;
A229D1DC;1;INT;1;Kebigada;MAIN;81;;;
A229D1DC;2;SHZC;2;Kebigada;MAIN;86;;;
A229D1DC;3;SSF;2;Kebigada;MAIN;86;;;
A229D1DC;4;ENE;3;Kebigada;MAIN;86;;;
A2442CEA;1;CSF;1;Blackwater;MAIN;91;;;
A2442CEA;2;INT;2;Blackwater;MAIN;93|97;;;
A2442CEA;4;SOF;2;Blackwater;MAIN;94;;;
A256C18B;1;BMF;1;WKP Project;MAIN;22|24|34|41;3000.0;;extent:approx_magnitude
A256C18B;3;INT;2;WKP Project;MAIN;34|36;;;
A256C18B;4;ENE;3;WKP Project;MAIN;36;;;
A261FE50;1;SHZC;2;Up Town Gold;MAIN;24|27;;;
A261FE50;2;BXP;2;Up Town Gold;MAIN;24|27;;;
A330B1DB;1;NRM;1;San Dimas;MAIN;35;;;
A330B1DB;3;SSF;1;San Dimas;MAIN;35;;;
A330B1DB;4;SOF;2;San Dimas;MAIN;35;;;
A35E9957;1;THR;1;Main Zone;MAIN;27;;;
A35E9957;2;SSF;2;Main Zone;MAIN;27;;;
A35E9957;3;FLD;2;Main Zone;MAIN;27;;;
A3373D1C;1;SHZC;2;Selinsing;MAIN;71;;;
A3373D1C;2;THR;3;Selinsing;MAIN;71;;;
A394643D;1;SSF;2;X1 Deposit;MAIN;78|80|101;;;
A3B0117A;1;SHZC;1;Trojan Block;MAIN;31;130000.0;;extent:bounded
A3B0117A;2;SOF;2;Trojan Block;MAIN;31|39;;;
A3B0117A;3;LTC;2;Trojan Block;MAIN;34;;;
A3B806A7;1;SOF;2;Lagunas Norte;MAIN;51|57;;;
A39C5FD2;1;SSF;1;Rimrock;MAIN;54;;;
A39C5FD2;3;BLK;2;Rimrock;MAIN;56;;;
A3E7B696;1;THR;2;Pershing-Manitou;MAIN;60;;;
A3E7B696;2;SSF;2;Pershing-Manitou;MAIN;60;;;
A3E7B696;3;ENE;3;Pershing-Manitou;MAIN;60;;;
A42132DF;1;THR;2;Portageur;MAIN;9;;;
A42132DF;2;GSC;2;Portageur;MAIN;9;;;
A3F8326C;1;CSF;1;Tan Chaffao Ouest;MAIN;23;;;
A3F8326C;2;SHZC;2;Tan Chaffao Ouest;MAIN;23|24|40;;;
A3F8326C;3;INT;2;Tan Chaffao Ouest;MAIN;40;;;
A3F8326C;4;BXP;2;Tan Chaffao Ouest;MAIN;42;;;
A3F8326C;5;FLD;2;Tan Chaffao Ouest;MAIN;29|30|41;;;
A44E9324;1;SHZC;2;Black Dog Zone;MAIN;37|38;;;
A44E9324;2;FLD;2;Black Dog Zone;MAIN;38;;;
A44E9324;3;INT;2;Black Dog Zone;MAIN;38;;;
A47DA0A3;1;THR;2;San Martin;MAIN;21|24;;;
A4588369;1;CSF;1;Gramalote Ridge;MAIN;67;;;
A4588369;2;SHZC;1;Gramalote Ridge;MAIN;67;;;
A4588369;3;SHZC;2;Gramalote Ridge;MAIN;67;;;
A4588369;4;ENE;3;Gramalote Ridge;MAIN;67;;;
A4BCF038;1;SHZC;2;A Zone;MAIN;57|59|64;1500.0;;
A4BCF038;2;SHZC;2;Western Flanks;MAIN;57|60|64;1200.0;;extent:bounded
A4BCF038;3;SSF;1;Beta Hunt Gold Deposits;MAIN;64;;;
A4BCF038;4;FLD;2;Beta Hunt Gold Deposits;MAIN;57|64;;;
A4BCF038;5;SHZC;2;Fletcher Shear Zone;MAIN;62;2000.0;;extent:bounded
A47E6B0C;1;CSF;1;Balabag;MAIN;60;;;
A47E6B0C;2;SSF;1;Balabag;MAIN;61;;;
A47E6B0C;3;JOG;2;Balabag;MAIN;60;;;
A47E6B0C;4;SOF;2;Balabag;MAIN;60;;;
A47E6B0C;5;SSF;2;Balabag;MAIN;61;;;
A47E6B0C;6;FLD;2;Balabag;MAIN;61;;;
A47E6B0C;7;ENE;3;Balabag;MAIN;61;;;
A4E81B5B;1;CSF;1;Camino Rojo;MAIN;76|81;185000.0;;extent:bounded
A4E81B5B;2;FLD;2;Camino Rojo;MAIN;81;;;
A513A308;1;SHZC;2;McIntyre Brook showing;MAIN;29;;;
A51E4747;1;DET;1;Copperstone;MAIN;114|115|120;;;
A51E4747;2;SOF;2;Copperstone;MAIN;120;;;
A51E4747;3;SOF;3;Copperstone;MAIN;120|121;;;
A51E4747;4;INT;3;Copperstone;MAIN;121;;;
A59AD199;1;SHZC;2;Totoral Veins;MAIN;57;6000.0;;
A5DD9BE2;1;SOF;2;Siwash North Zone;MAIN;55|57;;;
A5DD9BE2;3;INT;2;Siwash North Zone;MAIN;58;;;
A64BAD14;1;DET;N/A;Wildcat Project;MAIN;50|53;;;
A64BAD14;2;BMF;N/A;Wildcat Project;MAIN;50|53;;;
A64BAD14;3;INC;2;Wildcat Project;MAIN;53;;;
A5829B76;1;BMF;1;El Castillo;MAIN;66|72;;;
A5829B76;2;SSF;1;El Castillo;MAIN;66|72;;;
A6702E62;1;SHZC;1;Golden Gate Hill;MAIN;47|53|54;129000.0;;
A6702E62;2;SOF;2;Golden Gate Hill;MAIN;47|54|57;8000.0;;extent:bounded
A6702E62;3;JOG;2;Golden Gate Hill;MAIN;54|57|59;;;
A6702E62;4;THR;1;Golden Gate Hill;MAIN;56;;;
A6702E62;5;SSF;1;Golden Gate Hill;MAIN;56|57;;;
A6702E62;6;FLD;2;Golden Gate Hill;MAIN;56;;;
A6B57B4F;1;TRP;1;Romero;MAIN;53;;;
A6B57B4F;5;SSF;2;Romero;MAIN;59;;;
A6B57B4F;6;THR;2;Romero;MAIN;59;;;
A653F562;1;BMF;1;Adelaide-Crown Vein System;MAIN;54|59;;;
A653F562;2;SOF;2;Adelaide-Crown Vein System;MAIN;59;;;
A653F562;3;FLD;2;Adelaide-Crown Vein System;MAIN;58|59;;;
A653F562;4;THR;2;Adelaide-Crown Vein System;MAIN;59;;;
A653F562;5;INT;2;Adelaide-Crown Vein System;MAIN;60|69|74;;;
A6A6B7B5;2;JOG;2;Bayan Khundii;MAIN;34;;;
A6A6B7B5;3;SOF;2;Bayan Khundii;MAIN;34;;;
A6A6B7B5;4;ENE;3;Bayan Khundii;MAIN;34;;;
A6A6B7B5;5;INT;2;Bayan Khundii;MAIN;34|38;;;
A6E710D3;1;SHZC;1;Dixie Gold Project;MAIN;60;;;
A6FE5B24;2;INT;2;Voskedzor;MAIN;145;;;
A6CBE6AE;1;CSF;1;Kerr-Addison;MAIN;60|63|73;250000.0;;extent:bounded
A6CBE6AE;2;SOF;2;Kerr-Addison;MAIN;69;;;
A6CBE6AE;3;INT;3;Kerr-Addison;MAIN;64|69;;;
A77095D4;1;THR;1;Carachapampa;MAIN;34|56;;;
A77095D4;3;INT;2;Carachapampa;MAIN;34;;;
A77095D4;4;THR;2;Carachapampa;MAIN;56;;;
A783E0D5;1;SSF;1;Chelopech;MAIN;50;;;
A783E0D5;2;BMF;2;Chelopech;MAIN;50;;;
A783E0D5;3;INT;2;Chelopech;MAIN;50;;;
A783E0D5;4;THR;2;Chelopech;MAIN;50;;;
A7D133F3;1;SHZC;1;Iron Lake Deformation Zone;MAIN;34|35|45;4.0;;extent:bounded
A7D133F3;2;SHZC;2;Iron Lake Deformation Zone;MAIN;38;;;
A7D133F3;3;GSC;2;Iron Lake Deformation Zone;MAIN;34|37|38|45;;;
A7D133F3;4;INC;2;Iron Lake Deformation Zone;MAIN;45;;;
A7E535AC;1;SHZC;2;Wasamac deposit;MAIN;97|102|113;1000.0;;extent:approx_magnitude
A7E535AC;2;CSF;1;Wasamac deposit;MAIN;97|102|113;;2500.0;
A7EE216B;1;SOF;2;Rosario Vein;MAIN;35;;;
A7EE216B;2;INT;2;Rosario Vein;MAIN;37|38;;;
A7EE216B;3;NRM;1;Rosario Vein;MAIN;35;;;
A7EE216B;4;NRM;2;Rosario Vein;MAIN;36;;;
A8069F64;1;SSF;1;Batman Deposit;MAIN;83;;;
A8069F64;2;SHZC;2;Batman Deposit;MAIN;79;;;
A8069F64;3;ENE;3;Batman Deposit;MAIN;79;;;
A83A8580;1;SHZC;2;Primavera;MAIN;31;;;
A83B7DFF;1;CLD;2;DeLamar;MAIN;43|44;;;
A83B7DFF;2;SSF;1;DeLamar;MAIN;43|44;;;
A83B7DFF;3;SOF;2;DeLamar;MAIN;50;;;
A8651DF0;1;SSF;2;Eastern Borosi Project;MAIN;38|39;;;
A8651DF0;2;LTC;2;Eastern Borosi Project;MAIN;39;;;
A85D4789;1;FLD;2;Cove;MAIN;50|51|55;;;
A85D4789;2;THR;2;Cove;MAIN;50|52|55;;;
A85D4789;3;NRM;2;Cove;MAIN;51;;;
A85D4789;5;SOF;N/A;Cove;MAIN;52;;;
A8ABFE19;2;SOF;2;Kencana;MAIN;36;;;
A8ABFE19;3;JOG;2;Kencana;MAIN;31;;;
A8ABFE19;4;INT;2;Kencana;MAIN;31;;;
A8DCC2A2;1;SHZC;2;Independence;MAIN;41|44|47;;;
A926ADC2;1;INT;1;Lajitas;MAIN;20;;;
A926ADC2;2;SOF;2;Lajitas;MAIN;21;;;
A926ADC2;3;CSF;1;Lajitas;MAIN;18;50000.0;;extent:bounded
A926ADC2;4;SSF;1;Lajitas;MAIN;18;;;
A8F8F5C2;1;SHZC;1;Windfall Lake;MAIN;35;;;
A8F8F5C2;2;SHZC;2;Windfall Lake;MAIN;5|37|39;;;
A8F2320F;2;BXP;2;Blackwater;MAIN;22;;;
A93AD1DB;1;SHZC;1;Kavursuki;MAIN;26|27;;;
A93AD1DB;2;SOF;2;Kavursuki;MAIN;25;;;
A93AD1DB;3;INT;2;Kavursuki;MAIN;27;;;
A93AD1DB;4;BMF;1;Kavursuki;MAIN;27;;;
A93AD1DB;5;CLD;2;Kavursuki;MAIN;27;;;
A95A5CB5;1;SSF;1;Altan Nar;MAIN;20;5.0;;extent:bounded
A95A5CB5;2;SHZC;2;Altan Nar;MAIN;21;;;
A95A5CB5;3;BXP;2;Altan Nar;MAIN;21;;;
A941E622;1;SOF;2;El Creston;MAIN;81;;;
A941E622;2;INT;2;El Creston;MAIN;81;;;
A941E622;3;LFT;2;El Creston;MAIN;81;;;
A941BEA4;1;SSF;1;Troilus;MAIN;79|89;;;
A941BEA4;2;THR;1;Troilus;MAIN;79|90;;;
A941BEA4;3;THR;2;Troilus;MAIN;81;;;
A941BEA4;4;SHZC;2;Troilus;MAIN;89;;;
A941BEA4;5;FLD;2;Troilus;MAIN;79|81;;;
A941BEA4;6;THR;3;Troilus;MAIN;90;;;
A96653E8;1;SHZC;1;Chibougamau property;MAIN;36|37|40;;;
A9B1916A;1;THR;1;Frasergold;MAIN;23|28|29;;;
A9B1916A;2;FLD;1;Frasergold;MAIN;25|28|29;;;
A9B1916A;3;SHZC;2;Frasergold;MAIN;28;;;
A9A023C3;1;TRP;1;Romero;MAIN;40;;;
A9A023C3;3;SSF;2;Romero;MAIN;46;;;
A9A023C3;4;THR;2;Romero;MAIN;46;;;
A9A023C3;5;FLD;2;Romero;MAIN;47;;;
A9CE3849;1;THR;1;Curraghinalt;MAIN;5|38|42;;;
A9CE3849;2;SHZC;2;Curraghinalt;MAIN;48;;;
A9BEB7BA;1;SHZC;2;Horne 5 deposit;MAIN;50|51|58;;;
A9BEB7BA;2;SOF;2;Horne 5 deposit;MAIN;50|51|58;;;
A9BEB7BA;3;DOM;2;Horne 5 deposit;MAIN;53|61|62|65;;;
A9D1C791;1;TRP;1;San Albino Deposit;MAIN;43;;;
A9D2CE67;1;DET;1;Mineral Ridge;MAIN;75;;;
A9D2CE67;2;SHZC;2;Mineral Ridge;MAIN;68|71|73|74|76;;;
A9D2CE67;3;FLD;3;Mineral Ridge;MAIN;70|74|76;;;
A9D2CE67;4;INT;3;Mineral Ridge;MAIN;70|74|76;;;
A9DBE8E5;1;SSF;1;Ana Paula;MAIN;87;;;
A9DBE8E5;2;INT;2;Ana Paula;MAIN;85|93;;;
A9DBE8E5;3;LTC;2;Ana Paula;MAIN;87|88;;;
A9DD6B60;1;BMF;1;Cerros Taguas;MAIN;68;;;
A9DD6B60;2;ENE;3;Cerros Taguas;MAIN;68;;;
A9E641B1;1;THR;1;Lemhi Gold Deposit;MAIN;107;;;
A9E641B1;2;SSF;1;Lemhi Gold Deposit;MAIN;107;270000.0;;extent:bounded
A9E641B1;4;INT;2;Lemhi Gold Deposit;MAIN;119;;;
AA7DCD69;1;SHZC;1;Gramalote Central;MAIN;32|33;;;
AA7DCD69;2;SOF;2;Gramalote Central;MAIN;33;;;
AA7DCD69;4;SSF;2;Gramalote Central;MAIN;37;;;
AA8AC2F2;1;THR;2;Doña Amelia zone;MAIN;40|44;;;
AA8AC2F2;2;SSF;2;Doña Amelia zone;MAIN;40;;;
AA8AC2F2;3;JOG;3;Doña Amelia zone;MAIN;40|45;;;
AA8AC2F2;4;INT;3;Doña Amelia zone;MAIN;40|45;;;
AA8AC2F2;5;SHZC;1;Doña Amelia zone;MAIN;36;;;
AA8AC2F2;6;THR;1;Doña Amelia zone;MAIN;36|38;;;
AB272A5B;1;SOF;2;Frontenac-Bald Eagle Vein;MAIN;91|98;1981.2;;
AA95963E;1;THR;1;Ireland mine;MAIN;10|26|28|32;;;extent:unparseable
AA95963E;2;SOF;2;Ireland mine;MAIN;10|26|28|35|36;975.0;;extent:bounded|extent:from_metric_paren
AA95963E;3;FLD;2;Ireland mine;MAIN;35|36;;;
AA95963E;4;DET;2;Ireland mine;MAIN;32|35;;;
AA95963E;5;SOF;2;Ireland mine;MAIN;34|35;4828.0;;extent:bounded
AB377A0D;1;SOF;2;Shasta;MAIN;65;;;
AB377A0D;2;SSF;1;Shasta;MAIN;52|54|65;;;
AB690899;1;CSF;1;Chico;MAIN;18|19;;;
AB690899;2;SOF;2;Chico;MAIN;19;;2000.0;distance:bounded
AB690899;3;SHZC;2;Chico;MAIN;19;1500.0;;
AB98A6A3;1;SHZC;2;Beta Hunt Gold;MAIN;62|63;;;
AB98A6A3;2;SSF;1;Beta Hunt Gold;MAIN;68;;;
AB98A6A3;3;FLD;1;Beta Hunt Gold;MAIN;62;;;
AB98A6A3;4;INT;2;Beta Hunt Gold;MAIN;59|63|65;;;
AB98A6A3;5;LTC;2;Beta Hunt Gold;MAIN;64|65;;;
ABAB5E2D;1;THR;1;Valeriano;MAIN;42;;;
ABCDE1A4;1;CSF;1;Buckreef;MAIN;40;;;
ABCDE1A4;2;SHZC;2;Buckreef;MAIN;48|58;8000.0;;
ABCDE1A4;3;MYLC;2;Buckreef;MAIN;52|58;;;
ABCDE1A4;4;SOF;2;Buckreef;MAIN;48|52;;;
ABFFEA25;1;SHZC;2;Dave's Pond;MAIN;54;;;
ABFFEA25;2;INT;1;Dave's Pond;MAIN;51;;;
AC340459;1;SSF;1;Tulkubash;MAIN;50|54|60;;;
AC340459;2;SHZC;2;Tulkubash;MAIN;50|55;;;
AC340459;3;JOG;2;Tulkubash;MAIN;50|60;;;
ACF1EA68;1;SHZC;2;Milestone and S-1;MAIN;32;;;
ACF1EA68;2;FLD;1;Milestone and S-1;MAIN;32;;;
AC7C03DB;1;FLD;2;Amizmiz;MAIN;27;;;
AC7C03DB;2;SHZC;2;Amizmiz;MAIN;36;;;
AC7C03DB;3;BMF;1;Amizmiz;MAIN;27|29|32;;;
AC703F00;1;SHZC;1;Casa Sud;MAIN;35|38|45;5000.0;;
AC703F00;2;GSC;2;Casa Sud;MAIN;40;;;
AC703F00;3;FLD;2;Casa Sud;MAIN;38|46;;;
AD10F204;1;TRP;2;Hope Brook;MAIN;46|51|58;;;
AE4892CE;1;SHZC;1;Gooseberry vein;MAIN;25;;;
AE4892CE;2;SOF;2;Gooseberry vein;MAIN;31;;;
AD883391;1;SSF;1;Vetas Gold Project;MAIN;29;400000.0;;extent:bounded
AD883391;2;SSF;1;Vetas Gold Project;MAIN;29;;;
AD883391;3;TRT;2;Vetas Gold Project;MAIN;29|34;;;
AD883391;4;JOG;2;Vetas Gold Project;MAIN;34;;;
AD883391;6;LFT;2;Vetas Gold Project;MAIN;30;;;
AE8AC701;1;BMF;1;Mewet;MAIN;24|26;;;
AE8AC701;2;NRM;2;Mewet;MAIN;26|31;8000.0;;extent:bounded
AE8AC701;3;SOF;2;Mewet;MAIN;32;;;
AE8AC701;4;INT;3;Mewet;MAIN;40|43|47|49;;;
AF30B0B6;1;FLD;2;Cove;MAIN;50|51|55;;;
AF30B0B6;2;THR;1;Cove;MAIN;50|55;;;
AF30B0B6;3;NRM;2;Cove;MAIN;51;;;
AF27B040;1;SHZC;1;Greenstone Mine;MAIN;85|89|93;1000.0;;extent:bounded
AF27B040;2;FLD;2;Greenstone Mine;MAIN;85|93|94|101;;;
AEE15A5D;1;JOG;2;Chelopech;MAIN;39;;;
AEE15A5D;3;INT;2;Chelopech;MAIN;41;;;
AEE15A5D;4;SSF;1;Chelopech;MAIN;41;;;
AEE15A5D;5;SSF;2;Chelopech;MAIN;43;;;
AEE15A5D;6;BMF;2;Chelopech;MAIN;43;;;
AF8E0AFA;1;THR;1;Kerr;MAIN;121;;;
AF9A19FF;1;SOF;2;Rufina;MAIN;46;;;
AF9A19FF;2;SHZC;2;Rufina;MAIN;54|83;;;
AF9A19FF;3;THR;1;Rufina;MAIN;54;;;
AF9A19FF;4;THR;3;Rufina;MAIN;54|83;;;
AF4C0DA8;1;CSF;1;Goliath Gold Deposit;MAIN;56;;;
AF4C0DA8;2;FLD;2;Goliath Gold Deposit;MAIN;66;;;
AF4C0DA8;3;INT;2;Goliath Gold Deposit;MAIN;67|85;;;
AFBFDB42;1;SOF;2;Cerro del Gallo;MAIN;79;;;
AFDDB310;2;SOF;2;Santa Elena;MAIN;40|41;;;
AFDDB310;3;INT;2;Santa Elena;MAIN;40;;;
B117AD75;1;SHZC;2;Patwon;MAIN;46|56;;;
B117AD75;2;ENE;3;Patwon;MAIN;51|56;;;
B117AD75;3;LTC;2;Patwon;MAIN;46;;;
B104ED4A;1;CSF;1;Pimenton Mine;MAIN;33;;;
B104ED4A;2;THR;2;Pimenton Mine;MAIN;33|39;;;
B104ED4A;3;NRM;2;Pimenton Mine;MAIN;33;;;
B104ED4A;4;DET;3;Pimenton Mine;MAIN;33;;;
B13C123B;1;FLD;2;TUG;MAIN;41;;;
B13C123B;2;GSC;2;TUG;MAIN;41;;;
B1524BCD;1;LTC;2;Dalbacka;MAIN;25;;;
B1524BCD;2;INC;2;Dalbacka;MAIN;24;;;
B1524BCD;3;FLD;2;Dalbacka;MAIN;23|25;;;
B18F9D4C;1;SSF;1;Eastside;MAIN;33;;;
B18F9D4C;2;DET;1;Eastside;MAIN;34;;;
B179DDA8;1;CSF;1;Thundercloud;MAIN;29;;;
B179DDA8;2;THR;1;Thundercloud;MAIN;29;;;
B179DDA8;3;SSF;1;Thundercloud;MAIN;29;;;
B179DDA8;4;SHZC;2;Thundercloud;MAIN;34|35;;;
B1E7128A;1;SSF;1;Kamila;MAIN;35;10000.0;;
B1E7128A;2;SOF;2;Kamila;MAIN;39;;;
B1E7128A;3;ENE;3;Kamila;MAIN;39;;;
B1E7128A;4;INT;2;Kamila;MAIN;39;;;
B1E7E99A;1;SOF;2;Irokinda;MAIN;52;;;
B1FE0BA6;1;BMF;1;Wind Mountain;MAIN;33;;;
B1FE0BA6;2;SOF;2;Wind Mountain;MAIN;36;2011.7;;
B1FE0BA6;3;SOF;2;Wind Mountain;MAIN;36;;;
B1FE0BA6;4;SOF;2;Wind Mountain;MAIN;33|36;1005.8;;
B1FE0BA6;5;SOF;3;Wind Mountain;MAIN;41;;;
B206AC29;1;SSF;1;Afric Zone;MAIN;77|78;;;
B206AC29;2;SSF;1;Afric Zone;MAIN;78;;;
B206AC29;4;ENE;3;Afric Zone;MAIN;78;;;
B219B1FD;1;SOF;2;Spanish Mountain Gold deposit;MAIN;106|110;;;
B219B1FD;2;INT;2;Spanish Mountain Gold deposit;MAIN;110;;;
B219B1FD;3;LTC;2;Spanish Mountain Gold deposit;MAIN;110;;;
B254C20C;1;SHZC;1;NX Gold Mine;MAIN;53|58;;80.0;distance:bounded
B254C20C;2;THR;2;NX Gold Mine;MAIN;58|59;;;
B23F2732;1;CSF;1;Botija Abajo;MAIN;43|44|47;;;
B23F2732;2;INT;2;Botija Abajo;MAIN;44;;;
B233B565;1;TRT;1;Arista Mine;MAIN;49;;;
B233B565;2;SSF;1;Arista Mine;MAIN;48;;;
B233B565;3;SOF;2;Arista Mine;MAIN;48|49;;;
B233B565;4;ENE;2;Arista Mine;MAIN;49;;;
B2364670;1;FLD;1;Telfer;MAIN;39;;;
B2364670;2;FLD;2;Telfer;MAIN;42;3000.0;;
B2364670;3;FLD;2;Telfer;MAIN;43|45;1000.0;;extent:bounded
B2364670;4;THR;2;Telfer;MAIN;45|46;;;
B2364670;5;INT;2;Telfer;MAIN;45;;;
B2612B46;1;FLD;1;Cosmo;MAIN;102|104|123;30000.0;;
B2C6ED58;1;CSF;1;Troilus North;MAIN;46;;;
B2C6ED58;2;SHZC;1;Troilus North;MAIN;46|48;;;
B2C6ED58;3;SHZC;2;Troilus North;MAIN;47|48|49;;;
B2C6ED58;4;SOF;2;Troilus North;MAIN;47;;;
B2AC23CC;1;THR;2;Peshter;MAIN;34|36|37;;;
B2AC23CC;2;FLD;2;Peshter;MAIN;34|35;;;
B2AC23CC;3;SSF;2;Peshter;MAIN;37|38;;;
B273B28E;1;THR;1;Homestake Ridge deposit;MAIN;49;;;
B273B28E;2;FLD;1;Homestake Ridge deposit;MAIN;49;;;
B273B28E;3;BMF;2;Homestake Ridge deposit;MAIN;50|61|62;;;
B2D8FC56;1;THR;2;SLG Property;MAIN;36|37|43|44;;;
B2D8FC56;2;FLD;2;SLG Property;MAIN;36|43|44|51;;;
B2D8FC56;3;INT;2;SLG Property;MAIN;43|44;;;
B2D8FC56;4;SHZC;2;SLG Property;MAIN;43;;;
B2D8FC56;5;JOG;2;SLG Property;MAIN;43;;;
B2D8FC56;6;SOF;2;SLG Property;MAIN;43;;;
B2DAC5D2;1;SSF;1;Eastside;MAIN;33|34;;;
B2DAC5D2;2;SOF;2;Eastside;MAIN;37|43;;;
B3054D0E;1;THR;2;Brewery Creek;MAIN;37|38;;;
B3054D0E;2;SSF;2;Brewery Creek;MAIN;38;;;
B3054D0E;3;NRM;3;Brewery Creek;MAIN;38;;;
B306A327;1;THR;2;Augusta and Cuffley;MAIN;9|60|64|65;;;
B306A327;2;FLD;1;Augusta and Cuffley;MAIN;9|60;;;
B306A327;3;LFT;2;Augusta and Cuffley;MAIN;64;;;
B306A327;4;SSF;3;Augusta and Cuffley;MAIN;64;;;
B306A327;5;INT;2;Augusta and Cuffley;MAIN;65;;;
B31F8B35;1;CSF;1;NICO;MAIN;59|63;;;
B31F8B35;2;SOF;2;NICO;MAIN;63;;;
B354C496;1;SHZC;2;Williamson Occurrence;MAIN;34;300.0;;extent:approx_magnitude
B354C496;2;INC;2;Williamson Occurrence;MAIN;35|36;;;
B36FD5C9;1;SSF;1;Palito Mine;MAIN;47|48;;;
B36FD5C9;2;SOF;2;Palito Mine;MAIN;48;;;
B36FD5C9;3;INT;2;Palito Mine;MAIN;48;;;
B3799CF7;1;SSF;2;Eastern Borosi Project;MAIN;38|39;;;
B3799CF7;2;LTC;2;Eastern Borosi Project;MAIN;39;;;
B37711AE;1;FLD;2;Pinion;MAIN;66|71;3200.0;;extent:bounded
B37711AE;4;THR;2;Pinion;MAIN;67;;;
B3973DCF;1;THR;1;Jupiter;MAIN;54;;;
B3973DCF;2;DET;2;Jupiter;MAIN;54;;;
B3973DCF;3;THR;2;Jupiter;MAIN;54|55;;;
B3973DCF;4;FLD;2;Jupiter;MAIN;54|55;;;
B3F1E365;1;CSF;1;Troilus North Property;MAIN;46;;;
B3F1E365;2;SHZC;1;Troilus North Property;MAIN;46;;;
B3F1E365;3;SHZC;2;Troilus North Property;MAIN;47|52;;;
B41110B5;1;FLD;2;Cheechoo;MAIN;63;;;
B41110B5;2;SHZC;2;Cheechoo;MAIN;63;;;
B41110B5;3;INC;2;Cheechoo;MAIN;67;;;
B420802E;1;SHZC;1;Eau Claire;MAIN;33;100000.0;1000.0;extent:bounded|distance:bounded
B420802E;2;SHZC;2;Eau Claire;MAIN;35;;;
B420802E;3;FLD;2;Eau Claire;MAIN;31;;;
B45BBD54;1;CSF;1;Kebigada;MAIN;93;;;
B45BBD54;2;SHZC;2;Kebigada;MAIN;86;;;
B45BBD54;3;ENE;3;Kebigada;MAIN;86;;;
B486BE70;1;SSF;1;Gramalote;MAIN;24;;;
B486BE70;3;SHZC;1;Gramalote;MAIN;25;;;
B486BE70;5;SHZC;2;Gramalote;MAIN;25;;;
B486BE70;6;ENE;3;Gramalote;MAIN;25;;;
B486BE70;7;SHZC;2;Gramalote;MAIN;29;;;
B45D0B70;1;JOG;2;Taunus;MAIN;37|48;3000.0;;extent:approx_magnitude
B45D0B70;2;SSF;1;Taunus;MAIN;47|48;;;
B45D0B70;3;BXP;3;Taunus;MAIN;48;;;
B45D0B70;4;INT;2;Taunus;MAIN;48;;;
B49D1227;1;THR;1;San Luis Vein System;MAIN;26;;;
B49D1227;2;NRM;N/A;San Luis Vein System;MAIN;27|36;;;
B49D1227;3;SOF;2;San Luis Vein System;MAIN;34;;;
B49D1227;4;INT;2;San Luis Vein System;MAIN;35;;;
B49D1227;5;ENE;3;San Luis Vein System;MAIN;27;;;
B49D1227;6;THR;2;San Luis Vein System;MAIN;35;3000.0;;extent:bounded
B4A22110;1;SHZC;2;Troilus;MAIN;42|48;;;
B4CB4805;1;TRP;1;West Gabbro Zone;MAIN;83;;;
B4CB4805;2;SOF;2;West Gabbro Zone;MAIN;82|83|85;;150.0;distance:bounded
B4CB4805;3;SOF;2;West Gabbro Zone;MAIN;85;;;
B4CB4805;4;SHZC;2;West Gabbro Zone;MAIN;87;;;
B4E4CF0D;1;CSF;1;Andacollo Gold Mine;MAIN;74;1600000.0;;
B4E4CF0D;2;BMF;2;Andacollo Gold Mine;MAIN;74;;;
B4E4CF0D;3;SOF;2;Andacollo Gold Mine;MAIN;74|81;;;
B4E4CF0D;4;ENE;3;Andacollo Gold Mine;MAIN;74;;;
B4E4CF0D;5;SSF;2;Andacollo Gold Mine;MAIN;81;;;
B4E4CF0D;6;INT;2;Andacollo Gold Mine;MAIN;81;;;
B4E4CF0D;7;JOG;2;Andacollo Gold Mine;MAIN;81;;;
B4E4CF0D;8;SHZC;1;Andacollo Gold Mine;MAIN;81;;;
B5451A8D;1;DET;1;Main Zone;MAIN;32|35;;;
B5451A8D;2;SOF;2;Main Zone;MAIN;32|35;;;
B50C2E0C;1;BMF;2;El Limón-Guajes;MAIN;90;;;
B50C2E0C;3;INT;2;El Limón-Guajes;MAIN;89;;;
B51EDFE3;1;BXP;2;Condor Breccia Complex;MAIN;42|44|47;;;
B51EDFE3;2;INC;2;Condor Breccia Complex;MAIN;47|50;;;
B559C09F;1;JOG;2;Bayan Khundii;MAIN;83|84;;;
B559C09F;2;ENE;2;Bayan Khundii;MAIN;83|84;;;
B58442F0;1;FLD;1;Shahuindo;MAIN;85|86;;;
B58442F0;2;SSF;2;Shahuindo;MAIN;86;;;
B58442F0;3;INC;2;Shahuindo;MAIN;85;;;
B58442F0;4;BXP;2;Shahuindo;MAIN;85;;;
B635F43D;1;SOF;2;AGB Zone;MAIN;65;;;
B635F43D;2;BMF;1;AGB Zone;MAIN;65|66;;;distance:unparseable
B64BCB54;1;CSF;1;Kupol;MAIN;37;;;
B64BCB54;2;SOF;2;Kupol;MAIN;37;;;
B64BCB54;3;JOG;2;Kupol;MAIN;38;;;
B613186A;1;CSF;1;Minas Lucho;MAIN;15|20;;;
B613186A;2;SOF;2;Minas Lucho;MAIN;15;5000.0;;extent:bounded
B65790E0;1;CSF;1;Segovia Project;MAIN;63;66000.0;;extent:bounded
B65790E0;2;CSF;1;Segovia Project;MAIN;63;50000.0;;extent:bounded
B65790E0;3;CSF;1;Segovia Project;MAIN;63;50000.0;;extent:bounded
B65790E0;4;THR;2;Segovia Project;MAIN;68;;;
B65790E0;5;SHZC;2;Segovia Project;MAIN;68;;;
B65790E0;6;INT;3;Segovia Project;MAIN;68;;;
B65790E0;7;FLD;3;Segovia Project;MAIN;71|72;;;
B657B5BA;1;SSF;2;San Agustín;MAIN;35|38;;;
B657B5BA;2;BXP;2;San Agustín;MAIN;37;;;
B657B5BA;3;INC;2;San Agustín;MAIN;38;;;
B6778988;1;THR;1;Goldstrike;MAIN;64;;;
B6778988;2;FLD;2;Goldstrike;MAIN;65|76;;;
B6778988;3;SOF;2;Goldstrike;MAIN;67|70;;;
B6778988;4;INT;2;Goldstrike;MAIN;70;;;
B6778988;5;UNC;2;Goldstrike;MAIN;67|70|73;;;
B6E27D0E;1;INT;2;Amulsar;MAIN;56;;;
B6E27D0E;2;SOF;2;Amulsar;MAIN;56;;;
B677EAF2;1;THR;1;Montauban;MAIN;42;;;
B677EAF2;2;SHZC;1;Montauban;MAIN;42;;;
B677EAF2;3;FLD;2;Montauban;MAIN;47|49;;;
B677EAF2;4;SHZC;2;Montauban;MAIN;48;;;
B6F3520D;1;SHZC;2;Croinor;MAIN;91;;;
B6F3520D;2;SSF;2;Croinor;MAIN;91;;;
B6F3520D;3;SHZC;1;Croinor;MAIN;80;;;
B6F3520D;4;CSF;1;Croinor;MAIN;80;;;
B74650D6;1;SHZC;2;Box Mine;MAIN;67|71;;;
B74650D6;2;SSF;2;Box Mine;MAIN;67;;;
B74650D6;3;JOG;2;Box Mine;MAIN;67;;;
B74650D6;4;BXP;2;Box Mine;MAIN;67;;;
B74650D6;5;FLD;2;Box Mine;MAIN;71;;;
B708A391;1;SSF;2;Mercedes Project;MAIN;43|49;;;
B708A391;2;LFT;2;Mercedes Project;MAIN;43;;;
B708A391;3;SHZC;2;Mercedes Project;MAIN;49;;;
B7534171;1;THR;1;Condor North;MAIN;73;;;
B7534171;2;DET;1;Condor North;MAIN;73;;;
B7534171;3;THR;2;Condor North;MAIN;77;;;
B770A026;1;SHZC;1;Macassa Mine;MAIN;27;321868.0;;
B770A026;2;THR;2;Macassa Mine;MAIN;32;;185.0;distance:from_metric_paren
B770A026;3;SHZC;2;Macassa Mine;MAIN;32;;;
B770A026;4;SOF;2;Macassa Mine;MAIN;32;;425.0;distance:from_metric_paren
B770A026;5;SOF;2;Macassa Mine;MAIN;30;;;
B78EA851;1;SHZC;2;Fox South;MAIN;41|53;500.0;;
B7B94B02;1;CSF;1;147 Zone;MAIN;34|36|41;400000.0;;extent:bounded
B7B94B02;2;SOF;2;147 Zone;MAIN;41;;;
B7B94B02;3;SOF;2;147 Zone;MAIN;42;;;
B85D7A96;1;SHZC;1;Main Zone;MAIN;33|35|42;;;
B85D7A96;2;FLD;2;Main Zone;MAIN;33|38|42;;;
B85D7A96;3;INT;2;Main Zone;MAIN;42;;;
B7D70156;1;SHZC;2;MacLellan;MAIN;75|76;;;
B7D70156;2;INT;2;MacLellan;MAIN;76;;;
B85DA293;1;CSF;1;Central;MAIN;93|100;300000.0;;extent:approx_magnitude
B85DA293;2;SOF;2;Central;MAIN;103|108;5000.0;;extent:bounded
B869E2C5;1;CSF;1;White-Karry showing;MAIN;28|31|37;;;
B8E3403B;1;LFT;2;Bullfrog;MAIN;68|71;;;
B8E3403B;3;DET;1;Bullfrog;MAIN;58|71;;;
B8D71FED;2;THR;1;Redline deposits;MAIN;68|69;;;
B8D71FED;3;BXP;2;Redline deposits;MAIN;69;;;
B8D71FED;4;SHZC;1;Redline deposits;MAIN;69|70;;;
B8D71FED;5;INT;2;Redline deposits;MAIN;69;;;
B907C37D;1;THR;1;Cerro Caliche Project;MAIN;64;;;
B907C37D;2;MYLC;1;Cerro Caliche Project;MAIN;64;;;
B907C37D;3;LFT;1;Cerro Caliche Project;MAIN;65;;;
B907C37D;4;SSF;1;Cerro Caliche Project;MAIN;73;;;
B907C37D;5;DET;1;Cerro Caliche Project;MAIN;73;;;
B94E9336;1;CSF;1;Goldstorm Project;MAIN;32;;;
B94E9336;2;THR;1;Goldstorm Project;MAIN;32;;;
B94E9336;3;BMF;1;Goldstorm Project;MAIN;32|41;;;
B94E9336;4;SOF;2;Goldstorm Project;MAIN;48;;;
B94E9336;5;SHZC;2;Goldstorm Project;MAIN;48;;;
B962BD17;1;SHZC;1;Columbia;MAIN;30;3200.0;;
B962BD17;2;SOF;2;Columbia;MAIN;32;75.0;;
B962BD17;3;INT;2;Columbia;MAIN;30|55;;;
B96C1191;1;SSF;1;La Garrucha;MAIN;40|41|43;;;
B96C1191;2;SOF;2;La Garrucha;MAIN;66;;;
B96C1191;3;LTC;2;La Garrucha;MAIN;66;;;
B970C150;1;SHZC;1;Cerro Vetas;MAIN;31|40|43|62;;;
B970C150;2;SOF;2;Cerro Vetas;MAIN;40|44|62;;;
B970C150;4;INT;3;Cerro Vetas;MAIN;45;;;
B9BB7BBA;1;CSF;1;Project 81;MAIN;20;;;
BA775674;1;SOF;2;Goldfield Main;MAIN;52|58;;;
BA775674;2;CLD;1;Goldfield Main;MAIN;52;;;
BA775674;4;SOF;2;Goldfield Main;MAIN;52;;;
BADE2F9C;1;INC;2;Skarn Ridge;MAIN;52|54;;;
BB321C82;1;BMF;1;North Bullion;MAIN;52|69;6000.0;;
BB321C82;2;INT;2;North Bullion;MAIN;52|62;;;
BAEA4600;1;SSF;1;Silver Bell-St. Lawrence;MAIN;23;;;
BAEA4600;2;SHZC;2;Silver Bell-St. Lawrence;MAIN;26;;;
BAEA4600;3;INT;2;Silver Bell-St. Lawrence;MAIN;28;;;
BB057EC9;1;SHZC;1;Dunwell;MAIN;36|39|50|51;;;
BB057EC9;2;SOF;2;Dunwell;MAIN;37|51;;;
BB057EC9;3;ENE;3;Dunwell;MAIN;37;;;
BB057EC9;4;INT;2;Dunwell;MAIN;51;;;
BB518E30;1;SHZC;2;Powder Property;MAIN;34;;;
BB8A9BED;1;SOF;2;El Padre vein;MAIN;13|14;;;
BB8BA9AF;2;JOG;2;Binebase-Bawone;MAIN;39|41;;;
BB8BA9AF;3;BXP;2;Binebase-Bawone;MAIN;41;;;
BBA420F7;2;SHZC;1;Lone Goat;MAIN;35;;;
BBA420F7;4;FLD;1;Lone Goat;MAIN;33;;;
BBC73C87;1;LFT;2;Cerro Caliche;MAIN;67|72|79;;;
BBC73C87;2;THR;1;Cerro Caliche;MAIN;64;;;
BBC73C87;3;MYLC;1;Cerro Caliche;MAIN;64|66;;;
BBC73C87;4;INT;2;Cerro Caliche;MAIN;67|72;;;
BBC73C87;5;BMF;1;Cerro Caliche;MAIN;64;;;
BBC73C87;6;SOF;2;Cerro Caliche;MAIN;79;;;
BBC5733C;1;SOF;2;San Agustin;MAIN;45|48;;;
BBC5733C;2;SOF;2;San Agustin;MAIN;44|45;;;
BBD90106;1;CSF;1;Palito Mine;MAIN;43;;;
BBD90106;2;SSF;1;Palito Mine;MAIN;43|44;;;
BBD90106;3;SOF;2;Palito Mine;MAIN;44;;;
BBD90106;4;INT;2;Palito Mine;MAIN;44;;;
BBBFB09F;1;SSF;1;VOK Zone;MAIN;36|42|43|66;;;
BBBFB09F;2;FLD;2;VOK Zone;MAIN;54|57|66;;;
BBBFB09F;3;THR;1;VOK Zone;MAIN;42;;;
BBBFB09F;4;UNC;1;VOK Zone;MAIN;42|52;;;
BC48B0C3;1;SHZC;1;Greywacke North;MAIN;22;1500.0;;
BC48B0C3;2;FLD;2;Greywacke North;MAIN;26|29|30;;;
BC6313F2;1;FLD;2;TUG;MAIN;37;;;
BC6313F2;3;TRT;1;TUG;MAIN;37;;;
BC6313F2;4;CSF;1;TUG;MAIN;38;;;
BBF4661D;2;THR;2;Los Socavones;MAIN;62|64;;;
BC80550A;2;BXP;2;Maiz Azul;MAIN;51;100.0;;extent:bounded
BCC297E2;1;THR;1;Los Planes;MAIN;76;40000.0;;
BCC297E2;2;SOF;2;Los Planes;MAIN;78;;;
BCC297E2;3;LFT;2;Los Planes;MAIN;76;;;
BCF7B7FE;1;FLD;2;Penedela;MAIN;32|35|36;;;
BCF7B7FE;2;SHZC;2;Penedela;MAIN;36|39;3000.0;;extent:approx_magnitude
BCF7B7FE;3;LTC;2;Penedela;MAIN;36;;;
BD355C6B;1;CSF;1;Minera Florida;MAIN;43;;;
BD355C6B;2;LFT;2;Minera Florida;MAIN;48;;;
BD355C6B;3;SSF;2;Minera Florida;MAIN;48;;;
BD355C6B;4;SOF;2;Minera Florida;MAIN;49;;;
BD355C6B;5;INT;2;Minera Florida;MAIN;49;;;
BD355C6B;6;THR;N/A;Minera Florida;MAIN;49;;;
BD355C6B;7;DET;N/A;Minera Florida;MAIN;49;;;
BD773FE2;1;TRP;1;Silver Crown Deposit;MAIN;32;;;
BD773FE2;2;SSF;2;Silver Crown Deposit;MAIN;25|27;;;
BD62D88E;1;CSF;1;Tuvatu;MAIN;25;250000.0;;extent:bounded
BD62D88E;2;THR;2;Tuvatu;MAIN;27|29;5000.0;;extent:bounded
BD62D88E;3;SHZC;2;Tuvatu;MAIN;30;;;
BD8A239D;1;CSF;1;Angostura;MAIN;26;;;
BD8A239D;2;SOF;2;Angostura;MAIN;27;;;
BDE82FF9;1;BMF;1;Kalana deposit;MAIN;66;;;
BDE82FF9;2;THR;2;Kalana deposit;MAIN;70;;;
BDE82FF9;3;SHZC;2;Kalana deposit;MAIN;70;;;
BDEDC9F5;1;SHZC;1;Fenelon Gold System;MAIN;76|98;;;
BDEDC9F5;2;JOG;2;Fenelon Gold System;MAIN;83;;;
BDEDC9F5;3;SHZC;2;Fenelon Gold System;MAIN;84|87;;;
BE64554F;1;SSF;2;Good Hope Deposit;MAIN;86;483.1;;
BE6D3F21;1;INC;2;Dolphin gold deposit;MAIN;19;;;
BE6D3F21;2;SHZC;2;Dolphin gold deposit;MAIN;19|24;;;
BE86DA06;1;SHZC;1;Windfall Lake Deposit;MAIN;53;;;
BE86DA06;2;SOF;2;Windfall Lake Deposit;MAIN;53;;;
BE86DA06;3;SHZC;2;Windfall Lake Deposit;MAIN;55|56;;;
BEA57A9D;1;CSF;1;Cameron Gold Deposit;MAIN;47|55|56|76;100000.0;;
BEA57A9D;2;SHZC;2;Cameron Gold Deposit;MAIN;56|76;;;
BEA57A9D;3;FLD;2;Cameron Gold Deposit;MAIN;47|55|76;;;
BEB178F9;2;ENE;3;Chépica I;MAIN;27;;;
BEDC69DB;1;SHZC;1;Xavantina Operations;MAIN;59|65;;80.0;distance:bounded
BEDC69DB;2;SHZC;2;Xavantina Operations;MAIN;63;;;
BEDC69DB;3;THR;2;Xavantina Operations;MAIN;64;;;
BEDB2365;1;TRP;1;Dryden Project;MAIN;52|55|75;;;
BEDB2365;2;FLD;2;Dryden Project;MAIN;55|63|77;;;
BEDB2365;3;SOF;2;Dryden Project;MAIN;55;;;
BEDB2365;4;CSF;1;Dryden Project;MAIN;64|67;;;
BEDB2365;5;SHZC;1;Dryden Project;MAIN;52|65|76|77;;;
BF096ED0;1;SOF;2;Calipuy Project;MAIN;23|26|27|29;;;
BEDC763D;1;THR;1;Goldstorm Deposit;MAIN;51|59;;;
BEDC763D;2;THR;2;Goldstorm Deposit;MAIN;51|57;;;
BEDC763D;3;FLD;1;Goldstorm Deposit;MAIN;49|51;;;
BEDC763D;4;FLW;1;Goldstorm Deposit;MAIN;49;;;
BEDC763D;5;GSC;1;Goldstorm Deposit;MAIN;51;;;
BEDC763D;6;BMF;1;Goldstorm Deposit;MAIN;51;;;
BF8141AE;1;SSF;1;Hasbrouck;MAIN;65;;;
BFAA847F;1;CSF;1;El Limon Mine;MAIN;43|44;;;
BFAA847F;2;SOF;2;El Limon Mine;MAIN;43;;;
BFAA847F;3;JOG;2;El Limon Mine;MAIN;43|44;;;
BFAA847F;4;ENE;3;El Limon Mine;MAIN;43|44;;;
BF67C208;1;SSF;1;Brucejack;MAIN;52|59;;;
BF67C208;2;THR;1;Brucejack;MAIN;60;;;
BF67C208;3;FLD;1;Brucejack;MAIN;60|73;;;
BF67C208;4;SOF;2;Brucejack;MAIN;74|76|80|98;;;
BFB466CE;1;SOF;2;Herrick Deposit;MAIN;65;300.0;;
BFB466CE;2;SSF;1;Herrick Deposit;MAIN;57|65;;;
BFB466CE;3;SHZC;1;Herrick Deposit;MAIN;80;;;
C010DB0D;1;CSF;1;Herbert Gold Project;MAIN;20|23;;;
C0491225;1;SOF;2;Homestake Zone;MAIN;47;;;
C0BDB661;1;SHZC;1;Pickle Crow;MAIN;81|87;;;
C0BDB661;2;SOF;2;Pickle Crow;MAIN;81;;;
C0BDB661;3;SHZC;1;Pickle Crow;MAIN;85|87;100.0;;extent:bounded
C0980E72;1;CSF;1;East-side;MAIN;25;;;
C0980E72;2;INT;2;East-side;MAIN;25;;;
C0980E72;3;SOF;2;East-side;MAIN;27;;;
C0980E72;4;SSF;N/A;East-side;MAIN;27;;;
C0980E72;5;SHZC;2;East-side;MAIN;31;;;
C0FFC32D;1;SHZC;1;Ikkari;MAIN;65;13500.0;;extent:range_mean
C0FFC32D;2;SHZC;2;Ikkari;MAIN;77|79;;;
C0FFC32D;3;FLD;2;Ikkari;MAIN;79|82;;;
C0FFC32D;4;SSF;2;Ikkari;MAIN;82;;;
C10DB94D;1;CSF;1;TOP Property;MAIN;21|23;;;
C142F545;1;THR;1;Scadding Deposit;MAIN;27;;;
C142F545;3;SOF;2;Scadding Deposit;MAIN;29|47;;;
C10EF0EE;1;SHZC;1;Three Bluffs;MAIN;39;;;
C10EF0EE;2;SOF;2;Three Bluffs;MAIN;39;;;
C10EF0EE;3;SHZC;2;Three Bluffs;MAIN;44;1900.0;;extent:bounded
C10EF0EE;4;FLD;2;Three Bluffs;MAIN;44;;;
C10EF0EE;5;CSF;1;Three Bluffs;MAIN;17|39;;;
C153AB3D;1;SSF;1;Boumadine;MAIN;61;1000.0;;extent:approx_magnitude
C153AB3D;3;ENE;3;Boumadine;MAIN;61|73;;;
C153AB3D;4;SHZC;2;Boumadine;MAIN;64;;;
C1FA381C;1;SHZC;1;Klein Letaba-Frankie;MAIN;51|53|54|58;;;
C1FA381C;2;FLD;2;Klein Letaba-Frankie;MAIN;51|54|58;;;
C1FA381C;3;ENE;3;Klein Letaba-Frankie;MAIN;57;;;
C1FA381C;4;SSF;2;Klein Letaba-Frankie;MAIN;58;;;
C1FA84F8;1;SHZC;2;Main Shaft Zone;MAIN;25|27|28;;;
C21334CD;1;SHZC;2;Makapela;MAIN;26;;;
C21A5759;1;INT;2;La Libertad/Santo Domingo Veins;MAIN;27;;;
C21A5759;2;CLD;1;La Libertad/Santo Domingo Veins;MAIN;27;;;
C26F1F8C;1;SSF;1;Goldfield Bonanza Project;MAIN;27;;;
C26F1F8C;2;CLD;1;Goldfield Bonanza Project;MAIN;27;;;
C26F1F8C;3;INT;2;Goldfield Bonanza Project;MAIN;27|31|33;;;
C26F1F8C;4;SOF;2;Goldfield Bonanza Project;MAIN;33;;;
C28E9B1D;1;TRT;1;Sandman;MAIN;33|35;;;
C28E9B1D;2;SOF;2;Sandman;MAIN;35|39;;;
C28E9B1D;3;INT;2;Sandman;MAIN;36|37|39;;;
C28E9B1D;4;FLD;2;Sandman;MAIN;39;;;
C27AA117;1;THR;1;Cadia East;MAIN;85;;;
C27AA117;4;SHZC;2;Cadia East;MAIN;92;;;
C27AA117;6;THR;2;Cadia East;MAIN;92;;;
C28F0727;1;INT;1;Main Niñobamba Zone;MAIN;39;;;
C28F0727;2;CLD;1;Main Niñobamba Zone;MAIN;39|40|43;;;
C2B1DC13;1;SSF;1;Guayabito;MAIN;16;1000.0;;extent:bounded
C2B1DC13;2;JOG;2;Guayabito;MAIN;16;;;
C2B1DC13;3;ENE;3;Guayabito;MAIN;16;;;
C2B1DC13;4;LFT;2;Guayabito;MAIN;16;;;
C2B1DC13;5;SHZC;2;Guayabito;MAIN;17|23;;;
C2B1DC13;6;CSF;1;Guayabito;MAIN;17|23;;;
C2D4ED71;1;SSF;1;Premier;MAIN;50;;;
C2D4ED71;2;JOG;2;Premier;MAIN;50;;;
C2D4ED71;3;FLW;2;Premier;MAIN;50;;;
C2D4ED71;4;INT;2;Premier;MAIN;50;;;
C34553CE;1;SSF;1;Mejia Mines;MAIN;28;;;
C34553CE;2;ENE;2;Mejia Mines;MAIN;28;;;
C34553CE;3;SOF;2;Mejia Mines;MAIN;37;;;
C3231DCD;1;SHZC;1;Eastern Gold Zone;MAIN;101;;;
C3231DCD;2;THR;1;Eastern Gold Zone;MAIN;101;;;
C3231DCD;3;SHZC;2;Eastern Gold Zone;MAIN;102|108|110|112|118|120;;;
C3231DCD;4;INT;3;Eastern Gold Zone;MAIN;102;;;
C3671CC7;1;SHZC;1;Corihuarmi;MAIN;40|41;;;
C3671CC7;2;INT;2;Corihuarmi;MAIN;41;;;
C3E5ABA8;1;SOF;2;El Rubi;MAIN;44;;;
C3C798A6;1;SHZC;1;New Liberty;MAIN;38;;;
C3C798A6;2;SHZC;2;New Liberty;MAIN;41;;;
C3C798A6;3;SOF;2;New Liberty;MAIN;38|45;;;
C3C798A6;4;THR;2;New Liberty;MAIN;41;;;
C3C798A6;5;JOG;2;New Liberty;MAIN;45;;;
C3C798A6;6;INT;2;New Liberty;MAIN;45;;;
C43E564A;1;CSF;1;Rainy River deposit;MAIN;75;;;distance:unparseable
C43E564A;2;FLD;2;Rainy River deposit;MAIN;82;;;
C43E564A;3;SHZC;2;Rainy River deposit;MAIN;83;;;
C45EE42C;1;FLD;2;Lomero Poyatos;MAIN;54|56;;;
C45EE42C;2;THR;2;Lomero Poyatos;MAIN;54|56;;;
C45EE42C;3;SHZC;2;Lomero Poyatos;MAIN;56|61|70;;;
C45EE42C;4;SSF;2;Lomero Poyatos;MAIN;64;;;
C45EE42C;5;THR;2;Lomero Poyatos;MAIN;65|66;;;
C4E5BDDB;1;SHZC;2;Queen Vein;MAIN;19;;;
C5029807;1;LTC;2;Windfall;MAIN;118;;;
C5029807;2;INC;2;Windfall;MAIN;118;;;
C5029807;3;FLD;2;Windfall;MAIN;114;;;
C5029807;4;SHZC;1;Windfall;MAIN;106|107;;;
C522D42F;1;SSF;1;Florida Canyon;MAIN;36;200000.0;;
C522D42F;2;INT;2;Florida Canyon;MAIN;36;;;
C522D42F;3;BMF;2;Florida Canyon;MAIN;33|39;;;
C522D42F;4;SHZC;2;Florida Canyon;MAIN;39|43;;;
C522D42F;5;LFT;2;Florida Canyon;MAIN;39;;;
C54385C4;1;CSF;1;Rainy River;MAIN;58;;;
C54385C4;2;FLD;1;Rainy River;MAIN;65|66;;;
C54385C4;3;THR;1;Rainy River;MAIN;65;;;
C54385C4;4;FLD;2;Rainy River;MAIN;65;;;
C54385C4;5;SHZC;2;Rainy River;MAIN;65|76;;;
C56428F7;1;THR;2;Pellaire Deposit;MAIN;54;;;
C56428F7;2;INC;2;Pellaire Deposit;MAIN;55;;;
C56428F7;3;LTC;2;Pellaire Deposit;MAIN;55;;;
C5513280;1;TRT;1;Lindero Deposit;MAIN;59|66;;;
C5513280;2;TRT;2;Lindero Deposit;MAIN;66;;;
C5843AA0;1;SHZC;2;Main Zone;MAIN;134|135;7000.0;;extent:bounded
C5843AA0;2;SHZC;2;Main Zone;MAIN;134;;;
C5843AA0;3;LTC;3;Main Zone;MAIN;134;;;
C5D3F2D4;1;SHZC;1;Tshela-Lukula area;MAIN;18;;;
C5D3F2D4;2;FLD;1;Tshela-Lukula area;MAIN;18;;;
C5D3F2D4;4;SOF;2;Tshela-Lukula area;MAIN;23;;;
C5D3F2D4;5;ENE;3;Tshela-Lukula area;MAIN;23;;;
C5D3F2D4;6;LTC;2;Tshela-Lukula area;MAIN;23;;;
C5B4D9BC;1;BMF;2;Long Valley;MAIN;47|48|49;;;
C5B4D9BC;2;SOF;2;Long Valley;MAIN;49;;;
C5B4D9BC;3;INT;2;Long Valley;MAIN;49;;;
C5D711B5;1;SHZC;1;Moss Lake Deposit;MAIN;76;3000.0;;extent:approx_magnitude
C5D711B5;2;SHZC;2;Moss Lake Deposit;MAIN;82;;;
C5D711B5;3;SHZC;2;Moss Lake Deposit;MAIN;82;;125.0;distance:bounded
C5D711B5;4;SHZC;2;Moss Lake Deposit;MAIN;87;;;
C5FB9A7E;1;BMF;1;Cerro Blanco;MAIN;59;;;
C5FB9A7E;2;BMF;2;Cerro Blanco;MAIN;59|60;;;
C5FB9A7E;4;INT;2;Cerro Blanco;MAIN;61;;;
C62D49E8;1;CSF;1;Willow Creek Project;MAIN;31;;;
C62D49E8;2;THR;2;Willow Creek Project;MAIN;34|37;;;
C62D49E8;3;SSF;2;Willow Creek Project;MAIN;34|36|37;;;
C69825E3;1;INT;2;ML01;MAIN;18;;;
C69825E3;3;THR;2;ML01;MAIN;20;;;
C69825E3;4;INC;1;ML01;MAIN;20;;;
C65AD43C;1;INT;1;Carmen;MAIN;37|42;;;
C65AD43C;2;SSF;1;Carmen;MAIN;37;;;
C65AD43C;3;SHZC;2;Carmen;MAIN;42;;;
C65AD43C;4;CLD;1;Carmen;MAIN;42;;;
C65AD43C;5;SOF;2;Carmen;MAIN;42;;;
C6A01098;1;CSF;1;El Compas;MAIN;51|52;;;
C6A01098;2;SOF;2;El Compas;MAIN;54;;;
C6A01098;3;INT;2;El Compas;MAIN;52|54;;;
C6B6E61E;1;SSF;1;Masbate Gold Project;MAIN;35|40|45;;;
C6B6E61E;2;SOF;2;Masbate Gold Project;MAIN;36|44;;;
C6D95566;1;SSF;1;Marmato;MAIN;48;;;
C6D95566;2;TRP;1;Marmato;MAIN;48;;;
C6D95566;3;THR;1;Marmato;MAIN;48;;;
C6D95566;4;INT;2;Marmato;MAIN;48;;;
C6D95566;5;SOF;2;Marmato;MAIN;49;;;
C6D95566;6;ENE;3;Marmato;MAIN;49;;;
C6D95566;7;THR;2;Marmato;MAIN;49;;;
C71A559C;1;SHZC;2;Manto Dorado;MAIN;34;600.0;;
C74E1ED6;1;CSF;1;Loma Larga;MAIN;60|63;;;
C74E1ED6;2;SOF;2;Loma Larga;MAIN;63|65;8000.0;;extent:bounded
C74E1ED6;3;ENE;3;Loma Larga;MAIN;69;;;
C7455BC5;1;SSF;1;San Andrés;MAIN;46;;;
C7455BC5;2;SOF;2;San Andrés;MAIN;46|47|48;;;
C76965F4;1;SSF;1;Ana Paula;MAIN;79;;;
C76965F4;2;INT;2;Ana Paula;MAIN;86;;;
C76965F4;3;INC;2;Ana Paula;MAIN;80;;;
C7869985;1;BMF;1;Golden Trend Property;MAIN;26|28|29|31;;;
C77F4C93;1;THR;1;Golden Crown vein system;MAIN;41;;;
C77F4C93;2;SOF;2;Golden Crown vein system;MAIN;41;;;
C77F4C93;3;DET;2;Golden Crown vein system;MAIN;41|47;;;
C77F4C93;4;SHZC;2;Golden Crown vein system;MAIN;49;;;
C775C2CD;1;CSF;1;Boundary Zone;MAIN;52;40000.0;;extent:bounded
C775C2CD;2;MYLC;2;Boundary Zone;MAIN;56|66;;300.0;
C775C2CD;3;SOF;2;Boundary Zone;MAIN;56|76;;;
C775C2CD;4;SHZC;3;Boundary Zone;MAIN;56;;;
C78C2587;1;CSF;1;Doc Zone;MAIN;58;;;
C78C2587;2;SHZC;2;Doc Zone;MAIN;58;;;
C78C2587;3;ENE;3;Doc Zone;MAIN;60|74;;;
C7BA46FD;1;SHZC;1;El Zapote;MAIN;28|29;3000.0;;
C7DBFC97;1;SHZC;2;Picitiri Shear;MAIN;28|31;250.0;;
C8353625;1;BMF;1;Mercedes;MAIN;40|43;;;
C8077A57;4;THR;2;Kemess Main Zone;MAIN;84;;;
C83C742E;1;CSF;1;Olson;MAIN;20;;;
C83C742E;2;SHZC;1;Olson;MAIN;20;;;
C83C742E;3;SOF;2;Olson;MAIN;24|30|34;;;
C83C742E;4;INC;2;Olson;MAIN;24|34;;;
C83C742E;5;GSC;2;Olson;MAIN;34;;;
C853492C;1;TRP;1;DOT Zone;MAIN;16;35000.0;;
C853492C;2;SOF;2;DOT Zone;MAIN;16|20;;;
C853492C;3;SHZC;2;DOT Zone;MAIN;20;;;
C853492C;4;SSF;2;DOT Zone;MAIN;16;;;
C853492C;5;THR;2;DOT Zone;MAIN;16;;;
C853492C;6;FLD;2;DOT Zone;MAIN;31;;;
C84B19BC;1;BMF;1;Eskay Creek;MAIN;109;;;
C84B19BC;2;FLD;2;Eskay Creek;MAIN;109;;;
C84B19BC;3;THR;2;Eskay Creek;MAIN;109;;;
C84B19BC;4;BMF;2;Eskay Creek;MAIN;110|124;;;
C84B19BC;5;INT;2;Eskay Creek;MAIN;127;;;
C86C3D32;1;CSF;1;Ore Chimney;MAIN;29;;1200.0;
C86C3D32;2;SOF;2;Ore Chimney;MAIN;29;;;
C86C3D32;3;FLD;2;Ore Chimney;MAIN;29|30;;;
C86C3D32;4;SHZC;2;Ore Chimney;MAIN;29|30|32;;;
C86C3D32;6;LTC;2;Ore Chimney;MAIN;29|32;;;
C8CDB369;1;SHZC;2;Chibougamau property;MAIN;37|40;;;
C8CDB369;2;SHZC;2;Chibougamau property;MAIN;37;;;
C8D5E00B;1;SHZC;1;Yarumalito;MAIN;21|22;;;
C90E7A8B;1;SSF;1;Eastside;MAIN;33;;;
C90E7A8B;2;SSF;1;Eastside;MAIN;34;;;
C90E7A8B;4;LTC;2;Eastside;MAIN;43;;;
C90E7A8B;5;INC;2;Eastside;MAIN;43;;;
C92AC5AF;1;FLD;2;Red Mountain;MAIN;41|43;;;
C92AC5AF;2;DOM;2;Red Mountain;MAIN;47;;;
C9394101;1;CSF;1;Catanava Gold Property;MAIN;25;;;
C9394101;2;INT;2;Catanava Gold Property;MAIN;25;;;
C9394101;3;NRM;2;Catanava Gold Property;MAIN;28|29;;;
C9AAD3D2;1;INC;2;Cangrejos;MAIN;66|67;;;
C9AAD3D2;2;BXP;2;Cangrejos;MAIN;66|68;;;
C945B18E;2;SOF;2;Vetas Gold Project;MAIN;33;;;
C945B18E;3;SHZC;2;Vetas Gold Project;MAIN;42;;;
C9A196F3;1;THR;2;Deer Horn;MAIN;24|30|31|33;;;
C9A196F3;2;SSF;1;Deer Horn;MAIN;30;;;
C9A196F3;3;NRM;3;Deer Horn;MAIN;30;;;
C9A196F3;4;MYLC;3;Deer Horn;MAIN;30;;;
C9A196F3;5;SHZC;2;Deer Horn;MAIN;31;;;
C9ABD6DA;1;SHZC;2;Don Mario (UMZ/LMZ);MAIN;53|58;;;
C9ABD6DA;2;FLW;2;Don Mario (UMZ/LMZ);MAIN;58;;;
C9B94656;1;CLD;2;Easter Vein;MAIN;26;1966.0;;extent:bounded
C9B94656;2;INT;3;Easter Vein;MAIN;26;;;
C9B36476;1;FLD;1;Troilus;MAIN;45|47;;;
C9B36476;2;SSF;1;Troilus;MAIN;45|57;;;
C9B36476;3;THR;1;Troilus;MAIN;45|58;;;
C9B36476;4;THR;2;Troilus;MAIN;47;;;
C9B36476;5;SHZC;2;Troilus;MAIN;57|64;;;
C9B36476;6;THR;3;Troilus;MAIN;58;;;
C9C198D1;1;BMF;1;Jumbo Trend;MAIN;49;;;
C9F3601D;1;SHZC;2;Don Mario LMZ;MAIN;49|50;;;
C9F3601D;2;FLW;2;Don Mario LMZ;MAIN;54;;;
CABC2887;1;CSF;1;Johnson Tract Deposit;MAIN;39|46;500000.0;;extent:bounded
CABC2887;2;INC;2;Johnson Tract Deposit;MAIN;46;;;
CABC2887;3;SOF;2;Johnson Tract Deposit;MAIN;46;;;
CA3D4916;1;JOG;2;San José de Gracia;MAIN;43;;;
CA3D4916;2;INT;2;San José de Gracia;MAIN;43;;;
CA3D4916;3;THR;2;San José de Gracia;MAIN;43|63;;;
CA3D4916;4;SOF;2;San José de Gracia;MAIN;44;;;
CA3D4916;5;BMF;1;San José de Gracia;MAIN;45;;;
CA3D4916;6;CSF;1;San José de Gracia;MAIN;45;;;
CACDCDB7;1;SOF;2;Cliff Creek Zone;MAIN;132|136|149;;;
CACDCDB7;2;INT;2;Cliff Creek Zone;MAIN;136;;;
CACDCDB7;3;CSF;1;Cliff Creek Zone;MAIN;127;;;
CB378A23;1;SHZC;1;Pen Gold North;MAIN;27;;;
CB378A23;2;LTC;2;Pen Gold North;MAIN;28;;;
CAD7F126;1;SSF;1;Chelopech;MAIN;58;;;
CAD7F126;2;NRM;2;Chelopech;MAIN;58;;;
CAD7F126;3;BMF;2;Chelopech;MAIN;58;;;
CAD7F126;4;INT;2;Chelopech;MAIN;58;;;
CAD7F126;5;THR;2;Chelopech;MAIN;58;;;
CB385D07;1;TRT;1;Eskay Property VMS Prospects;MAIN;107;;;
CB385D07;2;THR;1;Eskay Property VMS Prospects;MAIN;115;;;
CB385D07;3;THR;2;Eskay Property VMS Prospects;MAIN;115;;;
CB385D07;4;UNC;1;Eskay Property VMS Prospects;MAIN;107|112;;;
CB385D07;5;FLD;2;Eskay Property VMS Prospects;MAIN;115;;;
CB91F2E7;1;THR;2;Deer Horn vein system;MAIN;40|47|48;;;
CB91F2E7;2;SSF;1;Deer Horn vein system;MAIN;47;;;
CB91F2E7;3;NRM;3;Deer Horn vein system;MAIN;47;;;
CBAC84A7;1;THR;1;Ike Project;MAIN;18;;;
CBAC84A7;2;FLD;2;Ike Project;MAIN;18;;;
CBAC84A7;3;SSF;2;Ike Project;MAIN;18;;;
CCAB06DD;1;SHZC;1;Joe Mann;MAIN;42;200000.0;;extent:bounded
CCAB06DD;2;SHZC;2;Joe Mann;MAIN;42;;;
CBFF6594;1;SSF;1;Hartless Joe Project;MAIN;15|20;;;
CBFF6594;2;JOG;2;Hartless Joe Project;MAIN;15|20;;;
CBFF6594;3;SOF;2;Hartless Joe Project;MAIN;21;;;
CBD6CB56;1;SSF;1;Poker Flats;MAIN;76|77;;;
CBD6CB56;3;INT;2;Poker Flats;MAIN;77|101|107;;;
CCBD01D4;2;ENE;3;La Libertad;MAIN;53;;;
CD02CC5E;1;BMF;1;Blue Hill Creek;MAIN;34|37;;;
CD02CC5E;2;SOF;2;Blue Hill Creek;MAIN;37|40;;;
CD02CC5E;3;INT;1;Blue Hill Creek;MAIN;45;;;
CCC61168;1;TRP;2;Zancudo;MAIN;51|52;;;
CCC61168;2;THR;2;Zancudo;MAIN;49|51|52;;;
CCC61168;3;SOF;3;Zancudo;MAIN;52|54;;;
CD05D9FC;1;SHZC;2;Tiger Deposit;MAIN;67;;;
CD05D9FC;2;INT;2;Tiger Deposit;MAIN;68;;;
CD05D9FC;3;FLD;2;Tiger Deposit;MAIN;83;;;
CD4ED1B7;1;TRP;1;New Mariners;MAIN;26|28;;;
CD4ED1B7;2;FLD;1;New Mariners;MAIN;23|24;;;
CD4ED1B7;3;THR;2;New Mariners;MAIN;23;;;
CD4ED1B7;4;SOF;2;New Mariners;MAIN;30|31;;;
CD841ECB;1;NRM;2;GP Property;MAIN;17|19|25;3000.0;;
CD8A40B0;1;FLD;1;Augusta-Cuffley;MAIN;59|61;;;
CD8A40B0;2;CSF;1;Augusta-Cuffley;MAIN;57;;;
CD8A40B0;3;SOF;2;Augusta-Cuffley;MAIN;59;;;
CD8A40B0;4;INT;2;Augusta-Cuffley;MAIN;66;;;
CD8A40B0;5;THR;2;Augusta-Cuffley;MAIN;66;;;
CDD34B63;1;GSC;1;Big Easy;MAIN;55|72;;;
CDD34B63;2;LTC;2;Big Easy;MAIN;72;;;
CDAE6D24;1;SSF;2;Santa Fe Deposit;MAIN;58|61;;;
CDAE6D24;2;INT;2;Santa Fe Deposit;MAIN;61;;;
CDF7AF89;2;SHZC;2;Lac Anctil zone;MAIN;42;;400.0;distance:bounded
CDF7AF89;3;SHZC;2;Lac Anctil zone;MAIN;39;;;
CDA1A74B;1;CSF;1;Cerro del Gallo;MAIN;32;;;
CDA1A74B;2;THR;2;Cerro del Gallo;MAIN;32;;;
CDA1A74B;3;SSF;2;Cerro del Gallo;MAIN;32;;;
CE7B0218;1;SHZC;2;Fort Knox;MAIN;40;;;
CE7B0218;2;SSF;1;Fort Knox;MAIN;34|36;;;
CDFD618F;1;SSF;1;La Peña;MAIN;27|30;;;
CDFD618F;2;SOF;2;La Peña;MAIN;30;;;
CDFD618F;3;INT;2;La Peña;MAIN;30;;;
CE9CA852;1;CSF;1;Monument Bay Au-W Deposit;MAIN;80|93|96;;;
CE9CA852;2;SOF;2;Monument Bay Au-W Deposit;MAIN;80|84|96;;;
CE9CA852;3;FLD;2;Monument Bay Au-W Deposit;MAIN;92;;;
CE909CC2;1;THR;2;DBM Project;MAIN;67;;;
CE909CC2;3;FLD;2;DBM Project;MAIN;67;;;
CF05863B;1;SHZC;1;Cariboo Gold Project;MAIN;174;60000.0;;
CF05863B;2;SHZC;2;Cariboo Gold Project;MAIN;149|160|172;;;
CF05863B;3;FLD;2;Cariboo Gold Project;MAIN;158|160|172;;;
CF05863B;4;FLD;2;Cariboo Gold Project;MAIN;158|169;;;
CF59C0F9;1;BMF;1;Marigold;MAIN;73;10000.0;;extent:bounded
CF59C0F9;3;THR;2;Marigold;MAIN;73;;;
CF59C0F9;4;FLD;2;Marigold;MAIN;73|75;;;
CF59C0F9;5;LTC;2;Marigold;MAIN;79;;;
CECC30D9;1;BMF;1;DeLamar;MAIN;47|52;;;
CECC30D9;2;CLD;2;DeLamar;MAIN;47;;;
CECC30D9;3;INT;2;DeLamar;MAIN;54;;;
CF60C98B;2;FLD;2;Sun Property;MAIN;21;;;
CF60C98B;3;CLD;2;Sun Property;MAIN;21|24;;;
CF60C98B;4;INC;2;Sun Property;MAIN;21;;;
CF6E9BD6;1;SSF;1;Kirazlı;MAIN;63|65;;;
CF6E9BD6;2;CLD;2;Kirazlı;MAIN;72;;;
CF6E9BD6;3;BLK;2;Kirazlı;MAIN;72;;;
CF676A81;1;SSF;1;Rionegro Placer;MAIN;28|43;;;
CF676A81;2;BMF;1;Rionegro Placer;MAIN;30|43|44;;;
CF676A81;3;INT;2;Rionegro Placer;MAIN;43;;;
CF676A81;4;FLD;N/A;Rionegro Placer;MAIN;43;;;
CF9DFA84;1;SHZC;2;Golden Gap;MAIN;13|21|25|28;;;extent:unparseable
CF9DFA84;2;FLD;3;Golden Gap;MAIN;27|28;;;
CF9DFA84;3;SSF;2;Golden Gap;MAIN;25;;;
CFB8163F;1;TRT;1;Arista;MAIN;55|59;;;
CFB8163F;2;CLD;1;Arista;MAIN;55;;;
CFB8163F;3;SSF;1;Arista;MAIN;58;;;
CFB8163F;4;SOF;2;Arista;MAIN;58|59;;;
CFB8163F;5;ENE;2;Arista;MAIN;59;;;
CFB8163F;6;SSF;2;Arista;MAIN;59;;;
CFB8163F;7;SSF;3;Arista;MAIN;61;;;
CFB8163F;8;SOF;3;Arista;MAIN;61;;;
CFB8163F;9;ENE;3;Arista;MAIN;61;;;
CFBC35AB;2;SOF;2;Silver Crown;MAIN;33;;;
CFC0E2AA;1;CSF;1;Rat Pond;MAIN;17;;;
D0A75E55;1;SSF;1;Carla Project;MAIN;32|34;;;
D00DD4F9;1;MYLC;2;Revel Ridge Main Zone (RRMZ);MAIN;80|84;8000.0;;extent:bounded
D00DD4F9;2;THR;1;Revel Ridge Main Zone (RRMZ);MAIN;72|80;;500.0;distance:bounded
D00DD4F9;4;FLD;1;Revel Ridge Main Zone (RRMZ);MAIN;76;;;distance:unparseable
D029FA98;1;CSF;1;Vetas Gold Project;MAIN;30;400000.0;;extent:bounded
D029FA98;2;SSF;1;Vetas Gold Project;MAIN;30|33;;;
D029FA98;3;TRT;2;Vetas Gold Project;MAIN;35;;;
D029FA98;4;JOG;2;Vetas Gold Project;MAIN;35|36;;;
D029FA98;5;SSF;2;Vetas Gold Project;MAIN;33|37;;;
D0BA1096;1;DET;1;Barje Deposit;MAIN;76|78|79;;;
D0BA1096;3;THR;2;Barje Deposit;MAIN;75|76;;;
D1028EE3;1;SHZC;1;Palmilla;MAIN;27|29;6000.0;;
D1028EE3;3;GSC;2;Palmilla;MAIN;35;;;
D0F03422;1;FLD;2;La Arena;MAIN;68|74;;;
D0F03422;2;INT;2;La Arena;MAIN;69|74|76|77;;;
D0F03422;3;JOG;2;La Arena;MAIN;74|77;;;
D158D36F;1;CSF;1;Syenite Porphyry Interlayer;MAIN;23;1500.0;;
D158D36F;2;SOF;2;Syenite Porphyry Interlayer;MAIN;23;;;
D158D36F;3;SHZC;2;Syenite Porphyry Interlayer;MAIN;23|24|25|28;;;
D158D36F;4;INC;2;Syenite Porphyry Interlayer;MAIN;24;;;
D1650A2A;1;CSF;1;Providencia;MAIN;47;66000.0;;
D1650A2A;2;THR;2;Providencia;MAIN;49;;;
D1650A2A;3;THR;2;Providencia;MAIN;50;;;
D1650A2A;4;SSF;1;Providencia;MAIN;47;50000.0;;extent:bounded
D1650A2A;5;SOF;2;Providencia;MAIN;54;;;
D18F9DBB;1;SHZC;2;Golden Zone Breccia Pipe;MAIN;89|98|99;;;
D18F9DBB;2;SHZC;2;Golden Zone Breccia Pipe;MAIN;100;610.0;;extent:bounded|distance:unparseable
D18F9DBB;3;INT;2;Golden Zone Breccia Pipe;MAIN;112;;;
D1E94911;1;CSF;1;Marmato;MAIN;75;;;
D1E94911;2;SOF;2;Marmato;MAIN;75;;;
D1E94911;3;THR;2;Marmato;MAIN;75;;;
D1BE513D;2;THR;N/A;Cerro Caliche;MAIN;38;;;
D1BE513D;3;INT;2;Cerro Caliche;MAIN;40;;;
D1BE513D;4;SOF;2;Cerro Caliche;MAIN;46;;;
D19501FA;1;SHZC;1;Savkino;MAIN;28;;;
D19501FA;2;THR;2;Savkino;MAIN;27|28|30|35;;;
D19501FA;3;INT;2;Savkino;MAIN;29;;;
D19501FA;4;FLD;2;Savkino;MAIN;29|30|35;;;
D237C943;1;SHZC;2;Weepah;MAIN;34|37;;;
D24BFB3F;1;SSF;1;Palito;MAIN;42;;;
D24BFB3F;2;INT;2;Palito;MAIN;42;;;
D24BFB3F;3;SOF;3;Palito;MAIN;42;;;
D2C1E0A3;1;FLD;2;Géant Dormant;MAIN;23|25;;;
D25B5F7E;1;INC;2;Willa deposit;MAIN;32;;;
D2ADA606;1;SSF;1;Paymaster;MAIN;17|19|20;440000.0;;
D2ADA606;2;FLD;2;Paymaster;MAIN;17|18|20;;;
D2ADA606;3;SHZC;2;Paymaster;MAIN;17|18;;;
D2ADA606;4;GSC;2;Paymaster;MAIN;17|18;;;
D2F15971;1;BMF;1;Beatons River;MAIN;82;;;
D34105F0;2;BXP;2;Cerro Andamarca;MAIN;38;;;
D366E466;1;SSF;1;Hasbrouck Deposit;MAIN;33;;;
D366E466;2;SOF;2;Hasbrouck Deposit;MAIN;38;;;
D366E466;3;INT;2;Hasbrouck Deposit;MAIN;38;;;
D366E466;4;BXP;2;Hasbrouck Deposit;MAIN;38;;;
D36E890E;1;SOF;2;Riscos de Oro;MAIN;32;;;
D373D5BB;1;THR;1;Čoka Rakita;MAIN;91;;;
D373D5BB;2;SSF;1;Čoka Rakita;MAIN;91;;;
D373D5BB;5;BXP;2;Čoka Rakita;MAIN;101;;;
D373D5BB;6;TRT;2;Čoka Rakita;MAIN;102;;;
D3F55EED;1;SHZC;2;British King;MAIN;44;;;
D3F55EED;2;FLD;2;British King;MAIN;44;;;
D3FC9B69;1;SHZC;1;October Gold Property;MAIN;5;;;
D3C8E4F3;1;SHZC;2;Mark's Pond Zone;MAIN;73|132;;;
D3C8E4F3;2;GSC;2;Mark's Pond Zone;MAIN;125|132;;;
D414BCC1;1;INC;2;Cangrejos;MAIN;38|39;;;
D414BCC1;2;BXP;2;Cangrejos;MAIN;39|46;;;
D4241B12;1;SHZC;2;Minto Mine South Zone;MAIN;57;1300.0;;
D4241B12;2;SHZC;2;Minto Mine South Zone;MAIN;57;;;
D4241B12;3;SSF;1;Minto Mine South Zone;MAIN;59;;;
D4241B12;4;CSF;1;Minto Mine South Zone;MAIN;47;;;
D4241B12;5;SHZC;1;Minto Mine South Zone;MAIN;67;;;
D4241B12;6;SHZC;2;Minto Mine South Zone;MAIN;58|69;;;
D438F610;1;SOF;2;Dardenelles;MAIN;21|22;;;
D438F610;2;THR;2;Dardenelles;MAIN;22;;;
D438F610;3;NRM;1;Dardenelles;MAIN;22;;;
D44EDA7C;1;FLD;2;Red Mountain;MAIN;64;;;
D462A36E;1;CLD;2;Atlanta;MAIN;39|43;;;
D462A36E;2;INT;2;Atlanta;MAIN;43;;;
D462A36E;3;UNC;1;Atlanta;MAIN;39|42|43;;;
D4FB4493;1;THR;1;KOR 1;MAIN;33|35|39;;;
D4FB4493;2;THR;2;KOR 1;MAIN;35|40;;;
D4FB4493;3;SHZC;2;KOR 1;MAIN;37|40;;;
D4FB4493;4;INC;2;KOR 1;MAIN;35|40;;;
D478C64A;1;CSF;1;Engineer Gold Mine;MAIN;37;;;
D478C64A;2;SOF;2;Engineer Gold Mine;MAIN;37|39|43;;;
D478C64A;4;ENE;3;Engineer Gold Mine;MAIN;47;;;
D53B2010;1;TRP;1;Hangar Flats;MAIN;99|105;3000.0;;extent:approx_magnitude
D53B2010;2;SOF;2;Hangar Flats;MAIN;105;;;
D5604739;1;CSF;1;Herbert Glacier;MAIN;20;;;
D5604739;2;SOF;2;Herbert Glacier;MAIN;23;;;
D5604739;3;SOF;3;Herbert Glacier;MAIN;23;;;
D5479D73;1;FLD;2;Ixtaca;MAIN;42;;;
D55985BE;1;SSF;1;San Dimas Mine;MAIN;33;;;
D55985BE;2;SOF;2;San Dimas Mine;MAIN;33;;;
D55985BE;3;ENE;3;San Dimas Mine;MAIN;33;;;
D595F9C2;1;SHZC;1;West Otterskin showing;MAIN;16;;;
D595F9C2;2;SHZC;2;West Otterskin showing;MAIN;16;;;
D5B37369;1;SSF;2;Sheep Creek camp;MAIN;46|49|52;;;
D5B37369;2;FLD;2;Sheep Creek camp;MAIN;46|49;;;
D5B37369;3;FLD;1;Sheep Creek camp;MAIN;41|46;;;
D5D29482;1;LFT;2;Cerro Caliche;MAIN;39|40|50;3000.0;;
D5D29482;2;MYLC;2;Cerro Caliche;MAIN;38|39;;;
D5D29482;3;THR;2;Cerro Caliche;MAIN;38;;;
D5D29482;4;SOF;2;Cerro Caliche;MAIN;50;;;
D5ED36B8;1;SOF;2;Balabag;MAIN;43;;;
D5ED36B8;2;SSF;2;Balabag;MAIN;43;;;
D5F7646E;1;CSF;1;Tannahill Gold Zone;MAIN;47|53;;;
D5F7646E;2;SHZC;2;Tannahill Gold Zone;MAIN;51|53;;;
D630A84B;1;SSF;2;Santa Rosa;MAIN;30|31;;;
D630A84B;2;INT;2;Santa Rosa;MAIN;31;;;
D66ECCA7;1;CSF;1;Robbers Knob;MAIN;65|67;;;
D67EB417;1;THR;1;Ziggurat;MAIN;36|44;;;
D67EB417;2;FLD;2;Ziggurat;MAIN;44|47;;;
D67EB417;3;CLD;1;Ziggurat;MAIN;44;;;
D67EB417;4;SHZC;2;Ziggurat;MAIN;44|47;;;
D67EB417;5;BMF;1;Ziggurat;MAIN;44;;;
D68B23BE;1;SHZC;2;Windfall deposit;MAIN;148|154;150.0;;extent:range_mean
D68B23BE;2;FLD;2;Windfall deposit;MAIN;153;;;
D69E5E90;1;SHZC;2;Central Zone;MAIN;47|57;650.0;;extent:bounded
D69E5E90;3;ENE;3;Central Zone;MAIN;47;10.0;;
D69E5E90;4;INC;2;Central Zone;MAIN;72;;;
D6912F99;1;TRP;1;TPK Property;MAIN;37;600000.0;;extent:bounded
D6912F99;2;SOF;2;TPK Property;MAIN;40|42|45;;;
D6912F99;3;SHZC;2;TPK Property;MAIN;42;;;
D6A0B810;1;CLD;1;Kirazlı;MAIN;26;;;
D6A0B810;2;BMF;2;Kirazlı;MAIN;26;;;
D6A0B810;3;INT;2;Kirazlı;MAIN;27|30;;;
D6C8F623;1;SOF;2;Pridolinny;MAIN;61;;;
D6AB9B93;1;CSF;1;San Miguel project;MAIN;38;8000.0;;
D6AB9B93;2;SSF;1;San Miguel project;MAIN;38|41;;3000.0;
D6AB9B93;3;INT;2;San Miguel project;MAIN;38|53;;;
D6AB9B93;4;JOG;2;San Miguel project;MAIN;38|41|47;;;
D6D47EEC;1;SSF;1;Hercules Gold Project;MAIN;53|59;;;
D6D47EEC;2;ENE;2;Hercules Gold Project;MAIN;59|62;;;
D6D47EEC;3;INT;2;Hercules Gold Project;MAIN;59;;;
D7177E31;1;SHZC;2;Simkar;MAIN;24|28;200.0;;extent:bounded
D7177E31;2;SHZC;2;Simkar;MAIN;24|30;850.0;;extent:bounded
D7177E31;3;SHZC;2;Simkar;MAIN;29;600.0;;
D7623AB3;1;FLD;2;Fuller;MAIN;54;;;
D729089E;1;THR;1;Cerro Quema;MAIN;94;30000.0;2250.0;distance:range_mean
D729089E;2;SOF;2;Cerro Quema;MAIN;94|106|107;;;
D729089E;3;SSF;2;Cerro Quema;MAIN;94;;;
D729089E;4;INT;2;Cerro Quema;MAIN;109;;;
D731B1E4;1;SHZC;2;Björkdal;MAIN;62;;;
D731B1E4;2;SSF;2;Björkdal;MAIN;67;;;
D731B1E4;3;SOF;2;Björkdal;MAIN;69;;;
D79F83CE;1;SHZC;2;Gupo;MAIN;36|39|42;;;
D785404A;1;CSF;1;Kora Consolidated-Irumafimpa;MAIN;33;;;
D785404A;2;SSF;1;Kora Consolidated-Irumafimpa;MAIN;33|35;;;
D7690ABF;1;SSF;2;Cahuilla;MAIN;38|39|40|43;4828.0;;extent:bounded
D7690ABF;2;SOF;3;Cahuilla;MAIN;40;;;
D7690ABF;3;SOF;2;Cahuilla;MAIN;40;;;
D8294495;1;THR;1;Redline Deposit;MAIN;45;;;
D7F8D242;1;BMF;1;Guanaco;MAIN;79;;;
D7F8D242;2;SSF;2;Guanaco;MAIN;84|85;;;
D82D8BE8;1;INT;2;Ilovitza;MAIN;40;;;
D868FD23;1;FLD;N/A;Springpole;MAIN;62;;;
D868FD23;2;SHZC;N/A;Springpole;MAIN;62;;;
D868FD23;3;SHZC;1;Springpole;MAIN;62;;;
D868FD23;5;SSF;N/A;Springpole;MAIN;67;;;
D87722AD;1;SSF;2;La Dama de Oro;MAIN;25;1828.8;;extent:bounded
D87722AD;2;ENE;3;La Dama de Oro;MAIN;26;;;
D87722AD;3;SSF;1;La Dama de Oro;MAIN;24;;10000.0;distance:bounded
D87722AD;4;SSF;1;La Dama de Oro;MAIN;24;;;
D8973247;1;SSF;1;Resurrection Ridge;MAIN;29;16000.0;;extent:bounded
D8973247;2;INT;2;Resurrection Ridge;MAIN;29;;;
D8973247;3;THR;2;Resurrection Ridge;MAIN;30;;;
D87C0C85;1;CSF;1;Cameron Gold Deposit;MAIN;38|67;100000.0;;extent:bounded
D87C0C85;2;SOF;2;Cameron Gold Deposit;MAIN;47;;;
D87C0C85;3;SHZC;3;Cameron Gold Deposit;MAIN;41;;;
D87C0C85;4;FLD;2;Cameron Gold Deposit;MAIN;38|67;;;
D87C0C85;5;INT;2;Cameron Gold Deposit;MAIN;67;;;
D8AC7AE2;1;SHZC;1;Henty;MAIN;32|33|35;;;
D8FB1E06;1;SSF;2;Talapoosa;MAIN;55|59;;;
D8FB1E06;2;JOG;2;Talapoosa;MAIN;60;;;
D9087A3F;1;CSF;1;Shahumyan;MAIN;71|77;;;
D9087A3F;2;SSF;2;Shahumyan;MAIN;73|77;;;
D9087A3F;3;SHZC;3;Shahumyan;MAIN;78;;;
D9087A3F;4;ENE;3;Shahumyan;MAIN;77;;;
D8FF5BCB;2;INC;2;Los Filos Mine Complex;MAIN;95|104|105|106|110|112;;;
D96909B0;2;SSF;2;Fenix Gold Project;MAIN;56;;;
D96909B0;4;NRM;2;Fenix Gold Project;MAIN;56;;;
D96673C2;1;CSF;1;Engineer Gold Mine;MAIN;30;;;
D96673C2;2;SOF;2;Engineer Gold Mine;MAIN;30|32;;;
D96673C2;3;JOG;2;Engineer Gold Mine;MAIN;30;;;
D96673C2;4;SHZC;2;Engineer Gold Mine;MAIN;32|36;;;
D96673C2;5;ENE;3;Engineer Gold Mine;MAIN;36;;;
D9CFD9EB;1;FLD;2;A-1 Zone;MAIN;24|25;;;
D9CFD9EB;2;THR;2;A-1 Zone;MAIN;24;;;
D9CFD9EB;3;BXP;2;A-1 Zone;MAIN;29;;;
D97AB18A;1;CSF;1;Augmitto;MAIN;39|40|46;;;
D97AB18A;2;FLD;2;Augmitto;MAIN;46;;;
D97AB18A;3;SOF;2;Augmitto;MAIN;43|46;;;
D9D88B73;1;CSF;1;Segovia;MAIN;61;;;
D9D88B73;2;SSF;1;Segovia;MAIN;61|71;;;
D9D88B73;3;THR;2;Segovia;MAIN;65;;;
D9D88B73;4;SSF;2;Segovia;MAIN;68;;;
D9D88B73;5;INT;2;Segovia;MAIN;71;;;
D9F145C8;2;ENE;3;Klaza vein system;MAIN;60|63;;;
D9F145C8;4;INT;3;Klaza vein system;MAIN;60|63;;;
D9E84BE5;1;BMF;2;Sleeper;MAIN;41|48;;;
D9E84BE5;2;TRT;2;Sleeper;MAIN;41|48;;;
D9E84BE5;3;SSF;2;Sleeper;MAIN;41|48;;;
D9E84BE5;5;BMF;1;Sleeper;MAIN;36|38;;;
DA19D90C;1;FLD;2;Skarn Ridge Zone;MAIN;49;;;
DAAAB03C;1;SOF;2;Cerro Maricunga;MAIN;46;;;
DAAAB03C;2;INT;2;Cerro Maricunga;MAIN;46|47;;;
DAAAB03C;3;JOG;2;Cerro Maricunga;MAIN;47;;;
DA3221A7;1;BMF;1;Rodeo;MAIN;33|34|35;8000.0;;
DA3221A7;2;SHZC;2;Rodeo;MAIN;35;8000.0;;
DA9728F8;1;SSF;2;San Andrés Mine;MAIN;63;;;
DAAE63A6;1;BMF;1;Sleeper;MAIN;35|36|54;;;
DAAE63A6;2;SSF;2;Sleeper;MAIN;35|36|43;;;
DAAE63A6;3;SOF;2;Sleeper;MAIN;36;;;
DAAE63A6;4;INC;2;Sleeper;MAIN;43;;;
DB0BB4BA;1;SHZC;2;British King;MAIN;44;;;
DB0BB4BA;2;FLD;2;British King;MAIN;44;;;
DB0E0FB7;1;THR;2;Golden Chest;MAIN;40;;;
DB0E0FB7;2;SOF;2;Golden Chest;MAIN;41;;;
DB0E0FB7;3;FLD;1;Golden Chest;MAIN;40;;;
DAD14B11;1;BMF;2;Atlanta;MAIN;38|41;;;
DAD14B11;2;SOF;2;Atlanta;MAIN;38|41;;;
DAD14B11;3;INT;2;Atlanta;MAIN;41;;;
DB15712C;1;THR;1;Volcan;MAIN;66;;;
DB15712C;3;JOG;2;Volcan;MAIN;69;;;
DB15712C;4;INT;2;Volcan;MAIN;70;;;
DB190767;1;SOF;2;Danglay;MAIN;35;;;
DB190767;3;SSF;3;Danglay;MAIN;35;;;
DBB89943;1;SSF;2;X1 Deposit;MAIN;79|80|101;;;
DB667CCC;1;FLD;1;Lomero;MAIN;58;;;
DB667CCC;2;THR;1;Lomero;MAIN;58;;;
DB667CCC;3;THR;2;Lomero;MAIN;59|61|65|70;;;
DB667CCC;4;SHZC;2;Lomero;MAIN;59|69;;;
DB589451;1;THR;1;Cabaçal;MAIN;119;;;
DB589451;2;FLD;2;Cabaçal;MAIN;116|117|118;;;
DB589451;3;SHZC;2;Cabaçal;MAIN;118|119;;;
DC4C479A;1;CSF;1;La Cumbre;MAIN;24|28;1000000.0;;extent:bounded
DC4C479A;2;SSF;2;La Cumbre;MAIN;28|36;;;
DC569CD7;1;CSF;1;Bear Claims;MAIN;26;;5000.0;
DC569CD7;2;FLD;2;Bear Claims;MAIN;26|27;;;
DC569CD7;3;THR;2;Bear Claims;MAIN;26;;;
DC569CD7;4;SSF;1;Bear Claims;MAIN;31;;;
DC7FA1E9;1;FLD;2;Galleon prospect;MAIN;17|21;;;
DC8A7FC2;1;THR;1;Turquoise Canyon;MAIN;18|26;804670.0;;
DC8A7FC2;2;THR;2;Turquoise Canyon;MAIN;22|27;;;
DC8A7FC2;4;FLD;2;Turquoise Canyon;MAIN;26;;;
DC8A7FC2;6;ENE;3;Turquoise Canyon;MAIN;21|27;;;
DC8F9912;1;TRP;2;Amulsar;MAIN;92;;;
DC8F9912;2;THR;2;Amulsar;MAIN;92;;;
DC8F9912;3;SSF;3;Amulsar;MAIN;92|94;;;
DC8F9912;4;FLD;3;Amulsar;MAIN;92;;;
DCD052B1;1;CSF;1;Johnson Tract Deposit;MAIN;39|46;500000.0;;extent:bounded
DCD052B1;2;INC;2;Johnson Tract Deposit;MAIN;46;;;
DCD052B1;3;SOF;2;Johnson Tract Deposit;MAIN;46;;;
DCECBB23;1;SSF;2;Yenipazar Deposit;MAIN;93|94;;;
DC99BC43;1;SSF;1;Remedios Project;MAIN;58;;;
DC99BC43;3;THR;1;Remedios Project;MAIN;58;;;
DCEFB343;1;SSF;2;Eastside;MAIN;26|29;;;
DCEFB343;2;INC;2;Eastside;MAIN;26;;;
DD14C570;2;SSF;2;Exploits zone;MAIN;28|31;;;
DD20ECED;1;SOF;2;Pinion;MAIN;50|51|55|73;;;
DD20ECED;2;FLD;2;Pinion;MAIN;51|55;;;
DD20ECED;3;THR;2;Pinion;MAIN;51|73;;;
DD4EC195;1;SHZC;2;Lavington main gold zone;MAIN;34;2500.0;;
DD4EC195;2;SOF;3;Lavington main gold zone;MAIN;34;;;
DD853F29;1;THR;2;ESN Project;MAIN;36|37|42;;;
DD853F29;2;BMF;2;ESN Project;MAIN;37|42;;;
DD853F29;3;FLD;2;ESN Project;MAIN;42;;;
DD867EF6;1;THR;1;Eureka Target;MAIN;49;;;
DD867EF6;2;CSF;1;Eureka Target;MAIN;49;;;
DD867EF6;3;FLD;2;Eureka Target;MAIN;53;;;
DDC51EC1;1;SHZC;2;Rolling Pond hydrothermal system;MAIN;25;;;
DDD0F37C;2;FLD;1;Augusta;MAIN;6|59|61;;;
DDD0F37C;3;INT;3;Augusta;MAIN;6|64;;;
DDD0F37C;4;ENE;3;Augusta;MAIN;7|61;;;
DDD0F37C;5;THR;2;Augusta;MAIN;64;;;
DDDDFF54;1;SSF;1;Loon prospect;MAIN;15|18|19;;;
DDDDFF54;2;SSF;2;Loon prospect;MAIN;18|19;;;
DDDDFF54;4;INT;2;Loon prospect;MAIN;19;;;
DDDDFF54;5;FLD;2;Loon prospect;MAIN;18|19;;;
DDF9C944;1;TRT;1;Hollister Mine;MAIN;49|54;479583.3;;extent:bounded
DDF9C944;2;SOF;2;Hollister Mine;MAIN;53|56;30.5;;
DE140113;1;SHZC;2;Hot Maden;MAIN;34|35;7000.0;;
DE140113;2;SHZC;2;Hot Maden;MAIN;34;;;
DE140113;3;LTC;2;Hot Maden;MAIN;34;;;
DE32F483;1;SSF;1;US Grant;MAIN;32;;;
DE32F483;3;SHZC;2;US Grant;MAIN;37;;;
DE34A70A;1;SHZC;1;Revenue Zone;MAIN;29|32;;;
DE34A70A;2;SOF;2;Revenue Zone;MAIN;32;;;
DE580744;1;THR;1;Goodman Property;MAIN;19;;;
DE580744;2;FLD;1;Goodman Property;MAIN;20;;;
DE580744;3;SHZC;1;Goodman Property;MAIN;20;;;
DE580744;5;SHZC;2;Goodman Property;MAIN;22;;;
DE604905;2;CLD;2;East Kolo Epithermal Target;MAIN;18|20|28;7500.0;;
DE8B3C4B;1;SSF;2;Ted Vein;MAIN;18;;;
DE8B3C4B;2;JOG;2;Ted Vein;MAIN;18;;;
DE867565;1;CSF;1;CMD Gold Mine;MAIN;43;;;
DE867565;2;SOF;2;CMD Gold Mine;MAIN;43;;;
DE867565;3;SHZC;2;CMD Gold Mine;MAIN;44;;;
DE867565;4;JOG;2;CMD Gold Mine;MAIN;44;1500.0;;
DE9917B7;1;CSF;1;LPSE Deposit;MAIN;38|52;;;
DE9917B7;2;THR;2;LPSE Deposit;MAIN;46|47;;;
DE9917B7;3;SOF;2;LPSE Deposit;MAIN;52;;;
DE9917B7;4;SOF;3;LPSE Deposit;MAIN;52;;;
DE9917B7;5;FLD;2;LPSE Deposit;MAIN;46|53;;;
DE944A40;1;BMF;2;Castle Mountain;MAIN;71|77;;;
DED92188;1;FLD;2;Montauban deposit;MAIN;49|51;;;
DED92188;2;SHZC;2;Montauban deposit;MAIN;50;;;
DF321F1B;1;DET;1;Ada Tepe;MAIN;65|67;;;
DF321F1B;2;SSF;2;Ada Tepe;MAIN;67;;;
DF321F1B;3;SSF;2;Ada Tepe;MAIN;67;;;
DF77C953;2;INT;2;Tablon;MAIN;46;;;
DF77C953;3;SHZC;2;Tablon;MAIN;46;;;
DF6E72F3;1;SHZC;2;Simkar;MAIN;24|30;850.0;;extent:bounded
DF6E72F3;2;SHZC;2;Simkar;MAIN;24|28;200.0;;extent:bounded
DF6E72F3;3;SHZC;2;Simkar;MAIN;29;600.0;;
DF9F97D9;1;NRM;1;CMD Gold Mine;MAIN;44|46;;;
DF9F97D9;2;SOF;2;CMD Gold Mine;MAIN;44|46;;;
DF9F97D9;3;JOG;2;CMD Gold Mine;MAIN;45;1500.0;;
DF7B0A4D;1;INT;2;La Cantera;MAIN;41|48;;;
DFB6F352;1;BMF;2;Newton;MAIN;68;;;
DFB6F352;2;LFT;2;Newton;MAIN;68;;;
DFB6F352;3;SOF;3;Newton;MAIN;68;;;
DFB81F36;1;SHZC;1;Monument Bay;MAIN;33|36;;;
DFB81F36;2;SOF;2;Monument Bay;MAIN;51;;;
DFB81F36;3;FLD;2;Monument Bay;MAIN;33|34;;;
E031DB77;1;SSF;2;Tommy Vein;MAIN;31|35;;;
E031DB77;2;JOG;2;Tommy Vein;MAIN;31|35;;;
DFF1E007;1;SSF;2;Margurete Property mineralization;MAIN;15;;;
DFF1E007;2;SHZC;1;Margurete Property mineralization;MAIN;15;;;
DFF1E007;4;SOF;2;Margurete Property mineralization;MAIN;20;;;
DFF1E007;5;ENE;3;Margurete Property mineralization;MAIN;20;;;
DFEA31B8;1;INT;2;Redline deposits;MAIN;46;;;
DFE3F1C3;1;SOF;2;Bruner;MAIN;21|23|24|26|29|31;;;
DFE3F1C3;2;INT;2;Bruner;MAIN;24|26;;;
DFE3F1C3;3;LFT;2;Bruner;MAIN;26;;;
E0A077B6;1;CSF;1;Pinion;MAIN;59;6000.0;;
E0A077B6;2;SOF;2;Pinion;MAIN;50;;;
E0A077B6;3;THR;2;Pinion;MAIN;50;;;
E0A077B6;4;BMF;2;Pinion;MAIN;50;;;
E0A077B6;5;FLD;2;Pinion;MAIN;50;;;
E06F95D0;1;BMF;1;CMD Gold Mine;MAIN;37;;;
E06F95D0;2;SHZC;2;CMD Gold Mine;MAIN;37|38|39;;;
E06F95D0;3;ENE;3;CMD Gold Mine;MAIN;37;;;
E06F95D0;4;JOG;2;CMD Gold Mine;MAIN;38;;;
E0FDDF9B;1;SSF;1;Amulsar;MAIN;57|66;;;
E0FDDF9B;2;NRM;1;Amulsar;MAIN;57|66;;;
E143998B;1;THR;1;Çöpler;MAIN;50|54;;;
E143998B;3;INT;2;Çöpler;MAIN;50;;;
E143998B;4;SHZC;2;Çöpler;MAIN;54;;;
E143998B;5;GSC;2;Çöpler;MAIN;50;;;
E143998B;6;INC;2;Çöpler;MAIN;50;;;
E1811CB8;1;SSF;1;Cahuilla;MAIN;36|39;4828.0;;extent:bounded
E1DB8A33;1;CSF;1;Gold Centre;MAIN;28;;;
E1DB8A33;2;SHZC;1;Gold Centre;MAIN;28;;;
E1DB8A33;3;FLD;1;Gold Centre;MAIN;28;;;
E1DB8A33;4;SHZC;2;Gold Centre;MAIN;31|37|38;;;
E1DB8A33;5;FLD;2;Gold Centre;MAIN;31|32|37;;;
E2442B17;1;SHZC;1;Anik Property;MAIN;28;;;
E2442B17;2;SHZC;2;Anik Property;MAIN;32|33;;;
E26094D6;1;SSF;1;Marmato;MAIN;46;;;
E26094D6;2;SHZC;2;Marmato;MAIN;47;;;
E26094D6;3;SOF;2;Marmato;MAIN;47;;;
E26094D6;4;THR;2;Marmato;MAIN;47;;;
E2756A0D;1;THR;2;Relief Canyon;MAIN;80;;;
E280B622;1;BMF;2;Grassy Mountain;MAIN;40|42;;;
E285F475;1;INC;2;Cangrejos;MAIN;61|62;;;
E285F475;2;BXP;2;Cangrejos;MAIN;61|62;;;
E29A5471;1;JOG;2;La Arena Porphyry;MAIN;75|82;;;
E29A5471;2;INT;2;La Arena Porphyry;MAIN;75|82;;;
E29A5471;3;FLD;2;La Arena Porphyry;MAIN;73|75;;;
E2ABC432;1;BMF;1;El Peñón;MAIN;44;;;
E2ABC432;2;SOF;2;El Peñón;MAIN;44;;;
E29C6FAB;1;SSF;1;Jumbo Trend;MAIN;44|46;;;
E29C6FAB;2;SSF;2;Jumbo Trend;MAIN;46|59;;;
E29C6FAB;3;CLD;2;Jumbo Trend;MAIN;44;;;
E2B30D82;1;SHZC;2;Makapela;MAIN;25;;;
E2B30D82;2;SSF;2;Makapela;MAIN;27|32;;;
E2B2B0C9;1;SOF;2;Loma Larga;MAIN;59|62;8000.0;;extent:bounded
E2B2B0C9;2;CSF;1;Loma Larga;MAIN;57|59;;;
E2B2B0C9;3;ENE;3;Loma Larga;MAIN;63;;;
E2B21F79;1;THR;1;Çöpler;MAIN;86|90;;;
E2D54798;1;CSF;1;Atsutla Gold Project;MAIN;59;;;
E2D54798;2;SHZC;2;Atsutla Gold Project;MAIN;66|68|120;;;
E327A851;1;CSF;1;Westwood;MAIN;98;;;
E327A851;2;SHZC;2;Westwood;MAIN;106|107;;;
E3282C7E;1;CLD;2;Grey Eagle;MAIN;54;700.0;;extent:bounded
E3282C7E;2;INT;2;Grey Eagle;MAIN;54;;;
E32DEE85;1;SOF;2;South Zone;MAIN;58|59|65|96;;;
E34FD589;1;CSF;1;Yaoure Central;MAIN;45|55;;;
E34FD589;2;SOF;2;Yaoure Central;MAIN;45;;;
E36E72E5;1;INT;2;Bessell's Reward;MAIN;49;;;
E361791E;1;CSF;1;Camino Rojo;MAIN;68;300000.0;;extent:bounded
E361791E;2;SOF;2;Camino Rojo;MAIN;68;;;
E361791E;3;INC;2;Camino Rojo;MAIN;68;;;
E361791E;5;FLD;2;Camino Rojo;MAIN;67|68;;;
E361791E;6;THR;3;Camino Rojo;MAIN;67;;;
E3674AF8;1;INT;2;San Roque Project;MAIN;41|55;;;
E3674AF8;2;SSF;1;San Roque Project;MAIN;55;;;
E3674AF8;3;LTC;2;San Roque Project;MAIN;54;;;
E3FA4B10;1;SHZC;1;Lac Burge;MAIN;19;10000.0;;extent:bounded
E3FA4B10;2;SSF;2;Lac Burge;MAIN;20;;;
E3FA4B10;3;FLD;2;Lac Burge;MAIN;19|22;;;
E43DE0D5;1;LFT;2;Phoenix;MAIN;41;;;
E414FEF4;1;SHZC;1;Zone 32;MAIN;54;;;
E414FEF4;2;SHZC;2;Zone 32;MAIN;59;;;
E414FEF4;3;MYLC;2;Zone 32;MAIN;62;;;
E414FEF4;4;JOG;2;Zone 32;MAIN;62;;;
E414FEF4;5;LTC;2;Zone 32;MAIN;63;;;
E4434070;1;SSF;2;JT Deposit;MAIN;54;;;
E4434070;2;TRP;1;JT Deposit;MAIN;55;450000.0;300.0;extent:bounded
E49DB9F5;1;DET;1;Gold Drop-North Star vein;MAIN;22|25;;;
E49DB9F5;2;THR;1;Gold Drop-North Star vein;MAIN;25;;;
E46374E2;1;SHZC;1;Barsele Central;MAIN;53|56;;;
E46374E2;2;SSF;2;Barsele Central;MAIN;55;;;
E4B0FE4F;2;SSF;1;Kliyul Main Zone;MAIN;36;;;
E4B0FE4F;3;SSF;1;Kliyul Main Zone;MAIN;36;35000.0;;extent:bounded
E4B0FE4F;4;FLD;2;Kliyul Main Zone;MAIN;36;;;
E4F9B916;1;CSF;1;South Uchi Property;MAIN;163|168|169;;;
E4F9B916;3;SOF;2;South Uchi Property;MAIN;169;;;
E503C8FB;2;NRM;1;Cristina;MAIN;28;;;
E503C8FB;3;CLD;2;Cristina;MAIN;30;;;
E5263F14;1;SSF;1;Batman Deposit;MAIN;90;;;
E5263F14;2;SHZC;2;Batman Deposit;MAIN;86;;;
E50A3AA0;1;SHZC;1;Skomac veins;MAIN;13|14;;18.3;
E50A3AA0;2;ENE;3;Skomac veins;MAIN;15;;;
E50A3AA0;3;CSF;1;Skomac veins;MAIN;16;;;
E52BB65D;1;BMF;1;Iron Butte Property;MAIN;44|45;;;
E52BB65D;2;INT;2;Iron Butte Property;MAIN;44|45;;;
E5398BD1;1;BMF;1;Northwest Zone;MAIN;37|38|42;;;
E554895E;1;SHZC;1;Fenelon Gold System;MAIN;76|98;;;
E554895E;2;JOG;2;Fenelon Gold System;MAIN;83;;;
E554895E;3;SHZC;2;Fenelon Gold System;MAIN;86|90;;;
E55BDD75;1;SSF;2;Bleka;MAIN;30;;;
E55BDD75;2;INT;1;Bleka;MAIN;30;;;
E55BDD75;3;JOG;2;Bleka;MAIN;30;;;
E55BDD75;4;ENE;3;Bleka;MAIN;31;;;
E55BDD75;5;FLD;2;Bleka;MAIN;28;;;
E53CE319;1;SHZC;1;Douay;MAIN;38;;;
E53CE319;2;TRP;1;Douay;MAIN;42;;;
E53CE319;3;SHZC;2;Douay;MAIN;42;;;
E53CE319;4;LTC;2;Douay;MAIN;48;;;
E53CE319;5;INC;2;Douay;MAIN;57;;;
E56ADBBE;1;TRP;1;Amulsar;MAIN;60;1600.0;;
E56ADBBE;2;SSF;2;Amulsar;MAIN;58|60;;;
E56ADBBE;3;THR;2;Amulsar;MAIN;59;;;
E56ADBBE;4;SSF;2;Amulsar;MAIN;59|61;;;
E56ADBBE;5;NRM;2;Amulsar;MAIN;58;;;
E56ADBBE;6;DET;2;Amulsar;MAIN;59;;;
E56ADBBE;7;FLD;2;Amulsar;MAIN;58|59;;;
E5D3B9B3;1;CSF;1;Galat Sufar South;MAIN;62;500000.0;;
E5D3B9B3;2;SHZC;1;Galat Sufar South;MAIN;63|64;;;
E5D3B9B3;3;FLD;2;Galat Sufar South;MAIN;65|72;;;
E5D3B9B3;4;LTC;2;Galat Sufar South;MAIN;70;;;
E595E195;1;CSF;1;Saganaga Property;MAIN;24;;;
E595E195;2;SHZC;2;Saganaga Property;MAIN;30|32;;;
E59F1995;1;FLD;2;La Arena;MAIN;59|61;;;
E59F1995;2;JOG;2;La Arena;MAIN;60|67;;;
E59F1995;3;INT;2;La Arena;MAIN;61|66|67;;;
E59F1995;4;SSF;N/A;La Arena;MAIN;59;;;
E59F1995;5;THR;N/A;La Arena;MAIN;59|61;;;
E6138919;1;SSF;2;Mercedes;MAIN;69|74;;;
E6138919;2;LFT;2;Mercedes;MAIN;69;;;
E6138919;3;BXP;2;Mercedes;MAIN;75;;;
E6138919;4;FLD;2;Mercedes;MAIN;88;;;
E6327985;1;NRM;1;Tepal;MAIN;50|51;;;
E6AD2FCF;1;SHZC;2;NDZ;MAIN;30|34;3500.0;;
E677AD84;1;SSF;1;Premier;MAIN;118;;;
E677AD84;2;JOG;2;Premier;MAIN;118;;;
E677AD84;3;FLW;2;Premier;MAIN;118;;;
E6A450F4;1;CSF;1;Bruner;MAIN;39|41;;;
E6A450F4;2;SOF;2;Bruner;MAIN;41|44|52;;;
E6A450F4;3;INT;2;Bruner;MAIN;44;;;
E6A450F4;4;LFT;2;Bruner;MAIN;47;;;
E6C29DFB;1;SOF;2;Santa Elena;MAIN;38|39;;;
E6C29DFB;2;INT;2;Santa Elena;MAIN;38;;;
E709F8A5;1;THR;2;Björkdal;MAIN;25|26;;;
E6FD537C;1;FLD;2;Manguredjipa;MAIN;25;;;
E6FD537C;3;INC;2;Manguredjipa;MAIN;31;;;
E786681C;1;FLD;2;Red Mountain;MAIN;53|55;;;
E751F5CF;1;SHZC;2;Orfée;MAIN;18;;;
E751F5CF;2;FLD;2;Orfée;MAIN;18;;;
E77C7DBB;1;SSF;1;Afric Zone;MAIN;33|35|36;;;
E70A1105;1;CSF;1;Sigma-Lamaque;MAIN;83;200000.0;;extent:bounded
E70A1105;2;SOF;2;Sigma-Lamaque;MAIN;83;5500.0;;extent:range_mean
E70A1105;3;SOF;3;Sigma-Lamaque;MAIN;83;1000.0;;
E70A1105;4;SHZC;2;Sigma-Lamaque;MAIN;89|91|92|93;;;
E70A1105;5;ENE;3;Sigma-Lamaque;MAIN;89|92;;;
E79B5BE7;1;SHZC;2;Quesnel Gold 1;MAIN;23;;;
E802CD57;1;FLD;2;Rompas;MAIN;17;;;
E802CD57;2;SHZC;2;Rompas;MAIN;29;;;
E802CD57;3;JOG;3;Rompas;MAIN;29;;;
E802CD57;4;ENE;3;Rompas;MAIN;29;;;
E80DB0D4;1;SSF;1;Discovery Zone;MAIN;36;;;
E80DB0D4;3;THR;1;Discovery Zone;MAIN;37;;;
E80DB0D4;4;DET;1;Discovery Zone;MAIN;37;;;
E83B4BB9;1;SHZC;2;San Ramon;MAIN;32;1900.0;;extent:bounded
E83B4BB9;2;MYLC;2;San Ramon;MAIN;32;;;
E83B4BB9;3;CSF;1;San Ramon;MAIN;25|27;;;
E87AEA7A;1;SHZC;2;Main Zone;MAIN;39|45;3340.0;;extent:bounded
E87AEA7A;2;THR;2;Main Zone;MAIN;39;3340.0;;extent:bounded
E87AEA7A;3;LTC;2;Main Zone;MAIN;39|45;;;
E8495DDF;1;INT;1;La India;MAIN;63;;;
E8495DDF;2;CSF;1;La India;MAIN;63;;;
E8495DDF;3;TRT;2;La India;MAIN;65|68;;;
E8C7C57F;1;SHZC;1;Yellow Pine;MAIN;95|116|120;;;
E8C7C57F;2;JOG;2;Yellow Pine;MAIN;116|120;;;
E8C7C57F;3;SOF;2;Yellow Pine;MAIN;116;;;
E8C7C57F;4;TRP;1;Yellow Pine;MAIN;116;;;
E8CB12C5;1;FLD;2;Jaclyn Main Zone;MAIN;88|95|99|104;;;
E8CB12C5;2;SHZC;1;Jaclyn Main Zone;MAIN;97|99;;;
E8CB12C5;3;ENE;3;Jaclyn Main Zone;MAIN;88|99|101;;;
E8CB12C5;4;THR;1;Jaclyn Main Zone;MAIN;97|99;;;
E8CB12C5;5;SOF;2;Jaclyn Main Zone;MAIN;101;;;
E8DADB6E;1;SOF;2;South Mine Fault Zone;MAIN;37|43;;;
E8DADB6E;2;INT;2;South Mine Fault Zone;MAIN;37|43;;;
E8DADB6E;3;FLD;2;South Mine Fault Zone;MAIN;43;;;
E8E18DCD;1;FLD;2;San Rafael Vein;MAIN;38|39;;;
E91DC1E1;1;SHZC;2;Tiger Deposit;MAIN;65;;;
E91DC1E1;2;INT;2;Tiger Deposit;MAIN;66;;;
E91DC1E1;3;FLD;2;Tiger Deposit;MAIN;66;;;
E93C4037;1;FLD;1;Lomero-Poyatos;MAIN;66;;;
E93C4037;2;THR;1;Lomero-Poyatos;MAIN;66;;;
E93C4037;3;THR;2;Lomero-Poyatos;MAIN;66;;;
E927B0F8;1;FLD;2;Turmalina Mine;MAIN;71|74;;;
E927B0F8;2;THR;2;Turmalina Mine;MAIN;73;;;
E9469B1F;1;SHZC;2;Otter Property;MAIN;16;;;
E960D5E4;1;INT;2;Amulsar;MAIN;37;;;
E960D5E4;2;INC;2;Amulsar;MAIN;39;;;
E9E903BD;1;SSF;1;Tuvatu;MAIN;37;;;
E9E903BD;3;INT;2;Tuvatu;MAIN;39|47;;;
EA892EF4;1;BMF;1;Lake Claims Placer;MAIN;23;;;
EA168503;1;FLD;1;Eagle Zone;MAIN;66|67;;;
EA355FBF;1;CSF;1;Appleton Fault Zone (AFZ) Core;MAIN;66|91|92;;;
EA355FBF;2;SOF;2;Appleton Fault Zone (AFZ) Core;MAIN;75;;;
EA355FBF;3;INT;2;Appleton Fault Zone (AFZ) Core;MAIN;72|91|92;;;
EABF7BF6;1;INT;2;Riscos de Oro;MAIN;35;2000.0;;
EB1EE05E;1;SOF;2;Deep Lead Channel;MAIN;27|30;;;
EAC2EC38;1;TRT;1;Ixtaca Zone;MAIN;50;;;
EAC2EC38;2;SSF;1;Ixtaca Zone;MAIN;50;;;
EAC2EC38;3;TRT;2;Ixtaca Zone;MAIN;50;;;
EB2C1D5F;1;SSF;2;Esperanza mine area;MAIN;53|55;;;
EB2C1D5F;2;JOG;2;Esperanza mine area;MAIN;55;;;
EB3FCF02;2;SOF;2;Ben Hur Mine area;MAIN;41;;;
EB3FCF02;3;SOF;2;Ben Hur Mine area;MAIN;51;170.0;;extent:bounded
EB283F46;1;SSF;1;Stibnite Gold Project;MAIN;101|106;4989.0;;extent:bounded
EB283F46;2;TRT;2;Stibnite Gold Project;MAIN;101|107;2414.0;;
EB283F46;3;SOF;2;Stibnite Gold Project;MAIN;101|106;;;
EB283F46;4;FLD;2;Stibnite Gold Project;MAIN;107;;;
EB80E3FC;1;INT;1;La Arena;MAIN;57;;;
EB80E3FC;3;FLD;2;La Arena;MAIN;64;;;
EB80E3FC;4;THR;2;La Arena;MAIN;56|64;;;
EB80E3FC;5;INT;2;La Arena;MAIN;64;;;
EB80E3FC;6;SSF;2;La Arena;MAIN;64;;;
EBC765CB;1;THR;1;Coronation Deposit;MAIN;39|40|41;;;
EBC765CB;2;SHZC;2;Coronation Deposit;MAIN;43|47;;;
EBA536E3;1;THR;1;Chinapintza;MAIN;24;;;
EBA536E3;2;SOF;2;Chinapintza;MAIN;24;;;
EC40687A;1;THR;2;Wild Rose Vein System;MAIN;36|37|41;;;
EC40687A;2;LFT;1;Wild Rose Vein System;MAIN;31|36;;;
EC40687A;3;THR;1;Wild Rose Vein System;MAIN;33;;;
EC7446BC;1;CSF;1;Holt-Holloway;MAIN;28|30;260000.0;;
EC7446BC;2;SHZC;2;Holt-Holloway;MAIN;31|33|36|38|40|41;10000.0;;extent:bounded
EC7446BC;3;SOF;2;Holt-Holloway;MAIN;32|35|37|42|53;;;
EC7446BC;4;LTC;2;Holt-Holloway;MAIN;34|36|40|41|49|59;;;
EC7BC0C8;1;SSF;1;Shotgun Ridge;MAIN;31|34;;;
EC7BC0C8;2;JOG;2;Shotgun Ridge;MAIN;31|34;;;
EC7BC0C8;3;ENE;2;Shotgun Ridge;MAIN;31;;;
EC950924;1;CSF;1;Polaris Project;MAIN;38|40|51;;;
EC950924;2;SOF;2;Polaris Project;MAIN;38|41|51;55000.0;;
EC950924;3;SOF;2;Polaris Project;MAIN;38|41|51;42000.0;;
EC950924;4;MYLC;3;Polaris Project;MAIN;47;;;
ECCD3D10;1;SSF;1;Stockade Mountain;MAIN;72;;;
ECDE4972;1;SHZC;2;Tiger Deposit;MAIN;58;;;
ECDE4972;2;INT;2;Tiger Deposit;MAIN;59;;;
ECDE4972;3;FLD;2;Tiger Deposit;MAIN;58;;;
ECDE4972;4;THR;1;Tiger Deposit;MAIN;47|51;;;
ECEF94F9;1;FLD;2;Rajapalot;MAIN;25|28|29|40;;;
ECF1627F;1;SHZC;1;Edwards Mine;MAIN;17;30000.0;;
ECF1627F;2;SHZC;2;Edwards Mine;MAIN;18|23|24;;;
ECF1627F;3;SOF;3;Edwards Mine;MAIN;18|19|24|25;;;
ECF1627F;4;LTC;2;Edwards Mine;MAIN;19|24;;;
ECF1627F;5;BLK;2;Edwards Mine;MAIN;19;;;
ECF94DB7;1;TRT;1;Çöpler deposit;MAIN;92;;;
ECF94DB7;2;SOF;2;Çöpler deposit;MAIN;85|86|92;;;
ECF94DB7;3;INT;2;Çöpler deposit;MAIN;85;;;
ED05EF85;3;SHZC;2;Solomon Trend;MAIN;22;;;
ED05EF85;4;LTC;2;Solomon Trend;MAIN;30;1500.0;;extent:bounded
EDA4A3FF;1;SHZC;2;Filippini;MAIN;55|63;1524.0;;extent:bounded
EDA4A3FF;2;INT;2;Filippini;MAIN;55|56;;;
EDABDFE9;1;DET;2;Centennial;MAIN;55|58;;;
EDABDFE9;2;FLD;1;Centennial;MAIN;53|54;;;
EDB6B3D0;1;SSF;2;Siwash North;MAIN;52;;;
EDB6B3D0;2;ENE;3;Siwash North;MAIN;52;;;
EDB6B3D0;3;GSC;2;Siwash North;MAIN;52;;;
EDC787E5;1;SHZC;2;Titan Showing;MAIN;53;;;
EDC787E5;2;SHZC;1;Titan Showing;MAIN;49|60;;300.0;
EDC787E5;3;FLD;2;Titan Showing;MAIN;60;;;
EDD7BCBC;1;FLD;1;Lomero-Poyatos;MAIN;40;;;
EDD7BCBC;2;THR;1;Lomero-Poyatos;MAIN;40;;;
EDD7BCBC;3;GSC;2;Lomero-Poyatos;MAIN;41;;;
EDD7BCBC;4;THR;2;Lomero-Poyatos;MAIN;42;;;
EDD7BCBC;5;MYLC;2;Lomero-Poyatos;MAIN;42;;;
EE2F1211;1;SSF;2;Hellyer;MAIN;79;;;
EE2F1211;2;SSF;1;Hellyer;MAIN;76|78;;;
EE2F1211;3;BMF;1;Hellyer;MAIN;78;;;
EE492F38;1;SHZC;2;Makapela;MAIN;23;;;
EE7270AC;1;CSF;1;Mckenzie Break;MAIN;44;;;
EE7270AC;2;SHZC;2;Mckenzie Break;MAIN;46|54;;;
EE7270AC;3;SOF;3;Mckenzie Break;MAIN;46;;;
EE7270AC;4;LTC;2;Mckenzie Break;MAIN;46|47;;;
EE7270AC;5;INT;2;Mckenzie Break;MAIN;47;;;
EE7C7611;1;INT;1;Carmen;MAIN;27|33;;;
EE7C7611;2;SHZC;2;Carmen;MAIN;33|40;700.0;;
EE7C7611;3;SOF;2;Carmen;MAIN;33;;;
EE7C7611;4;INT;2;Carmen;MAIN;33;;;
EE8222DB;1;SHZC;1;Doc Zone;MAIN;62|67;;1500.0;distance:bounded
EE8222DB;2;SOF;2;Doc Zone;MAIN;68;;;
EE8222DB;3;ENE;3;Doc Zone;MAIN;69;;;
EE8222DB;4;LTC;2;Doc Zone;MAIN;69;;;
EECFA5FC;1;SHZC;2;Eastmain Gold Deposit;MAIN;40|48;4000.0;;
EECFA5FC;2;THR;2;Eastmain Gold Deposit;MAIN;40;;;
EECFA5FC;3;SSF;2;Eastmain Gold Deposit;MAIN;40;1000.0;;extent:approx_magnitude
EECFA5FC;4;SHZC;3;Eastmain Gold Deposit;MAIN;48|49;;;
EECFA5FC;5;INT;2;Eastmain Gold Deposit;MAIN;49;;;
EFF482DC;1;BMF;2;Jumbo Trend;MAIN;50;;;
EFF482DC;2;SSF;2;Jumbo Trend;MAIN;50;;;
EFF482DC;3;CLD;2;Jumbo Trend;MAIN;50;;;
F0A0988A;1;SHZC;2;Milestone;MAIN;33;;;
F0B33FFA;1;SHZC;1;Macraes;MAIN;49|50;30000.0;;
F0B33FFA;2;SHZC;2;Macraes;MAIN;51;;;
F0B33FFA;4;FLD;2;Macraes;MAIN;52;;;
F089BF51;1;SSF;1;Altan Nar;MAIN;45;5000.0;;
F089BF51;2;SHZC;2;Altan Nar;MAIN;31|55;;;
F089BF51;3;BXP;2;Altan Nar;MAIN;30|31;;;
F089BF51;4;JOG;2;Altan Nar;MAIN;45|51;;;
F0C5C049;1;CSF;1;Shahumyan;MAIN;72|77;;;
F0C5C049;2;SOF;2;Shahumyan;MAIN;73|77;;;
F0C5C049;3;THR;1;Shahumyan;MAIN;78;;;
F0C5C049;4;ENE;3;Shahumyan;MAIN;78;;;
F0C5C049;5;NRM;2;Shahumyan;MAIN;78;;;
F0C5C049;6;SHZC;3;Shahumyan;MAIN;78;;;
F121BDC3;1;SHZC;1;Eau Claire;MAIN;29;100000.0;1000.0;extent:bounded|distance:bounded
F121BDC3;2;FLD;2;Eau Claire;MAIN;32;;;
F121BDC3;3;SHZC;2;Eau Claire;MAIN;32;;;
F121BDC3;4;ENE;3;Eau Claire;MAIN;32;;;
F121BDC3;5;LTC;N/A;Eau Claire;MAIN;40;;;
F1535A42;1;DOM;2;Refugio / Cometa;MAIN;34;3000.0;;extent:approx_magnitude
F12C6378;1;SSF;1;Soledad Mountain;MAIN;56;;;
F12C6378;2;LFT;2;Soledad Mountain;MAIN;64;;;
F12C6378;3;SOF;2;Soledad Mountain;MAIN;61|66;;;
F159C106;1;THR;1;Cinco Estrellas;MAIN;70;;;
F159C106;2;TRT;2;Cinco Estrellas;MAIN;70|72;4000.0;;extent:range_mean
F159C106;3;NRM;2;Cinco Estrellas;MAIN;70|72;3000.0;;extent:range_mean
F159C106;4;JOG;3;Cinco Estrellas;MAIN;79;;;
F18B4E31;1;TRP;2;Amulsar;MAIN;89;1600.0;;
F18B4E31;2;THR;2;Amulsar;MAIN;88;;;
F18B4E31;3;FLD;2;Amulsar;MAIN;88;;;
F18B4E31;4;SSF;3;Amulsar;MAIN;88|90;;;
F18B4E31;6;SSF;2;Amulsar;MAIN;87;;;
F18B4E31;7;MYLC;2;Amulsar;MAIN;88;;;
F1B0DCC6;1;CSF;1;Twin Hills;MAIN;49|53|56;100000.0;;extent:bounded
F1B0DCC6;2;SOF;2;Twin Hills;MAIN;53|54;;;
F1B0DCC6;3;SHZC;2;Twin Hills;MAIN;54;;;
F1B0DCC6;4;FLD;2;Twin Hills;MAIN;54|66;;;
F1B0DCC6;5;FLD;3;Twin Hills;MAIN;54|66;;;
F19AC6A0;1;SOF;2;Trout;MAIN;27|28;;;
F19AC6A0;2;BMF;1;Trout;MAIN;28;;;
F1FE2164;1;SOF;2;Windpass;MAIN;22;;;
F1FE2164;2;LTC;2;Windpass;MAIN;22;;;
F1BFD9AD;1;CSF;1;Guanaco Mine;MAIN;102;;;
F1BFD9AD;2;SSF;2;Guanaco Mine;MAIN;104|108;;;
F2E74BE4;1;TRT;1;Alankoy;MAIN;23;;;
F2E74BE4;3;INC;2;Alankoy;MAIN;25;;;
F2E9707D;1;FLD;1;Toroparu;MAIN;39|41;;;
F2E9707D;2;LTC;2;Toroparu;MAIN;39|40;;;
F2E9707D;3;INC;2;Toroparu;MAIN;39;;;
F2E9707D;4;SHZC;2;Toroparu;MAIN;39|42;;;
F30E996F;1;SHZC;2;Endeavour;MAIN;55;3500.0;;
F3473D02;1;INC;2;Esperanza;MAIN;41;;;
F3515C71;1;SSF;1;Ayelén vein;MAIN;40;;;
F3515C71;2;SOF;2;Ayelén vein;MAIN;40|42|46;;;
F3515C71;3;LFT;2;Ayelén vein;MAIN;47;;;
F3591CDC;1;CSF;1;Walsh-FP;MAIN;65;300000.0;5.0;extent:bounded|distance:bounded
F3591CDC;2;SOF;2;Walsh-FP;MAIN;65|71;19000.0;;extent:bounded
F3591CDC;3;INT;2;Walsh-FP;MAIN;74;;;
F3753131;1;CSF;1;Urban Barry Property;MAIN;27;;;
F3753131;2;SOF;2;Urban Barry Property;MAIN;27;;;
F3A2D54F;1;SSF;1;Golden Culvert;MAIN;32|35;;;
F3A2D54F;2;SOF;2;Golden Culvert;MAIN;32|33;;;
F3A2D54F;3;FLD;1;Golden Culvert;MAIN;33;;;
F3A2D54F;4;LTC;2;Golden Culvert;MAIN;33;;;
F3AA0BD3;1;CSF;1;Croinor;MAIN;48|52;;;
F3AA0BD3;2;SHZC;1;Croinor;MAIN;50|52;;;
F3AA0BD3;3;ENE;2;Croinor;MAIN;62;;;
F3AA0BD3;4;SSF;2;Croinor;MAIN;62;;;
F3AA0BD3;5;LTC;2;Croinor;MAIN;62;;;
F3ACEA9C;1;INT;2;Holy Cross;MAIN;15|16;;;
F42E69AC;1;SHZC;1;Main Gold Zone;MAIN;10;;;
F42E69AC;2;FLD;2;Main Gold Zone;MAIN;10;500.0;;
F42E69AC;3;LTC;2;Main Gold Zone;MAIN;10;;;
F43AE255;2;SHZC;2;Gediktepe;MAIN;56;;;
F408E3A4;1;FLD;1;Shahuindo;MAIN;85|92;;;
F408E3A4;2;THR;1;Shahuindo;MAIN;85;;;
F408E3A4;3;FLD;2;Shahuindo;MAIN;93;;;
F408E3A4;4;SHZC;2;Shahuindo;MAIN;93;;;
F408E3A4;5;SSF;2;Shahuindo;MAIN;94;;;
F408E3A4;6;DET;2;Shahuindo;MAIN;103|106;;;
F465AEEB;1;SHZC;2;Independence;MAIN;78;3000.0;;extent:bounded|extent:from_metric_paren
F465AEEB;2;INT;3;Independence;MAIN;78|79|85;;;
F465AEEB;3;THR;1;Independence;MAIN;71|83;;;
F47CA92C;1;SSF;1;Blackdome;MAIN;70|72;;20000.0;distance:bounded
F47CA92C;2;NRM;2;Blackdome;MAIN;64|66|71;;;
F49FAB67;1;SSF;2;Coringa;MAIN;97;;;
F49FAB67;2;SOF;2;Coringa;MAIN;97;;;
F48DD070;1;SOF;2;Chepica vein systems;MAIN;28;;;
F48DD070;2;SOF;2;Chepica vein systems;MAIN;31;;;
F48DD070;3;SOF;3;Chepica vein systems;MAIN;31;;;
F4AD55C4;1;SSF;1;Marmato;MAIN;67|73;;;
F4AD55C4;2;SOF;2;Marmato;MAIN;73;;;
F4AD55C4;3;ENE;3;Marmato;MAIN;73;;;
F4AD55C4;4;THR;2;Marmato;MAIN;73;;;
F4D2E10F;1;THR;1;Kendell Prospect;MAIN;39|47|55;;;
F4D2E10F;2;SHZC;1;Kendell Prospect;MAIN;47;;;
F4D2E10F;3;FLD;2;Kendell Prospect;MAIN;47;;;
F5671B2C;1;SOF;2;La Lamosa;MAIN;32;;;
F5671B2C;2;INT;2;La Lamosa;MAIN;32;;;
F5671B2C;3;LTC;2;La Lamosa;MAIN;32;;;
F4F9EEA6;1;SSF;1;Lemhi Gold Deposit;MAIN;63;270000.0;;extent:bounded
F4F9EEA6;2;THR;2;Lemhi Gold Deposit;MAIN;64|66;;;
F4F9EEA6;3;SHZC;2;Lemhi Gold Deposit;MAIN;66;;;
F4F9EEA6;4;INT;2;Lemhi Gold Deposit;MAIN;72;;;
F58EA6B8;2;INT;2;Tablon;MAIN;17;;;
F58EA6B8;3;SHZC;2;Tablon;MAIN;18;;;
F5793C7A;1;SHZC;2;Cariboo Gold Project;MAIN;158|191|192;;;
F5793C7A;2;FLD;2;Cariboo Gold Project;MAIN;176|178|191;;;
F5793C7A;3;SSF;1;Cariboo Gold Project;MAIN;178;;;
F5AF9BA6;1;SSF;1;Copper Zone;MAIN;27|30|35;100000.0;;extent:bounded
F5F2336F;1;SSF;1;Afric Zone;MAIN;76|77;;;
F5F2336F;2;SHZC;2;Afric Zone;MAIN;77;;;
F601419A;1;BMF;2;Fire Creek;MAIN;53|55;;;
F601419A;2;INC;2;Fire Creek;MAIN;55;;;
F6383225;1;SSF;2;Bell Mountain;MAIN;46;;;extent:bounded|extent:unparseable
F6383225;2;SSF;2;Bell Mountain;MAIN;46;;;extent:unparseable
F6383225;3;INT;2;Bell Mountain;MAIN;46;;;
F626D80F;1;CSF;1;Serpent-Radisson Gold Corridor;MAIN;48;;;
F626D80F;2;SHZC;2;Serpent-Radisson Gold Corridor;MAIN;34|42|45|61|67|72;1000.0;;extent:bounded
F626D80F;3;SOF;2;Serpent-Radisson Gold Corridor;MAIN;48;;;
F626D80F;4;SOF;3;Serpent-Radisson Gold Corridor;MAIN;48;;;
F63EEF33;1;FLD;1;Centennial;MAIN;56;;;
F63EEF33;2;THR;1;Centennial;MAIN;56;;;
F653DF4A;1;SHZC;1;Horne 5 deposit;MAIN;54|55|62;;;
F653DF4A;2;SOF;2;Horne 5 deposit;MAIN;54|55|62;;;
F653DF4A;3;BMF;2;Horne 5 deposit;MAIN;65|69;;;
F6699FCC;1;SHZC;2;Lac Pau;MAIN;13|14|23;;;
F6699FCC;2;FLD;1;Lac Pau;MAIN;13|14;1000.0;;extent:approx_magnitude
F6AD55FE;1;SHZC;2;San Albino Deposit;MAIN;41|43|44;;;
F6AD55FE;2;FLD;3;San Albino Deposit;MAIN;41;;;
F6AD55FE;3;THR;2;San Albino Deposit;MAIN;44;;;
F6B38898;1;SHZC;2;Purimac;MAIN;36;;;
F6B38898;2;CSF;1;Purimac;MAIN;27|32;;;
F6C907B0;1;SHZC;1;Senneterre Property;MAIN;21|24;;;
F6C907B0;2;SOF;2;Senneterre Property;MAIN;21|24;;;
F6C907B0;5;GSC;2;Senneterre Property;MAIN;24;;;
F6ABA39E;1;SSF;1;Mercedes Mine;MAIN;68;;;
F6ABA39E;2;LFT;2;Mercedes Mine;MAIN;63;;;
F7431E0B;1;SSF;2;Shasta;MAIN;52;5000.0;;extent:bounded
F7431E0B;3;SSF;2;Shasta;MAIN;60;;;
F7006858;1;THR;2;Dolphin;MAIN;22|28|30;;;
F7006858;2;SHZC;2;Dolphin;MAIN;25|29;;;
F7006858;4;THR;2;Dolphin;MAIN;29;;;
F7006858;5;INT;2;Dolphin;MAIN;33|34;;;
F7200D6E;1;THR;1;Courtney;MAIN;29|36;;;
F7200D6E;2;SOF;2;Courtney;MAIN;36|37|39;;;
F7200D6E;3;SOF;2;Courtney;MAIN;38;;;
F7200D6E;4;BMF;1;Courtney;MAIN;38;;;
F7200D6E;5;FLD;2;Courtney;MAIN;36|41;;;
F73496E2;1;CSF;1;Sergeevskoe;MAIN;36;;;
F73496E2;2;SHZC;2;Sergeevskoe;MAIN;38|40|41|48;;;
F73496E2;3;SHZC;2;Sergeevskoe;MAIN;38|40|49;;;
F73496E2;4;SOF;2;Sergeevskoe;MAIN;38|41|45|48|49;;;
F74D5963;1;THR;1;Mitchell;MAIN;89|91;;;
F74D5963;2;MYLC;2;Mitchell;MAIN;91;;;
F7557C56;1;SHZC;1;Perron Gold Zones;MAIN;64|65;;;
F7557C56;2;SOF;2;Perron Gold Zones;MAIN;71|72|74;;;
F7557C56;3;INT;3;Perron Gold Zones;MAIN;65;;;
F78752EF;1;TRP;1;JT Deposit;MAIN;49|58;450000.0;300.0;extent:bounded
F78752EF;2;SSF;2;JT Deposit;MAIN;57;;;
F78752EF;3;TRP;2;JT Deposit;MAIN;57;;;
F78752EF;4;SSF;3;JT Deposit;MAIN;58;;;
F7A37D08;1;SSF;1;Tonopah;MAIN;45|46;;;
F7A37D08;2;ENE;3;Tonopah;MAIN;45|46|47;;;
F7A37D08;3;SSF;2;Tonopah;MAIN;45;;;
F7DEB903;1;CSF;1;Frederick House Lake Gold Target;MAIN;17;200000.0;;extent:bounded
F7DEB903;2;SOF;2;Frederick House Lake Gold Target;MAIN;17;50000.0;;
F83A65FE;1;FLD;1;Galleon prospect;MAIN;17;;;
F83A65FE;2;THR;2;Galleon prospect;MAIN;17;;;
F8459888;1;THR;1;ESN Project;MAIN;32|33|38;;;
F8459888;2;BMF;2;ESN Project;MAIN;33|38;;;
F8459888;3;FLD;2;ESN Project;MAIN;38;;;
F895534A;1;SHZC;2;Phum Syarung;MAIN;40;;;
F8787724;1;THR;1;Revel Ridge Main Zone;MAIN;73;;500.0;distance:bounded
F8787724;2;MYLC;2;Revel Ridge Main Zone;MAIN;73|78;8000.0;;extent:bounded
F8787724;3;FLD;2;Revel Ridge Main Zone;MAIN;70;;;
F8C6C5C3;1;SHZC;2;La Lamosa Ridge;MAIN;50;;;
F8C6C5C3;2;SOF;2;La Lamosa Ridge;MAIN;50;;;
F8C6C5C3;3;INT;2;La Lamosa Ridge;MAIN;50;;;
F8C6C5C3;4;INC;2;La Lamosa Ridge;MAIN;50;;;
F8CED75B;1;SSF;2;Nalesbitan Hill;MAIN;13;;;
F8CED75B;2;INT;2;Nalesbitan Hill;MAIN;13;;;
F8CED75B;3;SHZC;2;Nalesbitan Hill;MAIN;15;;;
F8F7FAA3;1;FLD;2;Montauban deposit;MAIN;53|60;;;
F8F7FAA3;2;FLD;3;Montauban deposit;MAIN;53;;;
F8F7FAA3;3;SHZC;2;Montauban deposit;MAIN;55;;;
F900C0E0;1;SHZC;2;Beta Hunt Gold;MAIN;60|62|67|75;;;
F900C0E0;2;SSF;1;Beta Hunt Gold;MAIN;67;;;
F900C0E0;3;FLD;1;Beta Hunt Gold;MAIN;60|66;;;
F900C0E0;4;LTC;3;Beta Hunt Gold;MAIN;57|62|64;;;
F900C0E0;5;INC;2;Beta Hunt Gold;MAIN;63;;;
F905F11B;2;SOF;2;Purdex Gold Zone;MAIN;51;;;
F905F11B;3;SHZC;2;Purdex Gold Zone;MAIN;54|55;;;
F9218C3D;1;SHZC;1;Sugarloaf Peak;MAIN;23|32|42;;;
F9218C3D;2;SOF;2;Sugarloaf Peak;MAIN;32|42;;;
F9218C3D;3;THR;2;Sugarloaf Peak;MAIN;30|42;;;
F9218C3D;4;JOG;2;Sugarloaf Peak;MAIN;48;;;
F93F68EA;1;SOF;2;Cocula Project;MAIN;47;1000.0;;extent:bounded
F93F68EA;2;BXP;2;Cocula Project;MAIN;47;;;
F93F68EA;3;INC;2;Cocula Project;MAIN;48;;;
F96BE301;1;TRT;2;Castle Mountain;MAIN;106;;;
F96BE301;3;INT;2;Castle Mountain;MAIN;107;;;
F9BEDDDF;1;CSF;1;Larder Lake Property;MAIN;23;;;extent:unparseable
FA2ABBC3;1;SOF;2;Klaza vein system;MAIN;66;;;
FA2ABBC3;2;INT;2;Klaza vein system;MAIN;66|70;;;
FA2ABBC3;3;ENE;3;Klaza vein system;MAIN;66;;;
FA12F08A;1;TRT;2;Lawyers Trend;MAIN;110;;;
FA2D25CE;1;SHZC;2;Golden Culvert;MAIN;30|37;;;
FA3229D6;1;SHZC;2;Preview SW;MAIN;31;;;
FA3229D6;2;ENE;3;Preview SW;MAIN;31;;;
FA3229D6;3;SOF;2;Preview SW;MAIN;31;;;
FA3229D6;4;INT;2;Preview SW;MAIN;31;;;
FA3229D6;5;LTC;2;Preview SW;MAIN;33;;;
FAA005F2;1;SHZC;1;Newman-Todd;MAIN;12|19;;;
FAAD2C02;1;FLD;2;Witlage Creek;MAIN;62|64;;;
FAAD2C02;2;SHZC;2;Witlage Creek;MAIN;62;;;
FB55B7CB;1;SSF;1;Rainy River gold project;MAIN;55|61;;;distance:unparseable
FB55B7CB;2;SOF;2;Rainy River gold project;MAIN;61;;;
FB55B7CB;3;FLD;2;Rainy River gold project;MAIN;61;;;
FB55B7CB;4;SHZC;2;Rainy River gold project;MAIN;65|68;;;
FB55B7CB;5;SHZC;3;Rainy River gold project;MAIN;67;1.0;;
FB55B7CB;6;SSF;3;Rainy River gold project;MAIN;69;;;
FB188936;1;SSF;2;Archimedes complex;MAIN;69|70|78;;;
FB188936;2;SOF;2;Archimedes complex;MAIN;69|70|78;;;
FB188936;3;SSF;2;Archimedes complex;MAIN;69|70|84;;;
FB188936;4;SOF;2;Archimedes complex;MAIN;69|70;;;
FB188936;5;SOF;2;Archimedes complex;MAIN;70|79;;;
FB188936;6;FLD;3;Archimedes complex;MAIN;79;;;
FB8AB413;1;SSF;1;Toroparu Deposit;MAIN;84;;;
FB8AB413;2;JOG;2;Toroparu Deposit;MAIN;84;;;
FB8AB413;3;THR;2;Toroparu Deposit;MAIN;87;;;
FB8AB413;4;INC;2;Toroparu Deposit;MAIN;87|89;;;
FB8AB413;5;LTC;2;Toroparu Deposit;MAIN;87|89;;;
FB8AB413;6;INT;2;Toroparu Deposit;MAIN;88;;;
FB8AB413;7;SHZC;2;Toroparu Deposit;MAIN;89;;;
FB8AB413;8;ENE;3;Toroparu Deposit;MAIN;89;;;
FB9A0A42;1;MYLC;1;Committee Bay Area Project;MAIN;37;;;
FB9A0A42;2;SHZC;1;Committee Bay Area Project;MAIN;37|38;;;
FB9A0A42;4;FLD;2;Committee Bay Area Project;MAIN;43;;;
FB9A0A42;5;INT;2;Committee Bay Area Project;MAIN;43;;;
FBDDD661;1;SHZC;2;New Beliveau;MAIN;100;;;
FBDDD661;2;SOF;2;New Beliveau;MAIN;100|104;;;
FC282D5A;1;CSF;1;Reef;MAIN;39;44000.0;;extent:bounded
FC282D5A;2;SOF;2;Reef;MAIN;39|40;;;
FC282D5A;3;MYLC;2;Reef;MAIN;38|40;;;
FC21013D;1;BMF;1;Eskay Creek;MAIN;60|75|78;;;
FC21013D;2;FLD;2;Eskay Creek;MAIN;61|65;;;
FC21013D;3;THR;2;Eskay Creek;MAIN;65;;;
FC21013D;4;SSF;2;Eskay Creek;MAIN;65;;;
FC4DEE3D;1;SSF;1;Antapite Mine;MAIN;28;;;
FC4DEE3D;2;SSF;2;Antapite Mine;MAIN;28;;;
FC4DEE3D;3;SSF;1;Antapite Mine;MAIN;28|35;;;
FC4DEE3D;4;JOG;2;Antapite Mine;MAIN;35;;;
FC4DEE3D;5;INT;2;Antapite Mine;MAIN;35;;;
FC9EFEA2;1;SSF;1;Casposo;MAIN;31;10000.0;;
FC9EFEA2;2;JOG;2;Casposo;MAIN;27;;;
FCBC1184;1;SHZC;1;Bryce Gold Property;MAIN;41|54;10000.0;;extent:bounded
FCBC1184;2;SOF;2;Bryce Gold Property;MAIN;54;;;
FCBC1184;4;SHZC;1;Bryce Gold Property;MAIN;54;;;
FCCE729C;1;LTC;2;Thurber Gold Trend;MAIN;29|38|49;;;
FCCE729C;2;FLD;2;Thurber Gold Trend;MAIN;29|49;;;
FCCE729C;3;SHZC;2;Thurber Gold Trend;MAIN;32|45|49;;;
FCCE729C;4;JOG;2;Thurber Gold Trend;MAIN;49;;;
FD21B936;1;SHZC;2;Amber Zone;MAIN;26|36;;;
FD21B936;2;INT;2;Amber Zone;MAIN;26;;;
FD21B936;3;SHZC;2;Amber Zone;MAIN;26|27;;;
FCD43C7C;1;BMF;1;Midas;MAIN;51;;;
FCD43C7C;2;SSF;2;Midas;MAIN;57|58;;;
FCD43C7C;3;SOF;2;Midas;MAIN;57;;;
FCD43C7C;4;JOG;3;Midas;MAIN;57|58;;;
FD564F86;1;SSF;2;Dory Property;MAIN;17|18;;;
FD728A17;1;SHZC;1;Baner Project;MAIN;33|34|38;;;
FD728A17;2;SOF;2;Baner Project;MAIN;38|41|48;;;
FD728A17;3;SSF;1;Baner Project;MAIN;41|52;;;
FD728A17;4;JOG;2;Baner Project;MAIN;41;;;
FE367CC0;1;CSF;1;Augusta;MAIN;6|76;;;
FE367CC0;2;FLD;1;Augusta;MAIN;6|76|78|80;;;
FE367CC0;3;SOF;2;Augusta;MAIN;6|78;;;
FE367CC0;4;INT;2;Augusta;MAIN;6|84;;;
FE367CC0;5;ENE;3;Augusta;MAIN;80;;;
FE3C5443;1;JOG;2;Los Crestones;MAIN;32;;;
FE3C5443;2;ENE;3;Los Crestones;MAIN;32;;;
FE4D71B5;1;SHZC;1;Marston;MAIN;43|58;;;
FE4D71B5;2;SHZC;1;Marston;MAIN;48;;;
FE5D75A3;1;SSF;2;La Gitana;MAIN;10|13;;;
FE68615C;1;SHZC;1;Chirano;MAIN;32|34;;200.0;
FE68615C;2;JOG;2;Chirano;MAIN;32|34|41;;;
FE68615C;3;SHZC;2;Chirano;MAIN;36;;;
FF25AA28;2;SOF;2;La Libertad;MAIN;90;;;
FF29FA2D;1;BMF;2;Mercury One;MAIN;49|61|65;;;
FF29FA2D;2;SSF;2;Mercury One;MAIN;49;;;
FF29FA2D;3;THR;1;Mercury One;MAIN;49;;;
FF29FA2D;4;GSC;2;Mercury One;MAIN;65;;;
FF29FA2D;5;LTC;2;Mercury One;MAIN;84;;;
FF501A3C;1;SHZC;2;Glen Auden Gold Zone;MAIN;30|31|33;;;
FF53B0CA;1;SSF;1;Baker;MAIN;44;;;
FF53B0CA;3;INT;3;Baker;MAIN;56;;;
FF6B3D13;1;FLD;1;Al Halahila Main Zone;MAIN;38;;;
FF6B3D13;2;FLD;2;Al Halahila Main Zone;MAIN;38;;;
FF6B3D13;3;THR;2;Al Halahila Main Zone;MAIN;26;;;
07AF93F5;1;CSF;1;Fuller deposit;MAIN;19;440000.0;;
07AF93F5;2;FLD;2;Fuller deposit;MAIN;21|24;;;
07AF93F5;3;SHZC;2;Fuller deposit;MAIN;24;;;
FFB16654;1;CSF;1;Meadowbank Area Project;MAIN;12|33;;;
FFB16654;2;SHZC;2;Meadowbank Area Project;MAIN;38|39;;;
FFB16654;3;FLD;2;Meadowbank Area Project;MAIN;38|39;;;
FFB16654;4;THR;1;Meadowbank Area Project;MAIN;50;;;
02848679;1;SOF;2;Nasedkino;MAIN;32;;;
5043734F;1;SHZC;1;Zone Hamelin;MAIN;23|32;;;
2736ACB0;1;FLD;2;Buffalo-Ankerite South;MAIN;17|18;;;
2736ACB0;2;CSF;1;Buffalo-Ankerite South;MAIN;17|18;440000.0;;extent:bounded|distance:unparseable
2736ACB0;3;SOF;2;Buffalo-Ankerite South;MAIN;18;;;
2736ACB0;4;GSC;2;Buffalo-Ankerite South;MAIN;18;;;
3A89EF88;1;CSF;1;Santo Antonio;MAIN;15;;;
5F622144;1;SSF;1;Pinguino;MAIN;14;15000.0;;
5F622144;2;SSF;2;Pinguino;MAIN;14;;;
5F622144;3;INT;3;Pinguino;MAIN;14|16;;;
5F622144;4;JOG;3;Pinguino;MAIN;14;;;
515A6D4D;1;CSF;1;Cerro del Gallo;MAIN;32;;;
515A6D4D;2;THR;2;Cerro del Gallo;MAIN;32;;;
515A6D4D;3;SSF;2;Cerro del Gallo;MAIN;32;;;
786E14AE;1;THR;1;Krátke;MAIN;11;;;
786E14AE;2;MYLC;2;Krátke;MAIN;11;;;
6F8AF3D8;1;FLD;1;Windfall;MAIN;135;;;
6F8AF3D8;2;SHZC;2;Windfall;MAIN;135|147;;;
6F8AF3D8;3;ENE;3;Windfall;MAIN;135;;;
6F8AF3D8;4;LTC;2;Windfall;MAIN;147;;;
76F392A5;1;ENE;2;Columario;MAIN;22|27;;;
623449A8;1;SHZC;2;Goodman East Zone;MAIN;28|32|36;;;
623449A8;2;GSC;1;Goodman East Zone;MAIN;28|36;;;
7E1DC3A7;1;FLD;2;Beaufort;MAIN;34|38|43;;;
7E1DC3A7;2;THR;2;Beaufort;MAIN;38|43;;;
7B6523F8;1;TRP;1;Hope Brook;MAIN;52|66;;;
871D644B;1;SHZC;1;Auriferous Quartz Reefs;MAIN;33|37;;12500.0;distance:range_mean
871D644B;2;TRP;1;Auriferous Quartz Reefs;MAIN;36;;;
871D644B;3;SOF;2;Auriferous Quartz Reefs;MAIN;39|46;;;
871D644B;4;INT;2;Auriferous Quartz Reefs;MAIN;39|46;;;
833C9BF8;1;CSF;1;La Bolsa;MAIN;40;;;
833C9BF8;2;DET;2;La Bolsa;MAIN;42|43;;;
833C9BF8;4;INT;2;La Bolsa;MAIN;43;;;
833C9BF8;5;JOG;2;La Bolsa;MAIN;43;;;
8CFB4C14;1;CSF;1;Buffalo-Ankerite;MAIN;16;440000.0;;extent:bounded
8CFB4C14;2;FLD;2;Buffalo-Ankerite;MAIN;17;;;
8CFB4C14;3;SOF;2;Buffalo-Ankerite;MAIN;17;;;
8D7A0508;2;ENE;3;Chépica vein systems;MAIN;27;;;
923593E5;2;INT;2;DeLamar area;MAIN;67;;;
923593E5;3;CLD;2;DeLamar area;MAIN;63;;;
A9A0DB31;1;SHZC;2;Itilima Shear Zone;MAIN;28;;;
A9A0DB31;2;ENE;3;Itilima Shear Zone;MAIN;45|60;;;
A9A0DB31;3;LTC;2;Itilima Shear Zone;MAIN;82;;;
CC12C071;1;SSF;1;Cerro Verde;MAIN;13;;;
D48F55E2;1;CSF;1;Canadian Malartic;MAIN;51;;;
D48F55E2;2;SOF;2;Canadian Malartic;MAIN;52|54;;;
D48F55E2;3;SHZC;2;Canadian Malartic;MAIN;54;;;
B4D78233;1;BMF;1;Iron Point;MAIN;30|31|34;;;
B4D78233;2;INT;2;Iron Point;MAIN;19|34;;;
B4D78233;3;THR;2;Iron Point;MAIN;17|40|41;;;
B4D78233;4;FLD;2;Iron Point;MAIN;15|17|41;;;
B4D78233;5;SHZC;2;Iron Point;MAIN;19|36|41;;;
ED72EA3D;1;SSF;2;Kearney Vein;MAIN;16;;;
ED72EA3D;2;ENE;3;Kearney Vein;MAIN;16;;;
ED72EA3D;3;THR;1;Kearney Vein;MAIN;16;;1000.0;distance:bounded
ED72EA3D;4;SHZC;2;Kearney Vein;MAIN;16|17;;;
ED72EA3D;5;INT;3;Kearney Vein;MAIN;18;;;
F74959B2;1;BLK;N/A;Kemess South;MAIN;13|15;;;
F76FBAFC;1;SHZC;2;Itilima Shear Zone;MAIN;28|45;;;
F76FBAFC;2;FLD;2;Itilima Shear Zone;MAIN;62|83;;;
F76FBAFC;3;LTC;2;Itilima Shear Zone;MAIN;28|54|82;;;
1F4E2BEE;1;CSF;1;Drumlummon;MAIN;13;;;
1F4E2BEE;2;DOM;2;Drumlummon;MAIN;13;;;
1F4E2BEE;3;SOF;2;Drumlummon;MAIN;13;;;
1F4E2BEE;4;INT;3;Drumlummon;MAIN;15;;;
F8DFAB5E;1;CLD;2;Tuscarora;MAIN;31;;;
F8DFAB5E;2;FLD;2;Tuscarora;MAIN;31;;;
F8DFAB5E;3;SSF;2;Tuscarora;MAIN;32;;;
F8DFAB5E;4;BMF;1;Tuscarora;MAIN;32;;;
A0E31A38;1;SHZC;2;Claim 516119 Anomalies;MAIN;13;;;
A9C738B1;1;SSF;1;Claim 516119 Anomalies;MAIN;13;;;
A9C738B1;2;SHZC;3;Claim 516119 Anomalies;MAIN;13;;;
AA167670;1;THR;1;Atenea;MAIN;40;;;
AA167670;2;SSF;1;Atenea;MAIN;40;;;
AA167670;3;SSF;2;Atenea;MAIN;40|42;;;
B8398DA2;1;SHZC;1;Johan Beetz Feldspar deposit;MAIN;24;;;
B8398DA2;2;FLD;2;Johan Beetz Feldspar deposit;MAIN;34;;;
B83E901B;1;SHZC;1;Sherlock;MAIN;45;;;
B83E901B;3;THR;2;Sherlock;MAIN;66;;;
B85BDB45;1;SSF;1;Gnome;MAIN;31;;;
B85BDB45;2;THR;1;Gnome;MAIN;31|42;;;
B85BDB45;3;FLD;1;Gnome;MAIN;31|42;;;
B85BDB45;4;BMF;2;Gnome;MAIN;43|50;;;
B85BDB45;5;THR;2;Gnome;MAIN;49|50;;;
B85BDB45;6;FLD;2;Gnome;MAIN;49|50;;;
B88CF630;1;CSF;1;William Lake trend;MAIN;14|35;;;
B88CF630;2;FLD;2;William Lake trend;MAIN;35|47|52|64;;;
B88CF630;3;SOF;2;William Lake trend;MAIN;35;;;
B87B9695;1;NRM;2;Ahmavaara;MAIN;48;;;
B87B9695;2;THR;2;Ahmavaara;MAIN;48;;;
B87B9695;3;LTC;2;Ahmavaara;MAIN;48;;;
B8DA6689;1;FLD;1;Corsa Properties;MAIN;49;;;
B9340F16;1;BMF;1;Mengo;MAIN;26;;;
B9507E64;1;MYLC;2;Taca Taca;MAIN;37;;;
B9507E64;2;NRM;2;Taca Taca;MAIN;37;;;
B9507E64;3;THR;1;Taca Taca;MAIN;26;;;
B937321D;1;NRM;1;Kevitsa;MAIN;30|32;;;
B937321D;3;SHZC;2;Kevitsa;MAIN;36;;;
B985DBF1;1;FLD;2;Mouchalagane Iron Formations;MAIN;15|16|19;;;
B985DBF1;2;THR;2;Mouchalagane Iron Formations;MAIN;19;;;
B98C20E9;2;SHZC;2;Dead Horse Creek Diatremes;MAIN;21;70.0;;extent:bounded
B99787C6;1;SSF;2;Rogers Farm;MAIN;36;;;
B987C0E1;1;CSF;1;Chelopech;MAIN;68;;;
B987C0E1;2;SSF;1;Chelopech;MAIN;62;;;
B987C0E1;3;NRM;1;Chelopech;MAIN;62|68;;;
B987C0E1;4;BMF;1;Chelopech;MAIN;62;;;
B987C0E1;5;SOF;2;Chelopech;MAIN;59|68;;;
B987C0E1;6;BXP;2;Chelopech;MAIN;59;;;
B987C0E1;7;TRT;N/A;Chelopech;MAIN;61;;;
B987C0E1;9;THR;2;Chelopech;MAIN;62|68;;;
B9A0F630;1;SHZC;1;Bisha Main;MAIN;59;300000.0;;extent:bounded
B9A0F630;2;MYLC;1;Bisha Main;MAIN;60;;;
B9A0F630;3;FLD;2;Bisha Main;MAIN;65;;;
B9A33FF6;1;SHZC;1;Ministikuchum Island Uranium;MAIN;35;;;
B9A82374;1;FLD;1;Gloucester Project;MAIN;50;35000.0;;extent:from_2d_footprint|extent:extent_long_axis
B9A82374;2;FLD;1;Gloucester Project;MAIN;48|50;;;
B9A82374;3;FLD;2;Gloucester Project;MAIN;50;;;
B9A82374;4;CSF;1;Gloucester Project;MAIN;51;;;
B9A82374;5;THR;1;Gloucester Project;MAIN;44|46|47;;;
B9C3F34D;3;INT;2;Maverick Graphite;MAIN;34;;;
B9C3F34D;4;CSF;1;Maverick Graphite;MAIN;31|38;;;
B9FD8048;1;THR;1;Vista Coal Project;MAIN;52|53;;;
B9FD8048;2;FLD;1;Vista Coal Project;MAIN;53;;;
B9FD8048;3;FLD;2;Vista Coal Project;MAIN;52|53;;;
BA0CAFB6;1;SSF;1;Genesis Property;MAIN;25|34|35|37|39;;;
BA0CAFB6;2;SHZC;1;Genesis Property;MAIN;25|27;;;
BA0CAFB6;4;FLD;2;Genesis Property;MAIN;27|35|37|39|41;;;
BA171E23;1;THR;1;Haquira East;MAIN;65;;;
BA171E23;2;FLD;1;Haquira East;MAIN;65;;;
BA171E23;3;SOF;2;Haquira East;MAIN;65;;;
BA171E23;4;FLD;2;Haquira East;MAIN;65;;;
BA171E23;5;THR;2;Haquira East;MAIN;65;;;
BA3D42BB;1;THR;2;Sheps and Perault Lake;MAIN;30;;;
BA43678B;1;SHZC;2;Horden Lake Deposit;MAIN;36;;;
BA43678B;2;GSC;2;Horden Lake Deposit;MAIN;36;;;
BA6F2CC4;1;CSF;1;Alpala;MAIN;82;;;
BA6F2CC4;2;SSF;1;Alpala;MAIN;80|82|84;;;
BA6F2CC4;5;INT;2;Alpala;MAIN;95;;;
C0886A74;1;THR;2;Turmalina Mine;MAIN;73;;;
C0886A74;2;SHZC;1;Turmalina Mine;MAIN;113;;;
FA25CD20;1;BMF;2;Cerro Blanco;MAIN;75|82|84;;;
FA25CD20;4;FLD;2;Cerro Blanco;MAIN;84;;;
FA25CD20;5;THR;2;Cerro Blanco;MAIN;84;;;
FA25CD20;6;LTC;3;Cerro Blanco;MAIN;85|87;;;
F6E4EA44;1;TRP;1;Windfall;MAIN;113;;;
F6E4EA44;2;SHZC;1;Windfall;MAIN;114|151;;;
F6E4EA44;4;SHZC;2;Windfall;MAIN;114|116|152;;;
F6E4EA44;5;ENE;3;Windfall;MAIN;116;;;
F6E4EA44;6;LTC;2;Windfall;MAIN;151;;;
ECDE1F0F;1;BMF;2;Newton;MAIN;65;;;
ECDE1F0F;2;LFT;2;Newton;MAIN;65;;;
F86FD195;1;SSF;1;El Zapote;MAIN;62|77;;;
C03783C6;1;SHZC;2;Guadalupe Project;MAIN;41;;;
00FE19F5;1;INT;2;Eureka West;MAIN;61;;;
DAEF9F13;1;CSF;1;Zani-Kodo;MAIN;48;300000.0;;extent:approx_magnitude
DAEF9F13;2;SHZC;1;Zani-Kodo;MAIN;38|48;;;
DAEF9F13;3;SSF;1;Zani-Kodo;MAIN;40;;;
DAEF9F13;4;INT;2;Zani-Kodo;MAIN;40|48;;;
DAEF9F13;6;LTC;2;Zani-Kodo;MAIN;43|68;;;
DAEF9F13;7;THR;1;Zani-Kodo;MAIN;48;;;
DAEF9F13;8;SOF;2;Zani-Kodo;MAIN;62;;;
8DD15988;1;SHZC;2;S-50 Zone;MAIN;106|117;;;
BA8ECAB9;1;CSF;1;Mantoverde;MAIN;58|61|69;;;
BA8ECAB9;2;SOF;2;Mantoverde;MAIN;61;12000.0;;
BA8ECAB9;3;INT;2;Mantoverde;MAIN;76;;;
BAC349FD;1;SSF;1;Horseshoe;MAIN;31|38;;;distance:unparseable
BAC349FD;2;THR;2;Horseshoe;MAIN;40|48;;;
BAC349FD;3;THR;1;Horseshoe;MAIN;30;40000.0;4000.0;extent:bounded
BA8DE749;1;FLD;1;Huguenot Coal Project;MAIN;40;;;
BA8DE749;2;THR;1;Huguenot Coal Project;MAIN;40;;;
BA8DE749;3;THR;2;Huguenot Coal Project;MAIN;40;;;
BA8DE749;4;THR;2;Huguenot Coal Project;MAIN;41;;;
BA8DE749;5;FLD;2;Huguenot Coal Project;MAIN;40|47|52|55;;;
BAD310B1;1;INT;2;Tchiuzo;MAIN;74;;;
BAD310B1;2;CSF;1;Tchiuzo;MAIN;70;1200000.0;;
BB35548D;1;FLD;1;Ochoa Project;MAIN;60;;;
BAF67F2D;1;SSF;1;Area 4;MAIN;35|39|47|58;3000.0;;extent:approx_magnitude
BB4EC0B6;1;FLD;2;C-Zone;MAIN;49|53;;;
BB550FDD;1;CSF;1;Pat;MAIN;11;;;
BB456657;1;BMF;1;K252;MAIN;42;;;
BB7314F1;1;CSF;1;Kyle Kimberlites;MAIN;22;;;
BB83C1C2;1;SSF;N/A;Roby Zone;MAIN;54|60;;;
BB861F3A;1;BMF;2;Salar de Diablillos;MAIN;49;;;
BB8F2D1A;1;FLD;1;Vista;MAIN;24;;;
BB8F2D1A;2;THR;1;Vista;MAIN;24;;;
BB8F2D1A;3;FLD;2;Vista;MAIN;24;;;
BB9E4CCA;1;CSF;1;Salar de Pastos Grandes;MAIN;44;;;
BB9E4CCA;2;INT;1;Salar de Pastos Grandes;MAIN;44;;;
BB9E4CCA;3;BMF;2;Salar de Pastos Grandes;MAIN;55;;;
BB928D59;2;SSF;1;Huanza property;MAIN;17;;;
BB928D59;3;SOF;2;Huanza property;MAIN;17;;;
BBA59BA1;1;CSF;1;Sleitat;MAIN;18|19;;;
BB98B8D7;1;SHZC;1;Furnas;MAIN;29|30|35;100000.0;;
BB98B8D7;2;JOG;2;Furnas;MAIN;35;;;
BBB59188;1;INT;1;Ivana;MAIN;30|33;;;
BBD284C0;1;BMF;1;Grass Valley;MAIN;52|54|56;;;
BBDB221E;1;FLD;2;Lac Dore;MAIN;42|43;;;
BBD7C48E;3;BXP;2;Soledad tourmaline breccia pipes;MAIN;43|48;;;
BBDF8FA9;1;THR;N/A;Arex and Ambrex;MAIN;35|40;;;
BBDF8FA9;2;SSF;N/A;Arex and Ambrex;MAIN;38;;;
BBDF8FA9;3;FLD;N/A;Arex and Ambrex;MAIN;40;;;
BBFC1ADF;1;FLD;2;Lac Lamêlée South;MAIN;50|51|52;2500.0;;
BBFC1ADF;2;SSF;2;Lac Lamêlée South;MAIN;50;;;
BC0AB846;1;THR;N/A;Murray Brook;MAIN;31|32|36;;;
BC09C7C7;1;CSF;1;Alpala;MAIN;80|82|84;;;
BC09C7C7;2;SOF;2;Alpala;MAIN;86|88|95;;;
BC09C7C7;3;SOF;3;Alpala;MAIN;86|88;;;
BC09C7C7;4;INT;2;Alpala;MAIN;95;;;
BC17ECA3;1;FLD;2;Iron Ore Hill;MAIN;25|26|32|33;;;
BC402EDE;1;CSF;1;Quebrada Blanca;MAIN;44;;3000.0;distance:bounded
BC402EDE;2;SOF;2;Quebrada Blanca;MAIN;47;;;
BC402EDE;4;NRM;N/A;Quebrada Blanca;MAIN;55;;;
BC402EDE;5;THR;N/A;Quebrada Blanca;MAIN;52;;;
BC528F42;1;SOF;2;Basin East;MAIN;50|58;;;
BC528F42;2;SOF;2;Basin East;MAIN;51;;;
BC528F42;3;SHZC;1;Basin East;MAIN;51;;;
BC51476F;2;THR;1;Ming Mine;MAIN;52;;;
BC51476F;3;THR;1;Ming Mine;MAIN;51|65;;;
BC498F14;1;SOF;2;Lisle Zone;MAIN;66;;;
BC498F14;2;BXP;2;Lisle Zone;MAIN;77|87|89;;;
BC498F14;3;SHZC;2;Lisle Zone;MAIN;77;;;
BC591773;1;SSF;1;Teels Marsh;MAIN;25|27;;;
BC591773;2;LFT;2;Teels Marsh;MAIN;43;;;
BC591773;3;SSF;1;Teels Marsh;MAIN;25|30;;;
BCABE52F;1;SHZC;2;Carina;MAIN;60|61;;;
BCABE52F;2;SHZC;1;Carina;MAIN;57|60;;;
BCD0575C;1;CSF;1;Mayaniquel Project;MAIN;46;;;
BCD0575C;2;THR;2;Mayaniquel Project;MAIN;46;;;
BCD0575C;3;INT;2;Mayaniquel Project;MAIN;51;;;
BCAD3B17;1;NRM;1;Merensky Reef;MAIN;33;;;
BCAD3B17;2;LFT;2;Merensky Reef;MAIN;36;;;
BCAD3B17;4;FLD;2;Merensky Reef;MAIN;33;;;
BCC74BEB;2;INT;2;Reforma;MAIN;27;;;
BCC74BEB;3;INC;2;Reforma;MAIN;27;;;
BCE46F84;1;SSF;1;GAS halite deposit;MAIN;64;;;
BCDEFC93;1;BMF;1;Banio Potash Project;MAIN;80|97;;;
BCDEFC93;2;SSF;2;Banio Potash Project;MAIN;80|98|99|100;;;
BCDEFC93;3;THR;2;Banio Potash Project;MAIN;99|101;;;
BCF00A48;1;CSF;1;Bishop Claims;MAIN;41;;;
BCF00A48;2;CSF;1;Bishop Claims;MAIN;42;;300.0;distance:approx_magnitude
BCF00A48;3;SOF;2;Bishop Claims;MAIN;42;;;
BCF00A48;4;INC;2;Bishop Claims;MAIN;41;;;
BCE4F9DE;1;BXP;2;Klappibacken;MAIN;28|32;;;
BCE4F9DE;2;SHZC;2;Klappibacken;MAIN;33;;;
BD3BC3DF;1;INT;2;Čukaru Peki;MAIN;65;;;
BD3BC3DF;3;THR;1;Čukaru Peki;MAIN;62|64;;;
BD1CB0D3;1;THR;1;Presqueiras-Taboazas;MAIN;44;;;
BD1CB0D3;2;INC;2;Presqueiras-Taboazas;MAIN;41|44;;;
BD1CB0D3;3;FLD;2;Presqueiras-Taboazas;MAIN;43;;;
BD550B2D;1;SSF;1;James Bay Lowlands Nickel Project;MAIN;24;;;
BD550B2D;2;SHZC;1;James Bay Lowlands Nickel Project;MAIN;26;;;
BD550B2D;3;SHZC;1;James Bay Lowlands Nickel Project;MAIN;24;;;
BD5836A8;1;THR;1;Paris Hills;MAIN;57|61;;;
BD5836A8;2;FLD;2;Paris Hills;MAIN;56|61;;;
BD5836A8;3;BMF;1;Paris Hills;MAIN;61;;;
BD5836A8;4;SSF;2;Paris Hills;MAIN;61|63;;;
BD85FE02;1;SHZC;2;Fortuna and Teresa Shear Zone;MAIN;23;4000.0;;extent:bounded
BD85FE02;2;LTC;2;Fortuna and Teresa Shear Zone;MAIN;23;;;
BD4FB4B5;1;FLD;1;Bracemac-McLeod;MAIN;36;;;
BD4FB4B5;3;BMF;2;Bracemac-McLeod;MAIN;36|37|41;;;
BDBB92DD;1;SSF;1;Zafranal Main Zone;MAIN;47;;;
BDBB92DD;2;SHZC;2;Zafranal Main Zone;MAIN;47;;;
BDA1B15F;2;BMF;2;Piskanja;MAIN;34|40;;;
BD9D78C6;1;SHZC;1;Los Azules;MAIN;60;7000.0;;
BD9D78C6;2;FLD;1;Los Azules;MAIN;60;;;
BD9D78C6;3;SSF;2;Los Azules;MAIN;60;;;
BD9D78C6;4;THR;2;Los Azules;MAIN;60;;;
BD9D78C6;5;SOF;2;Los Azules;MAIN;60;;;
BDDFBC60;1;SSF;2;Hadal Awatib East;MAIN;30|31|45;;;
BDE18B03;1;SHZC;1;Cozamin;MAIN;65;;;
BDE18B03;2;SOF;2;Cozamin;MAIN;65;;;
BDF7E37B;1;CSF;1;MG01;MAIN;40;;;
BE15A531;1;THR;1;Ovoot Tolgoi Deposit;MAIN;44|54;;;
BE15A531;2;FLD;1;Ovoot Tolgoi Deposit;MAIN;48;;;
BE15A531;3;THR;2;Ovoot Tolgoi Deposit;MAIN;49;;;
BE15A531;4;FLD;2;Ovoot Tolgoi Deposit;MAIN;49;;;
BE15A531;5;FLD;2;Ovoot Tolgoi Deposit;MAIN;54;;;
BE00B7F5;1;CSF;1;Hannukainen;MAIN;55;250000.0;;extent:from_2d_footprint|extent:extent_long_axis
BE00B7F5;2;THR;2;Hannukainen;MAIN;59|66;;;
BE13B37F;1;CSF;1;Iron-Beaver project;MAIN;23;100000.0;;
BE13B37F;2;NRM;2;Iron-Beaver project;MAIN;24|25;;;
BE13B37F;3;INC;2;Iron-Beaver project;MAIN;28;;;
BE27034F;1;CSF;1;Hombre Muerto North;MAIN;46;;;
BE27034F;2;BMF;2;Hombre Muerto North;MAIN;52|55;;;
BE6A3F20;1;SHZC;1;Zandkopsdrift;MAIN;41|42;;;
BE6A3F20;2;SHZC;2;Zandkopsdrift;MAIN;42;;;
BE786849;1;THR;2;Lemarchant Deposit;MAIN;40;;;
BE786849;2;SSF;2;Lemarchant Deposit;MAIN;40;;;
BE786849;3;SHZC;2;Lemarchant Deposit;MAIN;53|55;;;
BE786849;4;FLD;2;Lemarchant Deposit;MAIN;53;;;
BE9F226A;1;FLD;2;Churchrock;MAIN;53;;;
BE9F226A;2;SOF;2;Churchrock;MAIN;53;;;
BE9DC91E;1;THR;2;Davidson;MAIN;22;;;
BECB5781;1;BMF;2;Johnny Lee;MAIN;97;;;
BECB5781;2;TRP;1;Johnny Lee;MAIN;100|101;;;
BECB5781;3;SOF;2;Johnny Lee;MAIN;101|127;;;
BECB5781;4;FLD;2;Johnny Lee;MAIN;100|107;;;
BEE04A3E;1;SHZC;2;Whabouchi;MAIN;24|26;;;
BEE4AE32;1;BMF;1;Sonora Lithium Project;MAIN;38;;;
BEE4AE32;2;SSF;2;Sonora Lithium Project;MAIN;39;;;
BEEA7EF8;1;BMF;1;Gabriel Project;MAIN;27;;;
BEEA7EF8;2;CLD;1;Gabriel Project;MAIN;27|28;;;
BEECB47A;1;SSF;2;Langis deposit;MAIN;39;;;
BEECB47A;2;THR;2;Langis deposit;MAIN;40;;;
BF038734;1;BMF;2;Blawn Mountain;MAIN;74|77;;;
BF027893;2;LTC;3;South Mountain;MAIN;27;;;
BF0E3A89;2;SSF;2;Alaskite Zone;MAIN;36;;;
BF3721F2;1;NRM;2;Leduc Formation Aquifer;MAIN;66|67;;;
BF1E1EA7;1;CSF;1;El Sol;MAIN;30;;5000.0;
BF1E1EA7;2;FLD;2;El Sol;MAIN;32|34|41;;;
BF5173BF;1;THR;2;Samapleu Deposits;MAIN;45;;;
BF5173BF;2;SHZC;1;Samapleu Deposits;MAIN;47|48;;;
BF5173BF;3;FLD;2;Samapleu Deposits;MAIN;48;;;
BF59F6E2;1;CSF;1;Santa Rita;MAIN;27;100000.0;;extent:bounded
BF59F6E2;2;FLD;2;Santa Rita;MAIN;27;;;
BF59F6E2;3;CLD;2;Santa Rita;MAIN;30;;;
BF6CD2D6;1;SHZC;2;Duval showings;MAIN;47;;;
BF683D6E;1;FLD;1;Kombat Mine;MAIN;57;;;
BF683D6E;3;SSF;2;Kombat Mine;MAIN;58|68;;;
BF683D6E;4;FLD;2;Kombat Mine;MAIN;59|60|64;;;
BF683D6E;5;SHZC;2;Kombat Mine;MAIN;59;;;
BF899084;1;INT;2;Bisiye;MAIN;23;;;
BF93360F;1;SHZC;2;Troitsa Porphyry System;MAIN;117;;;
BF94A0F5;1;FLD;N/A;Los Santos;MAIN;23;;;
BF99692D;1;SHZC;N/A;Pardoe Lake Project Target;MAIN;10;;;
BF99692D;2;SHZC;N/A;Pardoe Lake Project Target;MAIN;11;;;
BF99692D;3;MYLC;N/A;Pardoe Lake Project Target;MAIN;11;;;
BFA710AD;1;SHZC;1;Main Zone;MAIN;59|62;;;
BFA86D41;1;THR;1;Hazard Coal Seams;MAIN;25;;;
BFA86D41;2;FLD;1;Hazard Coal Seams;MAIN;25;;;
BFA95E03;1;BMF;1;Van Dyke;MAIN;55;;;
BFA95E03;2;SOF;2;Van Dyke;MAIN;56;;;
BFA95E03;3;INT;2;Van Dyke;MAIN;56;;;
BFC41F93;1;THR;2;Turner's Ridge;MAIN;49|51;;;
BFD82B32;1;CSF;1;Nakina Li Property;MAIN;35;;;
C0006A8D;1;CSF;1;Sunlight property;MAIN;12;;1000.0;extent:unparseable
C0006A8D;2;SOF;2;Sunlight property;MAIN;12;;;
BFDEF3A2;1;THR;2;Mt Elliott;MAIN;42;;;
BFDEF3A2;2;SOF;2;Mt Elliott;MAIN;42;;;
BFDEF3A2;3;FLD;2;Mt Elliott;MAIN;42|43;;;
BFF9F88B;1;CSF;1;Madrugador;MAIN;31|36;;;
BFF9F88B;2;SOF;2;Madrugador;MAIN;36|41;;;
C0060053;1;FLD;1;Duncan Lake Project;MAIN;28|34|37|42;;;
C0060053;2;NRM;2;Duncan Lake Project;MAIN;43;;;
C0060053;3;SSF;2;Duncan Lake Project;MAIN;36;;;
C026F4B9;1;CSF;1;Cranberry Creek Property;MAIN;43|44|95;250000.0;;
C026F4B9;2;SSF;1;Cranberry Creek Property;MAIN;43;;;
C026F4B9;3;FLD;2;Cranberry Creek Property;MAIN;45|95;;;
C013495A;1;BMF;1;Mestena Grande Project;MAIN;29;;;
C013495A;3;SOF;2;Mestena Grande Project;MAIN;29|38|39;;;
C0593FA9;1;MYLC;1;Wesley Pegmatite Dyke;MAIN;26|27|33;;4000.0;
C08370EE;2;SHZC;2;Limonite Creek;MAIN;12;;;
C01BA81E;3;INC;2;Nahmint Property Skarns;MAIN;20|22;;;
C093F283;1;SSF;2;Aguablanca;MAIN;15;;;
C08F36E2;1;SHZC;1;Mount Dore;MAIN;31;;;
C08F36E2;2;SHZC;2;Mount Dore;MAIN;31|32|35|40;;;
C08F36E2;3;THR;2;Mount Dore;MAIN;40;;;
C08F36E2;4;GSC;2;Mount Dore;MAIN;31|40;;;
C08F36E2;5;LTC;2;Mount Dore;MAIN;36|41;;;
C0911B2A;1;TRP;1;DASA;MAIN;31|42;;;
C0911B2A;2;SSF;2;DASA;MAIN;31|42|51;;;
C0911B2A;3;INT;2;DASA;MAIN;42|51;;;
C0911B2A;5;SSF;2;DASA;MAIN;42;;;
C0950C73;1;CSF;1;Quebec Lithium Pegmatite;MAIN;56|79;;1500.0;distance:bounded
C0950C73;2;JOG;2;Quebec Lithium Pegmatite;MAIN;51;;;
C0BFF6AB;1;LTC;N/A;Roncevaux quartz vein;MAIN;23;;;
C0DE5390;1;FLD;2;Main Zone;MAIN;70|71|75;;;
C0DE5390;2;LTC;2;Main Zone;MAIN;75;;;
C0DE5390;3;ENE;3;Main Zone;MAIN;76;;;
C0B1E854;1;FLD;1;Manicouagan-Ouest Graphitic Corridor;MAIN;44|56;;;
C0ECFE17;1;FLD;2;Kokanee;MAIN;16|22;;;
C0E52C38;1;FLD;2;Valencia;MAIN;43|46;;;
C0E52C38;2;DOM;1;Valencia;MAIN;38|39|40|41;;;
C0DF1A16;2;DET;2;Bornite;MAIN;47|67;;;
C0DF1A16;3;BMF;2;Bornite;MAIN;45|54;;;
C0DF1A16;4;THR;2;Bornite;MAIN;67;;;
C10D00E0;1;INC;2;Eagle's Nest;MAIN;36|37|42;;;
C11623C0;1;BMF;2;Danakhil Potash Deposit;MAIN;59|62|66|78;;;
C11997DC;1;SSF;1;Arroyos Azules;MAIN;57;;;
C11997DC;2;SOF;1;Arroyos Azules;MAIN;57;;;
C11997DC;3;INT;2;Arroyos Azules;MAIN;62;;;
C11997DC;4;FLD;2;Arroyos Azules;MAIN;62;;;
C11997DC;5;INC;2;Arroyos Azules;MAIN;57;;;
C11411DF;1;SSF;1;Filo del Sol;MAIN;102;25000.0;;
C11411DF;2;THR;1;Filo del Sol;MAIN;102;;;
C12EC5B4;1;CSF;1;Werner Lake Deposit;MAIN;43|49;;;
C12EC5B4;2;SOF;2;Werner Lake Deposit;MAIN;46|47|49;;;
C12EC5B4;3;FLD;2;Werner Lake Deposit;MAIN;46|49;;;
C12EC5B4;4;ENE;3;Werner Lake Deposit;MAIN;46|47|49;;;
C1353778;1;SSF;1;Salobo;MAIN;48;;;
C1353778;2;SHZC;2;Salobo;MAIN;44|48;;;
C14B7F90;1;FLD;2;G and H Quartzite Units;MAIN;37|39;;;
C1393F7C;1;SHZC;1;Dick Creek;MAIN;35;;;
C15BA3DE;1;SHZC;2;Bobby's Pond deposit;MAIN;40|46|47;;;
C16B2DFE;1;FLD;1;Somerset-Cambria Coal Complex;MAIN;33;;;
C18A94C1;1;SHZC;2;Arrow deposit;MAIN;33;;;
C1A3BFDB;1;THR;2;Nkout;MAIN;45;;;
C1A3BFDB;2;SSF;2;Nkout;MAIN;38|46;;;
C1A3BFDB;3;MYLC;2;Nkout;MAIN;38|46;;;
C1A3BFDB;4;FLD;2;Nkout;MAIN;38;;;
C1B75267;1;CSF;1;Carrizalillo Hill;MAIN;32|34|36|39;5500.0;2500.0;extent:range_mean
C1B75267;2;SOF;2;Carrizalillo Hill;MAIN;32|34|37;;;
C1B75267;3;INC;2;Carrizalillo Hill;MAIN;49;;;
C1B7DE96;1;BMF;1;Altar;MAIN;49;;;
C1B7DE96;2;LFT;2;Altar;MAIN;50|59;;;
C1B7DE96;3;THR;2;Altar;MAIN;50|59;;;
C1AF4092;1;SSF;1;Angie Property;MAIN;9|11;;10000.0;distance:bounded
C1AF4092;3;SSF;2;Angie Property;MAIN;11;;;
C1AF4092;4;NRM;2;Angie Property;MAIN;11;;;
C1AF4092;5;FLD;2;Angie Property;MAIN;11;;;
C1AF4092;6;TRT;2;Angie Property;MAIN;21;;;
C1CD099E;1;INC;2;Wolfram Camp;MAIN;72;;;
C1E6C689;1;FLD;2;Sheep Mountain Project;MAIN;32|33;;;
C1EB7F3C;1;BMF;N/A;Zeus;MAIN;29;;;
C1D2CB96;1;BMF;1;North Canning Deposit;MAIN;25|26;;;
C1D2CB96;2;BMF;2;North Canning Deposit;MAIN;29;;;
C1D2CB96;3;THR;2;North Canning Deposit;MAIN;29;;;
C1D2CB96;4;BXP;2;North Canning Deposit;MAIN;29|31;;;
C2026F80;1;SSF;1;Black Rock Desert Project;MAIN;25;;;
C2026F80;2;SSF;1;Black Rock Desert Project;MAIN;26;;;
C2026F80;3;NRM;2;Black Rock Desert Project;MAIN;26;;;
C2026F80;4;BMF;2;Black Rock Desert Project;MAIN;26|31;;;
C1E73929;1;CSF;1;Lake Giles BIF;MAIN;25;;;
C1E73929;2;SSF;2;Lake Giles BIF;MAIN;25;;;
C1E73929;3;FLD;2;Lake Giles BIF;MAIN;25|29;;;
C1EC8250;1;TRP;1;Berenguela;MAIN;82|92|113;60000.0;;extent:range_mean
C1EC8250;2;DET;2;Berenguela;MAIN;88|113;;;
C1EC8250;3;FLD;2;Berenguela;MAIN;91|92|95;;;
C1EC8250;4;THR;2;Berenguela;MAIN;92;;;
C22B1196;1;CSF;1;Mont Agoma;MAIN;28;;;
C22B1196;2;SHZC;2;Mont Agoma;MAIN;35;;;
C2290B1B;1;CSF;1;LANXESS Li-Brine;MAIN;67|81;;;
C23D14BF;1;CSF;1;Grootfontein Mafic Body;MAIN;32|36;;;
C223C5CA;1;SOF;2;Mount Polley;MAIN;26;;;
C223C5CA;2;SHZC;2;Mount Polley;MAIN;26;;;
C22890AD;1;CSF;1;Mantos Blancos;MAIN;46;;;
C22890AD;2;BMF;1;Mantos Blancos;MAIN;46;;;
C22890AD;3;SSF;1;Mantos Blancos;MAIN;47|53;;;
C22890AD;4;SOF;2;Mantos Blancos;MAIN;54;;;
C23060D8;1;CSF;1;Nemegosenda Lake Complex;MAIN;53;500000.0;;
C23060D8;2;SHZC;1;Nemegosenda Lake Complex;MAIN;53;;;
C2445EB5;1;BMF;1;Dibwe East;MAIN;37|39|42;;;
C2445EB5;2;BMF;1;Dibwe East;MAIN;37|39|43;;;
C2445EB5;3;NRM;2;Dibwe East;MAIN;44;4000.0;;
C278F0A3;1;THR;1;Project Area Coal Seams;MAIN;24;;;
C278F0A3;2;FLD;1;Project Area Coal Seams;MAIN;24;;;
C26E5884;1;FLD;2;C-Zone;MAIN;67|73;;;
C26E5884;2;SHZC;2;C-Zone;MAIN;68|72;;;
C26E5884;3;SSF;2;C-Zone;MAIN;72;1200.0;;
C2CD13FB;1;FLD;2;PR13372 Project Area;MAIN;20|21;;;
C2C17071;1;BMF;1;Falchani Project;MAIN;17;;;
C2BD30E8;1;NRM;N/A;Emerald Isle;MAIN;73;;;
C2BD30E8;2;INC;N/A;Emerald Isle;MAIN;73;;;
C2D5E0DF;1;FLD;2;Tan Chaffao;MAIN;31;;;
C2D5E0DF;2;SOF;2;Tan Chaffao;MAIN;34;;;
C2F2295E;1;CSF;1;Mandamah;MAIN;30;;;
C2F2295E;2;SHZC;2;Mandamah;MAIN;35|36;;;
C2F7E9DC;1;SSF;1;Currais Novos Tailings;MAIN;29;;;
C2F7E9DC;2;FLD;1;Currais Novos Tailings;MAIN;29;;;
C2F7E9DC;3;THR;1;Currais Novos Tailings;MAIN;29;;;
C3069997;1;FLD;2;Main Zone;MAIN;64|65;;;
C3219A77;1;SHZC;1;Nithi Mountain;MAIN;21;;;
C34117CD;1;FLD;2;Berg;MAIN;83;;;
C3895D10;1;SHZC;2;Aubry zones;MAIN;14;;;
C38C790A;1;SHZC;1;Lake Giles Magnetite Project;MAIN;36;;;
C38C790A;2;SSF;1;Lake Giles Magnetite Project;MAIN;36;;;
C38C790A;3;FLD;2;Lake Giles Magnetite Project;MAIN;36|39|40;;;
C38C790A;4;SHZC;2;Lake Giles Magnetite Project;MAIN;40;;;
C38517B4;1;SSF;1;LS;MAIN;71;;;
C38517B4;2;FLD;2;LS;MAIN;73;;;
C38517B4;3;THR;1;LS;MAIN;73;;;
C38517B4;4;SOF;2;LS;MAIN;76|78;;;
C3A09342;1;SHZC;2;Lazy Edward Bay;MAIN;61;;;
C3A09342;2;UNC;1;Lazy Edward Bay;MAIN;61;;;
C37DC4C9;1;CSF;1;Dino;MAIN;42|57;1500000.0;;extent:bounded
C37DC4C9;2;JOG;2;Dino;MAIN;42;;;
C37DC4C9;3;SOF;2;Dino;MAIN;57;;;
C37DC4C9;4;FLD;2;Dino;MAIN;56|59;;;
C3DB0753;1;INT;N/A;Glencore Bucke Property;MAIN;27;;;
C3DB0753;2;SHZC;N/A;Glencore Bucke Property;MAIN;27;;;
C3DB0753;3;LTC;N/A;Glencore Bucke Property;MAIN;27;;;
C3B5713F;1;THR;1;Shag;MAIN;17;;;
C3B5713F;2;DET;1;Shag;MAIN;17;;;
C3B5713F;3;BMF;2;Shag;MAIN;33;;;
C3B5713F;4;SHZC;3;Shag;MAIN;20;;;
C3B5713F;5;BXP;3;Shag;MAIN;30;;;
C3ED2695;1;INT;1;Copper Hills prospect;MAIN;33;;;
C3ED2695;2;CSF;1;Copper Hills prospect;MAIN;25;;;
C3F260F5;1;BMF;2;Salar de Diablillos;MAIN;59;;;
C3CD26B9;1;MYLC;1;Anne, Kianna and Colette Deposits;MAIN;31|43;30000.0;;extent:approx_magnitude
C3CD26B9;2;SHZC;2;Anne, Kianna and Colette Deposits;MAIN;31|43|45;;;
C3CD26B9;3;THR;2;Anne, Kianna and Colette Deposits;MAIN;46|48|80;;;
C42ED48B;1;THR;1;Marg Deposit;MAIN;22;;;
C42ED48B;2;FLD;2;Marg Deposit;MAIN;25|32;;;
C4079448;1;SHZC;2;Miller;MAIN;55;;;
C438AFBC;2;SHZC;2;Smith Cobalt Project;MAIN;88;;;
C44BD352;1;SOF;2;Schaft Creek;MAIN;71|74;;;
C44BD352;2;LTC;2;Schaft Creek;MAIN;71;;;
C44BD352;3;CSF;1;Schaft Creek;MAIN;92;;;
C4BCD451;1;CSF;1;Valtreixal;MAIN;34;;;
C5022719;1;BMF;1;Artillery Mountains Manganese Deposits;MAIN;22|28|29;;;
C5022719;2;JOG;2;Artillery Mountains Manganese Deposits;MAIN;29;;;
C502B1E9;1;BMF;1;NNLP Lithium Deposit;MAIN;52;;;
C502B1E9;2;NRM;1;NNLP Lithium Deposit;MAIN;71|73;;;
C52BE170;1;DET;1;Thompson Knolls;MAIN;36|41;;;
C52BE170;2;THR;1;Thompson Knolls;MAIN;36|41;;;
C52BE170;3;INT;2;Thompson Knolls;MAIN;59;;;
C52DB857;1;THR;1;Willow Creek Coal Seams;MAIN;28|29;;;
C52DB857;2;FLD;1;Willow Creek Coal Seams;MAIN;28|29;50000.0;;extent:bounded
C5283361;2;ENE;2;Red-Chris;MAIN;43;;;
C5283361;4;BMF;2;Red-Chris;MAIN;31;;;
C5283361;6;SSF;3;Red-Chris;MAIN;44;;;
C530134E;1;BMF;1;Artillery Mountains Manganese Deposits;MAIN;21|23|26|28;;;
C53AE04B;1;SSF;1;Longshot Ridge;MAIN;16;;;
C53AE04B;2;INT;2;Longshot Ridge;MAIN;21;;;
C53E01D9;1;FLD;1;Lac Knife;MAIN;65;;;
C53E01D9;2;FLD;2;Lac Knife;MAIN;65|67|72;;;
C56C6E6E;1;CSF;1;Camp showing;MAIN;39;;;
C5433EA5;2;BMF;2;Eldorado;MAIN;28;;;
C5531D26;1;BMF;1;Riotinto;MAIN;66;;;
C5531D26;2;FLD;2;Riotinto;MAIN;70;;;
C5BEF8F2;1;SHZC;1;Greenbushes pegmatite;MAIN;20|23;17500.0;;extent:range_mean
C5BEF8F2;2;SHZC;2;Greenbushes pegmatite;MAIN;25;;;
C5BEF8F2;3;ENE;2;Greenbushes pegmatite;MAIN;28;;;
C5BEF8F2;4;FLD;2;Greenbushes pegmatite;MAIN;25;;;
C60CA950;1;FLD;2;Mousseau West;MAIN;43|48;;;
C63B1254;1;SHZC;1;Yandera;MAIN;37;;;
C63B1254;2;INT;2;Yandera;MAIN;50;;;
C63B5093;1;SHZC;1;Kay Deposit;MAIN;35|38;;;
C63B5093;2;FLD;2;Kay Deposit;MAIN;41|70;;;
C6466AEF;1;CSF;1;Alpala;MAIN;31;;;
C6466AEF;2;SOF;1;Alpala;MAIN;31|33|34;;;
C6466AEF;3;SOF;2;Alpala;MAIN;35;;;
C6466AEF;4;SOF;3;Alpala;MAIN;35;;;
C6466AEF;5;INT;2;Alpala;MAIN;42|43;;;
C65168CD;1;FLD;2;Rex seam;MAIN;32;11265.4;;extent:bounded
C648E7FF;1;NRM;2;Holbrook Basin Potash Deposit;MAIN;40;;;
C648E7FF;2;THR;2;Holbrook Basin Potash Deposit;MAIN;40;;;
C648E7FF;3;FLD;2;Holbrook Basin Potash Deposit;MAIN;40;;;
C64F936F;1;SSF;2;Nickel Project;MAIN;29;;;
C64F936F;2;FLD;2;Nickel Project;MAIN;29;;;
C65A2A94;1;BMF;1;Smith Creek;MAIN;37;;;
C65A2A94;2;BMF;2;Smith Creek;MAIN;40|58;;;
C64D7DEF;2;INC;2;Berg Deposit;MAIN;17;;;
C64D7DEF;3;DOM;2;Berg Deposit;MAIN;20;;;
C6557254;1;CSF;1;Coosa;MAIN;41|42|45;;3000.0;
C6557254;2;THR;1;Coosa;MAIN;43|45;;;
C6557254;3;FLD;2;Coosa;MAIN;46|48;;;
C69ECD04;2;FLD;2;Kola;MAIN;39|51;;;
C6A4D769;1;CSF;1;Quebec Lithium Pegmatite;MAIN;81|88|111;;2407.0;distance:bounded|distance:range_mean
C6B4D9BE;1;FLD;2;Battery Hill;MAIN;33|35;;;
C6B4D9BE;3;SSF;2;Battery Hill;MAIN;35;;;
C6C4469E;1;SHZC;2;Cotabambas Deposit;MAIN;40|85;;;
C6C4469E;2;SOF;2;Cotabambas Deposit;MAIN;40|85;;;
C6C4469E;3;THR;1;Cotabambas Deposit;MAIN;40|85;;;
C6C4469E;4;INT;2;Cotabambas Deposit;MAIN;40|85;;;
C6F785E2;1;SSF;2;Diavik Kimberlite Pipes;MAIN;32;;;
C707C46C;1;FLD;2;Hervieux deposits;MAIN;29|32;;;
C6EC79AC;1;FLD;2;Gahcho Kué;MAIN;44;;;
C70CBCA5;1;FLD;1;Sewell Seam;MAIN;24;;;
C71B84ED;2;SOF;2;Mala Noche Vein System;MAIN;72;;;
C71EB5E8;1;THR;1;Coosa Graphite Project;MAIN;24;;;
C71EB5E8;2;FLD;3;Coosa Graphite Project;MAIN;25|27;;;
C73D1327;1;CSF;1;McFaulds North Property;MAIN;16;;;
C7443EAF;1;FLD;2;Cebolleta;MAIN;69;;;
C7756E56;1;SHZC;1;UG2 Chromitite;MAIN;35;;;
C7756E56;3;THR;2;UG2 Chromitite;MAIN;36;;;
C7756E56;4;INC;3;UG2 Chromitite;MAIN;36;;;
C799EC82;1;CSF;1;Gate Zone;MAIN;63;;;
C799EC82;2;SOF;2;Gate Zone;MAIN;63;;;
C77D1A5E;1;FLD;2;Tulks Hill deposit;MAIN;38|40;;;
C77D1A5E;2;SHZC;1;Tulks Hill deposit;MAIN;35;;;
C7D46249;1;BMF;1;Boree Salt Potash;MAIN;30|34;;;
C7B058A2;1;FLD;1;Gas Hills;MAIN;44;;;
C7B058A2;2;FLD;2;Gas Hills;MAIN;44;;;
C7FEFC01;1;LFT;1;Bongará Project;MAIN;50;;;
C7FEFC01;2;INT;2;Bongará Project;MAIN;42|47;;;
C7F963B7;1;SHZC;2;Paul Bay Zone;MAIN;5|44|50;;;
C8344974;1;CSF;1;Sask Craton Property;MAIN;31;;;
C8344974;2;INT;1;Sask Craton Property;MAIN;31;;;
C848BFA8;1;CSF;1;Bashaw District;MAIN;86;;;
C8464254;1;THR;2;A Plug;MAIN;36;;;
C8464254;3;LTC;2;A Plug;MAIN;40;;;
C8464254;4;THR;1;A Plug;MAIN;40;;;
C8464254;5;THR;2;A Plug;MAIN;43;;;
C8464254;7;SHZC;2;A Plug;MAIN;44;;;
C8464254;8;SHZC;2;A Plug;MAIN;45;;;
C82F7215;1;SSF;1;Singarare;MAIN;23;550000.0;;extent:bounded
C85702B6;1;FLD;2;Palmer Deposit;MAIN;57;;;
C85702B6;2;THR;2;Palmer Deposit;MAIN;57;;;
C85702B6;3;NRM;2;Palmer Deposit;MAIN;60;;;
C85702B6;4;SSF;2;Palmer Deposit;MAIN;60|91;;;
C85702B6;5;SSF;1;Palmer Deposit;MAIN;56;;;
C856A809;1;SHZC;1;Haib;MAIN;92|93;;;
C856A809;2;SHZC;2;Haib;MAIN;93;;;
C87E684D;3;INT;2;Copper Mountain;MAIN;27;;;
C87E684D;4;INC;2;Copper Mountain;MAIN;27;;;
C87CF786;1;THR;1;Lac Otelnuk Deposit;MAIN;88|89;;;
C87CF786;2;FLD;2;Lac Otelnuk Deposit;MAIN;91|107;;;
C87CF786;3;THR;2;Lac Otelnuk Deposit;MAIN;91|107;;;
C880400A;1;THR;1;Magistral Deposits;MAIN;30|36;;;
C880400A;2;SSF;2;Magistral Deposits;MAIN;30|36;;;
C880400A;3;FLD;1;Magistral Deposits;MAIN;30|36;;;
C87892CA;1;BMF;1;Summit-Gaber;MAIN;17|18;;;
C87892CA;2;SSF;1;Summit-Gaber;MAIN;18;300000.0;;
C87892CA;3;GSC;2;Summit-Gaber;MAIN;18;;;
C87892CA;4;THR;2;Summit-Gaber;MAIN;18;;;
C8A0DE13;1;TRT;1;Carmacks Copper;MAIN;60|78;;;
C8A0DE13;2;SSF;2;Carmacks Copper;MAIN;65;;;
C8C6162D;1;SHZC;1;Piedras Verdes;MAIN;48|51;;;
C8C6162D;2;SSF;2;Piedras Verdes;MAIN;51|53;;;
C8C6162D;3;NRM;2;Piedras Verdes;MAIN;51;;;
C8A605FD;1;THR;1;Lac Gayot Ni-Cu-PGE;MAIN;11;;;
C8A605FD;2;SHZC;2;Lac Gayot Ni-Cu-PGE;MAIN;12;;;
C8A605FD;3;FLD;2;Lac Gayot Ni-Cu-PGE;MAIN;12;;;
C8C0F7F8;1;FLD;1;Kombat;MAIN;14;70000.0;;extent:bounded
C8C0F7F8;2;FLD;2;Kombat;MAIN;17;;;
C8C0F7F8;3;THR;2;Kombat;MAIN;12|14|18;;;
C8FBD730;1;BXP;2;Talbot Deposit;MAIN;54;;;
C90FF0D4;2;NRM;2;Burke Hollow;MAIN;34;;;
C90FF0D4;3;SOF;2;Burke Hollow;MAIN;34;;;
C942E195;1;SSF;2;Três Estradas;MAIN;50;;;
C942E195;2;CSF;1;Três Estradas;MAIN;49;;;
C942E195;3;FLD;2;Três Estradas;MAIN;50;;;
C94E7F4A;1;SSF;1;Elenita;MAIN;36;;;
C94E7F4A;2;SOF;2;Elenita;MAIN;39;;;
C94E7F4A;3;SOF;2;Elenita;MAIN;45;;;
C94E7F4A;4;NRM;2;Elenita;MAIN;45;;;
C95A5F75;1;BMF;1;Mengo Potash Deposit;MAIN;27|31;;;
C98ECCB9;1;SOF;2;Red Hills;MAIN;35|37|38;11265.4;;
C98ECCB9;2;SOF;3;Red Hills;MAIN;42;;;
C98ECCB9;3;INC;2;Red Hills;MAIN;42;;;
C96FE5F6;1;GSC;1;Romios Copper-(Gold) Zone / Atim Lake North VMS;MAIN;27;;;
C96FE5F6;2;GSC;2;Romios Copper-(Gold) Zone / Atim Lake North VMS;MAIN;28;;;
C976EDD4;1;THR;2;Lalor Lake deposit;MAIN;44;;;
C9A91F89;1;CSF;1;Carbo Carbonatite;MAIN;33|36;;;
C9A91F89;4;FLD;2;Carbo Carbonatite;MAIN;40;;;
C9A04EE4;1;CSF;1;Ming Mine;MAIN;32;;;
C9A04EE4;2;THR;2;Ming Mine;MAIN;35;;;
C9A04EE4;3;SHZC;1;Ming Mine;MAIN;35;;;
C9A04EE4;4;SHZC;2;Ming Mine;MAIN;36;;;
C9B5EB77;1;CSF;1;Lombardo-Wenrich-McArthur breccia pipe targets;MAIN;28;;;
C9B5EB77;2;INT;2;Lombardo-Wenrich-McArthur breccia pipe targets;MAIN;28;;;
C9B5EB77;3;BXP;2;Lombardo-Wenrich-McArthur breccia pipe targets;MAIN;29|31;;;
C9CE11B9;1;SSF;1;Nottaway;MAIN;18|19|24;;;
C9DC2BB3;2;LFT;2;Little Deer Deposit;MAIN;57;;;
C9C30B0B;1;THR;1;Empire Mine;MAIN;35;;;
C9C30B0B;2;BXP;2;Empire Mine;MAIN;35|37;;;
C9C30B0B;4;SHZC;2;Empire Mine;MAIN;36;;;
C9EC48D5;1;INT;2;Copper Flat;MAIN;89;;;
CA0CF2EA;1;INT;1;Pinyon Plain;MAIN;31;;;
CA0CF2EA;2;BXP;2;Pinyon Plain;MAIN;28|31;;;
CA0CF2EA;3;CLD;2;Pinyon Plain;MAIN;31;;;
CA18F559;2;THR;1;West Bear Deposit;MAIN;55;;;
CA18F559;3;SSF;1;West Bear Deposit;MAIN;51;;6000.0;
CA13967F;1;BMF;1;Princeton Copper;MAIN;46|53;;;
CA13967F;2;SHZC;2;Princeton Copper;MAIN;56;;;
CA281BF1;1;FLD;1;Shituru;MAIN;40;;;extent:unparseable
CA281BF1;2;THR;1;Shituru;MAIN;40;;;
CA281BF1;3;FLD;2;Shituru;MAIN;44;;;
CA281BF1;4;THR;2;Shituru;MAIN;45;;;
CA60D615;1;FLD;2;Unkur;MAIN;46;12000.0;;
CA60D615;4;BXP;2;Unkur;MAIN;50;;;
CA99E08D;1;FLD;2;Bloom Lake deposit;MAIN;45;;;
CAB4AE12;2;FLD;1;Donkin Project;MAIN;19|21;;;
CACC9DF9;1;THR;1;Project Area Coal Seams;MAIN;22;;112653.8;distance:bounded
CACC9DF9;2;FLD;1;Project Area Coal Seams;MAIN;22;;;
CADD559B;1;SSF;2;La Verde;MAIN;44;;;
CADD559B;2;LTC;2;La Verde;MAIN;41;;;
CAEDF6D3;1;FLD;1;Inwood deposit;MAIN;26;;;
CB158053;1;FLD;2;Adi Nefas;MAIN;37;;;
CADE6AA1;1;INC;2;Copper Springs;MAIN;51;;;
CADE6AA1;2;CSF;1;Copper Springs;MAIN;62;;;
CADE6AA1;3;SHZC;2;Copper Springs;MAIN;62;;;
CADE6AA1;4;INT;2;Copper Springs;MAIN;62;;;
CADE6AA1;5;SHZC;3;Copper Springs;MAIN;53;;;
CB4AA3CA;1;SHZC;2;Tyee Fe-Ti-V Showings;MAIN;25;;;
CB67B380;1;THR;1;Marg Zone;MAIN;17;;;
CB67B380;2;LTC;2;Marg Zone;MAIN;23|25;;;
CB67B380;3;FLD;2;Marg Zone;MAIN;21|23|25;;;
CB78E4C7;1;SHZC;1;Langlois mine;MAIN;17;80000.0;;extent:bounded
CB7FD8AC;1;NRM;1;Magno;MAIN;34;;;
CB7FD8AC;2;SSF;2;Magno;MAIN;34;;;
CB709E0C;1;TRP;1;Millennium;MAIN;66|71|75;100000.0;;extent:bounded
CB709E0C;2;SHZC;2;Millennium;MAIN;75;;;
CB709E0C;3;SOF;2;Millennium;MAIN;70;;;
CB9C4D50;1;SSF;2;Bokoni Mine;MAIN;50|53;;;
CB9C4D50;2;SHZC;2;Bokoni Mine;MAIN;54;;;
CBA4B543;2;BMF;1;Crypto deposit;MAIN;47;;;
CBA4B543;3;INT;2;Crypto deposit;MAIN;57;;;
CBAD1783;2;SHZC;2;Red Hills;MAIN;40;;;
CBCD72BF;1;CSF;1;Goondicum;MAIN;52;;;
CBA64FE6;1;SHZC;2;MacArthur;MAIN;51;;;
CBA64FE6;2;INT;2;MacArthur;MAIN;51;;;
CBA64FE6;3;LFT;1;MacArthur;MAIN;49|51;;;
CBCE0C2D;1;DET;1;Santa Cruz deposit;MAIN;101;;;
CBDADC50;1;SSF;1;Chapada;MAIN;41;;;
CBDADC50;2;THR;1;Chapada;MAIN;41|46|60;;;
CBDADC50;3;FLD;2;Chapada;MAIN;49|54|61;;;
CBDADC50;4;FLD;3;Chapada;MAIN;46|47|48|49|50;;;
CBF2EC12;1;INC;2;Eloff Block;MAIN;34|39;;;
CBF2EC12;2;INC;1;Eloff Block;MAIN;34|35;100000.0;;extent:bounded
CC13B84F;3;SSF;2;Roughrider Zone;MAIN;41|44;;;
CC06D48C;1;CSF;1;Prairie Lake Carbonatite Complex;MAIN;24;600000.0;;extent:bounded
CC06D48C;2;SHZC;1;Prairie Lake Carbonatite Complex;MAIN;24;;;
CC19C135;1;THR;1;Salar de Cauchari;MAIN;31|55;;;
CC19C135;2;CSF;1;Salar de Cauchari;MAIN;31;;;
CC36939A;1;BMF;1;Garrington District;MAIN;45;;;
CC2043C6;1;SHZC;2;Maniitsoq Project;MAIN;51;;;
CC2043C6;2;MYLC;2;Maniitsoq Project;MAIN;54|59|62|63;;;
CC2043C6;3;FLD;2;Maniitsoq Project;MAIN;54;;;
CC448E1D;1;THR;2;Escalones;MAIN;23;;;
CC448E1D;2;NRM;3;Escalones;MAIN;23;;;
CC45E45B;1;THR;1;Lundberg Zone;MAIN;67;;;
CC45E45B;2;FLD;1;Lundberg Zone;MAIN;67;;;
CC4D26D5;1;FLD;2;Pegmont;MAIN;72;;;
CC4D26D5;2;SHZC;2;Pegmont;MAIN;72;;;
CC81F76C;1;BMF;1;Morrison deposit;MAIN;36|39;;;
CC81F76C;2;SOF;2;Morrison deposit;MAIN;39|41;;;
CC642AAF;1;CSF;1;Platreef;MAIN;157;;;
CC642AAF;2;SHZC;1;Platreef;MAIN;158;;;
CC642AAF;3;SHZC;2;Platreef;MAIN;161|163;;;
CC642AAF;5;SSF;2;Platreef;MAIN;163;;;
CC642AAF;6;FLD;2;Platreef;MAIN;159;;;
CC8DC4B1;1;THR;1;Kuriskova;MAIN;53;;;
CC8DC4B1;2;NRM;2;Kuriskova;MAIN;53;;;
CC8DC4B1;3;DET;2;Kuriskova;MAIN;53;;;
CC8DC4B1;5;FLD;2;Kuriskova;MAIN;53;;;
CCEAED84;1;BMF;1;Solar Lithium Project;MAIN;26;;;
CCC2DC98;1;THR;1;Rio Grande Salar;MAIN;35;;;
CCC2DC98;2;CSF;1;Rio Grande Salar;MAIN;32;;;
CCD50681;1;CSF;1;Bralorne;MAIN;63;;;
CCD50681;2;SOF;2;Bralorne;MAIN;63|64|71;;;
CCD50681;3;ENE;3;Bralorne;MAIN;71|84;;;
CCD50681;4;LTC;2;Bralorne;MAIN;64;;;
CCEA2B3F;1;BXP;2;Kismet;MAIN;67|76;;;
CCFA0113;1;CSF;1;Pakeagama Lake pegmatite;MAIN;32;140000.0;;extent:bounded
CD3CEC7C;1;FLD;1;Cycle 18;MAIN;56;;;
CD65775B;1;SSF;1;Agata Nickel Laterite Project;MAIN;19|21;2000000.0;;
CD65775B;2;SOF;1;Agata Nickel Laterite Project;MAIN;21;;;
CD09006C;1;CSF;1;Ming Mine;MAIN;57;;;
CD09006C;2;THR;2;Ming Mine;MAIN;60;;;
CD1265FF;1;BMF;1;Puna Salars;MAIN;24|30;;;
CD1265FF;2;CSF;1;Puna Salars;MAIN;22|30;;;
CCFAE1B8;1;SHZC;1;Triple R deposit;MAIN;65;;;
CCFAE1B8;2;SHZC;2;Triple R deposit;MAIN;69|83;;;
CCFAE1B8;3;THR;2;Triple R deposit;MAIN;70;;;
CCFAE1B8;4;SSF;2;Triple R deposit;MAIN;70;;;
CCFAE1B8;5;INT;2;Triple R deposit;MAIN;70;;;
CD7333FA;1;BMF;2;Piskanja;MAIN;32;;;
CD91490B;1;THR;2;South Hill Fault;MAIN;53|63;;;
CD91490B;2;BMF;2;Jewel Hill Fault;MAIN;53|63;;;
CD91490B;3;BMF;2;Gold Gulch Fault;MAIN;53|63;;;
CD91490B;4;BMF;2;Dome Fault;MAIN;53|63;;;
CD91490B;5;CSF;1;South Hill Fault;MAIN;63;;;
CD9EBC98;1;SHZC;2;North Hitura;MAIN;26;;;
CD8F8661;1;CSF;1;Lansdowne House Igneous Complex (LHIC) Mineralization;MAIN;55|58|98;600000.0;;
CD8F8661;2;SOF;2;Lansdowne House Igneous Complex (LHIC) Mineralization;MAIN;59|78|98;;;
CD8F8661;3;SHZC;2;Lansdowne House Igneous Complex (LHIC) Mineralization;MAIN;78|87;;;
CD8F8661;4;SSF;2;Lansdowne House Igneous Complex (LHIC) Mineralization;MAIN;78;;;
CD8F8661;5;FLD;3;Lansdowne House Igneous Complex (LHIC) Mineralization;MAIN;81;;;
CDECDC89;1;FLD;2;Arrow Zone;MAIN;31;;;
CDECDC89;2;BMF;2;Arrow Zone;MAIN;31;;;
CDECDC89;3;UNC;2;Arrow Zone;MAIN;37;;;
CDC999CD;1;SSF;1;Little Eva;MAIN;101|104;;;
CDC999CD;2;INT;2;Little Eva;MAIN;108;;;
CDC999CD;3;SHZC;2;Little Eva;MAIN;108;;;
CDC999CD;4;LTC;2;Little Eva;MAIN;108;;;
CDC68363;1;MYLC;2;Michelin Deposit;MAIN;27;;;
CDCA0D9F;1;CSF;N/A;Sage/Rimshot breccia pipes;MAIN;30|31;;;
CDCA0D9F;2;INT;N/A;Sage/Rimshot breccia pipes;MAIN;30;;;
CDCA0D9F;3;CLD;N/A;Sage/Rimshot breccia pipes;MAIN;32;;;
CDCA0D9F;4;DOM;N/A;Sage/Rimshot breccia pipes;MAIN;32;;;
CDD29B44;1;INT;2;Cuatro Hermanos;MAIN;46|47;;;
CE170BA6;1;CSF;1;Lo Prospect;MAIN;13;;;
CE170BA6;2;SOF;2;Lo Prospect;MAIN;13;;;
CDF052A9;1;NRM;1;Lone Mountain;MAIN;23|29;;;
CDF052A9;2;BMF;1;Lone Mountain;MAIN;29;;3218.7;
CDF052A9;3;FLD;1;Lone Mountain;MAIN;29;;11265.4;
CDF052A9;4;SOF;2;Lone Mountain;MAIN;30;;;
CDF052A9;5;THR;2;Lone Mountain;MAIN;30;;;
CE45494B;1;SOF;2;Copper Flat;MAIN;102;;;
CE45494B;2;INT;2;Copper Flat;MAIN;101|103;;;
CE1AA9AD;1;SHZC;2;Bull River Mine;MAIN;46;;;
CE1AA9AD;2;FLD;2;Bull River Mine;MAIN;44;;;
CE1AA9AD;3;ENE;3;Bull River Mine;MAIN;46;;;
CE6F2CEE;2;INT;2;Porphyry Cu/Mo Target;MAIN;25|26;;;
CE66798A;1;LFT;2;Pumpkin Hollow;MAIN;62|65|70;;;
CE66798A;2;LFT;2;Pumpkin Hollow;MAIN;75;;;
CE50D3A8;1;CSF;1;Florence deposit;MAIN;94|101;80467.0;;extent:bounded
CE50D3A8;2;BMF;2;Florence deposit;MAIN;95|101|107;1097.3;;
CE50D3A8;3;BMF;2;Florence deposit;MAIN;95|101|107;914.4;;extent:approx_magnitude
CE50D3A8;4;BMF;2;Florence deposit;MAIN;101;;;
CE50D3A8;5;INT;2;Florence deposit;MAIN;101;;;
CE9B8A30;1;CSF;1;Kestane;MAIN;57;;;
CE9B8A30;2;TRT;1;Kestane;MAIN;57;;;
CE9B8A30;3;SOF;2;Kestane;MAIN;57;;;
CEA2E76C;1;BMF;1;Rio Tinto;MAIN;39;;;
CEA2E76C;2;THR;1;Rio Tinto;MAIN;39;;;
CEA2E76C;3;FLD;2;Rio Tinto;MAIN;43;;;
CEDC20C0;1;FLD;2;Mont Sorcier;MAIN;42|45;;;
CECD0E19;1;SOF;2;Mala Noche vein system;MAIN;47;;;
CECD0E19;2;SSF;3;Mala Noche vein system;MAIN;47|48;;;
CF3E02B1;1;FLD;2;Kombat Mine;MAIN;82|85|89;;;
CF3E02B1;2;SSF;2;Kombat Mine;MAIN;83|84|93;;;
CF3E02B1;3;ENE;3;Kombat Mine;MAIN;84;;;
CF3E02B1;4;SHZC;2;Kombat Mine;MAIN;84;;;
CF3E02B1;5;GSC;2;Kombat Mine;MAIN;84;;;
CF46C734;1;THR;1;Novoveska Huta;MAIN;58|63;;;
CF46C734;2;THR;2;Novoveska Huta;MAIN;50|58;;;
CF46C734;3;FLD;2;Novoveska Huta;MAIN;59|63;;;
CF512B54;1;FLD;2;Lens 257;MAIN;17;;;
CF1F47A9;1;SHZC;2;Haib;MAIN;38;;;
CF45167A;1;INT;2;Čukaru Peki;MAIN;70;;;
CF45167A;3;THR;1;Čukaru Peki;MAIN;67|69;;;
CF534F71;2;FLD;2;Flying Fox;MAIN;42;;;
CF766DC8;2;CSF;1;Uskawanis;MAIN;36;;;
CF552E92;1;SHZC;2;Arrow Deposit;MAIN;75|77|82;;;
CF552E92;2;JOG;2;Arrow Deposit;MAIN;100;;;
CF6C9AC5;1;THR;1;TNM Project;MAIN;33;100000.0;;extent:bounded
CF6C9AC5;2;BMF;1;TNM Project;MAIN;33;;;
CF6C9AC5;3;SSF;1;TNM Project;MAIN;35;;;
CF7727A6;1;CSF;1;Quebec Lithium Pegmatite;MAIN;29;;;
CF7727A6;2;INC;2;Quebec Lithium Pegmatite;MAIN;31|34|35;;;
CF806226;1;BMF;1;Sonora;MAIN;49;;;
CF806226;2;SSF;2;Sonora;MAIN;50;;;
CF806226;3;FLD;2;Sonora;MAIN;54;;;
CFE0235D;1;FLD;2;Hervieux;MAIN;75|76;;;
CFBBF005;1;THR;2;PVM;MAIN;65|79|80;;;
CFBBF005;2;NRM;2;PVM;MAIN;65|79|80;;;
CF9B91FD;1;FLD;2;Banana Zone;MAIN;26;32000.0;;
CFC805EE;1;THR;1;Las Cruces;MAIN;31;;;
CFD52672;1;FLD;2;Albere Zone;MAIN;26|30;;;
CFF6C6CE;2;SSF;1;Central Zone;MAIN;31|33|35;;;
D0250C9F;1;BMF;1;Ulaan Nuur;MAIN;8|9;;;
D01F51CB;1;SHZC;2;Eagle's Nest;MAIN;66;;;
D028C764;1;SSF;2;Aguablanca;MAIN;31;;;
D0000536;1;MYLC;1;Shea Creek Deposits (Anne, Kianna, Colette);MAIN;35;;;
D0000536;2;MYLC;2;Shea Creek Deposits (Anne, Kianna, Colette);MAIN;35|42|43;;;
D0000536;3;MYLC;3;Shea Creek Deposits (Anne, Kianna, Colette);MAIN;35|42|43;;;
D0000536;4;SHZC;2;Shea Creek Deposits (Anne, Kianna, Colette);MAIN;44|45;;;
D0000536;5;SSF;2;Shea Creek Deposits (Anne, Kianna, Colette);MAIN;43|50;;;
D0000536;6;THR;2;Shea Creek Deposits (Anne, Kianna, Colette);MAIN;45|55;;;
D042DD78;1;CSF;1;AntaKori;MAIN;32|35|37;;;
D042DD78;2;SOF;2;AntaKori;MAIN;35;;;
D042DD78;3;INT;1;AntaKori;MAIN;32;;;
D04073BE;1;SHZC;2;Empire Mine;MAIN;12|13;;;
D0510E7D;1;THR;1;Conda Projects;MAIN;77;;;
D0510E7D;2;NRM;1;Conda Projects;MAIN;77;;;
D0510E7D;3;FLD;2;Conda Projects;MAIN;78;;;
D0510E7D;4;NRM;2;Conda Projects;MAIN;78;;;
D0510E7D;5;SSF;2;Conda Projects;MAIN;78;;;
D0510E7D;6;FLD;2;Conda Projects;MAIN;80;;;
D0510E7D;7;NRM;2;Conda Projects;MAIN;80;;;
D0510E7D;8;FLD;2;Conda Projects;MAIN;82;;;
D0618AEE;1;CSF;1;Cinabrio;MAIN;132|144;;;
D0618AEE;2;LFT;2;Cinabrio;MAIN;153;;;
D0618AEE;3;SOF;2;Cinabrio;MAIN;153;;;
D062FC5E;1;SHZC;2;West Zone;MAIN;105|107;;;
D08F1809;1;BMF;1;Salares 7 Property;MAIN;34;;;
D06A0213;1;CSF;1;Prairie Lake Carbonatite Complex;MAIN;21;600000.0;;extent:bounded
D06A0213;2;SHZC;1;Prairie Lake Carbonatite Complex;MAIN;22;;;
D0AAB7F3;1;BMF;1;Churchill River;MAIN;25|26;;;
D0A9B5CE;1;FLD;2;Main Zone;MAIN;52|55;;;
D0A9B5CE;2;THR;1;Main Zone;MAIN;52;;;
D0A9B5CE;3;ENE;3;Main Zone;MAIN;56;;;
D0D4C252;1;SHZC;1;Wales Lake West;MAIN;41|45;;;
D103D8FE;1;FLD;2;Berg deposit;MAIN;43;;;
D121FABA;1;CSF;1;Polymetallic Nodules;MAIN;30;;;
D12DB3C7;1;THR;1;Wolf deposit;MAIN;41;;;
D12DB3C7;2;FLD;1;Wolf deposit;MAIN;41;;;
D12B5C07;1;FLD;2;Lac Lamêlée;MAIN;78;2500.0;;
D12B5C07;2;SSF;1;Lac Lamêlée;MAIN;78;;;
D12B5C07;3;FLD;2;Lac Lamêlée;MAIN;78;;;
D12AA453;1;DET;2;Jiama;MAIN;25;;;
D12AA453;2;THR;2;Jiama;MAIN;25;;;
D12AA453;3;FLD;2;Jiama;MAIN;25;;;
D1B6D67F;1;LTC;2;Hurricane zone;MAIN;34|36;;;
D1B6D67F;2;UNC;1;Hurricane zone;MAIN;36|38;;;
D13600CA;1;FLD;1;Dundonald South;MAIN;31;;;
D13600CA;2;SSF;2;Dundonald South;MAIN;31;;;
D1576259;1;THR;1;Chu Chua;MAIN;25;;;
D1576259;2;NRM;2;Chu Chua;MAIN;28;;;
D1576259;3;THR;1;Chu Chua;MAIN;28;;;
D1519EC4;1;CSF;1;Tapuli;MAIN;37|42;50000.0;;extent:bounded
D1519EC4;2;SHZC;2;Tapuli;MAIN;42;;;
D1519EC4;3;FLD;2;Tapuli;MAIN;42;;;
D1E6839D;1;BMF;2;Gunflint Iron Formation;MAIN;31|34;3000.0;;extent:approx_magnitude
D1D26250;1;CSF;1;Franke;MAIN;35;;;
D1D26250;2;FLD;2;Franke;MAIN;39;;;
D1EB9036;1;THR;2;Ebende Structure;MAIN;50;;;
D1EB9036;2;FLD;2;Ebende Structure;MAIN;50;;;
D1BB1345;1;SSF;1;Chita Porphyry;MAIN;37|42|63;;;
D1BB1345;2;INT;2;Chita Porphyry;MAIN;37|63;;;
D1BB1345;3;THR;1;Chita Porphyry;MAIN;42;;;
D1BB1345;4;ENE;3;Chita Porphyry;MAIN;42;;;
D208A123;1;CSF;1;Siwash Property;MAIN;28;;;
D208A123;2;SOF;2;Siwash Property;MAIN;28;;;
D208A123;3;GSC;2;Siwash Property;MAIN;31;;;
D208A123;4;SHZC;2;Siwash Property;MAIN;31;;;
D208962E;1;DOM;2;Ilovitza;MAIN;13|14;;;
D208962E;2;BXP;2;Ilovitza;MAIN;13;;;
D23ED4E8;1;FLD;2;Scotia deposit / Albere Zone;MAIN;44|46|47;;;
D21A7FA6;1;THR;2;Mactung;MAIN;45;;;
D21A7FA6;2;FLD;2;Mactung;MAIN;45;;;
D24F4C6C;1;FLD;1;Damlica-1;MAIN;25|26|27;;;
D2700216;1;FLD;2;Florida Canyon;MAIN;53|57;;;
D2700216;2;SOF;2;Florida Canyon;MAIN;53|54;;;
D2700216;3;INT;2;Florida Canyon;MAIN;53;;;
D29B50D0;1;CSF;1;Gulçari A;MAIN;27;;;
D28DCC92;1;CSF;1;Quebrada Blanca;MAIN;11;;;
D28DCC92;2;THR;1;Quebrada Blanca;MAIN;12;;3000.0;
D28DCC92;3;THR;2;Quebrada Blanca;MAIN;13|17;;;
D28DCC92;4;SSF;2;Quebrada Blanca;MAIN;13|15;;;
D28DCC92;5;INT;2;Quebrada Blanca;MAIN;17;;;
D2AE0D34;1;BMF;1;Salar de Arizaro;MAIN;111;;;
D26A6C3F;1;SHZC;1;Cobre Panamá;MAIN;41;;;
D26A6C3F;2;THR;2;Cobre Panamá;MAIN;44|50|53;;;
D26A6C3F;3;SSF;2;Cobre Panamá;MAIN;44|50;;;
D26A6C3F;4;NRM;2;Cobre Panamá;MAIN;58;;;
D2714152;1;SSF;1;Le Mare hydrothermal system;MAIN;29|37|57;;;
D2714152;2;JOG;2;Le Mare hydrothermal system;MAIN;37|57;;;
D2714152;3;NRM;2;Le Mare hydrothermal system;MAIN;29;;;
D2714152;4;OBL;2;Le Mare hydrothermal system;MAIN;29;;;
D2714152;5;TRP;2;Le Mare hydrothermal system;MAIN;69;;;
D2714152;6;SHZC;2;Le Mare hydrothermal system;MAIN;70;;;
D2E6C640;1;CSF;1;PAK Pegmatite;MAIN;47;140000.0;;extent:bounded
D2CCCC3B;1;FLD;2;Bloom Lake;MAIN;58|60|63;;;
D2CCCC3B;2;THR;2;Bloom Lake;MAIN;58|61|63;;;
D2EE2B15;1;CSF;1;Kittson-Cobalt;MAIN;23;;;
D2EE2B15;3;INC;2;Kittson-Cobalt;MAIN;24;;;
D2C5BA1C;1;THR;2;Kemess North;MAIN;55;;;
D2C5BA1C;2;NRM;2;Kemess North;MAIN;53|55;;;
D2C5BA1C;3;SSF;1;Kemess North;MAIN;53;;;
D2C5BA1C;4;THR;1;Kemess North;MAIN;53;;;
D31243C8;1;CSF;1;Collier-04;MAIN;25;;;
D31243C8;2;INT;2;Collier-04;MAIN;25;;;
D336D439;1;THR;2;Grayling Zone;MAIN;21;;;
D3204E8B;1;FLD;2;Dotson Zone;MAIN;81;;;
D3204E8B;2;THR;2;Dotson Zone;MAIN;81|82;;;
D34552C2;1;INT;2;Gorilla Lake Property;MAIN;20;;;
D34552C2;2;UNC;2;Gorilla Lake Property;MAIN;25;;;
D3390435;1;BMF;2;ABM;MAIN;72|76|80|81;;;
D39EB59F;1;BMF;2;Quasar;MAIN;19;;;
D3AB9449;1;SHZC;1;Wollaston Lake Property;MAIN;32|36;;;
D3A71059;1;SHZC;2;Reiseter;MAIN;16;;;
D3DFF55F;1;CSF;1;West Joe;MAIN;24|32;;;
D3DFF55F;2;INC;2;West Joe;MAIN;24;;;
D3DFF55F;3;SHZC;2;West Joe;MAIN;34;;;
D3CEAC80;1;SHZC;1;Glitter Pegmatite;MAIN;20;;;
D3CEAC80;2;FLD;2;Glitter Pegmatite;MAIN;20|21;;;
D3FF72D0;1;TRT;1;Storm Copper;MAIN;74|75;;;
D3FF72D0;2;SOF;2;Storm Copper;MAIN;74;;;
D3F1826D;1;THR;2;Glacier Creek prospect;MAIN;26;;;
D3F1826D;2;FLD;2;Glacier Creek prospect;MAIN;23|26|38;;;
D3F1826D;3;SOF;2;Glacier Creek prospect;MAIN;27;;;
D3C80563;1;SOF;2;Copper Mountain;MAIN;24|25;;;
D3C80563;2;INT;2;Copper Mountain;MAIN;25;;;
D3C80563;3;DOM;2;Copper Mountain;MAIN;24|25;;;
D3DB8733;1;SHZC;1;Mine Block Intrusion;MAIN;69|75|79|91;;;
D3DB8733;2;SSF;2;Mine Block Intrusion;MAIN;75|79|83;;;
D3DB8733;5;SSF;2;Mine Block Intrusion;MAIN;79;;;
D3DB8733;6;SHZC;2;Mine Block Intrusion;MAIN;87;;;
D400D227;1;FLD;2;West Zone;MAIN;67;;;
D42B2574;1;SSF;2;Caber;MAIN;56|59;;;
D410B1C0;1;SSF;1;ACKIO;MAIN;45;;;
D410B1C0;2;SHZC;1;ACKIO;MAIN;45;;;
D432FC43;1;SSF;2;Minago deposit;MAIN;107;;;
D432FC43;2;FLD;2;Minago deposit;MAIN;107;;;
D432FC43;4;FLD;1;Minago deposit;MAIN;108;;;
D432FC43;5;MYLC;1;Minago deposit;MAIN;108;;;
D4336065;2;CSF;1;Gulçari A;MAIN;84;;;
D4514101;1;FLD;1;Mei Feng Mine;MAIN;36;;;
D4514101;2;THR;2;Mei Feng Mine;MAIN;36;;;
D4514101;3;FLD;2;Mei Feng Mine;MAIN;37;;;
D45F3E6A;1;SHZC;2;White Mountain;MAIN;27;;;
D46F5608;1;CSF;1;McFaulds South Property;MAIN;16;;;
D4870152;1;NRM;2;Kaukua;MAIN;31;;;
D48BBF28;1;THR;1;Selkirk;MAIN;50;;;
D48BBF28;3;FLD;2;Selkirk;MAIN;53;;;
D4927995;1;CSF;1;Elk Creek;MAIN;36;;;
D4965721;2;UNC;2;Varvarinskoye;MAIN;10;;;
D4A8B922;1;BMF;2;Oracle Ridge;MAIN;55;;;
D4A8B922;2;SOF;3;Oracle Ridge;MAIN;56;;;
D4A8B922;3;FLD;2;Oracle Ridge;MAIN;56;;;
D4A8B922;4;FLD;3;Oracle Ridge;MAIN;56;;;
D4BF5B64;1;FLD;2;Lake St. Joseph Iron Formation;MAIN;64;;;
D4BF5B64;2;CSF;1;Lake St. Joseph Iron Formation;MAIN;62;;;
D4D75D36;1;FLD;2;Lac Guéret;MAIN;87|90|95;;;
D4D75D36;2;THR;1;Lac Guéret;MAIN;82|83;;;
D4D75D36;3;THR;2;Lac Guéret;MAIN;92;;;
D4E44621;1;SHZC;2;Two Tom;MAIN;32|34|38;;;
D4E4C285;1;CSF;1;Werner Lake deposits;MAIN;15;500.0;;extent:bounded
D4E4C285;2;INT;2;Werner Lake deposits;MAIN;16;30000.0;;extent:approx_magnitude
D4E4C285;3;FLD;2;Werner Lake deposits;MAIN;17;;;
D4E4C285;4;ENE;3;Werner Lake deposits;MAIN;17|18;;;
D503EAB6;1;CSF;1;Torlon Hill;MAIN;33;;2000.0;
D503EAB6;2;DET;2;Torlon Hill;MAIN;35;;;
D503EAB6;3;SOF;3;Torlon Hill;MAIN;35;;;
D503EAB6;4;THR;3;Torlon Hill;MAIN;35;;;
D503EAB6;5;GSC;2;Torlon Hill;MAIN;36;;;
D503EAB6;6;SOF;2;Torlon Hill;MAIN;37;;;
D503EAB6;7;INT;2;Torlon Hill;MAIN;37;;;
D4EBDC84;1;SHZC;N/A;Waterberg;MAIN;41;;;
D4EBDC84;2;SHZC;N/A;Waterberg;MAIN;52;;;
D5553439;1;SOF;2;Escape Lake Zone;MAIN;19|22;;;
D50DF70E;1;THR;1;Hill Copper-Zinc Project;MAIN;118|120;;;
D50DF70E;2;THR;2;Hill Copper-Zinc Project;MAIN;120;;;
D50DF70E;3;THR;2;Hill Copper-Zinc Project;MAIN;121;;;
D50DF70E;4;DET;2;Hill Copper-Zinc Project;MAIN;121|122;;;
D50DF70E;5;FLD;2;Hill Copper-Zinc Project;MAIN;118|122;;;
D50DF70E;6;SSF;2;Hill Copper-Zinc Project;MAIN;118;;;
D50DF70E;7;NRM;2;Hill Copper-Zinc Project;MAIN;118|122|124;;;
D55B40AA;1;BMF;1;Neptune Project;MAIN;21|23|25;;;
D569B759;1;BXP;2;Inmachuk prospect;MAIN;14|15;;;
D59588DD;1;FLD;2;Menzhinsky Mine;MAIN;60|61|66;;;
D59588DD;3;SOF;2;Menzhinsky Mine;MAIN;61;;;
D59588DD;4;THR;2;Menzhinsky Mine;MAIN;61;;;
D58957B6;1;SSF;1;Madrugador;MAIN;23|27;;;
D58957B6;2;SOF;2;Madrugador;MAIN;27|29;;;
D59C7326;1;BMF;2;CVLC Project;MAIN;35;;;
D57049B8;1;THR;2;Viken;MAIN;56;;;
D57049B8;2;FLD;2;Viken;MAIN;56;;;
D578D8AC;2;THR;2;Agua Rica;MAIN;80;;;
D578D8AC;3;NRM;2;Agua Rica;MAIN;80;;;
D5829355;1;CSF;1;Eaglehead;MAIN;59;30000.0;;extent:approx_magnitude
D5829355;2;SOF;2;Eaglehead;MAIN;59|108|110;;;
D5829355;3;SHZC;3;Eaglehead;MAIN;97;;;
D5829355;4;ENE;3;Eaglehead;MAIN;72|97;;;
D5ACB8ED;1;SSF;2;W4 Nickel Deposit;MAIN;90;;;
D5A5EE4A;1;BMF;1;Sonora Lithium Clay Units;MAIN;15|18|19;;;
D5A5EE4A;2;FLD;2;Sonora Lithium Clay Units;MAIN;18|21|23|25;;;
D5A00879;1;SSF;1;Baptiste;MAIN;70;;;
D5A00879;2;SHZC;2;Baptiste;MAIN;76;;;
D5A00879;4;SSF;2;Baptiste;MAIN;76;;;
D5B08D52;1;SHZC;1;Karin Lake;MAIN;17;;;
D5B08D52;2;SSF;1;Karin Lake;MAIN;18;;;
D5B08D52;4;FLD;2;Karin Lake;MAIN;18|23|27;;;
D5B08D52;5;TRP;1;Karin Lake;MAIN;23;;;
D5B08D52;6;INT;2;Karin Lake;MAIN;28|31;;;
D5D3AF54;1;CLD;1;Seel;MAIN;34;;;
D5D3AF54;2;CLD;2;Seel;MAIN;39;;;
D5B438FF;1;SHZC;2;Patterson Lake South;MAIN;26;;;
D5B438FF;2;SHZC;2;Patterson Lake South;MAIN;27|30;;;
D5B438FF;3;INT;3;Patterson Lake South;MAIN;46;;;
D61815A9;1;CSF;1;Bingo pegmatite;MAIN;21;;;
D6019BB5;1;CSF;1;Star Kimberlite;MAIN;51;;;
D5BBBC8D;1;SHZC;2;Niblack;MAIN;7|50;;;
D5BBBC8D;3;FLD;2;Niblack;MAIN;7|48|49;;;
D6207E09;1;SHZC;1;West Zone;MAIN;79;;;
D623491D;1;THR;1;Iron Point;MAIN;34|41;;;
D623491D;2;FLD;2;Iron Point;MAIN;35|38|41;;;
D623491D;3;FLD;2;Iron Point;MAIN;39;;;
D623491D;4;SHZC;2;Iron Point;MAIN;38;;;
D623491D;5;BMF;1;Iron Point;MAIN;34|39;;;
D63985E8;1;THR;2;South Hill Fault;MAIN;53|63;;;
D63985E8;2;BMF;2;Jewel Hill Fault;MAIN;53|63;;;
D63985E8;3;BMF;2;Gold Gulch Fault;MAIN;53|63;;;
D63985E8;4;BMF;2;Dome Fault;MAIN;53|63;;;
D63985E8;5;CSF;1;South Hill Fault;MAIN;63;;;
D61D6821;1;FLD;1;Ruby Mineralization;MAIN;24;;;
D61D6821;2;SHZC;1;Ruby Mineralization;MAIN;25;;;
D61D6821;3;SSF;1;Ruby Mineralization;MAIN;25;;;
D61D6821;5;GSC;2;Ruby Mineralization;MAIN;29;;;
D61D6821;6;INC;2;Ruby Mineralization;MAIN;29;;;
D63B8782;2;SSF;2;Schaft Creek;MAIN;116|117;;;
D64A8D55;1;CSF;1;CUMO;MAIN;34|35;;;
D64FD36D;1;FLD;1;Daquan Vanadium Zone;MAIN;29|30;;;
D657DBFB;1;FLD;1;Kansanshi;MAIN;56|57|58;;;
D657DBFB;2;SOF;2;Kansanshi;MAIN;58|62|64;;;
D6640563;1;CSF;1;Alpala Deposit;MAIN;58|61|63;;;
D6640563;2;SOF;2;Alpala Deposit;MAIN;60|63;;;
D6640563;3;SOF;3;Alpala Deposit;MAIN;63;;;
D6992545;1;CSF;1;Sahavaara;MAIN;48|49;50000.0;;extent:bounded
D6992545;2;THR;2;Sahavaara;MAIN;49;;;
D6992545;3;SHZC;2;Sahavaara;MAIN;57;;;
D69B4716;1;CSF;1;Norra Kärr;MAIN;52;;;
D69B4716;2;BMF;1;Norra Kärr;MAIN;51|53;;;
D69B4716;3;FLD;2;Norra Kärr;MAIN;55|75;;;
D69B4716;4;SHZC;1;Norra Kärr;MAIN;73;;;
D69B4716;5;SHZC;2;Norra Kärr;MAIN;56;;;
D6C6E532;1;INT;1;Red Ring;MAIN;17;;;
D69B3DC7;2;SHZC;2;El Toro Project;MAIN;33;;;
D69B3DC7;4;SHZC;2;El Toro Project;MAIN;34;800.0;;
D6F1E9C4;1;FLD;1;Denison Mine;MAIN;51|52;;;
D6F1E9C4;2;THR;1;Denison Mine;MAIN;51;;;
D6F1E9C4;3;THR;2;Denison Mine;MAIN;52;;;
D6D5AFDC;1;CSF;1;El Hávila;MAIN;24|25|31;;;
D6D5AFDC;2;INT;2;El Hávila;MAIN;46;;;
D6D5AFDC;3;SHZC;2;El Hávila;MAIN;56;;;
D744BF1E;1;CSF;1;Tsau Project Kimberlites;MAIN;20;;;
D744BF1E;2;THR;1;Tsau Project Kimberlites;MAIN;21;;;
D738EF65;1;SHZC;1;Moonlite Property;MAIN;34|40;;;
D738EF65;2;JOG;2;Moonlite Property;MAIN;34;;;
D738EF65;3;SOF;2;Moonlite Property;MAIN;34;;;
D738EF65;4;UNC;1;Moonlite Property;MAIN;34|40;;;
D738EF65;5;CSF;1;Moonlite Property;MAIN;34;;;
D74F54CE;1;SSF;1;Lithium Creek Project;MAIN;29|36;;;
D74F54CE;2;BMF;2;Lithium Creek Project;MAIN;36;;;
D74F54CE;3;JOG;2;Lithium Creek Project;MAIN;37;;;
D74F54CE;4;SOF;2;Lithium Creek Project;MAIN;37;;;
D7482B54;1;SHZC;2;MacArthur;MAIN;57;;;
D7482B54;2;INT;2;MacArthur;MAIN;57;;;
D7482B54;3;BMF;1;MacArthur;MAIN;57;;;
D7482B54;4;LFT;1;MacArthur;MAIN;55;;;
D7E5DCD2;1;INT;1;Pikoo Group Properties;MAIN;26;;;
D7A2D36E;1;THR;1;Chapada;MAIN;40|45;;;
D7A2D36E;2;SHZC;1;Chapada;MAIN;40|58;;;
D7A2D36E;3;SSF;1;Chapada;MAIN;40;;;
D7A2D36E;4;FLD;2;Chapada;MAIN;45|48|59;;;
D7A589EB;1;SHZC;2;Thierry Deposit;MAIN;47|50|52;6000.0;;extent:bounded
D7A589EB;2;JOG;3;Thierry Deposit;MAIN;51|52|54;;;
D7585991;1;THR;1;Jabal Sayid;MAIN;42;20000.0;;
D7585991;2;FLD;2;Jabal Sayid;MAIN;41|42;;;
D7CD43B7;1;CSF;1;Lac Burge Project;MAIN;23;;;
D7CD43B7;2;SHZC;1;Lac Burge Project;MAIN;24|33;;;
D7CD43B7;5;INT;2;Lac Burge Project;MAIN;33;;;
D82F2703;1;FLD;2;Bucko Lake;MAIN;40;;;
D8507CA3;1;UNC;N/A;Wakeham Project;MAIN;10;;;
D8507CA3;2;SHZC;N/A;Wakeham Project;MAIN;10;;;
D824BC2F;2;INT;2;Blackwater Properties;MAIN;27;;;
D85F28EE;1;GSC;1;Slopeaway;MAIN;21;;;
D83BF01C;1;FLD;2;Main Zone;MAIN;26|31|41;;;
D83BF01C;2;SSF;2;Main Zone;MAIN;26;;;
D8611500;1;BMF;1;Coles Hill;MAIN;30|31|39;;;
D8611500;2;THR;1;Coles Hill;MAIN;30;;;
D867BA7C;1;FLD;1;Langis;MAIN;85;;;
D867BA7C;2;THR;1;Langis;MAIN;85;;;
D867BA7C;3;FLD;2;Langis;MAIN;87;;;
D867BA7C;4;SSF;2;Langis;MAIN;87;;;
D867BA7C;5;THR;2;Langis;MAIN;88;;;
D8CD862A;1;FLD;1;E Zone;MAIN;35|37;;;
D8CD862A;2;FLD;2;E Zone;MAIN;37;;;
D8CD862A;3;INC;2;E Zone;MAIN;38;;;
D87C8CD7;1;BMF;1;Boleo Mantos;MAIN;30|31;;;
D8DFA974;1;FLD;1;Green Energy Project;MAIN;25|26|27;;;
D8DF6238;2;UNC;1;Velvet-Wood Deposit;MAIN;47|53;;;
D8E0EC50;1;CSF;1;Bornite;MAIN;36;;;
D8E0EC50;3;THR;2;Bornite;MAIN;44;;;
D8E0EC50;5;BMF;2;Bornite;MAIN;51;;;
D8F18714;1;FLD;2;Asbury deposit;MAIN;29;;;
D8E3F8AA;1;CSF;1;Sheep Hill;MAIN;14;;;
D8E3F8AA;2;SOF;2;Sheep Hill;MAIN;22;;;
D923AD9E;1;BMF;1;Cauchari-Olaroz;MAIN;73;;;
D923AD9E;2;SSF;1;Cauchari-Olaroz;MAIN;73;;;
D923AD9E;3;BMF;2;Cauchari-Olaroz;MAIN;75;;;
D923AD9E;4;TRP;2;Cauchari-Olaroz;MAIN;75;;;
D935DA0D;1;SHZC;1;North Shore Property;MAIN;43;75000.0;;
D93714CB;1;NRM;2;E Zone;MAIN;18|25;;;
D93714CB;2;FLD;2;E Zone;MAIN;19|25;;;
D93714CB;3;THR;2;E Zone;MAIN;19|20|22;;;
D93EF97F;1;SSF;1;Don McCarthy Property;MAIN;18;;;
D93EF97F;2;THR;1;Don McCarthy Property;MAIN;18;;;
D93EF97F;4;INT;2;Don McCarthy Property;MAIN;25;;;
D94A34AA;2;DET;2;Sentinel;MAIN;46|48|53;;;
D94A34AA;3;FLD;2;Sentinel;MAIN;46|48|53;;;
D94A34AA;4;SHZC;1;Sentinel;MAIN;48;;;
D8FA8BCD;1;THR;1;Kerr-Sulphurets-Mitchell;MAIN;28|29|38|45;;;
D8FA8BCD;2;SHZC;2;Kerr-Sulphurets-Mitchell;MAIN;39|41;;;
D8FA8BCD;4;ENE;3;Kerr-Sulphurets-Mitchell;MAIN;41;;;
D94EB5C6;1;SHZC;2;Haib;MAIN;38;;;
D95DBB69;1;UNC;1;Kendal Project;MAIN;39|40|50;;;
D95DBB69;2;INC;1;Kendal Project;MAIN;39|40;100000.0;;extent:bounded
D9AEBFC9;1;BMF;1;Smackover Formation;MAIN;55|73;;;
D9AEBFC9;3;LFT;1;Smackover Formation;MAIN;51;;;
D9BA75B3;1;FLD;2;Moyie Anticline;MAIN;50|52|64;;;
D9BA75B3;2;THR;1;Moyie Anticline Property;MAIN;52;;;
D9BA75B3;4;THR;2;Moyie Anticline Property;MAIN;52;;;
D9BA75B3;5;SHZC;2;Canam Structural Zone;MAIN;58|65;;;
D9BA75B3;6;SHZC;2;Rise Shear;MAIN;58|65;;;
D9BA75B3;7;NRM;2;South Hawkins Fault;MAIN;64;;;
D9DAF35A;1;THR;1;Rambler Main Mine;MAIN;43;;;
D9DAF35A;2;FLD;2;Rambler Main Mine;MAIN;47;;;
D97C4D8F;1;CLD;2;Silver King North;MAIN;22;;;
D9D8EDB9;1;FLD;2;Scotch Creek;MAIN;61|62|64;;;
D9D8EDB9;2;THR;2;Scotch Creek;MAIN;62|64;;;
DA1100FF;1;BMF;1;Rosh Pinah;MAIN;83;;;
DA1100FF;2;THR;2;Rosh Pinah;MAIN;62|72|80;;;
DA1100FF;3;FLD;2;Rosh Pinah;MAIN;61;;;
DA1100FF;4;SHZC;2;Rosh Pinah;MAIN;61|72|77;;;
DA1100FF;5;SSF;2;Rosh Pinah;MAIN;76;;;
D9EDDEB7;3;INT;2;Roughrider East Zone;MAIN;6|39|41;;;
DA0CA218;3;INT;2;Filo del Sol;MAIN;39;;;
DA2BBB0C;1;BMF;2;TLC Property;MAIN;56;;;
DA1FFC0F;1;FLD;2;Bronson Slope;MAIN;29;;;
DA288A10;1;SHZC;2;Murphy Lake;MAIN;51;;;
DA4D417F;1;TRT;1;Casita Geothermal System;MAIN;18|23|57;;;
DA4D417F;2;SSF;1;Casita Geothermal System;MAIN;23;;;
DA4D417F;4;SOF;2;Casita Geothermal System;MAIN;47|57;;;
DA510918;1;SOF;2;Copper Flat;MAIN;85;;;
DA510918;2;INT;2;Copper Flat;MAIN;86|87;;;
DA5BE1B2;1;THR;1;Main Deposit;MAIN;63;;;
DA5BE1B2;2;SSF;1;Main Deposit;MAIN;63;;;
DA5BE1B2;3;THR;2;Main Deposit;MAIN;66;;;
DA5BE1B2;4;FLD;2;Main Deposit;MAIN;66;;;
DA78E621;1;SHZC;2;Valiquette showing;MAIN;26;;;
DA78E621;2;FLD;2;Valiquette showing;MAIN;32|34;;;
DA7987BB;2;SOF;2;UG2 CL;MAIN;18;;;
DA8DB045;1;FLD;2;TV Tower;MAIN;62;;;
DAA3FAC5;1;THR;1;Waverley-Tangier;MAIN;37;;;
DAA3FAC5;2;SHZC;2;Waverley-Tangier;MAIN;42;;;
DAA3FAC5;3;INT;2;Waverley-Tangier;MAIN;42;;;
DAA3FAC5;4;FLD;2;Waverley-Tangier;MAIN;42;;;
DAEDC317;1;FLD;2;Deposit A;MAIN;22;;;
DB241A5E;1;DOM;2;James Bay Lithium Project;MAIN;86;;;
DB30419C;1;FLD;1;Itafós Arraias;MAIN;62;;;
DB30419C;2;THR;1;Itafós Arraias;MAIN;62;;;
DAC6CB6E;1;SSF;1;Josemaría;MAIN;34;;;
DAC6CB6E;3;DET;2;Josemaría;MAIN;34;;;
DAC6CB6E;4;JOG;2;Josemaría;MAIN;34;;;
DB34FDA7;1;CSF;1;WHN-Boisvert;MAIN;28|34;;;
DB34FDA7;2;SHZC;2;WHN-Boisvert;MAIN;30;;;
DB93DBCD;1;SSF;1;Wellgreen Deposit;MAIN;69;;;
DB93DBCD;2;THR;1;Wellgreen Deposit;MAIN;69;;;
DB93DBCD;3;THR;2;Wellgreen Deposit;MAIN;73;;;
DBA0D035;2;INC;2;Highway Area Veins;MAIN;38;;;
DBBA3D49;2;CSF;1;Quebec Lithium Project;MAIN;45;;;
DBB9B176;1;INT;1;Eagle East;MAIN;75;;;
DBB9B176;3;THR;1;Eagle East;MAIN;68;;;
DBD528B7;1;FLD;2;Mareesburg;MAIN;25|32;;;
DBF49C25;1;FLD;N/A;Graphite Veins;MAIN;26|28|29;;;
DC0A8EF6;1;FLD;2;Florida Canyon;MAIN;41|45;;;
DC0A8EF6;2;SOF;2;Florida Canyon;MAIN;41;;;
DC0A8EF6;3;SOF;2;Florida Canyon;MAIN;41|42;;;
DC0A8EF6;4;INT;3;Florida Canyon;MAIN;41;;;
DBE7AA4A;1;FLD;1;Dodger Zone;MAIN;27|30;;;
DBE7AA4A;3;INC;2;Dodger Zone;MAIN;32;;;
DC247386;1;FLD;2;Mine 14;MAIN;33;;;
DC247386;2;THR;2;Mine 14;MAIN;33;;;
DC3C5F93;1;SHZC;1;Dyke #5;MAIN;43;;;
DC3C5F93;2;GSC;2;Dyke #5;MAIN;43;;;
DC5BC608;1;SHZC;2;Lorraine Main Zone;MAIN;58;;;
DC2562F3;1;THR;1;Conda Projects;MAIN;65;;;
DC2562F3;2;FLD;1;Conda Projects;MAIN;65;;;
DC2562F3;3;SSF;1;Conda Projects;MAIN;65;;;
DC2562F3;5;FLD;2;Conda Projects;MAIN;69;;;
DC2562F3;7;SSF;2;Conda Projects;MAIN;69;;;
DC2562F3;8;FLD;2;Conda Projects;MAIN;71;;;
DC7F02B3;1;THR;1;HMN Project;MAIN;70|76;;;
DC7F02B3;2;BMF;1;HMN Project;MAIN;70|99;;;
DC7F02B3;3;SSF;1;HMN Project;MAIN;77;;;
DC147127;1;THR;1;Nariin Sukhait Coal Deposit;MAIN;54|74;;;
DC147127;2;THR;2;Nariin Sukhait Coal Deposit;MAIN;62|65;;;
DC147127;3;FLD;2;Nariin Sukhait Coal Deposit;MAIN;62|63|64|67;;;
DC147127;4;SHZC;2;Nariin Sukhait Coal Deposit;MAIN;62;;;
DCA29778;1;SHZC;1;Royal vein;MAIN;9|10;;;
DCA29778;2;THR;2;Royal vein;MAIN;9|10;;;
DC883373;1;FLD;2;Spinifex Ridge;MAIN;29;;;
DC883373;2;SHZC;2;Spinifex Ridge;MAIN;29;;;
DCAB3CAC;1;CSF;1;Granby Zone;MAIN;14|15|17;;;
DCAB3CAC;2;SHZC;2;Granby Zone;MAIN;20;;;
DCAB3CAC;3;SOF;2;Granby Zone;MAIN;20;;;
DC9090E0;1;SSF;1;War Springs Platreef;MAIN;19|21|36;;;
DC9090E0;2;FLD;2;War Springs Platreef;MAIN;21;;;
DC9090E0;3;INC;2;War Springs Platreef;MAIN;18|21|28|29;;;
DCAD26E5;1;CSF;1;Pinchazo;MAIN;16;;;
DCAD26E5;4;INT;2;Pinchazo;MAIN;17;;;
DCD8A535;1;CLD;2;Sombrero Butte;MAIN;12;;;
DD0598A4;2;FLD;2;Robinsons River Salt;MAIN;26|30;;;
DD07290A;1;THR;1;Tolita;MAIN;43|49;;2000.0;
DD07290A;2;SOF;2;Tolita;MAIN;49;;;
DD07290A;3;SOF;3;Tolita;MAIN;49;;;
DD25A5D1;1;THR;2;Hopes Advance Main Zone;MAIN;77;;;
DD284F82;1;SHZC;1;Botija Abajo;MAIN;18;;;
DD284F82;2;INT;2;Botija Abajo;MAIN;18;;;
DD3ACE0E;3;BXP;2;Los Verdes;MAIN;48;;;
DD210208;1;THR;1;Kuriskova;MAIN;51;;;
DD210208;2;NRM;2;Kuriskova;MAIN;51;;;
DD210208;3;DET;2;Kuriskova;MAIN;51;;;
DD33805F;1;CSF;1;Gonneville;MAIN;26;;14000.0;distance:bounded
DD3B8437;1;SOF;2;West Bear Cobalt-Nickel Deposit;MAIN;32;;;
DD3B8437;2;FLD;2;West Bear Cobalt-Nickel Deposit;MAIN;32;;;
DD4B734E;1;CSF;1;EPL-8084;MAIN;22|23;;;
DD41A90D;1;BMF;1;Sonora Lithium Project;MAIN;16;;;
DD41A90D;2;SOF;2;Sonora Lithium Project;MAIN;19|20|26;;;
DD5DB49F;1;FLD;2;Trairão;MAIN;52|53;;;
DD5A958F;1;SHZC;2;Ban Phuc;MAIN;48|50;;;
DD7C3BB9;1;SSF;1;Opemiska;MAIN;51|55;;;
DD7C3BB9;2;JOG;2;Opemiska;MAIN;52|55;;;
DD7C3BB9;3;SOF;2;Opemiska;MAIN;53|55;;;
DD818F5D;1;CSF;1;Santo Domingo Sur;MAIN;141;;;
DD818F5D;2;SSF;1;Santo Domingo Sur;MAIN;141;;;
DD818F5D;3;THR;2;Santo Domingo Sur;MAIN;146|151;;;
DD803BFA;1;CSF;1;Lac 50;MAIN;90|93;;;
DD803BFA;2;SHZC;1;Lac 50;MAIN;93;;;
DD803BFA;3;SOF;2;Lac 50;MAIN;98;;;
DD803BFA;4;SOF;3;Lac 50;MAIN;98;;;
DD803BFA;5;BXP;2;Lac 50;MAIN;98;;;
DD803BFA;6;THR;1;Lac 50;MAIN;97;;;
DDAA4775;1;THR;N/A;Gibellini;MAIN;44|46;;;
DD863091;2;INT;2;St. Lawrence Veins;MAIN;57;;;
DD923E18;1;SSF;1;Mount Philp Iron Deposit;MAIN;14|15;;;
DD923E18;2;CSF;1;Mount Philp Iron Deposit;MAIN;14|15;100000.0;;extent:bounded
DD923E18;3;SOF;2;Mount Philp Iron Deposit;MAIN;18;;;
DDDD5105;1;TRP;1;São Manuel and São Rubens;MAIN;57;;;
DDDD5105;2;FLD;2;São Manuel and São Rubens;MAIN;54|58|66;;;
DDDD5105;3;SHZC;2;São Manuel and São Rubens;MAIN;58;;;
DDCEE77E;1;CSF;1;Los Azules breccia pipes;MAIN;19;;;
DDCEE77E;2;INT;2;Los Azules breccia pipes;MAIN;21;;;
DDE5B5CE;1;SHZC;1;Molo;MAIN;82|85;;;
DDE5B5CE;2;FLD;2;Molo;MAIN;85;;;
DDAECF87;1;CSF;1;Santo Domingo;MAIN;38|39;1200000.0;10000.0;extent:bounded
DDAECF87;2;SSF;2;Santo Domingo;MAIN;51|71;17000.0;;
DDAECF87;4;THR;2;Santo Domingo;MAIN;50;;;
DDE6AE48;1;FLD;2;Captain;MAIN;28;;;
DE13A719;1;SOF;2;Roby Zone;MAIN;43|54;;;
DE13A719;2;SOF;2;Roby Zone;MAIN;43;;30.0;distance:range_mean
DE06CD65;1;SSF;2;White Pine North;MAIN;83|84|85;;;
DE06CD65;2;THR;2;White Pine North;MAIN;83|85;;;
DE06CD65;3;FLD;2;White Pine North;MAIN;83;;;
DE06CD65;4;BMF;2;White Pine North;MAIN;85;;;
DDE71293;1;SSF;1;Groundhog;MAIN;36;;;
DDE71293;2;NRM;2;Groundhog;MAIN;40;;;
DDFEB922;1;THR;2;Aripuanã Deposits;MAIN;48|51|52;;;
DDFEB922;2;FLD;2;Aripuanã Deposits;MAIN;51|52;;;
DE168EA3;1;FLD;2;Lagoa Salgada;MAIN;44;;;
DE2FB2D6;1;CSF;1;Table Mountain;MAIN;26;;;
DE2FB2D6;2;THR;2;Table Mountain;MAIN;28|32;;;
DE2FB2D6;3;SSF;3;Table Mountain;MAIN;28;;;
DE483BE5;1;THR;2;Robelin Property;MAIN;26;;;
DE483BE5;2;THR;1;Robelin Property;MAIN;24;;;
DE505EB3;1;SSF;1;Josemaría;MAIN;35;;;
DE505EB3;2;THR;2;Josemaría;MAIN;35|52;;;
DE8579C0;1;BMF;1;Nash Creek Deposit;MAIN;19|21;;;
DE8F646E;1;SSF;1;Elk Creek Carbonatite;MAIN;104|107;;;
DE99352E;1;CSF;1;Copper Hill;MAIN;20|21;;;
DE99352E;2;TRP;2;Copper Hill;MAIN;25;;;
DE99352E;3;SOF;2;Copper Hill;MAIN;25;;;
DE9162DE;1;CSF;1;Sunnyside;MAIN;18;;;
DE9162DE;2;FLD;2;Sunnyside;MAIN;14;;;
DEB28B85;1;FLD;2;Tulsequah Chief;MAIN;60;;;
DEB28B85;2;BMF;2;Tulsequah Chief;MAIN;60;;;
DEB28B85;3;BMF;1;Tulsequah Chief;MAIN;62;;;
DEB28B85;4;INT;2;Tulsequah Chief;MAIN;62;;;
DEBBB823;1;THR;2;Burnt Pond;MAIN;24|35;;;
DEC9FEB3;1;BMF;1;Big Cypress;MAIN;35|36;;;
DEC9FEB3;2;FLD;2;Big Cypress;MAIN;36;;;
DEC60DC6;1;FLD;2;Joyce Lake;MAIN;51|57|59;;;
DED6D91A;1;CSF;1;Pakeagama Lake pegmatite;MAIN;35;140000.0;;extent:bounded
DED6D91A;2;ENE;3;Pakeagama Lake pegmatite;MAIN;35;;;
DED9A278;1;TRP;1;Los Helados;MAIN;55|57;;;
DED9A278;3;INT;2;Los Helados;MAIN;57;;;
DEEF758A;1;SSF;1;Grid BC Copper Gold Project;MAIN;32|33;470000.0;;extent:bounded
DEEF758A;2;THR;2;Grid BC Copper Gold Project;MAIN;36;;;
DEEF758A;3;SHZC;2;Grid BC Copper Gold Project;MAIN;39;;;
DEF3C856;1;SHZC;1;Haib;MAIN;37|38;;;
DEF3C856;2;SHZC;2;Haib;MAIN;38;;;
DEF49B7D;1;CSF;1;CUMO;MAIN;29|30;;;
DEF72DC8;1;CSF;1;Sahavaara;MAIN;48;150000.0;;extent:bounded
DEF8E0BB;1;SSF;1;Pele Mountain Property;MAIN;36;;;
DEF8E0BB;2;SHZC;1;Pele Mountain Property;MAIN;36;;;
DEF8E0BB;3;THR;1;Pele Mountain Property;MAIN;37;;;
DEF8E0BB;4;LTC;2;Pele Mountain Property;MAIN;32;;;
DEF8E0BB;5;MYLC;2;Pele Mountain Property;MAIN;56;;;
DF373902;1;SHZC;1;Uis Tailings;MAIN;65;;;
DF373902;2;SOF;2;Uis Tailings;MAIN;65;;;
DF373902;3;ENE;3;Uis Tailings;MAIN;65;;;
DF028E9F;1;THR;1;Kuriskova;MAIN;51;;;
DF395213;1;FLD;2;Cobre Grande;MAIN;27;2000.0;;
DF395213;2;SOF;2;Cobre Grande;MAIN;27|33;;;
DF395213;3;SHZC;1;Cobre Grande;MAIN;33;;;
DF395213;4;FLD;2;Cobre Grande;MAIN;33;;;
DF62844D;1;FLD;2;Tomtebo Mine;MAIN;36;;;
DF7D85C1;1;FLD;2;Charon zone;MAIN;26;;;
DF6F34C1;1;CSF;1;Sierra Gorda;MAIN;82;;;
DF6F34C1;2;SOF;2;Sierra Gorda;MAIN;82;;;
DF6F34C1;3;INT;2;Sierra Gorda;MAIN;82;;;
DF7FB0F9;1;FLD;2;Arctic deposit;MAIN;99|104;;;
DF7FB0F9;2;FLD;1;Arctic deposit;MAIN;100;;;
DF7FB0F9;4;BMF;1;Arctic deposit;MAIN;96;;;
DFAF9211;1;FLD;2;South Zone;MAIN;17;;;
DFAF9211;2;SSF;2;South Zone;MAIN;19;;;
DFAF9211;3;SHZC;N/A;South Zone;MAIN;20;;;
DFBAECDD;1;THR;2;Phoenix;MAIN;46|52|53;;;
DFBAECDD;2;SOF;2;Phoenix;MAIN;51|53;;;
DFC2485A;1;NRM;2;Lone Mountain;MAIN;31;;;
DFC2485A;2;INT;2;Lone Mountain;MAIN;31|35;;;
DFD73801;1;FLD;2;Paradox North Lithium Project;MAIN;43|44|47|49|51;;;
DFD495D1;1;BMF;1;Salar de Diablillos;MAIN;25;;;
DFEA6411;1;THR;2;Davidson deposit;MAIN;57;;;
DFEA6411;2;DOM;2;Davidson deposit;MAIN;59;;;
E00A4A0C;1;CSF;1;Sturgeon Lake Lithium-Brine;MAIN;40;;;
DFD67319;1;SHZC;1;Lemieux Dome;MAIN;79;130000.0;;
DFD67319;2;CLD;2;Lemieux Dome;MAIN;85;;;
DFD67319;3;SHZC;2;Lemieux Dome;MAIN;85|97;;;
DFF76359;1;CSF;1;Lone Mountain;MAIN;29;;;
DFF76359;2;BMF;1;Lone Mountain;MAIN;29;;3218.7;
DFF76359;3;FLD;1;Lone Mountain;MAIN;29;;;
DFF76359;4;SOF;2;Lone Mountain;MAIN;29;;;
DFF76359;5;SOF;2;Lone Mountain;MAIN;30;;;
DFF76359;6;THR;2;Lone Mountain;MAIN;30;;;
E00C2360;1;SSF;1;Monitor Property;MAIN;28;;;
E00C2360;2;SOF;2;Monitor Property;MAIN;28;;;
E00C5A1D;1;FLD;2;Cayenne-Chili;MAIN;22;;;
E03B412F;1;CSF;1;Sierra Gorda;MAIN;82;;;
E03B412F;2;SHZC;2;Sierra Gorda;MAIN;82;;;
E03B412F;3;SOF;2;Sierra Gorda;MAIN;82;;;
E03B412F;4;INT;2;Sierra Gorda;MAIN;82;;;
E04F6179;1;SSF;1;Yerington Mine;MAIN;38;;;
E04F6179;2;LFT;1;Yerington Mine;MAIN;39|41;;;
E052A0D8;1;NRM;2;E Zone;MAIN;18|25;;600.0;
E052A0D8;2;THR;2;E Zone;MAIN;19|20|22;;;
E052A0D8;3;FLD;2;E Zone;MAIN;18|25|26;;;extent:unparseable
E04351CA;1;TRT;1;Nash Creek Deposit;MAIN;63|65;22000.0;;
E04351CA;2;BMF;2;Nash Creek Deposit;MAIN;65;;;
E05563C9;1;CLD;N/A;Bom Futuro Tailings;MAIN;47;;;
E05E23F5;1;DOM;N/A;Telamayu;MAIN;44;;;
E0D9DEE0;1;BMF;1;Texas Springs;MAIN;20;;;
E0C7847A;1;CSF;1;Canyon Creek Skarn;MAIN;16;600000.0;;
E0C7847A;2;THR;2;Canyon Creek Skarn;MAIN;23;;;
E0C7847A;3;FLD;2;Canyon Creek Skarn;MAIN;23|25;;;
E0C61071;1;SHZC;2;Jiaogenma;MAIN;34;;;
E0C61071;2;SOF;2;Jiaogenma;MAIN;36;;;
E0D43095;2;SHZC;2;Double S trend;MAIN;28;;;
E0F5AB4A;1;FLD;1;Liberty;MAIN;46;;3000.0;
E0F5AB4A;3;BMF;2;Liberty;MAIN;47;;;
E0F9A148;1;FLD;2;Haquira East;MAIN;40;;;
E0F9A148;2;THR;2;Haquira East;MAIN;40;;;
E0F9A148;3;SSF;2;Haquira East;MAIN;40;;;
E10D1DAF;1;SHZC;1;Dolcoath;MAIN;41|45;;;
E10D1DAF;2;THR;2;Dolcoath;MAIN;45;;;
E10D1DAF;3;SSF;2;Dolcoath;MAIN;45;;;
E145DD06;1;FLD;2;Okohongo;MAIN;30|31;;;
E145DD06;2;SHZC;N/A;Okohongo;MAIN;30|32;;;
E148BDC6;2;SSF;1;Central Zone;MAIN;33|36|41;;;
E15F5F68;1;SSF;1;SMDI 2455;MAIN;21;;;
E15F5F68;2;THR;1;SMDI 2455;MAIN;21;;;
E15F5F68;4;FLD;2;SMDI 2455;MAIN;24;;;
E16E33B1;1;FLD;1;Wonmunna Mine;MAIN;36;;;
E16E33B1;2;FLD;2;Wonmunna Mine;MAIN;38|39;;;
E1A0B9A3;1;SSF;1;Shebandowan West;MAIN;31|32|34|36;;;
E1A0B9A3;2;SHZC;2;Shebandowan West;MAIN;34|36|37;;;
E1A0B9A3;3;LTC;2;Shebandowan West;MAIN;36|44;;;
E1B0914E;1;THR;2;Araguaia Nickel Project;MAIN;96|104|112;;;
E1B0914E;2;SSF;2;Araguaia Nickel Project;MAIN;95|97|99|102|105;;;
E1AE2297;1;SHZC;1;Mine Block Intrusion;MAIN;80|83|87|99;;;
E1AE2297;2;SOF;2;Mine Block Intrusion;MAIN;80|83;;;
E1AE2297;3;INT;2;Mine Block Intrusion;MAIN;83|88|101;;;
E1AE2297;4;SSF;2;Mine Block Intrusion;MAIN;83;;;
E228A84C;1;CSF;1;Candelaria;MAIN;42;1000000.0;;extent:bounded
E228A84C;2;FLD;2;Candelaria;MAIN;43|50;;;
E228A84C;3;SHZC;2;Candelaria;MAIN;43|44;;;
E228A84C;4;SOF;2;Candelaria;MAIN;43;;;
E23A28D3;2;INT;2;Copper Mountain;MAIN;43;;;
E1D1F756;2;GSC;2;Wicheeda Carbonatite;MAIN;45;;;
E223AF4F;1;CSF;1;Coulon Lenses;MAIN;19;;;
E223AF4F;2;FLD;2;Coulon Lenses;MAIN;33|34|35|41;;;
E23C096D;1;SOF;2;Trill Offset;MAIN;36;;;
E23C096D;3;SSF;3;Trill Offset;MAIN;55|63;;;
E24475A9;1;SHZC;1;Carina Project;MAIN;88;;;
E2445AD5;1;CSF;N/A;Carrizal Property;MAIN;55;;;
E2445AD5;3;SOF;N/A;Carrizal Property;MAIN;57;;;
E24A0D34;1;BMF;1;Duma Point;MAIN;32;;;
E24A0D34;2;FLD;1;Duma Point;MAIN;23|32;;;
E248E4FF;1;THR;N/A;Pie Property;MAIN;14|20;;;
E248E4FF;2;BMF;N/A;Pie Property;MAIN;20|23;;;
E248E4FF;3;SOF;N/A;Pie Property;MAIN;20;;;
E248E4FF;4;SSF;N/A;Pie Property;MAIN;20|29;;;
E248E4FF;5;FLD;N/A;Pie Property;MAIN;20|21;;;
E2616037;2;SHZC;2;Offset Zone;MAIN;64|65;;;
E29F2A4A;1;THR;1;Tenke Fungurume;MAIN;35|36;;;
E29F2A4A;2;FLD;2;Tenke Fungurume;MAIN;35;;;
E2B5E930;1;THR;1;Coal Project;MAIN;52|54;;;
E2B5E930;2;FLD;N/A;Coal Project;MAIN;54|59|60;;;
E28D0A34;1;TRP;1;Caraiba Mine;MAIN;50;;;
E28D0A34;2;SHZC;1;Caraiba Mine;MAIN;50;;;
E28D0A34;3;FLD;1;Caraiba Mine;MAIN;50;;;
E28D0A34;4;SHZC;2;Caraiba Mine;MAIN;50|62;;;
E2BB138D;1;SHZC;1;Bugaboo;MAIN;25;;;
E2C53BB5;1;FLD;1;Kamoa-Kakula;MAIN;133;;;
E2C53BB5;2;FLD;2;Kamoa-Kakula;MAIN;133;;;
E2C53BB5;3;SOF;2;Kamoa-Kakula;MAIN;137|144|145;;;
E2C53BB5;4;SOF;2;Kamoa-Kakula;MAIN;141|152;;;
E314E2F4;1;FLD;2;West Zone;MAIN;59;;;
E318D4EF;2;FLD;2;Tortigny Deposit;MAIN;26;;;
E318D4EF;3;SHZC;2;Tortigny Deposit;MAIN;26|27;;;
E30DC839;1;BMF;1;Sal de Vida;MAIN;86;;;
E31D84C7;1;SSF;2;Red Chris;MAIN;94;;;
E31D84C7;2;SOF;2;Red Chris;MAIN;94;;;
E348F7F5;1;FLD;2;Unkur;MAIN;73|74;12000.0;;
E3471FA8;1;FLD;1;Sage Plain Project;MAIN;24;;8046.7;
E35A1141;1;FLD;2;Jersey Lead-Zinc Deposit;MAIN;22|25;;;
E35A1141;2;FLD;3;Jersey Lead-Zinc Deposit;MAIN;24;;;
E3589421;2;DET;1;Bornite;MAIN;50|71;;;
E3589421;3;BMF;2;Bornite;MAIN;47|57;;;
E3589421;4;THR;2;Bornite;MAIN;48|71;;;
E3AEA508;1;CSF;1;Anomaly A;MAIN;32;;;
E3AFD56D;1;SHZC;1;Granduc deposit;MAIN;23|33;60000.0;;
E3AFD56D;2;SSF;2;Granduc deposit;MAIN;33;;;
E3AFD56D;3;FLD;2;Granduc deposit;MAIN;37;;;
E3BF0711;1;INT;2;Vizcachitas;MAIN;61;;;
E3D448C4;1;THR;1;Ruby Graphite Project;MAIN;33|48;;;
E3D448C4;2;SHZC;1;Ruby Graphite Project;MAIN;33;;;
E3D448C4;3;SSF;2;Ruby Graphite Project;MAIN;48;;;
E3D448C4;4;FLD;2;Ruby Graphite Project;MAIN;48;;;
E40CF8E6;1;BMF;1;Salar del Hombre Muerto - Western Subbasin;MAIN;50|55;;;
E3EC30DE;1;SSF;2;Matoush;MAIN;44|45;20000.0;;extent:bounded
E3EC30DE;2;JOG;2;Matoush;MAIN;45;;;
E3EC30DE;3;SSF;1;Matoush;MAIN;38;;;
E41CD349;1;JOG;2;Valk Property;MAIN;41;;;
E41CD349;2;SOF;2;Valk Property;MAIN;41;;;
E41CD349;4;INT;N/A;Valk Property;MAIN;54;;;
E3FE1A80;1;SHZC;1;Santo Tomas;MAIN;89;;;
E3FE1A80;2;SSF;2;Santo Tomas;MAIN;83|89;;;
E3FE1A80;3;SSF;2;Santo Tomas;MAIN;83|86|87|90;;;
E3FE1A80;4;THR;2;Santo Tomas;MAIN;85|91;;;
E452C232;1;INC;2;Comstock/Mountain Lion;MAIN;34|36;;;
E452C232;2;THR;1;Comstock/Mountain Lion;MAIN;33;;;
E4A863BC;1;THR;1;Husab Uranium Project;MAIN;44|46;;;
E4A863BC;2;CSF;1;Husab Uranium Project;MAIN;45;;;
E4A863BC;3;FLD;2;Husab Uranium Project;MAIN;47;;;
E4AF94FE;1;THR;2;Shangzhai;MAIN;26;;;
E4AF94FE;2;FLD;2;Shangzhai;MAIN;26|28;;;
E4833DD7;1;THR;1;Shymanivske Deposit;MAIN;81;;;
E4833DD7;2;FLD;2;Shymanivske Deposit;MAIN;81|85|90|112;;;
E4833DD7;3;GSC;2;Shymanivske Deposit;MAIN;89|112;;;
E4833DD7;4;UNC;2;Shymanivske Deposit;MAIN;89|112;;;
E4A76116;1;FLD;2;Kombat Mine;MAIN;82|84|90;;;
E4A76116;2;SSF;2;Kombat Mine;MAIN;84|94;;;
E4A76116;3;NRM;2;Kombat Mine;MAIN;84;;;
E4A76116;4;SHZC;2;Kombat Mine;MAIN;85;;;
E4A76116;5;THR;2;Kombat Mine;MAIN;90;;;
E4967BA5;1;NRM;1;WBJV Project 1;MAIN;66|107;;;
E4967BA5;2;LFT;2;WBJV Project 1;MAIN;108;;;
E4967BA5;3;FLD;2;WBJV Project 1;MAIN;66|107;;;
E4D5B03C;1;SSF;N/A;Matoush;MAIN;47|48;20000.0;;extent:bounded
E4D5B03C;2;JOG;N/A;Matoush;MAIN;48;;;
E4B1D4A7;1;CSF;1;Pellivuoma;MAIN;31|32|37;50000.0;;extent:bounded
E4B1D4A7;2;THR;2;Pellivuoma;MAIN;32;;;
E4B1D4A7;3;SHZC;3;Pellivuoma;MAIN;39;;;
E4DB992F;1;THR;2;McArthur River deposit;MAIN;61|64|72|74;18000.0;;
E4DB992F;2;SSF;3;McArthur River deposit;MAIN;62|64;;;
E4D8902C;1;CSF;1;Lorraine;MAIN;27;;;
E4D8902C;2;SHZC;2;Lorraine;MAIN;29|31;;;
E4EF135E;1;INT;2;Timber Property;MAIN;20|22;;;
E52892BE;1;FLD;1;New Elk Mine;MAIN;41;;;
E52892BE;2;NRM;2;New Elk Mine;MAIN;41;;;
E52825CF;1;FLD;1;Kansanshi;MAIN;41|44;;;
E52825CF;2;FLD;2;Kansanshi;MAIN;41|44|45;;;
E52825CF;3;SOF;2;Kansanshi;MAIN;44|49;;;
E52A0DDF;1;SHZC;2;Lola Graphite;MAIN;46|49;;;
E5512593;1;FLD;1;WRL Project;MAIN;28|29;;;
E5512593;2;SSF;1;WRL Project;MAIN;28;;;
E5512593;3;THR;1;WRL Project;MAIN;28;;;
E5528962;1;SSF;1;Santo Domingo Sur;MAIN;103;;;
E5528962;2;THR;2;Santo Domingo Sur;MAIN;108|113;;;
E5DF7715;2;BMF;2;McGee Lithium Clay Deposit;MAIN;37;;;
E59A6E83;1;SOF;2;Alacran;MAIN;93|98;;;
E59A6E83;2;SSF;1;Alacran;MAIN;74|93|130;;;
E59C8B74;1;CSF;1;Cerro Las Mulas;MAIN;84|86|87|88;150000.0;;extent:bounded
E59C8B74;2;SOF;2;Cerro Las Mulas;MAIN;87|88;;;
E59C8B74;3;ENE;3;Cerro Las Mulas;MAIN;96;;;
E5E01FB6;1;CSF;1;Marimaca;MAIN;59;;;
E5E01FB6;2;SHZC;2;Marimaca;MAIN;60|74|75;15000.0;;extent:bounded
E5E01FB6;3;SOF;2;Marimaca;MAIN;74|77;;;
E5E01FB6;4;SOF;2;Marimaca;MAIN;74|78;1500.0;;extent:range_mean
E5E9BB13;1;SHZC;1;Ford Lake;MAIN;27|29;;;
E5E9BB13;2;UNC;2;Ford Lake;MAIN;33;;;
E5E9BB13;3;GSC;2;Ford Lake;MAIN;33;;;
E5EC93FD;1;FLD;2;Clinton Lenses;MAIN;19|21|24;;;
E61845E7;1;BMF;1;Jackson Wash;MAIN;19|22;;;
E61845E7;2;SSF;1;Jackson Wash;MAIN;19|22;;;
E61845E7;3;SOF;2;Jackson Wash;MAIN;25|26;;;
E5EFF27C;1;SSF;1;Luz del Cobre;MAIN;46;;;
E5EFF27C;2;BXP;2;Luz del Cobre;MAIN;46;3000.0;;
E5F6840E;1;THR;2;Escalones;MAIN;19;;;
E5F6840E;2;NRM;2;Escalones;MAIN;19;;;
E5FDEC11;1;INT;1;Rosemont Deposit;MAIN;35;;;
E5FDEC11;2;THR;1;Rosemont Deposit;MAIN;35;;;
E5FDEC11;3;LFT;1;Rosemont Deposit;MAIN;35;;;
E626D31B;1;CSF;1;Quebec Lithium;MAIN;46|54;;2500.0;
E63543F3;1;THR;1;Antamina;MAIN;24|34;;;
E63543F3;2;SSF;2;Antamina;MAIN;34;;;
E63543F3;3;LFT;2;Antamina;MAIN;34;;;
E6520BF7;1;THR;1;Aguila;MAIN;30;;;
E6520BF7;2;INT;2;Aguila;MAIN;30;;;
E64653CB;1;SSF;1;Eco Ridge;MAIN;33;;;
E642014C;1;BMF;1;Kamoa-Kakula Project;MAIN;89|107;;;
E642014C;2;CSF;1;Kamoa-Kakula Project;MAIN;89|136;;;
E642014C;3;FLD;2;Kamoa-Kakula Project;MAIN;107;;;
E67559AD;1;CSF;1;Goanikontes;MAIN;30;;;
E67559AD;2;SOF;2;Goanikontes;MAIN;30;;;
E67559AD;3;FLD;2;Goanikontes;MAIN;30|31;;;
E694BC7D;1;THR;1;Bald Butte;MAIN;14;;;
E694BC7D;2;SSF;1;Bald Butte;MAIN;18;;;
E694BC7D;3;BXP;2;Bald Butte;MAIN;23;;;
E677A889;1;LFT;2;Løkken Property;MAIN;36|38|44;;;
E677A889;2;THR;1;Løkken Property;MAIN;31|35;;;
E6C25396;1;TRT;2;Redstone;MAIN;37;;;
E6C25396;2;THR;2;Redstone;MAIN;38;;;
E6A7C987;1;CSF;1;Sahavaara;MAIN;33;50000.0;;extent:bounded
E6A7C987;2;THR;2;Sahavaara;MAIN;34;;;
E6A7C987;4;FLD;3;Sahavaara;MAIN;38;;;
E6D74E6B;1;CSF;1;Tapuli;MAIN;34|35|38;150000.0;;extent:bounded
E6D74E6B;2;FLD;2;Tapuli;MAIN;38;;;
E6D74E6B;3;JOG;2;Tapuli;MAIN;38;;;
E677856F;1;CLD;2;Malpica;MAIN;74;;;
E720D9E1;1;SHZC;N/A;Johan Beetz Feldspar deposit;MAIN;33;100000.0;;extent:bounded
E720D9E1;2;FLD;N/A;Johan Beetz Feldspar deposit;MAIN;33|35|43;;;
E6E001A5;1;SHZC;1;Marimaca;MAIN;74|84;3000.0;;extent:bounded
E6E001A5;2;SOF;2;Marimaca;MAIN;85|86;;;
E6E001A5;3;SHZC;2;Marimaca;MAIN;86|89;;;
E6E001A5;4;THR;2;Marimaca;MAIN;85;;;
E6E58F1C;1;BMF;1;Guayatayoc;MAIN;42|44;;;
E721A89A;1;BMF;1;Sal de Vida;MAIN;78;;;
E7662CD4;1;SHZC;1;La Loutre;MAIN;73;;;
E7662CD4;2;FLD;2;La Loutre;MAIN;76;;;
E73F6B5B;1;FLD;2;Driftwood Creek Magnesite Deposit;MAIN;44;;;
E743E646;1;THR;1;Charley Creek;MAIN;33;;;
E743E646;2;MYLC;1;Charley Creek;MAIN;33;;;
E7312474;1;FLD;1;Deep Gold;MAIN;27|35;;;
E773E100;1;SHZC;1;Graphene-Battery Zone;MAIN;44|46;10000.0;;extent:bounded
E773E100;2;FLD;2;Graphene-Battery Zone;MAIN;48|50;;;
E77091B8;1;SHZC;1;Mckenzie Deposit;MAIN;34;;;
E77091B8;2;FLD;2;Mckenzie Deposit;MAIN;37;;;
E77091B8;3;THR;2;Mckenzie Deposit;MAIN;46;;;
E7B0895B;1;BMF;1;Artillery Mountain Manganese;MAIN;20;;;
E7835B5F;1;SHZC;2;Southern Spectrum Project;MAIN;39;;;
E78305F5;1;CSF;N/A;Nemegosenda Lake Complex;MAIN;31;;;
E7B60A10;1;INT;1;Canyon Mine;MAIN;35;;;
E7B60A10;2;CLD;2;Canyon Mine;MAIN;35|38;91.4;;extent:bounded
E80C95C3;1;FLD;2;Três Estradas;MAIN;13|14;;;
E80C95C3;2;SSF;N/A;Três Estradas;MAIN;14;;;
E827CECC;1;CSF;1;Churchill Copper / Magnum Vein;MAIN;88;30000.0;;extent:approx_magnitude
E827CECC;2;SHZC;2;Churchill Copper / Magnum Vein;MAIN;92;;;
E827CECC;3;FLD;2;Churchill Copper / Magnum Vein;MAIN;92;;;
E827CECC;4;SOF;2;Churchill Copper / Magnum Vein;MAIN;92;;;
E80D5AAD;1;TRT;1;Dumitru Potok;MAIN;55;;;
E80D5AAD;3;INC;2;Dumitru Potok;MAIN;55;;;
E80D5AAD;4;NRM;2;Dumitru Potok;MAIN;55;;;
E80D5AAD;5;SSF;2;Dumitru Potok;MAIN;55;;;
E82A0735;1;FLD;1;Itafós Arraias;MAIN;23;;;
E8320E84;1;SSF;2;Area 4;MAIN;62|66|80;3000.0;;extent:approx_magnitude
E84F7B7C;2;SHZC;2;Little Deer;MAIN;24;;;
E85A25CE;1;BMF;2;Oracle Ridge;MAIN;58|59;;;
E85A25CE;2;THR;2;Oracle Ridge;MAIN;52|53;;;
E85A25CE;3;FLD;2;Oracle Ridge;MAIN;50|59;;;
E85B2728;1;GSC;2;Tres Cerros;MAIN;53|54|63;;;
E85B2728;2;CLD;1;Tres Cerros;MAIN;54;;;
E85B2728;3;ENE;3;Tres Cerros;MAIN;54|77;;;
E85FC976;1;SHZC;1;Graphene-Battery Zone;MAIN;44|46;10000.0;;extent:bounded
E85FC976;2;FLD;2;Graphene-Battery Zone;MAIN;48|50;;;
E8555EDC;1;SSF;1;Aranzazu;MAIN;52;;;
E8555EDC;2;THR;1;Aranzazu;MAIN;56;;;
E8555EDC;3;FLD;2;Aranzazu;MAIN;58|60;;;
E8555EDC;4;TRT;2;Aranzazu;MAIN;60;3500.0;;extent:bounded
E8555EDC;6;SSF;2;Aranzazu;MAIN;65;;;
E8555EDC;7;THR;2;Aranzazu;MAIN;72;;;
E86596E6;1;SHZC;2;Thierry;MAIN;38|40|42;6000.0;;
E86596E6;2;SSF;2;Thierry;MAIN;42;;;
E8834A8C;1;FLD;2;Lamêlée;MAIN;26|37;;;
E88206F7;1;SHZC;1;Hannukainen;MAIN;230|231;150000.0;;
E88206F7;2;THR;2;Hannukainen;MAIN;231|395;;;
E88206F7;3;SHZC;2;Hannukainen;MAIN;231|395;;;
E8B54782;1;BMF;1;South Big Smoky Valley;MAIN;91;;;
E8A8804F;1;DOM;2;Palangana;MAIN;26|31;;;
E8943C4F;1;SHZC;1;Kraken Pegmatite Field;MAIN;21|22|25|29;;500.0;
E8943C4F;2;SSF;1;Kraken Pegmatite Field;MAIN;25;;;
E887168C;1;CSF;1;Florence deposit;MAIN;94|101;80467.0;;
E887168C;2;BMF;2;Florence deposit;MAIN;95|101|107;1097.3;;
E887168C;3;BMF;2;Florence deposit;MAIN;95|101|107;914.4;;extent:approx_magnitude
E887168C;4;SOF;2;Florence deposit;MAIN;101;;;
E887168C;5;INT;2;Florence deposit;MAIN;101;;;
E8EAC890;1;FLD;1;Lac Iron showing;MAIN;19;;;
E8EAC890;2;FLD;2;Lac Iron showing;MAIN;19;;;
E8E6B932;1;CSF;1;Ambatovy;MAIN;63;;;
E8CA301C;1;THR;2;Tennyson;MAIN;94;;;
E8E6AFEA;1;SSF;1;Pebble deposit;MAIN;85;;;
E8E6AFEA;2;SHZC;2;Pebble deposit;MAIN;92;2993.4;;extent:bounded
E8E6AFEA;3;FLW;2;Pebble deposit;MAIN;89;;;
E92152B0;1;BMF;1;Poplar Deposit;MAIN;41|44;;;
E93B3598;1;UNC;1;CAT Property;MAIN;64;;;
E93B3598;2;SHZC;2;CAT Property;MAIN;63|64|74;;;
E93B3598;3;INT;2;CAT Property;MAIN;68;;;
E94CC181;1;INT;2;Rayfield Zone;MAIN;31|38;;;
E96E4139;1;BMF;2;Johnny Lee deposit;MAIN;61|100;;;
E96E4139;2;SHZC;1;Johnny Lee deposit;MAIN;54|61|62|100;;;
E96E4139;3;SOF;2;Johnny Lee deposit;MAIN;62;;;
E96E4139;4;SOF;2;Johnny Lee deposit - UCZ;MAIN;62|98|100;;;
E96E4139;5;FLD;2;Johnny Lee deposit;MAIN;61|68;;;
E96E4139;6;INT;2;Johnny Lee deposit;MAIN;100;;;
E9595E31;1;THR;1;Jeffrey Mine;MAIN;20;;;
E9595E31;2;SHZC;2;Jeffrey Mine;MAIN;22;;;
E970C138;1;BMF;1;Chug-Chug project;MAIN;16;;;
E970C138;3;INT;2;Chug-Chug project;MAIN;17;;;
E9856331;1;FLD;1;Empire State Mines;MAIN;50|51;;;
E9856331;2;FLD;2;Empire State Mines;MAIN;50;;;
E9856331;3;SOF;2;Empire State Mines;MAIN;50;;;
E9856331;4;SHZC;2;Empire State Mines;MAIN;51;;;
E9B9023F;1;NRM;2;Kaukua;MAIN;37;;;
E9B9023F;2;UNC;2;Kaukua;MAIN;55;;;
E9871E7D;1;THR;2;Triple R;MAIN;55;;;
E9871E7D;2;SSF;2;Triple R;MAIN;55;;;
E9871E7D;3;INT;2;Triple R;MAIN;55;;;
E9F132FC;1;CSF;1;Deloro Deposit;MAIN;62|67;;;
EA233F38;1;SSF;2;Feature 19;MAIN;22;;;
EA233F38;2;FLD;2;Feature 19;MAIN;22;;;
EA253FD7;1;FLD;1;Dolomite Ore Formation (DOF);MAIN;34;;;
EA253FD7;2;FLD;2;Dolomite Ore Formation (DOF);MAIN;39;;;
EA495AE4;1;CSF;1;Bunker Hill Mine;MAIN;79|86;;;distance:unparseable
EA495AE4;2;FLD;2;Bunker Hill Mine;MAIN;84;;;
EA495AE4;3;THR;2;Bunker Hill Mine;MAIN;86;;;
EA495AE4;5;THR;2;Bunker Hill Mine;MAIN;87;;;
EA4EF066;1;THR;1;Ashram;MAIN;21;;;
EA9A7FE5;1;THR;1;Salar de Río Grande;MAIN;65;;;
EA9A7FE5;2;BMF;1;Salar de Río Grande;MAIN;65|75;;;
EA9A7FE5;3;SSF;1;Salar de Río Grande;MAIN;65;;;
EA7D6F84;1;FLD;2;Monte Cristo;MAIN;24;;;
EAB52B3D;1;CSF;1;Okohongo;MAIN;45;;;
EAB52B3D;2;FLD;2;Okohongo;MAIN;48;;;
EAB52B3D;3;SHZC;2;Okohongo;MAIN;48;;;
EAB9E21F;1;THR;2;Copper Canyon;MAIN;24|26;;;
EA58E2B9;1;CSF;1;Alpala;MAIN;53|55;;;
EA58E2B9;2;THR;1;Alpala;MAIN;59;;;
EA58E2B9;3;SSF;1;Alpala;MAIN;55|60;;;
EA58E2B9;4;SOF;2;Alpala;MAIN;55|58;;;
EA58E2B9;5;SOF;3;Alpala;MAIN;58;;;
EABBECA2;1;SOF;2;Agata North Laterite Project;MAIN;23|26;;;
EADDFFD7;1;FLD;2;Codihue;MAIN;31|33|34;15000.0;;extent:from_2d_footprint|extent:extent_long_axis
EADDFFD7;2;BMF;1;Codihue;MAIN;31;;;
EADDFFD7;3;THR;2;Codihue;MAIN;31;;;
EAD3A3B7;1;BXP;2;Breccia showings;MAIN;12;;;
EACBD263;1;FLD;1;Sheffield Zone;MAIN;22;;;
EACBD263;2;SHZC;1;Sheffield Zone;MAIN;29;;;
EAD37880;1;BMF;2;Purple Onion Property;MAIN;33;;;
EAE84203;1;CSF;1;Gulçari A;MAIN;33;;;
EB061D88;1;CSF;1;Tumpangpitu;MAIN;25|27;;;
EB061D88;2;SSF;1;Tumpangpitu;MAIN;25|26;16000.0;;extent:bounded
EB061D88;3;SOF;2;Tumpangpitu;MAIN;27;;;
EB061D88;4;BXP;2;Tumpangpitu;MAIN;29;;;
EB289D34;1;SHZC;2;Corner Bay;MAIN;117|121;;;
EB289D34;2;SHZC;2;Corner Bay;MAIN;121;;;
EB47AA42;1;CSF;1;Magusi deposit;MAIN;35;;;
EB47AA42;2;FLD;2;Magusi deposit;MAIN;35;;;
EB427B0A;1;INT;2;Emerald mineralization;MAIN;28|31;;;
EB427B0A;2;FLD;2;Emerald mineralization;MAIN;29;;;
EB65BEF8;1;CSF;1;Mavres Petres;MAIN;14|17;;;
EB65BEF8;2;FLD;2;Mavres Petres;MAIN;18;;;
EB617D22;1;CSF;1;Altar;MAIN;54;;;
EB617D22;2;BMF;2;Altar;MAIN;55|64;;;
EB617D22;3;THR;2;Altar;MAIN;55|64;;;
EB617D22;4;ENE;3;Altar;MAIN;73;;;
EB85B3A8;1;BMF;1;Suquash No.2 coal bed;MAIN;64;;;
EB85B3A8;4;FLD;2;Suquash No.2 coal bed;MAIN;65;;2000.0;
EB672792;1;CSF;1;Slick Rock District and Wray Mesa area;MAIN;22;;;
EB815564;2;FLD;2;Langmuir No. 2;MAIN;51;;;
EB870FA0;1;THR;1;Pitman;MAIN;19|22;;;
EB870FA0;2;SHZC;2;Pitman;MAIN;24|29;;;
EB870FA0;3;INC;2;Pitman;MAIN;24;;;
EB8E3ED4;1;INT;1;Main Zone;MAIN;36;;;
EBAB56CE;1;FLD;1;Kopper Glo Property;MAIN;29|30;;;
EBAB56CE;2;THR;1;Kopper Glo Property;MAIN;29;;;
EBAB56CE;3;FLD;2;Kopper Glo Property;MAIN;29;;;
EBA37A03;1;CSF;1;Alpala;MAIN;53|55|58;;;
EBA37A03;2;SOF;2;Alpala;MAIN;55|58|59;;;
EBA37A03;3;SOF;3;Alpala;MAIN;58;;;
EBA37A03;4;INT;2;Alpala;MAIN;58;;;
EBA37A03;5;THR;1;Alpala;MAIN;59;;;
EBA37A03;6;SSF;2;Alpala;MAIN;60;;;
EBA9B8CC;1;CSF;1;Gulçari A (Campbell);MAIN;79;;;
EBC5CE7D;1;SHZC;1;Snaefell;MAIN;102;;;
EBC5CE7D;3;SHZC;2;Snaefell;MAIN;104;;;
EBC5CE7D;4;FLD;2;Snaefell;MAIN;104|110;;;
EBC5CE7D;5;FLD;3;Snaefell;MAIN;104;;;
EBB9158C;1;FLD;1;Willhunt;MAIN;11;32186.8;;extent:from_2d_footprint|extent:extent_long_axis
EBC63467;1;SOF;2;Triple M Property;MAIN;37|38;;;
EBC63467;2;SOF;2;Triple M Property;MAIN;37;;;
EBDAB1B4;1;THR;2;Howells Taconite;MAIN;29|32;;;
EBDAB1B4;2;SSF;2;Howells Taconite;MAIN;32;;;
EBD1F92B;1;SHZC;2;Corner Bay deposit;MAIN;11|33;;;
EBD1F92B;2;SHZC;1;Corner Bay deposit;MAIN;11|31;900000.0;;extent:approx_magnitude
EBE85D32;1;CSF;1;Quebrada Blanca;MAIN;61;;;
EBE85D32;2;SOF;2;Quebrada Blanca;MAIN;62;;;
EBE85D32;3;NRM;2;Quebrada Blanca;MAIN;67;;;
EBEF839A;1;THR;1;Red Dog Mine Deposits;MAIN;42|45;;;
EBEF839A;2;THR;2;Red Dog Mine Deposits;MAIN;45|48;;;
EBF867AE;1;DET;2;Cerro Verde;MAIN;44|45|53|55;;;
EBF867AE;3;GSC;2;Cerro Verde;MAIN;44|55;;;
EC17BFF6;1;CSF;1;PAK Pegmatite;MAIN;61;140000.0;;extent:bounded
EC1C6391;1;CSF;1;Ramu;MAIN;30;;;
EC2913FA;1;INC;2;Zone III;MAIN;31;;;
EC2433E2;1;CSF;1;Mantoverde;MAIN;71|74;;;
EC2433E2;2;SOF;2;Mantoverde;MAIN;74;12000.0;;
EC2433E2;3;INT;2;Mantoverde;MAIN;77|86;;;
EC4F759A;1;FLD;2;Montauban;MAIN;57|59;;;
EC8DB635;1;SOF;2;Gate Zone;MAIN;64;;;
ECC223E0;1;CSF;1;Malo lake uranium occurrence;MAIN;23;;;
ECC223E0;2;INC;2;Malo lake uranium occurrence;MAIN;26|35;;;
EC969864;1;FLD;2;Magusi;MAIN;76;;;
EC969864;2;SHZC;1;Magusi;MAIN;80;;;
ECC9F4E9;1;INT;2;Dansey Project;MAIN;31;;;
ECE776D7;1;SHZC;N/A;EL 23874 and EL 31402 Gold Prospects;MAIN;55|56;;;
ECE776D7;2;FLD;N/A;EL 23874 and EL 31402 Gold Prospects;MAIN;45|54|63;;;
ECE776D7;3;SHZC;1;EL 23874 and EL 31402 Gold Prospects;MAIN;62;;;
ECE776D7;4;SOF;2;EL 23874 and EL 31402 Gold Prospects;MAIN;45|55|62;;;
ECFD4D7A;1;FLD;2;Bloom Lake;MAIN;40|45;;;
ECFD4D7A;3;SHZC;3;Bloom Lake;MAIN;36;;;
ED04E4BC;1;SHZC;2;Little Deer Deposit;MAIN;29;;;
ED04E4BC;2;LFT;2;Little Deer Deposit;MAIN;31;;;
ED049017;1;SSF;1;Crawford Ultramafic Complex;MAIN;58|60;;;
ED1F3CA0;1;TRP;1;Salar de Pastos Grandes;MAIN;57;;;
ED1F3CA0;2;BMF;2;Salar de Pastos Grandes;MAIN;57|67|68;;;
ED438753;1;BMF;1;Purickuta;MAIN;21;;;
ED25E4E2;1;CSF;1;Lac Cinquante;MAIN;28|34;3000000.0;;
ED25E4E2;2;SHZC;1;Lac Cinquante;MAIN;34;;;
ED25E4E2;3;SOF;2;Lac Cinquante;MAIN;36;;;
ED25E4E2;4;BXP;2;Lac Cinquante;MAIN;36;;;
ED25E4E2;5;SHZC;2;Lac Cinquante;MAIN;66;;;
ED026545;1;BMF;1;Max-Knoll;MAIN;19|21;9000.0;;extent:range_mean
ED026545;2;CLD;1;Max-Knoll;MAIN;19|21;;;
ED026545;3;SOF;2;Max-Knoll;MAIN;19|21;;;
ED026545;4;INT;2;Max-Knoll;MAIN;19|21;;;
ED026545;5;FLD;2;Max-Knoll;MAIN;21|23|36;;;
ED5639F1;2;DET;2;Cerro Verde;MAIN;52;;;
ED6E97F8;1;INT;2;Solwara 1;MAIN;56;;;
EDBD70F1;1;SSF;1;Zara properties;MAIN;14;;;
EDA83B31;1;TRP;1;Chlore stock;MAIN;28;;;
EDA83B31;2;BLK;2;Chlore stock;MAIN;28|33|46|51;;;
EDA83B31;3;SSF;2;Chlore stock;MAIN;33|46|47|51;;;
EDA83B31;4;SHZC;1;Chlore stock;MAIN;36;;;
EDDBDDB7;1;SHZC;2;Sisson Brook Deposit;MAIN;8;;;
EDF22CA0;1;BMF;N/A;La Salada;MAIN;28;;;
EDF7576D;1;BMF;1;Erdenetsogt;MAIN;17;;;
EDF7576D;2;FLD;2;Erdenetsogt;MAIN;18|19;;;
EE040A12;1;SHZC;1;Coscuez Mine;MAIN;29;;10000.0;
EE040A12;2;THR;2;Coscuez Mine;MAIN;29|36;;;
EE040A12;3;FLD;2;Coscuez Mine;MAIN;29|36;;;
EE040A12;4;SSF;2;Coscuez Mine;MAIN;29|36;;;
EE0159EB;1;FLD;2;Yellowknife Lithium Project;MAIN;45|49;;;
EE0159EB;2;ENE;3;Yellowknife Lithium Project;MAIN;54;;;
EE090630;1;SSF;1;Quebec Lithium Property;MAIN;49|61;;2500.0;
EE164ECF;2;FLD;1;Coscuez-Muzo emerald deposit;MAIN;23;;;
EE164ECF;3;INT;2;Coscuez-Muzo emerald deposit;MAIN;25;;;
EE0A208C;1;SSF;1;Cuatro Ciénegas Project;MAIN;27|31;;;
EE0A208C;2;THR;1;Cuatro Ciénegas Project;MAIN;27;;;
EE234A97;1;THR;1;Kyak Block;MAIN;9|16;;;
EE234A97;2;FLD;1;Kyak Block;MAIN;9;;;
EE1F7925;2;SOF;2;Mala Noche Vein;MAIN;41;;;
EE1F7925;3;INT;2;Mala Noche Vein;MAIN;41;;;
EE465DBF;1;CSF;1;Lundberg and Engine House;MAIN;40;;;
EE465DBF;2;THR;2;Lundberg and Engine House;MAIN;42|46|49;;;
EE465DBF;3;FLD;2;Lundberg and Engine House;MAIN;46;;;
EE465DBF;4;NRM;2;Lundberg and Engine House;MAIN;49;;;
EE27C959;1;CSF;1;Star Kimberlite;MAIN;60;;;
EE5DA701;2;CSF;1;Deep Fox;MAIN;26|31;;;
EE5DA701;3;CSF;1;Deep Fox;MAIN;26|27;;;
EE545C8A;1;SHZC;1;Cree East Project;MAIN;41|44|87;;;
EE545C8A;2;THR;2;Cree East Project;MAIN;45|87;;;
EE545C8A;3;SSF;1;Cree East Project;MAIN;44|45;;;
EE545C8A;4;LTC;2;Cree East Project;MAIN;87;;;
EE545C8A;5;JOG;3;Cree East Project;MAIN;87;;;
EE545C8A;6;INT;3;Cree East Project;MAIN;87;;;
EE73BD87;1;CSF;1;Sarfartoq Carbonatite Complex;MAIN;39;;;
EE73BD87;2;CLD;2;Sarfartoq Carbonatite Complex;MAIN;42|43;;;
EE73BD87;4;BMF;1;Sarfartoq Carbonatite Complex;MAIN;52;;;
EE908E7D;1;FLD;2;Kerouane BIF;MAIN;26|29;;;
EE94C711;1;CSF;1;Deposit No. 1;MAIN;76|78;200000.0;1000.0;extent:bounded
EE94C711;2;FLD;2;Deposit No. 1;MAIN;79;;;
EE94C711;3;DET;2;Deposit No. 1;MAIN;92;;;
EE94C711;4;MYLC;2;Deposit No. 1;MAIN;79|92;;;
EEB68D08;1;FLD;2;Gays River Deposit;MAIN;55;;;
EEABAA97;1;FLD;2;Haquira;MAIN;47;;;
EEABAA97;2;THR;2;Haquira;MAIN;47;;;
EEABAA97;4;ENE;3;Haquira;MAIN;47;;;
EE7D4E74;1;UNC;1;Mckenzie Lake Property;MAIN;17|22|23;;;
EE7D4E74;3;FLD;3;Mckenzie Lake Property;MAIN;22;;;
EE7D4E74;4;SHZC;3;Mckenzie Lake Property;MAIN;22;;;
EECBEC9A;1;INC;2;Lynx Lake;MAIN;23;;;
EEE61BD5;1;BMF;1;La Ventana;MAIN;14;;;
EEEE9BCF;1;SOF;2;Cow showing;MAIN;24|30;;;
EEEE9BCF;2;SOF;3;Cow showing;MAIN;30|31;;;
EEF6491B;1;SHZC;2;Zone III;MAIN;36;;;
EEF6491B;2;INC;2;Zone III;MAIN;36;;;
EF1337E3;1;SHZC;1;Chester deposit;MAIN;19|25;;;
EF1337E3;2;THR;2;Chester deposit;MAIN;27|28;;;
EF1EE08B;1;SSF;2;Endako;MAIN;18;;;
EF1EE08B;3;ENE;3;Endako;MAIN;18;;;
EF17279D;1;FLD;2;Glacier Zone;MAIN;21|22|138|146;;;
EF17279D;2;FLD;3;Glacier Zone;MAIN;22;;;
EF50F8DC;1;UNC;1;Grimshaw Gravels;MAIN;21;;;
EF4DD894;1;THR;1;Kwatebala;MAIN;39;;;
EF4DD894;2;FLD;1;Kwatebala;MAIN;39|41;;;
EF4DD894;3;THR;2;Kwatebala;MAIN;39;;;
EF4DD894;4;SOF;2;Kwatebala;MAIN;39|40;;;
EF4DD894;5;FLD;2;Kwatebala;MAIN;40;;;
EF1F5113;1;CSF;1;Rio Grande;MAIN;40;;;
EF1F5113;2;INT;1;Rio Grande;MAIN;40;;;
EF7BA4FF;1;FLD;N/A;Plymouth deposit;MAIN;28|31;;;
EF6102E3;5;THR;2;Hugo Dummett;MAIN;76;;;
EFB89B86;1;THR;1;Lac Virot;MAIN;66;;;
EFB89B86;2;THR;2;Lac Virot;MAIN;69;;;
EFB89B86;3;CSF;1;Lac Virot;MAIN;62|63;;;
EFB89B86;4;FLD;2;Lac Virot;MAIN;62;;;
EFA027BF;1;MYLC;2;Thierry;MAIN;37|39|41;6000.0;;
EFA027BF;2;SSF;2;Thierry;MAIN;41;;1000.0;
EFA027BF;4;JOG;2;Thierry;MAIN;43;;;
EFA027BF;5;SOF;2;Thierry;MAIN;43;;;
EFB8D131;1;BMF;1;Bonnie Claire;MAIN;36;;;
EFB8D131;2;BMF;2;Bonnie Claire;MAIN;37|46;;;
EFEA3F40;1;CSF;1;Moonshine;MAIN;27;;;
EFEA3F40;2;SSF;1;Moonshine;MAIN;27;;;
EFEA3F40;3;FLD;2;Moonshine;MAIN;27|30;;;
F011F120;1;THR;1;No. 1 Seam;MAIN;19;;;
F011F120;2;FLD;1;No. 1 Seam;MAIN;19;;;
F00921BE;1;BMF;N/A;Chatham Rise Phosphorite;MAIN;62|85;;;
F027CCD0;1;SHZC;1;Margaret Lake Property Kimberlites;MAIN;33;;;
F027CCD0;2;SOF;2;Margaret Lake Property Kimberlites;MAIN;33;;;
F027CCD0;4;FLD;2;Margaret Lake Property Kimberlites;MAIN;31|33;;;
F027CCD0;5;SHZC;2;Margaret Lake Property Kimberlites;MAIN;31;;;
F0096794;1;THR;2;B&C Springs;MAIN;27;;;distance:unparseable
F0096794;2;SHZC;3;B&C Springs;MAIN;28;;;
F0096794;3;BLK;2;B&C Springs;MAIN;28;;;
F01624D9;1;FLD;2;Sangdong deposit;MAIN;23;;;
F02594A5;1;SHZC;1;Fox Lake deposit;MAIN;17;;;
F02594A5;2;FLD;2;Fox Lake deposit;MAIN;18;;;
F030B774;1;CSF;1;Eureka Complex;MAIN;36|48;400000.0;;extent:bounded
F030B774;2;THR;1;Eureka Complex;MAIN;36|48;;;
F028010D;1;SHZC;1;Cisco Pegmatites;MAIN;21|53|54|57;;;
F07BDA88;1;MYLC;2;Paul zone;MAIN;91;;;
F07BDA88;2;FLD;2;Paul zone;MAIN;95;;;
F03D8E4A;1;SHZC;1;Triple R deposit;MAIN;51;;;
F03D8E4A;2;THR;2;Triple R deposit;MAIN;56;;;
F03D8E4A;3;INT;2;Triple R deposit;MAIN;57;;;
F03D8E4A;5;MYLC;2;Triple R deposit;MAIN;57;;;
F09528F9;1;SHZC;1;Opemiska;MAIN;61;;;
F09528F9;2;FLD;1;Opemiska;MAIN;61;;;
F09528F9;3;FLD;2;Opemiska;MAIN;62|65;;;
F09A0662;1;LFT;1;Alta Mesa;MAIN;34;;;
F09A0662;2;DOM;1;Alta Mesa;MAIN;34;;;
F084D4DA;1;LFT;2;Pumpkin Hollow Project;MAIN;65|70|74|79;;;
F0FC6AD2;1;THR;1;Témiscouata Property;MAIN;11;;;
F0FC6AD2;2;FLD;2;Témiscouata Property;MAIN;62;;;
F0EAF355;1;FLD;2;Emily deposit;MAIN;31;;;
F0EAF355;2;THR;1;Emily deposit;MAIN;31|32|39;;;
F0BDB0FF;1;FLD;1;Silicon Ridge Quartzite;MAIN;59;;;
F0BDB0FF;2;FLD;2;Silicon Ridge Quartzite;MAIN;59;;;
F0BDB0FF;3;FLD;2;Silicon Ridge Quartzite;MAIN;61;;;
F0E469A9;1;FLD;2;Joyce Lake;MAIN;42|46|48;;;
F10EF160;1;BMF;2;Bonnie Claire;MAIN;45|46;;;
F0E9F475;1;FLD;2;Alexo-Dundonald Deposits;MAIN;97;;;
F0E9F475;3;FLD;2;Alexo-Dundonald Deposits;MAIN;110;;;
F1303FBB;2;THR;2;Sierra Mojada deposit;MAIN;39;;;
F117745F;1;FLD;2;Hayot Lake;MAIN;35|39;;;
F117745F;2;THR;2;Hayot Lake;MAIN;35|39;;;
F144A864;1;FLD;2;Riotinto;MAIN;44;;;
F144A864;2;BMF;2;Riotinto;MAIN;44;;;
F158FE12;1;MYLC;2;Paul Zone;MAIN;95;;;distance:unparseable
F158FE12;2;FLD;2;Paul Zone;MAIN;99;;;
F197A761;1;THR;N/A;Carbon Creek;MAIN;25|26;;;
F197A761;2;FLD;N/A;Carbon Creek;MAIN;25;;;
F164129A;1;FLD;2;Kombat Mine;MAIN;48|49|50|55;;;
F164129A;2;SHZC;2;Kombat Mine;MAIN;50;;;
F164129A;3;SSF;2;Kombat Mine;MAIN;50|59;;;
F164129A;4;ENE;3;Kombat Mine;MAIN;50;;;
F16479E6;1;FLD;2;Bronson Slope deposit;MAIN;79|80;;;
F16479E6;2;SHZC;2;Bronson Slope deposit;MAIN;79;;;
F1A3F0DD;2;THR;2;J Zone;MAIN;24;;;
F1BEAE43;1;BMF;2;Cauchari-Olaroz Project;MAIN;50;;;
F1D7A717;1;CSF;1;Cumpie Hill Project;MAIN;18;;;
F1D7A717;2;SSF;1;Cumpie Hill Project;MAIN;18;;;
F1D7A717;3;THR;1;Cumpie Hill Project;MAIN;18;;;
F1D0BD32;1;THR;1;Johnny Lee Deposit;MAIN;41|45;16000.0;;extent:bounded
F1D0BD32;2;BMF;1;Johnny Lee Deposit;MAIN;43|45|60;;;
F1D0BD32;3;THR;2;Johnny Lee Deposit;MAIN;45;;;
F1D0BD32;5;INT;2;Johnny Lee Deposit;MAIN;60;;;
F1B9DDD4;1;SOF;2;Come By Chance;MAIN;22|24|26|29|39;;;
F1B9DDD4;2;THR;2;Come By Chance;MAIN;22|24|39;;;
F1B9DDD4;4;DOM;2;Come By Chance;MAIN;40;;;
F1B9DDD4;5;CLD;2;Come By Chance;MAIN;40;;;
F1B9DDD4;6;INT;2;Come By Chance;MAIN;41;;;
F1D99F0C;1;CLD;1;Kings Valley;MAIN;49;;;
F1EC5737;1;CSF;1;Taysan;MAIN;31;;;
F1EC5737;2;SOF;1;Taysan;MAIN;31;;;
F1EC5737;3;JOG;2;Taysan;MAIN;27;;;
F1EC5737;4;SHZC;2;Taysan;MAIN;28;;;
F1EC5737;5;INT;2;Taysan;MAIN;29;;;
F200C085;1;THR;1;Stampede Gap;MAIN;37;;;
F200C085;2;SSF;2;Stampede Gap;MAIN;41;;76.2;distance:bounded
F200C085;3;SOF;3;Stampede Gap;MAIN;41;;;
F1FF7BAA;1;FLD;2;Konkola North;MAIN;24;;;
F1FF7BAA;2;THR;2;Konkola North;MAIN;25;;;
F1FF7BAA;3;INT;2;Konkola North;MAIN;27;;;
F1FF7BAA;4;DET;1;Konkola North;MAIN;22|23;;;
F1FF7BAA;5;SSF;1;Konkola North;MAIN;15;;;
F204D275;1;FLD;1;Kipushi;MAIN;100;;;
F204D275;2;BXP;2;Kipushi;MAIN;105|133;;;
F204D275;3;LTC;2;Kipushi;MAIN;106;;;
F2190558;1;BXP;2;El Espino-Venus;MAIN;51;;;
F2190558;2;SHZC;2;El Espino-Venus;MAIN;60|73;;;
F21D0093;1;SHZC;1;Gahcho Kue;MAIN;51;;;
F21D0093;2;SOF;2;Gahcho Kue;MAIN;51;;;
F21D0093;3;FLD;2;Gahcho Kue;MAIN;51;;;
F2232342;1;SHZC;2;Osborne;MAIN;85;;;
F2232342;2;SSF;2;Osborne;MAIN;83|85;;;
F2232342;3;SOF;2;Osborne;MAIN;85;;;
F2232342;4;JOG;2;Osborne;MAIN;83|85;;;
F22FF408;1;BMF;1;East Zhagabulak Field;MAIN;12;;;
F22FF408;2;FLD;2;East Zhagabulak Field;MAIN;13|14;;;
F2255A4E;1;SSF;1;Copper Mountain;MAIN;11|14;;;
F2255A4E;3;INC;2;Copper Mountain;MAIN;16|18;;;
F235821D;1;SSF;1;Casino;MAIN;51;;;
F235821D;2;GSC;1;Casino;MAIN;51;;;
F235821D;3;SSF;2;Casino;MAIN;62;;;
F25721C3;1;FLD;1;Presqueira pegmatite;MAIN;16;;;
F25D37B8;1;FLD;2;Brule deposit;MAIN;40;;;
F25D37B8;2;THR;2;Brule deposit;MAIN;47;;;extent:unparseable
F25D37B8;3;THR;1;Brule deposit;MAIN;40;;;
F2521DB2;1;SHZC;2;Miller;MAIN;40|43;;;
F27F9A32;1;BMF;1;La Ventana Clay Units;MAIN;15;;;
F2617703;1;CSF;1;Central Zone;MAIN;13|38|47;;;
F27C3979;1;NRM;1;Deep Gold;MAIN;29|31|34;;;
F27C3979;2;FLD;1;Deep Gold;MAIN;26|31|34;;;
F2A60736;1;CSF;1;Prairie Lake Carbonatite Complex;MAIN;41;600000.0;;extent:bounded
F2A60736;2;SHZC;1;Prairie Lake Carbonatite Complex;MAIN;41;;;
F27C19E3;2;THR;N/A;Galore Creek;MAIN;74;;;
F27C19E3;3;SHZC;N/A;Galore Creek;MAIN;74;;;
F27C19E3;4;SSF;N/A;Galore Creek;MAIN;74;;;
F2A64971;1;CSF;1;P Zone;MAIN;13;;;
F2A64971;2;FLD;2;P Zone;MAIN;13;;;
F2BE92F7;1;DOM;2;James Bay Lithium Project;MAIN;29;;;
F2B2E865;1;BXP;2;Songwe;MAIN;30|31;;;
F2CDF99B;1;THR;1;Aguila;MAIN;26|31;;;
F2CDF99B;2;FLD;1;Aguila;MAIN;26|31;;;
F2CDF99B;3;INT;2;Aguila;MAIN;26|31;;;
F2C4018B;1;FLD;N/A;Las Cruces;MAIN;33|37;;;
F2C4018B;2;THR;N/A;Las Cruces;MAIN;37;;;
F2DFA6AA;1;BMF;1;Cauchari-Olaroz Salar;MAIN;83;;;
F2DFA6AA;2;CSF;1;Cauchari-Olaroz Salar;MAIN;83;;;
F2DFA6AA;3;SOF;2;Cauchari-Olaroz Salar;MAIN;85;;;
F2DFA6AA;4;TRP;2;Cauchari-Olaroz Salar;MAIN;85;;;
F2E2C614;1;BMF;1;Gnome Property;MAIN;33;;;
F2E2C614;2;THR;2;Gnome Property;MAIN;33|37;;;
F2E2C614;3;FLD;2;Gnome Property;MAIN;33|37;;;
F2FC3875;1;LFT;1;Cactus;MAIN;71|75;;;
F2FC3875;3;BXP;2;Cactus;MAIN;74;;;
F2FCC9F9;1;LFT;2;Kaukua;MAIN;43;;;
F33A5FAD;1;SSF;N/A;Agdz Project;MAIN;15|16|20;2500.0;;
F3338382;1;FLD;2;Prospect 8;MAIN;26|36|37;;;
F3338382;2;THR;1;Prospect 8;MAIN;15|26;;;
F35AF9BB;1;SSF;1;Matoush deposit;MAIN;39;20000.0;;extent:bounded
F35AF9BB;2;JOG;2;Matoush deposit;MAIN;39|40;;;
F37DEB99;1;FLD;1;Mont Sorcier;MAIN;60|62;;;
F37DEB99;2;FLD;2;Mont Sorcier;MAIN;62|63;;;
F36423EA;1;SSF;2;Kiseljak;MAIN;43;;;
F36423EA;2;SOF;2;Kiseljak;MAIN;43;;;
F36423EA;3;TRT;1;Kiseljak;MAIN;44;;;
F3B86948;1;SSF;2;Wellgreen;MAIN;45;;;
F3B86948;2;THR;2;Wellgreen;MAIN;45;;;
F388405D;1;THR;1;Huachi;MAIN;31;;;
F388405D;2;SSF;1;Huachi;MAIN;31;;;
F388405D;3;LTC;2;Huachi;MAIN;31|52;;;
F388405D;4;SOF;2;Huachi;MAIN;31|33;;;
F3CB5E09;1;FLD;2;Upper Fir and Bone Creek;MAIN;54|60|61;;;
F3CB5E09;2;THR;2;Upper Fir and Bone Creek;MAIN;54|65;;;
F3D9724B;1;BMF;1;DME;MAIN;22;;;
F3D9724B;2;SOF;2;DME;MAIN;39;;;
F3D635E3;1;SOF;2;MNV system;MAIN;51;;;
F3D635E3;2;BMF;1;MNV system;MAIN;47;;;
F3D635E3;3;SOF;3;MNV system;MAIN;51|52;;;
F3DF280E;1;BMF;1;Honey Comb Hills;MAIN;34;;;
F3DF280E;2;CLD;2;Honey Comb Hills;MAIN;34;;;
F43A8F78;1;FLD;2;Blue Moon;MAIN;29;;;
F3F3E9B7;1;FLD;1;Discovery property;MAIN;23;;;
F3F3E9B7;2;THR;1;Discovery property;MAIN;23;;;
F3F3E9B7;3;FLD;2;Discovery property;MAIN;23;;;
F3F3E9B7;4;THR;3;Discovery property;MAIN;23;;;
F3F57814;1;THR;1;Chapada;MAIN;59;;;
F3F57814;2;SHZC;1;Chapada;MAIN;59;;;
F3F57814;3;FLD;2;Chapada;MAIN;61|78;;;
F3F57814;4;SOF;2;Chapada;MAIN;61;;;
F3F57814;5;SHZC;2;Chapada;MAIN;61;;;
F43DB3AA;1;BXP;1;Amy Lake Trend;MAIN;36;;;extent:unparseable
F43DB3AA;2;TRP;2;Amy Lake Trend;MAIN;41;;;
F43DB3AA;3;SSF;3;Amy Lake Trend;MAIN;41;;;
F43D54FF;1;LFT;1;Kamoa;MAIN;100|118;;;
F43D54FF;2;CSF;1;Kamoa;MAIN;100;;;
F43D54FF;3;FLD;2;Kamoa;MAIN;118;;;
F43D54FF;4;SOF;2;Kamoa;MAIN;115;;;
F44994FC;1;FLD;2;Los Santos;MAIN;24;;;
F4463682;1;SHZC;1;Molo;MAIN;64|65|68;;;
F454392B;1;THR;1;Ford Lake Property;MAIN;27|28;;;
F454392B;2;UNC;2;Ford Lake Property;MAIN;34;;;
F454392B;3;LTC;2;Ford Lake Property;MAIN;34;;;
F4A7EC25;1;FLD;2;Gollier Creek;MAIN;49|50;;;
F4C0996B;1;CSF;1;Mabilo;MAIN;30;1500000.0;;
F4C0996B;2;SOF;2;Mabilo;MAIN;35;;;
F4C0996B;3;SSF;2;Mabilo;MAIN;35;;;
F4A800EF;1;SSF;2;Camp Zone;MAIN;26;;;
F47B7802;2;DET;2;El Espino;MAIN;73|81;;;
F47B7802;3;FLD;2;El Espino;MAIN;73;;;
F4D6C87C;1;BXP;2;Pinyon Plain breccia pipe;MAIN;43|46|51;;;
F4D6C87C;2;CLD;2;Pinyon Plain breccia pipe;MAIN;46|51;;;
F4DE1893;1;INT;1;Warintza Central;MAIN;46;;;
F4C23D61;1;THR;2;Escalones;MAIN;54|55;;;
F4E2ECA7;1;CSF;1;Marimaca;MAIN;29;100000.0;;extent:approx_magnitude
F4E2ECA7;2;SHZC;1;Marimaca;MAIN;30;15000.0;;extent:bounded
F4E2ECA7;3;SHZC;2;Marimaca;MAIN;34|35;9500.0;;extent:range_mean
F4E2ECA7;4;SOF;2;Marimaca;MAIN;33|36;350.0;;extent:bounded|extent:range_mean
F4E2ECA7;5;INT;2;Marimaca;MAIN;33;;;
F507CE97;1;THR;1;Silver Hill;MAIN;32|35;30000.0;;extent:bounded
F507B73E;1;SHZC;2;Fraser Lakes Zone B;MAIN;34|36;;;
F507B73E;2;FLD;2;Fraser Lakes Zone B;MAIN;34|36;;;
F507B73E;3;SSF;2;Fraser Lakes Zone B;MAIN;36;;;
F4FBD3B0;1;SHZC;1;North Range Project;MAIN;24;;;
F4FBD3B0;2;THR;1;North Range Project;MAIN;24;;;
F4FBD3B0;3;BXP;1;North Range Project;MAIN;25;29000.0;;
F4FBD3B0;4;BXP;2;North Range Project;MAIN;25;8000.0;;
F4FBD3B0;5;SSF;1;North Range Project;MAIN;26;;;
F4FBD3B0;6;JOG;2;North Range Project;MAIN;31;;;
F4FBD3B0;7;SOF;2;North Range Project;MAIN;31;;;
F517C784;1;THR;1;Expo Property;MAIN;31;;;
F52796C0;1;BMF;1;Rosh Pinah;MAIN;81|82;;;
F52796C0;2;FLD;2;Rosh Pinah;MAIN;59|64|74|75;;;
F52796C0;3;SHZC;2;Rosh Pinah;MAIN;59|71|75|76;;;
F52796C0;4;LTC;2;Rosh Pinah;MAIN;59|81;;;
F52796C0;5;THR;2;Rosh Pinah;MAIN;60|71|78;;;
F52796C0;6;SSF;2;Rosh Pinah;MAIN;74;;;
F533DF42;1;SHZC;1;Santa Rita Pit;MAIN;24|25|29;3000.0;;extent:bounded
F53C2077;1;THR;1;Kazandol Project;MAIN;16|19;;;
F54404EB;1;TRP;1;NW Deposit;MAIN;37|48;;;
F5664AB0;1;SSF;1;Solwara 1;MAIN;53;;;
F56B5807;1;THR;2;Copperwood;MAIN;90;;;
F56B5807;2;FLD;1;Copperwood;MAIN;87;;;
F575225E;1;BMF;1;Cauchari-Olaroz Salars;MAIN;50|68;;;
F575225E;2;CSF;1;Cauchari-Olaroz Salars;MAIN;50|52;;;
F575225E;3;SOF;2;Cauchari-Olaroz Salars;MAIN;52|68;;;
F575225E;4;SSF;2;Cauchari-Olaroz Salars;MAIN;52;;;
F560E9E1;1;FLD;2;Wray Mesa Project;MAIN;34;;;
F57955D2;1;BMF;1;Van Dyke;MAIN;60;4828.0;400.0;
F57955D2;2;SOF;2;Van Dyke;MAIN;61;;;
F57955D2;3;INT;2;Van Dyke;MAIN;61;;;
F5823C43;1;BXP;2;Descubridora Prospect;MAIN;18|19;1000.0;;extent:bounded
F5A18188;1;INT;2;Emerald Mineralization;MAIN;28|31;;;
F5A8C719;1;SSF;1;American Tunnels;MAIN;19|20;2000000.0;;
F5A8C719;2;SOF;2;American Tunnels;MAIN;20|24;;;
F5A8C719;3;INT;2;American Tunnels;MAIN;24;;;
F5A1AF94;1;TRT;1;Montviel Core Zone;MAIN;25|27;;;
F5B0C28B;1;CSF;1;Getty North;MAIN;16;;;
F5E9F61C;1;BMF;1;La Francia C/D;MAIN;31|32|34;;;
F5E9F61C;2;THR;1;La Francia C/D;MAIN;31;;;
F5E9F61C;3;FLD;1;La Francia C/D;MAIN;31|32;;;
F5E2015F;1;SHZC;1;Ore Fault Zone;MAIN;43;;;
F5E2015F;2;SHZC;2;Ore Fault Zone;MAIN;43;;;
F5E2015F;4;SHZC;3;Ore Fault Zone;MAIN;43;8.0;;
F5E705F8;1;BMF;1;Thompson Valley North Area;MAIN;50|63|64|80;2000.0;;
F5E705F8;2;SOF;2;Thompson Valley North Area;MAIN;52|63|80;;;
F5E705F8;3;SOF;2;Thompson Valley North Area;MAIN;52;;;
F6155F8A;1;THR;1;White Pine North;MAIN;77;;;
F6155F8A;2;SSF;2;White Pine North;MAIN;78|79|82;;;
F6155F8A;3;THR;2;White Pine North;MAIN;78|80|82;;;
F6155F8A;4;FLD;2;White Pine North;MAIN;78|86;;;
F617A56B;1;SSF;1;Casino;MAIN;62|63;;;
F617A56B;2;SSF;1;Casino;MAIN;62;;;
F61ADB62;2;FLD;1;Canatuan;MAIN;52;;;
F6A63087;1;SSF;2;Três Estradas;MAIN;65;;;
F698B138;1;UNC;1;Tthe Heldeth Tué;MAIN;71|76;;;
F698B138;3;THR;2;Tthe Heldeth Tué;MAIN;74;;;
F698B138;4;SHZC;1;Tthe Heldeth Tué;MAIN;62;;;
F6A91A6D;1;CSF;1;Mckenzie Deposit;MAIN;41;;;
F6A91A6D;2;THR;2;Mckenzie Deposit;MAIN;53;;;
F6A91A6D;3;MYLC;2;Mckenzie Deposit;MAIN;53;;;
F62F93E1;1;SOF;2;Valea Leucii;MAIN;55;;;
F6894B98;1;SHZC;2;Ban Phuc;MAIN;25|28;;;
F6894B98;2;FLD;2;Ban Phuc;MAIN;25;;;
F6894B98;3;SSF;1;Ban Phuc;MAIN;24;;;
F6C68317;1;BMF;2;TLC Property;MAIN;47;;;
F6DCE999;1;CSF;1;Authier Pegmatite;MAIN;21;;;
F6FDC209;1;SHZC;1;Gilgai;MAIN;15;;;
F6F8925B;1;FLD;2;Unkur;MAIN;39;12000.0;;
F6D89064;3;INT;2;Kizevak;MAIN;31;;;
F7046012;1;THR;1;Azulcocha Cuerpo;MAIN;31|32|33;;;
F7046012;2;JOG;2;Azulcocha Cuerpo;MAIN;34;;;
F7046012;3;SOF;2;Azulcocha Cuerpo;MAIN;40;;;
F737D28D;1;SHZC;2;Lac de la Chlorite;MAIN;38;;;
F716C1A2;1;SOF;2;Copper Flat;MAIN;58;;;
F716C1A2;2;INT;2;Copper Flat;MAIN;57|58;;;
F79E14AD;1;CSF;1;Goat Yard Prospect;MAIN;15;60000.0;;extent:bounded
F79E14AD;2;SOF;2;Goat Yard Prospect;MAIN;16|18;;;
F77EA2DE;1;CSF;1;Authier;MAIN;36;;;
F7AAA3F1;1;BMF;1;Olaroz Salar;MAIN;107|110|111;;;
F7AAA3F1;2;THR;1;Olaroz Salar;MAIN;111;;;
F7AC4EF1;1;NRM;2;Thacker Pass deposit;MAIN;62;;;
F7AC4EF1;2;BMF;1;Thacker Pass deposit;MAIN;62;;;
F7AC4EF1;3;CLD;1;Thacker Pass deposit;MAIN;62;;;
F7D602D8;1;BMF;2;Nyota;MAIN;34|36;;;
F7D602D8;2;SSF;2;Nyota;MAIN;34|36;;;
F7D31CEA;1;SHZC;N/A;Miller;MAIN;73;;;
F83EB7FC;1;FLD;2;East Emerald Tungsten Deposit;MAIN;23|26;;;
F7B4EE5C;1;FLD;1;Huguenot Coal Project;MAIN;39;;;
F7B4EE5C;2;THR;2;Huguenot Coal Project;MAIN;39;;;
F7B4EE5C;3;THR;2;Huguenot Coal Project;MAIN;40;;;
F7B4EE5C;4;FLD;2;Huguenot Coal Project;MAIN;39|45|49;;;
F7F1A2C5;1;SHZC;2;Roughrider Zone;MAIN;49;;;
F7F1A2C5;2;SOF;2;Roughrider Zone;MAIN;44|49;;;
F869D3DC;1;CSF;1;Copper King;MAIN;12;300000.0;;extent:approx_magnitude
F869D3DC;2;SHZC;1;Copper King;MAIN;13;;;
F869D3DC;3;FLD;1;Copper King;MAIN;13;;;
F869D3DC;4;SOF;2;Copper King;MAIN;14;;;
F88BFE96;1;SSF;1;Crawford Ultramafic Complex;MAIN;61;;;
F88BFE96;2;INC;2;Crawford Ultramafic Complex;MAIN;61;;;
F871E727;1;SSF;2;La Solución;MAIN;18;1000.0;;extent:approx_magnitude
F871E727;2;THR;1;La Solución;MAIN;18;;;
F871E727;3;FLD;2;La Solución;MAIN;18;;;
F897309D;1;FLD;2;Iron Horse;MAIN;19|21;;;
F89D48C6;1;SSF;1;King-king;MAIN;70;;;
F89D48C6;2;THR;1;King-king;MAIN;70;;;
F89F506D;1;FLD;2;Accha;MAIN;108;;;
F8EB6513;1;CSF;1;Tumpangpitu;MAIN;23|25;16000.0;;extent:bounded
F93E66D7;1;CSF;1;Rondonia / Mato Grosso Manganese Mineralization;MAIN;19;;;
F8FA8BB7;1;FLD;1;German Creek seam;MAIN;47;;;
F8FA8BB7;2;CSF;2;German Creek seam;MAIN;47|48;;;
F8FA8BB7;3;CSF;2;German Creek seam;MAIN;48;;;
F8FA8BB7;4;THR;2;German Creek seam;MAIN;48;;;
F8FA8BB7;5;SSF;1;German Creek seam;MAIN;48;;;
F8ECCCE3;1;SSF;2;La Verde;MAIN;43;;;
F963842D;1;CSF;1;Elk Creek Carbonatite;MAIN;58;;;
F963842D;2;SSF;2;Elk Creek Carbonatite;MAIN;61;;;
F9BDAFE6;1;FLD;2;Paris Hills;MAIN;50|55;;;
F9BDAFE6;2;THR;1;Paris Hills;MAIN;51|55;;;
F9BDAFE6;3;BMF;1;Paris Hills;MAIN;55;;;
F9BDAFE6;4;SSF;2;Paris Hills;MAIN;55|57;;;
F96432E8;1;SOF;2;Lookout Zone;MAIN;40;;;
F96432E8;2;CSF;1;Lookout Zone;MAIN;40;;;
F96432E8;3;SHZC;2;Lookout Zone;MAIN;40;;;
F96432E8;4;FLD;2;Lookout Zone;MAIN;38|40;;;
F96A2FA2;1;BMF;1;Sagar;MAIN;40;9000.0;;
F96A2FA2;4;THR;1;Sagar;MAIN;30;;;
F96A2FA2;5;SSF;1;Sagar;MAIN;30;;;
F9D51337;1;CSF;1;Lac Ducharme REE Pegmatites;MAIN;24;;;
F9CA1AFD;1;SHZC;N/A;Namew Lake Property;MAIN;33;;;
F9CA1AFD;2;FLD;N/A;Namew Lake Property;MAIN;33;;;
F9CACD21;1;FLD;2;Franke;MAIN;29;;;
FA2E762F;1;THR;1;Lundberg Zone;MAIN;48;;;
FA2E762F;2;FLD;1;Lundberg Zone;MAIN;48;;;
FA2E762F;3;NRM;2;Lundberg Zone;MAIN;52|58;;;
FA49F581;1;FLD;2;Lagoa Salgada;MAIN;37;;;
FA49F581;2;THR;1;Lagoa Salgada;MAIN;37|38;;;
FA60779E;1;THR;1;Gnome Property;MAIN;21|24|27;;;
FA60779E;2;FLD;2;Gnome Property;MAIN;24|27;;;
FA60779E;3;BMF;1;Gnome Property;MAIN;24;;;
FA60779E;4;LFT;2;Gnome Property;MAIN;24;;;
FA60779E;5;SSF;2;Gnome Property;MAIN;24;;;
FA6AEA49;1;SSF;1;Copper Mountain;MAIN;47|48;;;
FA6AEA49;2;SOF;2;Copper Mountain;MAIN;48;;;
FA6AEA49;3;NRM;2;Copper Mountain;MAIN;51;;;
FA659EC1;1;BMF;1;Mutanga;MAIN;41|43;;;
FA659EC1;2;SOF;2;Mutanga;MAIN;45|46;4000.0;;
FA659EC1;3;FLD;2;Mutanga;MAIN;40|45;;;
FA8F8100;1;THR;1;Sulitjelma Project;MAIN;34|36;;;
FA8F8100;2;FLD;2;Sulitjelma Project;MAIN;39|40;;;
FA89CC8F;1;SHZC;1;Charley Creek;MAIN;33|35;;;
FA878DDA;1;CSF;1;Fir Island;MAIN;12|14;;;
FA878DDA;2;CSF;1;Fir Island;MAIN;14;;;
FA878DDA;3;SOF;2;Fir Island;MAIN;15|16;;;
FA878DDA;4;INT;2;Fir Island;MAIN;15|16;;;
FA9808AA;1;CSF;1;Casino;MAIN;41;;1000.0;
FA9808AA;2;INC;2;Casino;MAIN;43|44;;;
FA9808AA;3;BXP;2;Casino;MAIN;43|44;;;
FAA79C63;1;CSF;1;Fusion Zone;MAIN;11|12|34;;300.0;distance:approx_magnitude
FAA79C63;2;SOF;2;Fusion Zone;MAIN;11|34|36;;;
FAA79C63;3;INT;1;Fusion Zone;MAIN;12|34;;;
FAC35410;1;THR;1;Josemaria;MAIN;65;;;
FAE2A83C;1;FLD;1;Ndjole Property;MAIN;39|40;;;
FAE2A83C;2;SHZC;2;Ndjole Property;MAIN;40;;;
FAE2A83C;3;SSF;2;Ndjole Property;MAIN;40;;;
FB25748D;1;FLD;2;DASA;MAIN;55|64;;;
FB25748D;2;BMF;2;DASA;MAIN;55|64;;;
FB25748D;3;INT;2;DASA;MAIN;55;;;
FB25748D;5;SSF;2;DASA;MAIN;56;;;
FB25748D;6;FLD;2;DASA;MAIN;43|55;;;
FB45E245;1;CSF;1;Quebec Lithium;MAIN;33|40;;2500.0;
FB49761E;1;THR;2;K-Hill;MAIN;39;;;
FB7398BF;3;THR;N/A;Ajax;MAIN;55;;;
FB822518;1;FLD;2;BamaStar Graphite Deposit;MAIN;102|106;;;
FB822518;2;SHZC;2;BamaStar Graphite Deposit;MAIN;102|106;;;
FB822518;3;THR;2;BamaStar Graphite Deposit;MAIN;102|106;;;
FB9E391F;1;SSF;1;Bolobolo and Karihatag;MAIN;18|20|23;;;
FB9E391F;2;SOF;2;Bolobolo and Karihatag;MAIN;20|22|25;;;
FBA102A5;1;LFT;2;Sun;MAIN;44|46;;;
FBA102A5;3;FLD;1;Sun;MAIN;43|47;;;
FBA102A5;4;THR;1;Sun;MAIN;43|47;;;
FBA3A3C2;1;CSF;1;Platreef;MAIN;106;;;
FBA3A3C2;2;NRM;2;Platreef;MAIN;133|134;;;
FBA3A3C2;3;THR;2;Platreef;MAIN;134;;;
FBA3A3C2;4;SSF;2;Platreef;MAIN;133|134;;;
FBA3A3C2;5;FLD;2;Platreef;MAIN;110|129|132;;;
FC0AE584;1;THR;2;CLC;MAIN;76|77;;;
FC0AE584;2;FLD;2;CLC;MAIN;79;;;
FC1D95F6;1;FLD;2;KOV Mine;MAIN;55;;;
FC5CEAE9;1;BXP;N/A;Milestone Project;MAIN;38|44|48;;;
FC49B31D;1;CSF;1;Crescent Lake Pegmatite Group;MAIN;18;;;
FC49B31D;2;SSF;2;Crescent Lake Pegmatite Group;MAIN;18;;;
FC50192B;1;NRM;2;Bomfim Hill;MAIN;29|49|50;;;
FC3A4CCE;1;CSF;1;Nisk Deposit;MAIN;54;;;
FC901F38;1;SOF;2;Silu;MAIN;18;;;
FC901F38;2;CSF;1;Silu;MAIN;13|18;;;
FC901F38;3;THR;2;Silu;MAIN;18;11000.0;;extent:bounded
FCDA8CB9;1;FLD;2;Banana Zone;MAIN;26;32000.0;;
FCC2AA1B;1;UNC;1;Green Lake Property;MAIN;23;;;
FCC2AA1B;3;FLD;2;Green Lake Property;MAIN;19;;;
FCC2AA1B;4;SHZC;2;Green Lake Property;MAIN;19;;;
FCD0FBDB;1;SSF;2;Minago Deposit;MAIN;53;;;
FCD0FBDB;2;FLD;2;Minago Deposit;MAIN;53;;;
FCE77674;1;CSF;1;Nickel Project;MAIN;24;;;
FCE77674;2;GSC;2;Nickel Project;MAIN;24;;;
FCE77674;3;TRP;1;Nickel Project;MAIN;31;;;
FCED70AC;1;CSF;1;CUMO;MAIN;21;;;
FD0CBAC5;1;THR;1;Project Area Coal Seams;MAIN;25;;;
FD0CBAC5;2;FLD;1;Project Area Coal Seams;MAIN;25;;;
FCF86249;1;THR;1;Mequillon;MAIN;26;;;
FCF86249;3;FLD;2;Mequillon;MAIN;30;;;
FD070D5B;1;NRM;N/A;NorthMet;MAIN;32;;;
FD13A92F;1;CSF;1;Osborne;MAIN;60;;;
FD13A92F;2;SHZC;2;Osborne;MAIN;62|63;;;
FD13A92F;3;SSF;2;Osborne;MAIN;63;;;
FD13A92F;4;SOF;2;Osborne;MAIN;63;;;
FD15F90A;2;BXP;2;Bolivar;MAIN;59;;;
FD15F90A;3;INC;2;Bolivar;MAIN;59;;;
FD66675E;1;NRM;2;Many Stars Project Coal;MAIN;24|30;;;
FD3E5ABE;1;THR;2;Hawkwood;MAIN;18|19;;;
FD17ACE9;1;NRM;1;North Target;MAIN;35|52|57;;;
FD17ACE9;2;SSF;2;North Target;MAIN;35|53|54|57;;;
FD17ACE9;3;THR;2;North Target;MAIN;52;;;
FD7A57E4;1;FLD;2;Karasnagala;MAIN;55|63;;;
FD7A57E4;2;ENE;3;Karasnagala;MAIN;63;;;
FD928C21;1;CSF;1;Springer Deposit;MAIN;34;;;
FD9C9B17;1;BMF;2;Mount Hope;MAIN;52|55;;;
FD9C9B17;2;CSF;1;Mount Hope;MAIN;51;386241.6;;
FDAC18D1;3;INT;2;Rogers Creek;MAIN;74;;;
FDBCC18F;1;FLD;2;Adi Nefas;MAIN;29;;;
FE06DE50;1;THR;1;Regalito;MAIN;69;;;
FE06DE50;2;SOF;2;Regalito;MAIN;69;;;
FE01336F;1;SSF;1;Serule Project;MAIN;53;;;
FE0CCA8C;1;BMF;1;Gas Hills;MAIN;29;;;
FE0CCA8C;2;FLD;1;Gas Hills;MAIN;37;;;
FE75933D;1;CSF;1;Galhak Formation Reservoirs;MAIN;40|82;;;
FE75933D;2;BMF;1;Galhak Formation Reservoirs;MAIN;82;;;
FE3329A3;1;BMF;1;Atlantis II Deep;MAIN;10;;;
FE3329A3;2;SSF;1;Atlantis II Deep;MAIN;15;;;
FE3329A3;3;INT;1;Atlantis II Deep;MAIN;15;;;
FE62FAE4;1;FLD;2;Valencia;MAIN;28;;;
FE62FAE4;2;CSF;1;Valencia;MAIN;28;;;
FE6140C7;1;SSF;1;The Property;MAIN;19;;;
FE8A9F3B;1;FLD;1;Changyun Coal Mine;MAIN;46;36000.0;;extent:bounded
FE8B46BA;1;CSF;1;Angel Prospect;MAIN;15;150000.0;;
FEDBE744;2;BMF;2;Oropesa;MAIN;28|31;;;
FEDBE744;3;FLD;2;Oropesa;MAIN;29;;;
FE8FB529;1;INC;2;Contact Copper Project;MAIN;31;;;
FEBAA79E;1;TRT;1;Bonnie Claire;MAIN;55|65;;;
FEBAA79E;2;BMF;2;Bonnie Claire;MAIN;56;;;
FE972C42;2;INT;1;Copper Hills prospect;MAIN;45;;;
FE972C42;3;BMF;1;Copper Hills prospect;MAIN;33;;;
FF10018A;1;BMF;1;Carbon Project Coal;MAIN;17;;;
FF002A52;1;BMF;1;Picadilly;MAIN;20|26;;;
FF002A52;2;THR;2;Picadilly;MAIN;26;;;
FF002A52;3;FLD;2;Picadilly;MAIN;26|44;;;
FF2215B0;1;CSF;1;Crest Iron Deposit;MAIN;22;300000.0;;extent:bounded
FF2215B0;2;THR;2;Crest Iron Deposit;MAIN;32;;;
FF3883F2;1;FLD;1;Kazhiba Main;MAIN;44|53|54;;;
FF2B6330;1;FLD;1;FPA (Saliquinhé);MAIN;113;;;
FF42380C;1;BMF;2;El Domo;MAIN;34|36|37;;;
FF42380C;2;SSF;1;El Domo;MAIN;37;;;
FF5B4C63;1;SHZC;1;Scott Lake;MAIN;35|46;;;
FF537822;1;INC;2;Jeffrey Mine;MAIN;20;;;
FF537822;2;SHZC;2;Jeffrey Mine;MAIN;22;;;
FF612E7D;1;BMF;2;Lost Sheep Mine;MAIN;53|64;;;
FF612E7D;2;THR;2;Lost Sheep Mine;MAIN;53;;;
FF612E7D;3;SSF;2;Lost Sheep Mine;MAIN;53;;;
FF6F50D3;1;BMF;1;Cauchari-Olaroz Salars;MAIN;71;;;
FF6F50D3;2;CSF;1;Cauchari-Olaroz Salars;MAIN;71;;;
FF6F50D3;3;BMF;2;Cauchari-Olaroz Salars;MAIN;73;;;
FF6F50D3;4;TRP;2;Cauchari-Olaroz Salars;MAIN;73;;;
FFAE65D5;1;BMF;1;Clayton Hills;MAIN;16;;;
FFAE65D5;2;BMF;2;Clayton Hills;MAIN;19;;;
FFB6DB73;1;FLD;2;GBRM;MAIN;32;;;
FFB6DB73;2;SHZC;2;GBRM;MAIN;32;;;
FFBCA4C5;1;SHZC;1;Furnas deposit;MAIN;58|63|64;;;
FFBCA4C5;2;JOG;2;Furnas deposit;MAIN;64;;;
FFE079F5;1;CSF;1;Sinchao;MAIN;21|24|29;;;
FFE079F5;2;SOF;2;Sinchao;MAIN;24;;;
FFB9E70F;1;CSF;1;Keeley-Frontier;MAIN;59|63;;;
FFB9E70F;3;INT;2;Keeley-Frontier;MAIN;64|65;;;
FFE840CE;1;INT;2;Vizcachitas;MAIN;60;;;
FFF39DA7;1;THR;1;Ridley Creek Zone;MAIN;35;;;
FFF39DA7;2;FLD;2;Ridley Creek Zone;MAIN;42;;;
FFFEF4D9;1;DET;1;Ann Mason;MAIN;87;;;
