pdf_hash;survey_id;survey_class;geophysics_type;target_name;target_role;evidence_pages
FD64CF5F;1;GPH;AMAG;Valley;MAIN;135|136
FD64CF5F;3;GPH;RAD;Valley;MAIN;136
FD64CF5F;4;GPH;EM;Valley;MAIN;135|137
FD64CF5F;5;GPH;MT;Valley;MAIN;138
87B9E570;6;GPH;AMAG;Marmato;MAIN;59
87B9E570;7;GPH;RAD;Marmato;MAIN;59
FA58FAB1;1;GPH;AMAG;Oko West;MAIN;29|101
FA58FAB1;2;GPH;RAD;Oko West;MAIN;101
FA58FAB1;3;GPH;GMAG;Oko West;MAIN;29|102
FA58FAB1;4;GPH;IP;Oko West;MAIN;29|103
9E271921;1;GPH;AMAG;Buritica;MAIN;83
9E271921;2;GPH;RAD;Buritica;MAIN;83
6DA3A8C6;1;GPH;AMAG;Batman;MAIN;88
0A396A2D;1;GPH;AMAG;Sabodala;MAIN;79
2139C2AB;1;GPH;IP;Fosterville;MAIN;57|58
2139C2AB;2;GPH;AMAG;Fosterville;MAIN;72
2139C2AB;3;GPH;RAD;Fosterville;MAIN;72
2139C2AB;4;GPH;GRV;Fosterville;MAIN;72
2A0A2B40;1;GPH;EM;Croesus Vein;MAIN;91
2A0A2B40;2;GPH;AMAG;Croesus Vein;MAIN;91
2A0A2B40;4;GPH;IP;Croesus Vein;MAIN;94|95
2A0A2B40;5;GPH;GMAG;Croesus Vein;MAIN;94
30CC4B45;1;GPH;AMAG;EMZ deposit;MAIN;92
30CC4B45;2;GPH;RAD;EMZ deposit;MAIN;92
30CC4B45;3;GPH;IP;EMZ deposit;MAIN;92
30CC4B45;4;GPH;EM;EMZ deposit;MAIN;92
380F1D68;1;GPH;AMAG;Main Showing;MAIN;53|56
402B13C7;1;GPH;EM;Esaase;MAIN;111|117|118
402B13C7;2;GPH;AMAG;Esaase;MAIN;117
402B13C7;3;GPH;IP;Esaase;MAIN;119
402B13C7;4;GPH;RES;Esaase;MAIN;119
402B13C7;5;GPH;GRV;Esaase;MAIN;119
51D252D0;1;GPH;IP;Tres Cruces;MAIN;55|60|61
51D252D0;2;GPH;GMAG;Tres Cruces;MAIN;55|60
51D252D0;3;GPH;EM;Tres Cruces;MAIN;55
51D252D0;4;GPH;GRV;Tres Cruces;MAIN;60
5BC3C16A;1;GPH;AMAG;Vumba Project;MAIN;35
5BC3C16A;2;GPH;GRV;Vumba Project;MAIN;35
780353ED;1;GPH;GMAG;Rebel Gold Deposit;MAIN;40
780353ED;2;GPH;EM;Rebel Gold Deposit;MAIN;40
780353ED;3;GPH;AMAG;Rebel Gold Deposit;MAIN;40
780353ED;4;GPH;MT;Rebel Gold Deposit;MAIN;40
780353ED;5;GPH;IP;Rebel Gold Deposit;MAIN;40
841D480D;1;GPH;AMAG;Lingman Lake Gold Mine;MAIN;100
841D480D;2;GPH;VLF;Lingman Lake Gold Mine;MAIN;100
841D480D;3;GPH;IP;Lingman Lake Gold Mine;MAIN;104
841D480D;4;GPH;GMAG;Lingman Lake Gold Mine;MAIN;104
93FA687C;1;GPH;AMAG;Umwelt;MAIN;155|156
93FA687C;2;GPH;GMAG;Umwelt;MAIN;155|156
93FA687C;3;GPH;IP;Umwelt;MAIN;155|156
93FA687C;4;GPH;EM;Umwelt;MAIN;155|156|157
9D1B5C40;1;GPH;VLF;Gold Rock Deposit;MAIN;63
9D1B5C40;2;GPH;IP;Gold Rock Deposit;MAIN;63
9D1B5C40;3;GPH;GMAG;Gold Rock Deposit;MAIN;63
9D1B5C40;4;GPH;GRV;Gold Rock Deposit;MAIN;63
A6A47485;1;GPH;GMAG;Kibi Gold Project;MAIN;50
A6A47485;2;GPH;IP;Kibi Gold Project;MAIN;51
A6A47485;3;GPH;EM;Kibi Gold Project;MAIN;60
A6A47485;4;GPH;RAD;Kibi Gold Project;MAIN;60
A6A47485;5;GPH;AMAG;Kibi Gold Project;MAIN;60
B433B884;1;GPH;AMAG;Adumbi;MAIN;84
B433B884;2;GPH;RAD;Adumbi;MAIN;84
BD896B47;1;GPH;AMAG;VG Deposit;MAIN;45
BD896B47;2;GPH;UNS;VG Deposit;MAIN;45
C3803153;1;GPH;AMAG;San Francisco;MAIN;64
C3803153;2;GPH;GMAG;San Francisco;MAIN;63
CCDD8792;1;GPH;AMAG;Cariboo Gold Project;MAIN;159
CCDD8792;2;GPH;EM;Cariboo Gold Project;MAIN;159
D347FEC7;1;GPH;AMAG;Copeçal;MAIN;63|103
D347FEC7;2;GPH;RAD;Copeçal;MAIN;63
D347FEC7;3;GPH;GRV;Copeçal;MAIN;63
D347FEC7;4;GPH;IP;Copeçal;MAIN;86
E1585FA5;1;GPH;AMAG;Turmalina Mine;MAIN;52
E1585FA5;2;GPH;RAD;Turmalina Mine;MAIN;52
F07F0539;1;GPH;AMAG;Betze-Post;MAIN;69
F07F0539;2;GPH;GMAG;Betze-Post;MAIN;69
F07F0539;3;GPH;GRV;Betze-Post;MAIN;69
F07F0539;4;GPH;IP;Betze-Post;MAIN;69
F07F0539;5;GPH;RES;Betze-Post;MAIN;69
F07F0539;6;GPH;MT;Betze-Post;MAIN;69
F07F0539;8;GPH;WLOG;Betze-Post;MAIN;69
FE225BC3;1;GPH;AMAG;Copeçal;MAIN;45|61|71
FE225BC3;2;GPH;RAD;Copeçal;MAIN;45
FE225BC3;4;GPH;GRV;Copeçal;MAIN;45|46
FE225BC3;5;GPH;IP;Copeçal;MAIN;61|69
834A4A8A;1;GPH;IP;Samira;MAIN;14|18|19
834A4A8A;2;GPH;AMAG;Samira;MAIN;24
20818BCD;1;GPH;GMAG;Elvenei;MAIN;32|33
2E40B925;1;GPH;AMAG;Sorowar;MAIN;32|43
2E40B925;2;GPH;RAD;Sorowar;MAIN;32|43
2E40B925;3;GPH;IP;Sorowar;MAIN;32|43
2E40B925;4;GPH;EM;Sorowar;MAIN;32|43
4001F43E;1;GPH;AMAG;Bissa;MAIN;37|48
4001F43E;2;GPH;UNS;Bissa;MAIN;48
772AF4A8;1;GPH;GMAG;Uzboy;MAIN;31
9D87D5E4;1;GPH;GRV;Redrock;MAIN;52|54
9D87D5E4;2;GPH;AMAG;Redrock;MAIN;52|54
C1C45B8C;1;GPH;GMAG;Tiriganiaq;MAIN;32|54
D9B74825;1;GPH;AMAG;Yellowjacket Zone;MAIN;35|36
D9B74825;2;GPH;EM;Yellowjacket Zone;MAIN;35|36
D9B74825;3;GPH;GMAG;Yellowjacket Zone;MAIN;36
E8AE8CD8;1;GPH;GMAG;Jean-Gobelé;MAIN;39
E8AE8CD8;2;GPH;IP;Jean-Gobelé;MAIN;39|40
E8AE8CD8;3;GPH;AMAG;Jean-Gobelé;MAIN;40
633DD464;1;GPH;IP;Esaase Gold Deposit;MAIN;39
633DD464;2;GPH;EM;Esaase Gold Deposit;MAIN;39
56C9C0D0;1;GPH;UNS;Canoe Landing Lake;MAIN;30
56C9C0D0;2;GPH;EM;Canoe Landing Lake;MAIN;30
C84466C0;1;GPH;AMAG;Sangdong;MAIN;60
DCEA8E11;1;GPH;UNS;Parbec deposit;MAIN;39
7C209994;1;GPH;IP;Rupice;MAIN;68|69|70|71|72
070004F2;1;GPH;IP;Chelopech;MAIN;60
070004F2;2;GPH;MT;Chelopech;MAIN;60|61|62
070004F2;3;GPH;EM;Chelopech;MAIN;60|61
070004F2;4;GPH;WLOG;Chelopech;MAIN;61
070004F2;6;GPH;GMAG;Chelopech;MAIN;61
070004F2;7;GPH;GRV;Chelopech;MAIN;61
070004F2;9;GPH;AMAG;Chelopech;MAIN;62
87133BE3;1;GPH;AMAG;New Liberty;MAIN;75
87133BE3;2;GPH;RAD;New Liberty;MAIN;75
87133BE3;4;GPH;GMAG;New Liberty;MAIN;80
87133BE3;5;GPH;IP;New Liberty;MAIN;80
C536FA47;1;GPH;AMAG;Antenna;MAIN;71
C536FA47;2;GPH;EM;Antenna;MAIN;70
37CEB943;1;GPH;IP;Avino Vein;MAIN;57
D08CA9F8;1;GPH;AMAG;Illinois Creek deposit;MAIN;65
D08CA9F8;2;GPH;EM;Illinois Creek deposit;MAIN;66
D08CA9F8;3;GPH;GMAG;Illinois Creek deposit;MAIN;67
D08CA9F8;4;GPH;GRV;Illinois Creek deposit;MAIN;67
D08CA9F8;5;GPH;IP;Illinois Creek deposit;MAIN;68
56CB96EA;1;GPH;AMAG;Lihir;MAIN;83
56CB96EA;2;GPH;RAD;Lihir;MAIN;83
56CB96EA;3;GPH;GMAG;Lihir;MAIN;83
56CB96EA;4;GPH;IP;Lihir;MAIN;84
56CB96EA;5;GPH;MT;Lihir;MAIN;85
56CB96EA;7;GPH;SES;Lihir;MAIN;85|86
56CB96EA;8;GPH;RES;Lihir;MAIN;85
0BE662C0;2;GPH;GMAG;Agata Nickel Laterite Project (ANLP);MAIN;41
0BE662C0;3;GPH;IP;Agata Nickel Laterite Project (ANLP);MAIN;41
411C394B;1;GPH;AMAG;Adumbi;MAIN;138
411C394B;2;GPH;RAD;Adumbi;MAIN;138
411C394B;3;GPH;IP;Adumbi;MAIN;154|155|157|158|159|160|161|162
B19547C4;1;GPH;AMAG;Rowan Vein System;MAIN;70
C2786F94;1;GPH;AMAG;Yalea;MAIN;69
C2786F94;2;GPH;EM;Yalea;MAIN;84
01572953;1;GPH;MT;Waterpump Creek;MAIN;66|102
01572953;2;GPH;IP;Waterpump Creek;MAIN;72|102|103|105
01572953;3;GPH;AMAG;Waterpump Creek;MAIN;67|102
01572953;4;GPH;GRV;Waterpump Creek;MAIN;102
F35C4D59;1;GPH;AMAG;Cameron gold deposit;MAIN;47
FE7D05AB;1;GPH;IP;Rupice;MAIN;68|69|70|71|72
A0BBE8E8;1;GPH;AMAG;MacLellan;MAIN;76
A0BBE8E8;2;GPH;GRV;MacLellan;MAIN;76
29C81FCF;1;GPH;AMAG;Kamoa-Kakula;MAIN;96
29C81FCF;2;GPH;RAD;Kamoa-Kakula;MAIN;96
29C81FCF;5;GPH;EM;Kamoa-Kakula;MAIN;96
29C81FCF;6;GPH;IP;Kamoa-Kakula;MAIN;96
29C81FCF;7;GPH;RES;Kamoa-Kakula;MAIN;96
29C81FCF;8;GPH;GMAG;Kamoa-Kakula;MAIN;96
29C81FCF;9;GPH;GRV;Kamoa-Kakula;MAIN;96
29C81FCF;10;GPH;SES;Kamoa-Kakula;MAIN;96
521FAF13;1;GPH;EM;KCD;MAIN;76
521FAF13;2;GPH;AMAG;KCD;MAIN;76
521FAF13;3;GPH;RAD;KCD;MAIN;76
521FAF13;5;GPH;MT;KCD;MAIN;76
D88A1001;1;GPH;UNS;Golpu;MAIN;30
B1616B6B;1;GPH;AMAG;Hammerdown;MAIN;173
B1616B6B;2;GPH;RAD;Hammerdown;MAIN;173
B1616B6B;3;GPH;VLF;Hammerdown;MAIN;173
B1616B6B;4;GPH;EM;Hammerdown;MAIN;173
B1616B6B;6;GPH;IP;Hammerdown;MAIN;173
B1616B6B;7;GPH;GMAG;Hammerdown;MAIN;173
0D6DB6DB;1;GPH;VLF;PAK Deposit;MAIN;85|99
0D6DB6DB;2;GPH;GMAG;PAK Deposit;MAIN;85|99
0D6DB6DB;3;GPH;MT;PAK Deposit;MAIN;99
0D6DB6DB;4;GPH;AMAG;PAK Deposit;MAIN;100|101|103
1325D1F5;1;GPH;AMAG;Antenna;MAIN;60
1325D1F5;2;GPH;RAD;Antenna;MAIN;60
04FCB237;1;GPH;AMAG;PSM Project;MAIN;111
04FCB237;2;GPH;SES;PSM Project;MAIN;111
13DF74CC;1;GPH;AMAG;Rosebel;MAIN;97|98|102
13DF74CC;2;GPH;RAD;Rosebel;MAIN;97|102
13DF74CC;3;GPH;IP;Rosebel;MAIN;98|102
13DF74CC;4;GPH;EM;Rosebel;MAIN;98|102
2582F5BA;1;GPH;IP;Aurora;MAIN;48
2582F5BA;2;GPH;GMAG;Aurora;MAIN;48
677E8CBF;1;GPH;MT;Waterpump Creek;MAIN;56|84
677E8CBF;2;GPH;GRV;Waterpump Creek;MAIN;84
677E8CBF;3;GPH;AMAG;Waterpump Creek;MAIN;84
677E8CBF;4;GPH;IP;Waterpump Creek;MAIN;84|85
E8647371;1;GPH;AMAG;Copper Mountain;MAIN;77
E8647371;2;GPH;RAD;Copper Mountain;MAIN;77
E8647371;3;GPH;IP;Copper Mountain;MAIN;77
E8647371;4;GPH;RES;Copper Mountain;MAIN;77
E8647371;5;GPH;MT;Copper Mountain;MAIN;77
E8647371;6;GPH;SWIR;Copper Mountain;MAIN;80
18CB7D7A;2;GPH;IP;Apollo;MAIN;95|106
18CB7D7A;3;GPH;AMAG;Apollo;MAIN;95|106
18CB7D7A;4;GPH;RAD;Apollo;MAIN;95|106
18CB7D7A;5;GPH;GRV;Apollo;MAIN;95|107
002FAB5B;1;GPH;AMAG;Ice prospect;MAIN;28|32
002FAB5B;2;GPH;GRV;Ice prospect;MAIN;28|32
002FAB5B;3;GPH;MT;Ice prospect;MAIN;28|32
00182970;1;GPH;UNS;Red Lake-Campbell Complex;MAIN;80|81
00182970;2;GPH;IP;Red Lake-Campbell Complex;MAIN;80
011575D4;1;GPH;GMAG;Dome Property;MAIN;25
011575D4;2;GPH;IP;Dome Property;MAIN;25|33
01A515BC;1;GPH;AMAG;Wona-Kona;MAIN;26
01A515BC;2;GPH;RAD;Wona-Kona;MAIN;26
01A515BC;3;GPH;EM;Wona-Kona;MAIN;26
00F4C6A7;1;GPH;AMAG;Pilar;MAIN;98
00F4C6A7;2;GPH;IP;Pilar;MAIN;98
00FCBB2D;1;GPH;IP;Fenelon;MAIN;66
01C81C7E;1;GPH;GMAG;Kwandege;MAIN;29|31
01C81C7E;2;GPH;AMAG;Kwandege;MAIN;29|32
01C81C7E;3;GPH;RAD;Kwandege;MAIN;29|32
01CE8F0B;1;GPH;AMAG;Bantou;MAIN;61
01CE8F0B;2;GPH;RAD;Bantou;MAIN;61
01CE8F0B;3;GPH;IP;Bantou;MAIN;61
01A94018;1;GPH;VLF;Bonanza Ledge;MAIN;53|54|64
01A94018;2;GPH;EM;Bonanza Ledge;MAIN;54
01A94018;3;GPH;AMAG;Bonanza Ledge;MAIN;54
01A94018;4;GPH;RAD;Bonanza Ledge;MAIN;54
01A94018;5;GPH;SP;Bonanza Ledge;MAIN;63|64
01A94018;6;GPH;GMAG;Bonanza Ledge;MAIN;63|64
01A94018;7;GPH;IP;Bonanza Ledge;MAIN;64
01A94018;8;GPH;GRV;Bonanza Ledge;MAIN;64
02147C90;1;GPH;GMAG;Opawica;MAIN;13|18
02147C90;2;GPH;IP;Opawica;MAIN;13|18
027C740E;1;GPH;AMAG;Apomakisie (Randy);MAIN;47
029A004A;2;GPH;MT;Pamour;MAIN;174|175
029A004A;3;GPH;GRV;Pamour;MAIN;174|175
029A004A;4;GPH;AMAG;Pamour;MAIN;174|175|176
029A004A;5;GPH;IP;Pamour;MAIN;174|175
032AC653;1;GPH;AMAG;Jau prospect;MAIN;25
032AC653;2;GPH;RAD;Jau prospect;MAIN;25
032AC653;3;GPH;IP;Jau prospect;MAIN;25
02A093E0;1;GPH;AMAG;Coringa;MAIN;84
02A093E0;2;GPH;RAD;Coringa;MAIN;84
02A093E0;3;GPH;IP;Coringa;MAIN;84|85
02A093E0;4;GPH;EM;Coringa;MAIN;85
0336D2AC;1;GPH;AMAG;Turnberry;MAIN;36|37
0336D2AC;2;GPH;RAD;Turnberry;MAIN;36|37
033B0EC7;1;GPH;MT;Kiena Deep A Zone;MAIN;160
0398B964;1;GPH;AMAG;Sabodala deposit;MAIN;74|75
0398B964;2;GPH;RAD;Sabodala deposit;MAIN;74|75
0398B964;4;GPH;IP;Sabodala deposit;MAIN;75
03430331;1;GPH;EM;Main Zone;MAIN;57
03430331;2;GPH;AMAG;Main Zone;MAIN;57
03497A9B;1;GPH;AMAG;Central;MAIN;70|113
03497A9B;2;GPH;GMAG;Central;MAIN;113
03497A9B;3;GPH;IP;Central;MAIN;113
03E5E738;2;GPH;AMAG;True North deposit;MAIN;76
041A6F51;1;GPH;AMAG;Otjikoto;MAIN;39
041A6F51;2;GPH;RAD;Otjikoto;MAIN;39
041A6F51;3;GPH;EM;Otjikoto;MAIN;39|40
041A6F51;4;GPH;GMAG;Otjikoto;MAIN;39
041A6F51;5;GPH;IP;Otjikoto;MAIN;38|40
0464602C;1;GPH;IP;Cléopâtre showing;MAIN;10
0464602C;2;GPH;AMAG;Cléopâtre showing;MAIN;12
044475BA;1;GPH;IP;Hardrock deposit;MAIN;150
04546B27;1;GPH;GMAG;Assafou;MAIN;170|174
04546B27;2;GPH;GRV;Assafou;MAIN;170|174
04546B27;3;GPH;IP;Assafou;MAIN;170|174|175
04546B27;4;GPH;MT;Assafou;MAIN;170|175
04546B27;5;GPH;RAD;Assafou;MAIN;170|176
04546B27;6;GPH;AMAG;Assafou;MAIN;176
04761DD7;1;GPH;AMAG;Jeesio property;MAIN;22
04761DD7;2;GPH;EM;Jeesio property;MAIN;22
04761DD7;3;GPH;RAD;Jeesio property;MAIN;22
04B0BFA3;1;GPH;GMAG;Main Stripped Zone;MAIN;13
04B0BFA3;2;GPH;IP;Main Stripped Zone;MAIN;13
04B0BFA3;3;GPH;AMAG;Main Stripped Zone;MAIN;13|22
04B86048;1;GPH;IP;Bombore;MAIN;115|121
04B86048;3;GPH;RES;Bombore;MAIN;116|117|118|123
04B86048;4;GPH;AMAG;Bombore;MAIN;117|118
04B86048;5;GPH;RAD;Bombore;MAIN;117|118
04B86048;6;GPH;GRV;Bombore;MAIN;121
04D722E3;1;GPH;IP;Gordon-Ven Lake;MAIN;51|52|53|57|62
04D722E3;2;GPH;GMAG;Gordon-Ven Lake;MAIN;51|53|54|57
04D722E3;3;GPH;RES;Gordon-Ven Lake;MAIN;51|68|69
0527E792;1;GPH;AMAG;Fayolle deposit;MAIN;57
0527E792;2;GPH;EM;Fayolle deposit;MAIN;57
05419167;1;GPH;UNS;Granada;MAIN;56
05419167;2;GPH;SWIR;Granada;MAIN;64
05151973;1;GPH;AMAG;Fortnum Gold Project;MAIN;68
05151973;2;GPH;GRV;Fortnum Gold Project;MAIN;68
0573AFD8;1;GPH;AMAG;Colomac Main;MAIN;104
0573AFD8;2;GPH;VLF;Colomac Main;MAIN;104
0573AFD8;3;GPH;IP;Colomac Main;MAIN;104|105|109
0573AFD8;4;GPH;GMAG;Colomac Main;MAIN;105|107
0573AFD8;6;GPH;GRV;Colomac Main;MAIN;107
0630C490;1;GPH;GRV;Granite Creek;MAIN;77
0630C490;2;GPH;AMAG;Granite Creek;MAIN;77
0630C490;3;GPH;GMAG;Granite Creek;MAIN;77
0630C490;4;GPH;IP;Granite Creek;MAIN;77
0630C490;5;GPH;EM;Granite Creek;MAIN;77
0630C490;6;GPH;MT;Granite Creek;MAIN;77|79
0613D036;1;GPH;AMAG;Diabarou;MAIN;20|30|31
0613D036;2;GPH;RAD;Diabarou;MAIN;20|30|31
0613D036;3;GPH;EM;Diabarou;MAIN;20
05C53A75;1;GPH;AMAG;Osiris cluster;MAIN;62
05C53A75;2;GPH;EM;Osiris cluster;MAIN;62
0645D8D4;1;GPH;AMAG;Adumbi;MAIN;88
0645D8D4;2;GPH;RAD;Adumbi;MAIN;88
0645D8D4;3;GPH;IP;Adumbi;MAIN;106
0695EA16;1;GPH;AMAG;Solona;MAIN;34
0695EA16;2;GPH;RAD;Solona;MAIN;34
0695EA16;3;GPH;GMAG;Solona;MAIN;36
06950BED;1;GPH;AMAG;Madsen;MAIN;89|90
06C30B18;1;GPH;AMAG;Paddy's Flat;MAIN;106
06C30B18;2;GPH;GRV;Paddy's Flat;MAIN;106
0710EF8D;1;GPH;UNS;Beatons Creek;MAIN;65
07095F68;1;GPH;AMAG;Magdala;MAIN;68|69
07095F68;2;GPH;GRV;Magdala;MAIN;68|70
07095F68;3;GPH;IP;Magdala;MAIN;69
0723F78A;1;GPH;AMAG;Turnberry;MAIN;36
0723F78A;2;GPH;RAD;Turnberry;MAIN;36
06D32B92;1;GPH;VLF;Moss Lake deposit;MAIN;43
06D32B92;2;GPH;GMAG;Moss Lake deposit;MAIN;43
06D32B92;3;GPH;IP;Moss Lake deposit;MAIN;43
0789F8E0;1;GPH;IP;Trident;MAIN;51
0789F8E0;2;GPH;AMAG;Trident;MAIN;51|53
0728AACE;1;GPH;VLF;Gold Rock;MAIN;46
0728AACE;2;GPH;IP;Gold Rock;MAIN;46
0728AACE;3;GPH;GMAG;Gold Rock;MAIN;48
0728AACE;4;GPH;GRV;Gold Rock;MAIN;48
0728AACE;5;GPH;SES;Gold Rock;MAIN;47
081D24CD;1;GPH;AMAG;Great Fingall;MAIN;90
081D24CD;2;GPH;GRV;Great Fingall;MAIN;90
07EA6630;1;GPH;IP;Hardrock deposit;MAIN;150
082DBCC0;1;GPH;GMAG;Main Gold Zone;MAIN;23
082DBCC0;2;GPH;EM;Main Gold Zone;MAIN;36|38
082DBCC0;3;GPH;AMAG;Main Gold Zone;MAIN;36
0839F995;1;GPH;AMAG;Antenna;MAIN;45
0839F995;2;GPH;EM;Antenna;MAIN;44
0842E5D2;1;GPH;AMAG;Magino;MAIN;22|25
0842E5D2;2;GPH;EM;Magino;MAIN;22
0842E5D2;3;GPH;GMAG;Magino;MAIN;23
0842E5D2;4;GPH;VLF;Magino;MAIN;23
0842E5D2;6;GPH;IP;Magino;MAIN;26
085F4CC2;1;GPH;EM;Jethro Structure;MAIN;12|17
085F4CC2;2;GPH;AMAG;Jethro Structure;MAIN;17
085F4CC2;3;GPH;RAD;Jethro Structure;MAIN;17
08D54B6A;1;GPH;AMAG;Brew Project;MAIN;13|16
088BAB7A;1;GPH;AMAG;Golden Horseshoe Reef;MAIN;35
088BAB7A;2;GPH;RAD;Golden Horseshoe Reef;MAIN;35
088BAB7A;3;GPH;EM;Golden Horseshoe Reef;MAIN;34|35
088BAB7A;4;GPH;GMAG;Golden Horseshoe Reef;MAIN;35
088BAB7A;5;GPH;IP;Golden Horseshoe Reef;MAIN;36
09033720;1;GPH;AMAG;Wona-Kona;MAIN;37
09033720;2;GPH;EM;Wona-Kona;MAIN;37
09033720;3;GPH;RAD;Wona-Kona;MAIN;37
08E407A0;1;GPH;AMAG;A8 3200 vein system;MAIN;40
08E407A0;2;GPH;VLF;A8 3200 vein system;MAIN;40
094023F6;1;GPH;GMAG;Pine Cove Mine;MAIN;91|99|105
094023F6;2;GPH;IP;Pine Cove Mine;MAIN;91|99|106
095529B3;1;GPH;EM;Tay-LP;MAIN;21|26
0965B1B3;1;GPH;AMAG;Batman;MAIN;77
0965B1B3;2;GPH;UNS;Batman;MAIN;79
0987FD5B;1;GPH;SES;Little Stull Lake;MAIN;55
0987FD5B;2;GPH;MT;Little Stull Lake;MAIN;55
0987FD5B;3;GPH;EM;Little Stull Lake;MAIN;62
0987FD5B;4;GPH;AMAG;Little Stull Lake;MAIN;62
09F70DBA;1;GPH;AMAG;West Branch;MAIN;67
09F70DBA;2;GPH;GMAG;West Branch;MAIN;67
09F70DBA;3;GPH;EM;West Branch;MAIN;67
09F70DBA;4;GPH;RAD;West Branch;MAIN;67
09F70DBA;5;GPH;IP;West Branch;MAIN;68
0A06CB49;1;GPH;GMAG;Thor Trend;MAIN;20
0A06CB49;2;GPH;VLF;Thor Trend;MAIN;20
0A06CB49;3;GPH;IP;Thor Trend;MAIN;20|55|59
0A06CB49;4;GPH;AMAG;Thor Trend;MAIN;48
0A4EC8A6;1;GPH;SES;Gilbert River Placer;MAIN;82
0A6DB12A;1;GPH;AMAG;Marathon;MAIN;81|87
0A6DB12A;2;GPH;GMAG;Marathon;MAIN;81|88
0A6DB12A;3;GPH;SES;Marathon;MAIN;81|89
0AA90EBC;1;GPH;IP;Anatacau Project;MAIN;22
0AA90EBC;2;GPH;AMAG;Anatacau Project;MAIN;22
0AA90EBC;3;GPH;EM;Anatacau Project;MAIN;25
0B7EB4D0;1;GPH;GRV;Buckreef Prospect;MAIN;30
0B7EB4D0;2;GPH;IP;Buckreef Prospect;MAIN;30|32
0B7EB4D0;3;GPH;AMAG;Buckreef Prospect;MAIN;30|31
0B7EB4D0;4;GPH;GMAG;Buckreef Prospect;MAIN;32
0B05B43E;1;GPH;AMAG;EMZ;MAIN;113
0B05B43E;2;GPH;RAD;EMZ;MAIN;113
0B05B43E;3;GPH;IP;EMZ;MAIN;113
0B05B43E;4;GPH;EM;EMZ;MAIN;113
0B016195;3;GPH;AMAG;Burnakura;MAIN;60
0B016195;4;GPH;RAD;Burnakura;MAIN;60
0B016195;5;GPH;EM;Burnakura;MAIN;60
0C01BBE0;1;GPH;IP;3 Aces;MAIN;31|37
0C01BBE0;2;GPH;AMAG;3 Aces;MAIN;31|37
0C01BBE0;3;GPH;RAD;3 Aces;MAIN;31|37
0C01BBE0;4;GPH;GMAG;3 Aces;MAIN;31|37
0C01BBE0;5;GPH;EM;3 Aces;MAIN;31|37
0C01BBE0;6;GPH;UNS;3 Aces;MAIN;31
0C314901;1;GPH;AMAG;Nelligan;MAIN;48
0BB1A012;1;GPH;UNS;O'Brien Project;MAIN;65
0C44E46A;1;GPH;RES;Main Structural Corridor (MSC);MAIN;30
0C44E46A;2;GPH;IP;Main Structural Corridor (MSC);MAIN;30
0C44E46A;3;GPH;MT;Main Structural Corridor (MSC);MAIN;30
0CA3FEC4;1;GPH;EM;Kofi C;MAIN;38
0CA3FEC4;2;GPH;AMAG;Kofi C;MAIN;38
0CA3FEC4;3;GPH;IP;Kofi C;MAIN;38|42
0CB5C5C9;1;GPH;EM;KCD;MAIN;72
0CB5C5C9;2;GPH;AMAG;KCD;MAIN;72
0CB5C5C9;3;GPH;RAD;KCD;MAIN;72
0CB5C5C9;5;GPH;MT;KCD;MAIN;72
0CEB7E63;1;GPH;IP;Esaase;MAIN;35
0CEB7E63;2;GPH;EM;Esaase;MAIN;35
0CC855EB;1;GPH;MT;Gold Pick;MAIN;58
0D138A33;1;GPH;IP;BT deposit;MAIN;28
0D1BA604;1;GPH;AMAG;Havelock Project;MAIN;53
0DBC95C9;1;GPH;AMAG;Batman deposit;MAIN;94
0D46872E;1;GPH;EM;Meadowbank deposits;MAIN;58
0D46872E;2;GPH;AMAG;Meadowbank deposits;MAIN;58
0D46872E;3;GPH;IP;Meadowbank deposits;MAIN;58
0D46872E;4;GPH;GMAG;Meadowbank deposits;MAIN;58
0E09DB1B;1;GPH;RES;Monique Gold Zones;MAIN;32
0E182762;1;GPH;IP;Gatsuurt;MAIN;92|96|97|98
0E182762;2;GPH;GMAG;Gatsuurt;MAIN;92|95
0E182762;3;GPH;AMAG;Gatsuurt;MAIN;92|94
0EC27446;1;GPH;AMAG;Masato;MAIN;36|49|56
0EC27446;2;GPH;RAD;Masato;MAIN;49
0EC27446;3;GPH;IP;Masato;MAIN;49|56
0EC27446;4;GPH;GMAG;Masato;MAIN;49
0E3A1F62;1;GPH;GMAG;Goose Site;MAIN;76|77
0E3A1F62;2;GPH;IP;Goose Site;MAIN;76|78
0E3A1F62;3;GPH;EM;Goose Site;MAIN;76
0F6F8EB9;1;GPH;UNS;Bigar Hill;MAIN;34
0F7248E2;1;GPH;EM;Lafigue;MAIN;80
0F7248E2;2;GPH;IP;Lafigue;MAIN;80
0F7248E2;3;GPH;RAD;Lafigue;MAIN;80
0F825C4A;1;GPH;AMAG;Youga;MAIN;106
0F825C4A;2;GPH;RAD;Youga;MAIN;106
0F825C4A;3;GPH;GMAG;Youga;MAIN;106|107
0F825C4A;4;GPH;IP;Youga;MAIN;108
0FD3508E;1;GPH;AMAG;Morro do Ouro;MAIN;44
0FD3508E;2;GPH;IP;Morro do Ouro;MAIN;44
0F8AE956;1;GPH;AMAG;Gold Quarry;MAIN;120
0F8AE956;2;GPH;GMAG;Gold Quarry;MAIN;120
0F8AE956;3;GPH;RAD;Gold Quarry;MAIN;120
0F8AE956;4;GPH;EM;Gold Quarry;MAIN;120
0F8AE956;5;GPH;GRV;Gold Quarry;MAIN;120
0F8AE956;6;GPH;RES;Gold Quarry;MAIN;120
0F8AE956;7;GPH;MT;Gold Quarry;MAIN;120
0F8AE956;8;GPH;SP;Gold Quarry;MAIN;120
0F8AE956;9;GPH;IP;Gold Quarry;MAIN;120
0FE25F31;1;GPH;VLF;Lac Herbin;MAIN;27
0FE25F31;2;GPH;GMAG;Lac Herbin;MAIN;27
0FE25F31;3;GPH;IP;Lac Herbin;MAIN;27
0FE25F31;4;GPH;SES;Lac Herbin;MAIN;27
0FE25F31;5;GPH;AMAG;Lac Herbin;MAIN;27
104A5E9E;1;GPH;AMAG;Lacoma;MAIN;25|27
104A5E9E;2;GPH;EM;Lacoma;MAIN;25|27
104F165D;1;GPH;AMAG;Sissingué;MAIN;84|85
104F165D;2;GPH;RAD;Sissingué;MAIN;84|85
104F165D;3;GPH;VLF;Sissingué;MAIN;84|85
104F165D;4;GPH;EM;Sissingué;MAIN;84|85
104F165D;5;GPH;IP;Sissingué;MAIN;84|85
10D8F3A3;1;GPH;AMAG;Zone Est;MAIN;23|25
10D8F3A3;2;GPH;GMAG;Zone Est;MAIN;29
10D8F3A3;3;GPH;VLF;Zone Est;MAIN;29
10D8F3A3;4;GPH;IP;Zone Est;MAIN;29|30
10D4734D;1;GPH;AMAG;New Britannia Mine;MAIN;74
116130B5;1;GPH;IP;Omega Group;MAIN;29
116130B5;2;GPH;GMAG;Omega Group;MAIN;29
11873F4A;1;GPH;RAD;Butiá;MAIN;29
11873F4A;2;GPH;AMAG;Butiá;MAIN;30
11873F4A;3;GPH;IP;Butiá;MAIN;36
11873F4A;4;GPH;GMAG;Butiá;MAIN;36
11E61ECF;1;GPH;GMAG;Lone Star;MAIN;59|70
11E61ECF;2;GPH;VLF;Lone Star;MAIN;59|72|75
11E61ECF;3;GPH;IP;Lone Star;MAIN;59|72
11E61ECF;4;GPH;AMAG;Lone Star;MAIN;59|75
11E61ECF;5;GPH;RAD;Lone Star;MAIN;75
11B1508F;1;GPH;GMAG;Rajapalot;MAIN;27|30|33|36
11B1508F;2;GPH;IP;Rajapalot;MAIN;27|30|31|33|36
11B1508F;3;GPH;EM;Rajapalot;MAIN;27|30|36
11B1508F;4;GPH;RES;Rajapalot;MAIN;27|31
11B1508F;5;GPH;AMAG;Rajapalot;MAIN;36
11B1508F;6;GPH;RAD;Rajapalot;MAIN;36
11BABB77;1;GPH;AMAG;Douay East;MAIN;49
11BABB77;4;GPH;IP;Douay East;MAIN;49|63
119A11D5;1;GPH;AMAG;Fifteen Mile Stream;MAIN;44
12322F42;1;GPH;IP;White Mountain;MAIN;15
11EE97BD;2;GPH;IP;Golden Saddle;MAIN;73
11EE97BD;3;GPH;GMAG;Golden Saddle;MAIN;76
11EE97BD;4;GPH;VLF;Golden Saddle;MAIN;76
11EE97BD;5;GPH;EM;Golden Saddle;MAIN;79
11EE97BD;6;GPH;AMAG;Golden Saddle;MAIN;79
1228157A;1;GPH;IP;Tabakoto Deposit;MAIN;69
1228157A;2;GPH;GMAG;Tabakoto Deposit;MAIN;106
1228157A;3;GPH;VLF;Tabakoto Deposit;MAIN;74
125F6C94;1;GPH;IP;Cristina;MAIN;59
12AC17AA;1;GPH;IP;Kona South;MAIN;28
1262CB45;1;GPH;IP;Kao;MAIN;29
12D0B97D;1;GPH;GMAG;Makosa;MAIN;22
12F3C89C;1;GPH;AMAG;AMAX Area;MAIN;19|20|21|27
134FCCD2;1;GPH;AMAG;Wassa;MAIN;50|51
134FCCD2;2;GPH;RAD;Wassa;MAIN;50|51
134FCCD2;3;GPH;IP;Wassa;MAIN;50
134FCCD2;5;GPH;EM;Wassa;MAIN;51
134FCCD2;6;GPH;RES;Wassa;MAIN;51
1339F97C;1;GPH;IP;Detour Lake and West Detour;MAIN;76|77
1339F97C;2;GPH;AMAG;Detour Lake and West Detour;MAIN;76|77
138A9603;1;GPH;IP;Golden Saddle;MAIN;73
138A9603;2;GPH;GMAG;Golden Saddle;MAIN;76
138A9603;3;GPH;VLF;Golden Saddle;MAIN;76
138A9603;4;GPH;EM;Golden Saddle;MAIN;79
138A9603;5;GPH;AMAG;Golden Saddle;MAIN;79
13CCF8B6;1;GPH;AMAG;Twangiza;MAIN;38|42|45
13CCF8B6;5;GPH;RAD;Twangiza;MAIN;45
13EA550C;1;GPH;AMAG;Antenna deposit;MAIN;34|35
13EA550C;2;GPH;EM;Antenna deposit;MAIN;34
13FE50E7;1;GPH;AMAG;Butia;MAIN;56|57|72|78|79|80|85|87|88|89|90
13FE50E7;2;GPH;RAD;Butia;MAIN;57|72|79
14148DAC;1;GPH;AMAG;Douay West;MAIN;46
14148DAC;2;GPH;EM;Douay West;MAIN;46
14148DAC;3;GPH;IP;Douay West;MAIN;46
14148DAC;4;GPH;GMAG;Douay West;MAIN;46
149016FB;1;GPH;UNS;Faina;MAIN;74
149016FB;2;GPH;AMAG;Faina;MAIN;75
149016FB;3;GPH;RAD;Faina;MAIN;75
14160ED1;1;GPH;IP;Kobada;MAIN;120
14160ED1;2;GPH;AMAG;Kobada;MAIN;120
14DE3D9A;1;GPH;AMAG;Asuogya;MAIN;23
14DE3D9A;2;GPH;EM;Asuogya;MAIN;23
14BDF6F7;1;GPH;GRV;Pinson;MAIN;62|63
14BDF6F7;2;GPH;AMAG;Pinson;MAIN;62
14BDF6F7;3;GPH;GMAG;Pinson;MAIN;62
14BDF6F7;4;GPH;IP;Pinson;MAIN;62|63
14BDF6F7;5;GPH;EM;Pinson;MAIN;62|63
14BDF6F7;6;GPH;MT;Pinson;MAIN;62|63
14E5F379;1;GPH;GRV;Star Lake;MAIN;49|50
14E5F379;2;GPH;GMAG;Star Lake;MAIN;49
14E5F379;3;GPH;MT;Star Lake;MAIN;64|65
14D7CA01;1;GPH;EM;Queensway Project;MAIN;136|138
14D7CA01;2;GPH;AMAG;Queensway Project;MAIN;136|137|138|139
14D7CA01;3;GPH;GRV;Queensway Project;MAIN;136|138
14D7CA01;5;GPH;GMAG;Queensway Project;MAIN;136|139
14D7CA01;6;GPH;VLF;Queensway Project;MAIN;136|139
14D7CA01;7;GPH;SES;Queensway Project;MAIN;142
14FE1F17;1;GPH;GMAG;RZ;MAIN;44
14FE1F17;2;GPH;IP;RZ;MAIN;44
14FE1F17;4;GPH;UNS;RZ;MAIN;44|46
14FE1F17;5;GPH;RES;RZ;MAIN;46
15AF8D4C;1;GPH;AMAG;Triangle Deposit;MAIN;88
158B14EB;1;GPH;IP;Zone 2;MAIN;39
158B14EB;2;GPH;RES;Zone 2;MAIN;39
158B14EB;3;GPH;AMAG;Zone 2;MAIN;39
158B14EB;4;GPH;RAD;Zone 2;MAIN;39
159672F0;2;GPH;AMAG;Rattling Brook Gold Deposit;MAIN;70
15D04CB0;1;GPH;AMAG;DAC Deposit;MAIN;32
15D04CB0;2;GPH;GMAG;DAC Deposit;MAIN;32
15D04CB0;3;GPH;IP;DAC Deposit;MAIN;32
15D04CB0;4;GPH;RES;DAC Deposit;MAIN;32
15D04CB0;5;GPH;EM;DAC Deposit;MAIN;32
15E968D0;1;GPH;IP;Linkwood;MAIN;24
15D484D9;1;GPH;UNS;Reward;MAIN;62
16AC2F72;1;GPH;GMAG;Lookout Mountain;MAIN;70
16AC2F72;2;GPH;RAD;Lookout Mountain;MAIN;70
16AC2F72;3;GPH;VLF;Lookout Mountain;MAIN;70
16AC2F72;4;GPH;IP;Lookout Mountain;MAIN;70|71|74
16AC2F72;5;GPH;MT;Lookout Mountain;MAIN;70|71|74
16AC2F72;6;GPH;GRV;Lookout Mountain;MAIN;71
16683AD0;1;GPH;AMAG;Tabakoroni;MAIN;27
16683AD0;2;GPH;RAD;Tabakoroni;MAIN;27
16683AD0;3;GPH;IP;Tabakoroni;MAIN;28
16683AD0;4;GPH;WLOG;Tabakoroni;MAIN;28
16C7BB46;1;GPH;IP;Kone;MAIN;89|90
16C7BB46;2;GPH;GMAG;Kone;MAIN;89
1737DA07;1;GPH;AMAG;Island Zone;MAIN;69
17E27C66;1;GPH;AMAG;Jefferson Gold Project;MAIN;34|36
17E27C66;2;GPH;RAD;Jefferson Gold Project;MAIN;34|36
17E27C66;3;GPH;RES;Jefferson Gold Project;MAIN;36
17DC7EE4;1;GPH;IP;Omega;MAIN;30
17DC7EE4;2;GPH;GMAG;Omega;MAIN;30
17EF89A8;1;GPH;GMAG;Storø;MAIN;25
17DA2760;1;GPH;SWIR;Amulsar;MAIN;27
181BF1B6;1;GPH;IP;Dubenski Gold Deposit;MAIN;32
17F98519;1;GPH;AMAG;Golouma West;MAIN;48
17F98519;2;GPH;RAD;Golouma West;MAIN;48
17F98519;6;GPH;IP;Golouma West;MAIN;48|49
17F98519;7;GPH;GMAG;Golouma West;MAIN;48
1866E001;1;GPH;AMAG;Doropo Deposits;MAIN;30
1866E001;2;GPH;RAD;Doropo Deposits;MAIN;30
1866E001;3;GPH;IP;Doropo Deposits;MAIN;34
182BC15E;1;GPH;AMAG;Timmins West Mine;MAIN;72
182BC15E;2;GPH;IP;Timmins West Mine;MAIN;72|73
182BC15E;4;GPH;GMAG;Timmins West Mine;MAIN;73
182BC15E;5;GPH;GRV;Timmins West Mine;MAIN;73
182BC15E;6;GPH;SWIR;Timmins West Mine;MAIN;73
182BC15E;7;GPH;MT;Timmins West Mine;MAIN;74
18821E32;1;GPH;EM;Choco 10;MAIN;62
18821E32;2;GPH;AMAG;Choco 10;MAIN;62|63
18821E32;3;GPH;GMAG;Choco 10;MAIN;62
18821E32;4;GPH;RAD;Choco 10;MAIN;62
18821E32;5;GPH;IP;Choco 10;MAIN;62
18B8525E;1;GPH;GMAG;Tocantinzinho;MAIN;37|38
18B8525E;2;GPH;AMAG;Tocantinzinho;MAIN;37|39
1905889A;1;GPH;AMAG;Netiana;MAIN;95|101
1905889A;2;GPH;GMAG;Netiana;MAIN;95|103
1905889A;3;GPH;IP;Netiana;MAIN;95|103
1905889A;4;GPH;GRV;Netiana;MAIN;95|103
19BC2616;1;GPH;UNS;Table Mountain Vein Systems;MAIN;41
1A0EC604;1;GPH;IP;Douay West;MAIN;58
1A0EC604;2;GPH;GMAG;Douay West;MAIN;58
1A1CA32E;1;GPH;GMAG;Kobada;MAIN;42
1A1CA32E;2;GPH;IP;Kobada;MAIN;42
1A1CA32E;3;GPH;AMAG;Kobada;MAIN;44
1A1CA32E;4;GPH;RAD;Kobada;MAIN;44
1A6CFF70;3;GPH;UNS;North Lake deposit;MAIN;93
1A7C389B;1;GPH;VLF;Goingoindougou;MAIN;46
1A7C389B;2;GPH;UNS;Goingoindougou;MAIN;46
1A7C389B;3;GPH;IP;Goingoindougou;MAIN;49
1A8140D3;1;GPH;GMAG;Bellechasse-Timmins deposit;MAIN;32
1A8140D3;2;GPH;VLF;Bellechasse-Timmins deposit;MAIN;32
1AC556B7;1;GPH;IP;Gourbassi West;MAIN;116|120
1AC556B7;2;GPH;AMAG;Gourbassi West;MAIN;103
1B737743;1;GPH;AMAG;Borborema deposit;MAIN;90|92
1B737743;2;GPH;RAD;Borborema deposit;MAIN;90|92
1B2900EE;1;GPH;IP;Bomboré;MAIN;50
1B76BEA9;1;GPH;EM;Donchester Mine;MAIN;33
1B76BEA9;2;GPH;AMAG;Donchester Mine;MAIN;33
1B84EA2F;1;GPH;GMAG;Nkran;MAIN;94
1B84EA2F;2;GPH;IP;Nkran;MAIN;92|96
1B84EA2F;3;GPH;VLF;Nkran;MAIN;92|96
1B84EA2F;4;GPH;EM;Nkran;MAIN;92|97
1B84EA2F;5;GPH;AMAG;Nkran;MAIN;97
1BBCE5C2;1;GPH;AMAG;Mosquito Hill;MAIN;75
1BBCE5C2;2;GPH;EM;Mosquito Hill;MAIN;75
1BBCE5C2;3;GPH;IP;Mosquito Hill;MAIN;85
1BBCE5C2;4;GPH;RES;Mosquito Hill;MAIN;85
1BEAFCFB;1;GPH;AMAG;55 Zone;MAIN;39
1BEAFCFB;2;GPH;RAD;55 Zone;MAIN;39
1BEAFCFB;3;GPH;IP;55 Zone;MAIN;43
1BEAFCFB;4;GPH;GMAG;55 Zone;MAIN;43
1BC9BB63;1;GPH;IP;Taurus Deposit;MAIN;31
1BC9BB63;2;GPH;GMAG;Taurus Deposit;MAIN;31|32
1BFE7520;1;GPH;AMAG;Mankarga 5;MAIN;57|60
1BFE7520;2;GPH;VLF;Mankarga 5;MAIN;57
1BFE7520;3;GPH;RAD;Mankarga 5;MAIN;57
1BFE7520;5;GPH;IP;Mankarga 5;MAIN;58
1BFE7520;6;GPH;GMAG;Mankarga 5;MAIN;58
1BEE6489;1;GPH;AMAG;Frankfield East Deposit;MAIN;38|46
1BEE6489;2;GPH;EM;Frankfield East Deposit;MAIN;45|46
1C01C09B;1;GPH;AMAG;Pilar;MAIN;65|67
1C01C09B;2;GPH;RAD;Pilar;MAIN;65
1C01C09B;3;GPH;GMAG;Pilar;MAIN;65|66
1C01C09B;4;GPH;EM;Pilar;MAIN;65
1C01C09B;5;GPH;VLF;Pilar;MAIN;65|66
1C3385F6;1;GPH;EM;Choco 10;MAIN;58
1C3385F6;2;GPH;AMAG;Choco 10;MAIN;58|59
1C3385F6;3;GPH;RAD;Choco 10;MAIN;58
1C3385F6;4;GPH;IP;Choco 10;MAIN;58
1C08D521;1;GPH;UNS;Massawa;MAIN;93
1CD9BB53;1;GPH;AMAG;Mt Clifford;MAIN;97|98
1CD9BB53;2;GPH;RAD;Mt Clifford;MAIN;97
1CD9BB53;6;GPH;GMAG;Mt Clifford;MAIN;100
1CA3A079;1;GPH;GRV;Long Canyon;MAIN;50
1CA3A079;2;GPH;IP;Long Canyon;MAIN;50|52
1CAE0FC0;1;GPH;IP;Santa Gertrudis;MAIN;78|79
1CAE0FC0;2;GPH;AMAG;Santa Gertrudis;MAIN;79|80
1CAE0FC0;3;GPH;EM;Santa Gertrudis;MAIN;79|80
1CAE0FC0;4;GPH;RAD;Santa Gertrudis;MAIN;79|80
1CAE0FC0;5;GPH;VLF;Santa Gertrudis;MAIN;80
1CEBFF59;1;GPH;AMAG;Oko Main Zone;MAIN;71|72
1D754D16;1;GPH;VLF;Easy Junior;MAIN;40
1D754D16;2;GPH;IP;Easy Junior;MAIN;40
1D754D16;3;GPH;SES;Easy Junior;MAIN;41
1D754D16;4;GPH;GMAG;Easy Junior;MAIN;42
1D754D16;5;GPH;GRV;Easy Junior;MAIN;42
1D2D184E;1;GPH;AMAG;Paciência Mining Complex;MAIN;50
1D2D184E;4;GPH;EM;Paciência Mining Complex;MAIN;50
1D9455F0;1;GPH;GRV;Pan Project;MAIN;52
1DAEC218;1;GPH;AMAG;Björkdal;MAIN;78|79
1DAEC218;3;GPH;RAD;Björkdal;MAIN;78
1DAEC218;4;GPH;GMAG;Björkdal;MAIN;79|80|82
1DAEC218;5;GPH;IP;Björkdal;MAIN;79|82
1DB78EE7;1;GPH;RAD;Hemlo;MAIN;68
1DB78EE7;2;GPH;VLF;Hemlo;MAIN;68
1DB78EE7;3;GPH;IP;Hemlo;MAIN;68
1DB78EE7;4;GPH;AMAG;Hemlo;MAIN;71
1DD36FDF;2;GPH;UNS;Gold Pick;MAIN;62
1DFA2C0F;1;GPH;VLF;Apankrah;MAIN;39
1DFA2C0F;2;GPH;EM;Apankrah;MAIN;39
1DFA2C0F;3;GPH;AMAG;Apankrah;MAIN;39
1DFA2C0F;4;GPH;RAD;Apankrah;MAIN;39
1DFA2C0F;5;GPH;IP;Apankrah;MAIN;39|43
1DFA2C0F;6;GPH;GMAG;Apankrah;MAIN;39|41
1E022488;1;GPH;AMAG;Orenada;MAIN;104
1E022488;2;GPH;IP;Orenada;MAIN;105
1E022488;3;GPH;EM;Orenada;MAIN;106
1E0A2A78;1;GPH;AMAG;Detour Lake;MAIN;109
1E0A2A78;2;GPH;IP;Detour Lake;MAIN;111
1E11A67B;1;GPH;AMAG;Madsen Deposit;MAIN;78|79
1E11A67B;5;GPH;SES;Madsen Deposit;MAIN;77|78|84
1E1F8F66;1;GPH;AMAG;Mankouke South;MAIN;61|70|72
1E1F8F66;2;GPH;RAD;Mankouke South;MAIN;61|70|72
1E1F8F66;3;GPH;EM;Mankouke South;MAIN;61|72
1E1F8F66;6;GPH;GRV;Mankouke South;MAIN;70
1E1F8F66;7;GPH;IP;Mankouke South;MAIN;71
1E1F8F66;8;GPH;GMAG;Mankouke South;MAIN;71
1E40059D;1;GPH;AMAG;Baritic Zone;MAIN;35
1E319B80;1;GPH;IP;Malikoundi;MAIN;53|66
1E319B80;2;GPH;GMAG;Malikoundi;MAIN;53|66
1E319B80;3;GPH;AMAG;Malikoundi;MAIN;66
1E319B80;4;GPH;RAD;Malikoundi;MAIN;66
1E319B80;5;GPH;VLF;Malikoundi;MAIN;66
1E319B80;6;GPH;EM;Malikoundi;MAIN;66|67|68
1E75A335;1;GPH;IP;Côté Gold deposit;MAIN;201
1E75A335;2;GPH;RES;Côté Gold deposit;MAIN;201
1E75A335;3;GPH;VLF;Côté Gold deposit;MAIN;201
1E75A335;4;GPH;AMAG;Côté Gold deposit;MAIN;164|173
1E769595;1;GPH;UNS;Posse;MAIN;32|35
1E99CAC7;1;GPH;EM;Paiol;MAIN;48
1E99CAC7;2;GPH;AMAG;Paiol;MAIN;48
1E99CAC7;3;GPH;RAD;Paiol;MAIN;48
1E99CAC7;4;GPH;IP;Paiol;MAIN;48
1EE33807;1;GPH;GMAG;HBJ;MAIN;48
1F1DC537;1;GPH;MT;Relief Canyon;MAIN;71
1F1DC537;2;GPH;IP;Relief Canyon;MAIN;71
1F56ABDF;1;GPH;GRV;Pan Project;MAIN;55
1F6D12E8;1;GPH;AMAG;Majorodam;MAIN;24|27|29
1F630381;1;GPH;GMAG;Golden Harker;MAIN;47
1F630381;2;GPH;VLF;Golden Harker;MAIN;47|48
1F630381;3;GPH;IP;Golden Harker;MAIN;48
1FC92E68;1;GPH;AMAG;South Bullfrog Property;MAIN;67|75
1FC92E68;2;GPH;RAD;South Bullfrog Property;MAIN;67|75
1FC92E68;3;GPH;IP;South Bullfrog Property;MAIN;67|77
1FC92E68;4;GPH;GRV;South Bullfrog Property;MAIN;67|77
2010BE16;1;GPH;AMAG;Triangle;MAIN;82|88
202807F1;1;GPH;AMAG;Kouroussa;MAIN;37|39
213027CF;1;GPH;AMAG;Aurora Gold Project;MAIN;59
20E2443B;1;GPH;GMAG;Lamaque;MAIN;53
2187A358;1;GPH;UNS;Reward Zone;MAIN;63
217876A7;1;GPH;UNS;Björkdal;MAIN;71
217876A7;2;GPH;GMAG;Björkdal;MAIN;71
217876A7;3;GPH;IP;Björkdal;MAIN;71
217876A7;4;GPH;WLOG;Björkdal;MAIN;71
219157FE;1;GPH;AMAG;Bom Jardim;MAIN;17|18
219157FE;2;GPH;RAD;Bom Jardim;MAIN;17|18
21F50592;1;GPH;EM;Maud Creek deposit;MAIN;60
21F50592;2;GPH;AMAG;Maud Creek deposit;MAIN;61
21F50592;3;GPH;RAD;Maud Creek deposit;MAIN;61
21ACC570;1;GPH;IP;Boroo;MAIN;65
21ACC570;2;GPH;GMAG;Boroo;MAIN;65|69
2235BE82;1;GPH;GMAG;Black Fox;MAIN;64|65
2235BE82;2;GPH;AMAG;Black Fox;MAIN;65
2235BE82;3;GPH;IP;Black Fox;MAIN;64|65
2235BE82;4;GPH;EM;Black Fox;MAIN;64
2298CBFE;1;GPH;VLF;Beattie-Donchester;MAIN;27
2298CBFE;2;GPH;GMAG;Beattie-Donchester;MAIN;27
229E58E2;1;GPH;EM;Alexander Property;MAIN;35|36
229E58E2;2;GPH;AMAG;Alexander Property;MAIN;35|36
229E58E2;3;GPH;VLF;Alexander Property;MAIN;23|35|36
229E58E2;4;GPH;IP;Alexander Property;MAIN;35|36
229E58E2;5;GPH;RES;Alexander Property;MAIN;36
229E58E2;6;GPH;RAD;Alexander Property;MAIN;36
233AFC1B;1;GPH;AMAG;Björkdal;MAIN;77
233AFC1B;2;GPH;RAD;Björkdal;MAIN;77
233AFC1B;4;GPH;GMAG;Björkdal;MAIN;78|82
233AFC1B;5;GPH;IP;Björkdal;MAIN;78
2340AEB1;1;GPH;IP;Eldorado;MAIN;26
2340AEB1;2;GPH;GMAG;Eldorado;MAIN;26
22DBA216;1;GPH;GMAG;Tower Gold Project;MAIN;116
22DBA216;2;GPH;IP;Tower Gold Project;MAIN;116|117
22DBA216;3;GPH;VLF;Tower Gold Project;MAIN;116
22DBA216;4;GPH;RES;Tower Gold Project;MAIN;117
22DBA216;5;GPH;EM;Tower Gold Project;MAIN;117
23472CCD;1;GPH;RAD;São Sebastião;MAIN;43
23472CCD;2;GPH;AMAG;São Sebastião;MAIN;43
23472CCD;3;GPH;EM;São Sebastião;MAIN;43|44
23472CCD;4;GPH;IP;São Sebastião;MAIN;43
2394D734;1;GPH;GMAG;Kone;MAIN;62|65
2394D734;2;GPH;IP;Kone;MAIN;62|65
236B651A;1;GPH;GMAG;Bilboes;MAIN;62
236B651A;2;GPH;IP;Bilboes;MAIN;62
235457EF;1;GPH;GRV;Los Planes and Las Colinas;MAIN;21
235457EF;2;GPH;IP;Los Planes and Las Colinas;MAIN;21|26|27|28
235457EF;3;GPH;AMAG;Los Planes and Las Colinas;MAIN;27
235457EF;4;GPH;EM;Los Planes and Las Colinas;MAIN;27
235457EF;5;GPH;RAD;Los Planes and Las Colinas;MAIN;27
235457EF;6;GPH;VLF;Los Planes and Las Colinas;MAIN;27
23FBC1A2;1;GPH;GMAG;Discovery;MAIN;26
239DB373;1;GPH;AMAG;Merian II;MAIN;71
239DB373;2;GPH;RAD;Merian II;MAIN;71
239DB373;3;GPH;EM;Merian II;MAIN;71
239DB373;4;GPH;GRV;Merian II;MAIN;71
239DB373;5;GPH;RES;Merian II;MAIN;71
24B9A082;1;GPH;UNS;Mankarga;MAIN;74
2564F44A;1;GPH;UNS;Lofflin;MAIN;34
24BD37C9;2;GPH;GMAG;Sam Otto;MAIN;82
24BD37C9;3;GPH;AMAG;Sam Otto;MAIN;90|96
24BD37C9;4;GPH;RAD;Sam Otto;MAIN;90|96
24BD37C9;5;GPH;EM;Sam Otto;MAIN;90
24BD37C9;8;GPH;IP;Sam Otto;MAIN;111|112|113
25CA4953;1;GPH;AMAG;Corner Lake Gold Deposit;MAIN;21
25CA4953;2;GPH;GMAG;Corner Lake Gold Deposit;MAIN;21
25B1C7D2;1;GPH;VLF;Beattie-Donchester;MAIN;28
25B1C7D2;2;GPH;GMAG;Beattie-Donchester;MAIN;28
2624ABED;1;GPH;UNS;SREP deposits;MAIN;24
25F92493;1;GPH;EM;Lafigué;MAIN;203
25F92493;2;GPH;IP;Lafigué;MAIN;204
25F92493;3;GPH;RAD;Lafigué;MAIN;204
26519CE6;1;GPH;UNS;Midway Project;MAIN;43|54
265A3824;1;GPH;VLF;M Zone;MAIN;45
265A3824;2;GPH;GMAG;M Zone;MAIN;45
265A3824;3;GPH;EM;M Zone;MAIN;45
265A3824;4;GPH;IP;M Zone;MAIN;45
266494E0;1;GPH;IP;Obotan;MAIN;41
266494E0;2;GPH;AMAG;Obotan;MAIN;41
266494E0;3;GPH;EM;Obotan;MAIN;41
266494E0;4;GPH;RAD;Obotan;MAIN;41
266494E0;5;GPH;UNS;Obotan;MAIN;41
26906D0E;1;GPH;VLF;Lunch Pond South Extension;MAIN;22|23
26906D0E;2;GPH;GMAG;Lunch Pond South Extension;MAIN;22|23
26906D0E;3;GPH;IP;Lunch Pond South Extension;MAIN;22|23
26906D0E;4;GPH;EM;Lunch Pond South Extension;MAIN;22|23
26906D0E;5;GPH;AMAG;Lunch Pond South Extension;MAIN;23
26EE263C;1;GPH;AMAG;Touquoy West;MAIN;87
26EE263C;2;GPH;RAD;Touquoy West;MAIN;87
26EE263C;5;GPH;VLF;Touquoy West;MAIN;109
26EE263C;6;GPH;GMAG;Touquoy West;MAIN;109
26EE263C;7;GPH;IP;Touquoy West;MAIN;111
27014924;1;GPH;GMAG;Helen Zone;MAIN;52
27014924;2;GPH;EM;Helen Zone;MAIN;52
27014924;3;GPH;IP;Helen Zone;MAIN;52
275840FC;1;GPH;UNS;C1;MAIN;81
2785C445;1;GPH;AMAG;Beaver Dam deposit;MAIN;36
27651010;1;GPH;EM;Bell Creek;MAIN;52
27651010;2;GPH;IP;Bell Creek;MAIN;52
27651010;3;GPH;GMAG;Bell Creek;MAIN;56
278FF823;1;GPH;AMAG;Detour Lake;MAIN;120
278FF823;2;GPH;IP;Detour Lake;MAIN;124
279D99F2;1;GPH;UNS;Hislop Deposit;MAIN;41|42
27E5F10F;1;GPH;AMAG;Marriott Gold Zone;MAIN;19|23
27E5F10F;2;GPH;GMAG;Marriott Gold Zone;MAIN;23
27B398CE;1;GPH;AMAG;True North;MAIN;64
27A3E693;1;GPH;IP;Cristina;MAIN;75|76
27A3E693;2;GPH;AMAG;Cristina;MAIN;75|76|77
27A3E693;3;GPH;EM;Cristina;MAIN;75|76|77
27A3E693;4;GPH;RAD;Cristina;MAIN;75|76|77
27A3E693;5;GPH;GRV;Cristina;MAIN;75|77
27CA4DDC;1;GPH;IP;Young-Davidson;MAIN;74|77|78
27CA4DDC;2;GPH;GMAG;Young-Davidson;MAIN;74|75
27CA4DDC;3;GPH;MT;Young-Davidson;MAIN;78
2814182A;1;GPH;AMAG;Zone 1B;MAIN;23
2814182A;2;GPH;IP;Zone 1B;MAIN;33|57
2814182A;3;GPH;GMAG;Zone 1B;MAIN;57
2814182A;4;GPH;EM;Zone 1B;MAIN;57
282061E6;2;GPH;EM;PL Deposit;MAIN;91
282061E6;3;GPH;AMAG;PL Deposit;MAIN;91
283C2E94;1;GPH;VLF;Easy Junior;MAIN;40
283C2E94;2;GPH;IP;Easy Junior;MAIN;40
283C2E94;3;GPH;GMAG;Easy Junior;MAIN;42
283C2E94;4;GPH;GRV;Easy Junior;MAIN;42
283C2E94;5;GPH;SES;Easy Junior;MAIN;41
2870D6A5;1;GPH;UNS;Wasamac;MAIN;21
28865668;1;GPH;GMAG;New Alger Mine;MAIN;13
28865668;2;GPH;IP;New Alger Mine;MAIN;13
285E1E79;1;GPH;AMAG;F2 Gold System;MAIN;43
285E1E79;2;GPH;GMAG;F2 Gold System;MAIN;43
285E1E79;4;GPH;RES;F2 Gold System;MAIN;48
285E1E79;5;GPH;IP;F2 Gold System;MAIN;48
285E1E79;6;GPH;MT;F2 Gold System;MAIN;48
28D0ECAF;1;GPH;SWIR;Granada;MAIN;61
28E283FF;1;GPH;AMAG;Grey Fox;MAIN;39|45|46
28EAFB9C;1;GPH;GMAG;Cape Spencer;MAIN;65
28EAFB9C;2;GPH;VLF;Cape Spencer;MAIN;65
28EAFB9C;3;GPH;AMAG;Cape Spencer;MAIN;80
28F0A9C8;1;GPH;MT;North Stock;MAIN;64
28F0A9C8;2;GPH;IP;North Stock;MAIN;64
28F0A9C8;3;GPH;GRV;North Stock;MAIN;65
28F0A9C8;4;GPH;GMAG;North Stock;MAIN;65
28F0A9C8;5;GPH;RAD;North Stock;MAIN;65|74
28F0A9C8;8;GPH;AMAG;North Stock;MAIN;74
28F91901;1;GPH;IP;Bombore Gold Project;MAIN;104
28F91901;3;GPH;RES;Bombore Gold Project;MAIN;105|106|107
28F91901;4;GPH;AMAG;Bombore Gold Project;MAIN;106|107
28F91901;5;GPH;RAD;Bombore Gold Project;MAIN;106|107
294CBDBB;3;GPH;GMAG;Cipoeiro;MAIN;42
294CBDBB;4;GPH;AMAG;Cipoeiro;MAIN;42
294CBDBB;5;GPH;RAD;Cipoeiro;MAIN;42
294CBDBB;6;GPH;EM;Cipoeiro;MAIN;42
29C641EC;1;GPH;GMAG;HMC Placer Claims;MAIN;30
29C641EC;2;GPH;UNS;HMC Placer Claims;MAIN;30
2A176A30;1;GPH;UNS;Sugar Zone;MAIN;13
29E2F3C6;1;GPH;RES;BGP gold deposit;MAIN;51
2A2FB122;1;GPH;AMAG;Wona-Kona;MAIN;32
2A2FB122;2;GPH;EM;Wona-Kona;MAIN;32
2A2FB122;3;GPH;RAD;Wona-Kona;MAIN;32
2A228DAA;1;GPH;AMAG;Oko West;MAIN;71
2A228DAA;2;GPH;RAD;Oko West;MAIN;71
2A62A33F;2;GPH;AMAG;Kiniero;MAIN;78|107|108
2A62A33F;8;GPH;RES;Kiniero;MAIN;108|110
2A8F8F9C;1;GPH;GMAG;Monique;MAIN;81
2A8F8F9C;2;GPH;IP;Monique;MAIN;81|82
2A763673;1;GPH;AMAG;Magdala;MAIN;87
2A763673;2;GPH;GRV;Magdala;MAIN;87|88|89
2A763673;3;GPH;MT;Magdala;MAIN;88|89
2A763673;4;GPH;EM;Magdala;MAIN;88|89
2A763673;5;GPH;IP;Magdala;MAIN;88
2A90BFB0;1;GPH;UNS;Kittila deposit;MAIN;65
2A90BFB0;2;GPH;SES;Kittila deposit;MAIN;66
2A90BFB0;3;GPH;GMAG;Kittila deposit;MAIN;67
2A90BFB0;4;GPH;EM;Kittila deposit;MAIN;67
2A90BFB0;5;GPH;IP;Kittila deposit;MAIN;67
2AC29752;1;GPH;AMAG;Castelo de Sonhos;MAIN;48|51
2AC29752;2;GPH;RAD;Castelo de Sonhos;MAIN;48|51
2AC29752;7;GPH;RES;Castelo de Sonhos;MAIN;51
2AC29752;8;GPH;SES;Castelo de Sonhos;MAIN;51
2AC29752;9;GPH;GMAG;Castelo de Sonhos;MAIN;51
2AADF6FE;3;GPH;AMAG;Upper Antino;MAIN;63
2AADF6FE;4;GPH;RAD;Upper Antino;MAIN;63
2B92CA7E;1;GPH;AMAG;Huronian Zone;MAIN;63|66
2B95FE2E;1;GPH;AMAG;Chevrier;MAIN;37
2B95FE2E;2;GPH;EM;Chevrier;MAIN;37
2B95FE2E;3;GPH;IP;Chevrier;MAIN;39
2BB40988;1;GPH;AMAG;Nicholas Main Zone;MAIN;23
2C16173B;1;GPH;AMAG;Antenna;MAIN;84
2C16173B;2;GPH;RAD;Antenna;MAIN;84
2C2FE588;1;GPH;AMAG;Gladiator;MAIN;63
2BF34292;2;GPH;UNS;Granada;MAIN;36
2C17B3D5;1;GPH;GMAG;Uzboy;MAIN;44
2C17B3D5;2;GPH;UNS;Uzboy;MAIN;25
2C73DB73;1;GPH;VLF;55 Zone;MAIN;52|54
2C73DB73;2;GPH;AMAG;55 Zone;MAIN;52|54
2C73DB73;3;GPH;RAD;55 Zone;MAIN;52|54
2C73DB73;4;GPH;IP;55 Zone;MAIN;52|55
2C73DB73;5;GPH;GMAG;55 Zone;MAIN;52|55
2C63C9AC;1;GPH;GMAG;Haile;MAIN;49
2C63C9AC;2;GPH;IP;Haile;MAIN;49
2C63C9AC;3;GPH;EM;Haile;MAIN;49
2C7D7C7E;1;GPH;VLF;55 Zone;MAIN;52|54
2C7D7C7E;2;GPH;AMAG;55 Zone;MAIN;54|56
2C7D7C7E;3;GPH;RAD;55 Zone;MAIN;54|56
2C7D7C7E;4;GPH;IP;55 Zone;MAIN;54|56|57
2C7D7C7E;5;GPH;GMAG;55 Zone;MAIN;56
2C85BF9F;1;GPH;AMAG;Sewum;MAIN;49|53
2C85BF9F;2;GPH;RAD;Sewum;MAIN;49|51
2CCA1630;1;GPH;IP;Oro Brillante;MAIN;48
2CC1CE54;1;GPH;AMAG;Chimo Mine;MAIN;86
2D1F88BB;1;GPH;AMAG;Cajueiro;MAIN;73
2D1F88BB;2;GPH;RAD;Cajueiro;MAIN;73|76
2D6E23C2;1;GPH;AMAG;San Francisco;MAIN;66
2D6E23C2;2;GPH;RAD;San Francisco;MAIN;66
2D6E23C2;3;GPH;MT;San Francisco;MAIN;72
2D8C98CC;1;GPH;AMAG;Dorothy Main Zone;MAIN;41|43
2D8C98CC;2;GPH;EM;Dorothy Main Zone;MAIN;41|43
2D8C98CC;3;GPH;GMAG;Dorothy Main Zone;MAIN;43
2D8C98CC;4;GPH;VLF;Dorothy Main Zone;MAIN;43
2DE403FE;1;GPH;AMAG;Nyanzaga;MAIN;86|87
2DD158F8;1;GPH;EM;Box-Athona;MAIN;77
2DD158F8;2;GPH;RES;Box-Athona;MAIN;77
2DD158F8;3;GPH;AMAG;Box-Athona;MAIN;77
2DD158F8;4;GPH;RAD;Box-Athona;MAIN;75|77
2E48F352;1;GPH;AMAG;Tau;MAIN;45
2E48F352;2;GPH;RAD;Tau;MAIN;45
2E48F352;4;GPH;EM;Tau;MAIN;50
2ED1333E;1;GPH;AMAG;True North;MAIN;75
2F27DD2C;1;GPH;EM;Cosmo Mine;MAIN;210|212
2F27DD2C;2;GPH;AMAG;Cosmo Mine;MAIN;164|212
2F27DD2C;3;GPH;RAD;Cosmo Mine;MAIN;213
2FC7E142;1;GPH;EM;Massawa;MAIN;136
2FC7E142;2;GPH;RAD;Massawa;MAIN;136
2FC7E142;3;GPH;AMAG;Massawa;MAIN;136
2FC7E142;4;GPH;IP;Massawa;MAIN;136
2FD5202A;1;GPH;GRV;Grassy Mountain;MAIN;43
2FD5202A;2;GPH;AMAG;Grassy Mountain;MAIN;43
2FD5202A;3;GPH;RAD;Grassy Mountain;MAIN;43
2FD5202A;4;GPH;IP;Grassy Mountain;MAIN;43
2FD5202A;5;GPH;GMAG;Grassy Mountain;MAIN;43
2FE561F3;1;GPH;SES;Callie;MAIN;81
2FE561F3;2;GPH;GRV;Callie;MAIN;81
2FE561F3;3;GPH;AMAG;Callie;MAIN;82
2FE561F3;4;GPH;RAD;Callie;MAIN;82
300BD65E;2;GPH;GMAG;Dufferin;MAIN;69|72
300BD65E;3;GPH;VLF;Dufferin;MAIN;72
300BD65E;4;GPH;IP;Dufferin;MAIN;72
300BD65E;5;GPH;AMAG;Dufferin;MAIN;72
3055A584;1;GPH;AMAG;Fortnum Wedge;MAIN;72
3055A584;2;GPH;GRV;Fortnum Wedge;MAIN;72
30764FDD;2;GPH;AMAG;True North;MAIN;76
307C60FF;1;GPH;GMAG;Munro Project;MAIN;42
308915A6;1;GPH;GMAG;Fayolle;MAIN;57
308915A6;2;GPH;IP;Fayolle;MAIN;57
3091DA28;1;GPH;GMAG;Corcoesto;MAIN;53
30C5FD5F;1;GPH;GMAG;Southern Cross North Project;MAIN;43
30C5FD5F;2;GPH;AMAG;Southern Cross North Project;MAIN;45
30C5FD5F;3;GPH;RAD;Southern Cross North Project;MAIN;45
30C14E1F;1;GPH;GRV;Buckreef;MAIN;29
30C14E1F;2;GPH;IP;Buckreef;MAIN;29
30C14E1F;3;GPH;AMAG;Buckreef;MAIN;29
30C14E1F;4;GPH;GMAG;Buckreef;MAIN;32
30D25F2D;1;GPH;AMAG;Lero-Karta;MAIN;30
30E2DB35;1;GPH;UNS;Florin;MAIN;32
30EFD2F3;1;GPH;IP;Kobada;MAIN;116
30EFD2F3;2;GPH;AMAG;Kobada;MAIN;116
315147D9;1;GPH;GMAG;Triangle Zone;MAIN;108|112|119
315147D9;2;GPH;IP;Triangle Zone;MAIN;119
315147D9;3;GPH;EM;Triangle Zone;MAIN;119
314BDAAB;1;GPH;UNS;Goldboro Deposit;MAIN;13
314BDAAB;2;GPH;VLF;Goldboro Deposit;MAIN;13
314BDAAB;3;GPH;IP;Goldboro Deposit;MAIN;13
311C247E;1;GPH;UNS;Greenstone Mine;MAIN;100
318D10F5;1;GPH;UNS;Chimo Mine Deposit;MAIN;108
3221B416;1;GPH;IP;EMZ;MAIN;46
3221B416;4;GPH;AMAG;EMZ;MAIN;44
32698830;1;GPH;AMAG;Three Bluffs;MAIN;43
32698830;2;GPH;EM;Three Bluffs;MAIN;43
32698830;3;GPH;IP;Three Bluffs;MAIN;48
32698830;4;GPH;GMAG;Three Bluffs;MAIN;51
322585EE;1;GPH;AMAG;Wharf Operation;MAIN;75
322585EE;2;GPH;EM;Wharf Operation;MAIN;75
322585EE;3;GPH;RAD;Wharf Operation;MAIN;75
329566C5;1;GPH;UNS;Yellowjacket Gold Zone;MAIN;40|49
32DA3B1C;1;GPH;AMAG;Maligreen;MAIN;53
32DA3B1C;2;GPH;GMAG;Maligreen;MAIN;53
32DA3B1C;3;GPH;EM;Maligreen;MAIN;53|54
32DA3B1C;4;GPH;IP;Maligreen;MAIN;53|54
340A0A9C;1;GPH;AMAG;Main Zone (South Wood Lake Zone);MAIN;12
340A0A9C;2;GPH;EM;Main Zone (South Wood Lake Zone);MAIN;12
340A0A9C;3;GPH;IP;Main Zone (South Wood Lake Zone);MAIN;12
340A0A9C;4;GPH;RES;Main Zone (South Wood Lake Zone);MAIN;12
340A0A9C;5;GPH;GMAG;Main Zone (South Wood Lake Zone);MAIN;12
33C33FF7;1;GPH;AMAG;Saramacca;MAIN;71
33C33FF7;2;GPH;RAD;Saramacca;MAIN;71
33C33FF7;3;GPH;IP;Saramacca;MAIN;71|73
34119D76;1;GPH;AMAG;West Branch;MAIN;60
34119D76;2;GPH;RAD;West Branch;MAIN;60
34119D76;3;GPH;EM;West Branch;MAIN;60
34119D76;4;GPH;GRV;West Branch;MAIN;60
34119D76;5;GPH;IP;West Branch;MAIN;60
3473A14D;1;GPH;AMAG;Pine Cove;MAIN;90
3473A14D;2;GPH;EM;Pine Cove;MAIN;90
3473A14D;3;GPH;GMAG;Pine Cove;MAIN;90|91
3473A14D;4;GPH;IP;Pine Cove;MAIN;91|93
3473A14D;5;GPH;VLF;Pine Cove;MAIN;91
346313EF;1;GPH;AMAG;F2 Gold System;MAIN;51
346313EF;2;GPH;GMAG;F2 Gold System;MAIN;51
346313EF;3;GPH;SES;F2 Gold System;MAIN;51
346313EF;4;GPH;IP;F2 Gold System;MAIN;51
347302C7;1;GPH;GMAG;Lamaque Mine;MAIN;53
34D00683;1;GPH;UNS;Piment Zone;MAIN;35|36
34A885E5;1;GPH;AMAG;Croinor;MAIN;77
34A885E5;2;GPH;IP;Croinor;MAIN;77
353CDC8B;1;GPH;SWIR;Granada;MAIN;60
34F19419;1;GPH;AMAG;Discovery Zone;MAIN;91
34F19419;2;GPH;EM;Discovery Zone;MAIN;91
354F4AB3;1;GPH;IP;Ouest Balan;MAIN;43|45
354F4AB3;2;GPH;AMAG;Ouest Balan;MAIN;44
354F4AB3;3;GPH;GMAG;Ouest Balan;MAIN;43
359BBE7E;1;GPH;AMAG;Swanson deposit;MAIN;87
359BBE7E;2;GPH;VLF;Swanson deposit;MAIN;87
359BBE7E;3;GPH;IP;Swanson deposit;MAIN;88
35C5507F;1;GPH;AMAG;Apensu;MAIN;90
35C5507F;2;GPH;RAD;Apensu;MAIN;90
35C5507F;3;GPH;IP;Apensu;MAIN;90
35C5507F;4;GPH;VLF;Apensu;MAIN;90
35C5507F;5;GPH;GMAG;Apensu;MAIN;90|92
35C5507F;6;GPH;EM;Apensu;MAIN;90|92
35C5507F;7;GPH;GRV;Apensu;MAIN;90|92
35CA7341;1;GPH;AMAG;Otter Creek / Godkin Pit;MAIN;16
35CA7341;2;GPH;EM;Otter Creek / Godkin Pit;MAIN;16
35D1D06F;1;GPH;AMAG;Detour Lake Mine;MAIN;53
35D1D06F;2;GPH;IP;Detour Lake Mine;MAIN;67
35DF18D6;1;GPH;AMAG;Piaba;MAIN;85
35DF18D6;2;GPH;RAD;Piaba;MAIN;85
35DF18D6;3;GPH;GMAG;Piaba;MAIN;85
35DF18D6;4;GPH;RES;Piaba;MAIN;87
35F4BD47;1;GPH;IP;Bomboré;MAIN;42|50
35F4BD47;2;GPH;UNS;Bomboré;MAIN;42
36984740;1;GPH;AMAG;Turmalina;MAIN;51
36984740;2;GPH;RAD;Turmalina;MAIN;51
36963686;1;GPH;GMAG;Triangle Zone;MAIN;52|56
3670F402;1;GPH;AMAG;Namdini;MAIN;64
3670F402;2;GPH;RAD;Namdini;MAIN;64
3670F402;3;GPH;GMAG;Namdini;MAIN;64
3670F402;4;GPH;IP;Namdini;MAIN;64
36F4D111;1;GPH;UNS;Posse;MAIN;32|35
36A9E451;1;GPH;AMAG;Wona-Kona;MAIN;58|61
36A9E451;2;GPH;EM;Wona-Kona;MAIN;58|61
36A9E451;3;GPH;IP;Wona-Kona;MAIN;58
36A9E451;4;GPH;RAD;Wona-Kona;MAIN;61
36AF8027;1;GPH;GMAG;Tamarack;MAIN;13|14
36A0B51D;1;GPH;AMAG;Magambazi;MAIN;58|62
36A0B51D;4;GPH;RAD;Magambazi;MAIN;62
3708266F;1;GPH;AMAG;Wenot;MAIN;87
3708266F;2;GPH;VLF;Wenot;MAIN;87
3708266F;3;GPH;RAD;Wenot;MAIN;87
3746E4F1;1;GPH;SP;Big Pit;MAIN;34
3748A596;1;GPH;IP;Malikoundi/Boto 2;MAIN;68
3748A596;2;GPH;RAD;Malikoundi/Boto 2;MAIN;68
3748A596;3;GPH;VLF;Malikoundi/Boto 2;MAIN;68
3748A596;4;GPH;EM;Malikoundi/Boto 2;MAIN;68|69
3748A596;5;GPH;AMAG;Malikoundi/Boto 2;MAIN;68
3748A596;6;GPH;GMAG;Malikoundi/Boto 2;MAIN;68
377E3A04;1;GPH;EM;Black Fox Mine;MAIN;148
377E3A04;2;GPH;AMAG;Black Fox Mine;MAIN;148
377E3A04;3;GPH;GRV;Black Fox Mine;MAIN;148
37D3B9CE;1;GPH;AMAG;Canadian Malartic deposit;MAIN;59
37D3B9CE;2;GPH;RAD;Canadian Malartic deposit;MAIN;59
37D3B9CE;3;GPH;EM;Canadian Malartic deposit;MAIN;59
3793CDFC;1;GPH;GRV;Fire Creek;MAIN;21
3793CDFC;2;GPH;IP;Fire Creek;MAIN;21
381F5C02;1;GPH;IP;Central Manitoba Zone;MAIN;32|33
381F5C02;2;GPH;GMAG;Central Manitoba Zone;MAIN;32
37E2AA01;1;GPH;IP;La Martinière;MAIN;47
37E2AA01;2;GPH;AMAG;La Martinière;MAIN;47
385AC5EA;1;GPH;AMAG;Mankarga 5;MAIN;45
385AC5EA;2;GPH;RAD;Mankarga 5;MAIN;45
38805D4D;1;GPH;IP;Quinn Lake;MAIN;13
38805D4D;2;GPH;EM;Quinn Lake;MAIN;13
38805D4D;3;GPH;AMAG;Quinn Lake;MAIN;13|15
385C01BC;1;GPH;SES;Alaska-Juneau tailings deposit;MAIN;46
38B9C7D6;1;GPH;AMAG;Rory's Knoll;MAIN;72
38B9C7D6;2;GPH;RAD;Rory's Knoll;MAIN;72
38B9C7D6;3;GPH;EM;Rory's Knoll;MAIN;72
38BF4231;1;GPH;GMAG;Discovery;MAIN;26
38D95CC8;1;GPH;GMAG;Magambazi;MAIN;31
38D95CC8;2;GPH;AMAG;Magambazi;MAIN;31
38D95CC8;3;GPH;RAD;Magambazi;MAIN;31
38E7868C;1;GPH;IP;Bombore;MAIN;85
38E7868C;3;GPH;RES;Bombore;MAIN;86
39E79654;1;GPH;AMAG;Côté Gold;MAIN;79
39FFEDD8;1;GPH;AMAG;Carolin Mine;MAIN;37
3A3F8692;1;GPH;EM;CAS (Central, Avan and Skiråsen);MAIN;65
3A3F8692;2;GPH;GRV;CAS (Central, Avan and Skiråsen);MAIN;65
3A3F8692;3;GPH;AMAG;CAS (Central, Avan and Skiråsen);MAIN;69
3A3F8692;4;GPH;GMAG;CAS (Central, Avan and Skiråsen);MAIN;69
3A3F8692;6;GPH;IP;CAS (Central, Avan and Skiråsen);MAIN;66
3A3F8692;7;GPH;MT;CAS (Central, Avan and Skiråsen);MAIN;66
3A3F8692;8;GPH;SWIR;CAS (Central, Avan and Skiråsen);MAIN;71
3AAEF04C;1;GPH;AMAG;Zone 1B;MAIN;19|31
3AAEF04C;2;GPH;IP;Zone 1B;MAIN;29|31
3AAEF04C;3;GPH;GMAG;Zone 1B;MAIN;29
3AAEF04C;4;GPH;EM;Zone 1B;MAIN;29
3AAEF04C;5;GPH;RAD;Zone 1B;MAIN;31
3B3D85B1;1;GPH;AMAG;São Sebastião;MAIN;31|32
3B3D85B1;2;GPH;RAD;São Sebastião;MAIN;31|32
3B3D85B1;3;GPH;IP;São Sebastião;MAIN;32
3B3D85B1;4;GPH;EM;São Sebastião;MAIN;32
3B3D85B1;5;GPH;GMAG;São Sebastião;MAIN;32
3B581E7D;1;GPH;AMAG;Nampala;MAIN;61|72
3B581E7D;2;GPH;GMAG;Nampala;MAIN;61|72
3B581E7D;3;GPH;IP;Nampala;MAIN;61|66|72
3B581E7D;4;GPH;EM;Nampala;MAIN;72
3B99FAA6;1;GPH;AMAG;Wenot;MAIN;115
3B99FAA6;2;GPH;VLF;Wenot;MAIN;115
3B99FAA6;3;GPH;RAD;Wenot;MAIN;115
3BB02B86;1;GPH;GMAG;Spanish Mountain;MAIN;19
3BB02B86;2;GPH;UNS;Spanish Mountain;MAIN;19|21|31
3BB02B86;3;GPH;IP;Spanish Mountain;MAIN;19
3BAA85BA;1;GPH;AMAG;Cariboo Gold Project;MAIN;87
3BAA85BA;2;GPH;EM;Cariboo Gold Project;MAIN;87
3BC14498;1;GPH;GMAG;Nkran;MAIN;89
3BC14498;2;GPH;IP;Nkran;MAIN;87|91
3BC14498;3;GPH;VLF;Nkran;MAIN;87|91
3BC14498;4;GPH;EM;Nkran;MAIN;87|92
3BC14498;5;GPH;AMAG;Nkran;MAIN;92
3C0CD8A7;1;GPH;AMAG;Wona-Kona;MAIN;36
3C0CD8A7;2;GPH;RAD;Wona-Kona;MAIN;36
3C0CD8A7;3;GPH;EM;Wona-Kona;MAIN;36
3C255A9C;1;GPH;GMAG;Spanish Mountain;MAIN;19
3C255A9C;2;GPH;UNS;Spanish Mountain;MAIN;19|21|31
3C255A9C;3;GPH;IP;Spanish Mountain;MAIN;19
3CAF48B5;1;GPH;UNS;Seabee;MAIN;31
3CA02F87;1;GPH;UNS;Haile;MAIN;30
3CA02F87;2;GPH;IP;Haile;MAIN;31
3CA02F87;3;GPH;GMAG;Haile;MAIN;31
3CA02F87;4;GPH;VLF;Haile;MAIN;31
3CA02F87;5;GPH;EM;Haile;MAIN;31
3CA02F87;6;GPH;AMAG;Haile;MAIN;31
3CA02F87;7;GPH;RAD;Haile;MAIN;31
3CF02A62;1;GPH;AMAG;Sorowar;MAIN;40|56
3CF02A62;2;GPH;RAD;Sorowar;MAIN;40|56
3CF02A62;3;GPH;IP;Sorowar;MAIN;40|57
3CF02A62;4;GPH;EM;Sorowar;MAIN;56|57|58
3CD72230;1;GPH;EM;Pinson;MAIN;68
3CD72230;2;GPH;AMAG;Pinson;MAIN;68
3CD72230;3;GPH;GMAG;Pinson;MAIN;68
3CD72230;4;GPH;GRV;Pinson;MAIN;68
3CD72230;5;GPH;MT;Pinson;MAIN;68
3CD72230;6;GPH;IP;Pinson;MAIN;68
3CB4917F;1;GPH;GMAG;Tower Gold Project;MAIN;162|163|164
3CB4917F;2;GPH;IP;Tower Gold Project;MAIN;162|163|164
3CB4917F;3;GPH;VLF;Tower Gold Project;MAIN;162|163
3CB4917F;5;GPH;UNS;Tower Gold Project;MAIN;164
3CF19190;1;GPH;IP;Pitt Gold;MAIN;44
3D1189B3;1;GPH;EM;Bell Creek;MAIN;52
3D1189B3;2;GPH;IP;Bell Creek;MAIN;52
3D1189B3;3;GPH;GMAG;Bell Creek;MAIN;57
3D49ABF8;1;GPH;AMAG;Marathon Deposit;MAIN;127|131
3D49ABF8;2;GPH;GMAG;Marathon Deposit;MAIN;127
3D49ABF8;3;GPH;SES;Marathon Deposit;MAIN;130
3D6CB99C;1;GPH;IP;Valentine Gold Camp;MAIN;54
3D6CB99C;2;GPH;GMAG;Valentine Gold Camp;MAIN;59
3D6CB99C;3;GPH;UNS;Valentine Gold Camp;MAIN;59
3D920261;1;GPH;AMAG;Noseno;MAIN;26|27
3DA469E7;1;GPH;UNS;Quinn Lake Property;MAIN;15
3DA469E7;2;GPH;IP;Quinn Lake Property;MAIN;15
3D7B3B36;2;GPH;GMAG;Nasedkino;MAIN;49|52
3D7B3B36;3;GPH;IP;Nasedkino;MAIN;49|53
3D7B3B36;4;GPH;AMAG;Nasedkino;MAIN;49|55
3D7B3B36;5;GPH;RAD;Nasedkino;MAIN;49|55
3E712733;1;GPH;UNS;Bullard Pass;MAIN;11
3E783295;1;GPH;IP;O'Brien Project;MAIN;70
3E8E4AE5;1;GPH;AMAG;Mooseland;MAIN;48
3E8E4AE5;2;GPH;VLF;Mooseland;MAIN;48|49
3E8E4AE5;3;GPH;IP;Mooseland;MAIN;49
3EC7D618;1;GPH;GRV;Imperial gold deposit;MAIN;12
3EB0D4FB;1;GPH;GMAG;Lamaque Mine;MAIN;46
3F28C976;1;GPH;VLF;Buffalo Reef;MAIN;21
3F2D988D;1;GPH;VLF;Goingoindougou;MAIN;38
3F2D988D;2;GPH;UNS;Goingoindougou;MAIN;38
3F2D988D;3;GPH;IP;Goingoindougou;MAIN;38
3F2EBD38;1;GPH;AMAG;Eleonore;MAIN;55
3F2EBD38;2;GPH;RAD;Eleonore;MAIN;55
3F2EBD38;3;GPH;IP;Eleonore;MAIN;55
3F82F406;1;GPH;AMAG;La Cruz;MAIN;26
3F82F406;2;GPH;RAD;La Cruz;MAIN;26
3F91D044;1;GPH;AMAG;ACMA-Lewis;MAIN;88|89
3F91D044;2;GPH;VLF;ACMA-Lewis;MAIN;88
3F91D044;3;GPH;GMAG;ACMA-Lewis;MAIN;88
3F91D044;4;GPH;EM;ACMA-Lewis;MAIN;89
3F91D044;5;GPH;IP;ACMA-Lewis;MAIN;89
3F91D044;7;GPH;SWIR;ACMA-Lewis;MAIN;85
3FAEB13F;2;GPH;GMAG;Garrcon Deposit;MAIN;52
3FAEB13F;3;GPH;VLF;Garrcon Deposit;MAIN;52
3FAEB13F;5;GPH;IP;Garrcon Deposit;MAIN;58|59
3FAEB13F;6;GPH;SWIR;Garrcon Deposit;MAIN;59
3FC03D4C;1;GPH;AMAG;Cyclopic;MAIN;92|94
3FC03D4C;2;GPH;RAD;Cyclopic;MAIN;94|97|99
3FBC5CEF;1;GPH;UNS;Swanson;MAIN;119
403E39A4;1;GPH;GMAG;Surluga Deposit;MAIN;162
403E39A4;2;GPH;IP;Surluga Deposit;MAIN;164
403E39A4;3;GPH;EM;Surluga Deposit;MAIN;166|176
403E39A4;4;GPH;AMAG;Surluga Deposit;MAIN;171
403E39A4;5;GPH;MT;Surluga Deposit;MAIN;174
403E39A4;7;GPH;GRV;Surluga Deposit;MAIN;178
403EAB29;1;GPH;AMAG;Golden Valley;MAIN;26|28
407CA08D;1;GPH;AMAG;Hangar Flats Deposit;MAIN;32
407CA08D;3;GPH;IP;Hangar Flats Deposit;MAIN;32
406E54D8;1;GPH;EM;Pinson;MAIN;66
406E54D8;2;GPH;AMAG;Pinson;MAIN;66
406E54D8;3;GPH;GMAG;Pinson;MAIN;66
406E54D8;4;GPH;GRV;Pinson;MAIN;66
406E54D8;5;GPH;MT;Pinson;MAIN;66
406E54D8;6;GPH;IP;Pinson;MAIN;66
4080CBE2;1;GPH;AMAG;Douay;MAIN;63
4080CBE2;2;GPH;IP;Douay;MAIN;63
408EE15F;1;GPH;GMAG;Sleepy Zone;MAIN;21
408EE15F;2;GPH;IP;Sleepy Zone;MAIN;21
408EE15F;3;GPH;EM;Sleepy Zone;MAIN;21
408EE15F;4;GPH;AMAG;Sleepy Zone;MAIN;30
4112CF24;1;GPH;GMAG;Parallel Vein Zone;MAIN;22|26
413F247E;1;GPH;IP;Gourbassi West;MAIN;106|138|141
41F2C053;1;GPH;RAD;Glenburgh;MAIN;36
42875527;1;GPH;AMAG;Twin Hills;MAIN;65
42875527;2;GPH;GMAG;Twin Hills;MAIN;66
42875527;3;GPH;IP;Twin Hills;MAIN;66
4289B025;1;GPH;AMAG;ACMA-Lewis;MAIN;105
4289B025;2;GPH;EM;ACMA-Lewis;MAIN;105
4289B025;3;GPH;RES;ACMA-Lewis;MAIN;105
4289B025;4;GPH;IP;ACMA-Lewis;MAIN;105
42C56158;1;GPH;GMAG;San Francisco deposit;MAIN;77
42C56158;2;GPH;AMAG;San Francisco deposit;MAIN;84|85
42C56158;3;GPH;RAD;San Francisco deposit;MAIN;84|85
42C56158;4;GPH;MT;San Francisco deposit;MAIN;84|85|86
42D01EF0;1;GPH;IP;F2 Zone;MAIN;53
42D01EF0;2;GPH;RES;F2 Zone;MAIN;53
42D01EF0;3;GPH;MT;F2 Zone;MAIN;53
42D01EF0;4;GPH;GMAG;F2 Zone;MAIN;48
42D01EF0;5;GPH;AMAG;F2 Zone;MAIN;48
42D01EF0;6;GPH;SES;F2 Zone;MAIN;48
438D7AD7;1;GPH;AMAG;Twangiza Main;MAIN;33|34
438D7AD7;2;GPH;RAD;Twangiza Main;MAIN;34
433F4FB3;1;GPH;EM;Butte Highlands;MAIN;52
433F4FB3;2;GPH;RES;Butte Highlands;MAIN;52
433F4FB3;3;GPH;AMAG;Butte Highlands;MAIN;52
433F4FB3;4;GPH;VLF;Butte Highlands;MAIN;52
433F4FB3;5;GPH;RAD;Butte Highlands;MAIN;52
433F4FB3;6;GPH;GMAG;Butte Highlands;MAIN;52
39B14617;1;GPH;IP;Kearney and Joshua vein systems;MAIN;69
39B14617;2;GPH;GMAG;Kearney and Joshua vein systems;MAIN;70
39B14617;3;GPH;EM;Kearney and Joshua vein systems;MAIN;70
39B14617;4;GPH;AMAG;Kearney and Joshua vein systems;MAIN;70
44671CF4;1;GPH;GMAG;West Zone;MAIN;36|37
44671CF4;2;GPH;VLF;West Zone;MAIN;36|37
44671CF4;3;GPH;IP;West Zone;MAIN;36|37|38
44464205;1;GPH;AMAG;New Liberty;MAIN;67
44464205;2;GPH;RAD;New Liberty;MAIN;67
44464205;3;GPH;GMAG;New Liberty;MAIN;72
44464205;4;GPH;IP;New Liberty;MAIN;72
44645AE1;1;GPH;AMAG;F2;MAIN;49|50
44645AE1;3;GPH;IP;F2;MAIN;49|50
44645AE1;4;GPH;MT;F2;MAIN;49
449D2B76;1;GPH;AMAG;Duquesne West;MAIN;70|71
44B84233;1;GPH;AMAG;Wenot;MAIN;110
44B84233;2;GPH;VLF;Wenot;MAIN;110
44B84233;3;GPH;RAD;Wenot;MAIN;110
462243E7;1;GPH;GMAG;Sigma-Lamaque;MAIN;110|119|120
46829863;1;GPH;GRV;Kabaya;MAIN;38|39|40
467154B4;1;GPH;AMAG;Fayolle deposit;MAIN;42
467154B4;2;GPH;EM;Fayolle deposit;MAIN;42
46AA2282;1;GPH;GMAG;Kobada;MAIN;28
46AA2282;2;GPH;IP;Kobada;MAIN;28
46AA2282;3;GPH;AMAG;Kobada;MAIN;31
46AA2282;4;GPH;RAD;Kobada;MAIN;31
472E4DAE;1;GPH;GMAG;Napoleon;MAIN;48
472E4DAE;2;GPH;VLF;Napoleon;MAIN;48
472E4DAE;5;GPH;AMAG;Napoleon;MAIN;48|54
4803D5C0;1;GPH;AMAG;ACMA-Lewis;MAIN;51
486DB1EF;1;GPH;AMAG;Penman Vein;MAIN;15
486A1A8B;1;GPH;AMAG;Money Knob;MAIN;16
486A1A8B;2;GPH;VLF;Money Knob;MAIN;16
486A1A8B;3;GPH;EM;Money Knob;MAIN;16
486A1A8B;4;GPH;MT;Money Knob;MAIN;16
48727141;1;GPH;AMAG;West End Deposit;MAIN;37
48765079;2;GPH;UNS;Savkino;MAIN;33
48765079;3;GPH;AMAG;Savkino;MAIN;35
48765079;4;GPH;RAD;Savkino;MAIN;35
48765079;5;GPH;GRV;Savkino;MAIN;35
48765079;6;GPH;GMAG;Savkino;MAIN;34|35
48765079;7;GPH;IP;Savkino;MAIN;34|37
48765079;8;GPH;RES;Savkino;MAIN;39
489DD9BE;1;GPH;GMAG;Tiriganiaq;MAIN;43
49F3D6C3;1;GPH;UNS;Anumso;MAIN;34
48C76AE7;1;GPH;IP;Upper Canada;MAIN;40
491496E5;1;GPH;GMAG;Bayan Khundii;MAIN;57
491496E5;2;GPH;IP;Bayan Khundii;MAIN;59
49A5620F;1;GPH;GMAG;Surluga;MAIN;72|78
49A5620F;2;GPH;IP;Surluga;MAIN;75
49A5620F;4;GPH;EM;Surluga;MAIN;81
49A5620F;5;GPH;AMAG;Surluga;MAIN;86
49F938DE;1;GPH;UNS;Beatons Creek;MAIN;53
4A0070E3;1;GPH;UNS;Seabee;MAIN;31
4A5902D2;1;GPH;AMAG;Ndablama;MAIN;42
4A5902D2;2;GPH;RAD;Ndablama;MAIN;42
4A5902D2;5;GPH;IP;Ndablama;MAIN;44
4A5902D2;6;GPH;GMAG;Ndablama;MAIN;44
4AA854DA;1;GPH;UNS;Tabakoto;MAIN;55
4ACFEB12;1;GPH;AMAG;Bigar Hill;MAIN;36
4ADA2DD3;1;GPH;GMAG;DAC Deposit;MAIN;58|63
4ADA2DD3;2;GPH;AMAG;DAC Deposit;MAIN;60
4ADC15B3;2;GPH;GMAG;Sam Otto;MAIN;77
4ADC15B3;3;GPH;AMAG;Sam Otto;MAIN;100
4ADC15B3;4;GPH;RAD;Sam Otto;MAIN;101
4ADC15B3;5;GPH;EM;Sam Otto;MAIN;102
4B2AC66A;1;GPH;AMAG;João Neves;MAIN;27|28
4B2AC66A;2;GPH;SWIR;João Neves;MAIN;37
4BD59709;1;GPH;AMAG;Leahy Property;MAIN;9
4BD59709;2;GPH;EM;Leahy Property;MAIN;9
4BD59709;3;GPH;VLF;Leahy Property;MAIN;9
4BD59709;4;GPH;GMAG;Leahy Property;MAIN;9
4BD59709;5;GPH;IP;Leahy Property;MAIN;9
4BB2238D;1;GPH;IP;Taurus;MAIN;64
4B551F33;1;GPH;AMAG;Tiba;MAIN;37|49
4B551F33;2;GPH;GMAG;Tiba;MAIN;49|50
4B551F33;3;GPH;IP;Tiba;MAIN;49|50
4B551F33;4;GPH;RES;Tiba;MAIN;51
4B551F33;5;GPH;UNS;Tiba;MAIN;49|51
4BAAA14A;1;GPH;AMAG;Boin Zone;MAIN;54|55
4BAAA14A;2;GPH;RAD;Boin Zone;MAIN;52|55
4C02412F;1;GPH;AMAG;Gladiator Gold Deposit;MAIN;76
4C02412F;4;GPH;GRV;Gladiator Gold Deposit;MAIN;97
4C9F1D58;1;GPH;AMAG;New Liberty;MAIN;43
4C9F1D58;2;GPH;RAD;New Liberty;MAIN;43
4C9F1D58;3;GPH;GMAG;New Liberty;MAIN;47
4C9F1D58;4;GPH;IP;New Liberty;MAIN;47
4C03F531;1;GPH;GMAG;Chirano;MAIN;59
4C03F531;2;GPH;IP;Chirano;MAIN;59|63
4C03F531;3;GPH;GRV;Chirano;MAIN;64
4C03F531;4;GPH;AMAG;Chirano;MAIN;64
4C03F531;5;GPH;RAD;Chirano;MAIN;64
4D371C61;1;GPH;GMAG;Buckreef;MAIN;55|56
4D371C61;2;GPH;GRV;Buckreef;MAIN;55|60
4D371C61;3;GPH;IP;Buckreef;MAIN;55|60
4D37D7F2;1;GPH;AMAG;Canadian Malartic deposit;MAIN;39
4D37D7F2;2;GPH;RAD;Canadian Malartic deposit;MAIN;39
4D37D7F2;3;GPH;EM;Canadian Malartic deposit;MAIN;39
4DA69315;1;GPH;GMAG;Tocantinzinho;MAIN;40|42
4DA69315;2;GPH;AMAG;Tocantinzinho;MAIN;42
4DA69315;3;GPH;RAD;Tocantinzinho;MAIN;42
4DA69315;4;GPH;IP;Tocantinzinho;MAIN;40|42
4DE69D51;1;GPH;EM;Lacoma;MAIN;29|31
4DE69D51;2;GPH;AMAG;Lacoma;MAIN;29|31
4DE69D51;3;GPH;IP;Lacoma;MAIN;35|37
4E90FB64;1;GPH;AMAG;Pine Tree-Josephine;MAIN;40
4E90FB64;2;GPH;RAD;Pine Tree-Josephine;MAIN;40
4EDAE032;1;GPH;GMAG;Tamakay;MAIN;37
4EDAE032;2;GPH;IP;Tamakay;MAIN;37
4F2F493A;1;GPH;IP;Buracão;MAIN;28
4F4DFAF5;1;GPH;IP;FT deposit;MAIN;29
4F60D5E9;1;GPH;UNS;Posse Deposit;MAIN;22
4F6C8837;1;GPH;AMAG;Ndablama;MAIN;48
4F6C8837;2;GPH;RAD;Ndablama;MAIN;48
4F6C8837;3;GPH;IP;Ndablama;MAIN;50
4F7A95D2;2;GPH;AMAG;Segilola;MAIN;49
4FBFD962;1;GPH;UNS;Fazenda Brasileiro Mine;MAIN;50
4FC0C955;1;GPH;UNS;C1;MAIN;79
4FDA705C;1;GPH;UNS;Increible 6;MAIN;24
4FF8E18B;1;GPH;GMAG;Hosco;MAIN;101
4FF8E18B;2;GPH;EM;Hosco;MAIN;101|102
4FF8E18B;3;GPH;IP;Hosco;MAIN;102
50BB75A6;2;GPH;AMAG;Sunace;MAIN;53
50C75552;1;GPH;GMAG;Segilola;MAIN;74
50C75552;2;GPH;RAD;Segilola;MAIN;75|76
50C75552;3;GPH;AMAG;Segilola;MAIN;76
50F7D718;1;GPH;UNS;SREP;MAIN;45
50E3E689;3;GPH;AMAG;Three Bluffs;MAIN;66
50E3E689;4;GPH;EM;Three Bluffs;MAIN;66
50E3E689;5;GPH;GMAG;Three Bluffs;MAIN;67
510C8A7F;1;GPH;GMAG;Stadacona-Est;MAIN;32
510C8A7F;2;GPH;IP;Stadacona-Est;MAIN;32
5134DB4C;1;GPH;AMAG;Marathon;MAIN;102|105|109
5134DB4C;2;GPH;GMAG;Marathon;MAIN;105|111
5134DB4C;3;GPH;SES;Marathon;MAIN;102|112
5146BBA0;1;GPH;AMAG;Youga Gold Deposits;MAIN;41
5146BBA0;2;GPH;RAD;Youga Gold Deposits;MAIN;41
5146BBA0;3;GPH;IP;Youga Gold Deposits;MAIN;41
5199CD81;1;GPH;AMAG;Alpha;MAIN;23
51886858;1;GPH;AMAG;Assafou;MAIN;131|134
51886858;2;GPH;RAD;Assafou;MAIN;131
51886858;3;GPH;GMAG;Assafou;MAIN;131|132
51886858;4;GPH;GRV;Assafou;MAIN;131|132
51886858;5;GPH;MT;Assafou;MAIN;131|133
51886858;6;GPH;IP;Assafou;MAIN;131|132|133
519E09AE;1;GPH;AMAG;AccelRate Property;MAIN;32|46
519E09AE;2;GPH;RAD;AccelRate Property;MAIN;32|46
51A64678;1;GPH;AMAG;Tuzon;MAIN;98
51BE8C2A;1;GPH;AMAG;Brewery Creek;MAIN;74
51EC133C;1;GPH;IP;Malikoundi;MAIN;59
51EC133C;2;GPH;RAD;Malikoundi;MAIN;59
51EC133C;3;GPH;VLF;Malikoundi;MAIN;59
51EC133C;4;GPH;AMAG;Malikoundi;MAIN;59
51EC133C;5;GPH;GMAG;Malikoundi;MAIN;59
51EC133C;6;GPH;EM;Malikoundi;MAIN;60
520226E2;1;GPH;GMAG;Lamaque Mine;MAIN;46
52337385;1;GPH;VLF;Duquesne Mine;MAIN;52
52337385;2;GPH;GMAG;Duquesne Mine;MAIN;52
52337385;3;GPH;AMAG;Duquesne Mine;MAIN;53
52337385;4;GPH;EM;Duquesne Mine;MAIN;53
52AE5621;1;GPH;AMAG;Marban;MAIN;70
52AE5621;2;GPH;IP;Marban;MAIN;70
52EDBF27;1;GPH;AMAG;Douay West;MAIN;42|43
52EDBF27;2;GPH;EM;Douay West;MAIN;42
52EDBF27;3;GPH;IP;Douay West;MAIN;42|43
52EDBF27;4;GPH;GMAG;Douay West;MAIN;42
52FE227C;1;GPH;EM;Butarni;MAIN;20|21|25
52FE227C;2;GPH;IP;Butarni;MAIN;22|23|25
52FE227C;3;GPH;GMAG;Butarni;MAIN;18|24
534C99A3;1;GPH;AMAG;Agbaou;MAIN;35
534C99A3;2;GPH;RAD;Agbaou;MAIN;35
534C99A3;3;GPH;GMAG;Agbaou;MAIN;36
534C99A3;4;GPH;IP;Agbaou;MAIN;36
53CBD8B4;1;GPH;SES;Macraes;MAIN;62
53CBD8B4;2;GPH;EM;Macraes;MAIN;62
53EEA937;1;GPH;UNS;Fazenda Brasileiro;MAIN;52
5349073B;2;GPH;AMAG;Kiniero Deposits;MAIN;80|111|114
5349073B;9;GPH;RES;Kiniero Deposits;MAIN;114|117
5435D022;1;GPH;AMAG;Twangiza Main;MAIN;40|48|52
5435D022;6;GPH;RAD;Twangiza Main;MAIN;52
5578E4A8;1;GPH;AMAG;Rowan Vein System;MAIN;38
55784CBD;1;GPH;IP;Kimoukro;MAIN;51|103|104|105|108
55784CBD;4;GPH;GMAG;Kimoukro;MAIN;103|108
558671B0;1;GPH;AMAG;Marban;MAIN;103
558671B0;2;GPH;IP;Marban;MAIN;103
55A531DD;1;GPH;AMAG;Portageur;MAIN;10
55A531DD;2;GPH;IP;Portageur;MAIN;10
55A985E0;1;GPH;AMAG;Durba;MAIN;76
55F3C33D;1;GPH;EM;Jethro Structure gold resource;MAIN;11|15
55F3C33D;2;GPH;AMAG;Jethro Structure gold resource;MAIN;15
55F3C33D;3;GPH;RAD;Jethro Structure gold resource;MAIN;15
55D4B278;1;GPH;AMAG;Castelo de Sonhos;MAIN;72|75
55D4B278;2;GPH;RAD;Castelo de Sonhos;MAIN;72|75
55D4B278;6;GPH;WLOG;Castelo de Sonhos;MAIN;72|75
563EE2C4;1;GPH;AMAG;Frasergold Zone;MAIN;38
563EE2C4;2;GPH;EM;Frasergold Zone;MAIN;38
563EE2C4;3;GPH;RAD;Frasergold Zone;MAIN;38
560CDFD2;1;GPH;IP;Vickers;MAIN;59|91|92
560CDFD2;2;GPH;RES;Vickers;MAIN;59|91|92
560CDFD2;3;GPH;AMAG;Vickers;MAIN;88|90
56780E26;1;GPH;AMAG;Turmalina deposit;MAIN;63
56780E26;2;GPH;RAD;Turmalina deposit;MAIN;63
56D3BF0A;1;GPH;AMAG;Resurrection Ridge;MAIN;35
56D3BF0A;2;GPH;RAD;Resurrection Ridge;MAIN;35
56D3BF0A;3;GPH;GRV;Resurrection Ridge;MAIN;35
5656D941;1;GPH;UNS;Central Ashanti Gold Project;MAIN;42
56E89552;1;GPH;AMAG;Yaouré;MAIN;85|94
56E89552;2;GPH;RAD;Yaouré;MAIN;85|94
57430F77;1;GPH;IP;Haile;MAIN;41
57430F77;2;GPH;GMAG;Haile;MAIN;41
57430F77;3;GPH;RES;Haile;MAIN;41
57430F77;4;GPH;VLF;Haile;MAIN;42
57430F77;5;GPH;SP;Haile;MAIN;42
5794CE78;1;GPH;VLF;Samira Hill Mine;MAIN;37
5794CE78;2;GPH;EM;Samira Hill Mine;MAIN;37
5794CE78;3;GPH;IP;Samira Hill Mine;MAIN;25|37|38
5794CE78;4;GPH;AMAG;Samira Hill Mine;MAIN;37
5794CE78;5;GPH;RAD;Samira Hill Mine;MAIN;37
57B797C1;1;GPH;GMAG;Lone Star;MAIN;70
57B797C1;2;GPH;VLF;Lone Star;MAIN;70|75
57B797C1;3;GPH;IP;Lone Star;MAIN;72
57B797C1;4;GPH;AMAG;Lone Star;MAIN;75
57B797C1;5;GPH;RAD;Lone Star;MAIN;75
576924E6;1;GPH;EM;Obuasi;MAIN;45
576924E6;2;GPH;AMAG;Obuasi;MAIN;45
576924E6;3;GPH;RAD;Obuasi;MAIN;45
58447449;1;GPH;EM;KCD;MAIN;93
58447449;2;GPH;AMAG;KCD;MAIN;93
58447449;3;GPH;RAD;KCD;MAIN;93
5872B8D6;1;GPH;IP;Erickson Ridge;MAIN;40
59065AC5;1;GPH;GMAG;Discovery;MAIN;45|47
59065AC5;2;GPH;AMAG;Discovery;MAIN;47
59065AC5;3;GPH;VLF;Discovery;MAIN;47
59065AC5;4;GPH;EM;Discovery;MAIN;47
59065AC5;5;GPH;IP;Discovery;MAIN;45|47
5916094D;1;GPH;UNS;Hicks Prospect;MAIN;69
592F1DFA;1;GPH;AMAG;Turmalina Mine;MAIN;50
592F1DFA;2;GPH;RAD;Turmalina Mine;MAIN;50
596BC2FF;1;GPH;EM;Raven;MAIN;47
596BC2FF;2;GPH;AMAG;Raven;MAIN;47
596BC2FF;3;GPH;RAD;Raven;MAIN;47
596BC2FF;6;GPH;IP;Raven;MAIN;47
596BC2FF;7;GPH;GMAG;Raven;MAIN;47
596BC2FF;8;GPH;VLF;Raven;MAIN;47
596DB7FF;2;GPH;IP;Bomboré;MAIN;45|52
596DB7FF;3;GPH;AMAG;Bomboré;MAIN;45
59F73E9C;1;GPH;IP;Mooseland;MAIN;31
59F73E9C;2;GPH;AMAG;Mooseland;MAIN;32|33
59F73E9C;3;GPH;VLF;Mooseland;MAIN;33|34
5A28BCD8;1;GPH;AMAG;Hammerdown;MAIN;94
5A28BCD8;2;GPH;RAD;Hammerdown;MAIN;94
5A28BCD8;3;GPH;VLF;Hammerdown;MAIN;94
5A28BCD8;4;GPH;IP;Hammerdown;MAIN;97
5A28BCD8;6;GPH;EM;Hammerdown;MAIN;107|111|112
5A2ADB42;1;GPH;GMAG;Tasiast;MAIN;53
5A2ADB42;2;GPH;AMAG;Tasiast;MAIN;53
5A4E5E23;1;GPH;AMAG;San Francisco;MAIN;66
5AA06367;1;GPH;UNS;Beatons Creek;MAIN;63
5A88D39D;1;GPH;AMAG;San Francisco;MAIN;71
5AC8F516;1;GPH;GMAG;Tiriganiaq Deposit;MAIN;30|40
5B14239B;1;GPH;EM;Orfée East;MAIN;8
5B14239B;2;GPH;GMAG;Orfée East;MAIN;8
5B14239B;3;GPH;IP;Orfée East;MAIN;8
5BC24E80;1;GPH;AMAG;Wassa Mine;MAIN;60|61
5BC24E80;2;GPH;RAD;Wassa Mine;MAIN;60|61
5BC24E80;3;GPH;IP;Wassa Mine;MAIN;60
5BC24E80;4;GPH;EM;Wassa Mine;MAIN;61
5BC24E80;5;GPH;RES;Wassa Mine;MAIN;61
5B6BF67F;1;GPH;IP;Gabel Prospect;MAIN;13
5C2FAFC4;1;GPH;IP;Barry deposit;MAIN;65|69
5CB16A9D;1;GPH;SES;Glenfine Project;MAIN;36
5CB16A9D;2;GPH;GRV;Glenfine Project;MAIN;38
5C5725C5;1;GPH;GMAG;Tabakoto;MAIN;95
5C5725C5;2;GPH;EM;Tabakoto;MAIN;97
5C5725C5;3;GPH;AMAG;Tabakoto;MAIN;97
5CA2EE7C;1;GPH;EM;Kibi Project (Zones 1-3);MAIN;97
5CA2EE7C;2;GPH;RAD;Kibi Project (Zones 1-3);MAIN;97
5CA2EE7C;3;GPH;AMAG;Kibi Project (Zones 1-3);MAIN;97
5CA2EE7C;5;GPH;IP;Kibi Project (Zones 1-3);MAIN;90
5CA2EE7C;6;GPH;GMAG;Kibi Project (Zones 1-3);MAIN;90
5D12B24F;1;GPH;UNS;Mckenzie Break;MAIN;21|26
5D7E3610;1;GPH;IP;Vindaloo;MAIN;47|49
5D89B1BF;1;GPH;IP;Last Hope Deposit;MAIN;26
5E1AD8D5;1;GPH;GMAG;Wind Mountain;MAIN;47|49
5ED743CB;1;GPH;AMAG;PEN zone;MAIN;15|25
5ECCA30D;1;GPH;AMAG;Dolphin;MAIN;60|63
5ECCA30D;2;GPH;IP;Dolphin;MAIN;72
5EE3D8D5;1;GPH;UNS;Tonopah;MAIN;47
5EECCA5D;1;GPH;AMAG;Conrad;MAIN;55
5EECCA5D;2;GPH;EM;Conrad;MAIN;55
5EF5A67B;1;GPH;UNS;Curraghinalt;MAIN;91
5EF5A67B;2;GPH;IP;Curraghinalt;MAIN;91
5EF5A67B;3;GPH;GMAG;Curraghinalt;MAIN;91
5EF5A67B;4;GPH;VLF;Curraghinalt;MAIN;91
5EF5A67B;5;GPH;EM;Curraghinalt;MAIN;96
5EF5A67B;6;GPH;AMAG;Curraghinalt;MAIN;96
5F6DA05D;1;GPH;AMAG;Ushirombo Gold Corridor;MAIN;68
5F6DA05D;2;GPH;RAD;Ushirombo Gold Corridor;MAIN;68
5F6DA05D;3;GPH;GMAG;Ushirombo Gold Corridor;MAIN;68|70|71|72|73|74
5F6DA05D;4;GPH;IP;Ushirombo Gold Corridor;MAIN;77
5FB738E9;1;GPH;IP;Pistol Showing;MAIN;8
5FB738E9;2;GPH;GMAG;Pistol Showing;MAIN;8
5FEB5964;1;GPH;AMAG;Akyanga;MAIN;50
5FD37BC6;1;GPH;UNS;Frasergold;MAIN;45
618807F8;1;GPH;AMAG;Volta Grande;MAIN;82|83
618807F8;2;GPH;RAD;Volta Grande;MAIN;82|83
618807F8;3;GPH;IP;Volta Grande;MAIN;82
61D3056B;1;GPH;IP;Kekoro;MAIN;44
621D6369;1;GPH;SWIR;Granada;MAIN;70
625E0AE9;1;GPH;RAD;Boin Zone;MAIN;52
625E0AE9;2;GPH;AMAG;Boin Zone;MAIN;53
62343AA5;1;GPH;EM;Grey Fox;MAIN;120|122
62343AA5;3;GPH;IP;Grey Fox;MAIN;122
62343AA5;4;GPH;MT;Grey Fox;MAIN;122
6392CC6F;1;GPH;AMAG;Marban;MAIN;67
6392CC6F;2;GPH;IP;Marban;MAIN;67
6379C4D5;1;GPH;RAD;Hemlo deposit;MAIN;58
6379C4D5;2;GPH;VLF;Hemlo deposit;MAIN;58
6379C4D5;3;GPH;IP;Hemlo deposit;MAIN;58
63F95F9C;1;GPH;GRV;Long Canyon;MAIN;67
63F95F9C;2;GPH;IP;Long Canyon;MAIN;67
63CC23C1;1;GPH;UNS;Robertson;MAIN;95
63CC23C1;2;GPH;GRV;Robertson;MAIN;100
6401842D;1;GPH;AMAG;Segala-Ouest artisanal workings;MAIN;80
642C85B9;1;GPH;AMAG;New Britannia Mine;MAIN;90
642C85B9;2;GPH;IP;New Britannia Mine;MAIN;99
64EE5B85;1;GPH;IP;Duquesne-Ottoman Property;MAIN;38
64EE5B85;2;GPH;EM;Duquesne-Ottoman Property;MAIN;39
64EE5B85;3;GPH;AMAG;Duquesne-Ottoman Property;MAIN;39
64CFFC82;1;GPH;AMAG;Ängesneva;MAIN;70
6491D10E;1;GPH;AMAG;Geita Mine;MAIN;83|84|85
6491D10E;2;GPH;EM;Geita Mine;MAIN;84
6491D10E;3;GPH;RAD;Geita Mine;MAIN;85
6491D10E;4;GPH;MT;Geita Mine;MAIN;86
6491D10E;5;GPH;SES;Geita Mine;MAIN;87|88
65550427;1;GPH;UNS;Mankarga;MAIN;37
6602978C;1;GPH;VLF;Gold Rock;MAIN;45
6602978C;2;GPH;IP;Gold Rock;MAIN;45
6602978C;3;GPH;GMAG;Gold Rock;MAIN;47
6602978C;4;GPH;GRV;Gold Rock;MAIN;47
6602978C;5;GPH;SES;Gold Rock;MAIN;46
65F7031F;1;GPH;UNS;Sugar Zone;MAIN;14
666A8409;1;GPH;IP;Tabakoto;MAIN;82|107
666A8409;2;GPH;AMAG;Tabakoto;MAIN;107
666A8409;3;GPH;GMAG;Tabakoto;MAIN;107
6704FD5F;1;GPH;EM;Martinière;MAIN;29
6704FD5F;2;GPH;AMAG;Martinière;MAIN;29
6704FD5F;3;GPH;IP;Martinière;MAIN;32
666F9FD0;1;GPH;GMAG;Bayan Khundii;MAIN;43
666F9FD0;2;GPH;IP;Bayan Khundii;MAIN;45
666F9FD0;3;GPH;SWIR;Bayan Khundii;MAIN;35
6725EE59;1;GPH;GMAG;Surluga Deposit;MAIN;133
6725EE59;2;GPH;IP;Surluga Deposit;MAIN;135
6725EE59;3;GPH;EM;Surluga Deposit;MAIN;137|147
6725EE59;4;GPH;AMAG;Surluga Deposit;MAIN;142
6725EE59;5;GPH;MT;Surluga Deposit;MAIN;145
6739449C;1;GPH;AMAG;North Lake;MAIN;55|56
6739449C;2;GPH;EM;North Lake;MAIN;55|56
6739449C;3;GPH;GMAG;North Lake;MAIN;58
6739449C;4;GPH;VLF;North Lake;MAIN;58
676C4284;1;GPH;AMAG;Philibert Deposit;MAIN;52|53
6789ACA5;1;GPH;UNS;Golden Ridge Deposit;MAIN;41
6860032D;1;GPH;GMAG;Happy Valley Mine;MAIN;30|31
6860032D;2;GPH;IP;Happy Valley Mine;MAIN;30|32
678EEECF;1;GPH;AMAG;Black Fox;MAIN;64|65
678EEECF;2;GPH;EM;Black Fox;MAIN;64
678EEECF;3;GPH;IP;Black Fox;MAIN;64|65
688641CF;1;GPH;GMAG;Ironwood;MAIN;30|37
688641CF;2;GPH;EM;Ironwood;MAIN;30|36
688641CF;3;GPH;VLF;Ironwood;MAIN;36
688641CF;4;GPH;IP;Ironwood;MAIN;37
68A12C12;1;GPH;VLF;Eureka Project;MAIN;33
68A12C12;2;GPH;AMAG;Eureka Project;MAIN;33
68A12C12;3;GPH;EM;Eureka Project;MAIN;33
68C45217;1;GPH;GRV;Haile;MAIN;71
68C45217;2;GPH;AMAG;Haile;MAIN;71
68C45217;3;GPH;EM;Haile;MAIN;71
68C45217;4;GPH;IP;Haile;MAIN;71
68C45217;5;GPH;RES;Haile;MAIN;71
68C45217;6;GPH;SP;Haile;MAIN;71
695E073D;1;GPH;AMAG;Clarence Stream North;MAIN;46
69617396;1;GPH;GMAG;Hyde Lake;MAIN;9|20
69617396;2;GPH;IP;Hyde Lake;MAIN;9|20
69617396;3;GPH;AMAG;Hyde Lake;MAIN;10|13
69617396;4;GPH;VLF;Hyde Lake;MAIN;20
69617396;5;GPH;EM;Hyde Lake;MAIN;20
69655620;1;GPH;EM;Maud Creek deposit;MAIN;73
69655620;2;GPH;AMAG;Maud Creek deposit;MAIN;74
69655620;3;GPH;RAD;Maud Creek deposit;MAIN;74
696F7F76;1;GPH;GMAG;Ironwood;MAIN;30|37
696F7F76;2;GPH;EM;Ironwood;MAIN;36
696F7F76;3;GPH;VLF;Ironwood;MAIN;36
696F7F76;4;GPH;IP;Ironwood;MAIN;37
697812A5;1;GPH;AMAG;Norlartic and Kierens;MAIN;53
69F2C853;1;GPH;AMAG;Tonopah;MAIN;47
69F2C853;2;GPH;EM;Tonopah;MAIN;47
69F2C853;3;GPH;IP;Tonopah;MAIN;47
69F2C853;4;GPH;RAD;Tonopah;MAIN;47
69F2C853;5;GPH;MT;Tonopah;MAIN;47
69F2C853;6;GPH;SP;Tonopah;MAIN;47
69F2C853;7;GPH;GMAG;Tonopah;MAIN;47
69FA290E;1;GPH;GMAG;Elena;MAIN;49
69FA290E;2;GPH;IP;Elena;MAIN;49|50
6A06CDBD;1;GPH;EM;Sukari;MAIN;65
6A06CDBD;2;GPH;AMAG;Sukari;MAIN;65
6A06CDBD;3;GPH;RAD;Sukari;MAIN;65
6A4C8B30;1;GPH;IP;Mosquito Hill;MAIN;20|21
6A4C8B30;2;GPH;UNS;Mosquito Hill;MAIN;20
6A4C8B30;3;GPH;EM;Mosquito Hill;MAIN;21
6A4C8B30;4;GPH;AMAG;Mosquito Hill;MAIN;21
6A5AF28E;1;GPH;GRV;North Stock;MAIN;63
6A5AF28E;2;GPH;MT;North Stock;MAIN;63
6A5AF28E;3;GPH;IP;North Stock;MAIN;63
6A5AF28E;4;GPH;GMAG;North Stock;MAIN;64
6A5AF28E;5;GPH;RAD;North Stock;MAIN;64
6A5AF28E;6;GPH;AMAG;North Stock;MAIN;64
6A7BE8EF;1;GPH;IP;Jugan;MAIN;139
6A7BE8EF;2;GPH;EM;Jugan;MAIN;140
6A7BE8EF;3;GPH;AMAG;Jugan;MAIN;140
6A3F7761;1;GPH;AMAG;Kiniero Gold Project;MAIN;159|173|183
6A3F7761;2;GPH;RAD;Kiniero Gold Project;MAIN;183
6A3F7761;3;GPH;GMAG;Kiniero Gold Project;MAIN;159
6A3F7761;4;GPH;IP;Kiniero Gold Project;MAIN;159
6A3F7761;5;GPH;RES;Kiniero Gold Project;MAIN;177
6AA0DBC8;1;GPH;AMAG;Hardrock Project;MAIN;57
6B259C73;1;GPH;UNS;AK;MAIN;27
6B2169A6;1;GPH;AMAG;Madsen Deposit;MAIN;77|79
6B2169A6;2;GPH;SES;Madsen Deposit;MAIN;77|84
6B9D203D;1;GPH;GRV;Morro do Ouro;MAIN;49
6B9D203D;2;GPH;IP;Morro do Ouro;MAIN;49
6B821FE0;1;GPH;AMAG;Kiniero;MAIN;48
6B2FDE09;1;GPH;AMAG;Kiena Mine;MAIN;132
6BE8DF66;1;GPH;UNS;Dorado Oeste;MAIN;53
6BF5AC4B;1;GPH;IP;Black Fox;MAIN;56
6BF5AC4B;2;GPH;UNS;Black Fox;MAIN;56
6BF9922E;1;GPH;AMAG;Big Pit area;MAIN;46|50
6BF9922E;2;GPH;SP;Big Pit area;MAIN;50
6BFE3777;1;GPH;AMAG;Southern Corridor;MAIN;41
6BFE3777;2;GPH;GMAG;Southern Corridor;MAIN;41|42
6BFE3777;3;GPH;IP;Southern Corridor;MAIN;41|42|44
6BFE3777;4;GPH;EM;Southwest Zone;MAIN;41
6C5DCEB4;1;GPH;UNS;Beatons Creek;MAIN;50
6C6300AC;1;GPH;IP;Fenelon;MAIN;133
6C6300AC;2;GPH;AMAG;Fenelon;MAIN;134
6C747B95;1;GPH;AMAG;Doropo;MAIN;87
6C747B95;2;GPH;RAD;Doropo;MAIN;87
6C747B95;3;GPH;IP;Doropo;MAIN;92
6CBEAF45;1;GPH;VLF;M Zone;MAIN;43
6CBEAF45;2;GPH;GMAG;M Zone;MAIN;43
6CBEAF45;3;GPH;IP;M Zone;MAIN;42|43
6CBEAF45;4;GPH;EM;M Zone;MAIN;43
6C77E8AD;1;GPH;VLF;Lac Herbin;MAIN;28
6C77E8AD;2;GPH;GMAG;Lac Herbin;MAIN;28
6C77E8AD;3;GPH;IP;Lac Herbin;MAIN;28|29
6C77E8AD;4;GPH;SES;Lac Herbin;MAIN;28
6C77E8AD;5;GPH;AMAG;Lac Herbin;MAIN;28
6CD79FAF;1;GPH;AMAG;DAC Deposit;MAIN;59
6CD79FAF;2;GPH;GMAG;DAC Deposit;MAIN;57
6CE77E02;1;GPH;AMAG;North Lake;MAIN;55|56
6CE77E02;2;GPH;EM;North Lake;MAIN;55|56
6CE77E02;3;GPH;GMAG;North Lake;MAIN;58
6CE77E02;4;GPH;VLF;North Lake;MAIN;58
6D01CD34;1;GPH;AMAG;Timmins West Mine;MAIN;77
6D01CD34;2;GPH;IP;Timmins West Mine;MAIN;84
6D01CD34;3;GPH;GMAG;Timmins West Mine;MAIN;84
6D23B2FB;1;GPH;AMAG;Grey Fox;MAIN;39|45|46
6D869212;1;GPH;AMAG;Tully Gold Project;MAIN;13
6D869212;2;GPH;EM;Tully Gold Project;MAIN;14
6D8B600C;1;GPH;IP;Vindaloo;MAIN;101|104|118
6D8B600C;2;GPH;AMAG;Vindaloo;MAIN;86|91
6D96F4DE;1;GPH;AMAG;Paddy's Flat;MAIN;86
6DA43296;1;GPH;AMAG;Scottie Gold Mine;MAIN;49
6DA43296;2;GPH;EM;Scottie Gold Mine;MAIN;49
6DDBB287;1;GPH;GMAG;Butte Highlands;MAIN;39
6DDBB287;2;GPH;AMAG;Butte Highlands;MAIN;39
6DDBB287;3;GPH;VLF;Butte Highlands;MAIN;39
6DDBB287;4;GPH;RAD;Butte Highlands;MAIN;39
6DF34354;1;GPH;AMAG;New Britannia Mine;MAIN;75
6DF34354;2;GPH;IP;New Britannia Mine;MAIN;83
6E38C3DE;1;GPH;AMAG;Baomahun;MAIN;74|80|81
6E38C3DE;2;GPH;RAD;Baomahun;MAIN;74|80
6E38C3DE;3;GPH;EM;Baomahun;MAIN;74|81
6F3547BE;1;GPH;UNS;C1;MAIN;71
6F551C51;1;GPH;UNS;Pilar;MAIN;80
6F5ECDE7;1;GPH;IP;Esaase;MAIN;126
6F5ECDE7;2;GPH;RES;Esaase;MAIN;126
6F5ECDE7;3;GPH;EM;Esaase;MAIN;118|124|125|126
6F5ECDE7;4;GPH;GRV;Esaase;MAIN;126
6F5ECDE7;6;GPH;AMAG;Esaase;MAIN;124
6F7BB91E;1;GPH;EM;Wassa;MAIN;77
6F7BB91E;2;GPH;RES;Wassa;MAIN;77
6F7BB91E;3;GPH;AMAG;Wassa;MAIN;77
6F7BB91E;4;GPH;RAD;Wassa;MAIN;77
6F9686AF;1;GPH;GMAG;Dingman;MAIN;51
6F9686AF;2;GPH;VLF;Dingman;MAIN;51|53
6FC78198;1;GPH;UNS;Discovery;MAIN;49
6FD5480A;1;GPH;AMAG;Rosebel Property;MAIN;30
6FD5480A;2;GPH;RAD;Rosebel Property;MAIN;30
6FDC2E91;1;GPH;AMAG;Kiyuk Lake;MAIN;57|80
6FDC2E91;2;GPH;VLF;Kiyuk Lake;MAIN;57
6FDC2E91;3;GPH;RAD;Kiyuk Lake;MAIN;57
6FDC2E91;4;GPH;GRV;Kiyuk Lake;MAIN;57
6FDC2E91;5;GPH;IP;Kiyuk Lake;MAIN;66|72
6FDC2E91;6;GPH;GMAG;Kiyuk Lake;MAIN;72
6FDC2E91;8;GPH;MT;Kiyuk Lake;MAIN;66
7023B205;1;GPH;IP;Haile;MAIN;31
7023B205;2;GPH;GMAG;Haile;MAIN;31
7023B205;3;GPH;VLF;Haile;MAIN;31
7023B205;4;GPH;EM;Haile;MAIN;31
7023B205;5;GPH;AMAG;Haile;MAIN;31
7023B205;6;GPH;RAD;Haile;MAIN;31
7104559C;1;GPH;GRV;Buckreef;MAIN;72
7104559C;2;GPH;IP;Buckreef;MAIN;72
7104559C;3;GPH;AMAG;Buckreef;MAIN;72
7030CDA5;1;GPH;GRV;North Stock;MAIN;68
7030CDA5;2;GPH;MT;North Stock;MAIN;68
7030CDA5;3;GPH;IP;North Stock;MAIN;68
7030CDA5;4;GPH;GMAG;North Stock;MAIN;68|69
7030CDA5;5;GPH;RAD;North Stock;MAIN;68|69
7030CDA5;6;GPH;UNS;North Stock;MAIN;69
71665082;1;GPH;AMAG;Tongon;MAIN;24
71665082;2;GPH;RAD;Tongon;MAIN;24
71665082;5;GPH;IP;Tongon;MAIN;25
71665082;6;GPH;GMAG;Tongon;MAIN;26
7166C010;1;GPH;AMAG;Otjikoto;MAIN;100|101|102
7166C010;2;GPH;RAD;Otjikoto;MAIN;100
7166C010;3;GPH;EM;Otjikoto;MAIN;100|103|104|106
7166C010;5;GPH;GMAG;Otjikoto;MAIN;103
7166C010;6;GPH;IP;Otjikoto;MAIN;103|105|106
7166C010;7;GPH;MT;Otjikoto;MAIN;103|106
71DC7BE1;1;GPH;IP;Wolf Mine;MAIN;49
719754FA;1;GPH;SES;Macraes;MAIN;59
719754FA;2;GPH;EM;Macraes;MAIN;59
71910876;1;GPH;AMAG;Seabee Gold Operation;MAIN;43|49|50|51
71910876;2;GPH;IP;Seabee Gold Operation;MAIN;50
71910876;3;GPH;MT;Seabee Gold Operation;MAIN;50
71910876;4;GPH;RAD;Seabee Gold Operation;MAIN;51
7251E8D6;1;GPH;GMAG;Nkran;MAIN;127
7251E8D6;2;GPH;IP;Nkran;MAIN;130
7251E8D6;3;GPH;VLF;Nkran;MAIN;131
7251E8D6;4;GPH;EM;Nkran;MAIN;131
724B99AF;1;GPH;AMAG;New Liberty;MAIN;50|51
724B99AF;2;GPH;RAD;New Liberty;MAIN;50|51
72812B37;1;GPH;IP;Fekola;MAIN;90|93
72812B37;2;GPH;AMAG;Fekola;MAIN;90|93
72812B37;3;GPH;RES;Fekola;MAIN;93
72812B37;4;GPH;GRV;Fekola;MAIN;90|93
72812B37;5;GPH;RAD;Fekola;MAIN;93
72812B37;6;GPH;GMAG;Fekola;MAIN;93
72812B37;8;GPH;EM;Fekola;MAIN;74|90
72887B4B;1;GPH;GRV;Pony Creek;MAIN;89
72887B4B;2;GPH;MT;Pony Creek;MAIN;80|89
72EC717B;1;GPH;EM;Gounkoto;MAIN;17|28
72FE57B6;1;GPH;AMAG;Bissa Hill;MAIN;22|24
72E9A431;1;GPH;AMAG;Valley;MAIN;134|135
72E9A431;3;GPH;RAD;Valley;MAIN;135
72E9A431;4;GPH;EM;Valley;MAIN;136
72E9A431;5;GPH;MT;Valley;MAIN;137
73073CD7;1;GPH;UNS;Smarts;MAIN;73|81
737412AA;3;GPH;IP;Nampala;MAIN;6|74
737412AA;4;GPH;AMAG;Nampala;MAIN;6|74|76
737412AA;5;GPH;RES;Nampala;MAIN;6|74
737412AA;6;GPH;RAD;Nampala;MAIN;74
73F53024;1;GPH;AMAG;Youga;MAIN;82
73F53024;2;GPH;RAD;Youga;MAIN;82
73F53024;3;GPH;GMAG;Youga;MAIN;83
73F53024;4;GPH;IP;Youga;MAIN;84
73A1CF5D;1;GPH;IP;Valentine Gold Project;MAIN;107|114|115
73A1CF5D;2;GPH;GMAG;Valentine Gold Project;MAIN;107|114|116
73A1CF5D;3;GPH;SES;Valentine Gold Project;MAIN;107|114|122
73A1CF5D;4;GPH;AMAG;Valentine Gold Project;MAIN;114|116
74128A9D;1;GPH;GMAG;Triangle Zone;MAIN;112|116
74651CB4;1;GPH;AMAG;Marban;MAIN;67
74651CB4;2;GPH;IP;Marban;MAIN;67
74D64E4E;1;GPH;GMAG;Hazeur sill;MAIN;17
74D64E4E;2;GPH;IP;Hazeur sill;MAIN;17
74E1F665;1;GPH;GMAG;West Timmins Project;MAIN;28
74E1F665;2;GPH;IP;West Timmins Project;MAIN;28
753BA548;1;GPH;GMAG;South Zone;MAIN;20|37
753BA548;2;GPH;IP;South Zone;MAIN;20|37
753BA548;3;GPH;MALM;South Zone;MAIN;37
754AEF13;1;GPH;AMAG;Dugbe F and Tuzon;MAIN;50|51
7595F084;1;GPH;IP;Parbec;MAIN;19
75993931;1;GPH;AMAG;Eleonore;MAIN;53
75993931;2;GPH;RAD;Eleonore;MAIN;53
75993931;3;GPH;IP;Eleonore;MAIN;53
75520C79;1;GPH;AMAG;Yalea;MAIN;69
75520C79;2;GPH;EM;Yalea;MAIN;84
75D24D63;1;GPH;AMAG;Crown Zone;MAIN;17
75A8D886;1;GPH;AMAG;Ma Structural Complex;MAIN;50
75A8D886;2;GPH;RAD;Ma Structural Complex;MAIN;50
75E2F53A;1;GPH;VLF;Rusk Zone;MAIN;14
75E2F53A;2;GPH;EM;Rusk Zone;MAIN;14
75E2F53A;3;GPH;AMAG;Rusk Zone;MAIN;14|20
75E2F53A;4;GPH;UNS;Rusk Zone;MAIN;14
75E2F53A;6;GPH;GMAG;Rusk Zone;MAIN;20
75A406F3;1;GPH;AMAG;Madsen;MAIN;90|91
76FEDE55;1;GPH;VLF;Decade;MAIN;43
76FEDE55;2;GPH;GMAG;Decade;MAIN;43
77611353;1;GPH;AMAG;Namdini;MAIN;123
77611353;2;GPH;RAD;Namdini;MAIN;123
77611353;3;GPH;GMAG;Namdini;MAIN;123
77611353;4;GPH;IP;Namdini;MAIN;123
778712B0;1;GPH;AMAG;Kneivissat;MAIN;21|23
778712B0;2;GPH;RAD;Kneivissat;MAIN;21|23
76E6BBB4;1;GPH;AMAG;Jerritt Canyon Deposits;MAIN;49
76E6BBB4;2;GPH;GRV;Jerritt Canyon Deposits;MAIN;49
76E6BBB4;3;GPH;IP;Jerritt Canyon Deposits;MAIN;49
76E6BBB4;4;GPH;MT;Jerritt Canyon Deposits;MAIN;49
779F32E1;1;GPH;IP;Chevrier Main and South Zones;MAIN;75|108
779F32E1;2;GPH;AMAG;Chevrier Main and South Zones;MAIN;107
779F32E1;3;GPH;GMAG;Chevrier Main and South Zones;MAIN;108
77C5BC08;1;GPH;GMAG;Goose Site;MAIN;70
77C5BC08;2;GPH;IP;Goose Site;MAIN;70
77C5BC08;3;GPH;EM;Goose Site;MAIN;70
77C5BC08;4;GPH;AMAG;Goose Site;MAIN;61
77D71E8A;1;GPH;AMAG;Red Lake Gold Property;MAIN;33|44
77D71E8A;2;GPH;EM;Red Lake Gold Property;MAIN;33
77DAE8BA;1;GPH;AMAG;Pistol Lake;MAIN;30
7826B6E8;1;GPH;IP;Marban;MAIN;81
783A69CA;1;GPH;AMAG;West Branch;MAIN;56
783A69CA;2;GPH;GMAG;West Branch;MAIN;56
783A69CA;3;GPH;EM;West Branch;MAIN;56
783A69CA;4;GPH;RAD;West Branch;MAIN;56
783A69CA;5;GPH;IP;West Branch;MAIN;56
783A69CA;6;GPH;GRV;West Branch;MAIN;57
7875C8CA;1;GPH;IP;Chirano Deposits;MAIN;66|68|73
7875C8CA;2;GPH;GMAG;Chirano Deposits;MAIN;66|68
7875C8CA;3;GPH;GRV;Chirano Deposits;MAIN;69
7875C8CA;4;GPH;AMAG;Chirano Deposits;MAIN;69
7875C8CA;5;GPH;RAD;Chirano Deposits;MAIN;69
79495307;1;GPH;AMAG;Barani East Prospect;MAIN;49|54
79495307;2;GPH;RAD;Barani East Prospect;MAIN;49|54
79495307;3;GPH;GMAG;Barani East Prospect;MAIN;49|54
79495307;4;GPH;IP;Barani East Prospect;MAIN;51|54|55
79948E2F;1;GPH;AMAG;Oko West;MAIN;101
79948E2F;2;GPH;RAD;Oko West;MAIN;101
79948E2F;3;GPH;GMAG;Oko West;MAIN;102
79948E2F;4;GPH;IP;Oko West;MAIN;103
79BC10AE;1;GPH;GMAG;Lac Pau Porphyry;MAIN;14
79BC10AE;2;GPH;IP;Lac Pau Porphyry;MAIN;14
79969106;2;GPH;AMAG;Oko Main Zone;MAIN;78|80
79CC8F76;1;GPH;AMAG;Road Cut Zone;MAIN;60
79F23F30;1;GPH;GMAG;Golden Highway Project;MAIN;82|83|84
79F23F30;2;GPH;AMAG;Golden Highway Project;MAIN;82|84
79F23F30;3;GPH;IP;Golden Highway Project;MAIN;82|83|84
79F23F30;4;GPH;VLF;Golden Highway Project;MAIN;82|83
79F23F30;5;GPH;EM;Golden Highway Project;MAIN;83
79F23F30;6;GPH;MT;Golden Highway Project;MAIN;84
79F23F30;7;GPH;UNS;Golden Highway Project;MAIN;82
7A0F56CD;1;GPH;IP;São Jorge;MAIN;31
7A0F56CD;2;GPH;AMAG;São Jorge;MAIN;31
7A0F56CD;3;GPH;RAD;São Jorge;MAIN;31
7A0F56CD;4;GPH;GMAG;São Jorge;MAIN;31
7A431D56;1;GPH;EM;325-Megane Zone;MAIN;83|86|93|104|106|107
7AE997A9;1;GPH;AMAG;Riacho dos Machados;MAIN;50
7AE997A9;2;GPH;RAD;Riacho dos Machados;MAIN;50
7A8698DE;1;GPH;IP;Bombore;MAIN;113|116|117
7A8698DE;3;GPH;RES;Bombore;MAIN;114|115|116
7A8698DE;4;GPH;AMAG;Bombore;MAIN;115|116
7A8698DE;5;GPH;RAD;Bombore;MAIN;115|116
7A8698DE;6;GPH;GRV;Bombore;MAIN;116
7B02C19A;1;GPH;AMAG;Netiana;MAIN;54|58
7B02C19A;2;GPH;GMAG;Netiana;MAIN;54|58
7B02C19A;3;GPH;IP;Netiana;MAIN;54|58
7B02C19A;4;GPH;GRV;Netiana;MAIN;54|59
7B304863;1;GPH;AMAG;Golden Jacket;MAIN;41|43
7B304863;2;GPH;GRV;Golden Jacket;MAIN;41
7B74252B;1;GPH;AMAG;Douay;MAIN;74|76|77|78
7B74252B;2;GPH;IP;Douay;MAIN;74|76|77|78
7B74252B;3;GPH;EM;Douay;MAIN;75|78
7BFB999E;1;GPH;AMAG;Union Reefs;MAIN;88|97|100
7BFB999E;2;GPH;RAD;Union Reefs;MAIN;100
7BFB999E;3;GPH;IP;Union Reefs;MAIN;100
7C123F4D;1;GPH;EM;Nelligan;MAIN;80
7C123F4D;2;GPH;AMAG;Nelligan;MAIN;80
7C123F4D;3;GPH;IP;Nelligan;MAIN;80|81|82
7C123F4D;4;GPH;SWIR;Nelligan;MAIN;83|84
7C4B666F;1;GPH;AMAG;Paddy's Flat;MAIN;85
7CED6BDD;1;GPH;IP;Manuel;MAIN;10|11
7CED6BDD;2;GPH;GMAG;Manuel;MAIN;10|11
7CB904F3;1;GPH;UNS;Plutonic Gold Mine;MAIN;53|57
7CF011E7;1;GPH;AMAG;Goose Lake;MAIN;37
7CF011E7;2;GPH;EM;Goose Lake;MAIN;37
7CF011E7;3;GPH;RAD;Goose Lake;MAIN;37
7D30B9F9;1;GPH;AMAG;Castelo de Sonhos;MAIN;44|45
7D30B9F9;2;GPH;RAD;Castelo de Sonhos;MAIN;44|45
7D30B9F9;4;GPH;WLOG;Castelo de Sonhos;MAIN;46
7D30B9F9;6;GPH;RES;Castelo de Sonhos;MAIN;46
7D30B9F9;7;GPH;SES;Castelo de Sonhos;MAIN;46
7D30B9F9;8;GPH;GMAG;Castelo de Sonhos;MAIN;46
7D423785;1;GPH;AMAG;Kairuni;MAIN;76
7D423785;2;GPH;RAD;Kairuni;MAIN;76
7D50E8A5;1;GPH;AMAG;Bralorne;MAIN;82|84
7D50E8A5;2;GPH;RAD;Bralorne;MAIN;82|84
7D50E8A5;3;GPH;VLF;Bralorne;MAIN;82
7D50E8A5;4;GPH;EM;Bralorne;MAIN;84
7D680F8C;1;GPH;EM;Casa Berardi Mine;MAIN;98
7D680F8C;2;GPH;AMAG;Casa Berardi Mine;MAIN;98
7D75E4FE;1;GPH;UNS;Hardrock Project;MAIN;65
7D78246F;1;GPH;AMAG;Kunche;MAIN;46
7D78246F;2;GPH;RAD;Kunche;MAIN;46
7D78246F;3;GPH;IP;Kunche;MAIN;47|48
7DBC326E;1;GPH;AMAG;Wona-Kona;MAIN;35
7DBC326E;2;GPH;RAD;Wona-Kona;MAIN;35
7DBC326E;3;GPH;EM;Wona-Kona;MAIN;35
7D8BE393;1;GPH;IP;Vindaloo-Madras;MAIN;68|77
7DEA6E13;1;GPH;AMAG;White Foil;MAIN;31
7E4EB03F;1;GPH;IP;Taurus Deposit;MAIN;36
7E4EB03F;2;GPH;GMAG;Taurus Deposit;MAIN;36|37
7E02C244;1;GPH;AMAG;Mooseland;MAIN;49
7E02C244;2;GPH;VLF;Mooseland;MAIN;49|50
7E02C244;3;GPH;IP;Mooseland;MAIN;50
7E3E37E4;1;GPH;GRV;Spring Valley;MAIN;42|44
7E3E37E4;2;GPH;IP;Spring Valley;MAIN;42
7E3E37E4;3;GPH;GMAG;Spring Valley;MAIN;42
7E3E37E4;4;GPH;MT;Spring Valley;MAIN;43
7E556C09;1;GPH;UNS;Green Hill;MAIN;30
7E85E971;1;GPH;AMAG;Borden North;MAIN;13
7E85E971;2;GPH;EM;Borden North;MAIN;13
7E5A88DE;1;GPH;GRV;Haile;MAIN;60
7E5A88DE;2;GPH;AMAG;Haile;MAIN;60
7E5A88DE;3;GPH;EM;Haile;MAIN;60
7E5A88DE;4;GPH;IP;Haile;MAIN;60
7E5A88DE;5;GPH;GMAG;Haile;MAIN;60
7E757898;2;GPH;AMAG;Kiniero Gold Project;MAIN;79|110|111
7E757898;7;GPH;RES;Kiniero Gold Project;MAIN;111|113
7EC51181;1;GPH;EM;Sao Chico;MAIN;40
7EAF677E;1;GPH;IP;Keltepe;MAIN;74|75
7EAF677E;2;GPH;GMAG;Keltepe;MAIN;74|75
7EEFB943;3;GPH;UNS;Loulo;MAIN;24
7EEFB943;5;GPH;EM;Loulo;MAIN;28|29
7EEFB943;6;GPH;AMAG;Loulo;MAIN;29
7EFA8081;2;GPH;GMAG;Carvoeira Main Pit;MAIN;20
7EFA8081;3;GPH;RAD;Carvoeira Main Pit;MAIN;20
7EFA8081;4;GPH;IP;Carvoeira Main Pit;MAIN;20
7F0BDC11;1;GPH;AMAG;Ikungu Structure;MAIN;32
7F324BB5;1;GPH;AMAG;Touquoy;MAIN;133|141
7F324BB5;2;GPH;VLF;Touquoy;MAIN;133
7F39C734;1;GPH;AMAG;Mckinnon Gold Deposit;MAIN;27
7F39C734;2;GPH;EM;Mckinnon Gold Deposit;MAIN;27
80114425;1;GPH;GMAG;Thor Trend;MAIN;20
80114425;2;GPH;VLF;Thor Trend;MAIN;20
80114425;3;GPH;IP;Thor Trend;MAIN;20
80408762;1;GPH;GMAG;Golden Mile;MAIN;35|36|40
80408762;2;GPH;VLF;Golden Mile;MAIN;41
80408762;3;GPH;IP;Golden Mile;MAIN;41
8056C156;1;GPH;AMAG;Sadiola;MAIN;106
8056C156;2;GPH;EM;Sadiola;MAIN;106
8056C156;3;GPH;GRV;Sadiola;MAIN;106
8056C156;4;GPH;GPR;Sadiola;MAIN;106
8056C156;5;GPH;RAD;Sadiola;MAIN;106
8056C156;6;GPH;IP;Sadiola;MAIN;106|107
800FB2F8;1;GPH;EM;Casa Berardi;MAIN;53
800FB2F8;2;GPH;AMAG;Casa Berardi;MAIN;53
808240DD;1;GPH;AMAG;Namdini;MAIN;20|21
808240DD;2;GPH;GMAG;Namdini;MAIN;21
808240DD;3;GPH;IP;Namdini;MAIN;21
8081B6AB;1;GPH;AMAG;Pilar;MAIN;67|69
8081B6AB;2;GPH;RAD;Pilar;MAIN;67|69
8081B6AB;3;GPH;GMAG;Pilar;MAIN;67
8081B6AB;4;GPH;EM;Pilar;MAIN;67
8081B6AB;5;GPH;VLF;Pilar;MAIN;67
8095CF13;2;GPH;IP;Fekola;MAIN;114|115
8095CF13;3;GPH;AMAG;Fekola;MAIN;114|115
8095CF13;4;GPH;UNS;Fekola;MAIN;115
8095CF13;5;GPH;RES;Fekola;MAIN;115
8095CF13;6;GPH;GRV;Fekola;MAIN;115
8095CF13;7;GPH;EM;Fekola;MAIN;114
80E786B4;1;GPH;AMAG;Timmins Deposit;MAIN;87
80E786B4;2;GPH;IP;Timmins Deposit;MAIN;87|88
80E786B4;3;GPH;GMAG;Timmins Deposit;MAIN;88
80E786B4;4;GPH;GRV;Timmins Deposit;MAIN;88
81DB418B;1;GPH;GMAG;EL-21081 Property;MAIN;29
81EEC22E;1;GPH;VLF;Apankrah;MAIN;20
81EEC22E;2;GPH;IP;Apankrah;MAIN;26
81EEC22E;3;GPH;GMAG;Apankrah;MAIN;26
81EEC22E;4;GPH;EM;Apankrah;MAIN;26
8220299D;1;GPH;AMAG;Cuiú Cuiú;MAIN;98|101
8220299D;2;GPH;IP;Cuiú Cuiú;MAIN;133
829E4AA9;1;GPH;GMAG;Principal Vein;MAIN;32
829E4AA9;2;GPH;VLF;Principal Vein;MAIN;32
82AFB9EC;1;GPH;GMAG;Cisneros Project;MAIN;42
82CA2476;1;GPH;VLF;Fondaway Canyon;MAIN;36
82CA2476;2;GPH;GMAG;Fondaway Canyon;MAIN;36
832B312F;1;GPH;EM;KCD;MAIN;89
832B312F;2;GPH;AMAG;KCD;MAIN;89
832B312F;3;GPH;RAD;KCD;MAIN;89
836FF559;1;GPH;GMAG;Ste-Hélène Aloigny;MAIN;27
836FF559;2;GPH;IP;Ste-Hélène Aloigny;MAIN;27|30
836FF559;3;GPH;AMAG;Ste-Hélène Aloigny;MAIN;27
836FF559;4;GPH;EM;Ste-Hélène Aloigny;MAIN;27|32
837032B3;1;GPH;IP;Croinor;MAIN;60
837032B3;2;GPH;GMAG;Croinor;MAIN;60
83713FDA;1;GPH;SP;SSX;MAIN;64
83713FDA;2;GPH;IP;SSX;MAIN;64|65
83713FDA;3;GPH;MT;SSX;MAIN;64|65
83713FDA;4;GPH;RES;SSX;MAIN;64
83713FDA;5;GPH;RAD;SSX;MAIN;64|65
83713FDA;6;GPH;EM;SSX;MAIN;64|65
83713FDA;7;GPH;GRV;SSX;MAIN;64|65
83713FDA;8;GPH;AMAG;SSX;MAIN;64|65
83713FDA;9;GPH;GMAG;SSX;MAIN;65
83D59111;1;GPH;AMAG;Eleonore;MAIN;47
83D59111;2;GPH;RAD;Eleonore;MAIN;47
83D59111;3;GPH;IP;Eleonore;MAIN;47
83EC5998;1;GPH;AMAG;Campbell Shear;MAIN;75
83EC5998;2;GPH;EM;Campbell Shear;MAIN;75
83EC5998;3;GPH;RAD;Campbell Shear;MAIN;75
83EC5998;4;GPH;GMAG;Campbell Shear;MAIN;75
83EC5998;5;GPH;IP;Campbell Shear;MAIN;75
8462C848;1;GPH;IP;Moroy;MAIN;48
846009BD;1;GPH;UNS;Santa Luz Project;MAIN;75
846C02C9;1;GPH;AMAG;TM Deposit;MAIN;42
84ADA513;1;GPH;GMAG;Old Nic Mine;MAIN;25
84ADA513;2;GPH;IP;Old Nic Mine;MAIN;25
84A967CE;1;GPH;IP;Box;MAIN;99
84A967CE;2;GPH;AMAG;Box;MAIN;93
84CB9C73;1;GPH;AMAG;Iron Point Carlin-type system;MAIN;23|25|40
84CB9C73;2;GPH;GRV;Iron Point Carlin-type system;MAIN;29|40
84CB9C73;3;GPH;MT;Iron Point Carlin-type system;MAIN;34|40
8504EF1A;1;GPH;EM;Massawa;MAIN;199
8513ED08;1;GPH;AMAG;Brewery Creek;MAIN;90
8513ED08;2;GPH;IP;Brewery Creek;MAIN;95
8531D015;1;GPH;IP;Croinor;MAIN;60|61
8531D015;2;GPH;GMAG;Croinor;MAIN;60
85695E25;1;GPH;AMAG;Colomac;MAIN;81|84
85695E25;2;GPH;VLF;Colomac;MAIN;81|84
85695E25;3;GPH;IP;Colomac;MAIN;81
85695E25;4;GPH;RES;Colomac;MAIN;82
85695E25;5;GPH;GMAG;Colomac;MAIN;82|84
858FE189;1;GPH;UNS;Comet Well and Purdy's Reward;MAIN;40
858873F5;1;GPH;UNS;Thunder Creek;MAIN;36|74
858873F5;2;GPH;IP;Thunder Creek;MAIN;74
85B1B079;1;GPH;AMAG;Björkdal;MAIN;78|79
85B1B079;3;GPH;RAD;Björkdal;MAIN;78
85B1B079;4;GPH;GMAG;Björkdal;MAIN;79|80|84
85B1B079;5;GPH;IP;Björkdal;MAIN;79|84
85BCFAB4;1;GPH;AMAG;Carolin Mine;MAIN;44
85BCFAB4;2;GPH;RAD;Carolin Mine;MAIN;44
85DE96E3;1;GPH;IP;Tabakoto;MAIN;80|98
85DE96E3;2;GPH;AMAG;Tabakoto;MAIN;98
85DE96E3;3;GPH;GMAG;Tabakoto;MAIN;98
864BE9C2;1;GPH;AMAG;Vindaloo;MAIN;40|41
864BE9C2;2;GPH;RAD;Vindaloo;MAIN;41
864BE9C2;3;GPH;IP;Vindaloo;MAIN;42|44
86326632;1;GPH;AMAG;Detour Lake deposit;MAIN;36
8653EB43;1;GPH;IP;Esaase;MAIN;35
8653EB43;2;GPH;EM;Esaase;MAIN;25|35
86A78487;2;GPH;UNS;Massawa;MAIN;17
8680F8EF;3;GPH;AMAG;Segilola;MAIN;100
867880EB;1;GPH;EM;A-Zone;MAIN;86
867880EB;2;GPH;AMAG;A-Zone;MAIN;86
867880EB;3;GPH;RAD;A-Zone;MAIN;97
86F3E796;1;GPH;AMAG;Akyanga;MAIN;48
86F3E796;2;GPH;RAD;Akyanga;MAIN;48
87171932;1;GPH;GMAG;Zone 36 East;MAIN;45
87171932;2;GPH;VLF;Zone 36 East;MAIN;45
87171932;3;GPH;IP;Zone 36 East;MAIN;45
87171932;4;GPH;AMAG;Zone 36 East;MAIN;45
87171932;5;GPH;EM;Zone 36 East;MAIN;45
8702D053;1;GPH;UNS;Cariboo Gold Project;MAIN;87
87698305;1;GPH;AMAG;Nampala;MAIN;45|54
87698305;2;GPH;GMAG;Nampala;MAIN;45|54
87698305;3;GPH;IP;Nampala;MAIN;45|54
87698305;4;GPH;EM;Nampala;MAIN;54
883A2FB8;1;GPH;AMAG;Mankouke South;MAIN;67|76
883A2FB8;2;GPH;RAD;Mankouke South;MAIN;67|76
883A2FB8;3;GPH;EM;Mankouke South;MAIN;67|76
883A2FB8;7;GPH;IP;Mankouke South;MAIN;80
883A2FB8;8;GPH;GMAG;Mankouke South;MAIN;80
880CDD66;1;GPH;AMAG;Siribaya;MAIN;37|38|46
880CDD66;2;GPH;GMAG;Siribaya;MAIN;38|45
880CDD66;3;GPH;IP;Siribaya;MAIN;38|45
880CDD66;4;GPH;EM;Siribaya;MAIN;45
880CDD66;5;GPH;RAD;Siribaya;MAIN;46
887D00DC;1;GPH;AMAG;Douay West;MAIN;53
887D00DC;2;GPH;IP;Douay West;MAIN;53
88C771C0;1;GPH;IP;Samira;MAIN;10|16
88C771C0;2;GPH;UNS;Samira;MAIN;14
893BB876;1;GPH;AMAG;Riacho dos Machados Mine;MAIN;89
893BB876;2;GPH;RAD;Riacho dos Machados Mine;MAIN;89
89630760;1;GPH;AMAG;Oko West;MAIN;108
89630760;2;GPH;RAD;Oko West;MAIN;108
89630760;3;GPH;GMAG;Oko West;MAIN;109
89630760;4;GPH;IP;Oko West;MAIN;110
8987466D;1;GPH;IP;Colomac;MAIN;85|87|88
8987466D;2;GPH;GMAG;Colomac;MAIN;86
8987466D;3;GPH;GRV;Colomac;MAIN;86
89C7421F;2;GPH;AMAG;Riacho dos Machados;MAIN;49
89C7421F;3;GPH;RAD;Riacho dos Machados;MAIN;49
89F06694;1;GPH;AMAG;CAS (Central, Avan and Skiråsen);MAIN;70
89F06694;2;GPH;GMAG;CAS (Central, Avan and Skiråsen);MAIN;70
89F06694;3;GPH;GRV;CAS (Central, Avan and Skiråsen);MAIN;71
89F06694;4;GPH;EM;CAS (Central, Avan and Skiråsen);MAIN;71|72
89F8A68D;1;GPH;EM;Zone 2 - Zone 3;MAIN;58|84
89F8A68D;2;GPH;AMAG;Zone 2 - Zone 3;MAIN;58|84
89F8A68D;3;GPH;RAD;Zone 2 - Zone 3;MAIN;58|84
89F8A68D;4;GPH;IP;Zone 2 - Zone 3;MAIN;77
89F8A68D;5;GPH;GMAG;Zone 2 - Zone 3;MAIN;77
8B56DDC5;1;GPH;IP;BT deposit;MAIN;26
8AE0C17A;1;GPH;GRV;Pan Project;MAIN;70
8B488D5A;1;GPH;GMAG;OMZ and Ghanie;MAIN;79|80
8B69885D;1;GPH;EM;Quinn Lake;MAIN;12
8B69885D;2;GPH;AMAG;Quinn Lake;MAIN;12
8B69885D;3;GPH;IP;Quinn Lake;MAIN;12
8BB3D77D;1;GPH;IP;Salman Trend;MAIN;54
8BB3D77D;2;GPH;EM;Salman Trend;MAIN;55
8BB3D77D;3;GPH;AMAG;Salman Trend;MAIN;56
8BB3D77D;4;GPH;RAD;Salman Trend;MAIN;56
8B9B43A9;1;GPH;AMAG;Volta Grande;MAIN;38|39
8B9B43A9;2;GPH;RAD;Volta Grande;MAIN;38|39
8B9B43A9;3;GPH;IP;Volta Grande;MAIN;38
8BBC2BBF;1;GPH;AMAG;Akyanga Deposit;MAIN;43
8BBC2BBF;2;GPH;RAD;Akyanga Deposit;MAIN;43
8BFE8678;1;GPH;EM;Box Mine;MAIN;67
8BFE8678;2;GPH;RES;Box Mine;MAIN;67
8BFE8678;3;GPH;AMAG;Box Mine;MAIN;67
8BFE8678;4;GPH;RAD;Box Mine;MAIN;67
8C37891B;1;GPH;UNS;Kumtor;MAIN;57
8CA7E850;1;GPH;AMAG;Tuzon;MAIN;96
8CC5FD99;1;GPH;IP;Leprechaun Pond;MAIN;50
8D4884CA;1;GPH;AMAG;F2 Gold System;MAIN;25|26|32
8D4884CA;2;GPH;GMAG;F2 Gold System;MAIN;25|26
8D4884CA;4;GPH;IP;F2 Gold System;MAIN;25|31
8D4884CA;5;GPH;RES;F2 Gold System;MAIN;25|31
8D4884CA;6;GPH;MT;F2 Gold System;MAIN;25|31
8CE7E4E3;1;GPH;AMAG;Discovery Ridge;MAIN;17
8D1F94DD;5;GPH;GMAG;Labola Project;MAIN;68
8D1F94DD;6;GPH;AMAG;Labola Project;MAIN;68|70
8D1F94DD;7;GPH;RAD;Labola Project;MAIN;68|70
8D1F94DD;8;GPH;EM;Labola Project;MAIN;70|72
8D1F94DD;9;GPH;IP;Labola Project;MAIN;73|77
8DB13E5A;1;GPH;IP;Zone 2;MAIN;50
8DB13E5A;2;GPH;RES;Zone 2;MAIN;50
8DB13E5A;3;GPH;AMAG;Zone 2;MAIN;50
8DB13E5A;4;GPH;RAD;Zone 2;MAIN;50
8DB93C68;1;GPH;UNS;Bonikro;MAIN;22|23
8DDA7C66;1;GPH;AMAG;Marban;MAIN;94
8DDA7C66;2;GPH;IP;Marban;MAIN;94
8DF571FF;1;GPH;GRV;Trident;MAIN;69|71
8E0D8ECE;1;GPH;IP;Fosterville;MAIN;32|33|34
8E420C30;1;GPH;EM;Perseverance;MAIN;26
8E36E5BB;1;GPH;UNS;Boin Zone;MAIN;44
8EA53853;1;GPH;IP;Luciana Prospect;MAIN;19|22|23
8EA53853;2;GPH;UNS;Luciana Prospect;MAIN;22|23
8ED14601;1;GPH;GRV;Trident;MAIN;69|71
8E92ED18;1;GPH;AMAG;Taurus;MAIN;66
8E92ED18;2;GPH;EM;Taurus;MAIN;66
8E92ED18;3;GPH;IP;Taurus;MAIN;53
8EEFC560;1;GPH;EM;Choco 10;MAIN;34
8EEFC560;2;GPH;AMAG;Choco 10;MAIN;34|35
8EEFC560;3;GPH;RAD;Choco 10;MAIN;34
8EEFC560;4;GPH;IP;Choco 10;MAIN;34
8EEFC560;5;GPH;GMAG;Choco 10;MAIN;34
8F3D3425;1;GPH;GMAG;Tiriganiaq;MAIN;49|70
8F3D3425;2;GPH;AMAG;Tiriganiaq;MAIN;49|71
8F3D3425;3;GPH;EM;Tiriganiaq;MAIN;71
8FB1481A;1;GPH;EM;Fatou Main;MAIN;41
8FB1481A;2;GPH;AMAG;Fatou Main;MAIN;41
8FB1481A;3;GPH;RAD;Fatou Main;MAIN;41
8FB1481A;4;GPH;IP;Fatou Main;MAIN;41
8F6C23B9;1;GPH;AMAG;Beaufort Goldfield;MAIN;36|38
8F6C23B9;2;GPH;GRV;Beaufort Goldfield;MAIN;36|38
8FB9891B;1;GPH;GMAG;Los Planes;MAIN;56
8FB9891B;2;GPH;IP;Los Planes;MAIN;56|57
8FB1EA19;1;GPH;IP;QR deposit;MAIN;38|41
908959C9;1;GPH;AMAG;Sissingue;MAIN;39
908959C9;2;GPH;RAD;Sissingue;MAIN;39
908959C9;3;GPH;VLF;Sissingue;MAIN;39
908959C9;4;GPH;EM;Sissingue;MAIN;39
908959C9;5;GPH;IP;Sissingue;MAIN;39
90F7335D;1;GPH;AMAG;Nkran;MAIN;143
90F7335D;2;GPH;EM;Nkran;MAIN;143|182
911C49D5;1;GPH;EM;Pejiru;MAIN;13
911C49D5;2;GPH;AMAG;Pejiru;MAIN;13
9113DC5B;1;GPH;VLF;Pine Channel Property;MAIN;43
9113DC5B;2;GPH;EM;Pine Channel Property;MAIN;43
911FF53C;1;GPH;AMAG;Paiol;MAIN;64
911FF53C;2;GPH;IP;Paiol;MAIN;64
911FF53C;3;GPH;UNS;Paiol;MAIN;69
912208F9;1;GPH;AMAG;Trident;MAIN;67
9132E4F3;1;GPH;AMAG;Bonnefond South Intrusive;MAIN;70
9132E4F3;2;GPH;WLOG;Bonnefond South Intrusive;MAIN;71
916ADBAE;1;GPH;AMAG;Ängesneva;MAIN;35|36
916ADBAE;2;GPH;UNS;Ängesneva;MAIN;39
917D44BD;2;GPH;GMAG;Cyclopic;MAIN;45
917D44BD;3;GPH;AMAG;Cyclopic;MAIN;46
919F1D9C;1;GPH;IP;São Jorge;MAIN;48
919F1D9C;2;GPH;AMAG;São Jorge;MAIN;42|48
919F1D9C;3;GPH;RAD;São Jorge;MAIN;48
919F1D9C;4;GPH;GMAG;São Jorge;MAIN;48
9197670F;1;GPH;AMAG;Pinson;MAIN;53
9197670F;2;GPH;EM;Pinson;MAIN;53
9197670F;3;GPH;GMAG;Pinson;MAIN;53
9197670F;4;GPH;GRV;Pinson;MAIN;53|54
9197670F;5;GPH;IP;Pinson;MAIN;53
9197670F;6;GPH;MT;Pinson;MAIN;53
91A05809;1;GPH;GMAG;Osikonmäki;MAIN;27
91A05809;2;GPH;EM;Osikonmäki;MAIN;27
91A05809;3;GPH;IP;Osikonmäki;MAIN;27
919FC0D0;1;GPH;AMAG;Osborne-Bell;MAIN;86
919FC0D0;2;GPH;EM;Osborne-Bell;MAIN;86
9209F4F0;2;GPH;AMAG;Coringa;MAIN;80
9209F4F0;3;GPH;RAD;Coringa;MAIN;80
9209F4F0;4;GPH;IP;Coringa;MAIN;80|81
9209F4F0;5;GPH;EM;Coringa;MAIN;81
922506BB;1;GPH;UNS;Piment Zone;MAIN;38|39
921DBF88;1;GPH;EM;Box Mine;MAIN;75
921DBF88;2;GPH;AMAG;Box Mine;MAIN;75
921DBF88;3;GPH;RAD;Box Mine;MAIN;74|75
9230A009;1;GPH;MT;Spring Valley;MAIN;50
9230A009;2;GPH;GRV;Spring Valley;MAIN;50
9230A009;3;GPH;GMAG;Spring Valley;MAIN;50
924038A9;1;GPH;GMAG;Chieftain Zone;MAIN;81|85|92
924038A9;2;GPH;AMAG;Chieftain Zone;MAIN;86
924038A9;3;GPH;EM;Chieftain Zone;MAIN;86
92629A50;1;GPH;GMAG;Sangqu;MAIN;29|35
92629A50;2;GPH;RAD;Sangqu;MAIN;29
9267144A;1;GPH;IP;Boto 2-4-6 and Malikoundi;MAIN;48
9267144A;2;GPH;AMAG;Boto 2-4-6 and Malikoundi;MAIN;48
9267144A;3;GPH;RAD;Boto 2-4-6 and Malikoundi;MAIN;48
9267144A;4;GPH;VLF;Boto 2-4-6 and Malikoundi;MAIN;48
92D072EE;1;GPH;GRV;Copperstone;MAIN;77
92D072EE;2;GPH;AMAG;Copperstone;MAIN;77
92D072EE;3;GPH;GMAG;Copperstone;MAIN;77
92D072EE;4;GPH;IP;Copperstone;MAIN;78
92D072EE;5;GPH;SES;Copperstone;MAIN;77
9350BB9A;1;GPH;AMAG;Salave;MAIN;52
9350BB9A;2;GPH;RAD;Salave;MAIN;52
9350BB9A;3;GPH;GRV;Salave;MAIN;53
93BA9B75;1;GPH;AMAG;Twin Hills;MAIN;132
93BA9B75;2;GPH;GMAG;Twin Hills;MAIN;132
93BA9B75;3;GPH;IP;Twin Hills;MAIN;133
9394C65E;1;GPH;IP;Tres Cruces;MAIN;23|41|43
9394C65E;2;GPH;GRV;Tres Cruces;MAIN;23|43
9394C65E;3;GPH;RES;Tres Cruces;MAIN;41
9394C65E;4;GPH;GMAG;Tres Cruces;MAIN;41|42
9394C65E;5;GPH;EM;Tres Cruces;MAIN;41
94723305;1;GPH;IP;Wona;MAIN;22
94220B2C;1;GPH;AMAG;Big Hill Project;MAIN;54
94220B2C;2;GPH;GMAG;Big Hill Project;MAIN;54|55
94A977CA;1;GPH;AMAG;Batman deposit;MAIN;72
94A977CA;2;GPH;GMAG;Batman deposit;MAIN;73
94E183EC;1;GPH;GMAG;Dingman;MAIN;49
94E183EC;2;GPH;VLF;Dingman;MAIN;49|50|51|52
94E44468;1;GPH;AMAG;Starlight Group;MAIN;68
94E44468;2;GPH;GRV;Starlight Group;MAIN;68
95809DC8;1;GPH;AMAG;Frasergold;MAIN;44|45
95809DC8;2;GPH;EM;Frasergold;MAIN;44|45
95809DC8;3;GPH;RAD;Frasergold;MAIN;44|45
95A74683;1;GPH;AMAG;Batman;MAIN;79
95A74683;2;GPH;GMAG;Batman;MAIN;81
95A74683;3;GPH;EM;Batman;MAIN;81
95A74683;4;GPH;IP;Batman;MAIN;81
9601DA54;1;GPH;AMAG;Kone;MAIN;19
9601DA54;3;GPH;GMAG;Kone;MAIN;26
9630EB19;1;GPH;AMAG;Cajueiro;MAIN;42|50
95F3EDED;1;GPH;AMAG;Konkera;MAIN;54
95F3EDED;2;GPH;RAD;Konkera;MAIN;54
95F3EDED;3;GPH;IP;Konkera;MAIN;54
95BBFD37;1;GPH;SES;Higginsville Gold Operations;MAIN;69
969DF0BC;1;GPH;AMAG;Seabee mine;MAIN;51|59|60
969DF0BC;3;GPH;RAD;Seabee mine;MAIN;60
96ECAF31;1;GPH;EM;Box Mine;MAIN;78
96ECAF31;2;GPH;RES;Box Mine;MAIN;78
96ECAF31;3;GPH;AMAG;Box Mine;MAIN;78
96ECAF31;4;GPH;RAD;Box Mine;MAIN;76|78
9723275C;1;GPH;UNS;El Tambo;MAIN;18
9740EF13;1;GPH;EM;Jaurdi Mining Center;MAIN;20|32
9740EF13;2;GPH;AMAG;Jaurdi Mining Center;MAIN;21|23|26|31
97714478;1;GPH;EM;FK-Shawn trend;MAIN;56|60
97714478;2;GPH;AMAG;FK-Shawn trend;MAIN;46|48
97714478;3;GPH;RAD;FK-Shawn trend;MAIN;48
97B083BC;1;GPH;AMAG;Goldenville;MAIN;48
97B083BC;2;GPH;UNS;Goldenville;MAIN;52
98607E39;1;GPH;IP;Main Zone;MAIN;37
97D13D45;1;GPH;AMAG;Detour Lake deposit;MAIN;76
97ECCE93;1;GPH;AMAG;Montagne d'Or;MAIN;87
98DC83BF;1;GPH;IP;Doña Amelia;MAIN;23
98DC83BF;2;GPH;RES;Doña Amelia;MAIN;23
98FE24FC;1;GPH;AMAG;Rory's Knoll;MAIN;68
98FE24FC;2;GPH;RAD;Rory's Knoll;MAIN;68
98FE24FC;3;GPH;EM;Rory's Knoll;MAIN;68
98F56814;1;GPH;AMAG;Flint Rock-Mantis;MAIN;18
98F56814;2;GPH;VLF;Flint Rock-Mantis;MAIN;18
98F56814;3;GPH;GMAG;Flint Rock-Mantis;MAIN;18
98F56814;4;GPH;EM;Flint Rock-Mantis;MAIN;18
98F963DF;1;GPH;GRV;Haile;MAIN;64
98F963DF;2;GPH;AMAG;Haile;MAIN;64
98F963DF;3;GPH;EM;Haile;MAIN;64
98F963DF;4;GPH;IP;Haile;MAIN;64
98F963DF;5;GPH;RES;Haile;MAIN;64
98F963DF;6;GPH;SP;Haile;MAIN;64
990E183E;1;GPH;VLF;Wyatt Property;MAIN;25
9932B17D;1;GPH;AMAG;Bibiani Main Pit;MAIN;67
9932B17D;2;GPH;IP;Bibiani Main Pit;MAIN;67|68
9932B17D;3;GPH;GMAG;Bibiani Main Pit;MAIN;68|69
9932B17D;4;GPH;EM;Bibiani Main Pit;MAIN;67
9956C0DB;1;GPH;IP;Croinor;MAIN;44
9956C0DB;2;GPH;UNS;Croinor;MAIN;44
9954087A;1;GPH;AMAG;Fortnum Gold Project;MAIN;68
9954087A;2;GPH;GRV;Fortnum Gold Project;MAIN;68
995E5B96;1;GPH;AMAG;Hwini-Butre;MAIN;41
995E5B96;2;GPH;RAD;Hwini-Butre;MAIN;41
995E5B96;3;GPH;IP;Hwini-Butre;MAIN;41
99764D95;1;GPH;VLF;Vena property;MAIN;14
9964D9E8;1;GPH;AMAG;Beartrack;MAIN;98
9964D9E8;2;GPH;EM;Beartrack;MAIN;98
9964D9E8;3;GPH;VLF;Beartrack;MAIN;98
9964D9E8;4;GPH;IP;Beartrack;MAIN;98|99
99C1F9A5;1;GPH;UNS;New Polaris;MAIN;29
99CFEA05;1;GPH;AMAG;Kavola East;MAIN;16|18|24
99CFEA05;2;GPH;RAD;Kavola East;MAIN;18|24
9A506E87;1;GPH;IP;Bidgood;MAIN;37|41
9AB71FE4;1;GPH;GMAG;Monte Carlo Zone;MAIN;41|43
9AB71FE4;2;GPH;IP;Monte Carlo Zone;MAIN;41|43
9A9C188C;1;GPH;IP;Fosterville Gold Mine;MAIN;43|44|45
9A9C188C;2;GPH;AMAG;Fosterville Gold Mine;MAIN;54|55
9A9C188C;3;GPH;RAD;Fosterville Gold Mine;MAIN;54|55
9A9C188C;4;GPH;GRV;Fosterville Gold Mine;MAIN;54
9ABD5293;1;GPH;AMAG;St. Anthony Mine;MAIN;45
9ABD5293;2;GPH;EM;St. Anthony Mine;MAIN;45
9B061C25;1;GPH;GMAG;Mars NE;MAIN;44
9B061C25;2;GPH;VLF;Mars NE;MAIN;44
9B061C25;3;GPH;IP;Mars NE;MAIN;44
9B104FC5;1;GPH;IP;Montagne d'Or;MAIN;44
9B797D5A;1;GPH;GMAG;Bilboes;MAIN;151
9B797D5A;2;GPH;IP;Bilboes;MAIN;151
9B447AF9;1;GPH;IP;Leprechaun gold deposit;MAIN;47
9BC264F4;1;GPH;GRV;Invincible;MAIN;45
9BC264F4;2;GPH;GMAG;Invincible;MAIN;45
9BDA0D46;1;GPH;GMAG;Rahill-Bonanza deposit;MAIN;32|33
9BDA0D46;2;GPH;VLF;Rahill-Bonanza deposit;MAIN;32
9BF00ED2;1;GPH;AMAG;Golden Mile;MAIN;4
9BF00ED2;2;GPH;RAD;Golden Mile;MAIN;4
9BF00ED2;3;GPH;EM;Golden Mile;MAIN;4
9BEF86B8;1;GPH;IP;Black Fox Mine;MAIN;77
9BEF86B8;2;GPH;MT;Black Fox Mine;MAIN;77
9BEF86B8;3;GPH;AMAG;Black Fox Mine;MAIN;77
9BFB7D2A;1;GPH;EM;Bug Deposit;MAIN;30
9BFB7D2A;2;GPH;AMAG;Bug Deposit;MAIN;30
9BFB7D2A;3;GPH;IP;Bug Deposit;MAIN;31|32|33
9BFB7D2A;4;GPH;GMAG;Bug Deposit;MAIN;31|33
9C0BDBB7;1;GPH;UNS;Mankarga;MAIN;65
9C36AEB0;1;GPH;IP;Mosquito Hill;MAIN;22|23
9C36AEB0;2;GPH;AMAG;Mosquito Hill;MAIN;24
9C36AEB0;3;GPH;EM;Mosquito Hill;MAIN;24
9CFEC781;1;GPH;MT;White Caps Mine;MAIN;34
9D074C5F;1;GPH;UNS;Malartic Hygrade;MAIN;22|24
9CBAEF52;1;GPH;AMAG;147 Zone;MAIN;54|56
9CBAEF52;2;GPH;IP;147 Zone;MAIN;56
9D197E03;1;GPH;IP;G and J zones;MAIN;25
9DB861D4;1;GPH;AMAG;White Foil;MAIN;33
9D8FC72E;1;GPH;AMAG;Chega Tudo;MAIN;77
9D8FC72E;2;GPH;RAD;Chega Tudo;MAIN;77
9D8FC72E;3;GPH;EM;Chega Tudo;MAIN;77
9D8FC72E;4;GPH;GMAG;Chega Tudo;MAIN;77
9D8FC72E;5;GPH;IP;Chega Tudo;MAIN;77
9D5814B3;1;GPH;AMAG;Timmins Deposit;MAIN;80
9D5814B3;2;GPH;IP;Timmins Deposit;MAIN;80
9E88F424;1;GPH;GMAG;Makosa;MAIN;21
9E63EDF1;1;GPH;AMAG;Tabakoroni;MAIN;26
9E63EDF1;2;GPH;RAD;Tabakoroni;MAIN;26
9E63EDF1;3;GPH;IP;Tabakoroni;MAIN;27
9E63EDF1;4;GPH;WLOG;Tabakoroni;MAIN;27
9E57043C;1;GPH;AMAG;Kibali Gold Project;MAIN;76|88
9E9AA1A1;1;GPH;GMAG;Nabanga;MAIN;32|33
9EA5792D;1;GPH;IP;Golden Saddle;MAIN;57|69|70|71
9EA5792D;2;GPH;EM;Golden Saddle;MAIN;57
9EA5792D;3;GPH;RAD;Golden Saddle;MAIN;63|64
9EA5792D;4;GPH;AMAG;Golden Saddle;MAIN;63|64
9EFF9BAB;1;GPH;AMAG;Piaba;MAIN;83
9EFF9BAB;2;GPH;RAD;Piaba;MAIN;83
9EFF9BAB;3;GPH;GMAG;Piaba;MAIN;84
9EFF9BAB;4;GPH;IP;Piaba;MAIN;84
9F00DF8F;1;GPH;GRV;Pinson deposit;MAIN;62|63
9F00DF8F;2;GPH;AMAG;Pinson deposit;MAIN;62
9F00DF8F;3;GPH;EM;Pinson deposit;MAIN;62|63
9F00DF8F;4;GPH;IP;Pinson deposit;MAIN;62
9F00DF8F;5;GPH;MT;Pinson deposit;MAIN;62|63
9F00DF8F;7;GPH;GMAG;Pinson deposit;MAIN;62
9F0870DD;1;GPH;AMAG;Kavola East;MAIN;16|18|24
9F0870DD;2;GPH;RAD;Kavola East;MAIN;18|24
9F5BEAE5;1;GPH;AMAG;Batman deposit;MAIN;91
9F5BEAE5;2;GPH;UNS;Batman deposit;MAIN;93
9F5BEAE5;3;GPH;IP;Batman deposit;MAIN;93
9F7B5CE1;1;GPH;IP;Samira Hill;MAIN;17|21|22
9F7B5CE1;2;GPH;AMAG;Samira Hill;MAIN;21|27
9FDF7843;1;GPH;IP;Esaase;MAIN;39
9FDF7843;2;GPH;EM;Esaase;MAIN;39
A02BED1A;1;GPH;IP;Leprechaun gold deposit;MAIN;50
A02BED1A;2;GPH;AMAG;Leprechaun gold deposit;MAIN;43
A02BED1A;3;GPH;GMAG;Leprechaun gold deposit;MAIN;43
9FA9D5C1;1;GPH;EM;Enchi Gold Project;MAIN;70|73
A14456D4;1;GPH;AMAG;Uncle Sam;MAIN;24|29|30
A15D5349;1;GPH;AMAG;Côté Gold deposit;MAIN;83
A036F348;1;GPH;AMAG;Brewery Creek Reserve Trend;MAIN;73
A036F348;2;GPH;IP;Brewery Creek Reserve Trend;MAIN;78
A1838081;1;GPH;MT;Temple;MAIN;7|8
A1F3946B;1;GPH;IP;Ollier Workings;MAIN;42
A1F3946B;2;GPH;GMAG;Ollier Workings;MAIN;42
A22B8198;3;GPH;AMAG;Nampala;MAIN;28
A22B8198;4;GPH;EM;Nampala;MAIN;28
A22B8198;5;GPH;RAD;Nampala;MAIN;28
A22B8198;6;GPH;IP;Nampala;MAIN;28
A296B63E;1;GPH;AMAG;El Castillo;MAIN;54
A286EBB1;1;GPH;GMAG;Helen Zone;MAIN;50
A286EBB1;2;GPH;EM;Helen Zone;MAIN;50
A286EBB1;3;GPH;IP;Helen Zone;MAIN;50
A29A9527;1;GPH;GRV;Higginsville Gold Operations;MAIN;67
A29A9527;2;GPH;SES;Higginsville Gold Operations;MAIN;67
A29A9527;3;GPH;AMAG;Higginsville Gold Operations;MAIN;67
A2DDC81F;1;GPH;AMAG;Sela Creek;MAIN;41
A2DDC81F;2;GPH;RAD;Sela Creek;MAIN;41|43
A2DDC81F;3;GPH;VLF;Sela Creek;MAIN;41
A2DE93E8;1;GPH;IP;Resenor Zone;MAIN;10
A2DE93E8;2;GPH;VLF;Resenor Zone;MAIN;14
A2E50205;1;GPH;EM;Beattie;MAIN;40
A2E50205;2;GPH;AMAG;Beattie;MAIN;40
A3099747;1;GPH;AMAG;Aranka North Property;MAIN;44
A31EFA0D;1;GPH;AMAG;Duparquet deposit;MAIN;45
A31EFA0D;2;GPH;EM;Duparquet deposit;MAIN;45
A3329256;1;GPH;RAD;Kiouène;MAIN;62
A3329256;2;GPH;GRV;Kiouène;MAIN;62
A3329256;3;GPH;GMAG;Kiouène;MAIN;62
A3329256;4;GPH;IP;Kiouène;MAIN;62
A3329256;5;GPH;EM;Kiouène;MAIN;62
A33EB979;1;GPH;AMAG;Madsen;MAIN;76|77
A34636C2;1;GPH;AMAG;Muir's Project;MAIN;26|28|31|38
A34636C2;2;GPH;RES;Muir's Project;MAIN;26|27|28|29|32|33|34|38
A34636C2;3;GPH;MT;Muir's Project;MAIN;21
A34636C2;4;GPH;RAD;Muir's Project;MAIN;28
A35963CA;1;GPH;VLF;Lac Herbin;MAIN;28
A35963CA;2;GPH;GMAG;Lac Herbin;MAIN;28
A35963CA;3;GPH;IP;Lac Herbin;MAIN;28|29
A35963CA;4;GPH;SES;Lac Herbin;MAIN;28
A35963CA;5;GPH;AMAG;Lac Herbin;MAIN;28
A3769907;2;GPH;UNS;North Lake deposit;MAIN;61
A37F9586;1;GPH;GMAG;East and West zones;MAIN;36|37
A37F9586;2;GPH;VLF;East and West zones;MAIN;36|37
A37F9586;3;GPH;IP;East and West zones;MAIN;36|37|38
A3F4D1FD;1;GPH;EM;Beaufor;MAIN;24
A3F4D1FD;2;GPH;RES;Beaufor;MAIN;24
A4640E59;1;GPH;IP;Wona;MAIN;30|123|155
A4640E59;2;GPH;AMAG;Wona;MAIN;30|123|155
A4640E59;3;GPH;RAD;Wona;MAIN;30|123|155
A4777FAE;1;GPH;EM;Enchi Gold Project;MAIN;70
A4777FAE;2;GPH;UNS;Enchi Gold Project;MAIN;74
A4B90B81;1;GPH;AMAG;baritic zone;MAIN;35
A497133B;1;GPH;AMAG;Canadian Malartic;MAIN;83
A4F88886;1;GPH;EM;Maud Creek;MAIN;92
A4F88886;2;GPH;AMAG;Maud Creek;MAIN;93
A4F88886;3;GPH;RAD;Maud Creek;MAIN;93
A5EFF2AE;2;GPH;GMAG;Dachang Main Zone (DMZ);MAIN;29|33
A5EFF2AE;3;GPH;EM;Dachang Main Zone (DMZ);MAIN;30|33
A5071C58;1;GPH;EM;Bell Creek Complex;MAIN;44
A5071C58;2;GPH;IP;Bell Creek Complex;MAIN;44
A5071C58;3;GPH;GMAG;Bell Creek Complex;MAIN;46
A5F94713;1;GPH;IP;JB Zone;MAIN;36
A5F94713;2;GPH;MT;JB Zone;MAIN;36
A5F94713;3;GPH;GRV;JB Zone;MAIN;36
A5F94713;4;GPH;UNS;JB Zone;MAIN;36
A64511D8;1;GPH;IP;Fosterville;MAIN;35|36|39
A64511D8;2;GPH;AMAG;Fosterville;MAIN;45
A64511D8;3;GPH;RAD;Fosterville;MAIN;45
A64511D8;4;GPH;GRV;Fosterville;MAIN;45
A63A6604;1;GPH;GMAG;Monique;MAIN;119
A63A6604;2;GPH;IP;Monique;MAIN;119|120
A68B3368;1;GPH;UNS;Mankarga;MAIN;65
A6CD78DF;1;GPH;VLF;Beattie-Donchester;MAIN;30
A6CD78DF;2;GPH;GMAG;Beattie-Donchester;MAIN;30
A70C3763;1;GPH;IP;Wona;MAIN;19|20
A6FEEE1C;2;GPH;AMAG;A-Zone;MAIN;86|96
A6FEEE1C;3;GPH;VLF;A-Zone;MAIN;86|94|96
A6FEEE1C;4;GPH;IP;A-Zone;MAIN;86|94
A6FEEE1C;5;GPH;GMAG;A-Zone;MAIN;86|94
A6FEEE1C;7;GPH;WLOG;A-Zone;MAIN;104
A785C4B0;1;GPH;AMAG;Namdini;MAIN;89
A785C4B0;2;GPH;RAD;Namdini;MAIN;89
A785C4B0;3;GPH;GMAG;Namdini;MAIN;89
A785C4B0;4;GPH;IP;Namdini;MAIN;89
A7E54DAA;1;GPH;AMAG;West Branch;MAIN;62|63
A7E54DAA;2;GPH;RAD;West Branch;MAIN;62|63
A7E54DAA;3;GPH;EM;West Branch;MAIN;62|63
A7E54DAA;4;GPH;GRV;West Branch;MAIN;63
A7E54DAA;5;GPH;IP;West Branch;MAIN;63
A7A69ABF;1;GPH;IP;Brewery Creek;MAIN;67|69
A7A69ABF;2;GPH;AMAG;Brewery Creek;MAIN;68
A7A69ABF;3;GPH;GMAG;Brewery Creek;MAIN;69
A81BA610;1;GPH;AMAG;Antenna;MAIN;84|85
A81BA610;2;GPH;RAD;Antenna;MAIN;84|86
A8489E1D;1;GPH;IP;Kao;MAIN;72
A8956D7D;1;GPH;IP;Esaase;MAIN;35
A8956D7D;2;GPH;EM;Esaase;MAIN;35
A866A0A0;1;GPH;AMAG;Pereira Velho;MAIN;53|61
A866A0A0;2;GPH;RAD;Pereira Velho;MAIN;53|61
A866A0A0;3;GPH;EM;Pereira Velho;MAIN;53
A866A0A0;4;GPH;GMAG;Pereira Velho;MAIN;54
A8676C2E;1;GPH;GRV;Elder;MAIN;29
A8676C2E;2;GPH;EM;Elder;MAIN;29
A944AF32;1;GPH;IP;Taurus;MAIN;58|67|74
A944AF32;2;GPH;AMAG;Taurus;MAIN;58|77
A944AF32;3;GPH;VLF;Taurus;MAIN;58|81
A8AA18B4;1;GPH;IP;Tres Cruces;MAIN;57|62|63
A8AA18B4;2;GPH;GMAG;Tres Cruces;MAIN;57|62
A8AA18B4;3;GPH;EM;Tres Cruces;MAIN;57
A8AA18B4;4;GPH;GRV;Tres Cruces;MAIN;62
A8A85A51;1;GPH;IP;Fenelon;MAIN;119
A8A85A51;2;GPH;RES;Fenelon;MAIN;119
A8A85A51;3;GPH;AMAG;Fenelon;MAIN;119
A99881E7;1;GPH;AMAG;Cariboo Gold Project;MAIN;121
A99881E7;2;GPH;EM;Cariboo Gold Project;MAIN;121
A9B960E7;1;GPH;AMAG;Serra Alta;MAIN;101|102
A9B960E7;2;GPH;RAD;Serra Alta;MAIN;101|102
A9B960E7;3;GPH;GMAG;Serra Alta;MAIN;101
A9B960E7;4;GPH;IP;Serra Alta;MAIN;101
AA2DF1BA;1;GPH;AMAG;Borborema;MAIN;90|92|98
AA2DF1BA;2;GPH;RAD;Borborema;MAIN;90|92|98
AAA822C0;1;GPH;AMAG;Kiniero;MAIN;48
AAB109A8;1;GPH;VLF;Morila;MAIN;19
AAB109A8;2;GPH;IP;Morila;MAIN;19
AAB109A8;3;GPH;RAD;Morila;MAIN;19
AAC7B60B;1;GPH;AMAG;Anoki;MAIN;21
AB663345;1;GPH;IP;Haile;MAIN;61
AB663345;2;GPH;GMAG;Haile;MAIN;61
AB663345;3;GPH;VLF;Haile;MAIN;61
AB663345;4;GPH;EM;Haile;MAIN;61
AB663345;5;GPH;AMAG;Haile;MAIN;61
AB663345;6;GPH;RAD;Haile;MAIN;61
AB805834;1;GPH;UNS;Sugar Zone;MAIN;14
AB8E030E;1;GPH;IP;Dead Mouse grid;MAIN;11
AB8E030E;2;GPH;EM;Dead Mouse grid;MAIN;11
AB8E030E;3;GPH;GMAG;Dead Mouse grid;MAIN;11
AB7CE6D2;1;GPH;IP;Cuiú Cuiú;MAIN;76
AB7CE6D2;2;GPH;AMAG;Cuiú Cuiú;MAIN;76|79
AB7CE6D2;3;GPH;RAD;Cuiú Cuiú;MAIN;76|79
AB7CE6D2;4;GPH;GMAG;Cuiú Cuiú;MAIN;76|77
ABB43E78;1;GPH;AMAG;Inata;MAIN;61|64
ABB43E78;2;GPH;EM;Inata;MAIN;64
ABB43E78;3;GPH;GMAG;Inata;MAIN;64
AB9F47AF;1;GPH;AMAG;Obuasi Gold Project;MAIN;39|45
AB9F47AF;3;GPH;VLF;Obuasi Gold Project;MAIN;47
AB9F47AF;4;GPH;EM;Obuasi Gold Project;MAIN;47
ABE56CFC;1;GPH;AMAG;Otjikoto gold deposit;MAIN;22
ABE56CFC;2;GPH;RAD;Otjikoto gold deposit;MAIN;22
ABE56CFC;3;GPH;EM;Otjikoto gold deposit;MAIN;22
ABE56CFC;4;GPH;GMAG;Otjikoto gold deposit;MAIN;22
ABE56CFC;5;GPH;IP;Otjikoto gold deposit;MAIN;22
ABDD77E6;1;GPH;GMAG;Larder Lake Property;MAIN;20
ABF2E182;1;GPH;AMAG;Main Zone;MAIN;41|44
ABF2E182;2;GPH;RES;Main Zone;MAIN;41|45
AC22B52B;1;GPH;AMAG;Wona-Kona;MAIN;25
AC22B52B;2;GPH;EM;Wona-Kona;MAIN;25
AC22B52B;3;GPH;RAD;Wona-Kona;MAIN;25
AC02949D;1;GPH;AMAG;Enterprise;MAIN;88|96
AC3D4582;1;GPH;AMAG;Windfall gold deposit;MAIN;33|40
AC3D4582;2;GPH;EM;Windfall gold deposit;MAIN;33|39
AC3D4582;3;GPH;IP;Windfall gold deposit;MAIN;33|39|40
AC490391;1;GPH;AMAG;Hasenfuss Gold Zone;MAIN;33
AC917C42;1;GPH;AMAG;Starlight;MAIN;72
AC917C42;2;GPH;GRV;Starlight;MAIN;72
ACB24D44;1;GPH;AMAG;Marban;MAIN;85
ACB24D44;2;GPH;IP;Marban;MAIN;85
ACFE6332;1;GPH;IP;Last Hope Deposit;MAIN;31
ACC7C364;1;GPH;IP;Kimoukro Project;MAIN;52|67|69|71
AD1187DC;1;GPH;IP;Kona;MAIN;36
AD2CE3B1;1;GPH;GMAG;Kobada;MAIN;36
AD2CE3B1;2;GPH;IP;Kobada;MAIN;36
AD2CE3B1;3;GPH;AMAG;Kobada;MAIN;38
AD2CE3B1;4;GPH;RAD;Kobada;MAIN;38
ADA8A633;1;GPH;AMAG;Rory's Knoll;MAIN;60
ADBC9C6C;1;GPH;AMAG;Fornieri Bay;MAIN;15|19
ADBC9C6C;2;GPH;EM;Fornieri Bay;MAIN;15
ADFE0537;1;GPH;IP;Kinsley;MAIN;88|89|90
AE0BFC85;1;GPH;AMAG;Discovery Zone;MAIN;65|67
AE3059BE;2;GPH;SWIR;Granada;MAIN;74
AE5E32AD;1;GPH;UNS;Kensington;MAIN;52
AE86B644;1;GPH;GRV;Buckreef;MAIN;29
AE86B644;2;GPH;IP;Buckreef;MAIN;29
AE86B644;3;GPH;AMAG;Buckreef;MAIN;29
AE6C2453;1;GPH;AMAG;Bombore Gold Project;MAIN;88
AE6C2453;2;GPH;RAD;Bombore Gold Project;MAIN;88
AE6C2453;3;GPH;RES;Bombore Gold Project;MAIN;88
AE6C2453;4;GPH;IP;Bombore Gold Project;MAIN;81
AEC48455;1;GPH;AMAG;M2 trend;MAIN;56
AEC48455;2;GPH;IP;M2 trend;MAIN;58
AEC48455;3;GPH;GMAG;M2 trend;MAIN;62
AEBA6A8C;1;GPH;AMAG;Golden Highway Project;MAIN;56
AEBA6A8C;2;GPH;GMAG;Golden Highway Project;MAIN;56|57
AEBA6A8C;3;GPH;IP;Golden Highway Project;MAIN;56|57
AEBA6A8C;4;GPH;EM;Golden Highway Project;MAIN;56
AEBA6A8C;5;GPH;RES;Golden Highway Project;MAIN;56
AF0C2B30;2;GPH;AMAG;Eleonore;MAIN;63
AF0C2B30;3;GPH;RAD;Eleonore;MAIN;63
AF0C2B30;4;GPH;IP;Eleonore;MAIN;64
AEF2B8AA;1;GPH;GMAG;Tower Gold Project;MAIN;72|73
AEF2B8AA;2;GPH;IP;Tower Gold Project;MAIN;72|73
AEF2B8AA;3;GPH;VLF;Tower Gold Project;MAIN;72
AEF2B8AA;4;GPH;AMAG;Tower Gold Project;MAIN;72
AEF2B8AA;5;GPH;UNS;Tower Gold Project;MAIN;72
AEF2B8AA;6;GPH;RES;Tower Gold Project;MAIN;73
AEF2B8AA;7;GPH;EM;Tower Gold Project;MAIN;73
AF362E82;1;GPH;AMAG;Marban;MAIN;85
AF362E82;2;GPH;IP;Marban;MAIN;85
AF30E6EF;1;GPH;GMAG;325-Megane Zone;MAIN;87
AF30E6EF;2;GPH;IP;325-Megane Zone;MAIN;87
AF30E6EF;3;GPH;RES;325-Megane Zone;MAIN;87
AF30E6EF;4;GPH;AMAG;325-Megane Zone;MAIN;91
AF30E6EF;5;GPH;EM;325-Megane Zone;MAIN;97
AF30E6EF;6;GPH;VLF;325-Megane Zone;MAIN;105
AF8C01B6;1;GPH;EM;Paiol;MAIN;81
AF8C01B6;2;GPH;AMAG;Paiol;MAIN;81
AF8C01B6;3;GPH;RAD;Paiol;MAIN;81
AF8C01B6;4;GPH;IP;Paiol;MAIN;81
AF8C01B6;5;GPH;RES;Paiol;MAIN;81
AF8C3415;1;GPH;GMAG;G1N;MAIN;24
AF8C3415;2;GPH;RAD;G1N;MAIN;24
AF8C3415;3;GPH;IP;G1N;MAIN;24
AFB48894;1;GPH;AMAG;Sissingue;MAIN;41
AFB48894;2;GPH;RAD;Sissingue;MAIN;41
AFB48894;3;GPH;VLF;Sissingue;MAIN;41
AFB48894;4;GPH;EM;Sissingue;MAIN;41
AFB48894;5;GPH;IP;Sissingue;MAIN;41
AFD1AEE8;2;GPH;IP;Bomboré;MAIN;72
AFD1AEE8;3;GPH;RES;Bomboré;MAIN;73|74
AFD1AEE8;4;GPH;AMAG;Bomboré;MAIN;73|74
AFD1AEE8;5;GPH;RAD;Bomboré;MAIN;73|74
B0445BA1;1;GPH;GMAG;Ludevelo Prospect;MAIN;19
B0445BA1;2;GPH;IP;Ludevelo Prospect;MAIN;19
B0461EAC;1;GPH;GRV;Elder;MAIN;28
B0461EAC;2;GPH;EM;Elder;MAIN;28
B0727ABA;1;GPH;IP;Nabanga;MAIN;47
B0727ABA;2;GPH;GMAG;Nabanga;MAIN;47
B057C26D;1;GPH;IP;Karankasso Deposits;MAIN;29|30|32
B057C26D;2;GPH;AMAG;Karankasso Deposits;MAIN;32
B057C26D;3;GPH;RAD;Karankasso Deposits;MAIN;32
B0A1C299;1;GPH;IP;Côté;MAIN;121|125|130|131|133
B0A1C299;2;GPH;VLF;Côté;MAIN;120|131|133
B0A1C299;3;GPH;AMAG;Côté;MAIN;97|121
B0A1C299;4;GPH;EM;Côté;MAIN;121
B0B1AC4F;1;GPH;AMAG;Chimo Mine;MAIN;34
B0A54871;1;GPH;GMAG;Goose Site;MAIN;78
B0A54871;2;GPH;IP;Goose Site;MAIN;78|79|80
B0A54871;3;GPH;EM;Goose Site;MAIN;78
B0E768ED;1;GPH;AMAG;EMZ deposit;MAIN;68
B0E768ED;2;GPH;RAD;EMZ deposit;MAIN;68
B0E768ED;3;GPH;IP;EMZ deposit;MAIN;68
B10AFF42;1;GPH;GMAG;Hansen Showing;MAIN;42|47
B10AFF42;2;GPH;EM;Hansen Showing;MAIN;42
B10AFF42;3;GPH;VLF;Hansen Showing;MAIN;42|47
B15BAE48;1;GPH;GRV;Rionegro Placer;MAIN;86
B15BAE48;2;GPH;UNS;Rionegro Placer;MAIN;86|87
B15BAE48;3;GPH;RAD;Rionegro Placer;MAIN;87
B120C61F;1;GPH;AMAG;Pilar;MAIN;113
B120C61F;2;GPH;IP;Pilar;MAIN;113
B14BD2DA;1;GPH;AMAG;Coringa;MAIN;81
B14BD2DA;2;GPH;RAD;Coringa;MAIN;81
B14BD2DA;3;GPH;IP;Coringa;MAIN;81|82
B14BD2DA;4;GPH;EM;Coringa;MAIN;82
B167925F;1;GPH;IP;Côté;MAIN;136
B167925F;2;GPH;VLF;Côté;MAIN;136
B167925F;3;GPH;AMAG;Côté;MAIN;100
B188E0E8;1;GPH;UNS;Lone Tree;MAIN;44
B1A42887;1;GPH;GMAG;Fosterville;MAIN;74
B1A42887;2;GPH;IP;Fosterville;MAIN;75|76|78
B1A42887;3;GPH;AMAG;Fosterville;MAIN;77
B1A42887;4;GPH;RAD;Fosterville;MAIN;77
B1A42887;6;GPH;GRV;Fosterville;MAIN;78
B1F14489;1;GPH;WLOG;Berezitovy;MAIN;56
B21D23C3;1;GPH;IP;Pepas;MAIN;114
B21D23C3;2;GPH;AMAG;Pepas;MAIN;116
B21D23C3;3;GPH;RAD;Pepas;MAIN;125
B27CAB04;1;GPH;AMAG;New Britannia Mine;MAIN;68
B2D7C395;1;GPH;IP;São Jorge;MAIN;35
B2D7C395;2;GPH;AMAG;São Jorge;MAIN;35
B2D7C395;3;GPH;RAD;São Jorge;MAIN;35
B2D7C395;4;GPH;GMAG;São Jorge;MAIN;35
B28457DE;1;GPH;GMAG;Beattie-Donchester;MAIN;24
B28457DE;2;GPH;EM;Beattie-Donchester;MAIN;24
B2EBD0B7;1;GPH;AMAG;Zone Ouest;MAIN;21|23
B34DF577;1;GPH;AMAG;Lamarche prospect;MAIN;34|37|39
B34DF577;2;GPH;EM;Lamarche prospect;MAIN;34
B34DF577;5;GPH;IP;Lamarche prospect;MAIN;45|48
B34DF577;6;GPH;GMAG;Lamarche prospect;MAIN;48
B34716A2;1;GPH;UNS;Tucano;MAIN;76
B34716A2;2;GPH;IP;Tucano;MAIN;68
B34716A2;3;GPH;RES;Tucano;MAIN;68
B36B1AFC;1;GPH;AMAG;Yellowjacket Zone;MAIN;35|36
B36B1AFC;2;GPH;EM;Yellowjacket Zone;MAIN;35|36
B36B1AFC;3;GPH;GMAG;Yellowjacket Zone;MAIN;36
B3B71F20;1;GPH;IP;Barry deposit;MAIN;77|81
B40E15DD;1;GPH;GMAG;Sugar Zone;MAIN;68|70
B40E15DD;2;GPH;IP;Sugar Zone;MAIN;68|69|70|73
B40E15DD;3;GPH;EM;Sugar Zone;MAIN;69
B40E15DD;4;GPH;AMAG;Sugar Zone;MAIN;69|70
B40E15DD;5;GPH;RES;Sugar Zone;MAIN;70
B40E15DD;6;GPH;RAD;Sugar Zone;MAIN;70
B40E15DD;7;GPH;VLF;Sugar Zone;MAIN;72|73
B47C5F48;2;GPH;AMAG;Miminiska Property;MAIN;60
B47C5F48;3;GPH;GMAG;Miminiska Property;MAIN;60
B47C5F48;4;GPH;EM;Miminiska Property;MAIN;60
B4BBAE1F;1;GPH;AMAG;Osikonmäki;MAIN;34
B4BBAE1F;2;GPH;IP;Osikonmäki;MAIN;34
B4BBAE1F;3;GPH;GMAG;Osikonmäki;MAIN;34
B4BBAE1F;4;GPH;EM;Osikonmäki;MAIN;34
B4BBAE1F;5;GPH;RES;Osikonmäki;MAIN;34
B4BBAE1F;7;GPH;RAD;Osikonmäki;MAIN;34
B4BBAE1F;8;GPH;MT;Osikonmäki;MAIN;34
B4BBAE1F;9;GPH;SWIR;Osikonmäki;MAIN;34
B4E144C0;1;GPH;AMAG;Packsack-CUPP Vein System;MAIN;53|57|58
B4E36595;1;GPH;AMAG;Butiá Prospect;MAIN;59|75|82|84|89|91|92|93
B4E36595;2;GPH;RAD;Butiá Prospect;MAIN;59|75|83
B5311437;1;GPH;EM;Three Bluffs;MAIN;46
B5311437;2;GPH;AMAG;Three Bluffs;MAIN;46
B5311437;3;GPH;GMAG;Three Bluffs;MAIN;46
B597DBA0;1;GPH;AMAG;KCD Trend;MAIN;76|88|94
B59C8CDE;1;GPH;EM;Galat Sufar South (GSS);MAIN;62
B59C8CDE;2;GPH;AMAG;Galat Sufar South (GSS);MAIN;53|62
B59C8CDE;3;GPH;RAD;Galat Sufar South (GSS);MAIN;62
B59C8CDE;5;GPH;GMAG;Galat Sufar South (GSS);MAIN;62
B6331EBD;1;GPH;IP;São Jorge;MAIN;55
B6331EBD;2;GPH;AMAG;São Jorge;MAIN;55
B6331EBD;3;GPH;RAD;São Jorge;MAIN;55
B6331EBD;4;GPH;GMAG;São Jorge;MAIN;55
B645E047;1;GPH;EM;Galat Sufar South;MAIN;46|52
B645E047;2;GPH;AMAG;Galat Sufar South;MAIN;46|52|53
B645E047;3;GPH;RAD;Galat Sufar South;MAIN;46|52|53|55
B645E047;4;GPH;GMAG;Galat Sufar South;MAIN;46|55
B6AE081D;1;GPH;IP;Nivré;MAIN;83
B6AE081D;2;GPH;RAD;Nivré;MAIN;65|66
B6AE081D;3;GPH;UNS;Nivré;MAIN;68
B71D484D;1;GPH;GMAG;Sleeping Giant Mine;MAIN;11
B71D484D;2;GPH;VLF;Sleeping Giant Mine;MAIN;11
B6DC7ED6;1;GPH;IP;Main Zone;MAIN;40|41
B72958B4;3;GPH;AMAG;Blackjack Zone;MAIN;53
B6C15F1E;1;GPH;AMAG;Hasaga Property;MAIN;53
B737EAFE;1;GPH;IP;Fenelon deposit;MAIN;95
B737EAFE;2;GPH;AMAG;Fenelon deposit;MAIN;96
B79F4D5C;1;GPH;UNS;Songjiagou;MAIN;8|60
B82BA7D8;1;GPH;GRV;Long Canyon;MAIN;50
B82BA7D8;2;GPH;IP;Long Canyon;MAIN;52
B7C3BB3E;1;GPH;AMAG;Ikkari;MAIN;46
B7C3BB3E;2;GPH;GMAG;Ikkari;MAIN;46
B7C3BB3E;3;GPH;GRV;Ikkari;MAIN;46
B7C3BB3E;4;GPH;IP;Ikkari;MAIN;46
B8954892;1;GPH;UNS;Ladolam Deposit;MAIN;31
B8DAFEB7;1;GPH;AMAG;Baomahun;MAIN;20
B82BC835;1;GPH;AMAG;Brewery Creek Project;MAIN;73
B82BC835;2;GPH;IP;Brewery Creek Project;MAIN;78
B8FDCDBB;1;GPH;AMAG;Kiaka Main Zone (KMZ);MAIN;26
B8FDCDBB;2;GPH;GMAG;Kiaka Main Zone (KMZ);MAIN;26
B9360098;1;GPH;AMAG;Maria Bonita;MAIN;45
B9360098;2;GPH;RAD;Maria Bonita;MAIN;45
B9360098;3;GPH;GMAG;Maria Bonita;MAIN;45
B97AE5D3;1;GPH;AMAG;Haputilik shear zone;MAIN;22
B97AE5D3;2;GPH;GRV;Haputilik shear zone;MAIN;24
B97AE5D3;3;GPH;SWIR;Haputilik shear zone;MAIN;34
B9E51129;1;GPH;UNS;Thunder Creek;MAIN;35|36
B9E74A56;1;GPH;AMAG;Kunche;MAIN;65
B9E74A56;2;GPH;RAD;Kunche;MAIN;65
B9E74A56;3;GPH;IP;Kunche;MAIN;66|67
BA07D9A3;1;GPH;EM;Tartan Lake Gold Deposit;MAIN;56
BA07D9A3;2;GPH;AMAG;Tartan Lake Gold Deposit;MAIN;56
BA2DF9EC;1;GPH;UNS;Mount Rawdon;MAIN;27
BA699B5E;1;GPH;IP;Edikan Gold Deposits;MAIN;62
BA699B5E;2;GPH;AMAG;Edikan Gold Deposits;MAIN;63
BA699B5E;3;GPH;RAD;Edikan Gold Deposits;MAIN;63
BA699B5E;5;GPH;EM;Edikan Gold Deposits;MAIN;63|64
BAF925F5;1;GPH;AMAG;Yup River;MAIN;12
BAF925F5;2;GPH;RAD;Yup River;MAIN;12
BAE54749;1;GPH;UNS;Seabee;MAIN;33
BB4CA3FE;1;GPH;IP;Zone 32;MAIN;12
BB20E870;1;GPH;UNS;Bibiani;MAIN;34
BB20E870;2;GPH;AMAG;Bibiani;MAIN;35
BB07643E;1;GPH;GMAG;Az Zone;MAIN;55
BB07643E;2;GPH;IP;Az Zone;MAIN;55
BB07643E;3;GPH;RAD;Az Zone;MAIN;60
BB61CF6C;1;GPH;GMAG;Buckreef Prospect;MAIN;44
BB61CF6C;2;GPH;IP;Buckreef Prospect;MAIN;44|45|46
BB61CF6C;3;GPH;GRV;Buckreef Prospect;MAIN;44|45
BB61CF6C;4;GPH;AMAG;Buckreef Prospect;MAIN;45
BB54CCFF;1;GPH;AMAG;Pilar;MAIN;109
BB54CCFF;2;GPH;IP;Pilar;MAIN;109
BBD4160D;1;GPH;IP;Esaase Project;MAIN;39
BBD4160D;2;GPH;EM;Esaase Project;MAIN;39
BB800A73;1;GPH;AMAG;Mazoa Hill;MAIN;46|47
BB800A73;2;GPH;RAD;Mazoa Hill;MAIN;46|47
BB800A73;3;GPH;GMAG;Mazoa Hill;MAIN;50
BB800A73;4;GPH;VLF;Mazoa Hill;MAIN;50
BBF7A9A5;1;GPH;AMAG;Mankarga 5;MAIN;41|42
BBF7A9A5;2;GPH;RAD;Mankarga 5;MAIN;41|42
BC8D1F34;1;GPH;UNS;5 Zone;MAIN;52
BC8D1F34;2;GPH;IP;5 Zone;MAIN;52
BCB7A348;1;GPH;AMAG;Yup River Area;MAIN;12
BCB7A348;2;GPH;RAD;Yup River Area;MAIN;12
BCBAA878;1;GPH;IP;Dogpaw Gold Deposit;MAIN;41
BCDBB437;3;GPH;AMAG;New Liberty;MAIN;49
BCDBB437;4;GPH;RAD;New Liberty;MAIN;49
BCF11E6D;1;GPH;IP;Bombore;MAIN;69
BCF11E6D;3;GPH;RES;Bombore;MAIN;70|71|72
BCF11E6D;4;GPH;AMAG;Bombore;MAIN;71
BCF11E6D;5;GPH;RAD;Bombore;MAIN;71
BCF32515;1;GPH;EM;Beatons Creek;MAIN;2
BD1E509D;1;GPH;AMAG;Granada;MAIN;56|57
BD57FDE1;2;GPH;GMAG;Hammond Reef;MAIN;46
BD65CEC3;1;GPH;AMAG;Nyamakwenge;MAIN;43|66
BD65CEC3;2;GPH;GRV;Nyamakwenge;MAIN;43
BD65CEC3;3;GPH;RAD;Nyamakwenge;MAIN;66
BD65CEC3;4;GPH;IP;Nyamakwenge;MAIN;66|101
BD65CEC3;5;GPH;GMAG;Nyamakwenge;MAIN;66
BDB6688C;1;GPH;GMAG;Fair Bride;MAIN;43
BDB6688C;2;GPH;IP;Fair Bride;MAIN;43
BDB6688C;3;GPH;EM;Fair Bride;MAIN;45
BDB6688C;4;GPH;AMAG;Fair Bride;MAIN;45
BD9051AE;1;GPH;AMAG;Antenna;MAIN;73
BD9051AE;2;GPH;RAD;Antenna;MAIN;73
BD9051AE;3;GPH;IP;Antenna;MAIN;73
BDCCD1E2;1;GPH;AMAG;LP Zone;MAIN;71|95
BDE3CFA2;1;GPH;VLF;Goldboro Deposit;MAIN;13
BDE3CFA2;2;GPH;IP;Goldboro Deposit;MAIN;13
BDDB9C5A;1;GPH;EM;Appleton Fault Zone Mineralized Envelope;MAIN;124|125
BDDB9C5A;2;GPH;AMAG;Appleton Fault Zone Mineralized Envelope;MAIN;124|125|127
BDDB9C5A;3;GPH;GRV;Appleton Fault Zone Mineralized Envelope;MAIN;124
BDDB9C5A;7;GPH;GMAG;Appleton Fault Zone Mineralized Envelope;MAIN;125
BDDB9C5A;8;GPH;VLF;Appleton Fault Zone Mineralized Envelope;MAIN;125
BDDB9C5A;10;GPH;SES;Appleton Fault Zone Mineralized Envelope;MAIN;127
BE35B6FE;1;GPH;AMAG;Castelo de Sonhos;MAIN;39
BE35B6FE;2;GPH;RAD;Castelo de Sonhos;MAIN;39|40
BE35B6FE;3;GPH;WLOG;Castelo de Sonhos;MAIN;39|40
BE35B6FE;5;GPH;RES;Castelo de Sonhos;MAIN;40
BE35B6FE;6;GPH;SES;Castelo de Sonhos;MAIN;40
BE5D51CB;1;GPH;AMAG;Namdini;MAIN;19
BE5D51CB;2;GPH;GMAG;Namdini;MAIN;20
BE5D51CB;3;GPH;IP;Namdini;MAIN;20
BE656220;1;GPH;RAD;Gross;MAIN;79|83
BE656220;2;GPH;MT;Gross;MAIN;80|81
BE656220;3;GPH;AMAG;Gross;MAIN;82
BE698931;1;GPH;EM;Central Deposit;MAIN;131|132
BE698931;2;GPH;GRV;Central Deposit;MAIN;132
BE698931;3;GPH;GMAG;Central Deposit;MAIN;132
BE698931;4;GPH;RES;Central Deposit;MAIN;132
BF8AF30F;1;GPH;GRV;North Bullion;MAIN;70|85
BF8AF30F;2;GPH;MT;North Bullion;MAIN;70|85
BF8AF30F;3;GPH;GMAG;North Bullion;MAIN;85
BF8AF30F;4;GPH;AMAG;North Bullion;MAIN;85
BFC3FB35;1;GPH;AMAG;San Francisco;MAIN;70
BFCD3766;1;GPH;IP;Ludevelo;MAIN;19
BFCD3766;2;GPH;GMAG;Ludevelo;MAIN;19
BFCB44FB;1;GPH;IP;Siwash North;MAIN;41
C05F6900;1;GPH;RES;Gilbert River Placer;MAIN;62
C05F6900;2;GPH;IP;Gilbert River Placer;MAIN;62
C05F6900;3;GPH;EM;Gilbert River Placer;MAIN;62
C05F6900;4;GPH;MT;Gilbert River Placer;MAIN;62|65
C05F6900;5;GPH;GRV;Gilbert River Placer;MAIN;65
C05F6900;6;GPH;GMAG;Gilbert River Placer;MAIN;65
C0363DD0;3;GPH;AMAG;Fenn-Gib Deposit;MAIN;81|82
C0363DD0;4;GPH;IP;Fenn-Gib Deposit;MAIN;82
C0739ED0;1;GPH;GMAG;Boyd's Dam;MAIN;55
C0739ED0;2;GPH;AMAG;Boyd's Dam;MAIN;55
C0739ED0;3;GPH;SES;Boyd's Dam;MAIN;57|60|62
C0739ED0;4;GPH;IP;Boyd's Dam;MAIN;57
C0739ED0;5;GPH;GRV;Boyd's Dam;MAIN;57
C0739ED0;6;GPH;UNS;Boyd's Dam;MAIN;60|62
C0BF2AE2;1;GPH;GMAG;Bishop's Break;MAIN;16|30
C0BF2AE2;2;GPH;VLF;Bishop's Break;MAIN;16|30
C0C0F83C;1;GPH;AMAG;Buckreef Deposit;MAIN;86|91
C0C0F83C;2;GPH;GMAG;Buckreef Deposit;MAIN;91
C15660C7;1;GPH;AMAG;Karagba-Chauffeur-Durba (KCD);MAIN;89
C15660C7;2;GPH;EM;Karagba-Chauffeur-Durba (KCD);MAIN;89
C15660C7;3;GPH;RAD;Karagba-Chauffeur-Durba (KCD);MAIN;89
C0D2D3EE;1;GPH;EM;Sidikila;MAIN;53
C16CE521;1;GPH;AMAG;Kiena Deep A Zone;MAIN;90
C1BB00D4;1;GPH;AMAG;LP Fault Zone;MAIN;47|52|54
C1BB00D4;2;GPH;EM;LP Fault Zone;MAIN;47|54
C1B28F7A;1;GPH;GMAG;Blackwater;MAIN;18
C1B28F7A;2;GPH;EM;Blackwater;MAIN;18
C1B28F7A;3;GPH;AMAG;Blackwater;MAIN;18
C1B28F7A;4;GPH;SES;Blackwater;MAIN;18
C1B28F7A;5;GPH;VLF;Blackwater;MAIN;18
C1B28F7A;6;GPH;IP;Blackwater;MAIN;18|29
C1CCE8F2;1;GPH;GMAG;Sugar Zone;MAIN;37
C1CCE8F2;2;GPH;IP;Sugar Zone;MAIN;37|39
C1CCE8F2;3;GPH;AMAG;Sugar Zone;MAIN;39
C1CCE8F2;4;GPH;EM;Sugar Zone;MAIN;39
C1AF351F;1;GPH;IP;Dolphin;MAIN;48|52
C1AF351F;2;GPH;MT;Dolphin;MAIN;52
C1AF351F;3;GPH;EM;Dolphin;MAIN;48|52
C1AF351F;4;GPH;VLF;Dolphin;MAIN;52
C1AF351F;5;GPH;AMAG;Dolphin;MAIN;52
C1AF351F;6;GPH;SWIR;Dolphin;MAIN;50
C1ED958B;1;GPH;AMAG;New Liberty;MAIN;124
C1ED958B;2;GPH;RAD;New Liberty;MAIN;124
C1ED958B;3;GPH;GMAG;New Liberty;MAIN;128
C1ED958B;4;GPH;IP;New Liberty;MAIN;128
C215F9C2;1;GPH;GMAG;CSH217;MAIN;44
C215F9C2;2;GPH;EM;CSH217;MAIN;44
C215F9C2;3;GPH;GRV;CSH217;MAIN;45
C215F9C2;4;GPH;IP;CSH217;MAIN;45
C1F18075;1;GPH;AMAG;Timmins Gold Project Deposit;MAIN;12
C1F18075;2;GPH;EM;Timmins Gold Project Deposit;MAIN;12
C20B6EBF;1;GPH;AMAG;San Francisco;MAIN;66
C20B6EBF;2;GPH;RAD;San Francisco;MAIN;66
C20B6EBF;3;GPH;MT;San Francisco;MAIN;66
C2737FEA;1;GPH;AMAG;Peters mine;MAIN;54
C2853B2A;1;GPH;AMAG;Malartic West;MAIN;25
C2853B2A;3;GPH;IP;Malartic West;MAIN;29|32
C2853B2A;4;GPH;GMAG;Malartic West;MAIN;29|30
C2853B2A;5;GPH;VLF;Malartic West;MAIN;29|30
C2ADB7A0;1;GPH;GMAG;Lipton Gold Zones;MAIN;25
C2ADB7A0;2;GPH;EM;Lipton Gold Zones;MAIN;25
C2ADB7A0;3;GPH;AMAG;Lipton Gold Zones;MAIN;26
C379D122;1;GPH;EM;Kobeh Ridge;MAIN;11|16
C379D122;2;GPH;MT;Kobeh Ridge;MAIN;11|16
C3431E1B;1;GPH;GRV;Magdala;MAIN;54|55|56|57
C3431E1B;2;GPH;AMAG;Magdala;MAIN;54|55|56|57
C3431E1B;3;GPH;MT;Magdala;MAIN;53|56
C3431E1B;4;GPH;IP;Magdala;MAIN;56
C3A20AC5;1;GPH;VLF;Monument Bay;MAIN;15
C3A20AC5;2;GPH;GMAG;Monument Bay;MAIN;15
C3B278EC;1;GPH;UNS;Hicks;MAIN;77
C44A44AA;1;GPH;IP;Lac Pau;MAIN;17
C44A44AA;2;GPH;AMAG;Lac Pau;MAIN;14|15
C3D8742E;1;GPH;GMAG;Jubilee Deposit;MAIN;95
C3D8742E;2;GPH;IP;Jubilee Deposit;MAIN;95|102
C3D8742E;3;GPH;EM;Jubilee Deposit;MAIN;95|99
C3D8742E;4;GPH;AMAG;Jubilee Deposit;MAIN;98
C3D8742E;5;GPH;MT;Jubilee Deposit;MAIN;98
C3D8742E;7;GPH;GRV;Jubilee Deposit;MAIN;102|103
C4423E04;1;GPH;GRV;Long Canyon;MAIN;67
C4423E04;2;GPH;IP;Long Canyon;MAIN;67
C40FA5C9;1;GPH;IP;Dolphin;MAIN;63
C40FA5C9;2;GPH;MT;Dolphin;MAIN;63
C40FA5C9;4;GPH;EM;Dolphin;MAIN;59|63
C40FA5C9;5;GPH;VLF;Dolphin;MAIN;63
C40FA5C9;6;GPH;AMAG;Dolphin;MAIN;63
C40FA5C9;9;GPH;SWIR;Dolphin;MAIN;61
C4F27B1D;1;GPH;AMAG;Democrat;MAIN;31|32
C4F27B1D;2;GPH;EM;Democrat;MAIN;32
C4F27B1D;3;GPH;GMAG;Democrat;MAIN;47|56
C4F75258;3;GPH;IP;Bombore gold deposit;MAIN;70
C4F75258;4;GPH;RES;Bombore gold deposit;MAIN;71|72
C4F75258;5;GPH;AMAG;Bombore gold deposit;MAIN;72
C4F75258;6;GPH;RAD;Bombore gold deposit;MAIN;72
C4F75258;8;GPH;GRV;Bombore gold deposit;MAIN;75
C515FA0D;1;GPH;AMAG;Mougnina Project;MAIN;28|32
C515FA0D;2;GPH;GMAG;Mougnina Project;MAIN;4|28|30
C553E382;1;GPH;AMAG;Paddy's Flat;MAIN;85|105
C57DC080;1;GPH;AMAG;Skvoznoy;MAIN;37|38
C57DC080;2;GPH;GRV;Skvoznoy;MAIN;37|38
C57DC080;3;GPH;GMAG;Skvoznoy;MAIN;37|38
C57DC080;4;GPH;SP;Skvoznoy;MAIN;38
C57DC080;5;GPH;RES;Skvoznoy;MAIN;38
C61AC28A;2;GPH;GMAG;Kone;MAIN;29|33
C61AC28A;3;GPH;IP;Kone;MAIN;29|33
C5EF24DD;1;GPH;AMAG;Volta Grande Project;MAIN;80|81
C5EF24DD;2;GPH;RAD;Volta Grande Project;MAIN;80|81
C5EF24DD;3;GPH;IP;Volta Grande Project;MAIN;80
C5F091DE;1;GPH;AMAG;Komahun;MAIN;15
C5F091DE;2;GPH;RAD;Komahun;MAIN;15
C5FC035D;1;GPH;UNS;Fazenda;MAIN;58
C5FC035D;2;GPH;GMAG;Fazenda;MAIN;49
C6EFD2B3;2;GPH;GMAG;Garrcon Deposit;MAIN;107
C6EFD2B3;3;GPH;VLF;Garrcon Deposit;MAIN;107
C6EFD2B3;5;GPH;IP;Garrcon Deposit;MAIN;114
C6EFD2B3;6;GPH;EM;Garrcon Deposit;MAIN;115|117
C69A15A2;2;GPH;AMAG;Box;MAIN;75
C69A15A2;3;GPH;EM;Box;MAIN;75
C69A15A2;4;GPH;IP;Box;MAIN;75
C69A15A2;6;GPH;RAD;Box;MAIN;87|88
C698C158;1;GPH;VLF;Lac Herbin;MAIN;26|27
C698C158;2;GPH;GMAG;Lac Herbin;MAIN;26|27
C698C158;3;GPH;IP;Lac Herbin;MAIN;27
C698C158;4;GPH;SES;Lac Herbin;MAIN;27
C698C158;5;GPH;AMAG;Lac Herbin;MAIN;27
C72312B6;1;GPH;AMAG;Hirsikangas;MAIN;31|32|35
C72312B6;2;GPH;EM;Hirsikangas;MAIN;31
C72312B6;3;GPH;RAD;Hirsikangas;MAIN;31
C72312B6;4;GPH;GMAG;Hirsikangas;MAIN;32
C72312B6;5;GPH;IP;Hirsikangas;MAIN;32
C77B79FA;1;GPH;VLF;Lac Herbin;MAIN;30|31
C77B79FA;2;GPH;GMAG;Lac Herbin;MAIN;30|31
C77B79FA;3;GPH;IP;Lac Herbin;MAIN;31
C77B79FA;4;GPH;SES;Lac Herbin;MAIN;31
C77B79FA;5;GPH;AMAG;Lac Herbin;MAIN;31
C78E21EB;1;GPH;GMAG;Coffee;MAIN;80|84
C78E21EB;2;GPH;AMAG;Coffee;MAIN;80|84
C78E21EB;3;GPH;RAD;Coffee;MAIN;80|84
C78E21EB;7;GPH;EM;Coffee;MAIN;80|85|86|87|88
C78E21EB;8;GPH;VLF;Coffee;MAIN;80|86
C78E21EB;9;GPH;GRV;Coffee;MAIN;80|87
C78E21EB;10;GPH;IP;Coffee;MAIN;80|87
C78E21EB;11;GPH;GPR;Coffee;MAIN;80|88
C78E21EB;12;GPH;SES;Coffee;MAIN;80|88
C78E21EB;13;GPH;SP;Coffee;MAIN;88
C78E21EB;14;GPH;MT;Coffee;MAIN;80|84
C7BF4D7A;1;GPH;AMAG;Colomac Main;MAIN;131|137
C7BF4D7A;2;GPH;VLF;Colomac Main;MAIN;131
C7BF4D7A;3;GPH;IP;Colomac Main;MAIN;131|132|136
C7BF4D7A;5;GPH;GMAG;Colomac Main;MAIN;132|134
C7BF4D7A;8;GPH;GRV;Colomac Main;MAIN;134
C7BF4D7A;11;GPH;EM;Colomac Main;MAIN;137
C7F84FF8;1;GPH;AMAG;Bell Creek Complex;MAIN;22|34
C7F84FF8;2;GPH;EM;Bell Creek Complex;MAIN;22|34
C8749E28;1;GPH;AMAG;Komahun deposit;MAIN;12
C8749E28;2;GPH;RAD;Komahun deposit;MAIN;12
C81E3145;1;GPH;AMAG;Kerboulé;MAIN;38|43
C81E3145;5;GPH;IP;Kerboulé;MAIN;38
C81E3145;6;GPH;GMAG;Kerboulé;MAIN;38|42
C81E3145;7;GPH;VLF;Kerboulé;MAIN;38
C81E3145;9;GPH;RAD;Kerboulé;MAIN;43
C8A4E7EC;1;GPH;AMAG;East-West Zones;MAIN;23|25
C8A4E7EC;2;GPH;GMAG;East-West Zones;MAIN;29
C8A4E7EC;3;GPH;VLF;East-West Zones;MAIN;29
C8A4E7EC;4;GPH;IP;East-West Zones;MAIN;29|30
C844E937;1;GPH;GPR;Pardo;MAIN;31
C844E937;2;GPH;RAD;Pardo;MAIN;43
C990DF67;1;GPH;GMAG;Gramalote;MAIN;43|52
C92602D0;1;GPH;AMAG;New Liberty;MAIN;46|47
C92602D0;2;GPH;RAD;New Liberty;MAIN;46|47
C9AC7B54;1;GPH;AMAG;Björkdal;MAIN;60
C9AC7B54;2;GPH;RAD;Björkdal;MAIN;60
C9AC7B54;4;GPH;GMAG;Björkdal;MAIN;60|61
C9AC7B54;5;GPH;IP;Björkdal;MAIN;60|61|63
C9F2FBCF;1;GPH;GMAG;Kalsaka Hill;MAIN;23
C9F2FBCF;2;GPH;VLF;Kalsaka Hill;MAIN;23
C9F2FBCF;3;GPH;AMAG;Kalsaka Hill;MAIN;23
C9F2FBCF;4;GPH;RAD;Kalsaka Hill;MAIN;23
C9E215E5;1;GPH;AMAG;O'Brien Project;MAIN;53|54
C9E215E5;2;GPH;VLF;O'Brien Project;MAIN;53|54
C9E215E5;3;GPH;IP;O'Brien Project;MAIN;54
C9E215E5;4;GPH;EM;O'Brien Project;MAIN;55
CA35DFE5;1;GPH;AMAG;Orenada Zones 2 and 4;MAIN;80
CA35DFE5;2;GPH;IP;Orenada Zones 2 and 4;MAIN;82|86
CA35DFE5;3;GPH;GMAG;Orenada Zones 2 and 4;MAIN;82|83
CA35DFE5;4;GPH;EM;Orenada Zones 2 and 4;MAIN;82
CA8EC060;1;GPH;AMAG;Twin Hills;MAIN;65
CA8EC060;2;GPH;GMAG;Twin Hills;MAIN;66
CA8EC060;3;GPH;IP;Twin Hills;MAIN;66
CA66A9C6;1;GPH;MT;North Stock;MAIN;66
CA66A9C6;2;GPH;IP;North Stock;MAIN;66
CA66A9C6;3;GPH;GRV;North Stock;MAIN;66|67
CA66A9C6;4;GPH;GMAG;North Stock;MAIN;67
CA66A9C6;5;GPH;RAD;North Stock;MAIN;67|76
CA66A9C6;8;GPH;AMAG;North Stock;MAIN;76
CAD87282;1;GPH;AMAG;Kinyambwiga;MAIN;23
CAD87282;2;GPH;IP;Kinyambwiga;MAIN;23|34|49|51|56
CB92F51F;2;GPH;AMAG;True North;MAIN;59
CAE1178D;1;GPH;AMAG;Kerr-Addison deposit;MAIN;82
CB3D8DD3;1;GPH;GMAG;Sugar Zone;MAIN;62|64
CB3D8DD3;2;GPH;IP;Sugar Zone;MAIN;62|63|64|67
CB3D8DD3;3;GPH;EM;Sugar Zone;MAIN;63
CB3D8DD3;4;GPH;AMAG;Sugar Zone;MAIN;63|64
CB3D8DD3;8;GPH;RES;Sugar Zone;MAIN;64
CB3D8DD3;10;GPH;RAD;Sugar Zone;MAIN;64
CB3D8DD3;11;GPH;VLF;Sugar Zone;MAIN;65
CBB4692B;1;GPH;GMAG;Tachamek;MAIN;26|43
CBB4692B;2;GPH;VLF;Tachamek;MAIN;26|43
CBB4692B;5;GPH;GRV;Tachamek;MAIN;43
CBB4692B;6;GPH;RAD;Tachamek;MAIN;43
CBC22B53;1;GPH;UNS;Solomon's Pillars;MAIN;23
CBBEF9F4;1;GPH;GMAG;Sleeping Giant Mine;MAIN;11
CBBEF9F4;2;GPH;VLF;Sleeping Giant Mine;MAIN;11
CC915B90;1;GPH;GMAG;Coffee deposits;MAIN;57|61
CC915B90;2;GPH;AMAG;Coffee deposits;MAIN;57|62
CC915B90;3;GPH;RAD;Coffee deposits;MAIN;57|62
CC915B90;7;GPH;EM;Coffee deposits;MAIN;57|63|64|65|66
CC915B90;8;GPH;VLF;Coffee deposits;MAIN;57|63|64
CC915B90;9;GPH;GRV;Coffee deposits;MAIN;57|65
CC915B90;10;GPH;RES;Coffee deposits;MAIN;57|61|65
CC915B90;11;GPH;IP;Coffee deposits;MAIN;57|65
CC915B90;12;GPH;GPR;Coffee deposits;MAIN;57|66
CC915B90;13;GPH;SES;Coffee deposits;MAIN;57|66
CC915B90;14;GPH;SP;Coffee deposits;MAIN;57|66
CC915B90;15;GPH;MT;Coffee deposits;MAIN;57|61
CD16102D;1;GPH;AMAG;La Pointe / La Pointe Extension;MAIN;34|38
CD16102D;2;GPH;IP;La Pointe / La Pointe Extension;MAIN;37
CD16102D;3;GPH;GMAG;La Pointe / La Pointe Extension;MAIN;38
CD7EC930;1;GPH;UNS;Main Zone;MAIN;29
CDBA83AE;1;GPH;GMAG;Monique Gold Trend;MAIN;76
CDBA83AE;2;GPH;IP;Monique Gold Trend;MAIN;76|77
CE1FC5A0;1;GPH;AMAG;Sickle;MAIN;87|91
CE1FC5A0;2;GPH;GRV;Sickle;MAIN;90|91
CE412BAB;1;GPH;EM;PL Deposit;MAIN;72
CE412BAB;2;GPH;AMAG;PL Deposit;MAIN;72
CE5CDB4D;1;GPH;GMAG;Gramalote Ridge;MAIN;31|32
CE5CDB4D;2;GPH;AMAG;Gramalote Ridge;MAIN;31
CE9ACC7E;1;GPH;UNS;Egerton-MacLean Area;MAIN;49
CE68C2B3;1;GPH;AMAG;Volta Grande;MAIN;77|78|79
CE68C2B3;2;GPH;RAD;Volta Grande;MAIN;77|78|79
CE68C2B3;3;GPH;IP;Volta Grande;MAIN;77
CE9116AC;1;GPH;GMAG;Augmitto;MAIN;63
CE9116AC;2;GPH;IP;Augmitto;MAIN;63
CEA758A5;1;GPH;IP;Salave;MAIN;61
CF3A5002;1;GPH;GRV;Pan;MAIN;57
CEBC60EF;1;GPH;GMAG;Sigma-Lamaque;MAIN;113|122|123
CF8E26D1;1;GPH;UNS;Mesquite;MAIN;49
CFB4B1ED;1;GPH;AMAG;Marathon Gold Deposit;MAIN;82|87
CFB4B1ED;2;GPH;GMAG;Marathon Gold Deposit;MAIN;88
CFB4B1ED;3;GPH;SES;Marathon Gold Deposit;MAIN;82|89
CFC97564;1;GPH;AMAG;Volta Grande;MAIN;37
CFC97564;2;GPH;RAD;Volta Grande;MAIN;37
CFC97564;3;GPH;IP;Volta Grande;MAIN;37
D01DBB01;1;GPH;GMAG;New Beliveau;MAIN;103
D01DBB01;2;GPH;IP;New Beliveau;MAIN;103|104
D03502D8;1;GPH;IP;Fenn-Gib Deposit;MAIN;51
D03502D8;2;GPH;AMAG;Fenn-Gib Deposit;MAIN;53
D03FA90B;1;GPH;AMAG;Agbaou;MAIN;39
D03FA90B;2;GPH;RAD;Agbaou;MAIN;39
D03FA90B;3;GPH;GMAG;Agbaou;MAIN;40
D03FA90B;4;GPH;IP;Agbaou;MAIN;40
D055AE2F;1;GPH;AMAG;Cortez Hills Complex;MAIN;56
D07DE927;1;GPH;GMAG;Amaruq;MAIN;78
D07DE927;2;GPH;EM;Amaruq;MAIN;78
D07DE927;3;GPH;AMAG;Amaruq;MAIN;78
D07DE927;4;GPH;IP;Amaruq;MAIN;78
D0A8A5F3;1;GPH;AMAG;Twangiza Main;MAIN;47|50
D0A8A5F3;2;GPH;RAD;Twangiza Main;MAIN;50
D1310779;2;GPH;GMAG;Minapampa;MAIN;51
D1310779;3;GPH;IP;Minapampa;MAIN;51
D10D204F;1;GPH;EM;Paiol;MAIN;100
D10D204F;2;GPH;AMAG;Paiol;MAIN;100
D10D204F;3;GPH;RAD;Paiol;MAIN;100
D10D204F;4;GPH;IP;Paiol;MAIN;100
D1733401;1;GPH;IP;Diakha;MAIN;64
D1733401;2;GPH;GMAG;Diakha;MAIN;65
D1733401;3;GPH;EM;Diakha;MAIN;65
D1733401;4;GPH;AMAG;Diakha;MAIN;65
D1733401;5;GPH;RAD;Diakha;MAIN;65
D180F7DA;1;GPH;AMAG;West Branch;MAIN;61
D180F7DA;2;GPH;GMAG;West Branch;MAIN;61
D180F7DA;3;GPH;EM;West Branch;MAIN;61
D180F7DA;4;GPH;RAD;West Branch;MAIN;61
D180F7DA;5;GPH;IP;West Branch;MAIN;61
D180F7DA;6;GPH;GRV;West Branch;MAIN;62
D1DED693;1;GPH;AMAG;Eastern Extension;MAIN;28|30
D1DED693;2;GPH;GMAG;Eastern Extension;MAIN;28|30|31
D1DED693;3;GPH;EM;Eastern Extension;MAIN;30
D1DED693;4;GPH;IP;Eastern Extension;MAIN;30
D1DED693;5;GPH;VLF;Eastern Extension;MAIN;30
D1C90F07;1;GPH;AMAG;New Liberty;MAIN;47
D1C90F07;2;GPH;RAD;New Liberty;MAIN;47
D1C7DCAE;1;GPH;EM;Cosmo;MAIN;93|94
D1C7DCAE;2;GPH;AMAG;Cosmo;MAIN;94
D1C7DCAE;3;GPH;RAD;Cosmo;MAIN;94
D200A2DF;1;GPH;AMAG;Kibali-Durba-Karagba Trend;MAIN;60|70|75
D229183F;1;GPH;GMAG;Corcoesto;MAIN;52
D245FB2F;1;GPH;AMAG;Alexander Mine;MAIN;38
D245FB2F;2;GPH;IP;Alexander Mine;MAIN;41
D248E3F0;1;GPH;EM;325-Megane Zone;MAIN;103
D248DF2B;1;GPH;AMAG;Volta Grande;MAIN;5|41
D248DF2B;2;GPH;RAD;Volta Grande;MAIN;5|41
D248DF2B;3;GPH;IP;Volta Grande;MAIN;5|41
D25C0E75;2;GPH;IP;Diba;MAIN;83
D25C0E75;3;GPH;GMAG;Diba;MAIN;83
D25C0E75;4;GPH;WLOG;Diba;MAIN;83
D25C0E75;5;GPH;EM;Diba;MAIN;83
D281449C;1;GPH;AMAG;Luhwaika;MAIN;53|59
D281449C;2;GPH;RAD;Luhwaika;MAIN;53
D281449C;3;GPH;VLF;Luhwaika;MAIN;53
D281449C;6;GPH;IP;Luhwaika;MAIN;63|65
D2BA22F7;1;GPH;GMAG;South West;MAIN;82|83|84
D2BA22F7;2;GPH;IP;South West;MAIN;82|83|84
D2BA22F7;3;GPH;VLF;South West;MAIN;82|83
D2BA22F7;4;GPH;AMAG;South West;MAIN;82|84
D2BA22F7;5;GPH;MT;South West;MAIN;84
D3651964;2;GPH;IP;Central Tenements;MAIN;47|59
D38C5804;1;GPH;AMAG;Eau Claire;MAIN;74
D3E94EA4;1;GPH;AMAG;F2 Gold System;MAIN;31|37
D3E94EA4;2;GPH;GMAG;F2 Gold System;MAIN;31
D3E94EA4;4;GPH;IP;F2 Gold System;MAIN;31|36|37
D3E94EA4;5;GPH;RES;F2 Gold System;MAIN;31|36|37
D3E94EA4;6;GPH;MT;F2 Gold System;MAIN;31|36|37
D3BD1C31;1;GPH;AMAG;ACMA-Lewis;MAIN;77|80
D3BD1C31;2;GPH;VLF;ACMA-Lewis;MAIN;77
D3BD1C31;3;GPH;GMAG;ACMA-Lewis;MAIN;77
D3BD1C31;4;GPH;EM;ACMA-Lewis;MAIN;80
D3BD1C31;5;GPH;IP;ACMA-Lewis;MAIN;80
D3BD1C31;6;GPH;SWIR;ACMA-Lewis;MAIN;75
824A53D2;1;GPH;GMAG;No. 4 Plug;MAIN;32
824A53D2;2;GPH;AMAG;No. 4 Plug;MAIN;49
76AE6E21;1;GPH;RAD;Solona;MAIN;49
50EA2105;1;GPH;AMAG;BM Property;MAIN;15
4CF7B3C4;1;GPH;GMAG;Tower Gold Project;MAIN;115
4CF7B3C4;2;GPH;IP;Tower Gold Project;MAIN;115|116
4CF7B3C4;3;GPH;VLF;Tower Gold Project;MAIN;115
4CF7B3C4;4;GPH;RES;Tower Gold Project;MAIN;116
4CF7B3C4;5;GPH;EM;Tower Gold Project;MAIN;116
860C3667;1;GPH;EM;Gounkoto;MAIN;44
524A25F5;1;GPH;AMAG;Montagne d'Or;MAIN;46
524A25F5;2;GPH;RAD;Montagne d'Or;MAIN;46
524A25F5;3;GPH;GMAG;Montagne d'Or;MAIN;46
524A25F5;4;GPH;EM;Montagne d'Or;MAIN;46|47
524A25F5;5;GPH;IP;Montagne d'Or;MAIN;46
7FA769BE;1;GPH;AMAG;Jean Gobele;MAIN;18
7C84371F;1;GPH;AMAG;Piaba;MAIN;76|80
7C84371F;2;GPH;RAD;Piaba;MAIN;76|80
7C84371F;3;GPH;EM;Piaba;MAIN;76|81
809339BA;1;GPH;AMAG;Juby Zone;MAIN;44
809339BA;2;GPH;GMAG;Juby Zone;MAIN;44|60
809339BA;3;GPH;IP;Juby Zone;MAIN;44|60
80BE5D2B;1;GPH;IP;Valentine Lake Deposits;MAIN;73|75
80BE5D2B;2;GPH;GMAG;Valentine Lake Deposits;MAIN;73|80
80BE5D2B;3;GPH;SES;Valentine Lake Deposits;MAIN;73|81
80BE5D2B;4;GPH;AMAG;Valentine Lake Deposits;MAIN;73|79
4F7B85A8;1;GPH;MT;Spring Valley;MAIN;53|64
4F7B85A8;2;GPH;GMAG;Spring Valley;MAIN;64|74
4F7B85A8;3;GPH;GRV;Spring Valley;MAIN;74
4F7B85A8;4;GPH;IP;Spring Valley;MAIN;74
7EEAF943;1;GPH;AMAG;Piaba;MAIN;63|65
7EEAF943;2;GPH;RAD;Piaba;MAIN;63|65
7EEAF943;3;GPH;RES;Piaba;MAIN;65
461CCD75;1;GPH;IP;Mont Ity;MAIN;125|126
4ABEB133;1;GPH;IP;Tabakoto Deposit;MAIN;71
7D6F399F;1;GPH;GMAG;Holloway-Holt Project;MAIN;73
7D6F399F;2;GPH;IP;Holloway-Holt Project;MAIN;73
7D6F399F;3;GPH;EM;Holloway-Holt Project;MAIN;73
7D6F399F;4;GPH;AMAG;Holloway-Holt Project;MAIN;57|76
7246F25E;1;GPH;AMAG;Kunsu;MAIN;47
7246F25E;2;GPH;RAD;Kunsu;MAIN;47
7246F25E;3;GPH;RES;Kunsu;MAIN;46|50
8574DCE9;1;GPH;AMAG;Madsen Deposit;MAIN;111|113
7A0689E5;1;GPH;IP;Ity Gold Mine;MAIN;68
7A0689E5;2;GPH;EM;Ity Gold Mine;MAIN;68|69
7A0689E5;3;GPH;AMAG;Ity Gold Mine;MAIN;69
7A0689E5;4;GPH;RAD;Ity Gold Mine;MAIN;69
5457D9C0;1;GPH;IP;Cuiú Cuiú;MAIN;79
5457D9C0;2;GPH;AMAG;Cuiú Cuiú;MAIN;79|82
5457D9C0;3;GPH;RAD;Cuiú Cuiú;MAIN;79|82
5457D9C0;4;GPH;GMAG;Cuiú Cuiú;MAIN;79|80
8AA26423;1;GPH;AMAG;Valley;MAIN;116
8AA26423;2;GPH;RAD;Valley;MAIN;116
8AA26423;3;GPH;EM;Valley;MAIN;116
5D6EA3D4;2;GPH;AMAG;Orenada Zone 4;MAIN;22
5D6EA3D4;3;GPH;IP;Orenada Zone 4;MAIN;22
5D6EA3D4;4;GPH;RES;Orenada Zone 4;MAIN;22
5D6EA3D4;5;GPH;MT;Orenada Zone 4;MAIN;22
56560B53;1;GPH;AMAG;Noseno;MAIN;25|26
68961915;1;GPH;EM;Bigar Hill;MAIN;88|95
68961915;2;GPH;AMAG;Bigar Hill;MAIN;95
68961915;3;GPH;IP;Bigar Hill;MAIN;88|95
691CA9D5;1;GPH;UNS;Kumtor;MAIN;57
7D444D82;1;GPH;AMAG;Frankfield East Deposit;MAIN;45|54
7D444D82;2;GPH;EM;Frankfield East Deposit;MAIN;45|54
7D444D82;4;GPH;RES;Frankfield East Deposit;MAIN;54
81F1CA0D;1;GPH;AMAG;Brewery Creek Project;MAIN;72|73
81F1CA0D;2;GPH;IP;Brewery Creek Project;MAIN;77
488CB3E5;1;GPH;AMAG;Cheechoo B-West;MAIN;79
488CB3E5;2;GPH;EM;Cheechoo B-West;MAIN;79
488CB3E5;3;GPH;GMAG;Cheechoo B-West;MAIN;85
488CB3E5;4;GPH;IP;Cheechoo B-West;MAIN;85|86
60AC8A90;1;GPH;UNS;West Pequop;MAIN;33
71519F7B;1;GPH;AMAG;White Foil;MAIN;34
8094542A;1;GPH;AMAG;Queensway;MAIN;77|110|111
8094542A;2;GPH;UNS;Queensway;MAIN;110
8094542A;3;GPH;GRV;Queensway;MAIN;77|110
8094542A;4;GPH;RAD;Queensway;MAIN;111
8094542A;5;GPH;IP;Queensway;MAIN;111
8094542A;6;GPH;EM;Queensway;MAIN;77
50C9D795;1;GPH;AMAG;Frankfield Deposit;MAIN;16|24|25|36
50C9D795;2;GPH;EM;Frankfield Deposit;MAIN;16|26
8370D55A;1;GPH;AMAG;O'Brien Project;MAIN;82|83
8370D55A;2;GPH;VLF;O'Brien Project;MAIN;82|83
8370D55A;3;GPH;IP;O'Brien Project;MAIN;83
7DCB230D;1;GPH;AMAG;Majorodam;MAIN;24|27|29
7514C5D7;1;GPH;AMAG;Powerline;MAIN;91|97|103
7514C5D7;2;GPH;RAD;Powerline;MAIN;91|97
45129AC2;3;GPH;AMAG;Doris Deposit;MAIN;117
45129AC2;4;GPH;GRV;Doris Deposit;MAIN;117|119
45129AC2;5;GPH;EM;Doris Deposit;MAIN;117|119
45129AC2;6;GPH;RAD;Doris Deposit;MAIN;117
45129AC2;7;GPH;GMAG;Doris Deposit;MAIN;117|118
45129AC2;8;GPH;IP;Doris Deposit;MAIN;117
45129AC2;9;GPH;RES;Doris Deposit;MAIN;117
45129AC2;10;GPH;SES;Doris Deposit;MAIN;117|118
45129AC2;12;GPH;VLF;Doris Deposit;MAIN;117|118
73BB641B;1;GPH;UNS;Piment Zone;MAIN;40|41
86F5DCCA;1;GPH;AMAG;Canadian Malartic deposit;MAIN;57
86F5DCCA;2;GPH;RAD;Canadian Malartic deposit;MAIN;57
86F5DCCA;3;GPH;EM;Canadian Malartic deposit;MAIN;57
D40A379A;1;GPH;UNS;Fazenda Brasileiro;MAIN;49
D4CF8324;1;GPH;IP;Central Zone;MAIN;20|21
D4CF8324;2;GPH;RES;Central Zone;MAIN;20|23
D4806B81;2;GPH;GMAG;Mexican Hat;MAIN;70
D4806B81;3;GPH;MT;Mexican Hat;MAIN;70|73
D4806B81;4;GPH;GRV;Mexican Hat;MAIN;70|77
D45D5CCF;1;GPH;AMAG;Castelo dos Sonhos;MAIN;55|56
D45D5CCF;2;GPH;RAD;Castelo dos Sonhos;MAIN;55|56|57
D45D5CCF;7;GPH;RES;Castelo dos Sonhos;MAIN;57
D45D5CCF;8;GPH;SES;Castelo dos Sonhos;MAIN;57
D45D5CCF;9;GPH;GMAG;Castelo dos Sonhos;MAIN;57
D4F918AC;1;GPH;AMAG;Whirlwind Jack Property;MAIN;25
D54E165D;2;GPH;AMAG;EMZ;MAIN;44
D54E165D;3;GPH;IP;EMZ;MAIN;46
D5FB67AD;1;GPH;EM;KGP Project;MAIN;57
D5FB67AD;2;GPH;AMAG;KGP Project;MAIN;57
D5FB67AD;3;GPH;GMAG;KGP Project;MAIN;57
D602984C;2;GPH;AMAG;Elizabeth Gold;MAIN;71
D602984C;3;GPH;RAD;Elizabeth Gold;MAIN;71
D60E5A09;2;GPH;AMAG;Twangiza;MAIN;45|48
D60E5A09;3;GPH;RAD;Twangiza;MAIN;48
D645D0F0;1;GPH;MT;Gold Bar North;MAIN;94
D645D0F0;2;GPH;AMAG;Gold Bar North;MAIN;94|95
D645D0F0;3;GPH;EM;Gold Bar North;MAIN;94
D645D0F0;4;GPH;RES;Gold Bar North;MAIN;94
D645D0F0;5;GPH;RAD;Gold Bar North;MAIN;94
D645D0F0;6;GPH;SWIR;Gold Bar North;MAIN;94
D645D0F0;7;GPH;GRV;Gold Bar North;MAIN;95
D69A69BB;1;GPH;AMAG;Farabakoura;MAIN;63
D69A69BB;2;GPH;RAD;Farabakoura;MAIN;63
D6B0A632;1;GPH;GRV;Buckreef Prospect;MAIN;48|49
D6B0A632;2;GPH;IP;Buckreef Prospect;MAIN;48|49|50
D6B0A632;3;GPH;AMAG;Buckreef Prospect;MAIN;49|50
D6B0A632;4;GPH;GMAG;Buckreef Prospect;MAIN;48
D79C53D1;1;GPH;GMAG;Sawayaerdun;MAIN;32|33
D79C53D1;2;GPH;IP;Sawayaerdun;MAIN;33
D7506DA8;1;GPH;AMAG;Central;MAIN;108|123
D7506DA8;2;GPH;GMAG;Central;MAIN;123
D7506DA8;3;GPH;IP;Central;MAIN;123
D7AC088D;1;GPH;IP;Main Zone;MAIN;13|19
D7AC088D;2;GPH;GMAG;Main Zone;MAIN;13
D7AC8406;1;GPH;VLF;55 Zone;MAIN;50|52
D7AC8406;2;GPH;AMAG;55 Zone;MAIN;52|54
D7AC8406;3;GPH;RAD;55 Zone;MAIN;52|54
D7AC8406;4;GPH;IP;55 Zone;MAIN;52|55
D7AC8406;5;GPH;GMAG;55 Zone;MAIN;52|55
D7AC8406;6;GPH;RES;55 Zone;MAIN;55
D7BA0DE9;1;GPH;AMAG;Pistol Lake;MAIN;40
D7C25EB0;1;GPH;GMAG;Surluga Deposit;MAIN;135
D7C25EB0;2;GPH;IP;Surluga Deposit;MAIN;137|153
D7C25EB0;3;GPH;AMAG;Surluga Deposit;MAIN;144
D7C25EB0;4;GPH;MT;Surluga Deposit;MAIN;147
D7C25EB0;5;GPH;EM;Surluga Deposit;MAIN;149
D7C25EB0;6;GPH;GRV;Surluga Deposit;MAIN;151
D7DBD350;1;GPH;GRV;Kinsley;MAIN;77
D7DBD350;2;GPH;AMAG;Kinsley;MAIN;77
D7DBD350;3;GPH;IP;Kinsley;MAIN;77
D7E7A302;1;GPH;GMAG;Dachang Main Zone (DMZ);MAIN;42|45
D7E7A302;2;GPH;EM;Dachang Main Zone (DMZ);MAIN;42|45
D7E7A302;3;GPH;IP;Dachang Main Zone (DMZ);MAIN;46
D85EB4BF;1;GPH;AMAG;Chimo Mine;MAIN;40
D835C902;1;GPH;MT;Kiena Mine;MAIN;159
D8AC936D;1;GPH;GMAG;Bilboes;MAIN;67
D8AC936D;2;GPH;IP;Bilboes;MAIN;67
D8CED400;3;GPH;GMAG;West Cache;MAIN;18|114
D8CED400;4;GPH;VLF;West Cache;MAIN;115
D8B7B091;1;GPH;GMAG;Bonanza;MAIN;16|19|21|22
D8B7B091;2;GPH;VLF;Bonanza;MAIN;21
D942A86D;1;GPH;IP;Trident;MAIN;40
D942A86D;2;GPH;AMAG;Trident;MAIN;40
D98D7761;1;GPH;EM;Orfée East;MAIN;24
D98D7761;2;GPH;IP;Orfée East;MAIN;27
D99F22E5;1;GPH;MT;Dark Star;MAIN;58|60|71
D99F22E5;2;GPH;GRV;Dark Star;MAIN;65
D9EF1BAF;1;GPH;IP;Farley Lake deposit;MAIN;26
D9C5382E;1;GPH;AMAG;Massawa;MAIN;65
DA13E52C;1;GPH;AMAG;Piaba;MAIN;86|90|91
DA13E52C;2;GPH;RAD;Piaba;MAIN;86|90
DA13E52C;3;GPH;EM;Piaba;MAIN;86|91
DA13E52C;4;GPH;GMAG;Piaba;MAIN;86|91
DA13E52C;5;GPH;IP;Piaba;MAIN;86|91
DA39C6FD;2;GPH;VLF;Nampala;MAIN;29
DAA56F2A;1;GPH;AMAG;Surluga;MAIN;29
DAA56F2A;2;GPH;EM;Surluga;MAIN;29
DA6A34ED;1;GPH;AMAG;Smoking Pipe;MAIN;38
DB36BE35;1;GPH;GMAG;Paiol;MAIN;70
DB36BE35;2;GPH;IP;Paiol;MAIN;70
DB61F4E9;1;GPH;SES;Macraes;MAIN;62
DB61F4E9;2;GPH;RES;Macraes;MAIN;62
DB61F4E9;3;GPH;EM;Macraes;MAIN;62|63|65
DB61F4E9;4;GPH;AMAG;Macraes;MAIN;63|65
DB71FEB1;1;GPH;AMAG;Sabodala;MAIN;71|72
DB71FEB1;2;GPH;RAD;Sabodala;MAIN;71|72
DB71FEB1;6;GPH;IP;Sabodala;MAIN;72
DB845579;1;GPH;AMAG;Osbell deposit;MAIN;55
DBA782B7;1;GPH;AMAG;Sabodala;MAIN;71
DBA782B7;2;GPH;RAD;Sabodala;MAIN;71
DBA782B7;4;GPH;IP;Sabodala;MAIN;72
DBC6F8F7;1;GPH;AMAG;Vickers;MAIN;66
DBC6F8F7;2;GPH;EM;Vickers;MAIN;66
DBC6F8F7;3;GPH;GMAG;Vickers;MAIN;66
DBC6F8F7;4;GPH;IP;Vickers;MAIN;66|67
DBC6F8F7;5;GPH;RES;Vickers;MAIN;66
DBD344C8;1;GPH;UNS;Lookout Mountain;MAIN;51
DBDBEA12;1;GPH;VLF;Duquesne Mine;MAIN;53
DBDBEA12;2;GPH;GMAG;Duquesne Mine;MAIN;53
DBDBEA12;3;GPH;AMAG;Duquesne Mine;MAIN;54
DBF78A67;1;GPH;GMAG;Main Discovery Zone;MAIN;39|40
DBF78A67;2;GPH;VLF;Main Discovery Zone;MAIN;39
DBF78A67;3;GPH;IP;Main Discovery Zone;MAIN;39|40
DBF78A67;4;GPH;AMAG;Main Discovery Zone;MAIN;39
DC299AC1;1;GPH;GMAG;Tocantinzinho;MAIN;113
DC299AC1;2;GPH;AMAG;Tocantinzinho;MAIN;113|115
DC299AC1;3;GPH;RAD;Tocantinzinho;MAIN;113
DC299AC1;5;GPH;IP;Tocantinzinho;MAIN;114
DCD15115;1;GPH;AMAG;Bellechasse-Timmins;MAIN;27
DCD15115;2;GPH;GMAG;Bellechasse-Timmins;MAIN;27
DCD15115;5;GPH;EM;Bellechasse-Timmins;MAIN;27
DCF1261C;1;GPH;EM;Appleton Fault Zone Mineralized Envelope;MAIN;137
DCF1261C;2;GPH;AMAG;Appleton Fault Zone Mineralized Envelope;MAIN;137|141
DCF1261C;3;GPH;GRV;Appleton Fault Zone Mineralized Envelope;MAIN;137
DCF1261C;5;GPH;GMAG;Appleton Fault Zone Mineralized Envelope;MAIN;139
DCF1261C;6;GPH;VLF;Appleton Fault Zone Mineralized Envelope;MAIN;139
DCF1261C;7;GPH;SES;Appleton Fault Zone Mineralized Envelope;MAIN;141
DD14C27F;1;GPH;AMAG;Canadian Malartic;MAIN;83
DD156BE8;1;GPH;GMAG;Çöpler;MAIN;51|52
DD156BE8;2;GPH;IP;Çöpler;MAIN;51|52
DD156BE8;3;GPH;MT;Çöpler;MAIN;51|52
DD156BE8;4;GPH;AMAG;Çöpler;MAIN;51|52
DD9C2A12;1;GPH;AMAG;Sabodala;MAIN;90
DD9C2A12;2;GPH;RAD;Sabodala;MAIN;90
DD9C2A12;4;GPH;IP;Sabodala;MAIN;90
DDCB1D4D;1;GPH;RES;Beauce Placer;MAIN;67
DDCB1D4D;2;GPH;IP;Beauce Placer;MAIN;67
DDCB1D4D;3;GPH;EM;Beauce Placer;MAIN;67|71
DDCB1D4D;4;GPH;MT;Beauce Placer;MAIN;67|71
DDCB1D4D;5;GPH;GRV;Beauce Placer;MAIN;71|72|73
DDCB1D4D;6;GPH;GMAG;Beauce Placer;MAIN;71
DE320208;1;GPH;AMAG;Bonnefond South Intrusive;MAIN;69
DE37C87E;1;GPH;GMAG;Discovery;MAIN;33
DE27B6DA;1;GPH;IP;Holy Terror Gold Project;MAIN;45
DE3E7CC5;2;GPH;AMAG;Lefa Gold Project;MAIN;67
DE3E7CC5;3;GPH;RAD;Lefa Gold Project;MAIN;67
DE71AB4D;1;GPH;AMAG;Adumbi;MAIN;109
DE71AB4D;2;GPH;RAD;Adumbi;MAIN;109
DE71AB4D;3;GPH;IP;Adumbi;MAIN;127|131
DE4BC606;1;GPH;AMAG;Coringa;MAIN;67
DE4BC606;2;GPH;RAD;Coringa;MAIN;67
DE4BC606;3;GPH;IP;Coringa;MAIN;67|68
DE4BC606;4;GPH;EM;Coringa;MAIN;68
DE7D5D7C;1;GPH;AMAG;Black Fox Mine;MAIN;53|57
DE7D5D7C;2;GPH;EM;Black Fox Mine;MAIN;56
DED0FE3A;1;GPH;GMAG;Happy Valley Mine;MAIN;33
DED0FE3A;2;GPH;IP;Happy Valley Mine;MAIN;33|35
DEC7E039;1;GPH;AMAG;Scottie Gold Mine;MAIN;39
DEC7E039;2;GPH;EM;Scottie Gold Mine;MAIN;39
DEC7E039;3;GPH;IP;Scottie Gold Mine;MAIN;39
DEC7E039;4;GPH;GMAG;Scottie Gold Mine;MAIN;39
DF894344;1;GPH;AMAG;Caribou;MAIN;36
DF894344;2;GPH;EM;Caribou;MAIN;36|37
DF894344;3;GPH;RAD;Caribou;MAIN;36
DF894344;4;GPH;GMAG;Caribou;MAIN;37
DF894344;5;GPH;VLF;Caribou;MAIN;37
DF58885D;2;GPH;GMAG;Thor Trend;MAIN;75
DF58885D;3;GPH;VLF;Thor Trend;MAIN;75
DF7D0B06;1;GPH;GMAG;Corcoesto;MAIN;46
DF73E986;3;GPH;UNS;Lugushwa Project;MAIN;19
DF73E986;4;GPH;IP;Lugushwa Project;MAIN;19|21
DF73E986;5;GPH;AMAG;Lugushwa Project;MAIN;21
DF73E986;6;GPH;RAD;Lugushwa Project;MAIN;21
DF8F9CA0;1;GPH;AMAG;Castelo de Sonhos;MAIN;26|27
DF8F9CA0;2;GPH;RAD;Castelo de Sonhos;MAIN;26|27
DFC4DE4E;1;GPH;IP;Pascalis Gold Trend;MAIN;95
DFDA0576;1;GPH;AMAG;Rory's Knoll;MAIN;91
DFDA0576;2;GPH;RAD;Rory's Knoll;MAIN;91
DFDA0576;3;GPH;EM;Rory's Knoll;MAIN;91
E019EE04;1;GPH;AMAG;Sorowar;MAIN;40|53
E019EE04;2;GPH;RAD;Sorowar;MAIN;40|53
E019EE04;3;GPH;IP;Sorowar;MAIN;40|53
E019EE04;4;GPH;EM;Sorowar;MAIN;40|53
E043D2F2;1;GPH;IP;Douay West;MAIN;41
E043D2F2;2;GPH;GMAG;Douay West;MAIN;41
E0E0185A;1;GPH;AMAG;Pilar;MAIN;67
E0E0185A;2;GPH;IP;Pilar;MAIN;67
E0A92E12;1;GPH;EM;Nyamebekyere Zone;MAIN;53
E0A92E12;2;GPH;AMAG;Nyamebekyere Zone;MAIN;53
E0A92E12;3;GPH;RAD;Nyamebekyere Zone;MAIN;53
E0C00FAD;1;GPH;GMAG;Nkran;MAIN;116
E0C00FAD;2;GPH;IP;Nkran;MAIN;118
E0C00FAD;3;GPH;VLF;Nkran;MAIN;119
E0C00FAD;4;GPH;EM;Nkran;MAIN;120
E0C00FAD;5;GPH;AMAG;Nkran;MAIN;120
E11ABD21;1;GPH;EM;Main Zone;MAIN;49
E11ABD21;2;GPH;AMAG;Main Zone;MAIN;49
E0FF4531;1;GPH;AMAG;Volta Grande;MAIN;38|39
E0FF4531;2;GPH;RAD;Volta Grande;MAIN;38|39
E134EDE7;1;GPH;UNS;Golden Gift;MAIN;48
E197597B;1;GPH;IP;Marathon Deposit;MAIN;51
E1C9F058;1;GPH;AMAG;Kinsley;MAIN;77
E1C9F058;2;GPH;GRV;Kinsley;MAIN;77|78
E1C9F058;3;GPH;IP;Kinsley;MAIN;77
E1D0AF5E;1;GPH;SES;South Deep;MAIN;45
E1DE0FD8;3;GPH;AMAG;EMZ;MAIN;44
E1DE0FD8;4;GPH;IP;EMZ;MAIN;47
E1E4E38F;1;GPH;AMAG;Beartrack;MAIN;97
E1E4E38F;2;GPH;EM;Beartrack;MAIN;97
E1E4E38F;3;GPH;VLF;Beartrack;MAIN;97
E20A3737;3;GPH;EM;Yaouré;MAIN;105
E20A3737;4;GPH;AMAG;Yaouré;MAIN;105
E20A3737;5;GPH;RAD;Yaouré;MAIN;105
E20A3737;6;GPH;SES;Yaouré;MAIN;106
E20A3737;7;GPH;UNS;Yaouré;MAIN;107
E20A3737;8;GPH;GRV;Yaouré;MAIN;108
E20A3737;9;GPH;SWIR;Yaouré;MAIN;109
E2C4B3B2;1;GPH;AMAG;Turmalina deposit;MAIN;54
E2C4B3B2;2;GPH;RAD;Turmalina deposit;MAIN;54
E27BEE16;1;GPH;UNS;New Polaris;MAIN;50
E2C9C2F8;1;GPH;UNS;Kofi Project Area;MAIN;21
E2C9C2F8;2;GPH;IP;Kofi Project Area;MAIN;23|25
E34704A5;1;GPH;AMAG;AurMac;MAIN;66
E34704A5;2;GPH;RAD;AurMac;MAIN;66
E2D1E072;1;GPH;IP;Sandman Deposits;MAIN;55|57
E2D1E072;2;GPH;MT;Sandman Deposits;MAIN;55|59
E2D1E072;3;GPH;AMAG;Sandman Deposits;MAIN;41|42|56
E2D1E072;4;GPH;GRV;Sandman Deposits;MAIN;56|61
E2D1E072;5;GPH;EM;Sandman Deposits;MAIN;56
E2D1E072;6;GPH;SWIR;Sandman Deposits;MAIN;57
E3870BFB;1;GPH;AMAG;Wesdome property;MAIN;25
E3833EC8;1;GPH;IP;Tumannoye;MAIN;32
E3833EC8;2;GPH;GMAG;Tumannoye;MAIN;32
E3833EC8;3;GPH;RAD;Tumannoye;MAIN;32
E3833EC8;4;GPH;VLF;Tumannoye;MAIN;32
E38808FF;1;GPH;UNS;Aprelkovo Gold Project;MAIN;51|55|57
E40DB825;1;GPH;AMAG;Jugan;MAIN;37|38
E48E1688;1;GPH;GMAG;B and WD Vein Complex;MAIN;41|42
E48E1688;2;GPH;IP;B and WD Vein Complex;MAIN;41
E48E1688;3;GPH;EM;B and WD Vein Complex;MAIN;41
E476DAA9;1;GPH;UNS;C1;MAIN;74
E4CB4489;1;GPH;GMAG;Osikonmäki;MAIN;27
E4CB4489;2;GPH;EM;Osikonmäki;MAIN;27
E4CB4489;3;GPH;IP;Osikonmäki;MAIN;27
E4C57CDD;1;GPH;AMAG;Great Bear;MAIN;45|68
E4E6C189;2;GPH;IP;Las Pepas;MAIN;36|42
E4E6C189;3;GPH;GMAG;Las Pepas;MAIN;34|42|43
E51EE1AB;3;GPH;IP;San Andres;MAIN;33
E51EE1AB;4;GPH;GMAG;San Andres;MAIN;33
E5619F06;1;GPH;IP;Santo Antonio;MAIN;31
E5619F06;2;GPH;VLF;Santo Antonio;MAIN;31
E5668683;1;GPH;GMAG;Tiriganiaq;MAIN;40|58|60|63
E5668683;2;GPH;AMAG;Tiriganiaq;MAIN;61
E5668683;3;GPH;VLF;Tiriganiaq;MAIN;61
E5668683;4;GPH;EM;Tiriganiaq;MAIN;61
E5668683;5;GPH;IP;Tiriganiaq;MAIN;60|61
E53974E1;1;GPH;GMAG;Kittila;MAIN;54|55
E53974E1;2;GPH;EM;Kittila;MAIN;54|55
E53974E1;3;GPH;IP;Kittila;MAIN;54|55|57
E53974E1;4;GPH;VLF;Kittila;MAIN;54
E53974E1;5;GPH;UNS;Kittila;MAIN;56
E53974E1;6;GPH;SES;Kittila;MAIN;56
E5B0BFB2;1;GPH;AMAG;Big Bell;MAIN;88
E5B0BFB2;2;GPH;GRV;Big Bell;MAIN;88
E5B621B8;1;GPH;GMAG;Monique;MAIN;96
E5B621B8;2;GPH;IP;Monique;MAIN;96|97
E56FAD20;1;GPH;UNS;Zun-Holba;MAIN;79
E5F91755;1;GPH;AMAG;Main Zone;MAIN;40
E5F91755;2;GPH;GMAG;Main Zone;MAIN;40
E5F91755;3;GPH;EM;Main Zone;MAIN;40|46
E5F91755;4;GPH;IP;Main Zone;MAIN;40|46|47
E63652B1;1;GPH;GRV;Big Balds Project;MAIN;26
E63652B1;2;GPH;AMAG;Big Balds Project;MAIN;31
E60C3006;1;GPH;UNS;Young-Davidson;MAIN;42
E675A5F4;1;GPH;AMAG;Tabakoroni;MAIN;32
E675A5F4;2;GPH;RAD;Tabakoroni;MAIN;32
E675A5F4;3;GPH;IP;Tabakoroni;MAIN;33
E675A5F4;4;GPH;WLOG;Tabakoroni;MAIN;33
E6A8364A;1;GPH;GRV;Walker Ridge;MAIN;17|31
E6A8364A;2;GPH;MT;Walker Ridge;MAIN;17|34
E672616D;1;GPH;AMAG;Kiena Mine;MAIN;92
E6B0F4C4;1;GPH;AMAG;Tira Gold Mine;MAIN;4
E6B0F4C4;2;GPH;RAD;Tira Gold Mine;MAIN;4
E6B0F4C4;4;GPH;EM;Tira Gold Mine;MAIN;14
E6F0BD40;1;GPH;AMAG;Auclair;MAIN;8
E6B4B7AE;1;GPH;IP;Cachoeira;MAIN;70
E6B4B7AE;2;GPH;RES;Cachoeira;MAIN;70
E6CA62A8;1;GPH;AMAG;Island Gold Mine;MAIN;42
E7698A6B;1;GPH;IP;Golden Saddle;MAIN;72
E7C30AD0;1;GPH;IP;Côté Lake;MAIN;62|63
E7C30AD0;2;GPH;GMAG;Côté Lake;MAIN;62|63
E7C30AD0;3;GPH;AMAG;Côté Lake;MAIN;63
E7C30AD0;4;GPH;VLF;Côté Lake;MAIN;63
E8138E0B;1;GPH;AMAG;Piaba;MAIN;65|82
E8138E0B;2;GPH;RAD;Piaba;MAIN;65|82
E8138E0B;3;GPH;GMAG;Piaba;MAIN;83
E8138E0B;4;GPH;RES;Piaba;MAIN;94
E850B4F1;1;GPH;AMAG;Aremu-Oko;MAIN;68|70
E8CA9DD2;3;GPH;GMAG;West Cache;MAIN;102|106
E8CA9DD2;4;GPH;VLF;West Cache;MAIN;107
E8575819;1;GPH;EM;Orfée;MAIN;13
E8575819;2;GPH;AMAG;Orfée;MAIN;13|14
E8EA8E24;1;GPH;AMAG;Bradshaw Deposit;MAIN;63|73
E8EA8E24;2;GPH;EM;Bradshaw Deposit;MAIN;63|73
E92D245C;1;GPH;GMAG;Sleepy Zone;MAIN;10|14
E92D245C;2;GPH;EM;Sleepy Zone;MAIN;10|14
E92D245C;3;GPH;IP;Sleepy Zone;MAIN;10|14
E92D245C;4;GPH;VLF;Sleepy Zone;MAIN;10
E92D245C;5;GPH;AMAG;Sleepy Zone;MAIN;10|14
E92D245C;6;GPH;RES;Sleepy Zone;MAIN;10
E998A776;1;GPH;AMAG;Tankoro;MAIN;85
E998A776;2;GPH;RAD;Tankoro;MAIN;85
E998A776;3;GPH;RES;Tankoro;MAIN;86
E998A776;4;GPH;IP;Tankoro;MAIN;86
E93ABCBE;1;GPH;AMAG;Meadowbank Deposits;MAIN;54|56
E9948280;1;GPH;AMAG;Mankouké;MAIN;57|95
E9948280;3;GPH;IP;Mankouké;MAIN;96
E9948280;4;GPH;GMAG;Mankouké;MAIN;96
EA314C28;1;GPH;UNS;Castelo de Sonhos;MAIN;27
EA0B28B0;1;GPH;AMAG;Madsen Mine;MAIN;77|78
EA331C93;1;GPH;UNS;Kundusuyulskaya;MAIN;29
EA331C93;2;GPH;GMAG;Kundusuyulskaya;MAIN;48
EA331C93;3;GPH;IP;Kundusuyulskaya;MAIN;48
EA331C93;4;GPH;GRV;Kundusuyulskaya;MAIN;48
EA331C93;5;GPH;RAD;Kundusuyulskaya;MAIN;48
EA331C93;6;GPH;AMAG;Kundusuyulskaya;MAIN;48
EAA49D4A;1;GPH;AMAG;Beposo;MAIN;27|28
EA3E93F3;1;GPH;IP;Taurus Deposit;MAIN;31
EA3E93F3;2;GPH;GMAG;Taurus Deposit;MAIN;31|32
EA9690E0;1;GPH;IP;São Jorge;MAIN;51
EAC6088E;1;GPH;UNS;Uzboy;MAIN;26
EAC6088E;2;GPH;GMAG;Uzboy;MAIN;38|39
EAE04061;1;GPH;AMAG;Fair Adelaide East Project;MAIN;23
EAD90A22;1;GPH;AMAG;Serra Paraíso;MAIN;66
EAD90A22;2;GPH;RAD;Serra Paraíso;MAIN;66
EAD90A22;3;GPH;EM;Serra Paraíso;MAIN;66
EAE5B1DE;1;GPH;AMAG;Paracatu;MAIN;48
EAE5B1DE;2;GPH;IP;Paracatu;MAIN;48
EAE5B1DE;3;GPH;RES;Paracatu;MAIN;48
EAE4DEF8;1;GPH;RAD;Sewum;MAIN;52|54
EAE4DEF8;2;GPH;AMAG;Sewum;MAIN;56|57
EAF1BA97;1;GPH;EM;FAT deposit;MAIN;99
EAF1BA97;2;GPH;AMAG;FAT deposit;MAIN;99
EAF1BA97;3;GPH;GMAG;FAT deposit;MAIN;99|101
EAF1BA97;4;GPH;VLF;FAT deposit;MAIN;99
EAFBC480;1;GPH;AMAG;Gold Range Project;MAIN;19|21
EAFEEC78;1;GPH;GMAG;Chirano;MAIN;37|39
EAFEEC78;2;GPH;IP;Chirano;MAIN;37|39
EB2980D5;1;GPH;AMAG;Ormsby zone;MAIN;53
EB2980D5;2;GPH;EM;Ormsby zone;MAIN;53
EB05E215;1;GPH;AMAG;Galat Sufar South (GSS);MAIN;48|57
EB05E215;2;GPH;EM;Galat Sufar South (GSS);MAIN;57
EB05E215;3;GPH;RAD;Galat Sufar South (GSS);MAIN;57
EB05E215;5;GPH;GMAG;Galat Sufar South (GSS);MAIN;57
EB33574D;1;GPH;UNS;Bingo;MAIN;20
EB7FFC5E;1;GPH;AMAG;Laiva;MAIN;44
EB7FFC5E;2;GPH;RAD;Laiva;MAIN;44
EB7FFC5E;3;GPH;EM;Laiva;MAIN;44
EB7FFC5E;4;GPH;GRV;Laiva;MAIN;44
EB7FFC5E;5;GPH;GMAG;Laiva;MAIN;44|45
EB7FFC5E;6;GPH;IP;Laiva;MAIN;44|45
EB7FFC5E;7;GPH;GPR;Laiva;MAIN;44|45
EB90939E;1;GPH;AMAG;Antenna;MAIN;77
EB90939E;2;GPH;RAD;Antenna;MAIN;77
EBE240D8;1;GPH;IP;Cariboo Mine Trend;MAIN;43|51|64
EBE240D8;2;GPH;SP;Cariboo Mine Trend;MAIN;43|50|51
EBE240D8;3;GPH;RES;Cariboo Mine Trend;MAIN;43
EBE240D8;4;GPH;GMAG;Cariboo Mine Trend;MAIN;50|51
EBE240D8;5;GPH;GRV;Cariboo Mine Trend;MAIN;51
EBE240D8;6;GPH;EM;Cariboo Mine Trend;MAIN;45
EBE240D8;7;GPH;AMAG;Cariboo Mine Trend;MAIN;45
EBE240D8;8;GPH;RAD;Cariboo Mine Trend;MAIN;45
EBE240D8;9;GPH;VLF;Cariboo Mine Trend;MAIN;45|51
EC016AF8;1;GPH;IP;Diakha;MAIN;72
EC016AF8;2;GPH;GMAG;Diakha;MAIN;72
EC016AF8;3;GPH;EM;Diakha;MAIN;72|75
EC016AF8;4;GPH;RES;Diakha;MAIN;72
EC016AF8;5;GPH;AMAG;Diakha;MAIN;74
EC016AF8;6;GPH;RAD;Diakha;MAIN;74
EC39A737;1;GPH;AMAG;Cuiú Cuiú;MAIN;64
EBFEE21F;1;GPH;GMAG;Coffee;MAIN;55|56|57
EBFEE21F;2;GPH;VLF;Coffee;MAIN;57
EBFEE21F;3;GPH;AMAG;Coffee;MAIN;55|58
EBFEE21F;4;GPH;RAD;Coffee;MAIN;55|58
EBFEE21F;5;GPH;EM;Coffee;MAIN;55|58
EBFEE21F;6;GPH;RES;Coffee;MAIN;55|58
ECB4852E;1;GPH;GRV;Black Pine;MAIN;84
ECBB1C94;1;GPH;AMAG;Santa Gertrudis;MAIN;25|29|30
ED1F0DF6;1;GPH;UNS;Bissa Hill;MAIN;45
ED0E95F4;1;GPH;GMAG;Ollachea;MAIN;63|64
ED3F1627;1;GPH;IP;Long Valley;MAIN;44
ED53DCA7;1;GPH;IP;Livengood;MAIN;89
ED8AACF2;1;GPH;AMAG;Kunche;MAIN;47
ED8AACF2;2;GPH;RAD;Kunche;MAIN;47
ED8AACF2;3;GPH;IP;Kunche;MAIN;48|49
ED486301;1;GPH;AMAG;Madsen;MAIN;78|80
ED486301;2;GPH;SES;Madsen;MAIN;78|85
ED8D7B35;1;GPH;IP;Goldstrike;MAIN;80|81|82|83
EDA02954;1;GPH;UNS;Dome Property;MAIN;26
EDA02954;2;GPH;IP;Dome Property;MAIN;26|34|35|36
EDEE1E00;1;GPH;IP;Main Gold Zone;MAIN;38
EE890F08;1;GPH;IP;Omega;MAIN;29
EE890F08;2;GPH;GMAG;Omega;MAIN;29
EE7FB3B4;1;GPH;SWIR;Nalunaq;MAIN;87|88
EE89D592;1;GPH;EM;Sukari;MAIN;65
EE89D592;2;GPH;AMAG;Sukari;MAIN;65
EE89D592;3;GPH;RAD;Sukari;MAIN;65
EF3C5D57;1;GPH;GMAG;Agbaou;MAIN;65
EF236ED0;1;GPH;IP;Leprechaun;MAIN;44
EF4D26F4;1;GPH;AMAG;Gold Crest zone;MAIN;26|28
EFA02577;1;GPH;GMAG;Koné;MAIN;62|65
EFA02577;2;GPH;IP;Koné;MAIN;62|65
F04446A8;1;GPH;AMAG;TW Deposit;MAIN;41
F025A671;1;GPH;AMAG;Santa Gertrudis;MAIN;29|31
F01EC15D;1;GPH;AMAG;Paddy's Flat;MAIN;85
F06AE8EB;1;GPH;AMAG;Goose Property;MAIN;40
F06AE8EB;2;GPH;GMAG;Goose Property;MAIN;47
F06AE8EB;3;GPH;IP;Goose Property;MAIN;47|48
F06AE8EB;4;GPH;EM;Goose Property;MAIN;47|48
F0467946;1;GPH;AMAG;Nkran;MAIN;86
F0467946;2;GPH;IP;Nkran;MAIN;86
F0467946;3;GPH;EM;Nkran;MAIN;86
F0E4420C;1;GPH;AMAG;Borborema;MAIN;88|90
F0E4420C;2;GPH;RAD;Borborema;MAIN;88|90
F0D4E8AA;1;GPH;EM;Bell Creek;MAIN;46
F0D4E8AA;2;GPH;IP;Bell Creek;MAIN;46
F0F6AE0A;1;GPH;AMAG;Nkran;MAIN;49|76
F0F6AE0A;2;GPH;GMAG;Nkran;MAIN;73
F0F6AE0A;3;GPH;IP;Nkran;MAIN;75
F0F6AE0A;4;GPH;VLF;Nkran;MAIN;75|76
F0F6AE0A;5;GPH;EM;Nkran;MAIN;76
F1028D67;1;GPH;SES;Macraes;MAIN;57
F1028D67;2;GPH;EM;Macraes;MAIN;57|58|60
F1028D67;3;GPH;AMAG;Macraes;MAIN;57|58|60
F0FFABE5;1;GPH;IP;Tuvatu;MAIN;55
F124F58C;1;GPH;IP;Bomboré Gold Project;MAIN;87|96
F124F58C;3;GPH;RES;Bomboré Gold Project;MAIN;97|98|99
F124F58C;4;GPH;AMAG;Bomboré Gold Project;MAIN;87|98|99
F124F58C;5;GPH;RAD;Bomboré Gold Project;MAIN;98|99
F147FDEE;1;GPH;IP;Leprechaun gold deposit;MAIN;44
F13BC453;1;GPH;GMAG;Black Fox deposit;MAIN;64|65
F13BC453;2;GPH;EM;Black Fox deposit;MAIN;64
F13BC453;3;GPH;IP;Black Fox deposit;MAIN;64|65
F13BC453;4;GPH;AMAG;Black Fox deposit;MAIN;65
F14D4193;1;GPH;IP;VG1;MAIN;28|29
F179040A;1;GPH;AMAG;Quartz Zone;MAIN;56
F18DC39A;1;GPH;AMAG;Brookbank Deposit;MAIN;58
F18DC39A;2;GPH;VLF;Brookbank Deposit;MAIN;58|62
F18DC39A;3;GPH;RAD;Brookbank Deposit;MAIN;58
F18DC39A;4;GPH;GMAG;Brookbank Deposit;MAIN;62
F1DCDB02;1;GPH;AMAG;Mantis;MAIN;25|38
F1DCDB02;2;GPH;VLF;Mantis;MAIN;25|38
F1DCDB02;3;GPH;RAD;Mantis;MAIN;25|38
F2370A54;1;GPH;UNS;Pine Tree-Josephine;MAIN;64
F239538A;3;GPH;AMAG;Blackjack Zone;MAIN;46
F26FE41D;1;GPH;AMAG;F2 gold system;MAIN;65|66
F26FE41D;2;GPH;GMAG;F2 gold system;MAIN;65
F26FE41D;4;GPH;IP;F2 gold system;MAIN;65|66
F26FE41D;5;GPH;MT;F2 gold system;MAIN;65
F2C945F2;1;GPH;AMAG;Doropo Project;MAIN;134
F2C945F2;2;GPH;RAD;Doropo Project;MAIN;134
F2C945F2;3;GPH;IP;Doropo Project;MAIN;139
F2EB37B6;1;GPH;GMAG;Cape Spencer Gold Deposit;MAIN;57
F2EB37B6;2;GPH;VLF;Cape Spencer Gold Deposit;MAIN;57
F2EE6B65;1;GPH;IP;Buckreef Prospect;MAIN;43|44|45
F2EE6B65;2;GPH;GMAG;Buckreef Prospect;MAIN;43
F2EE6B65;3;GPH;GRV;Buckreef Prospect;MAIN;43|44
F2EE6B65;4;GPH;AMAG;Buckreef Prospect;MAIN;44|45
F32EB5C6;1;GPH;AMAG;Pine Tree-Josephine;MAIN;79|81
F335DE39;1;GPH;AMAG;Rowan Vein System;MAIN;58|59
F34730EA;1;GPH;AMAG;Drevniy;MAIN;48
F34730EA;2;GPH;RAD;Drevniy;MAIN;49
F3A46575;1;GPH;GMAG;Mustajärvi;MAIN;23
F3A46575;2;GPH;IP;Mustajärvi;MAIN;26
F38C3B41;1;GPH;AMAG;Island Gold Mine;MAIN;36
F3C856C9;1;GPH;AMAG;Yaoure Central;MAIN;83
F3C856C9;2;GPH;RAD;Yaoure Central;MAIN;83
F3D531C6;1;GPH;GRV;Long Canyon;MAIN;55
F3D531C6;2;GPH;IP;Long Canyon;MAIN;57
F3E65CCA;1;GPH;IP;Santa Pancha;MAIN;71
F3E65CCA;2;GPH;EM;Santa Pancha;MAIN;71
F3E65CCA;3;GPH;GMAG;Santa Pancha;MAIN;71
F3C34589;1;GPH;AMAG;Timmins West Mine;MAIN;74
F3C34589;2;GPH;RES;Timmins West Mine;MAIN;74
F3C34589;3;GPH;IP;Timmins West Mine;MAIN;74
F3C34589;4;GPH;GMAG;Timmins West Mine;MAIN;74
F422A46A;1;GPH;AMAG;Rosa de Maio;MAIN;15|41|47|48
F422A46A;2;GPH;IP;Rosa de Maio;MAIN;50|51|52
F40F1B12;1;GPH;GRV;Pan;MAIN;48
F4181C31;1;GPH;UNS;Björkdal;MAIN;71
F4181C31;2;GPH;GMAG;Björkdal;MAIN;71
F4181C31;3;GPH;IP;Björkdal;MAIN;71
F4181C31;4;GPH;WLOG;Björkdal;MAIN;71
F444C8A8;1;GPH;MT;Spring Valley;MAIN;54
F444C8A8;2;GPH;GRV;Spring Valley;MAIN;54
F444C8A8;3;GPH;GMAG;Spring Valley;MAIN;54
F4692D75;1;GPH;IP;Yellow Pine Deposit;MAIN;35
F4740DAB;1;GPH;IP;Fosterville;MAIN;45|46|47|61|62
F4740DAB;2;GPH;RES;Fosterville;MAIN;45|47
F4740DAB;3;GPH;AMAG;Fosterville;MAIN;61|62
F4740DAB;4;GPH;RAD;Fosterville;MAIN;61|62
F4740DAB;5;GPH;GRV;Fosterville;MAIN;61
F46A958C;1;GPH;AMAG;Fako;MAIN;38|44
F46A958C;2;GPH;RAD;Fako;MAIN;38|44
F4793E47;1;GPH;AMAG;Triangle Deposit;MAIN;81
F4793E47;2;GPH;GRV;Triangle Deposit;MAIN;81
F4AB20D7;1;GPH;GMAG;Triangle Zone;MAIN;120|124
F4A1BCC5;1;GPH;GMAG;Goose Project;MAIN;54|64
F4A1BCC5;2;GPH;IP;Goose Project;MAIN;64
F4A1BCC5;3;GPH;EM;Goose Project;MAIN;64
F4A1BCC5;4;GPH;AMAG;Goose Project;MAIN;54
F4CA6FFF;1;GPH;IP;VG1;MAIN;31
F4F0359F;1;GPH;GRV;Kinsley;MAIN;82|83
F4F0359F;2;GPH;UNS;Kinsley;MAIN;82
F4F0359F;3;GPH;IP;Kinsley;MAIN;82|83|85|86
F5C91823;1;GPH;AMAG;Pahtavaara;MAIN;32|33
F5C91823;2;GPH;EM;Pahtavaara;MAIN;32
F5C91823;3;GPH;RAD;Pahtavaara;MAIN;32
F5C91823;4;GPH;GMAG;Pahtavaara;MAIN;32
F5C91823;5;GPH;IP;Pahtavaara;MAIN;32|33
F5FFF466;1;GPH;GRV;Long Canyon;MAIN;78
F5FFF466;2;GPH;IP;Long Canyon;MAIN;78
F643084B;1;GPH;AMAG;Serra Alta;MAIN;95|96
F643084B;2;GPH;RAD;Serra Alta;MAIN;95|96
F643084B;3;GPH;GMAG;Serra Alta;MAIN;94|95
F643084B;4;GPH;IP;Serra Alta;MAIN;94|95
F6113CDC;1;GPH;AMAG;ACMA-Lewis;MAIN;91
F6113CDC;2;GPH;VLF;ACMA-Lewis;MAIN;91
F6113CDC;3;GPH;GMAG;ACMA-Lewis;MAIN;91
F6113CDC;4;GPH;GPR;ACMA-Lewis;MAIN;91
F6113CDC;5;GPH;EM;ACMA-Lewis;MAIN;91
F6113CDC;6;GPH;IP;ACMA-Lewis;MAIN;91
F6113CDC;7;GPH;RES;ACMA-Lewis;MAIN;91
F6834415;1;GPH;UNS;Bourkes Mine;MAIN;39
F6834415;2;GPH;VLF;Bourkes Mine;MAIN;39
F6BA10B9;1;GPH;AMAG;Tankoro Deposit;MAIN;88|113
F6BA10B9;2;GPH;RAD;Tankoro Deposit;MAIN;113
F6BA10B9;3;GPH;IP;Tankoro Deposit;MAIN;88|113
F6BA10B9;4;GPH;GRV;Tankoro Deposit;MAIN;109|114
F6BA10B9;5;GPH;GMAG;Tankoro Deposit;MAIN;114
F6892A92;1;GPH;EM;Sukari;MAIN;66
F6892A92;2;GPH;AMAG;Sukari;MAIN;66
F6892A92;3;GPH;RAD;Sukari;MAIN;66
F70494FF;1;GPH;AMAG;Kouroussa Project;MAIN;50
F6EF0F46;1;GPH;UNS;Enchi Gold Project;MAIN;67
F6EF0F46;2;GPH;EM;Enchi Gold Project;MAIN;64
F6EF0F46;3;GPH;AMAG;Enchi Gold Project;MAIN;78|79
F70C7BCE;1;GPH;AMAG;LP Fault Zone;MAIN;46|51|53|54
F70C7BCE;2;GPH;EM;LP Fault Zone;MAIN;46|53
F72342F1;3;GPH;AMAG;Clear Creek;MAIN;43
F748F22F;2;GPH;AMAG;True North;MAIN;53
F7D0929F;1;GPH;IP;Golden Saddle;MAIN;72
F7D0929F;2;GPH;GMAG;Golden Saddle;MAIN;75|76
F7D0929F;3;GPH;VLF;Golden Saddle;MAIN;75|76
F7D0929F;4;GPH;EM;Golden Saddle;MAIN;78
F7D0929F;5;GPH;AMAG;Golden Saddle;MAIN;78
F7B300C1;2;GPH;IP;Bombore Gold Project;MAIN;105
F7B300C1;3;GPH;RES;Bombore Gold Project;MAIN;106|107|108
F7B300C1;4;GPH;AMAG;Bombore Gold Project;MAIN;107|108
F7B300C1;5;GPH;RAD;Bombore Gold Project;MAIN;107|108
F7EED46F;2;GPH;GMAG;Dufferin;MAIN;45
F7F7E8B5;1;GPH;AMAG;La Cruz;MAIN;28
F7F7E8B5;2;GPH;RAD;La Cruz;MAIN;28
F7F70B97;1;GPH;IP;Detour Lake deposit;MAIN;60
F85E04D8;1;GPH;UNS;Taparko;MAIN;36
F8DD52B0;1;GPH;GMAG;Garrcon Deposit;MAIN;43
F8DD52B0;2;GPH;VLF;Garrcon Deposit;MAIN;43
F8A00485;1;GPH;UNS;Beaufor Mine;MAIN;80
F8A00485;2;GPH;EM;Beaufor Mine;MAIN;80
F96369C3;1;GPH;UNS;Yellowjacket Zone;MAIN;39|40|49
F97E7872;1;GPH;AMAG;Rowan Vein System;MAIN;44
F9B31B77;1;GPH;GRV;Kinsley;MAIN;82|83|84
F9B31B77;2;GPH;AMAG;Kinsley;MAIN;82
F9B31B77;3;GPH;IP;Kinsley;MAIN;82|83|85|86|87
F9C49D3C;1;GPH;AMAG;Preview SW;MAIN;35
F9C49D3C;2;GPH;VLF;Preview SW;MAIN;35
F9F9BCE1;1;GPH;AMAG;Assafou;MAIN;170|176
F9F9BCE1;2;GPH;RAD;Assafou;MAIN;170
F9F9BCE1;3;GPH;GMAG;Assafou;MAIN;170|174
F9F9BCE1;4;GPH;GRV;Assafou;MAIN;170|174
F9F9BCE1;5;GPH;MT;Assafou;MAIN;170|175
F9F9BCE1;6;GPH;IP;Assafou;MAIN;170|174|175
FB130253;1;GPH;AMAG;Mckinnon Gold Deposit;MAIN;28
FB130253;2;GPH;EM;Mckinnon Gold Deposit;MAIN;28
FAAD172E;1;GPH;AMAG;Zone 1;MAIN;31
FB4E10A8;1;GPH;RAD;Sewum;MAIN;86
FB4E10A8;2;GPH;EM;Sewum;MAIN;73
FB4E10A8;3;GPH;AMAG;Sewum;MAIN;87
FB78EEA9;1;GPH;AMAG;Rosebel Deposits;MAIN;48|82|89
FB78EEA9;2;GPH;IP;Rosebel Deposits;MAIN;80|82|86|87|89
FB78EEA9;3;GPH;EM;Rosebel Deposits;MAIN;82|89
FB78EEA9;5;GPH;GMAG;Rosebel Deposits;MAIN;89
FB78EEA9;6;GPH;RAD;Rosebel Deposits;MAIN;93
FBC06772;1;GPH;AMAG;Nkran;MAIN;151
FBC06772;2;GPH;EM;Nkran;MAIN;151|190
FBC06772;3;GPH;IP;Nkran;MAIN;173
FBB8F3E2;1;GPH;AMAG;Kairuni;MAIN;67
FBB8F3E2;2;GPH;RAD;Kairuni;MAIN;67
FBCF1A68;1;GPH;AMAG;Vickers Target;MAIN;31|32
FBCF1A68;2;GPH;VLF;Vickers Target;MAIN;31
FC25554A;1;GPH;GMAG;Nangodi;MAIN;54
FC25554A;2;GPH;EM;Nangodi;MAIN;54
FC8F1865;1;GPH;IP;Bibiani;MAIN;52|53
FC8F1865;2;GPH;GMAG;Bibiani;MAIN;52|54
FC8F1865;3;GPH;AMAG;Bibiani;MAIN;52
FC8F1865;4;GPH;EM;Bibiani;MAIN;52
FCEDB360;3;GPH;IP;Fekola;MAIN;129
FCEDB360;4;GPH;AMAG;Fekola;MAIN;129|130
FCEDB360;5;GPH;UNS;Fekola;MAIN;129
FCEDB360;6;GPH;RES;Fekola;MAIN;129
FCEDB360;7;GPH;GRV;Fekola;MAIN;129|130
FCEDB360;8;GPH;RAD;Fekola;MAIN;130
FD1806A2;1;GPH;AMAG;EMZ deposit;MAIN;74
FD1806A2;2;GPH;RAD;EMZ deposit;MAIN;74
FD1806A2;3;GPH;IP;EMZ deposit;MAIN;74
FD1806A2;4;GPH;EM;EMZ deposit;MAIN;74
FD14CA74;2;GPH;GMAG;Mexican Hat;MAIN;92
FD14CA74;3;GPH;MT;Mexican Hat;MAIN;92|95
FD14CA74;4;GPH;GRV;Mexican Hat;MAIN;92|99
FD06011C;2;GPH;UNS;Massawa;MAIN;17|28
FD27493E;1;GPH;GMAG;South West deposit;MAIN;65|66|67
FD27493E;2;GPH;IP;South West deposit;MAIN;65|66
FD27493E;3;GPH;VLF;South West deposit;MAIN;65|66
FD27493E;4;GPH;AMAG;South West deposit;MAIN;65
FD27493E;5;GPH;UNS;South West deposit;MAIN;65
FD27493E;6;GPH;RES;South West deposit;MAIN;66
FD27493E;7;GPH;EM;South West deposit;MAIN;66
FD27493E;8;GPH;MT;South West deposit;MAIN;67
FD27919B;1;GPH;UNS;Plutonic Gold Mine;MAIN;60|64
FD65A15C;1;GPH;IP;Tuvatu;MAIN;34
FD7FE0FA;1;GPH;AMAG;Sabodala Deposit;MAIN;191
FD7FE0FA;2;GPH;EM;Sabodala Deposit;MAIN;191
FD7FE0FA;3;GPH;RAD;Sabodala Deposit;MAIN;191
FD7FE0FA;4;GPH;IP;Sabodala Deposit;MAIN;191
FE2C2EB3;1;GPH;GMAG;Golden Extension Showing;MAIN;19
FD86E7DB;1;GPH;IP;MacLellan;MAIN;103
FD952206;1;GPH;UNS;Golden Ridge;MAIN;33
FDBFC22D;1;GPH;UNS;Cosmo;MAIN;82|83
FE3C33ED;1;GPH;AMAG;Wassa;MAIN;68|69
FE3C33ED;2;GPH;RAD;Wassa;MAIN;68|69
FE3C33ED;3;GPH;IP;Wassa;MAIN;68
FE3C33ED;4;GPH;EM;Wassa;MAIN;69
FE3C33ED;5;GPH;RES;Wassa;MAIN;69
FE544976;1;GPH;AMAG;Rusty Zone;MAIN;75|79
FE544976;2;GPH;GRV;Rusty Zone;MAIN;75
FE544976;3;GPH;RAD;Rusty Zone;MAIN;75
FE544976;4;GPH;VLF;Rusty Zone;MAIN;75
FE544976;5;GPH;GMAG;Rusty Zone;MAIN;75|79
FE544976;6;GPH;IP;Rusty Zone;MAIN;75
FE655C5A;1;GPH;GMAG;Sugar Zone;MAIN;80|84|89
FE655C5A;2;GPH;IP;Sugar Zone;MAIN;80|81|84|85
FE655C5A;3;GPH;EM;Sugar Zone;MAIN;81
FE655C5A;4;GPH;AMAG;Sugar Zone;MAIN;81|84
FE655C5A;5;GPH;RES;Sugar Zone;MAIN;84
FE655C5A;6;GPH;RAD;Sugar Zone;MAIN;84
FE655C5A;7;GPH;VLF;Sugar Zone;MAIN;84|85|88|89
FE41E283;1;GPH;GMAG;Jubilee Deposit;MAIN;142
FE41E283;2;GPH;IP;Jubilee Deposit;MAIN;142|150
FE41E283;3;GPH;EM;Jubilee Deposit;MAIN;142|148
FE41E283;4;GPH;AMAG;Jubilee Deposit;MAIN;146
FE41E283;5;GPH;MT;Jubilee Deposit;MAIN;148
FE41E283;7;GPH;GRV;Jubilee Deposit;MAIN;150|151
FE77C988;1;GPH;IP;Fenn-Gib Deposit;MAIN;76
FE77C988;2;GPH;RES;Fenn-Gib Deposit;MAIN;76
FE77C988;3;GPH;AMAG;Fenn-Gib Deposit;MAIN;76
FEBB4E99;1;GPH;UNS;Mesquite;MAIN;47
FEC127DD;1;GPH;GMAG;Noomut Property;MAIN;22
FEC127DD;2;GPH;EM;Noomut Property;MAIN;22|28|32
FEC127DD;3;GPH;IP;Noomut Property;MAIN;22
FEC127DD;4;GPH;AMAG;Noomut Property;MAIN;28|32
FEFBD7AD;1;GPH;AMAG;West Branch;MAIN;57
FEFBD7AD;2;GPH;GMAG;West Branch;MAIN;57
FEFBD7AD;3;GPH;EM;West Branch;MAIN;57
FEFBD7AD;4;GPH;RAD;West Branch;MAIN;57
FEFBD7AD;5;GPH;IP;West Branch;MAIN;57
FEFBD7AD;6;GPH;GRV;West Branch;MAIN;58
FF0E3756;1;GPH;GMAG;Matheson Gold Corridors;MAIN;56
FF3D4B92;1;GPH;GMAG;Duvay Zone Principal;MAIN;37|42
FF3D4B92;2;GPH;AMAG;Duvay Zone Principal;MAIN;37|42
FF3D4B92;3;GPH;EM;Duvay Zone Principal;MAIN;37|42
FF3D4B92;4;GPH;IP;Duvay Zone Principal;MAIN;47
FF95A43D;1;GPH;IP;Leprechaun Gold deposit;MAIN;53|55
FF95A43D;2;GPH;RES;Leprechaun Gold deposit;MAIN;53|55
00A1A571;1;GPH;AMAG;San Sebastian Vein system;MAIN;60
00A1A571;2;GPH;IP;San Sebastian Vein system;MAIN;60|61
00A1A571;3;GPH;GMAG;San Sebastian Vein system;MAIN;60|61
00A1A571;4;GPH;MT;San Sebastian Vein system;MAIN;61
0270F3E6;1;GPH;AMAG;Bellekeno;MAIN;37
0270F3E6;2;GPH;EM;Bellekeno;MAIN;37
0270F3E6;3;GPH;IP;Bellekeno;MAIN;37
02D3DA57;1;GPH;AMAG;Cabin Lake;MAIN;23|25
046BD206;1;GPH;AMAG;Main Zone;MAIN;25|32
056AE52A;1;GPH;IP;Promontorio;MAIN;38|52|54
056AE52A;2;GPH;EM;Promontorio;MAIN;40|52|54
056AE52A;3;GPH;AMAG;Promontorio;MAIN;52|54
05C21063;1;GPH;MT;Sierra Mojada;MAIN;79
05C21063;2;GPH;IP;Sierra Mojada;MAIN;79
05C21063;3;GPH;AMAG;Sierra Mojada;MAIN;79|85
05C21063;4;GPH;RAD;Sierra Mojada;MAIN;79
05C21063;5;GPH;EM;Sierra Mojada;MAIN;80|85
0605E838;1;GPH;GMAG;Esquilache;MAIN;54
0605E838;2;GPH;IP;Esquilache;MAIN;54
09D7EE3E;1;GPH;IP;Silver King;MAIN;39
07B2F0E3;1;GPH;GMAG;Ober-Zeiring;MAIN;92|93|94|96|98|102
07B2F0E3;2;GPH;IP;Ober-Zeiring;MAIN;91|92|93|94|95|96|98|99|100
07B2F0E3;3;GPH;RES;Ober-Zeiring;MAIN;92|94|95|98|101
07B2F0E3;4;GPH;EM;Ober-Zeiring;MAIN;91|92
09F03D47;1;GPH;UNS;Chinchillas;MAIN;46|54
09F03D47;2;GPH;IP;Chinchillas;MAIN;46|54
09F03D47;3;GPH;MT;Chinchillas;MAIN;46|54
0A03757D;1;GPH;AMAG;Copala;MAIN;89|90
0A03757D;2;GPH;EM;Copala;MAIN;89|90
0A28D8FC;1;GPH;AMAG;Cerro Las Minitas;MAIN;38
0A28D8FC;2;GPH;IP;Cerro Las Minitas;MAIN;38|41
0A28D8FC;3;GPH;GRV;Cerro Las Minitas;MAIN;41
0A28D8FC;4;GPH;VLF;Cerro Las Minitas;MAIN;42
0AB7494C;1;GPH;EM;Dolly Varden Project;MAIN;59|81
0AB7494C;2;GPH;AMAG;Dolly Varden Project;MAIN;59
0AB7494C;3;GPH;IP;Dolly Varden Project;MAIN;59
0C8B3E74;1;GPH;UNS;Kate Silver Resource (KSR);MAIN;34
0CA176D1;1;GPH;IP;Avino Vein;MAIN;95
0E5401CF;3;GPH;AMAG;El Tigre;MAIN;105
0E5401CF;4;GPH;IP;El Tigre;MAIN;110
0F331AAE;1;GPH;GMAG;El Tajo;MAIN;25|30
0F331AAE;2;GPH;IP;El Tajo;MAIN;25|30
1028ABF3;1;GPH;AMAG;Cerro Las Minitas;MAIN;45
1028ABF3;2;GPH;IP;Cerro Las Minitas;MAIN;45|48
1028ABF3;3;GPH;GRV;Cerro Las Minitas;MAIN;48
0FF17669;1;GPH;IP;Caylloma Mine;MAIN;60|65
0FF17669;2;GPH;RES;Caylloma Mine;MAIN;60
0FF17669;3;GPH;GMAG;Caylloma Mine;MAIN;60
0FF17669;4;GPH;MT;Caylloma Mine;MAIN;60
110EE561;1;GPH;UNS;Silverknife;MAIN;30|37
11793906;1;GPH;AMAG;Waterpump Creek;MAIN;74|112|117
11793906;2;GPH;MT;Waterpump Creek;MAIN;71|111
11793906;3;GPH;IP;Waterpump Creek;MAIN;71|112|115
11793906;4;GPH;EM;Waterpump Creek;MAIN;71|117
11793906;5;GPH;GRV;Waterpump Creek;MAIN;112
11793906;6;GPH;RAD;Waterpump Creek;MAIN;117
11D8614E;1;GPH;UNS;Mangazeisky North;MAIN;61
109879D1;1;GPH;UNS;El Cubo;MAIN;64
120440D7;1;GPH;IP;Vertikalny;MAIN;102
120440D7;2;GPH;MT;Vertikalny;MAIN;102
120440D7;3;GPH;UNS;Vertikalny;MAIN;99|102
1260DD24;1;GPH;AMAG;Cinco de Mayo;MAIN;19|34
1260DD24;2;GPH;EM;Cinco de Mayo;MAIN;19|34
1260DD24;3;GPH;GRV;Cinco de Mayo;MAIN;36
13D157B4;1;GPH;AMAG;Bilbao;MAIN;57
13D157B4;2;GPH;RAD;Bilbao;MAIN;57
13D157B4;3;GPH;IP;Bilbao;MAIN;57
13D157B4;4;GPH;GMAG;Bilbao;MAIN;57
13C217FA;1;GPH;IP;Washington Silver;MAIN;18|19
13C217FA;2;GPH;VLF;Washington Silver;MAIN;18
13C217FA;3;GPH;RES;Washington Silver;MAIN;18
15754DC4;1;GPH;RES;Yauricocha;MAIN;67
15754DC4;2;GPH;IP;Yauricocha;MAIN;67
15754DC4;3;GPH;MT;Yauricocha;MAIN;67
15C63AB6;1;GPH;EM;Princesa;MAIN;27|28
15C63AB6;2;GPH;VLF;Princesa;MAIN;27|28
15C63AB6;3;GPH;GMAG;Princesa;MAIN;27|28
15C63AB6;4;GPH;IP;Princesa;MAIN;27|28
15D76947;1;GPH;IP;San Marcial;MAIN;84
15D76947;2;GPH;GMAG;San Marcial;MAIN;84
16CC9925;1;GPH;IP;San Rafael;MAIN;47
182A0272;1;GPH;VLF;Silver Queen Deposit;MAIN;47
182A0272;2;GPH;EM;Silver Queen Deposit;MAIN;47
182A0272;3;GPH;AMAG;Silver Queen Deposit;MAIN;47
182A0272;4;GPH;IP;Silver Queen Deposit;MAIN;47
182A0272;5;GPH;MT;Silver Queen Deposit;MAIN;47
18A2027C;1;GPH;AMAG;La Encantada;MAIN;61
18A2027C;2;GPH;MT;La Encantada;MAIN;60|62
18D6D1CC;1;GPH;EM;Hardshell;MAIN;45
18D6D1CC;2;GPH;AMAG;Hardshell;MAIN;45
195BFEF8;1;GPH;GMAG;La Cigarra;MAIN;61
195BFEF8;2;GPH;IP;La Cigarra;MAIN;61|63
19724E16;1;GPH;AMAG;Las Bolas Structure;MAIN;29|35|48
19724E16;2;GPH;EM;Las Bolas Structure;MAIN;48
1B0CE8FB;1;GPH;IP;La Preciosa;MAIN;50
1B475F9E;1;GPH;IP;La Preciosa;MAIN;58
1B475F9E;2;GPH;AMAG;La Preciosa;MAIN;59
1B475F9E;3;GPH;SWIR;La Preciosa;MAIN;59
1B475F9E;4;GPH;WLOG;La Preciosa;MAIN;59
1B7A92AF;1;GPH;UNS;Bermingham;MAIN;29|92
1B7A92AF;2;GPH;GMAG;Bermingham;MAIN;96
1B7A92AF;3;GPH;IP;Bermingham;MAIN;97
1B91159D;1;GPH;AMAG;Panuco Vein System;MAIN;35
1C09C399;1;GPH;UNS;Upper Manto deposit;MAIN;30|32
1C402986;1;GPH;IP;Chinchillas;MAIN;47|55
1C402986;2;GPH;MT;Chinchillas;MAIN;47|55
1C402986;3;GPH;UNS;Chinchillas;MAIN;47|55
1CAF3C71;1;GPH;IP;Guitarra;MAIN;62
1CAF3C71;2;GPH;GMAG;Guitarra;MAIN;62
1EAA85D5;1;GPH;MT;Sierra Mojada;MAIN;45
1EAA85D5;2;GPH;IP;Sierra Mojada;MAIN;45
1EAA85D5;3;GPH;AMAG;Sierra Mojada;MAIN;45
1EAA85D5;4;GPH;RAD;Sierra Mojada;MAIN;45
1EB7DB8A;1;GPH;EM;Silvertip;MAIN;42
1EC34635;1;GPH;AMAG;Shafter deposit;MAIN;64
1EC34635;2;GPH;EM;Shafter deposit;MAIN;64
1EC34635;3;GPH;MT;Shafter deposit;MAIN;64
1FC287A7;1;GPH;IP;Milagros;MAIN;96
1FC287A7;2;GPH;RES;Milagros;MAIN;96
1FC287A7;3;GPH;GMAG;Milagros;MAIN;96
1FC287A7;4;GPH;GRV;Milagros;MAIN;96
1FE272B7;1;GPH;IP;Potosi Mine;MAIN;47
1FE272B7;2;GPH;AMAG;Potosi Mine;MAIN;47
22DDFDDF;1;GPH;IP;Chinchillas;MAIN;70
22DDFDDF;2;GPH;RES;Chinchillas;MAIN;70
22DDFDDF;3;GPH;MT;Chinchillas;MAIN;70
22DDFDDF;4;GPH;GMAG;Chinchillas;MAIN;70
2385F77C;1;GPH;IP;San José;MAIN;44
243200CD;3;GPH;AMAG;Capire;MAIN;30
243200CD;4;GPH;EM;Capire;MAIN;30
243200CD;5;GPH;RAD;Capire;MAIN;30
243200CD;6;GPH;IP;Capire;MAIN;30
243200CD;7;GPH;GRV;Capire;MAIN;30
243200CD;8;GPH;GMAG;Capire;MAIN;30
245BB4C2;1;GPH;GMAG;Nizhny Endybal;MAIN;63|66
250EFC2A;1;GPH;IP;Main Silver King Vein;MAIN;23
29072287;1;GPH;IP;Silver Reef;MAIN;33
29072287;2;GPH;EM;Silver Reef;MAIN;33
288D2C3D;1;GPH;AMAG;Queen Structure;MAIN;64|65|66
2957E15D;2;GPH;IP;Martha;MAIN;28|29
2957E15D;3;GPH;GMAG;Martha;MAIN;29
2957E15D;4;GPH;AMAG;Martha;MAIN;29
2957E15D;5;GPH;MT;Martha;MAIN;30
29C562B1;1;GPH;UNS;El Cubo;MAIN;56
2A816F9A;1;GPH;GMAG;Vertikalny;MAIN;89
2C99F92A;1;GPH;AMAG;Cerro Las Minitas;MAIN;53
2C99F92A;2;GPH;IP;Cerro Las Minitas;MAIN;53|54
2C99F92A;3;GPH;GRV;Cerro Las Minitas;MAIN;54
2D1193C8;1;GPH;GMAG;Abcourt-Barvue;MAIN;20
2D1193C8;2;GPH;EM;Abcourt-Barvue;MAIN;20|22
2D1193C8;3;GPH;GRV;Abcourt-Barvue;MAIN;20
2CCA379B;1;GPH;AMAG;Catarina;MAIN;38|42|68
2CCA379B;2;GPH;GMAG;Catarina;MAIN;48|49|63|73
2CCA379B;3;GPH;RAD;Catarina;MAIN;68
2D284444;1;GPH;VLF;La Colorada;MAIN;23
2D284444;2;GPH;IP;La Colorada;MAIN;23
2DCA987B;1;GPH;UNS;Hardshell;MAIN;45
2DECC0A8;1;GPH;VLF;Redline Minerals Property Group;MAIN;121|122|123
2DECC0A8;2;GPH;GMAG;Redline Minerals Property Group;MAIN;121|122|123
2E6FB28A;2;GPH;RAD;Carolay Vein;MAIN;29
2E6FB28A;3;GPH;GMAG;Carolay Vein;MAIN;29
2E6FB28A;4;GPH;IP;Carolay Vein;MAIN;29
2E8E7490;1;GPH;RAD;Pitarrilla;MAIN;91
2E8E7490;2;GPH;AMAG;Pitarrilla;MAIN;91
2E8E7490;3;GPH;IP;Pitarrilla;MAIN;91
2E8E7490;4;GPH;MT;Pitarrilla;MAIN;91
2E8E7490;5;GPH;GMAG;Pitarrilla;MAIN;91
2E8E7490;6;GPH;GRV;Pitarrilla;MAIN;91
2E8E7490;7;GPH;SES;Pitarrilla;MAIN;75|91
2E8E7490;9;GPH;SWIR;Pitarrilla;MAIN;83|92
2F159771;1;GPH;MT;Lolon Vein;MAIN;12|45
2FF65738;1;GPH;IP;Evolución Project;MAIN;47|48
3099569D;1;GPH;IP;Santa Ana;MAIN;23
3099569D;2;GPH;RES;Santa Ana;MAIN;23
3020BCFC;1;GPH;AMAG;Castle;MAIN;44|68|69|70
3020BCFC;3;GPH;WLOG;Castle;MAIN;72|73|74|75|76|77|78|79
30C5156C;1;GPH;IP;Platosa;MAIN;44|45|46|50
30C5156C;2;GPH;MT;Platosa;MAIN;44|45|46
30C5156C;3;GPH;GMAG;Platosa;MAIN;44|47
30C5156C;4;GPH;GRV;Platosa;MAIN;44|47|48
30C5156C;5;GPH;EM;Platosa;MAIN;45|48|49|50
30C5156C;6;GPH;AMAG;Platosa;MAIN;47|49|50
30DD47D8;1;GPH;AMAG;Plata Vein System;MAIN;25
30DD47D8;2;GPH;EM;Plata Vein System;MAIN;25
313796B0;1;GPH;AMAG;Salvador-Sambalay Area;MAIN;49|67
313796B0;2;GPH;IP;Salvador-Sambalay Area;MAIN;49|67
313796B0;3;GPH;SWIR;Salvador-Sambalay Area;MAIN;49|54
3172FA35;1;GPH;UNS;Treasure Mountain;MAIN;29
36606EFA;2;GPH;GMAG;San Andrés;MAIN;28
36CC9994;1;GPH;IP;Cordero;MAIN;52|53
36CC9994;2;GPH;GRV;Cordero;MAIN;53
36CC9994;3;GPH;AMAG;Cordero;MAIN;53
36CC9994;4;GPH;EM;Cordero;MAIN;53
36CC9994;5;GPH;RAD;Cordero;MAIN;53
36CC9994;6;GPH;MT;Cordero;MAIN;53
36D4C92B;1;GPH;IP;Cachinal;MAIN;43
36D4C92B;3;GPH;VLF;Cachinal;MAIN;43|44
36D4C92B;4;GPH;GMAG;Cachinal;MAIN;44
37617794;1;GPH;VLF;Wonderful vein system;MAIN;16|30|31|32
389E582B;1;GPH;EM;DVT Exhalite Horizon;MAIN;56
389E582B;2;GPH;AMAG;DVT Exhalite Horizon;MAIN;56
389E582B;3;GPH;RAD;DVT Exhalite Horizon;MAIN;56
3959A3FF;1;GPH;UNS;Cuencame Concessions;MAIN;20
3C1BDBE1;1;GPH;AMAG;Miguel Auza;MAIN;54
3AF14E20;1;GPH;IP;Platosa;MAIN;49
3AF14E20;2;GPH;MT;Platosa;MAIN;49|50
3AF14E20;3;GPH;GMAG;Platosa;MAIN;49|51
3AF14E20;4;GPH;GRV;Platosa;MAIN;49|52
3AF14E20;5;GPH;EM;Platosa;MAIN;52
3AF14E20;6;GPH;AMAG;Platosa;MAIN;52
3C805E8B;1;GPH;IP;Martha;MAIN;37
3C805E8B;2;GPH;MT;Martha;MAIN;37
3C805E8B;3;GPH;GMAG;Martha;MAIN;37
3C805E8B;4;GPH;AMAG;Martha;MAIN;37
3DB4603B;1;GPH;AMAG;Caledonia;MAIN;40
3DB4603B;2;GPH;GMAG;Caledonia;MAIN;40
3DB4603B;3;GPH;EM;Caledonia;MAIN;40
3CC20B2D;1;GPH;GMAG;Nizhny Endybal;MAIN;90|93
3E71680C;1;GPH;AMAG;Flame & Moth;MAIN;35
3E71680C;2;GPH;EM;Flame & Moth;MAIN;35
3E71680C;3;GPH;GMAG;Flame & Moth;MAIN;35
3DE238EC;1;GPH;AMAG;Cerro Las Minitas;MAIN;35
3DE238EC;2;GPH;IP;Cerro Las Minitas;MAIN;35|38
3DE238EC;3;GPH;GRV;Cerro Las Minitas;MAIN;35|38
3E19CE93;1;GPH;AMAG;Cerro Bayo;MAIN;28
3E19CE93;2;GPH;RAD;Cerro Bayo;MAIN;28
3E19CE93;3;GPH;IP;Cerro Bayo;MAIN;28
3E19CE93;4;GPH;GMAG;Cerro Bayo;MAIN;28
3E19CE93;5;GPH;MT;Cerro Bayo;MAIN;28
3F3F8FB8;1;GPH;EM;Valdecañas vein system;MAIN;46
3F3F8FB8;2;GPH;AMAG;Valdecañas vein system;MAIN;46
3F3F8FB8;3;GPH;SWIR;Valdecañas vein system;MAIN;46
407170A7;1;GPH;UNS;Treasure Mountain;MAIN;28
3FEF94CF;1;GPH;AMAG;Hector Property;MAIN;45
3FEF94CF;2;GPH;VLF;Hector Property;MAIN;45
3FEF94CF;3;GPH;GMAG;Hector Property;MAIN;58
4098286B;1;GPH;UNS;Treasure Mountain;MAIN;26
426B7D5E;1;GPH;IP;Corani;MAIN;76
426B7D5E;2;GPH;GMAG;Corani;MAIN;76
40D526D1;1;GPH;AMAG;Trinidad Deposit;MAIN;69
40D526D1;2;GPH;RAD;Trinidad Deposit;MAIN;69
437AC06E;1;GPH;IP;Santa Ana Project;MAIN;65|68
437AC06E;2;GPH;RES;Santa Ana Project;MAIN;65|68
431A790D;1;GPH;AMAG;Mogollon District Veins;MAIN;83|84|85
43909512;1;GPH;IP;San José;MAIN;27
43BF37D3;1;GPH;UNS;Bermingham;MAIN;38
43BF37D3;2;GPH;IP;Bermingham;MAIN;38
441BB576;1;GPH;MT;La Colorada skarn deposit;MAIN;52
43E7C21F;1;GPH;GMAG;Pirquitas;MAIN;70
43E7C21F;2;GPH;IP;Pirquitas;MAIN;70
459D1214;1;GPH;IP;Avino Vein;MAIN;80
4736BA91;1;GPH;AMAG;SGX;MAIN;69
4A8AD175;2;GPH;EM;La Negra;MAIN;21
4A8AD175;3;GPH;AMAG;La Negra;MAIN;21
4D14C7BF;1;GPH;AMAG;Pingüino;MAIN;40
4D14C7BF;2;GPH;IP;Pingüino;MAIN;40|41
4D14C7BF;3;GPH;GMAG;Pingüino;MAIN;41
4D81389E;1;GPH;IP;Avino Vein;MAIN;80
4DED7A68;1;GPH;AMAG;Bellekeno;MAIN;61|62
4DED7A68;2;GPH;EM;Bellekeno;MAIN;61|62
4DED7A68;3;GPH;IP;Bellekeno;MAIN;62
4DDC8DC4;1;GPH;IP;Rochester;MAIN;70
4DDC8DC4;2;GPH;AMAG;Rochester;MAIN;70
4DDC8DC4;3;GPH;GRV;Rochester;MAIN;70
4E29AE2A;1;GPH;AMAG;Cerro Cubilete-Cerro de la Mina;MAIN;19
4E29AE2A;2;GPH;RAD;Cerro Cubilete-Cerro de la Mina;MAIN;19
4E29AE2A;4;GPH;GMAG;Cerro Cubilete-Cerro de la Mina;MAIN;51
4E29AE2A;5;GPH;IP;Cerro Cubilete-Cerro de la Mina;MAIN;64
4F013677;1;GPH;EM;Shafter deposit;MAIN;59
4F013677;2;GPH;AMAG;Shafter deposit;MAIN;59
4F013677;3;GPH;MT;Shafter deposit;MAIN;60
4F013677;4;GPH;RES;Shafter deposit;MAIN;59
50348641;1;GPH;AMAG;Tonopah Vein System;MAIN;40
50348641;2;GPH;IP;Tonopah Vein System;MAIN;41
50537971;1;GPH;IP;Castle No. 3;MAIN;44
50537971;2;GPH;MT;Castle No. 3;MAIN;44
508A7C06;1;GPH;AMAG;Columba;MAIN;39|47
50ED3629;1;GPH;SWIR;Yecora;MAIN;23
508857FD;1;GPH;IP;Chinchillas;MAIN;58
51B64878;1;GPH;MT;Lolón Vein;MAIN;40
511369AA;1;GPH;AMAG;Bilbao;MAIN;42
511369AA;2;GPH;RAD;Bilbao;MAIN;42
511369AA;3;GPH;IP;Bilbao;MAIN;42
511369AA;4;GPH;GMAG;Bilbao;MAIN;42
52CC700F;1;GPH;MT;Sierra Mojada;MAIN;84
52CC700F;2;GPH;IP;Sierra Mojada;MAIN;84|86
52CC700F;3;GPH;AMAG;Sierra Mojada;MAIN;84
52CC700F;4;GPH;RAD;Sierra Mojada;MAIN;84
52CC700F;7;GPH;EM;Sierra Mojada;MAIN;85|89
526C65BD;1;GPH;AMAG;Candelaria;MAIN;52
53CA862B;1;GPH;EM;Silver Crown 6;MAIN;10|14
53505AEF;1;GPH;IP;San José;MAIN;45|53
53505AEF;2;GPH;MT;San José;MAIN;53
54A7F99C;1;GPH;AMAG;Onek;MAIN;31
54A7F99C;2;GPH;EM;Onek;MAIN;31
544CC1BC;2;GPH;GMAG;La Providencia;MAIN;61|66
54A9B2B4;1;GPH;AMAG;Lucky Queen;MAIN;30
54A9B2B4;2;GPH;EM;Lucky Queen;MAIN;30
54BDF594;2;GPH;IP;Los Ricos South;MAIN;120
554286FF;1;GPH;AMAG;Main Pit Zone;MAIN;38|39
554286FF;2;GPH;EM;Main Pit Zone;MAIN;38|39
554286FF;3;GPH;IP;Main Pit Zone;MAIN;38|40|41
554286FF;4;GPH;RES;Main Pit Zone;MAIN;38|40
55F0D648;1;GPH;IP;Chinchillas;MAIN;52|59
55F0D648;2;GPH;MT;Chinchillas;MAIN;52|59
55F0D648;3;GPH;GMAG;Chinchillas;MAIN;52|59
564952D6;1;GPH;UNS;San Felipe;MAIN;38
575F47F3;1;GPH;AMAG;Palmarejo;MAIN;65
575F47F3;2;GPH;EM;Palmarejo;MAIN;66
575F47F3;4;GPH;SWIR;Palmarejo;MAIN;64
57885F08;1;GPH;UNS;Flame & Moth;MAIN;37
57885F08;2;GPH;AMAG;Flame & Moth;MAIN;37
57885F08;3;GPH;EM;Flame & Moth;MAIN;37
57885F08;4;GPH;GMAG;Flame & Moth;MAIN;37
57E80CB7;1;GPH;AMAG;Nizhny Endybal;MAIN;65|68
57BC916D;1;GPH;GMAG;Chinchillas;MAIN;48|55
57BC916D;2;GPH;IP;Chinchillas;MAIN;48|55
57BC916D;3;GPH;MT;Chinchillas;MAIN;48|55
581AE3F0;1;GPH;EM;Valdecañas;MAIN;38
581AE3F0;2;GPH;AMAG;Valdecañas;MAIN;38
581AE3F0;5;GPH;MT;Valdecañas;MAIN;31
588C34E9;1;GPH;AMAG;Nuestra Señora;MAIN;68
588C34E9;2;GPH;EM;Nuestra Señora;MAIN;68
588C34E9;3;GPH;RAD;Nuestra Señora;MAIN;68
588C34E9;4;GPH;GMAG;Nuestra Señora;MAIN;68
588C34E9;5;GPH;VLF;Nuestra Señora;MAIN;68
5898E011;1;GPH;UNS;Oculto;MAIN;85
588FE3AD;1;GPH;IP;Rochester;MAIN;65
588FE3AD;2;GPH;RES;Rochester;MAIN;65
588FE3AD;3;GPH;AMAG;Rochester;MAIN;65
588FE3AD;4;GPH;GRV;Rochester;MAIN;65
58C4DD83;1;GPH;IP;Caylloma Vein System;MAIN;49
58C4DD83;2;GPH;RES;Caylloma Vein System;MAIN;49
58C4DD83;3;GPH;GMAG;Caylloma Vein System;MAIN;49
58C4DD83;4;GPH;MT;Caylloma Vein System;MAIN;49|57
59A26FE9;1;GPH;UNS;Santa Ana;MAIN;33
5AB31092;5;GPH;IP;Loma de La Plata;MAIN;75
5AB31092;6;GPH;GMAG;Loma de La Plata;MAIN;74
5AB31092;7;GPH;GRV;Loma de La Plata;MAIN;73
5AB31092;8;GPH;MT;Loma de La Plata;MAIN;75
5AB31092;9;GPH;AMAG;Loma de La Plata;MAIN;74
5AB31092;10;GPH;RAD;Loma de La Plata;MAIN;74
5B8CF6D0;1;GPH;AMAG;Miguel Auza;MAIN;42
5C82C1B7;1;GPH;AMAG;Tonopah Vein System;MAIN;51
5CCFD9DF;1;GPH;EM;Silvertip;MAIN;49
5CB1D360;1;GPH;AMAG;SGX;MAIN;77
5CE31C81;1;GPH;GMAG;Abcourt-Barvue;MAIN;20
5CE31C81;2;GPH;EM;Abcourt-Barvue;MAIN;20|22
5CE31C81;3;GPH;GRV;Abcourt-Barvue;MAIN;20
5CEF4D2C;1;GPH;GMAG;Huevos Verdes;MAIN;51
5CEF4D2C;2;GPH;IP;Huevos Verdes;MAIN;51
5DFF4A6C;1;GPH;IP;Platosa;MAIN;47|48
5DFF4A6C;2;GPH;MT;Platosa;MAIN;47|48|49
5DFF4A6C;3;GPH;GMAG;Platosa;MAIN;47|49|50
5DFF4A6C;4;GPH;GRV;Platosa;MAIN;47|50|51
5DFF4A6C;5;GPH;EM;Platosa;MAIN;51|52
5DFF4A6C;6;GPH;AMAG;Platosa;MAIN;41|50|51|52
5E139FC6;1;GPH;GMAG;El Gallo;MAIN;69
5E811606;1;GPH;IP;Yauricocha;MAIN;63
5E811606;2;GPH;RES;Yauricocha;MAIN;63
5E811606;3;GPH;MT;Yauricocha;MAIN;63
5F20F717;1;GPH;IP;San José;MAIN;16
5F44E547;1;GPH;AMAG;Tonopah District Veins;MAIN;46|47|49
5F44E547;2;GPH;IP;Tonopah District Veins;MAIN;47|48|49
5FA24C09;1;GPH;IP;El Capitan;MAIN;23
5F4D6005;1;GPH;AMAG;Trinidad deposit;MAIN;70
5F4D6005;2;GPH;RAD;Trinidad deposit;MAIN;70
5F4D6005;3;GPH;GMAG;Trinidad deposit;MAIN;70
5F4D6005;4;GPH;SWIR;Trinidad deposit;MAIN;71
5FF16F51;1;GPH;GMAG;Huevos Verdes;MAIN;49
5FF16F51;2;GPH;RES;Huevos Verdes;MAIN;42|44|49
5FF16F51;3;GPH;IP;Huevos Verdes;MAIN;42|44|49
5FF16F51;4;GPH;MT;Huevos Verdes;MAIN;49
609F4840;1;GPH;MT;Cerro Los Gatos;MAIN;73
60C19677;1;GPH;AMAG;Tonopah District Veins;MAIN;50
60C19677;2;GPH;IP;Tonopah District Veins;MAIN;50
60C1B2DF;1;GPH;AMAG;Silver Dollar Property;MAIN;37
60C1B2DF;2;GPH;RAD;Silver Dollar Property;MAIN;37
60C1B2DF;3;GPH;VLF;Silver Dollar Property;MAIN;51|52
60C1B2DF;4;GPH;GMAG;Silver Dollar Property;MAIN;52
62B43023;1;GPH;GMAG;El Gallo;MAIN;72
62B43023;2;GPH;AMAG;El Gallo;MAIN;72
63879AFE;1;GPH;GMAG;Namiquipa;MAIN;37
63879AFE;2;GPH;IP;Namiquipa;MAIN;37|39
63A7FC59;1;GPH;GMAG;La Morocha;MAIN;21
63A7FC59;2;GPH;AMAG;La Morocha;MAIN;21
64624C9D;2;GPH;IP;Pulacayo;MAIN;67
64064A2B;1;GPH;IP;Oculto;MAIN;68
64064A2B;2;GPH;GMAG;Oculto;MAIN;68
65511735;1;GPH;IP;San Rafael;MAIN;57
65511735;2;GPH;RES;San Rafael;MAIN;57
64C6BC8C;1;GPH;IP;Calico Project;MAIN;93
647516EE;1;GPH;MT;Sierra Mojada Deposit;MAIN;81
647516EE;2;GPH;IP;Sierra Mojada Deposit;MAIN;81
647516EE;3;GPH;RES;Sierra Mojada Deposit;MAIN;81
647516EE;4;GPH;AMAG;Sierra Mojada Deposit;MAIN;81
647516EE;5;GPH;RAD;Sierra Mojada Deposit;MAIN;81
647516EE;6;GPH;EM;Sierra Mojada Deposit;MAIN;82
65A9FD8F;1;GPH;EM;Lower Zone;MAIN;48
65EC8380;1;GPH;UNS;Oculto;MAIN;96|97
65EC8380;2;GPH;IP;Oculto;MAIN;97
65EC8380;3;GPH;MT;Oculto;MAIN;97
6688BDDB;1;GPH;VLF;Cachinal;MAIN;6|45
6688BDDB;2;GPH;GMAG;Cachinal;MAIN;6|45
660E8711;1;GPH;AMAG;Promontorio;MAIN;48|50
660E8711;2;GPH;EM;Promontorio;MAIN;48|50
660E8711;3;GPH;IP;Promontorio;MAIN;49|50
671244DF;1;GPH;IP;Rochester;MAIN;69
671244DF;2;GPH;RES;Rochester;MAIN;69
671244DF;3;GPH;AMAG;Rochester;MAIN;69
671244DF;4;GPH;GRV;Rochester;MAIN;69
6752E4BB;1;GPH;AMAG;San Marcial;MAIN;33
672F0ABE;3;GPH;AMAG;El Tigre Vein System;MAIN;60
68927087;2;GPH;MT;Margarita Vein;MAIN;69
68927087;3;GPH;IP;Margarita Vein;MAIN;69
67FA7676;1;GPH;GMAG;El Gallo;MAIN;61
68F20B2E;1;GPH;IP;Cordero;MAIN;44
69FDB1BB;1;GPH;IP;Virginia;MAIN;78|79
69EFC851;1;GPH;IP;San José;MAIN;65|67
69EFC851;2;GPH;RES;San José;MAIN;65|67
69EFC851;3;GPH;MT;San José;MAIN;65
69EFC851;4;GPH;GMAG;San José;MAIN;65|67
6A593C99;1;GPH;IP;Dolores;MAIN;54
6A593C99;2;GPH;GMAG;Dolores;MAIN;54
6B61FFE6;2;GPH;AMAG;RBZ;MAIN;34
6B61FFE6;3;GPH;RAD;RBZ;MAIN;34
6BE55D6E;4;GPH;IP;Rochester;MAIN;69
6BE55D6E;5;GPH;RES;Rochester;MAIN;69
6BE55D6E;6;GPH;AMAG;Rochester;MAIN;69
6BE55D6E;7;GPH;GRV;Rochester;MAIN;69
6EDB0828;1;GPH;UNS;El Gochico;MAIN;16
6DBEFD2B;1;GPH;AMAG;Bilbao;MAIN;124
6DBEFD2B;2;GPH;RAD;Bilbao;MAIN;124
6DBEFD2B;3;GPH;IP;Bilbao;MAIN;124
6DBEFD2B;4;GPH;GMAG;Bilbao;MAIN;124
711CF0D1;1;GPH;IP;Vertikalny;MAIN;40
711CF0D1;2;GPH;MT;Vertikalny;MAIN;40
711CF0D1;3;GPH;GMAG;Vertikalny;MAIN;40
715ADF7E;1;GPH;VLF;Cachinal;MAIN;5|43|44
715ADF7E;2;GPH;GMAG;Cachinal;MAIN;5|44
715ADF7E;3;GPH;IP;Cachinal;MAIN;43
7027C217;1;GPH;MT;Silvertip;MAIN;36
71D35E22;1;GPH;IP;Tombstone South;MAIN;21
71D35E22;2;GPH;AMAG;Tombstone South;MAIN;21|29|34
71D35E22;3;GPH;GRV;Tombstone South;MAIN;21
71D35E22;4;GPH;MT;Tombstone South;MAIN;21|29|34
73D65578;1;GPH;IP;Mann Property;MAIN;74
73D65578;2;GPH;RES;Mann Property;MAIN;74
746501DF;1;GPH;UNS;Mangazeisky North;MAIN;78|81
722170EA;1;GPH;MT;Trinity;MAIN;44
722170EA;2;GPH;UNS;Trinity;MAIN;44
759ED94E;1;GPH;EM;Fox Deposit;MAIN;53
759ED94E;2;GPH;VLF;Fox Deposit;MAIN;61
759ED94E;3;GPH;IP;Fox Deposit;MAIN;61
759ED94E;4;GPH;GMAG;Fox Deposit;MAIN;61
767CB622;1;GPH;RES;Yauricocha;MAIN;64
767CB622;2;GPH;IP;Yauricocha;MAIN;64
767CB622;3;GPH;MT;Yauricocha;MAIN;64
773CB520;1;GPH;AMAG;Copala;MAIN;69
773CB520;2;GPH;EM;Copala;MAIN;69
76BB20B0;2;GPH;GMAG;Iska Iska;MAIN;101|104|105
76BB20B0;3;GPH;IP;Iska Iska;MAIN;101|104|109
76BB20B0;4;GPH;RES;Iska Iska;MAIN;104|109
77476671;1;GPH;EM;Lower Zone;MAIN;72
77476671;2;GPH;AMAG;Lower Zone;MAIN;72
77476671;3;GPH;SES;Lower Zone;MAIN;72
77476671;4;GPH;MT;Lower Zone;MAIN;72
775CD317;1;GPH;AMAG;Silver Queen Vein System;MAIN;73
78D29B42;1;GPH;IP;Avino Vein;MAIN;58
78DFDF5C;1;GPH;EM;MR prospect;MAIN;19
78DFDF5C;2;GPH;AMAG;MR prospect;MAIN;19
789D44C6;1;GPH;GMAG;Langis;MAIN;30
789D44C6;2;GPH;IP;Langis;MAIN;32
789D44C6;4;GPH;AMAG;Langis;MAIN;25
789D44C6;5;GPH;VLF;Langis;MAIN;25
78B4D312;1;GPH;IP;Cordero Main;MAIN;79
78B4D312;2;GPH;RAD;Cordero Main;MAIN;79|80
78B4D312;3;GPH;AMAG;Cordero Main;MAIN;79|81
78B4D312;4;GPH;EM;Cordero Main;MAIN;79|81
79CABF5B;1;GPH;UNS;Hermosa;MAIN;70|71
796EA41D;1;GPH;GMAG;Thor Deposit;MAIN;85|97|99|104
796EA41D;2;GPH;VLF;Thor Deposit;MAIN;85|98|99|107
796EA41D;3;GPH;RES;Thor Deposit;MAIN;85|146
796EA41D;4;GPH;EM;Thor Deposit;MAIN;85|98
796EA41D;6;GPH;SWIR;Thor Deposit;MAIN;86|160
796EA41D;7;GPH;MT;Thor Deposit;MAIN;86|161
796EA41D;8;GPH;AMAG;Thor Deposit;MAIN;86|161
796EA41D;9;GPH;SP;Thor Deposit;MAIN;124
7A2A319B;1;GPH;GMAG;Carangas;MAIN;37
7A2A319B;2;GPH;IP;Carangas;MAIN;37
7A2A319B;3;GPH;MT;Carangas;MAIN;37
7BEA4BCB;1;GPH;GMAG;El Gallo;MAIN;85
7BEA4BCB;2;GPH;AMAG;El Gallo;MAIN;85
7DBBF9D7;1;GPH;IP;Santa Rosa East Skarn;MAIN;31
7DBBF9D7;2;GPH;MT;Santa Rosa East Skarn;MAIN;31
7DFB3ACA;1;GPH;EM;MR zone;MAIN;33
7DFB3ACA;2;GPH;AMAG;MR zone;MAIN;33
7E1A65EB;1;GPH;IP;Mount Reed;MAIN;20|23
8014108F;1;GPH;IP;La Preciosa;MAIN;27
7F399953;1;GPH;IP;Toruel Vein;MAIN;36
80A19EB4;1;GPH;IP;La Preciosa;MAIN;28
80D3B12D;1;GPH;GMAG;Veta Grande vein system;MAIN;80
80D3B12D;2;GPH;IP;Veta Grande vein system;MAIN;80
80E36A8A;1;GPH;IP;San José;MAIN;30
81669912;1;GPH;IP;Platosa;MAIN;54|55|56|59
81669912;2;GPH;MT;Platosa;MAIN;54|56
81669912;3;GPH;GMAG;Platosa;MAIN;54|57
81669912;4;GPH;GRV;Platosa;MAIN;54|57|58
81669912;6;GPH;EM;Platosa;MAIN;54|58
81669912;7;GPH;AMAG;Platosa;MAIN;54|58
81669912;10;GPH;MALM;Platosa;MAIN;54|56
81669912;11;GPH;SES;Platosa;MAIN;59
81669912;12;GPH;WLOG;Platosa;MAIN;48
81669912;14;GPH;SWIR;Platosa;MAIN;48
82D5D419;1;GPH;IP;Rochester;MAIN;67
82D5D419;2;GPH;RES;Rochester;MAIN;67
82D5D419;3;GPH;AMAG;Rochester;MAIN;67
82D5D419;4;GPH;GRV;Rochester;MAIN;67
83276ED3;1;GPH;AMAG;Parlozi;MAIN;49|52
83276ED3;2;GPH;GRV;Parlozi;MAIN;49|52
83276ED3;3;GPH;IP;Parlozi;MAIN;49|52
83276ED3;4;GPH;SP;Parlozi;MAIN;49|52
83276ED3;5;GPH;RES;Parlozi;MAIN;49|52
83AC4ECE;2;GPH;IP;Capire and Aurora1;MAIN;49
83AC4ECE;3;GPH;GRV;Capire and Aurora1;MAIN;49
83AC4ECE;4;GPH;GMAG;Capire and Aurora1;MAIN;49
8342696B;1;GPH;AMAG;La Negra;MAIN;35
8342696B;2;GPH;GMAG;La Negra;MAIN;35|36
8342696B;3;GPH;IP;La Negra;MAIN;35
8389644F;1;GPH;MT;Upper Manto;MAIN;36
8389644F;2;GPH;AMAG;Upper Manto;MAIN;36
8389644F;3;GPH;EM;Upper Manto;MAIN;36|37
8480ABDA;1;GPH;EM;Barbara Zone;MAIN;26
8480ABDA;2;GPH;AMAG;Barbara Zone;MAIN;27
84F8D52B;1;GPH;GMAG;Sill Lake Mine;MAIN;34
84F8D52B;2;GPH;IP;Sill Lake Mine;MAIN;34
858228D7;1;GPH;AMAG;Hewitt-Van Roi;MAIN;14|20
858228D7;2;GPH;GMAG;Hewitt-Van Roi;MAIN;19|20
858228D7;3;GPH;VLF;Hewitt-Van Roi;MAIN;19
85CB7AC6;1;GPH;MT;Sierra Mojada;MAIN;71|77
85CB7AC6;2;GPH;IP;Sierra Mojada;MAIN;71|77
85CB7AC6;3;GPH;AMAG;Sierra Mojada;MAIN;71
85CB7AC6;4;GPH;RAD;Sierra Mojada;MAIN;71
85CB7AC6;5;GPH;EM;Sierra Mojada;MAIN;72|77
86A44542;1;GPH;AMAG;Bermingham;MAIN;90
86A44542;2;GPH;EM;Bermingham;MAIN;90|91
86A44542;4;GPH;IP;Bermingham;MAIN;95
86A44542;5;GPH;RES;Bermingham;MAIN;95
86ACF563;1;GPH;SWIR;Palmarejo;MAIN;78
87E39EC6;1;GPH;GMAG;Cerro Punapuna;MAIN;32|33|35|39
87E39EC6;2;GPH;IP;Cerro Punapuna;MAIN;32|35|39
87E39EC6;3;GPH;RES;Cerro Punapuna;MAIN;32|35|39
87E39EC6;4;GPH;EM;Cerro Punapuna;MAIN;32|33|34
8827EB3B;1;GPH;EM;Zgounder Silver Deposit;MAIN;99
8827EB3B;2;GPH;AMAG;Zgounder Silver Deposit;MAIN;99
8827EB3B;3;GPH;RAD;Zgounder Silver Deposit;MAIN;99
88D10E9D;1;GPH;RES;Tahuehueto;MAIN;43
88D10E9D;2;GPH;IP;Tahuehueto;MAIN;43
8A5FA8EB;3;GPH;AMAG;El Tigre;MAIN;80
8A5FA8EB;5;GPH;IP;El Tigre;MAIN;85
8B8E59AB;1;GPH;UNS;Treasure Mountain;MAIN;26
8BF52E34;3;GPH;GRV;Navidad Project;MAIN;53|55
8BF52E34;4;GPH;IP;Navidad Project;MAIN;53|57
8BF52E34;5;GPH;GMAG;Navidad Project;MAIN;53|56
8BF52E34;6;GPH;EM;Navidad Project;MAIN;56
8BF52E34;7;GPH;SP;Navidad Project;MAIN;56
8BF52E34;8;GPH;RAD;Navidad Project;MAIN;56
8BF52E34;9;GPH;AMAG;Navidad Project;MAIN;56
8BF52E34;10;GPH;MT;Navidad Project;MAIN;57
8C86581A;1;GPH;IP;Corani;MAIN;94
8C86581A;2;GPH;GMAG;Corani;MAIN;94
8CCC3450;1;GPH;IP;Cordero;MAIN;52|54
8CCC3450;2;GPH;GRV;Cordero;MAIN;54
8CCC3450;3;GPH;AMAG;Cordero;MAIN;54
8CCC3450;4;GPH;EM;Cordero;MAIN;54
8CCC3450;5;GPH;RAD;Cordero;MAIN;54
8CCC3450;6;GPH;MT;Cordero;MAIN;56
8DA35522;1;GPH;GMAG;Carangas;MAIN;42
8DD3D287;1;GPH;IP;Avino Vein;MAIN;58
8E2BF70A;1;GPH;AMAG;Joaquin;MAIN;34
8E2BF70A;2;GPH;GMAG;Joaquin;MAIN;34|35
8E2BF70A;3;GPH;IP;Joaquin;MAIN;34
8F02EA34;1;GPH;EM;Valdecañas vein;MAIN;33
8F02EA34;2;GPH;AMAG;Valdecañas vein;MAIN;33
8EA38632;1;GPH;IP;Main Zone;MAIN;48|57
8EA38632;2;GPH;GMAG;Main Zone;MAIN;48|57
8EA38632;3;GPH;AMAG;Main Zone;MAIN;31|42
8F06F987;1;GPH;IP;Silver Cord;MAIN;95
8F06F987;2;GPH;AMAG;Silver Cord;MAIN;97|101
8FFED014;1;GPH;GMAG;San Miguel;MAIN;79|80
8FFED014;2;GPH;IP;San Miguel;MAIN;79|80
9094C1B3;1;GPH;GMAG;Ramsey Mine;MAIN;36
9094C1B3;2;GPH;VLF;Ramsey Mine;MAIN;36
90F399C7;1;GPH;EM;Valdecañas Vein;MAIN;38
90F399C7;2;GPH;AMAG;Valdecañas Vein;MAIN;38
9130AE3B;1;GPH;AMAG;Pearce Hill;MAIN;109
90D3F37A;1;GPH;IP;Caylloma Vein System;MAIN;46
90D3F37A;2;GPH;RES;Caylloma Vein System;MAIN;46
90D3F37A;3;GPH;GMAG;Caylloma Vein System;MAIN;46
94A32C48;1;GPH;GMAG;Coyote;MAIN;21|28
94A32C48;2;GPH;IP;Coyote;MAIN;21|28
94DC48E0;1;GPH;AMAG;Pingüino;MAIN;34|43
94DC48E0;2;GPH;IP;Pingüino;MAIN;43|44
94DC48E0;3;GPH;GMAG;Pingüino;MAIN;44
95F4CD00;1;GPH;AMAG;Dos Naciones;MAIN;18
96978FB6;3;GPH;GRV;Loma de la Plata;MAIN;65|68
96978FB6;4;GPH;IP;Loma de la Plata;MAIN;65|70
96978FB6;5;GPH;GMAG;Loma de la Plata;MAIN;65|69
96978FB6;7;GPH;EM;Loma de la Plata;MAIN;69
96978FB6;8;GPH;SP;Loma de la Plata;MAIN;69
96978FB6;9;GPH;RAD;Loma de la Plata;MAIN;69
96978FB6;10;GPH;AMAG;Loma de la Plata;MAIN;69
96978FB6;11;GPH;MT;Loma de la Plata;MAIN;70
975CAC40;1;GPH;IP;San José;MAIN;32|33
97A55712;1;GPH;IP;La Preciosa;MAIN;29
99199393;1;GPH;IP;San Diego;MAIN;59
9A8FD576;1;GPH;GRV;Cordero dome;MAIN;20|21
9A8FD576;2;GPH;EM;Cordero dome;MAIN;20|23
9A8FD576;3;GPH;AMAG;Cordero dome;MAIN;20|23
9A8FD576;4;GPH;RAD;Cordero dome;MAIN;20|23
9A8FD576;5;GPH;IP;Cordero dome;MAIN;20|21
9A949783;1;GPH;VLF;La Colorada;MAIN;34
9A949783;2;GPH;IP;La Colorada;MAIN;34
9ABE054B;1;GPH;AMAG;Panuco Project;MAIN;81|82
9ABE054B;2;GPH;EM;Panuco Project;MAIN;82
9BA6B8DE;1;GPH;IP;Caylloma Vein System;MAIN;43
9BA6B8DE;2;GPH;RES;Caylloma Vein System;MAIN;43
9C491D9A;1;GPH;AMAG;Candelaria;MAIN;53
9C491D9A;2;GPH;IP;Candelaria;MAIN;54
9C74240D;1;GPH;SWIR;Palmarejo;MAIN;62
9EAB6E21;1;GPH;GMAG;La Providencia;MAIN;60|64
9E9AA7DD;1;GPH;IP;La Preciosa;MAIN;56
9F00342B;1;GPH;IP;Dolores;MAIN;54
9F00342B;2;GPH;GMAG;Dolores;MAIN;54
A05DDCDA;1;GPH;UNS;Oculto-JAC;MAIN;106
A0E7E132;1;GPH;AMAG;Cerro Bayo;MAIN;31
A0E7E132;2;GPH;RAD;Cerro Bayo;MAIN;31
A0E7E132;3;GPH;IP;Cerro Bayo;MAIN;31
A0E7E132;4;GPH;RES;Cerro Bayo;MAIN;31
A0E7E132;5;GPH;GMAG;Cerro Bayo;MAIN;31
A0E7E132;6;GPH;MT;Cerro Bayo;MAIN;31
A0C4641E;1;GPH;MT;Skarn Project;MAIN;55
A1284453;1;GPH;EM;Homestake;MAIN;32|53
A218CB28;1;GPH;UNS;Glavnoye;MAIN;58
A290432F;1;GPH;IP;Reforma;MAIN;12|17
A290432F;2;GPH;GMAG;Reforma;MAIN;12|17
A3483715;1;GPH;SWIR;Valdecañas vein system;MAIN;63
A35CD35C;1;GPH;IP;Waterloo;MAIN;105|111|112|113
A35CD35C;2;GPH;AMAG;Waterloo;MAIN;105|113|114
A3AE69C3;1;GPH;GMAG;Beaverdell Property;MAIN;45|48
A37FB899;1;GPH;AMAG;Plomosas Mine Area;MAIN;102|103|104
A37FB899;2;GPH;IP;Plomosas Mine Area;MAIN;104
A37FB899;3;GPH;GMAG;Plomosas Mine Area;MAIN;104
A41361A8;1;GPH;AMAG;TLP-LM;MAIN;27
A41361A8;2;GPH;IP;TLP-LM;MAIN;27
A45480C9;1;GPH;IP;Vertikalny;MAIN;75
A45480C9;2;GPH;MT;Vertikalny;MAIN;75
A45480C9;3;GPH;AMAG;Vertikalny;MAIN;72|75
A49625D4;1;GPH;GMAG;Sill Lake Mine;MAIN;34
A49625D4;2;GPH;IP;Sill Lake Mine;MAIN;34
A4E16B89;2;GPH;IP;Martha System;MAIN;28|29
A4E16B89;3;GPH;GMAG;Martha System;MAIN;28|29
A4E16B89;4;GPH;AMAG;Martha System;MAIN;29
A4E16B89;5;GPH;MT;Martha System;MAIN;29
A5ACB7A6;1;GPH;RES;Silver Kings Project;MAIN;104
A5ACB7A6;4;GPH;EM;Silver Kings Project;MAIN;104
A5ACB7A6;5;GPH;IP;Silver Kings Project;MAIN;104
A68F7BB7;1;GPH;UNS;Veta Grande system;MAIN;40
A61AEFCA;1;GPH;GMAG;Pirquitas;MAIN;34
A61AEFCA;2;GPH;IP;Pirquitas;MAIN;34
A78BCE1A;2;GPH;MT;Concordia;MAIN;48
A78BCE1A;3;GPH;IP;Concordia;MAIN;48
A6A46B3D;1;GPH;IP;Los Ricos North;MAIN;132|144
A85EEF5B;1;GPH;UNS;Bellekeno;MAIN;79|81
A8978715;1;GPH;IP;Pacococha;MAIN;53
AABC4E82;1;GPH;IP;Pingüino;MAIN;45|46|47|48
AABC4E82;2;GPH;GMAG;Pingüino;MAIN;45|49
AC035AEA;1;GPH;AMAG;Dos Naciones occurrence area;MAIN;18
AB835FFD;1;GPH;IP;Caylloma Mine;MAIN;55
AB835FFD;2;GPH;RES;Caylloma Mine;MAIN;55
AB835FFD;3;GPH;GMAG;Caylloma Mine;MAIN;55
AB835FFD;4;GPH;MT;Caylloma Mine;MAIN;55
AC115D7D;1;GPH;GMAG;Silver Hart Main Zone;MAIN;56|61
AC115D7D;2;GPH;VLF;Silver Hart Main Zone;MAIN;56
AC115D7D;3;GPH;IP;Silver Hart Main Zone;MAIN;56|61
AC115D7D;4;GPH;AMAG;Silver Hart Main Zone;MAIN;64
AC115D7D;5;GPH;EM;Silver Hart Main Zone;MAIN;64
ADD5DBCC;1;GPH;MT;Platosa;MAIN;53|55
ADD5DBCC;2;GPH;IP;Platosa;MAIN;53|54|55|58|59
ADD5DBCC;3;GPH;GMAG;Platosa;MAIN;53|55|56
ADD5DBCC;4;GPH;GRV;Platosa;MAIN;53|56|57
ADD5DBCC;6;GPH;EM;Platosa;MAIN;53|57|58
ADD5DBCC;7;GPH;AMAG;Platosa;MAIN;53|57|58
ADD5DBCC;8;GPH;RES;Platosa;MAIN;53|56
ADD5DBCC;9;GPH;SES;Platosa;MAIN;58
ADD5DBCC;10;GPH;SWIR;Platosa;MAIN;47
ADD5DBCC;11;GPH;WLOG;Platosa;MAIN;47
AE892668;1;GPH;AMAG;Mogollon Vein System;MAIN;62|63
AEC62657;1;GPH;AMAG;Ptarmigan Mine;MAIN;79|80
AEC62657;2;GPH;VLF;Ptarmigan Mine;MAIN;79|80
AEC62657;3;GPH;IP;Ptarmigan Mine;MAIN;81
AEC62657;4;GPH;GMAG;Ptarmigan Mine;MAIN;81
AEC62657;5;GPH;EM;Ptarmigan Mine;MAIN;82
AEC62657;7;GPH;SP;Ptarmigan Mine;MAIN;123
AEDE097F;1;GPH;AMAG;Roosevelt;MAIN;37
AEDE097F;2;GPH;RAD;Roosevelt;MAIN;37
AF0E2537;1;GPH;IP;Castle Silver;MAIN;40
AF0E2537;2;GPH;RES;Castle Silver;MAIN;40
AF0E2537;3;GPH;MT;Castle Silver;MAIN;40
AF7C1C00;1;GPH;IP;Vertikalny;MAIN;40
AF7C1C00;2;GPH;MT;Vertikalny;MAIN;40
AF7C1C00;3;GPH;GMAG;Vertikalny;MAIN;40
AF375661;1;GPH;VLF;American Boy;MAIN;17
AFBBF88F;1;GPH;IP;Castle Silver;MAIN;40
AFBBF88F;2;GPH;RES;Castle Silver;MAIN;40
AFBBF88F;3;GPH;MT;Castle Silver;MAIN;40
B11C6920;1;GPH;VLF;San Acacio;MAIN;35
B2662BEB;1;GPH;IP;Urumalqui Vein;MAIN;53|54
B2662BEB;2;GPH;GMAG;Urumalqui Vein;MAIN;54
B2792D9E;1;GPH;IP;Avino Vein;MAIN;54
B4246353;2;GPH;IP;Pulacayo;MAIN;53|55
B55DD6D0;1;GPH;IP;Toruel Vein;MAIN;40|41
B55DD6D0;2;GPH;RES;Toruel Vein;MAIN;40|41
B6A4B5EE;1;GPH;AMAG;Torny Mine;MAIN;135
B6A4B5EE;2;GPH;RAD;Torny Mine;MAIN;135
B6A4B5EE;3;GPH;IP;Torny Mine;MAIN;135
B79D70A4;1;GPH;IP;La Preciosa;MAIN;53
B920A044;1;GPH;GMAG;Escobal;MAIN;64
B920A044;2;GPH;IP;Escobal;MAIN;64
B9E5E01D;1;GPH;IP;Cordero;MAIN;84
B9E5E01D;2;GPH;GRV;Cordero;MAIN;84
B9E5E01D;3;GPH;AMAG;Cordero;MAIN;85
B9E5E01D;4;GPH;EM;Cordero;MAIN;85
B9E5E01D;5;GPH;RAD;Cordero;MAIN;85
B9E5E01D;6;GPH;MT;Cordero;MAIN;84|85
BACF859B;1;GPH;GMAG;May Mac Mine;MAIN;39|41
BAEFCBB8;2;GPH;GRV;Rupice;MAIN;63|64
BB2D22D0;2;GPH;IP;Pulacayo;MAIN;45|46|47
BC03D0FA;1;GPH;UNS;Rochester;MAIN;36
BC7A0433;1;GPH;AMAG;Santa Ana;MAIN;49
BCBE101A;1;GPH;IP;Martha Vein;MAIN;38|40
BDA43C38;1;GPH;IP;Cordero Resource;MAIN;52|53|54
BDA43C38;2;GPH;GRV;Cordero Resource;MAIN;53|54
BDA43C38;3;GPH;AMAG;Cordero Resource;MAIN;53|54
BDA43C38;4;GPH;EM;Cordero Resource;MAIN;53|54
BDA43C38;5;GPH;RAD;Cordero Resource;MAIN;53|54
BDA43C38;6;GPH;MT;Cordero Resource;MAIN;53|54
BDB23EF4;1;GPH;IP;Higo Blanco Project;MAIN;36
BDB23EF4;2;GPH;RES;Higo Blanco Project;MAIN;36
BDB23EF4;3;GPH;GMAG;Higo Blanco Project;MAIN;29|36
BDDFCD30;1;GPH;IP;Cordero;MAIN;12|18
BDDFCD30;2;GPH;VLF;Cordero;MAIN;12
BDCC218F;1;GPH;GMAG;Iska Iska;MAIN;92|93|94|95|96|97|98
BDCC218F;2;GPH;IP;Iska Iska;MAIN;92|93|94|98|99|100|101|102|103|104|105
BDCC218F;3;GPH;RES;Iska Iska;MAIN;93|94|98|99|103|104
BDE5F5A3;1;GPH;AMAG;Mangazeisky North;MAIN;67
BEAF1530;1;GPH;IP;Santa Rosa East Skarn;MAIN;31
BEAF1530;2;GPH;MT;Santa Rosa East Skarn;MAIN;31
BEFD845B;1;GPH;SWIR;San Miguel Vein;MAIN;49|88|89
BEFD845B;6;GPH;IP;San Miguel Vein;MAIN;90
BEFD845B;7;GPH;GMAG;San Miguel Vein;MAIN;90
C0008121;1;GPH;UNS;Hardshell deposit;MAIN;42
C009D3E5;1;GPH;GMAG;Fireweed;MAIN;25|34|37
C009D3E5;2;GPH;VLF;Fireweed;MAIN;25
C009D3E5;3;GPH;IP;Fireweed;MAIN;25|34|35|37
C08FB663;1;GPH;AMAG;Bilbao;MAIN;65
C08FB663;2;GPH;RAD;Bilbao;MAIN;65
C08FB663;3;GPH;IP;Bilbao;MAIN;66
C08FB663;4;GPH;GMAG;Bilbao;MAIN;66
C14685CD;1;GPH;IP;El Gochico;MAIN;24|30|31
C2B312DD;1;GPH;IP;Concordia-San Gregorio-Dolores;MAIN;45|47
C2B312DD;2;GPH;MT;Concordia-San Gregorio-Dolores;MAIN;45|47
C2EF5887;1;GPH;IP;Cordero;MAIN;74
C2EF5887;2;GPH;GRV;Cordero;MAIN;74
C2EF5887;3;GPH;AMAG;Cordero;MAIN;74
C2EF5887;4;GPH;EM;Cordero;MAIN;74
C2EF5887;5;GPH;RAD;Cordero;MAIN;74
C2EF5887;6;GPH;MT;Cordero;MAIN;76
C31C2198;1;GPH;EM;Elura;MAIN;38
C31EF976;1;GPH;IP;Hercules Silver Project;MAIN;50|53
C3DF665F;1;GPH;IP;Dolores;MAIN;35
C3DF665F;2;GPH;GMAG;Dolores;MAIN;35
C4194CAB;1;GPH;IP;El Favor;MAIN;121|129
C418CDDB;1;GPH;GMAG;JBZ 1;MAIN;20
C431BAFB;1;GPH;AMAG;Nuestra Señora;MAIN;53|54
C431BAFB;2;GPH;EM;Nuestra Señora;MAIN;53|54
C431BAFB;3;GPH;RAD;Nuestra Señora;MAIN;53|55
C431BAFB;4;GPH;GMAG;Nuestra Señora;MAIN;53|56
C431BAFB;5;GPH;VLF;Nuestra Señora;MAIN;53|56
C44B2CEB;3;GPH;IP;Capire Deposit;MAIN;42
C44B2CEB;4;GPH;GRV;Capire Deposit;MAIN;42
C44B2CEB;5;GPH;GMAG;Capire Deposit;MAIN;42
C4877518;1;GPH;EM;Keg Main Zone;MAIN;41
C4877518;2;GPH;AMAG;Keg Main Zone;MAIN;41
C4877518;3;GPH;IP;Keg Main Zone;MAIN;41
C5B10BBF;1;GPH;UNS;Hardshell deposit;MAIN;58|59
C5C50961;1;GPH;IP;San José;MAIN;33
C6504EDC;1;GPH;IP;Capoose;MAIN;39|50
C6DFCB14;1;GPH;AMAG;San Felipe;MAIN;95
C6DFCB14;2;GPH;VLF;San Felipe;MAIN;95
C6DFCB14;3;GPH;IP;San Felipe;MAIN;95
C6DFCB14;4;GPH;GMAG;San Felipe;MAIN;95
C71B4EAF;1;GPH;GMAG;Rose showing;MAIN;39|55
C71B4EAF;2;GPH;VLF;Rose showing;MAIN;39|55
C72D8240;1;GPH;GMAG;Carangas;MAIN;42
C84951F8;1;GPH;UNS;Valdecañas;MAIN;4|34
C84951F8;2;GPH;MT;Valdecañas;MAIN;26
C84951F8;3;GPH;GRV;Valdecañas;MAIN;34
C945B219;1;GPH;RAD;Cerro Bayo District;MAIN;54
C945B219;2;GPH;SWIR;Cerro Bayo District;MAIN;54
CC3A1407;1;GPH;AMAG;Bellekeno;MAIN;42
CC3A1407;2;GPH;EM;Bellekeno;MAIN;42
CC3A1407;3;GPH;IP;Bellekeno;MAIN;42
CB5FA96C;1;GPH;GMAG;Bräunsdorf Project;MAIN;44
CB5FA96C;2;GPH;AMAG;Bräunsdorf Project;MAIN;44
CB5FA96C;3;GPH;IP;Bräunsdorf Project;MAIN;44
CB5FA96C;4;GPH;SES;Bräunsdorf Project;MAIN;44|45
CB5FA96C;5;GPH;SWIR;Bräunsdorf Project;MAIN;44|45
CC71A3D6;1;GPH;AMAG;Silver Strand Mine;MAIN;42|46
CC71A3D6;2;GPH;IP;Silver Strand Mine;MAIN;42|46
CE4AF8D3;1;GPH;IP;La Reforma mine;MAIN;13|18
CE4AF8D3;2;GPH;GMAG;La Reforma mine;MAIN;13|18
CEBE17F0;1;GPH;AMAG;El Capitan;MAIN;32|33
D05E51ED;1;GPH;EM;Keg Zone;MAIN;19|22
D05E51ED;2;GPH;AMAG;Keg Zone;MAIN;22
D05E51ED;3;GPH;IP;Keg Zone;MAIN;19|22
D17E0412;1;GPH;IP;Santa Ana;MAIN;27
D17E0412;2;GPH;RES;Santa Ana;MAIN;27
D1AC74A8;1;GPH;EM;Greens Creek;MAIN;151|152|154
D1AC74A8;2;GPH;MT;Greens Creek;MAIN;151|153|154
D1AC74A8;3;GPH;GRV;Greens Creek;MAIN;151|152|154
D1AC74A8;4;GPH;AMAG;Greens Creek;MAIN;151
D1AC74A8;5;GPH;RAD;Greens Creek;MAIN;151
D1AC74A8;6;GPH;GMAG;Greens Creek;MAIN;152|153
D1DA0B31;1;GPH;GMAG;Nizhny Endybal;MAIN;60
D2462677;1;GPH;IP;Yaxtché;MAIN;52
D25BE80C;1;GPH;EM;Keg Main Zone;MAIN;40
D25BE80C;2;GPH;AMAG;Keg Main Zone;MAIN;40
D25BE80C;3;GPH;IP;Keg Main Zone;MAIN;40
D3003921;1;GPH;IP;Santa Teresita;MAIN;46|49
D3003921;2;GPH;GMAG;Santa Teresita;MAIN;46|51
D3ABB0DB;2;GPH;EM;Homestake;MAIN;89
D3ABB0DB;3;GPH;AMAG;Homestake;MAIN;81|89
D3ABB0DB;4;GPH;IP;Homestake;MAIN;80
D481B02E;1;GPH;GMAG;Moonlight Project;MAIN;30|42
D481B02E;2;GPH;AMAG;Moonlight Project;MAIN;30|32|33|42
D481B02E;3;GPH;RES;Moonlight Project;MAIN;30|34
D481B02E;4;GPH;SP;Moonlight Project;MAIN;30|34
D542CF53;1;GPH;MT;Medicine Springs;MAIN;37
D54173D3;3;GPH;GMAG;La Providencia;MAIN;66
D5577F32;1;GPH;AMAG;Cerro Las Minitas;MAIN;83
D5577F32;2;GPH;IP;Cerro Las Minitas;MAIN;83|85
D5577F32;3;GPH;GRV;Cerro Las Minitas;MAIN;85
D5AB036D;1;GPH;GMAG;Silver City Project;MAIN;52
D5AB036D;2;GPH;AMAG;Silver City Project;MAIN;52
D5AB036D;3;GPH;IP;Silver City Project;MAIN;52
D5AB036D;4;GPH;SES;Silver City Project;MAIN;52|53
D5AB036D;5;GPH;SWIR;Silver City Project;MAIN;52|53
D6AC7610;1;GPH;IP;La Preciosa;MAIN;85
D6AC7610;2;GPH;AMAG;La Preciosa;MAIN;86
D6AC7610;3;GPH;SWIR;La Preciosa;MAIN;86
D6AC7610;4;GPH;WLOG;La Preciosa;MAIN;86
D77A7C51;1;GPH;MT;Trinity;MAIN;62|63
D77A7C51;2;GPH;GRV;Trinity;MAIN;62|63
D77A7C51;3;GPH;IP;Trinity;MAIN;62|63
D7086C57;1;GPH;EM;Greens Creek;MAIN;152|164|165|166|167|177
D7086C57;2;GPH;MT;Greens Creek;MAIN;164|165|167|168|169|170|171
D7086C57;3;GPH;GRV;Greens Creek;MAIN;164|165|166|167|169
D7086C57;4;GPH;AMAG;Greens Creek;MAIN;164|165
D7086C57;5;GPH;RAD;Greens Creek;MAIN;164|165
D7086C57;6;GPH;GMAG;Greens Creek;MAIN;164|166|167|168|169|170
D8E4C720;2;GPH;IP;Pulacayo;MAIN;36|37
D7FFB9F0;3;GPH;AMAG;Promontorio;MAIN;41|43
D7FFB9F0;4;GPH;EM;Promontorio;MAIN;34|41|43
D7FFB9F0;5;GPH;IP;Promontorio;MAIN;42
D91354DB;1;GPH;UNS;Trinidad;MAIN;55
D98775AB;1;GPH;GMAG;Moonlight mine;MAIN;16
D98775AB;2;GPH;AMAG;Moonlight mine;MAIN;17
D98775AB;3;GPH;RES;Moonlight mine;MAIN;18
D98775AB;4;GPH;SP;Moonlight mine;MAIN;18
D984DC83;1;GPH;GMAG;Virginia Veins;MAIN;34
D984DC83;2;GPH;IP;Virginia Veins;MAIN;35
DA1DC507;1;GPH;IP;Santa Teresita;MAIN;45|48
DA1DC507;2;GPH;GMAG;Santa Teresita;MAIN;45|50
DB4CC708;2;GPH;AMAG;Silver Chalice;MAIN;20
DCCFDAEF;1;GPH;GMAG;Virginia;MAIN;37|38
DCCFDAEF;2;GPH;IP;Virginia;MAIN;38|39
DC13A69E;1;GPH;IP;Toruel Vein;MAIN;36|37
DC13A69E;2;GPH;RES;Toruel Vein;MAIN;36|37
DCE5B18F;1;GPH;AMAG;Bilbao;MAIN;39
DCE5B18F;2;GPH;RAD;Bilbao;MAIN;39
DCE5B18F;3;GPH;IP;Bilbao;MAIN;39
DCE5B18F;4;GPH;GMAG;Bilbao;MAIN;39
DEC4B047;3;GPH;EM;Boumadine Deposit;MAIN;66
DEC4B047;4;GPH;AMAG;Boumadine Deposit;MAIN;66
DEC4B047;5;GPH;RAD;Boumadine Deposit;MAIN;66
DF3AAF5F;1;GPH;EM;Valdecañas Vein;MAIN;50
DF3AAF5F;2;GPH;AMAG;Valdecañas Vein;MAIN;50
DF3AAF5F;3;GPH;MT;Valdecañas Vein;MAIN;42
E06D416F;1;GPH;IP;Fuwan silver deposit;MAIN;60
E215642A;1;GPH;AMAG;Coigues Este;MAIN;58
E215642A;2;GPH;RAD;Coigues Este;MAIN;58
E215642A;3;GPH;IP;Coigues Este;MAIN;58
E215642A;4;GPH;GMAG;Coigues Este;MAIN;58
E215642A;5;GPH;MT;Coigues Este;MAIN;58
E4403BC5;1;GPH;MT;Cerro Los Gatos;MAIN;72
E73DA26E;1;GPH;IP;Mann Property;MAIN;43
E73DA26E;2;GPH;RES;Mann Property;MAIN;43
E75FF3C6;1;GPH;IP;Chinchillas;MAIN;51
E826A8E7;1;GPH;AMAG;Ptarmigan Mine;MAIN;63
E826A8E7;2;GPH;VLF;Ptarmigan Mine;MAIN;63
E826A8E7;3;GPH;IP;Ptarmigan Mine;MAIN;64|65
E826A8E7;4;GPH;GMAG;Ptarmigan Mine;MAIN;64
E826A8E7;5;GPH;EM;Ptarmigan Mine;MAIN;64|65
E8AB8AC0;1;GPH;UNS;Santa Ana;MAIN;36
EA408EFD;1;GPH;AMAG;La Negra;MAIN;46
EA408EFD;2;GPH;GMAG;La Negra;MAIN;46
EA408EFD;3;GPH;IP;La Negra;MAIN;46
E851ED32;1;GPH;EM;Keeley-Frontier;MAIN;135
E851ED32;2;GPH;WLOG;Keeley-Frontier;MAIN;135|136
EA7AFCF1;2;GPH;IP;Pulacayo;MAIN;57|58|60|61|62
EA4D7F59;1;GPH;UNS;Bellekeno;MAIN;67
EA4D7F59;2;GPH;AMAG;Bellekeno;MAIN;67
EA4D7F59;3;GPH;EM;Bellekeno;MAIN;67
EA4D7F59;4;GPH;GRV;Bellekeno;MAIN;67
EA7D7C96;2;GPH;IP;Yaxtché;MAIN;97
EB08FD0B;1;GPH;GMAG;Carangas;MAIN;55|56
EB08FD0B;2;GPH;IP;Carangas;MAIN;55|56
EB08FD0B;3;GPH;MT;Carangas;MAIN;55|56
EB9365BB;4;GPH;AMAG;Pertenencia vein system;MAIN;67
EB9365BB;5;GPH;EM;Pertenencia vein system;MAIN;67
EB5527A1;3;GPH;GRV;Valdecañas;MAIN;45
EC9A56DC;1;GPH;IP;South (Heimdall) Zone;MAIN;33
EC9A56DC;2;GPH;GRV;South (Heimdall) Zone;MAIN;40
EC9A56DC;3;GPH;WLOG;South (Heimdall) Zone;MAIN;43
EC9A56DC;4;GPH;MT;South (Heimdall) Zone;MAIN;46
EC570198;1;GPH;AMAG;El Tigre;MAIN;31|32
ECB67C2D;1;GPH;EM;Zgounder Silver Deposit;MAIN;107
ECB67C2D;2;GPH;AMAG;Zgounder Silver Deposit;MAIN;107
ECB67C2D;3;GPH;RAD;Zgounder Silver Deposit;MAIN;107
ECF05AF5;1;GPH;MT;Trinity;MAIN;45
ECF05AF5;2;GPH;UNS;Trinity;MAIN;45
ED7B381F;1;GPH;IP;Platosa;MAIN;56|57
ED7B381F;2;GPH;MT;Platosa;MAIN;56|57|58
ED7B381F;3;GPH;GMAG;Platosa;MAIN;56|59
ED7B381F;4;GPH;GRV;Platosa;MAIN;56|60
ED7B381F;5;GPH;EM;Platosa;MAIN;57|60
ED7B381F;6;GPH;AMAG;Platosa;MAIN;48|60
EFC3178F;1;GPH;AMAG;Aho Zone;MAIN;36
EFC3178F;2;GPH;EM;Aho Zone;MAIN;26|36
F06BD793;1;GPH;IP;San Diego;MAIN;54
F0F02838;1;GPH;AMAG;Nuestra Señora;MAIN;60
F0F02838;2;GPH;EM;Nuestra Señora;MAIN;60
F0F02838;3;GPH;RAD;Nuestra Señora;MAIN;60
F0F02838;4;GPH;GMAG;Nuestra Señora;MAIN;60
F0F02838;5;GPH;VLF;Nuestra Señora;MAIN;60
F10B48EF;1;GPH;EM;Valdecañas Vein;MAIN;39
F10B48EF;2;GPH;AMAG;Valdecañas Vein;MAIN;39
F10B48EF;3;GPH;MT;Valdecañas Vein;MAIN;32
F1322970;1;GPH;GMAG;Los Chorrillos;MAIN;37
F1322970;2;GPH;IP;Los Chorrillos;MAIN;37
F16D00CE;1;GPH;IP;Silver Hart Main Zone;MAIN;53
F16D00CE;2;GPH;GMAG;Silver Hart Main Zone;MAIN;53
F16D00CE;3;GPH;AMAG;Silver Hart Main Zone;MAIN;55
F16D00CE;4;GPH;EM;Silver Hart Main Zone;MAIN;55
F1EFEAA2;1;GPH;GMAG;Nieves Vein Systems;MAIN;65|66
F1EFEAA2;2;GPH;IP;Nieves Vein Systems;MAIN;66
F1EFEAA2;3;GPH;MT;Nieves Vein Systems;MAIN;66
F48B1921;1;GPH;MT;Peñasco Quemado;MAIN;91|99|101
F48B1921;2;GPH;IP;Peñasco Quemado;MAIN;101
F48B1921;3;GPH;RES;Peñasco Quemado;MAIN;101
F4CBDDAB;1;GPH;AMAG;Copala;MAIN;70|71
F4CBDDAB;2;GPH;EM;Copala;MAIN;70
F4DA40EB;1;GPH;EM;Shafter deposit;MAIN;66
F4DA40EB;2;GPH;AMAG;Shafter deposit;MAIN;66
F4DA40EB;3;GPH;MT;Shafter deposit;MAIN;67
F4F6118F;1;GPH;UNS;Keen Creek Horizon;MAIN;45
F7D56502;1;GPH;IP;Castle Silver;MAIN;47
F7D56502;2;GPH;RES;Castle Silver;MAIN;47
F7D56502;3;GPH;MT;Castle Silver;MAIN;47
F9075644;1;GPH;AMAG;La Negra;MAIN;46
F9075644;2;GPH;GMAG;La Negra;MAIN;46
F9075644;3;GPH;IP;La Negra;MAIN;46
FA321C2A;1;GPH;AMAG;Parlozi;MAIN;40
FA321C2A;2;GPH;GRV;Parlozi;MAIN;40
FA321C2A;3;GPH;IP;Parlozi;MAIN;40
FA321C2A;4;GPH;SP;Parlozi;MAIN;40
FA321C2A;5;GPH;RES;Parlozi;MAIN;40
F9597F7E;1;GPH;AMAG;Animas-Refugio Corridor;MAIN;48
FA179EBC;3;GPH;SWIR;Boumadine;MAIN;63
FA179EBC;4;GPH;EM;Boumadine;MAIN;65
FA179EBC;5;GPH;AMAG;Boumadine;MAIN;65|67|68
FA179EBC;6;GPH;RAD;Boumadine;MAIN;65
FA179EBC;7;GPH;MT;Boumadine;MAIN;67
FA179EBC;9;GPH;VLF;Boumadine;MAIN;67
F9ED97DE;1;GPH;IP;Chinchillas;MAIN;75
F9ED97DE;2;GPH;MT;Chinchillas;MAIN;75
F9ED97DE;3;GPH;GMAG;Chinchillas;MAIN;75
FA467164;1;GPH;MT;Peñasco Quemado;MAIN;124
FBEF6507;1;GPH;AMAG;Palmarejo;MAIN;84|85
FBEF6507;2;GPH;EM;Palmarejo;MAIN;85
FCD2939E;1;GPH;GMAG;Arroyo Seco;MAIN;18|22
FCD2939E;2;GPH;IP;Arroyo Seco;MAIN;18
FCB043A6;1;GPH;RAD;San Dimas;MAIN;91
FCB043A6;2;GPH;AMAG;San Dimas;MAIN;91
FD7770D8;2;GPH;IP;Los Ricos South;MAIN;105
FF6D816E;1;GPH;UNS;Arlington property;MAIN;35
FF446EFD;1;GPH;AMAG;Panuco Project;MAIN;106|107
FF446EFD;2;GPH;EM;Panuco Project;MAIN;107
FFCDF978;1;GPH;IP;Yaxtché;MAIN;64
011DB75B;1;GPH;EM;McIlvenna Bay Deposit;MAIN;124|125|127|137|138
011DB75B;2;GPH;AMAG;McIlvenna Bay Deposit;MAIN;125|138
011DB75B;3;GPH;GRV;McIlvenna Bay Deposit;MAIN;138
004A897C;1;GPH;GMAG;Jasperoide;MAIN;94|105|106
004A897C;2;GPH;IP;Jasperoide;MAIN;94|105|112
004A897C;4;GPH;AMAG;Jasperoide;MAIN;105|110
004A897C;5;GPH;RAD;Jasperoide;MAIN;105|110
004A897C;6;GPH;RES;Jasperoide;MAIN;105
012CDCE7;1;GPH;GMAG;Filo del Sol;MAIN;55
012CDCE7;2;GPH;IP;Filo del Sol;MAIN;55|57
0188D460;1;GPH;IP;Kismet;MAIN;103|104|105|114|115|116|117|118
0188D460;2;GPH;MT;Kismet;MAIN;103|110|111|112|113|114
0188D460;3;GPH;EM;Kismet;MAIN;103|109|110|111
01B9F6FB;1;GPH;IP;Filo del Sol;MAIN;56|57|58
01B9F6FB;2;GPH;GMAG;Filo del Sol;MAIN;56|59
01B9F6FB;3;GPH;MT;Filo del Sol;MAIN;56
01B9F6FB;4;GPH;RES;Filo del Sol;MAIN;56
01FFC76A;2;GPH;IP;Bolivar;MAIN;57|58
01F80D49;2;GPH;GMAG;Nacho Zone;MAIN;29
01F80D49;3;GPH;IP;Nacho Zone;MAIN;31
02F063C7;1;GPH;EM;Bend;MAIN;56|57
02F063C7;3;GPH;GMAG;Bend;MAIN;57
02F063C7;4;GPH;RES;Bend;MAIN;57
02F063C7;5;GPH;MALM;Bend;MAIN;57
02F063C7;6;GPH;GRV;Bend;MAIN;57
02F063C7;7;GPH;AMAG;Bend;MAIN;57
033C22C1;1;GPH;IP;Gibraltar Deposits;MAIN;68|69
033C22C1;2;GPH;EM;Gibraltar Deposits;MAIN;68
033C22C1;3;GPH;AMAG;Gibraltar Deposits;MAIN;68|69
033C22C1;4;GPH;GMAG;Gibraltar Deposits;MAIN;68
034D4472;1;GPH;AMAG;Yerington Mine;MAIN;57
034D4472;2;GPH;GMAG;Yerington Mine;MAIN;57
034D4472;3;GPH;IP;Yerington Mine;MAIN;57
038DC810;1;GPH;GRV;Northwest and Southeast Zones;MAIN;32|34
035BDD76;1;GPH;IP;Seel;MAIN;85|86|87|88
035BDD76;2;GPH;GMAG;Seel;MAIN;85|86
035BDD76;3;GPH;AMAG;Seel;MAIN;86
035BDD76;4;GPH;RAD;Seel;MAIN;86
035BDD76;5;GPH;RES;Seel;MAIN;87
035FEE53;1;GPH;IP;Escalones;MAIN;58
035FEE53;2;GPH;SP;Escalones;MAIN;59
035FEE53;3;GPH;EM;Escalones;MAIN;60
035FEE53;4;GPH;AMAG;Escalones;MAIN;60
038E5924;1;GPH;EM;Chapais Property;MAIN;37
038E5924;2;GPH;AMAG;Chapais Property;MAIN;36|37
0393E6D0;1;GPH;IP;Whipsaw target area;MAIN;27
0393E6D0;2;GPH;AMAG;Whipsaw target area;MAIN;29|32
0393E6D0;3;GPH;EM;Whipsaw target area;MAIN;29
0393E6D0;4;GPH;RAD;Whipsaw target area;MAIN;30
03EBBDC3;1;GPH;AMAG;Allard Zone;MAIN;53
03EBBDC3;2;GPH;EM;Allard Zone;MAIN;53
03EBBDC3;3;GPH;IP;Allard Zone;MAIN;53|56
04210A89;1;GPH;AMAG;Kipoi Central;MAIN;48|56
0431F0D8;1;GPH;EM;Chester;MAIN;27
0431F0D8;2;GPH;GRV;Chester;MAIN;23
04547E4D;1;GPH;UNS;Sheep Creek;MAIN;41
04C75EDD;1;GPH;MT;Mount Dore;MAIN;41
04C75EDD;2;GPH;GMAG;Mount Dore;MAIN;41
04C75EDD;3;GPH;GRV;Mount Dore;MAIN;41
0532FBF5;1;GPH;IP;Ox Lake;MAIN;24
0532FBF5;2;GPH;GMAG;Ox Lake;MAIN;24
0513BF95;1;GPH;IP;MacArthur;MAIN;61|72
0513BF95;2;GPH;AMAG;MacArthur;MAIN;61|76|78
05732007;1;GPH;AMAG;Tumpangpitu;MAIN;32|46
05732007;2;GPH;GMAG;Tumpangpitu;MAIN;46
05732007;3;GPH;RAD;Tumpangpitu;MAIN;46
05732007;5;GPH;IP;Tumpangpitu;MAIN;48
057D9138;1;GPH;MT;Zafranal Main zone;MAIN;77
05F56B50;1;GPH;MT;Grindstone;MAIN;21
05F56B50;2;GPH;AMAG;Grindstone;MAIN;21
057B3714;1;GPH;AMAG;Billiken;MAIN;19|23|26
057B3714;2;GPH;EM;Billiken;MAIN;19|23|26
057B3714;3;GPH;IP;Billiken;MAIN;19|27
057B3714;4;GPH;GRV;Billiken;MAIN;19|28
05C18B9B;1;GPH;IP;Coles Creek;MAIN;15|19|21|25
05C18B9B;2;GPH;GMAG;Coles Creek;MAIN;15|19|21|22
05C18B9B;3;GPH;EM;Coles Creek;MAIN;19|28
05FEDF01;1;GPH;MT;Allard;MAIN;62
05FEDF01;2;GPH;AMAG;Allard;MAIN;62|63
05FEDF01;3;GPH;IP;Allard;MAIN;62|63|64
062FFCAA;1;GPH;AMAG;Main Zone;MAIN;45|62
062FFCAA;2;GPH;IP;Main Zone;MAIN;56|66
0661510D;1;GPH;GMAG;Unkur;MAIN;67
066FD738;1;GPH;IP;Malpica deposit;MAIN;32
066FD738;2;GPH;GMAG;Malpica deposit;MAIN;32
069EC672;1;GPH;EM;Tenke Fungurume;MAIN;51
069EC672;2;GPH;RAD;Tenke Fungurume;MAIN;51
0688A054;1;GPH;GMAG;Cactus;MAIN;89
0688A054;2;GPH;IP;Cactus;MAIN;89
067DEA1B;1;GPH;IP;Cerro Fraga Mineralized System;MAIN;65|66|67
07095125;1;GPH;VLF;Delta;MAIN;37|38
07095125;2;GPH;AMAG;Delta;MAIN;37|38
07095125;3;GPH;RAD;Delta;MAIN;37|38
07095125;4;GPH;EM;Delta;MAIN;21|37|38
07095125;6;GPH;IP;Delta;MAIN;21|39
07B21EDD;1;GPH;IP;Douvray;MAIN;29|37
078FBA34;1;GPH;GMAG;Yellowhead Copper Deposit;MAIN;82|85|86
078FBA34;2;GPH;VLF;Yellowhead Copper Deposit;MAIN;82|83
078FBA34;3;GPH;IP;Yellowhead Copper Deposit;MAIN;82|85|86
078FBA34;4;GPH;AMAG;Yellowhead Copper Deposit;MAIN;85|86
078FBA34;5;GPH;EM;Yellowhead Copper Deposit;MAIN;85|86
0818F537;1;GPH;IP;Cañariaco Norte;MAIN;57
0818F537;2;GPH;GMAG;Cañariaco Norte;MAIN;57
087C2CF4;1;GPH;IP;Sierra Gorda;MAIN;90|93
087C2CF4;2;GPH;RES;Sierra Gorda;MAIN;90|93
087C2CF4;3;GPH;GMAG;Sierra Gorda;MAIN;90|93
08FB93DB;1;GPH;IP;Lunahuasi;MAIN;47
08FB93DB;2;GPH;MT;Lunahuasi;MAIN;47
092C4670;3;GPH;AMAG;Santo Tomás;MAIN;124
092C4670;4;GPH;RAD;Santo Tomás;MAIN;124
092C4670;5;GPH;VLF;Santo Tomás;MAIN;124
092C4670;6;GPH;RES;Santo Tomás;MAIN;128
092C4670;7;GPH;IP;Santo Tomás;MAIN;128
09A137BC;1;GPH;GMAG;Ilovitza;MAIN;56|61
09A137BC;2;GPH;IP;Ilovitza;MAIN;62|63
0A2F3971;1;GPH;MT;El Pilar;MAIN;56|58
0A2F3971;2;GPH;IP;El Pilar;MAIN;58|59
0A2F3971;3;GPH;AMAG;El Pilar;MAIN;60
0B439B21;1;GPH;GMAG;Longshot Ridge;MAIN;24|25
0B439B21;3;GPH;IP;Longshot Ridge;MAIN;25
0B292532;1;GPH;AMAG;Superior;MAIN;87|88
0B292532;2;GPH;RAD;Superior;MAIN;87|88
0B292532;4;GPH;EM;Superior;MAIN;88
0BD36908;1;GPH;IP;Eaglehead;MAIN;17|51|53|56
0BD36908;2;GPH;AMAG;Eaglehead;MAIN;41
0BFBC5EB;1;GPH;EM;Amy Lake Zone;MAIN;18|33
0BFBC5EB;2;GPH;IP;Amy Lake Zone;MAIN;18|33
0BFBC5EB;3;GPH;AMAG;Amy Lake Zone;MAIN;18|23|24
0BFE1648;1;GPH;IP;Lordsburg District;MAIN;68|69
0BFE1648;2;GPH;RES;Lordsburg District;MAIN;69
0C43256D;1;GPH;UNS;Lillefjell;MAIN;14
0C1FDC7E;1;GPH;AMAG;Marimaca;MAIN;79|80
0DA16AA6;1;GPH;GMAG;Anomaly Creek;MAIN;19
0C689604;1;GPH;AMAG;Mont de la Brèche;MAIN;88
0C689604;2;GPH;IP;Mont de la Brèche;MAIN;94
0C689604;3;GPH;MT;Mont de la Brèche;MAIN;94
0C689604;4;GPH;SWIR;Mont de la Brèche;MAIN;94
0D5213AC;1;GPH;AMAG;Minto;MAIN;97
0DA4B3D0;1;GPH;WLOG;Gunnison Deposit;MAIN;88
0DA4B3D0;5;GPH;EM;Gunnison Deposit;MAIN;93
0DA4B3D0;6;GPH;AMAG;Gunnison Deposit;MAIN;93
0DBD56E9;1;GPH;GMAG;Stanca;MAIN;52
0E6A3FF7;1;GPH;IP;Casino;MAIN;43
0E6A3FF7;2;GPH;RES;Casino;MAIN;43
0E6A3FF7;3;GPH;MT;Casino;MAIN;43
0E6A3FF7;4;GPH;AMAG;Casino;MAIN;29
0EA1B563;1;GPH;AMAG;Espiritu Porphyry System;MAIN;22
0EAF3CF7;1;GPH;AMAG;Kansanshi;MAIN;44
0EAF3CF7;2;GPH;RAD;Kansanshi;MAIN;44
0F47E657;1;GPH;GMAG;Foy Property;MAIN;8
0F47E657;2;GPH;IP;Foy Property;MAIN;8
0F47E657;3;GPH;AMAG;Foy Property;MAIN;8
0F47E657;4;GPH;EM;Foy Property;MAIN;8|11|44
0FB6513F;1;GPH;IP;Chibougamau Camp Veins;MAIN;95|97
0FB6513F;2;GPH;EM;Chibougamau Camp Veins;MAIN;95|97
0FB6513F;3;GPH;VLF;Chibougamau Camp Veins;MAIN;97
101E95AD;1;GPH;AMAG;Gneissic Bands;MAIN;34
101E95AD;2;GPH;IP;Gneissic Bands;MAIN;34|35
0FD0621B;1;GPH;AMAG;Elder Creek;MAIN;44
0FD0621B;2;GPH;GRV;Elder Creek;MAIN;45
101F4545;1;GPH;EM;Storm Copper showing;MAIN;33|45|49
101F4545;2;GPH;AMAG;Storm Copper showing;MAIN;33|49
101F4545;3;GPH;IP;Storm Copper showing;MAIN;45
1067EA99;1;GPH;AMAG;El Cobre;MAIN;27
1067EA99;2;GPH;RAD;El Cobre;MAIN;27
1067EA99;3;GPH;EM;El Cobre;MAIN;27
1067EA99;4;GPH;IP;El Cobre;MAIN;27|30
1067EA99;5;GPH;GMAG;El Cobre;MAIN;27|30
1067EA99;6;GPH;MT;El Cobre;MAIN;27|32
10C3D3EB;1;GPH;IP;Rio Grande;MAIN;49
10C3D3EB;2;GPH;MT;Rio Grande;MAIN;49
10D3A212;1;GPH;IP;Santa Rita pit;MAIN;34
112FFB6F;1;GPH;AMAG;Paiute;MAIN;29
1141E160;1;GPH;IP;Vernon Mine;MAIN;32
11DA36FF;1;GPH;AMAG;Craigmont Mine;MAIN;37
11DA36FF;2;GPH;RAD;Craigmont Mine;MAIN;37
1203A561;1;GPH;AMAG;MacArthur;MAIN;54
1203A561;2;GPH;IP;MacArthur;MAIN;54|56
11F4AC10;2;GPH;AMAG;Kamoa;MAIN;154
11F4AC10;3;GPH;RAD;Kamoa;MAIN;154|155
11F4AC10;5;GPH;EM;Kamoa;MAIN;155
11F4AC10;7;GPH;WLOG;Kamoa;MAIN;155
11F4AC10;9;GPH;GMAG;Kamoa;MAIN;155
11F4AC10;10;GPH;RES;Kamoa;MAIN;155
11F4AC10;11;GPH;IP;Kamoa;MAIN;155
1248633F;1;GPH;IP;Seel;MAIN;60|61
1248633F;2;GPH;GMAG;Seel;MAIN;60|61
1248633F;3;GPH;RAD;Seel;MAIN;64
1248633F;4;GPH;AMAG;Seel;MAIN;64
1248633F;5;GPH;EM;Seel;MAIN;64
12897B47;1;GPH;GMAG;Kiseljak;MAIN;23|24|30|31
126DFDE2;1;GPH;IP;Jean;MAIN;22|23|24|25|27
126DFDE2;2;GPH;GMAG;Jean;MAIN;22|24|27
126DFDE2;3;GPH;VLF;Jean;MAIN;24|27|28
126DFDE2;4;GPH;AMAG;Jean;MAIN;16|18|24|27|28
12875E35;1;GPH;IP;La Verde;MAIN;51|52|53
12875E35;2;GPH;AMAG;La Verde;MAIN;53
12875E35;3;GPH;EM;La Verde;MAIN;53
12875E35;4;GPH;RAD;La Verde;MAIN;53
12875E35;5;GPH;GMAG;La Verde;MAIN;53
12EEDC5C;1;GPH;IP;Cobre Panamá;MAIN;70
13A3D518;1;GPH;IP;Haib;MAIN;41
13A3D518;2;GPH;MT;Haib;MAIN;41
13A3D518;4;GPH;AMAG;Haib;MAIN;42
13A3D518;5;GPH;RAD;Haib;MAIN;42
14019B27;3;GPH;AMAG;Ann Mason;MAIN;109
14019B27;4;GPH;EM;Ann Mason;MAIN;109
14019B27;5;GPH;MT;Ann Mason;MAIN;109|111|113
14019B27;6;GPH;IP;Ann Mason;MAIN;111|113
1466E530;1;GPH;IP;Wildcat Property;MAIN;16|33
1466E530;2;GPH;AMAG;Wildcat Property;MAIN;16|36
1466E530;3;GPH;EM;Wildcat Property;MAIN;16
140607B1;1;GPH;MT;Valeriano;MAIN;60|63
140607B1;2;GPH;GMAG;Valeriano;MAIN;60|63
140607B1;3;GPH;IP;Valeriano;MAIN;64
1421A64E;1;GPH;AMAG;Munshiwemba;MAIN;36
1421A64E;2;GPH;RAD;Munshiwemba;MAIN;36
1421A64E;3;GPH;IP;Munshiwemba;MAIN;37
1571C89E;1;GPH;UNS;Åkervollen;MAIN;13
156C1FC6;1;GPH;GMAG;Mabilo;MAIN;126|129|130
15757D71;1;GPH;GMAG;Coxheath;MAIN;45
15757D71;2;GPH;VLF;Coxheath;MAIN;45
158DFD00;1;GPH;EM;McIlvenna Bay;MAIN;52
158DFD00;2;GPH;AMAG;McIlvenna Bay;MAIN;52
15C23680;1;GPH;GMAG;Granby Zone;MAIN;14
15C23680;2;GPH;VLF;Granby Zone;MAIN;14
15BAB1F2;1;GPH;IP;Highland Valley Property;MAIN;18|42|43|44|48|50
15BAB1F2;2;GPH;GMAG;Highland Valley Property;MAIN;18|42
15BAB1F2;3;GPH;AMAG;Highland Valley Property;MAIN;22|35|52
15BAB1F2;4;GPH;EM;Highland Valley Property;MAIN;42|43
15C39EB8;1;GPH;AMAG;Bateman Bay Mine;MAIN;57
15C39EB8;2;GPH;EM;Bateman Bay Mine;MAIN;57
15C39EB8;3;GPH;IP;Bateman Bay Mine;MAIN;57
15C39EB8;4;GPH;GMAG;Bateman Bay Mine;MAIN;57
15CFEFDB;1;GPH;IP;East deposit;MAIN;76
15CFEFDB;2;GPH;RES;East deposit;MAIN;76
15CFEFDB;3;GPH;AMAG;East deposit;MAIN;76
166695F6;1;GPH;EM;EBL;MAIN;23
166695F6;2;GPH;IP;EBL;MAIN;30
166695F6;3;GPH;RES;EBL;MAIN;30
166695F6;4;GPH;SP;EBL;MAIN;32
16EC5B80;1;GPH;GMAG;Triangle d'Argent;MAIN;41|42|50|75
16EC5B80;2;GPH;IP;Triangle d'Argent;MAIN;41|42|50|75
16EC5B80;3;GPH;VLF;Triangle d'Argent;MAIN;41|42|50|75
16EC5B80;5;GPH;AMAG;Triangle d'Argent;MAIN;91
16E5B84D;1;GPH;GMAG;La Fortuna;MAIN;59
169FD19D;1;GPH;IP;Chelopech;MAIN;59
169FD19D;2;GPH;MT;Chelopech;MAIN;59|60
169FD19D;3;GPH;EM;Chelopech;MAIN;59
169FD19D;4;GPH;GMAG;Chelopech;MAIN;60
169FD19D;5;GPH;GRV;Chelopech;MAIN;60
169FD19D;6;GPH;AMAG;Chelopech;MAIN;60
1761897E;1;GPH;AMAG;Star;MAIN;63
1761897E;2;GPH;RAD;Star;MAIN;63
1761897E;3;GPH;IP;Star;MAIN;64
1761897E;4;GPH;RES;Star;MAIN;64
177179A7;1;GPH;IP;October Dome;MAIN;23|24
177179A7;2;GPH;GMAG;October Dome;MAIN;23|24
176D59D5;1;GPH;AMAG;Tulameen Ultramafic Complex;MAIN;52|55|58|67
176D59D5;2;GPH;EM;Tulameen Ultramafic Complex;MAIN;58|68|70
176D59D5;3;GPH;GMAG;Tulameen Ultramafic Complex;MAIN;67
17CE9C2D;1;GPH;EM;Corner Bay;MAIN;129
17CE9921;1;GPH;IP;Pilot;MAIN;21|27|35
17CE9921;2;GPH;AMAG;Pilot;MAIN;21|27
17CE9921;3;GPH;SWIR;Pilot;MAIN;21|26
1889B01E;1;GPH;GMAG;East Deposit;MAIN;85|100
1976C515;1;GPH;GMAG;Central Porphyry Zone;MAIN;36
1976C515;2;GPH;IP;Central Porphyry Zone;MAIN;36
19052D31;1;GPH;IP;Caribou Dome;MAIN;32|39
19052D31;2;GPH;RES;Caribou Dome;MAIN;32
19052D31;3;GPH;GMAG;Caribou Dome;MAIN;38|39
19052D31;4;GPH;MALM;Caribou Dome;MAIN;39
195E0531;1;GPH;UNS;Lottie;MAIN;14
195E0531;2;GPH;EM;Lottie;MAIN;14
195E0531;3;GPH;IP;Lottie;MAIN;19|27
195E0531;4;GPH;GMAG;Lottie;MAIN;19|27
195E0531;5;GPH;RES;Lottie;MAIN;27
195AFFD3;1;GPH;AMAG;Star;MAIN;63
195AFFD3;2;GPH;RAD;Star;MAIN;63
195AFFD3;3;GPH;IP;Star;MAIN;54|63|64
195AFFD3;4;GPH;RES;Star;MAIN;63|64
19D97606;1;GPH;AMAG;Toro Vein System;MAIN;25
1987828B;1;GPH;AMAG;El Cobre;MAIN;23|27
1987828B;2;GPH;RAD;El Cobre;MAIN;23|27
1987828B;3;GPH;EM;El Cobre;MAIN;27
1987828B;4;GPH;GMAG;El Cobre;MAIN;23|27|30
1987828B;5;GPH;IP;El Cobre;MAIN;23|27|30|32
1987828B;6;GPH;MT;El Cobre;MAIN;23|27|32
1A0CB299;1;GPH;IP;Khavchig Yargait (KY);MAIN;46|47|70
1A0CB299;2;GPH;GMAG;Khavchig Yargait (KY);MAIN;46|47|80
19F79899;1;GPH;AMAG;Bornite;MAIN;56
19F79899;2;GPH;EM;Bornite;MAIN;56
19F79899;3;GPH;RAD;Bornite;MAIN;56
19F79899;4;GPH;IP;Bornite;MAIN;59|60
19F79899;5;GPH;MT;Bornite;MAIN;59
19F79899;7;GPH;GRV;Bornite;MAIN;64
1A65FA88;1;GPH;AMAG;Central Zone;MAIN;12|53
1A65FA88;2;GPH;RAD;Central Zone;MAIN;12|53
1A65FA88;3;GPH;GMAG;Central Zone;MAIN;12|53
1A65FA88;4;GPH;IP;Central Zone;MAIN;10|12|53|54
1A65FA88;5;GPH;EM;Central Zone;MAIN;12|53
1A65FA88;6;GPH;RES;Central Zone;MAIN;10
1A844DEC;1;GPH;UNS;Lennac Lake;MAIN;49
1A89390C;1;GPH;EM;Milnet 1500 zone;MAIN;48|49
1B1B83C5;1;GPH;IP;Majuba Hill;MAIN;55|56
1B1B83C5;2;GPH;GMAG;Majuba Hill;MAIN;55|60
1B1B83C5;3;GPH;AMAG;Majuba Hill;MAIN;55|60
1B34B0FA;1;GPH;EM;Luishia Sud;MAIN;21
1B49E2D0;1;GPH;EM;Lustdust System;MAIN;11|32|33|34|35|36|37|41
1B49E2D0;2;GPH;AMAG;Lustdust System;MAIN;11|14|39|40
1B830ECB;1;GPH;GMAG;Western Porphyries;MAIN;67|68
1B830ECB;2;GPH;IP;Western Porphyries;MAIN;67|68
1B830ECB;3;GPH;EM;Western Porphyries;MAIN;67
1B830ECB;5;GPH;SES;Western Porphyries;MAIN;70
1B9D624D;1;GPH;IP;North Zone;MAIN;45
1B9D624D;2;GPH;RES;North Zone;MAIN;45
1B9D624D;3;GPH;GMAG;North Zone;MAIN;45
1B9D624D;4;GPH;EM;North Zone;MAIN;45
1B9D624D;5;GPH;AMAG;North Zone;MAIN;45
1B9D624D;7;GPH;MT;North Zone;MAIN;48
1C33021F;1;GPH;AMAG;Olgal;MAIN;36
1C33021F;2;GPH;RAD;Olgal;MAIN;36
1C33021F;3;GPH;EM;Olgal;MAIN;37
1C33021F;4;GPH;MT;Olgal;MAIN;38
1C33021F;5;GPH;IP;Olgal;MAIN;38
1BD47F85;1;GPH;IP;Don Beno;MAIN;21
1BD47F85;2;GPH;RES;Don Beno;MAIN;21
1BD47F85;3;GPH;GMAG;Don Beno;MAIN;21
1BF83342;1;GPH;AMAG;Siwash Property;MAIN;42
1BF83342;2;GPH;EM;Siwash Property;MAIN;42
1BF233CE;1;GPH;MT;Zafranal Main Zone;MAIN;68
1C4271A5;1;GPH;AMAG;Mal-Wen Porphyry System;MAIN;30
1C4271A5;2;GPH;GMAG;Mal-Wen Porphyry System;MAIN;29|30|31|33
1C4271A5;3;GPH;GRV;Mal-Wen Porphyry System;MAIN;29|30
1C4271A5;4;GPH;IP;Mal-Wen Porphyry System;MAIN;29|31|33
1D0D4AC6;1;GPH;GMAG;Farellon;MAIN;33|51
1CE1A525;1;GPH;AMAG;Santa Rita pit;MAIN;25|27
1D7816FA;1;GPH;UNS;Kuke;MAIN;13
1D7816FA;2;GPH;AMAG;Kuke;MAIN;18
1D7816FA;3;GPH;RAD;Kuke;MAIN;18
1D8A274B;1;GPH;EM;Skouries;MAIN;67
1D8A274B;2;GPH;AMAG;Skouries;MAIN;67
1E0F7C02;1;GPH;RAD;Rex;MAIN;34
1E0F7C02;2;GPH;AMAG;Rex;MAIN;34
1DAB9B46;1;GPH;MT;El Domo;MAIN;107
1DAB9B46;2;GPH;GMAG;El Domo;MAIN;107
1E347122;1;GPH;GRV;Pilar Mine;MAIN;110|114|115
1E347122;2;GPH;GMAG;Pilar Mine;MAIN;110|114
1E347122;3;GPH;IP;Pilar Mine;MAIN;110|114|115
1E347122;4;GPH;AMAG;Pilar Mine;MAIN;110
1E347122;5;GPH;RAD;Pilar Mine;MAIN;110
1EFEF5B2;1;GPH;GRV;Mantle;MAIN;41
1EFEF5B2;2;GPH;EM;Mantle;MAIN;41
1EFEF5B2;3;GPH;AMAG;Mantle;MAIN;41
1F846C00;1;GPH;GRV;Neves Corvo;MAIN;29
1FFED8AF;1;GPH;EM;T-1 Copper Deposit;MAIN;42|51|60|61
1FFED8AF;2;GPH;UNS;T-1 Copper Deposit;MAIN;51
1FE59C52;1;GPH;AMAG;Thompson Knolls;MAIN;53
1FE59C52;2;GPH;GMAG;Thompson Knolls;MAIN;55|59
1FE59C52;3;GPH;IP;Thompson Knolls;MAIN;55
1FE59C52;4;GPH;GRV;Thompson Knolls;MAIN;61
1FE59C52;5;GPH;MT;Thompson Knolls;MAIN;67
20A1FA8D;1;GPH;AMAG;Thompson Knolls;MAIN;45|57|63|71
20A1FA8D;2;GPH;GMAG;Thompson Knolls;MAIN;59|63
20A1FA8D;3;GPH;IP;Thompson Knolls;MAIN;59|61|62|67
20A1FA8D;4;GPH;GRV;Thompson Knolls;MAIN;65
20A1FA8D;5;GPH;MT;Thompson Knolls;MAIN;71
20A89ED6;1;GPH;IP;Poplar Deposit;MAIN;39
20A89ED6;2;GPH;EM;Poplar Deposit;MAIN;39|42
20A89ED6;3;GPH;AMAG;Poplar Deposit;MAIN;39|42|43
210FE85D;1;GPH;MT;Elenita;MAIN;44
21506A3E;1;GPH;IP;Rio Grande;MAIN;45|49
21506A3E;2;GPH;GMAG;Rio Grande;MAIN;45|47|50
21506A3E;3;GPH;RES;Rio Grande;MAIN;45|48|49
21506A3E;4;GPH;MT;Rio Grande;MAIN;49
21D98492;1;GPH;EM;Maturi;MAIN;154
21D98492;2;GPH;GMAG;Maturi;MAIN;154
21D98492;3;GPH;IP;Maturi;MAIN;154
21D98492;4;GPH;SP;Maturi;MAIN;154
21D98492;5;GPH;GRV;Maturi;MAIN;154
21D98492;6;GPH;MT;Maturi;MAIN;154
21F453E1;1;GPH;AMAG;Bayugo;MAIN;26
21F453E1;2;GPH;RAD;Bayugo;MAIN;26
21D7121A;1;GPH;GMAG;Chinchillones Complex;MAIN;97
21D7121A;2;GPH;IP;Chinchillones Complex;MAIN;97|102
21F59780;1;GPH;EM;Debarwa;MAIN;62|65|67
21F59780;2;GPH;AMAG;Debarwa;MAIN;62|65
21F59780;3;GPH;GMAG;Debarwa;MAIN;62|66
21F59780;4;GPH;IP;Debarwa;MAIN;62|66
21F59780;6;GPH;GRV;Debarwa;MAIN;63|65|66
21F59780;7;GPH;MT;Debarwa;MAIN;67
229AE0D0;1;GPH;IP;Hugo North Extension;MAIN;118|122|123
229AE0D0;2;GPH;MT;Hugo North Extension;MAIN;118|120
232FC67E;1;GPH;UNS;Guelb Moghrein;MAIN;57
232FC67E;2;GPH;EM;Guelb Moghrein;MAIN;57
232FC67E;3;GPH;IP;Guelb Moghrein;MAIN;57
23540996;1;GPH;EM;Emba Derho;MAIN;40|41
23540996;2;GPH;AMAG;Emba Derho;MAIN;40|41
23540996;3;GPH;GRV;Emba Derho;MAIN;40|41
23540996;4;GPH;GMAG;Emba Derho;MAIN;41
23137982;1;GPH;EM;Taca Taca;MAIN;59
23137982;2;GPH;IP;Taca Taca;MAIN;59|60
23137982;3;GPH;GMAG;Taca Taca;MAIN;59
23137982;4;GPH;RAD;Taca Taca;MAIN;59
23137982;5;GPH;GRV;Taca Taca;MAIN;59
23137982;7;GPH;MT;Taca Taca;MAIN;59|60
237A1EE2;1;GPH;UNS;Sheep Creek;MAIN;50
237A5A29;1;GPH;EM;Tomtebo Mine;MAIN;47
237A5A29;2;GPH;AMAG;Tomtebo Mine;MAIN;47
2384097C;1;GPH;IP;Caribou Dome;MAIN;31|37
2384097C;2;GPH;RES;Caribou Dome;MAIN;31
2384097C;3;GPH;GMAG;Caribou Dome;MAIN;36|37
2384097C;4;GPH;MALM;Caribou Dome;MAIN;37
23C43C3D;1;GPH;AMAG;Copper Mountain;MAIN;37|39
23C43C3D;2;GPH;IP;Copper Mountain;MAIN;49
23C43C3D;3;GPH;MT;Copper Mountain;MAIN;49
240A358E;1;GPH;AMAG;Johnny Lee;MAIN;76
240A358E;2;GPH;EM;Johnny Lee;MAIN;76
241453AB;1;GPH;IP;Southeast Zone;MAIN;30|33
241453AB;2;GPH;AMAG;Southeast Zone;MAIN;33
241453AB;3;GPH;RAD;Southeast Zone;MAIN;33
241453AB;4;GPH;GMAG;Southeast Zone;MAIN;22|32|33
241453AB;5;GPH;GRV;Southeast Zone;MAIN;33
241453AB;6;GPH;WLOG;Southeast Zone;MAIN;22|35
23EB0062;1;GPH;AMAG;Lansdowne House Igneous Complex;MAIN;102
23EB0062;2;GPH;EM;Lansdowne House Igneous Complex;MAIN;102
23EB0062;3;GPH;IP;Lansdowne House Igneous Complex;MAIN;102
24025F81;1;GPH;IP;Berta;MAIN;101
24025F81;2;GPH;GMAG;Berta;MAIN;101
242A3764;1;GPH;UNS;Nussir;MAIN;87
24C70B17;1;GPH;EM;Kay Mine;MAIN;5|27|28
24C70B17;2;GPH;IP;Kay Mine;MAIN;27
24C70B17;3;GPH;MT;Kay Mine;MAIN;27
24902640;1;GPH;AMAG;Yerington Deposit;MAIN;105
24902640;2;GPH;GMAG;Yerington Deposit;MAIN;105
24902640;3;GPH;IP;Yerington Deposit;MAIN;105
24902640;4;GPH;GRV;Yerington Deposit;MAIN;105
254E646D;1;GPH;IP;Salobo;MAIN;37
254E646D;2;GPH;GMAG;Salobo;MAIN;37
254E646D;3;GPH;RAD;Salobo;MAIN;37
254E646D;4;GPH;EM;Salobo;MAIN;37
254E646D;5;GPH;GRV;Salobo;MAIN;37|38
248354B2;1;GPH;IP;Cañariaco Norte;MAIN;85|86|87
248354B2;2;GPH;RES;Cañariaco Norte;MAIN;85|86|87
248354B2;3;GPH;GMAG;Cañariaco Norte;MAIN;85|86|87
25EBA9FA;1;GPH;AMAG;Kona;MAIN;48|49
25EBA9FA;2;GPH;EM;Kona;MAIN;48|49
25EBA9FA;3;GPH;GMAG;Kona;MAIN;48|49
25CBE541;1;GPH;EM;Taca Taca;MAIN;45
25CBE541;2;GPH;IP;Taca Taca;MAIN;45|46
25CBE541;3;GPH;GMAG;Taca Taca;MAIN;45
25CBE541;4;GPH;RAD;Taca Taca;MAIN;45
25CBE541;5;GPH;GRV;Taca Taca;MAIN;46
25CBE541;6;GPH;MT;Taca Taca;MAIN;46
256FDE04;1;GPH;IP;Mount Milligan;MAIN;87|88|89|91
256FDE04;2;GPH;GMAG;Mount Milligan;MAIN;87|88
256FDE04;3;GPH;AMAG;Mount Milligan;MAIN;89|91
256FDE04;4;GPH;MT;Mount Milligan;MAIN;89
256FDE04;5;GPH;EM;Mount Milligan;MAIN;89
26197CAF;1;GPH;GMAG;Beskauga;MAIN;46
26197CAF;2;GPH;IP;Beskauga;MAIN;46
262068C3;1;GPH;AMAG;Pumpkin Hollow;MAIN;31
262068C3;2;GPH;GMAG;Pumpkin Hollow;MAIN;121
262068C3;3;GPH;IP;Pumpkin Hollow;MAIN;121
26C06FC9;1;GPH;IP;Southeast Zone;MAIN;31
26C06FC9;2;GPH;AMAG;Southeast Zone;MAIN;37
26C06FC9;3;GPH;RAD;Southeast Zone;MAIN;37
26C06FC9;4;GPH;GMAG;Southeast Zone;MAIN;38
26C06FC9;5;GPH;GRV;Southeast Zone;MAIN;38
26EA3216;1;GPH;IP;Ghanzi;MAIN;27
26EA3216;2;GPH;EM;Ghanzi;MAIN;27
26EA3216;3;GPH;AMAG;Ghanzi;MAIN;27
27461FA9;1;GPH;GRV;Valley deposit;MAIN;19
2742A5BB;1;GPH;AMAG;Central Zone;MAIN;76
2742A5BB;2;GPH;RAD;Central Zone;MAIN;76
2742A5BB;3;GPH;GMAG;Central Zone;MAIN;76
2742A5BB;4;GPH;IP;Central Zone;MAIN;76|77
2742A5BB;5;GPH;EM;Central Zone;MAIN;76
27F8E9FB;1;GPH;UNS;UMZ;MAIN;34
27F8E9FB;2;GPH;AMAG;UMZ;MAIN;34|35
27F8E9FB;3;GPH;IP;UMZ;MAIN;34|35
27F8E9FB;4;GPH;GMAG;UMZ;MAIN;34|35
279FF237;1;GPH;IP;Valeriano;MAIN;50
279FF237;2;GPH;GMAG;Valeriano;MAIN;34|50
279FF237;3;GPH;SWIR;Valeriano;MAIN;50
2850466D;1;GPH;AMAG;Alpala;MAIN;109|118
2850466D;2;GPH;RAD;Alpala;MAIN;109|118
2850466D;3;GPH;GMAG;Alpala;MAIN;111|119
2850466D;4;GPH;IP;Alpala;MAIN;121
2850466D;5;GPH;MT;Alpala;MAIN;121|122
285BCFF0;1;GPH;EM;McIlvenna Bay;MAIN;63|66|70
285BCFF0;2;GPH;AMAG;McIlvenna Bay;MAIN;64
28784297;1;GPH;AMAG;Oyu Tolgoi deposits;MAIN;159
28784297;2;GPH;GMAG;Oyu Tolgoi deposits;MAIN;159|161
28784297;3;GPH;IP;Oyu Tolgoi deposits;MAIN;159|160|161
28784297;4;GPH;GRV;Oyu Tolgoi deposits;MAIN;160
28784297;5;GPH;EM;Oyu Tolgoi deposits;MAIN;160
28784297;6;GPH;MT;Oyu Tolgoi deposits;MAIN;149|160
28784297;9;GPH;SWIR;Oyu Tolgoi deposits;MAIN;162
28BF9244;1;GPH;AMAG;Terry;MAIN;21|39
28BF9244;2;GPH;RAD;Terry;MAIN;21|39
28BF9244;4;GPH;EM;Terry;MAIN;38
28BA8081;1;GPH;EM;Amy Lake Zone;MAIN;24
28E547C3;1;GPH;IP;Cathedral Area;MAIN;46|57
28E547C3;2;GPH;AMAG;Cathedral Area;MAIN;51|52
291D03B0;1;GPH;IP;Vaquillas Mine;MAIN;61
291D03B0;2;GPH;GMAG;Vaquillas Mine;MAIN;61
29C62E19;1;GPH;MT;La Guanaca;MAIN;20
2932689C;1;GPH;EM;Shiner Zone;MAIN;22|23|24
2932689C;2;GPH;AMAG;Shiner Zone;MAIN;23
2A893C12;1;GPH;GMAG;Cozamin;MAIN;73
2A893C12;2;GPH;AMAG;Cozamin;MAIN;73
2A893C12;3;GPH;MT;Cozamin;MAIN;74
2A893C12;4;GPH;IP;Cozamin;MAIN;74
2A08A0D0;1;GPH;AMAG;Iron Mountain Fault Zone;MAIN;62
2A08A0D0;2;GPH;EM;Iron Mountain Fault Zone;MAIN;71
2B09FC0B;1;GPH;GMAG;Sombrero Main/Nioc Project;MAIN;74|75
2B09FC0B;2;GPH;IP;Sombrero Main/Nioc Project;MAIN;59|76
2A99EB42;1;GPH;AMAG;Hugo Dummett;MAIN;180
2A99EB42;2;GPH;GRV;Hugo Dummett;MAIN;180|182|183
2A99EB42;3;GPH;IP;Hugo Dummett;MAIN;180|182|183
2A99EB42;4;GPH;GMAG;Hugo Dummett;MAIN;180|182
2A99EB42;5;GPH;EM;Hugo Dummett;MAIN;182
2B1F2E57;1;GPH;WLOG;Copperwood Deposit;MAIN;123|124
2B258E75;1;GPH;GRV;Santo Domingo;MAIN;64|70
2B258E75;2;GPH;AMAG;Santo Domingo;MAIN;64|70
2B258E75;3;GPH;IP;Santo Domingo;MAIN;69|72
2B3B4DE8;1;GPH;AMAG;Coppercorp Property IOCG;MAIN;44|53
2B3B4DE8;2;GPH;GRV;Coppercorp Property IOCG;MAIN;44
2B3B4DE8;3;GPH;IP;Coppercorp Property IOCG;MAIN;52
2B3B4DE8;4;GPH;GMAG;Coppercorp Property IOCG;MAIN;52|53|55
2B3B4DE8;5;GPH;EM;Coppercorp Property IOCG;MAIN;53
2B3B4DE8;7;GPH;SP;Coppercorp Property IOCG;MAIN;53
2B74DF9A;1;GPH;IP;Gibraltar Mine;MAIN;70|73|74
2B74DF9A;2;GPH;EM;Gibraltar Mine;MAIN;73
2B74DF9A;3;GPH;AMAG;Gibraltar Mine;MAIN;73|74
2B74DF9A;4;GPH;GMAG;Gibraltar Mine;MAIN;73
2B74DF9A;5;GPH;MT;Gibraltar Mine;MAIN;74
2C29F87F;1;GPH;EM;Emba Derho;MAIN;61|62
2C29F87F;2;GPH;AMAG;Emba Derho;MAIN;61|62
2C29F87F;3;GPH;GRV;Emba Derho;MAIN;61|62
2C29F87F;4;GPH;GMAG;Emba Derho;MAIN;62
2C8B78F3;1;GPH;AMAG;Marymac;MAIN;31
2C8B78F3;2;GPH;EM;Marymac;MAIN;31
2BA6DA0A;1;GPH;IP;Cortadera;MAIN;150|153
2BA6DA0A;2;GPH;MT;Cortadera;MAIN;150
2BA6DA0A;3;GPH;GMAG;Cortadera;MAIN;153
2BF77B51;1;GPH;EM;Lansdowne House Igneous Complex;MAIN;65|102
2BF77B51;2;GPH;AMAG;Lansdowne House Igneous Complex;MAIN;65|102
2BF77B51;3;GPH;IP;Lansdowne House Igneous Complex;MAIN;102
2CBCDE37;1;GPH;IP;B26 deposit;MAIN;59
2CADA11E;1;GPH;VLF;Carmacks Copper deposit;MAIN;34
2CADA11E;2;GPH;GMAG;Carmacks Copper deposit;MAIN;34
2CADA11E;3;GPH;AMAG;Carmacks Copper deposit;MAIN;34
2CADA11E;4;GPH;RAD;Carmacks Copper deposit;MAIN;34
2CADA11E;5;GPH;UNS;Carmacks Copper deposit;MAIN;34
2CADA11E;6;GPH;IP;Carmacks Copper deposit;MAIN;34
2D2353D4;1;GPH;AMAG;Crunchy Hill;MAIN;62
2D2353D4;2;GPH;RAD;Crunchy Hill;MAIN;62
2E48EBE7;1;GPH;EM;Copper Queen;MAIN;50
2E48EBE7;2;GPH;AMAG;Copper Queen;MAIN;50
2D62AB91;1;GPH;AMAG;Spout Deposit;MAIN;77
2D62AB91;2;GPH;GMAG;Spout Deposit;MAIN;77|85
2D62AB91;3;GPH;VLF;Spout Deposit;MAIN;77
2D62AB91;4;GPH;IP;Spout Deposit;MAIN;76|77
2E7C4864;3;GPH;AMAG;Ann Mason;MAIN;108
2E7C4864;4;GPH;EM;Ann Mason;MAIN;108
2E7C4864;5;GPH;IP;Ann Mason;MAIN;110|112
2E7C4864;6;GPH;MT;Ann Mason;MAIN;110|112
2EBAFD26;2;GPH;AMAG;Marimaca;MAIN;60
2F48CA8E;1;GPH;IP;Buckhorn;MAIN;25|31
2F48CA8E;2;GPH;GMAG;Buckhorn;MAIN;27|31
2F701B56;1;GPH;SWIR;Pinto Valley;MAIN;27|38
30BB8DD6;1;GPH;IP;Mocoa;MAIN;40
30BB8DD6;2;GPH;UNS;Mocoa;MAIN;40
30750494;1;GPH;VLF;Nicolet Property;MAIN;35
309B8140;1;GPH;IP;Lagalochan;MAIN;64
309B8140;2;GPH;AMAG;Lagalochan;MAIN;65
309B8140;3;GPH;EM;Lagalochan;MAIN;65
30CC1623;1;GPH;IP;Binghampton-Copper Queen;MAIN;14
315AC65A;1;GPH;EM;Luisha South;MAIN;36
31FB98BD;2;GPH;IP;Josemaría;MAIN;75
31FB98BD;3;GPH;GMAG;Josemaría;MAIN;75
31FB98BD;4;GPH;MT;Josemaría;MAIN;75
31FD91FE;2;GPH;AMAG;Sentinel;MAIN;61
31FD91FE;3;GPH;RAD;Sentinel;MAIN;61
31FD91FE;4;GPH;EM;Sentinel;MAIN;61
31FD91FE;5;GPH;MT;Sentinel;MAIN;61
31FD91FE;6;GPH;RES;Sentinel;MAIN;61
31FD91FE;7;GPH;GMAG;Sentinel;MAIN;61
3208250A;1;GPH;IP;Rattlesnake Creek Target;MAIN;68
3208250A;2;GPH;VLF;Rattlesnake Creek Target;MAIN;69
3208250A;3;GPH;GMAG;Rattlesnake Creek Target;MAIN;69
321FCB96;1;GPH;IP;Mount Milligan;MAIN;63
321FCB96;2;GPH;GMAG;Mount Milligan;MAIN;63
3249CA0A;1;GPH;GRV;Marateca;MAIN;48
327289CF;1;GPH;RES;Yauricocha;MAIN;72
327289CF;2;GPH;IP;Yauricocha;MAIN;72
327289CF;3;GPH;MT;Yauricocha;MAIN;72
327289CF;4;GPH;GMAG;Yauricocha;MAIN;85
32B4F3C8;1;GPH;IP;Grizzly Prospect;MAIN;23
32B4F3C8;2;GPH;AMAG;Grizzly Prospect;MAIN;28
32B6C32D;1;GPH;GMAG;Serrote Deposit;MAIN;30
310B90D0;1;GPH;GMAG;Harper Creek;MAIN;68|70|71
310B90D0;2;GPH;VLF;Harper Creek;MAIN;68
310B90D0;3;GPH;IP;Harper Creek;MAIN;68|71
310B90D0;4;GPH;AMAG;Harper Creek;MAIN;69
310B90D0;5;GPH;EM;Harper Creek;MAIN;69|70
33B27A47;1;GPH;AMAG;Warintza Central;MAIN;37
33B27A47;2;GPH;EM;Warintza Central;MAIN;37
33B27A47;3;GPH;SWIR;Warintza Central;MAIN;55
33B2BE91;1;GPH;GMAG;Valley;MAIN;62
33BF1AD1;1;GPH;IP;Minto Deposit;MAIN;65|69|72
33BF1AD1;2;GPH;GMAG;Minto Deposit;MAIN;65|67|69
33BF1AD1;3;GPH;GRV;Minto Deposit;MAIN;65|67
33BF1AD1;4;GPH;EM;Minto Deposit;MAIN;65
33BF1AD1;5;GPH;AMAG;Minto Deposit;MAIN;58|62|68
3429A200;1;GPH;SP;Gold Lake;MAIN;31|32|33
3429A200;2;GPH;IP;Gold Lake;MAIN;32
3429A200;3;GPH;RAD;Gold Lake;MAIN;18
33E3DC0A;1;GPH;GMAG;Copper Prince;MAIN;21
33E3DC0A;2;GPH;SP;Copper Prince;MAIN;21
33E3DC0A;3;GPH;EM;Copper Prince;MAIN;21|22
33E3DC0A;4;GPH;VLF;Copper Prince;MAIN;21
33E3DC0A;5;GPH;IP;Copper Prince;MAIN;21
34144819;1;GPH;AMAG;Donnelly;MAIN;23
34144819;2;GPH;IP;Donnelly;MAIN;23|34|35|36|39|44
34144819;3;GPH;GMAG;Donnelly;MAIN;23|34|35|36|39|44
34144819;5;GPH;EM;Donnelly;MAIN;36
3462679A;1;GPH;IP;Kay Deposit;MAIN;118|119
3462679A;3;GPH;MT;Kay Deposit;MAIN;118
3462679A;4;GPH;EM;Kay Deposit;MAIN;118|119|120|122|125
3462679A;6;GPH;GRV;Kay Deposit;MAIN;119|126
34B15861;1;GPH;IP;Dick Creek;MAIN;45
34B15861;2;GPH;GMAG;Dick Creek;MAIN;45
3523D2F6;1;GPH;AMAG;Cobrasco-Comita;MAIN;62|63|72
3523D2F6;2;GPH;RAD;Cobrasco-Comita;MAIN;62|63|72
359722A2;1;GPH;AMAG;Sase Project;MAIN;39
359722A2;2;GPH;RAD;Sase Project;MAIN;39
357554E9;1;GPH;IP;Jewelry Box;MAIN;44
36302092;1;GPH;AMAG;CIM Property Porphyry Target;MAIN;20
36302092;2;GPH;EM;CIM Property Porphyry Target;MAIN;20
35C7958E;1;GPH;GMAG;Cañariaco Norte;MAIN;36
35C7958E;2;GPH;IP;Cañariaco Norte;MAIN;36
36B53299;1;GPH;IP;Haquira;MAIN;75|77
36B53299;2;GPH;GMAG;Haquira;MAIN;75
36B53299;3;GPH;RES;Haquira;MAIN;75
3642F95C;1;GPH;AMAG;Hill 1835;MAIN;40|41
3642F95C;2;GPH;EM;Hill 1835;MAIN;41
3642F95C;3;GPH;IP;Hill 1835;MAIN;49
3637053E;1;GPH;IP;Sierra Gorda;MAIN;61|63
3637053E;2;GPH;RES;Sierra Gorda;MAIN;61|63
3637053E;3;GPH;GMAG;Sierra Gorda;MAIN;61|64
36E1FFB8;1;GPH;GMAG;OK Intrusive Complex;MAIN;34|36|37
36E1FFB8;2;GPH;VLF;OK Intrusive Complex;MAIN;34
36E1FFB8;3;GPH;SP;OK Intrusive Complex;MAIN;34
36E1FFB8;4;GPH;IP;OK Intrusive Complex;MAIN;34|36|37
36E1FFB8;5;GPH;AMAG;OK Intrusive Complex;MAIN;34|35
36E1FFB8;6;GPH;EM;OK Intrusive Complex;MAIN;34
36E1FFB8;7;GPH;RAD;OK Intrusive Complex;MAIN;34|35
3752223A;1;GPH;IP;Vizcachitas;MAIN;33
3752223A;2;GPH;RES;Vizcachitas;MAIN;33
3752223A;3;GPH;SP;Vizcachitas;MAIN;33
37E5FB33;1;GPH;AMAG;Copper Mountain;MAIN;20|21
38696906;1;GPH;UNS;Rudnitza;MAIN;19
38A14904;4;GPH;IP;Los Helados;MAIN;58
38A14904;5;GPH;GMAG;Los Helados;MAIN;58
38B826DA;2;GPH;AMAG;Solwara 1;MAIN;70|71
38B826DA;3;GPH;RES;Solwara 1;MAIN;70
38B826DA;4;GPH;SP;Solwara 1;MAIN;70|71
38B826DA;5;GPH;GRV;Solwara 1;MAIN;70
38B826DA;7;GPH;EM;Solwara 1;MAIN;70|71
38B826DA;8;GPH;SES;Solwara 1;MAIN;70
38F2CC99;2;GPH;AMAG;Cerro Barco;MAIN;72|94
38F2CC99;3;GPH;RAD;Cerro Barco;MAIN;72|94|101
38F2CC99;4;GPH;GMAG;Cerro Barco;MAIN;75|94|99
3935D41A;1;GPH;AMAG;Planalto;MAIN;79
3935D41A;2;GPH;RAD;Planalto;MAIN;79|81
3935D41A;3;GPH;EM;Planalto;MAIN;73|79|81|82
3935D41A;4;GPH;IP;Planalto;MAIN;73|84
390CFBF7;1;GPH;AMAG;Kwanika Central;MAIN;88|89|93
390CFBF7;2;GPH;RAD;Kwanika Central;MAIN;88
390CFBF7;3;GPH;IP;Kwanika Central;MAIN;88|89|90|93
390CFBF7;4;GPH;GMAG;Kwanika Central;MAIN;88|89
390CFBF7;6;GPH;EM;Kwanika Central;MAIN;89|93
397B0570;1;GPH;IP;Berta;MAIN;115
397B0570;2;GPH;GMAG;Berta;MAIN;115
39DA3009;1;GPH;GMAG;Fortin Sill;MAIN;23
39DA3009;2;GPH;EM;Fortin Sill;MAIN;20|21|23
39DA3009;3;GPH;IP;Fortin Sill;MAIN;23
39DA3009;5;GPH;AMAG;Fortin Sill;MAIN;20|25
3A6C7B48;1;GPH;EM;Emba Derho;MAIN;50|51
3A6C7B48;2;GPH;AMAG;Emba Derho;MAIN;50|51
3A6C7B48;3;GPH;GRV;Emba Derho;MAIN;50|51
3A6C7B48;4;GPH;GMAG;Emba Derho;MAIN;51
3A6C7B48;5;GPH;MT;Emba Derho;MAIN;51
3A8DFB21;1;GPH;IP;Los Helados;MAIN;66
3A8DFB21;2;GPH;GMAG;Los Helados;MAIN;66
3A8DFB21;4;GPH;AMAG;Los Helados;MAIN;66
3A8DFB21;5;GPH;MT;Los Helados;MAIN;66
3A8DFB21;6;GPH;EM;Los Helados;MAIN;66
3A96C0F2;1;GPH;GMAG;Central Aguila Zone;MAIN;30
3A96C0F2;2;GPH;RAD;Central Aguila Zone;MAIN;30
3A96C0F2;3;GPH;IP;Central Aguila Zone;MAIN;30
3AB613B6;1;GPH;IP;Saddle North;MAIN;93|94|95
3AB613B6;2;GPH;AMAG;Saddle North;MAIN;93|94|95
3AB613B6;3;GPH;RES;Saddle North;MAIN;93|94
3AB613B6;4;GPH;RAD;Saddle North;MAIN;95
3AB0BC78;1;GPH;UNS;La Fortuna;MAIN;59
3ACBCEA7;2;GPH;EM;Kay Mine;MAIN;6|30|31
3ACBCEA7;3;GPH;GRV;Kay Mine;MAIN;6|33
3ACBCEA7;4;GPH;RES;Kay Mine;MAIN;30
3ACBCEA7;5;GPH;MT;Kay Mine;MAIN;30
3ACBCEA7;6;GPH;IP;Kay Mine;MAIN;30
3ADD0C5C;3;GPH;AMAG;El Alacran;MAIN;55
3ADD0C5C;4;GPH;RAD;El Alacran;MAIN;55
3ADD0C5C;5;GPH;GMAG;El Alacran;MAIN;57
3ADD0C5C;6;GPH;IP;El Alacran;MAIN;57
3ADD0C5C;7;GPH;EM;El Alacran;MAIN;57
3BAB3D19;1;GPH;GRV;Santo Domingo Sur;MAIN;51
3BAB3D19;2;GPH;IP;Santo Domingo Sur;MAIN;51|52
3B4571E3;1;GPH;IP;Katie prospect;MAIN;12
3B4571E3;2;GPH;EM;Katie prospect;MAIN;17
3B4571E3;3;GPH;GRV;Katie prospect;MAIN;25
3BF3D3B6;1;GPH;IP;Deerhorn;MAIN;37
3BF3D3B6;2;GPH;GMAG;Deerhorn;MAIN;40
3B80118F;1;GPH;RES;Chita Porphyry;MAIN;50
3B80118F;2;GPH;IP;Chita Porphyry;MAIN;59|70
3B80118F;3;GPH;GMAG;Chita Porphyry;MAIN;54|59|68
3CD78E97;1;GPH;EM;Mahab 4;MAIN;38
3CD78E97;2;GPH;AMAG;Mahab 4;MAIN;38
3CB1D357;1;GPH;IP;Berg Deposit;MAIN;39
3C01B775;1;GPH;GMAG;Cortadera;MAIN;178|179
3C01B775;2;GPH;IP;Cortadera;MAIN;178|179
3C01B775;3;GPH;RES;Cortadera;MAIN;178|179
3C01B775;4;GPH;MT;Cortadera;MAIN;178|179
3C01B775;5;GPH;AMAG;Cortadera;MAIN;178
3CF28AF9;1;GPH;IP;Los Helados;MAIN;66
3CF28AF9;2;GPH;GMAG;Los Helados;MAIN;66
3CF3A5AA;1;GPH;IP;Pebble deposit;MAIN;75|76
3CF3A5AA;2;GPH;GMAG;Pebble deposit;MAIN;75
3CF3A5AA;3;GPH;AMAG;Pebble deposit;MAIN;75|76
3CF3A5AA;4;GPH;MT;Pebble deposit;MAIN;75
3CF3A5AA;5;GPH;EM;Pebble deposit;MAIN;75|76
3CF3A5AA;6;GPH;RAD;Pebble deposit;MAIN;75
3CF3A5AA;10;GPH;GRV;Pebble deposit;MAIN;76
0295D9BC;1;GPH;IP;Eaglehead Project;MAIN;59|63|66|67|71
113E0961;1;GPH;EM;Tower deposit;MAIN;62|64|65
128E3DD7;1;GPH;IP;Sugarloaf;MAIN;27|41|42
128E3DD7;2;GPH;AMAG;Sugarloaf;MAIN;41
2DC58281;1;GPH;IP;Arroyos Azules;MAIN;47|49
CCFE7D7E;1;GPH;AMAG;Cerro Las Minitas;MAIN;34
CCFE7D7E;2;GPH;IP;Cerro Las Minitas;MAIN;34|35
CCFE7D7E;3;GPH;GRV;Cerro Las Minitas;MAIN;34|35
DD09D7E2;1;GPH;AMAG;Randy;MAIN;47
DE625902;1;GPH;UNS;Hardshell;MAIN;44|45
EE9A3FAA;1;GPH;GMAG;Surluga;MAIN;69|70|71
EE9A3FAA;2;GPH;IP;Surluga;MAIN;72|73|74|75|76
360D735B;1;GPH;GMAG;Peterson Lake Veins;MAIN;40
360D735B;2;GPH;EM;Peterson Lake Veins;MAIN;40
360D735B;4;GPH;SES;Peterson Lake Veins;MAIN;40
0094DD97;1;GPH;UNS;Trefi Property;MAIN;30
013FB6D5;1;GPH;UNS;Halfmile Lake;MAIN;74
00A34F0F;1;GPH;IP;Skynner Lake;MAIN;40
00A34F0F;2;GPH;MT;Skynner Lake;MAIN;40
00A34F0F;3;GPH;EM;Skynner Lake;MAIN;40|44
009AA5D0;1;GPH;UNS;Lunny Property;MAIN;37
009AA5D0;2;GPH;EM;Lunny Property;MAIN;52|54|55
009AA5D0;3;GPH;VLF;Lunny Property;MAIN;55
009AA5D0;4;GPH;AMAG;Lunny Property;MAIN;51
00B1F975;1;GPH;AMAG;Laura Lake property;MAIN;42|57
00B1F975;2;GPH;EM;Laura Lake property;MAIN;42
01606B63;1;GPH;IP;Whistler deposit;MAIN;44|45
01606B63;2;GPH;AMAG;Whistler deposit;MAIN;44|45
01606B63;3;GPH;RAD;Whistler deposit;MAIN;44
01A35857;1;GPH;EM;Redstone;MAIN;39
01A35857;2;GPH;GMAG;Redstone;MAIN;39
01A35857;3;GPH;AMAG;Redstone;MAIN;39|40
01B7CE1F;1;GPH;EM;Bonsai;MAIN;11|20
01B7CE1F;2;GPH;AMAG;Bonsai;MAIN;11|20
01B7CE1F;3;GPH;VLF;Bonsai;MAIN;20
01B7CE1F;4;GPH;GMAG;Bonsai;MAIN;20
02AE1348;1;GPH;EM;Carbon Project Coal;MAIN;19
01E22BA9;1;GPH;SES;Muskowekwan;MAIN;48|49
01E22BA9;2;GPH;WLOG;Muskowekwan;MAIN;26|29|31
01C5D8EC;1;GPH;EM;NISK-1;MAIN;28|35|36
01C5D8EC;2;GPH;AMAG;NISK-1;MAIN;35
02A73698;1;GPH;AMAG;Cerro del Gallo;MAIN;29|38
02F4CBC5;1;GPH;EM;Woodlawn deposit;MAIN;65|73
02F4CBC5;2;GPH;GMAG;Woodlawn deposit;MAIN;73
032BD052;1;GPH;IP;Agi Dagi;MAIN;29|41|42
032BD052;2;GPH;VLF;Agi Dagi;MAIN;44
032BD052;3;GPH;EM;Agi Dagi;MAIN;45
03FA96B7;1;GPH;AMAG;Gahcho Kué Cluster;MAIN;63
03FA96B7;2;GPH;EM;Gahcho Kué Cluster;MAIN;62|63
03FA96B7;3;GPH;GRV;Gahcho Kué Cluster;MAIN;63
046D7B44;1;GPH;AMAG;Lake Olga West;MAIN;32|42
049A455C;1;GPH;EM;Juno;MAIN;11|14|17
049A455C;2;GPH;AMAG;Juno;MAIN;11|14|16
049A455C;3;GPH;GMAG;Juno;MAIN;14|16|20
04583154;1;GPH;AMAG;Jam - Bell Lake Zone;MAIN;47|67
04583154;2;GPH;GMAG;Jam - Bell Lake Zone;MAIN;62|63
04583154;4;GPH;IP;Jam - Bell Lake Zone;MAIN;50|60|63
05241855;1;GPH;AMAG;Cognac Property;MAIN;11|13
04C2B186;1;GPH;VLF;Solomon Shear;MAIN;44
04C2B186;2;GPH;UNS;Solomon Shear;MAIN;51
055152ED;1;GPH;IP;Kamila;MAIN;98
064CC803;1;GPH;AMAG;Iron-T;MAIN;48
064CC803;2;GPH;EM;Iron-T;MAIN;48
064CC803;3;GPH;GMAG;Iron-T;MAIN;48
05F6A6C1;1;GPH;GMAG;Santa Cecilia;MAIN;41
05F6A6C1;2;GPH;MT;Santa Cecilia;MAIN;42
06761853;1;GPH;AMAG;Eagle One;MAIN;41|43
06761853;2;GPH;EM;Eagle One;MAIN;41|42|43|44|45
06761853;3;GPH;GMAG;Eagle One;MAIN;41|42|44|45
06761853;9;GPH;GRV;Eagle One;MAIN;44|45
06761853;11;GPH;VLF;Eagle One;MAIN;44|45
06D57437;1;GPH;AMAG;Money Knob;MAIN;18
06D57437;2;GPH;VLF;Money Knob;MAIN;18
06D57437;3;GPH;EM;Money Knob;MAIN;18
06D57437;4;GPH;MT;Money Knob;MAIN;18
0734B2C6;1;GPH;RAD;Mormon Lake;MAIN;14|28
075931F5;1;GPH;IP;David;MAIN;13|23
075931F5;2;GPH;EM;David;MAIN;15|22
075931F5;3;GPH;AMAG;David;MAIN;15|16
0772A3C4;1;GPH;IP;Main Breccia Zone;MAIN;29
085F70B2;1;GPH;GMAG;Indian River Anomaly;MAIN;12|18
081EF0CC;1;GPH;EM;Agnew Lake Mine;MAIN;43
081EF0CC;2;GPH;AMAG;Agnew Lake Mine;MAIN;43
08731BAE;1;GPH;AMAG;Apple;MAIN;47
08731BAE;2;GPH;RAD;Apple;MAIN;47
07F24680;1;GPH;EM;Groete Creek;MAIN;33
088A99D7;1;GPH;SES;Allan;MAIN;23|24
088A99D7;3;GPH;WLOG;Allan;MAIN;22|29
08E3F035;1;GPH;EM;Bur Zone;MAIN;33
08E3F035;2;GPH;GMAG;Bur Zone;MAIN;33
08A73147;1;GPH;RES;Vein Zone;MAIN;37|41
08A73147;2;GPH;IP;Vein Zone;MAIN;37
0887207E;1;GPH;GMAG;Pinaya;MAIN;38
0887207E;2;GPH;IP;Pinaya;MAIN;38|39
08ED6686;1;GPH;IP;Anatacau property;MAIN;14
0953F27A;1;GPH;RAD;Coles Hill;MAIN;38
0965C0FF;1;GPH;EM;Milnet Mine;MAIN;63|64
096C8780;1;GPH;GMAG;Mt. Haskin;MAIN;28
094C45E0;1;GPH;RAD;Anomaly A / Oshiveli;MAIN;40|41|44
094C45E0;2;GPH;AMAG;Anomaly A / Oshiveli;MAIN;40
094C45E0;7;GPH;EM;Anomaly A / Oshiveli;MAIN;43
09A50CEE;1;GPH;UNS;Huangshan;MAIN;77
09CE0318;1;GPH;UNS;No. 2 Ni showing;MAIN;31|33
0ACC5BBB;1;GPH;IP;Atlanta Mine;MAIN;26
0ACC5BBB;2;GPH;MT;Atlanta Mine;MAIN;26
0ACC5BBB;3;GPH;RAD;Atlanta Mine;MAIN;26
0ADBF86C;1;GPH;GRV;Big Smoky Valley;MAIN;23
0B13B013;1;GPH;AMAG;Lac Escale Project;MAIN;26|27
0B13B013;2;GPH;EM;Lac Escale Project;MAIN;27
0B13B013;3;GPH;VLF;Lac Escale Project;MAIN;27
0B13B013;4;GPH;IP;Lac Escale Project;MAIN;27
0B2EF4CE;1;GPH;AMAG;Uncle Sam;MAIN;26
0B41D8B1;1;GPH;EM;Tex-Sol Showing;MAIN;20
0B41D8B1;2;GPH;AMAG;Tex-Sol Showing;MAIN;20
0BAD8452;1;GPH;EM;Silver Bell-St. Lawrence;MAIN;26
0BAD8452;2;GPH;RES;Silver Bell-St. Lawrence;MAIN;26
0BAD8452;3;GPH;AMAG;Silver Bell-St. Lawrence;MAIN;26
0BAD8452;4;GPH;VLF;Silver Bell-St. Lawrence;MAIN;26
0B3CE050;1;GPH;IP;La Josefina;MAIN;47|48
0B8D3E5F;1;GPH;EM;Little River Prospect;MAIN;83
0B8D3E5F;2;GPH;AMAG;Little River Prospect;MAIN;83
0B8D3E5F;3;GPH;IP;Little River Prospect;MAIN;50|70|83|84
0BC295E4;1;GPH;GMAG;Brynnor deposit;MAIN;11
0BC295E4;2;GPH;AMAG;Brynnor deposit;MAIN;10|12
0BC295E4;3;GPH;RAD;Brynnor deposit;MAIN;10
0C4B2A0B;1;GPH;GMAG;Carolina kimberlite pipe;MAIN;35|38|41
0C4B2A0B;2;GPH;EM;Carolina kimberlite pipe;MAIN;35|38|42
0BF5C28B;1;GPH;GMAG;Gulçari A;MAIN;32|33
0BF5C28B;2;GPH;IP;Gulçari A;MAIN;32|33
0BF5C28B;3;GPH;VLF;Gulçari A;MAIN;33
0BD50AFD;1;GPH;AMAG;Orion South Kimberlite;MAIN;27
0BD50AFD;2;GPH;EM;Orion South Kimberlite;MAIN;29
0CB801BD;1;GPH;GMAG;Severance Property;MAIN;15
0CB801BD;2;GPH;IP;Severance Property;MAIN;15
0C4D5621;2;GPH;AMAG;Deep River;MAIN;69|70
0C4D5621;3;GPH;RES;Deep River;MAIN;69
0C4D5621;4;GPH;RAD;Deep River;MAIN;69|71
0D134149;1;GPH;IP;Lac Anctil;MAIN;29
0D134149;2;GPH;EM;Lac Anctil;MAIN;18|29
0D134149;3;GPH;AMAG;Lac Anctil;MAIN;21|27
0CBB8F6D;1;GPH;UNS;Victory Lake;MAIN;34
0CBB8F6D;2;GPH;GMAG;Victory Lake;MAIN;34|35|38
0CBB8F6D;3;GPH;EM;Victory Lake;MAIN;34|35|38
0CBB8F6D;4;GPH;IP;Victory Lake;MAIN;34
0CBB8F6D;5;GPH;GRV;Victory Lake;MAIN;34|35|38
0D26D02E;1;GPH;IP;Franto;MAIN;16|18
0CFDD828;1;GPH;GMAG;Calerita;MAIN;30
0CEA718C;1;GPH;GRV;Sahavaara;MAIN;49
0CC8407C;1;GPH;AMAG;Lac Pau;MAIN;9
0CC8407C;2;GPH;EM;Lac Pau;MAIN;9
0D4C0FF7;1;GPH;GMAG;Surdulica;MAIN;35
0D531FB9;1;GPH;RAD;Kargysh;MAIN;31
0D531FB9;2;GPH;GMAG;Kargysh;MAIN;31
0D531FB9;3;GPH;IP;Kargysh;MAIN;31
0E3371F6;1;GPH;GMAG;Echandia;MAIN;76
0E3371F6;2;GPH;EM;Echandia;MAIN;76
0E3371F6;3;GPH;RES;Echandia;MAIN;76
0E3371F6;4;GPH;VLF;Echandia;MAIN;76
0E62BCCC;1;GPH;AMAG;QDD;MAIN;84
0E62BCCC;2;GPH;UNS;QDD;MAIN;84
0DCBCD9D;1;GPH;UNS;Dombraly;MAIN;30
0E93F954;1;GPH;AMAG;St-Urbain Ilmenite;MAIN;25
0E93F954;2;GPH;GMAG;St-Urbain Ilmenite;MAIN;24
0EBA9A06;1;GPH;AMAG;JJ Main;MAIN;35|39
0EBA9A06;2;GPH;IP;JJ Main;MAIN;43|45
0F2116E7;1;GPH;RAD;Hank Unit;MAIN;16
0F2116E7;2;GPH;RES;Hank Unit;MAIN;16
0F2116E7;3;GPH;SP;Hank Unit;MAIN;16
0F3D8A6E;1;GPH;GMAG;Northern Zone;MAIN;13|16
0F3D8A6E;2;GPH;IP;Northern Zone;MAIN;28
0F5238E8;1;GPH;RAD;PCD Lens;MAIN;54
0F480F07;1;GPH;EM;Bucko Deposit;MAIN;38
0F480F07;2;GPH;GMAG;Bucko Deposit;MAIN;38
0F480F07;3;GPH;AMAG;Bucko Deposit;MAIN;38
0F529617;1;GPH;RAD;B Zone;MAIN;31|36
0F529617;2;GPH;AMAG;B Zone;MAIN;36
0F529617;3;GPH;VLF;B Zone;MAIN;31
0F962ECE;1;GPH;AMAG;Lac Levac Ni-Cu Sulfide Zone;MAIN;33
0F962ECE;2;GPH;EM;Lac Levac Ni-Cu Sulfide Zone;MAIN;33
0FF02422;1;GPH;EM;Slumach Zone;MAIN;16
0FF02422;2;GPH;AMAG;Slumach Zone;MAIN;16|17
0FF02422;3;GPH;VLF;Slumach Zone;MAIN;16
0FF02422;4;GPH;GRV;Slumach Zone;MAIN;18
0FC0BF39;1;GPH;GMAG;Langmuir No. 2;MAIN;67|68
0FC0BF39;2;GPH;EM;Langmuir No. 2;MAIN;67|68|72
0FC0BF39;3;GPH;AMAG;Langmuir No. 2;MAIN;72
106AC875;1;GPH;SES;Potash North;MAIN;32|35
104F4913;1;GPH;IP;Graben;MAIN;84|86|88|89
104F4913;2;GPH;AMAG;Graben;MAIN;84|86|88|89
104F4913;3;GPH;RES;Graben;MAIN;84|88|89
104F4913;4;GPH;MT;Graben;MAIN;85|87|88
104F4913;5;GPH;EM;Graben;MAIN;86|88
104F4913;6;GPH;GMAG;Graben;MAIN;88|89
104F4913;7;GPH;VLF;Graben;MAIN;88|89
104F4913;8;GPH;GRV;Graben;MAIN;88|89
104F4913;9;GPH;SES;Graben;MAIN;88|89
10751597;1;GPH;EM;Turnagain;MAIN;63|64
10751597;2;GPH;AMAG;Turnagain;MAIN;63
10751597;3;GPH;GMAG;Turnagain;MAIN;63|64
10751597;5;GPH;VLF;Turnagain;MAIN;64
10751597;6;GPH;SES;Turnagain;MAIN;64
10F53A44;1;GPH;AMAG;Trairão;MAIN;60
10F53A44;2;GPH;GMAG;Trairão;MAIN;52
110A6947;1;GPH;IP;Main Zone;MAIN;32
110A6947;2;GPH;GMAG;Main Zone;MAIN;32
110A6947;3;GPH;EM;Main Zone;MAIN;14
10F6855D;3;GPH;GMAG;American Tunnels;MAIN;60|61
10F6855D;4;GPH;IP;American Tunnels;MAIN;61
1110CA54;1;GPH;GRV;Salinas Grandes;MAIN;69
1110CA54;2;GPH;MT;Salinas Grandes;MAIN;69|73
113BD5B4;1;GPH;EM;PD1;MAIN;36|54
117638C7;1;GPH;IP;Franto showing;MAIN;12
117638C7;2;GPH;GMAG;Franto showing;MAIN;12
117638C7;3;GPH;EM;Franto showing;MAIN;15
116EE837;1;GPH;GRV;WBJV Project 1 & 1A;MAIN;35|41
116EE837;2;GPH;AMAG;WBJV Project 1 & 1A;MAIN;41|42|48|53
116EE837;5;GPH;SES;WBJV Project 1 & 1A;MAIN;35|49|53
11694414;1;GPH;AMAG;Thorburn Lake;MAIN;20|27
11694414;2;GPH;EM;Thorburn Lake;MAIN;20|27
117F57E3;1;GPH;RAD;Lac Kachiwiss;MAIN;21
117F57E3;2;GPH;GMAG;Lac Kachiwiss;MAIN;21
117F57E3;3;GPH;AMAG;Lac Kachiwiss;MAIN;12|21
113DC4E0;1;GPH;GMAG;Ballarat;MAIN;15
113DC4E0;2;GPH;AMAG;Ballarat;MAIN;24|26
113DC4E0;3;GPH;RAD;Ballarat;MAIN;24|26
121631FE;1;GPH;EM;Yava Main Zone;MAIN;20
121631FE;2;GPH;AMAG;Yava Main Zone;MAIN;20
11D44AF8;1;GPH;GMAG;Molejón;MAIN;62
12C6EEB8;1;GPH;EM;Estrades deposit;MAIN;46|47|48|49|51|52
12C6EEB8;3;GPH;AMAG;Estrades deposit;MAIN;48|49
123DABD9;1;GPH;VLF;Deer Horn;MAIN;22
123DABD9;2;GPH;GMAG;Deer Horn;MAIN;22|37|41
123DABD9;4;GPH;IP;Deer Horn;MAIN;37|41|42
123DABD9;5;GPH;EM;Deer Horn;MAIN;37|41|42
1451048F;1;GPH;GMAG;El Creston;MAIN;16
13B5E359;1;GPH;RES;Eureka;MAIN;63|64
13B5E359;2;GPH;GMAG;Eureka;MAIN;63
15555452;1;GPH;GMAG;Gold Hill;MAIN;11
15555452;2;GPH;VLF;Gold Hill;MAIN;11
14B51C86;1;GPH;RAD;North Rolling Pin F Sand;MAIN;17|19|20
14A6C77A;3;GPH;GMAG;Cristal Prospect;MAIN;100|102|103
14A6C77A;4;GPH;IP;Cristal Prospect;MAIN;100|101|102
14A6C77A;5;GPH;RES;Cristal Prospect;MAIN;100|101|102
14A6C77A;6;GPH;SP;Cristal Prospect;MAIN;100|102
158F2CCF;1;GPH;RAD;Posse;MAIN;57
156FCCBA;1;GPH;IP;New Alger;MAIN;18|23|24
15A76C15;1;GPH;UNS;Melba showing;MAIN;27|28
15A76C15;2;GPH;IP;Melba showing;MAIN;27
15FA17EF;1;GPH;MT;Creighton South;MAIN;55|61
15FA17EF;2;GPH;IP;Creighton South;MAIN;55|61|64
15FA17EF;3;GPH;GMAG;Creighton South;MAIN;55|64
15FA17EF;4;GPH;EM;Creighton South;MAIN;53|54
15FA17EF;5;GPH;AMAG;Creighton South;MAIN;64
15C419E4;1;GPH;IP;Border;MAIN;42
15C419E4;2;GPH;AMAG;Border;MAIN;47
1633F823;1;GPH;IP;Lundberg deposit;MAIN;20|29
1633F823;2;GPH;MT;Lundberg deposit;MAIN;20|29
162182DC;1;GPH;WLOG;Southwest Reno Creek;MAIN;30
162182DC;2;GPH;SP;Southwest Reno Creek;MAIN;30
162182DC;3;GPH;RES;Southwest Reno Creek;MAIN;30
16EA2E64;1;GPH;EM;Anomaly A;MAIN;39|40|41
16EA2E64;2;GPH;AMAG;Anomaly A;MAIN;39|40
16EA2E64;5;GPH;VLF;Anomaly A;MAIN;40|41
16EA2E64;7;GPH;GMAG;Anomaly A;MAIN;41
16965990;1;GPH;AMAG;Cerro Jumil;MAIN;33
16965990;2;GPH;RAD;Cerro Jumil;MAIN;33
16965990;3;GPH;IP;Cerro Jumil;MAIN;33
16965990;4;GPH;GMAG;Cerro Jumil;MAIN;40
171B1106;1;GPH;EM;Mystery;MAIN;68|69|70|71|72|74
171B1106;3;GPH;GMAG;Mystery;MAIN;68|69
171B1106;6;GPH;SWIR;Mystery;MAIN;70|71
17440586;1;GPH;UNS;Leaseco Property;MAIN;57
1737010A;1;GPH;RAD;Prairie Lake Carbonatite Complex;MAIN;28
179DFD3E;1;GPH;IP;Matala;MAIN;39
1750C917;1;GPH;AMAG;Attikamagen Iron Property;MAIN;47|48
1750C917;2;GPH;RAD;Attikamagen Iron Property;MAIN;47|48
1750C917;3;GPH;VLF;Attikamagen Iron Property;MAIN;47
1750C917;4;GPH;IP;Attikamagen Iron Property;MAIN;47
17E71F9F;1;GPH;GRV;Big Daddy;MAIN;54
17E71F9F;2;GPH;GMAG;Big Daddy;MAIN;54
17E71F9F;3;GPH;EM;Big Daddy;MAIN;55
17E71F9F;5;GPH;AMAG;Big Daddy;MAIN;42|55
17EB8306;1;GPH;UNS;Malartic-Midway;MAIN;36|45
1810741B;1;GPH;AMAG;Pb-U showing;MAIN;53
1810741B;2;GPH;RAD;Pb-U showing;MAIN;53
185CE961;1;GPH;RES;Baruun Naran;MAIN;36|53
180E0E9F;1;GPH;IP;Powell Zone;MAIN;31
180E0E9F;2;GPH;AMAG;Powell Zone;MAIN;33
180E0E9F;3;GPH;VLF;Powell Zone;MAIN;33
186FC967;1;GPH;GRV;Kamiskotia VMS Target;MAIN;11|34|39
186FC967;2;GPH;AMAG;Kamiskotia VMS Target;MAIN;11|34|39|47
186FC967;3;GPH;EM;Kamiskotia VMS Target;MAIN;11|13|34|39|46|47|52
18D32CF4;1;GPH;RES;Eureka;MAIN;68
18D32CF4;2;GPH;IP;Eureka;MAIN;68
18D32CF4;3;GPH;GMAG;Eureka;MAIN;68
18437C2D;1;GPH;UNS;Brisas;MAIN;61
18DEE579;1;GPH;RAD;Sarfartoq REE;MAIN;31|47|59
18DEE579;2;GPH;AMAG;Sarfartoq REE;MAIN;31|59
18DEE579;3;GPH;GMAG;Sarfartoq REE;MAIN;46|57
18DEE579;4;GPH;EM;Sarfartoq REE;MAIN;46|57
18DEE579;5;GPH;GRV;Sarfartoq REE;MAIN;46|57
18D42717;1;GPH;IP;Fruta del Norte;MAIN;68
18D42717;2;GPH;RES;Fruta del Norte;MAIN;68
18D42717;3;GPH;AMAG;Fruta del Norte;MAIN;68
18D42717;4;GPH;EM;Fruta del Norte;MAIN;68
19B192C9;1;GPH;RAD;Songwe;MAIN;36|38|39
193148F4;1;GPH;EM;Bracemac-McLeod;MAIN;81
193148F4;2;GPH;GMAG;Bracemac-McLeod;MAIN;81
19E04E39;1;GPH;SES;Rose Pipe;MAIN;40
1A6A4E01;1;GPH;RAD;Nichols Ranch;MAIN;16
1A6A4E01;2;GPH;RES;Nichols Ranch;MAIN;16
1A6A4E01;3;GPH;SP;Nichols Ranch;MAIN;16
19FA1AE4;1;GPH;MT;Corihuarmi;MAIN;40
19F39BFE;1;GPH;GMAG;Tad/Toro;MAIN;13|21|22|23
19F39BFE;2;GPH;VLF;Tad/Toro;MAIN;13|21|22|23
19F39BFE;3;GPH;IP;Tad/Toro;MAIN;21|22
19F39BFE;4;GPH;AMAG;Tad/Toro;MAIN;22
19F39BFE;5;GPH;RAD;Tad/Toro;MAIN;22
1A6B8B5F;3;GPH;SWIR;Albere Zone;MAIN;46
1A71B529;1;GPH;GMAG;Westwood Project;MAIN;45
1A71B529;2;GPH;AMAG;Westwood Project;MAIN;45
1A71B529;3;GPH;VLF;Westwood Project;MAIN;45
1A71B529;4;GPH;IP;Westwood Project;MAIN;45
1A71B529;5;GPH;EM;Westwood Project;MAIN;45
1AB63DAF;1;GPH;RAD;Mary Lee and Blue Creek seams;MAIN;52
1AB63DAF;2;GPH;RES;Mary Lee and Blue Creek seams;MAIN;52
1AB63DAF;3;GPH;WLOG;Mary Lee and Blue Creek seams;MAIN;52
1A92FAF9;1;GPH;AMAG;Okalla;MAIN;35
1A92FAF9;2;GPH;IP;Okalla;MAIN;42|67
1B3A431D;1;GPH;AMAG;James Bay Lowlands Property;MAIN;14
1ACB6C83;1;GPH;RES;Bajo Negro;MAIN;43|44
1ACB6C83;2;GPH;GMAG;Bajo Negro;MAIN;44
1ACB6C83;3;GPH;IP;Bajo Negro;MAIN;44
1B00CA76;1;GPH;AMAG;Deflector;MAIN;120|122|123
1B00CA76;2;GPH;EM;Deflector;MAIN;122
1B00CA76;3;GPH;RAD;Deflector;MAIN;130|131
1B00CA76;4;GPH;IP;Deflector;MAIN;130|131
1B5D0FA2;1;GPH;GRV;Big Daddy;MAIN;51
1B5D0FA2;2;GPH;GMAG;Big Daddy;MAIN;51
1B5D0FA2;3;GPH;EM;Big Daddy;MAIN;40|51|52
1BC0A09A;1;GPH;EM;Nucleus Deposit;MAIN;30
1BC0A09A;2;GPH;GMAG;Nucleus Deposit;MAIN;30
1BC0A09A;3;GPH;RAD;Nucleus Deposit;MAIN;30
1BC0A09A;4;GPH;IP;Nucleus Deposit;MAIN;31
1BC0A09A;5;GPH;UNS;Nucleus Deposit;MAIN;30|33
1CA22FD3;1;GPH;SES;Danakhil Potash Deposit;MAIN;60|61|62|63
1D4445DB;1;GPH;EM;Orphée;MAIN;40|41
1D4445DB;2;GPH;IP;Orphée;MAIN;40|41
1D44CDB5;1;GPH;RES;Baruun Naran;MAIN;45|46
1D44CDB5;4;GPH;RAD;Baruun Naran;MAIN;45|46
1D44CDB5;5;GPH;WLOG;Baruun Naran;MAIN;45|46
1D6B35B7;1;GPH;UNS;Aberpergwm Mine;MAIN;53
1D7BD560;1;GPH;AMAG;Zone OL12;MAIN;19
1D7BD560;2;GPH;EM;Zone OL12;MAIN;19|28
1D7BD560;3;GPH;RAD;Zone OL12;MAIN;19
1D7BD560;4;GPH;IP;Zone OL12;MAIN;28
1D9FA677;1;GPH;EM;Minas-Rio;MAIN;52
1DD79530;1;GPH;GMAG;Mactung;MAIN;62
1E94E216;1;GPH;SES;KP 289 Potash;MAIN;32|33
1EE04F79;1;GPH;AMAG;Tonkolili;MAIN;19
1F07C649;1;GPH;EM;Lanfranchi orebody;MAIN;37|40|44|45|48|49|51|58
1DF57209;1;GPH;GRV;Daniels Pond;MAIN;37
1DF57209;2;GPH;EM;Daniels Pond;MAIN;22|39
1F142D17;1;GPH;UNS;Goldsource coal discovery;MAIN;52
1FD7DC63;1;GPH;IP;Yura Shear Zones;MAIN;18
1F38F0A8;1;GPH;EM;Pembroke;MAIN;72|73
1F38F0A8;2;GPH;AMAG;Pembroke;MAIN;72|73|76
1F38F0A8;3;GPH;RAD;Pembroke;MAIN;76
1FE745C7;1;GPH;AMAG;Sunny Lake Iron Project;MAIN;52|53
1FE745C7;2;GPH;EM;Sunny Lake Iron Project;MAIN;52
202A74C0;1;GPH;GRV;Mouat;MAIN;29
202A74C0;2;GPH;AMAG;Mouat;MAIN;29|45
202A74C0;3;GPH;EM;Mouat;MAIN;45
2019F5EB;1;GPH;EM;Crowflight Properties;MAIN;24|42|44|45|47
2019F5EB;2;GPH;IP;Crowflight Properties;MAIN;43
2076D146;1;GPH;AMAG;Main Zone;MAIN;19|20
201FB2E5;1;GPH;AMAG;Marmato;MAIN;114
201FB2E5;2;GPH;RAD;Marmato;MAIN;114
20B08AD4;1;GPH;IP;PII Colorado;MAIN;27
20B08AD4;2;GPH;GMAG;PII Colorado;MAIN;27
20B08AD4;3;GPH;GRV;PII Colorado;MAIN;27
20D77A77;1;GPH;AMAG;CML;MAIN;45
20F9CC2C;1;GPH;WLOG;Goliad Project;MAIN;20|24
20F9D781;1;GPH;SES;Rocanville;MAIN;23|26|29
211B9221;1;GPH;AMAG;Western Lake St. Joseph;MAIN;45|52
211B9221;2;GPH;GMAG;Western Lake St. Joseph;MAIN;66|68
211B9221;3;GPH;GRV;Western Lake St. Joseph;MAIN;68
20FDB1F0;1;GPH;IP;Upper Beaver;MAIN;44
20FDB1F0;2;GPH;EM;Upper Beaver;MAIN;44
20FDB1F0;3;GPH;AMAG;Upper Beaver;MAIN;44
20FDB1F0;4;GPH;MT;Upper Beaver;MAIN;45
21381519;1;GPH;AMAG;MacFadyen Kimberlites;MAIN;15|25
21381519;2;GPH;GMAG;MacFadyen Kimberlites;MAIN;15|26
214F8B57;1;GPH;AMAG;Playter Mo-Re Deposit;MAIN;49
214F8B57;2;GPH;EM;Playter Mo-Re Deposit;MAIN;49
217FF1DB;1;GPH;GMAG;Escondida;MAIN;49|51
217FF1DB;2;GPH;IP;Escondida;MAIN;49|50|53
217FF1DB;3;GPH;RES;Escondida;MAIN;49|50|53
21B2765D;1;GPH;EM;Armstrong A;MAIN;104|114
21B2765D;2;GPH;IP;Armstrong A;MAIN;104|114
21B2765D;3;GPH;GRV;Armstrong A;MAIN;104
21B2765D;4;GPH;RES;Armstrong A;MAIN;114
21939920;1;GPH;AMAG;JJ Main;MAIN;43
21939920;2;GPH;EM;JJ Main;MAIN;43
21939920;3;GPH;IP;JJ Main;MAIN;48
230AE34F;1;GPH;VLF;Deer Horn vein system;MAIN;38
230AE34F;2;GPH;GMAG;Deer Horn vein system;MAIN;28|38
22CDB52A;1;GPH;AMAG;Road and Creek showings;MAIN;55|60|61
22CDB52A;2;GPH;EM;Road and Creek showings;MAIN;55|60|62
237163E5;1;GPH;RAD;Kayelekera;MAIN;32
237163E5;2;GPH;AMAG;Kayelekera;MAIN;32
237163E5;3;GPH;WLOG;Kayelekera;MAIN;35|37|43
231F7E3C;1;GPH;IP;Wona;MAIN;41
231F7E3C;2;GPH;AMAG;Wona;MAIN;41
231F7E3C;3;GPH;RAD;Wona;MAIN;41
241BEEC2;1;GPH;IP;Premiere Ridge deposit;MAIN;39
241BEEC2;2;GPH;GMAG;Premiere Ridge deposit;MAIN;39
241BEEC2;3;GPH;EM;Premiere Ridge deposit;MAIN;39
2387B45D;3;GPH;AMAG;Crypto deposit;MAIN;51
2387B45D;4;GPH;IP;Crypto deposit;MAIN;52
23733695;1;GPH;AMAG;Golden Mile Zone;MAIN;47
23733695;2;GPH;VLF;Golden Mile Zone;MAIN;47
23733695;3;GPH;EM;Golden Mile Zone;MAIN;47
23733695;4;GPH;RAD;Golden Mile Zone;MAIN;47
252594A1;1;GPH;EM;36 Zone;MAIN;27
252594A1;2;GPH;AMAG;36 Zone;MAIN;27
24F9E55E;1;GPH;AMAG;Maybrun;MAIN;40
24F9E55E;2;GPH;EM;Maybrun;MAIN;40
24F9E55E;3;GPH;GMAG;Maybrun;MAIN;40|41
24F9E55E;4;GPH;IP;Maybrun;MAIN;40|41
24F9E55E;5;GPH;RES;Maybrun;MAIN;40|41
247B9D83;1;GPH;AMAG;241NC zone;MAIN;15
24C5EA13;2;GPH;GMAG;Agata Nickel Laterite Project;MAIN;29|31|37
24C5EA13;3;GPH;IP;Agata Nickel Laterite Project;MAIN;31
241F4BFB;1;GPH;AMAG;Volta Grande;MAIN;41
241F4BFB;2;GPH;RAD;Volta Grande;MAIN;41
25293461;1;GPH;IP;Metates;MAIN;32
2580D885;1;GPH;GMAG;Céré-Villebon occurrence;MAIN;13
2580D885;2;GPH;VLF;Céré-Villebon occurrence;MAIN;13
2580D885;3;GPH;EM;Céré-Villebon occurrence;MAIN;13
25377F27;1;GPH;AMAG;Wray Mesa area;MAIN;24
25377F27;2;GPH;RAD;Wray Mesa area;MAIN;24
25858210;1;GPH;AMAG;Harvey-Tuttle;MAIN;48
25858210;2;GPH;VLF;Harvey-Tuttle;MAIN;48
2546659F;1;GPH;AMAG;Caspiche Central;MAIN;40|42
2546659F;2;GPH;IP;Caspiche Central;MAIN;40|46|50
2546659F;3;GPH;MT;Caspiche Central;MAIN;40|53|54|56
2546659F;4;GPH;VLF;Caspiche Central;MAIN;40|53
2546659F;5;GPH;GMAG;Caspiche Central;MAIN;40|45
2632FF36;1;GPH;AMAG;Ida Dome;MAIN;46|47
2632FF36;2;GPH;RAD;Ida Dome;MAIN;46|47
2632FF36;5;GPH;GPR;Ida Dome;MAIN;49|50
262BBA58;1;GPH;UNS;Piedra Rodante;MAIN;20
26611B2B;1;GPH;AMAG;Koval zone;MAIN;41|47|48
26611B2B;2;GPH;EM;Koval zone;MAIN;41|47|48
26611B2B;3;GPH;GMAG;Koval zone;MAIN;41|48|49
26611B2B;4;GPH;IP;Koval zone;MAIN;41|48|49|50|51|52
2695239F;1;GPH;UNS;FON;MAIN;24
269780FC;1;GPH;AMAG;Orion Gold Deposit;MAIN;28|30|31
269780FC;2;GPH;EM;Orion Gold Deposit;MAIN;28|30|31
269780FC;3;GPH;VLF;Orion Gold Deposit;MAIN;30
269780FC;4;GPH;IP;Orion Gold Deposit;MAIN;28|31
26AEFA94;1;GPH;AMAG;Thunder Lake Deposit;MAIN;79|80
26AEFA94;2;GPH;IP;Thunder Lake Deposit;MAIN;84
27A57F06;1;GPH;IP;Tesoros Fault Zone;MAIN;22
27A57F06;2;GPH;GMAG;Tesoros Fault Zone;MAIN;22
2760CB43;1;GPH;IP;Cerro Moro;MAIN;60
2760CB43;2;GPH;RES;Cerro Moro;MAIN;60
2760CB43;3;GPH;GMAG;Cerro Moro;MAIN;60
27E23882;2;GPH;AMAG;Santa Lucia North;MAIN;52
27E23882;3;GPH;EM;Santa Lucia North;MAIN;52
27E23882;4;GPH;IP;Santa Lucia North;MAIN;46|52|53
27E23882;5;GPH;MT;Santa Lucia North;MAIN;46|61
27E84AFC;1;GPH;GMAG;Duggan Zone;MAIN;33
27E84AFC;2;GPH;VLF;Duggan Zone;MAIN;33|36
27E84AFC;3;GPH;IP;Duggan Zone;MAIN;33
27E84AFC;4;GPH;AMAG;Duggan Zone;MAIN;36
27E84AFC;6;GPH;RAD;Duggan Zone;MAIN;36
282F8A45;1;GPH;GRV;Herrick Deposit;MAIN;42
282F8A45;2;GPH;AMAG;Herrick Deposit;MAIN;42|43
282F8A45;3;GPH;EM;Herrick Deposit;MAIN;42
282F8A45;5;GPH;VLF;Herrick Deposit;MAIN;44
282F8A45;6;GPH;RAD;Herrick Deposit;MAIN;44
28954D2F;1;GPH;AMAG;Mina Verde;MAIN;40|41
28954D2F;2;GPH;GMAG;Mina Verde;MAIN;40|41
28954D2F;3;GPH;IP;Mina Verde;MAIN;40|41
28954D2F;4;GPH;RES;Mina Verde;MAIN;40|41
292AB7DA;1;GPH;IP;Zone 12;MAIN;28
292AB7DA;2;GPH;EM;Zone 12;MAIN;28
28FF6CF9;1;GPH;UNS;Franquelin Property;MAIN;16
2928D3B8;1;GPH;AMAG;Takwa Showing;MAIN;37
2928D3B8;2;GPH;RAD;Takwa Showing;MAIN;37
2928D3B8;3;GPH;GMAG;Takwa Showing;MAIN;38
29C2A89A;1;GPH;IP;Bonanza Project;MAIN;25|30|31|32
2A4C5C38;1;GPH;RAD;Vermilion 15 Potash;MAIN;21|22|23
2A4C5C38;2;GPH;WLOG;Vermilion 15 Potash;MAIN;21|22
2A4C5C38;3;GPH;SES;Vermilion 15 Potash;MAIN;21|22|23
2A4C5C38;4;GPH;RES;Vermilion 15 Potash;MAIN;21|23
2ABC4EF1;1;GPH;GMAG;Snowden Kimberlite;MAIN;17|32|33
2ABC4EF1;2;GPH;AMAG;Snowden Kimberlite;MAIN;19
2ABC4EF1;3;GPH;GRV;Snowden Kimberlite;MAIN;19
2A54B25B;1;GPH;AMAG;Grouse Hill Intrusion;MAIN;39|56|62|63
2A54B25B;2;GPH;EM;Grouse Hill Intrusion;MAIN;39|56|62|63
2B1688B9;1;GPH;GMAG;Jerome Mine;MAIN;25
2B1688B9;2;GPH;VLF;Jerome Mine;MAIN;25
2B2107D0;1;GPH;RES;La Caypa;MAIN;20
2B2107D0;2;GPH;RAD;La Caypa;MAIN;20
2B60E5B9;1;GPH;RAD;Namibplaas;MAIN;17|26
2B6FE9DD;1;GPH;IP;Santa Rita;MAIN;58
2B5E21D7;1;GPH;GMAG;Ace;MAIN;59
2B5E21D7;2;GPH;VLF;Ace;MAIN;59
2B5E21D7;3;GPH;EM;Ace;MAIN;59
2B5E21D7;4;GPH;IP;Ace;MAIN;60
2B5E21D7;5;GPH;RES;Ace;MAIN;60
2B5E21D7;6;GPH;GRV;Ace;MAIN;60
2B8AF20C;1;GPH;EM;Wilds Creek;MAIN;15
2B8AF20C;2;GPH;IP;Wilds Creek;MAIN;25
2B7AC746;1;GPH;AMAG;Sokoman Iron Formation;MAIN;60|62
2B7AC746;2;GPH;RAD;Sokoman Iron Formation;MAIN;60|62
2B7AC746;3;GPH;EM;Sokoman Iron Formation;MAIN;60
2B7AC746;4;GPH;VLF;Sokoman Iron Formation;MAIN;62
2B7AC746;5;GPH;GRV;Sokoman Iron Formation;MAIN;60
2C5B5A14;1;GPH;UNS;Langlois mine;MAIN;21
2C748DFB;2;GPH;GMAG;Tocantinzinho;MAIN;39
2C748DFB;3;GPH;AMAG;Tocantinzinho;MAIN;39
2C8C19E7;1;GPH;UNS;Santa Rita;MAIN;43
2CAB9BAE;1;GPH;UNS;Accha;MAIN;36
2CADE4FB;1;GPH;AMAG;La Cumbre;MAIN;6|26
2CADE4FB;2;GPH;RAD;La Cumbre;MAIN;26
2D31BB1A;1;GPH;IP;Wona;MAIN;42
2D31BB1A;2;GPH;AMAG;Wona;MAIN;42
2D31BB1A;3;GPH;RAD;Wona;MAIN;42
2D51E64B;1;GPH;AMAG;Lake Giles BIF;MAIN;30|33|35
2D894716;1;GPH;GMAG;San José Zone;MAIN;29|37|38
2DF6B398;1;GPH;AMAG;Mornington Property;MAIN;15|29|33
2DF6B398;3;GPH;RAD;Mornington Property;MAIN;29|30|31
2DF6B398;6;GPH;GRV;Mornington Property;MAIN;29|34
2E56F98B;1;GPH;IP;Kişladağ;MAIN;42|43
2E56F98B;2;GPH;GMAG;Kişladağ;MAIN;42|43
2E6EDADA;1;GPH;EM;Frog's Leg;MAIN;43
2E6EDADA;2;GPH;AMAG;Frog's Leg;MAIN;43
2E6EDADA;3;GPH;GRV;Frog's Leg;MAIN;43
2E6EDADA;4;GPH;GMAG;Frog's Leg;MAIN;43
2EEAD4C8;1;GPH;AMAG;Sackville Property;MAIN;18
2EEAD4C8;2;GPH;EM;Sackville Property;MAIN;18
2EEAD4C8;3;GPH;IP;Sackville Property;MAIN;22
2E95F8F5;1;GPH;AMAG;San Lucas Property;MAIN;55
2E95F8F5;2;GPH;RAD;San Lucas Property;MAIN;55
2F80C134;1;GPH;RES;Salar de Llullaillaco;MAIN;46
2F80C134;2;GPH;RAD;Salar de Llullaillaco;MAIN;46
2F80C134;3;GPH;SP;Salar de Llullaillaco;MAIN;46
2F5F525C;1;GPH;GMAG;Langmuir W4;MAIN;43|44
2F5F525C;2;GPH;EM;Langmuir W4;MAIN;43|44|46
2F5F525C;3;GPH;VLF;Langmuir W4;MAIN;43
2FB66B88;1;GPH;SES;Permit KP 289;MAIN;32|33
2F8030C6;1;GPH;AMAG;REE Zone;MAIN;44
2F8030C6;2;GPH;RAD;REE Zone;MAIN;46
2F5FCA28;1;GPH;AMAG;Tyranite;MAIN;41|43
2F5FCA28;2;GPH;VLF;Tyranite;MAIN;41|43
2F5FCA28;3;GPH;RAD;Tyranite;MAIN;41|43
2F5FCA28;7;GPH;IP;Tyranite;MAIN;42
2F5FCA28;8;GPH;RES;Tyranite;MAIN;42
30764D4D;1;GPH;EM;Coronation Trend;MAIN;37|40
30764D4D;2;GPH;AMAG;Coronation Trend;MAIN;37|40
30764D4D;3;GPH;RAD;Coronation Trend;MAIN;40
30764D4D;4;GPH;GMAG;Coronation Trend;MAIN;37
30B9ACCC;1;GPH;AMAG;Canadian Malartic deposit;MAIN;45
30B9ACCC;2;GPH;RAD;Canadian Malartic deposit;MAIN;45
30B9ACCC;3;GPH;EM;Canadian Malartic deposit;MAIN;45
3102857E;1;GPH;RAD;Arkose Property;MAIN;17|19
3102857E;2;GPH;SP;Arkose Property;MAIN;19
3102857E;3;GPH;RES;Arkose Property;MAIN;19
31264DB6;1;GPH;EM;McWatters;MAIN;45
31264DB6;2;GPH;UNS;McWatters;MAIN;36
3144C8FB;1;GPH;GMAG;Chubb;MAIN;46|48
3144C8FB;2;GPH;IP;Chubb;MAIN;48|50|52
3103C58F;1;GPH;AMAG;Cerro del Gallo;MAIN;26|32
316DBD33;1;GPH;GMAG;S-60;MAIN;51
3188BA5D;1;GPH;IP;Paredones Amarillos;MAIN;69
3188BA5D;2;GPH;EM;Paredones Amarillos;MAIN;69
3188BA5D;3;GPH;AMAG;Paredones Amarillos;MAIN;69
3188BA5D;4;GPH;RAD;Paredones Amarillos;MAIN;69
3188BA5D;5;GPH;VLF;Paredones Amarillos;MAIN;69
31EAF6ED;1;GPH;AMAG;C29/30;MAIN;40
31EAF6ED;2;GPH;GMAG;C29/30;MAIN;40|75|81
31CDDD91;1;GPH;VLF;Raven Project;MAIN;16
31CDDD91;2;GPH;SES;Raven Project;MAIN;16|22
3216DBBB;1;GPH;AMAG;Kraku Pestar;MAIN;31|33|36
3216DBBB;2;GPH;EM;Kraku Pestar;MAIN;31|33|36
3216DBBB;3;GPH;IP;Kraku Pestar;MAIN;31|33|36
32171EDF;1;GPH;GRV;Big Daddy;MAIN;54|56
32171EDF;2;GPH;GMAG;Big Daddy;MAIN;54|56
32171EDF;3;GPH;EM;Big Daddy;MAIN;54|55
32171EDF;4;GPH;AMAG;Big Daddy;MAIN;42|55
322E4E79;1;GPH;AMAG;Anit Property;MAIN;15
322E4E79;2;GPH;RAD;Anit Property;MAIN;15
32CE1CDC;1;GPH;UNS;Ashram;MAIN;18
32E58FC9;1;GPH;AMAG;Wels Property;MAIN;9|14
325DFEFF;1;GPH;EM;Ox Lake showing;MAIN;23
325DFEFF;2;GPH;AMAG;Ox Lake showing;MAIN;23
3309C5F0;1;GPH;AMAG;Kuyakuz;MAIN;23|30
32ECC8C5;1;GPH;AMAG;Two Mile Hill;MAIN;54|57|73|74
32ECC8C5;2;GPH;RAD;Two Mile Hill;MAIN;57|73
33819946;1;GPH;SES;Raven;MAIN;45|46
33819946;2;GPH;VLF;Raven;MAIN;45
33CC4B5F;1;GPH;AMAG;Brauna 3;MAIN;44
33CC4B5F;2;GPH;GMAG;Brauna 3;MAIN;44|45|46
33CC4B5F;3;GPH;EM;Brauna 3;MAIN;45|46
338815FD;1;GPH;SWIR;Palmarejo;MAIN;81
344819F6;1;GPH;AMAG;diamond-bearing kimberlites;MAIN;18|25|27
344819F6;2;GPH;GMAG;diamond-bearing kimberlites;MAIN;31|32
344819F6;3;GPH;GRV;diamond-bearing kimberlites;MAIN;31|32
33DDF3A4;1;GPH;RAD;Lopez Trend;MAIN;34
33DDF3A4;2;GPH;AMAG;Lopez Trend;MAIN;34|37
346216F0;1;GPH;IP;Wona;MAIN;41
349FD6DD;1;GPH;RES;Coronation Deposit;MAIN;21
3474CB57;1;GPH;RAD;Sheffield Zone;MAIN;52
3474CB57;2;GPH;AMAG;Sheffield Zone;MAIN;52
3474CB57;3;GPH;VLF;Sheffield Zone;MAIN;52
34DFE572;2;GPH;GMAG;Escondida;MAIN;25
34DFE572;3;GPH;IP;Escondida;MAIN;25|26
34DFE572;4;GPH;RES;Escondida;MAIN;25|26
34FAB120;1;GPH;GMAG;Hachey and Shaft zones;MAIN;39
34FAB120;2;GPH;EM;Hachey and Shaft zones;MAIN;39
35311A04;1;GPH;GPR;Mayaniquel Project;MAIN;35
3536727B;3;GPH;GMAG;Cerro Ccopane-Orcopura;MAIN;13
3536727B;4;GPH;GRV;Cerro Ccopane-Orcopura;MAIN;13
35615EE2;1;GPH;AMAG;Werner Lake Cobalt Deposits;MAIN;12
35615EE2;2;GPH;EM;Werner Lake Cobalt Deposits;MAIN;12
35D703C8;1;GPH;UNS;Columbia;MAIN;45
361552D6;1;GPH;EM;Qarqasiaq;MAIN;12
361552D6;2;GPH;UNS;Qarqasiaq;MAIN;14
362CA519;1;GPH;AMAG;West Zone;MAIN;68|70|71
362CA519;2;GPH;EM;West Zone;MAIN;68|70|71
365B0A47;1;GPH;AMAG;Tsau Project Kimberlites;MAIN;20|26
365B0A47;3;GPH;GMAG;Tsau Project Kimberlites;MAIN;32
365B0A47;4;GPH;GRV;Tsau Project Kimberlites;MAIN;32
364075B4;1;GPH;AMAG;Coringa;MAIN;54|78
364075B4;2;GPH;RAD;Coringa;MAIN;78
364075B4;3;GPH;IP;Coringa;MAIN;78|79
364075B4;4;GPH;EM;Coringa;MAIN;79
36901891;1;GPH;EM;Main Zone;MAIN;65
36901891;2;GPH;GMAG;Main Zone;MAIN;65
36901891;3;GPH;GRV;Main Zone;MAIN;65|66
36901891;4;GPH;AMAG;Main Zone;MAIN;65
36901891;5;GPH;VLF;Main Zone;MAIN;66
36BCE289;1;GPH;AMAG;B3 kimberlite;MAIN;58
36BCE289;2;GPH;GMAG;B3 kimberlite;MAIN;59|62
36BCE289;3;GPH;EM;B3 kimberlite;MAIN;59|62
37B10561;1;GPH;AMAG;Abacaxi and Estrela;MAIN;32
37B10561;2;GPH;RAD;Abacaxi and Estrela;MAIN;32
37B5F1CB;1;GPH;IP;Dead Honda;MAIN;17|27
37B5F1CB;2;GPH;VLF;Dead Honda;MAIN;17|18|27
37B5F1CB;3;GPH;GMAG;Dead Honda;MAIN;17|18
37B5F1CB;4;GPH;AMAG;Dead Honda;MAIN;18
37B5F1CB;5;GPH;EM;Dead Honda;MAIN;18|19
37134B02;1;GPH;AMAG;Rainy River Gold Project;MAIN;40|60
37134B02;2;GPH;EM;Rainy River Gold Project;MAIN;60
37134B02;3;GPH;IP;Rainy River Gold Project;MAIN;60|61
37134B02;4;GPH;GRV;Rainy River Gold Project;MAIN;60
37134B02;5;GPH;MT;Rainy River Gold Project;MAIN;60|61
37DAAD85;1;GPH;SES;Raven;MAIN;42|43
37DAAD85;2;GPH;VLF;Raven;MAIN;42
37FCC300;1;GPH;AMAG;Alisitos;MAIN;31
38341CF7;1;GPH;SES;Vanscoy Potash Operations;MAIN;27|32|33|34
38341CF7;2;GPH;WLOG;Vanscoy Potash Operations;MAIN;33|37
384383AA;1;GPH;EM;Salar de Llullaillaco;MAIN;41
384383AA;2;GPH;SES;Salar de Llullaillaco;MAIN;41
384383AA;3;GPH;GRV;Salar de Llullaillaco;MAIN;41
384383AA;4;GPH;WLOG;Salar de Llullaillaco;MAIN;36
38428B27;1;GPH;AMAG;Axis Lake;MAIN;21
38428B27;2;GPH;EM;Axis Lake;MAIN;21|37
389A7F43;1;GPH;SES;Cerro Largo;MAIN;15
3857D313;1;GPH;EM;Simkar Gold Zones;MAIN;21
3872681E;1;GPH;EM;Clear Lake;MAIN;40
3872681E;2;GPH;AMAG;Clear Lake;MAIN;40
3872681E;3;GPH;IP;Clear Lake;MAIN;44
3872681E;4;GPH;GRV;Clear Lake;MAIN;44
39230982;1;GPH;AMAG;Crevier Nb-Ta Dyke;MAIN;45
39889E16;1;GPH;SES;La Tigra;MAIN;22
392321A9;1;GPH;UNS;Erds deposit;MAIN;22
3986098B;1;GPH;GRV;Hartbeestlaagte Gravels;MAIN;53|61
396A18CA;1;GPH;AMAG;Nkout;MAIN;51|52
3948CD49;1;GPH;AMAG;Mountain Lake Deposit;MAIN;30
3948CD49;2;GPH;EM;Mountain Lake Deposit;MAIN;30
3948CD49;3;GPH;RAD;Mountain Lake Deposit;MAIN;30
3948CD49;4;GPH;GMAG;Mountain Lake Deposit;MAIN;30
3948CD49;5;GPH;RES;Mountain Lake Deposit;MAIN;30
39C99DA9;1;GPH;EM;Back Forty;MAIN;39|40
39C99DA9;2;GPH;GMAG;Back Forty;MAIN;39
39C99DA9;3;GPH;GRV;Back Forty;MAIN;39
39D7AD2E;1;GPH;RAD;Valencia;MAIN;35
3A3096EB;1;GPH;GMAG;Isukoustouk (B-40);MAIN;14
3A3096EB;2;GPH;EM;Isukoustouk (B-40);MAIN;14
3A3096EB;3;GPH;IP;Isukoustouk (B-40);MAIN;14
3A1A4CF0;1;GPH;GMAG;Céré-Villebon occurrence;MAIN;13
3A1A4CF0;2;GPH;VLF;Céré-Villebon occurrence;MAIN;13
3A1A4CF0;3;GPH;EM;Céré-Villebon occurrence;MAIN;13
3A6E0B65;1;GPH;IP;R-190;MAIN;71
3A6E0B65;2;GPH;SES;R-190;MAIN;71
3A6E0B65;3;GPH;AMAG;R-190;MAIN;71
3A6E0B65;4;GPH;EM;R-190;MAIN;71
3A9BA9D5;1;GPH;IP;El Terco;MAIN;12|24
3AAF345B;1;GPH;SES;Vanscoy Potash Operations;MAIN;29|34|35|36|37
3AA6BA32;1;GPH;UNS;Crevier Nb-Ta Dyke;MAIN;39
3AE210F6;1;GPH;GMAG;Pantanillo North;MAIN;22
3B9457EC;1;GPH;AMAG;Sunny Lake Iron Project;MAIN;52
3B9457EC;2;GPH;EM;Sunny Lake Iron Project;MAIN;52
3BFE3178;1;GPH;AMAG;Jideh Mountain;MAIN;32|38
3BF52CD9;1;GPH;UNS;Skukum Creek;MAIN;34
3BF52CD9;2;GPH;EM;Skukum Creek;MAIN;34|47|48
3BF52CD9;3;GPH;IP;Skukum Creek;MAIN;39
3BF52CD9;4;GPH;GMAG;Skukum Creek;MAIN;47
3BF52CD9;6;GPH;AMAG;Skukum Creek;MAIN;48
3C104A73;1;GPH;AMAG;Cerro del Gallo;MAIN;36|43|45
3C2395A9;1;GPH;AMAG;Rosebel deposits;MAIN;36
3C36C8CB;1;GPH;IP;Lac Anctil;MAIN;29
3C36C8CB;2;GPH;EM;Lac Anctil;MAIN;18|29
3C36C8CB;3;GPH;AMAG;Lac Anctil;MAIN;21|27
3C36C8CB;5;GPH;GRV;Lac Anctil;MAIN;27
3C3A4F29;1;GPH;GMAG;Blackwater;MAIN;31
3C3A4F29;2;GPH;IP;Blackwater;MAIN;31
3C492CDB;1;GPH;AMAG;Turnberry Prospect;MAIN;44
3C492CDB;2;GPH;RAD;Turnberry Prospect;MAIN;44
3C4EB3F6;1;GPH;VLF;Gold Hill;MAIN;13|16
3D302097;1;GPH;IP;Nucleus;MAIN;7|8
3CC9AA96;1;GPH;EM;Horseshoe Deposit;MAIN;89
3CC9AA96;2;GPH;RAD;Horseshoe Deposit;MAIN;89
3CC9AA96;3;GPH;AMAG;Horseshoe Deposit;MAIN;89|90
3CC9AA96;4;GPH;IP;Horseshoe Deposit;MAIN;90
3CC9AA96;5;GPH;RES;Horseshoe Deposit;MAIN;90
3D167C10;1;GPH;GRV;Santa Margarida do Sado Project;MAIN;16
3D167C10;2;GPH;IP;Santa Margarida do Sado Project;MAIN;17
3D167C10;3;GPH;AMAG;Santa Margarida do Sado Project;MAIN;17
3D167C10;4;GPH;RAD;Santa Margarida do Sado Project;MAIN;17
3D167C10;5;GPH;EM;Santa Margarida do Sado Project;MAIN;17
3D167C10;6;GPH;SES;Santa Margarida do Sado Project;MAIN;17
3D3F4276;1;GPH;AMAG;Boyongan;MAIN;18
3D3F4276;2;GPH;RAD;Boyongan;MAIN;18
3D423C5E;1;GPH;EM;Santa Rita;MAIN;64
3D423C5E;2;GPH;IP;Santa Rita;MAIN;64|65
3D423C5E;3;GPH;GMAG;Santa Rita;MAIN;64|66
3D423C5E;4;GPH;GRV;Santa Rita;MAIN;64|66
3D423C5E;5;GPH;GPR;Santa Rita;MAIN;64
3D6EAF45;1;GPH;AMAG;Don Sixto;MAIN;23
3D6EAF45;2;GPH;GMAG;Don Sixto;MAIN;23|34
3D78C237;1;GPH;VLF;Bald Hill;MAIN;26
3D78C237;2;GPH;EM;Bald Hill;MAIN;28
3D78C237;3;GPH;AMAG;Bald Hill;MAIN;28
3D78C237;4;GPH;IP;Bald Hill;MAIN;28
3D78C237;5;GPH;GMAG;Bald Hill;MAIN;28
3DC6B82D;1;GPH;AMAG;Pinchi property;MAIN;33
3DC6B82D;2;GPH;EM;Pinchi property;MAIN;33
3DC6B82D;3;GPH;GMAG;Pinchi property;MAIN;21
3DED1FE0;1;GPH;GMAG;Souker;MAIN;38
3DED1FE0;2;GPH;UNS;Souker;MAIN;38
3DFEEA21;1;GPH;GMAG;Yanxi;MAIN;33
3DFEEA21;2;GPH;IP;Yanxi;MAIN;33|34
3E3286CD;1;GPH;AMAG;Alisitos;MAIN;30
3E0C3436;1;GPH;UNS;Yanque;MAIN;30
3E14A78F;1;GPH;GRV;Neves Corvo;MAIN;24
3E3E6925;1;GPH;AMAG;Busitema;MAIN;57
3E3E6925;2;GPH;GMAG;Busitema;MAIN;57
3E3E6925;3;GPH;IP;Busitema;MAIN;57
3E3E6925;4;GPH;UNS;Busitema;MAIN;57
3E82E424;1;GPH;UNS;Sebembere;MAIN;44
3E8664FC;1;GPH;GMAG;Anillo;MAIN;21
3EB2AEB2;1;GPH;RAD;B Zone;MAIN;41
3EB2AEB2;2;GPH;AMAG;B Zone;MAIN;41
3EB2D3A1;1;GPH;AMAG;Caspiche Porphyry;MAIN;53|55
3EB2D3A1;2;GPH;IP;Caspiche Porphyry;MAIN;53|55
3EB2D3A1;3;GPH;MT;Caspiche Porphyry;MAIN;53
3EB2D3A1;4;GPH;VLF;Caspiche Porphyry;MAIN;53
3EB2D3A1;5;GPH;RES;Caspiche Porphyry;MAIN;55
3F512E1B;2;GPH;UNS;Salvo Project;MAIN;31
3F04A6AE;1;GPH;IP;Minto Deposits;MAIN;6|80|84|86|88|90|93
3F04A6AE;2;GPH;AMAG;Minto Deposits;MAIN;6|80
3F04A6AE;3;GPH;GRV;Minto Deposits;MAIN;80
3F04A6AE;4;GPH;EM;Minto Deposits;MAIN;80
3F04A6AE;5;GPH;MT;Minto Deposits;MAIN;84|90
3F33B170;1;GPH;AMAG;La Cuaba Lithocap;MAIN;12|32
3F33B170;2;GPH;EM;La Cuaba Lithocap;MAIN;12|32
3F33B170;3;GPH;IP;La Cuaba Lithocap;MAIN;12
3FDD5F6C;1;GPH;GMAG;Burton;MAIN;26
3FDD5F6C;2;GPH;VLF;Burton;MAIN;26|27
3FDD5F6C;3;GPH;IP;Burton;MAIN;27|28
4070F1DB;1;GPH;GMAG;Saint-Charles;MAIN;28|29|37
403B56DE;1;GPH;IP;Wild Rose - Deadwood Zone;MAIN;40|49
403B56DE;2;GPH;EM;Wild Rose - Deadwood Zone;MAIN;40
403B56DE;3;GPH;AMAG;Wild Rose - Deadwood Zone;MAIN;43|49
40301917;1;GPH;AMAG;MacLellan deposit;MAIN;38
40301917;2;GPH;RAD;MacLellan deposit;MAIN;38
40301917;3;GPH;VLF;MacLellan deposit;MAIN;38
40B9FC2D;1;GPH;AMAG;Fire Lake North;MAIN;81
40B9FC2D;2;GPH;VLF;Fire Lake North;MAIN;81
4080F888;1;GPH;AMAG;La Nueva Escondida;MAIN;39
4080F888;2;GPH;RAD;La Nueva Escondida;MAIN;39
4140DD36;1;GPH;GMAG;Brynnor;MAIN;11
4140DD36;2;GPH;AMAG;Brynnor;MAIN;10|12
4140DD36;3;GPH;RAD;Brynnor;MAIN;10
41F839B3;1;GPH;EM;G1;MAIN;53|60
42040425;1;GPH;AMAG;Imwauna;MAIN;57
42040425;2;GPH;MT;Imwauna;MAIN;59
422C890C;1;GPH;AMAG;Los Azules;MAIN;87
422C890C;2;GPH;IP;Los Azules;MAIN;88|89
422C890C;3;GPH;GMAG;Los Azules;MAIN;88
422C890C;4;GPH;MT;Los Azules;MAIN;89
422C890C;5;GPH;RES;Los Azules;MAIN;89
423394F3;1;GPH;EM;Eagle's Nest;MAIN;46|47|48|50|52
423394F3;2;GPH;AMAG;Eagle's Nest;MAIN;46|47|48
423394F3;3;GPH;GRV;Eagle's Nest;MAIN;46|47|49|50
423394F3;4;GPH;VLF;Eagle's Nest;MAIN;48|50
423394F3;5;GPH;GMAG;Eagle's Nest;MAIN;48|49|50
423394F3;6;GPH;IP;Eagle's Nest;MAIN;49|51
423C2F16;1;GPH;GRV;Mothae;MAIN;26|27
423C2F16;2;GPH;GMAG;Mothae;MAIN;26|28
423C2F16;3;GPH;EM;Mothae;MAIN;26|27|29
42935EE9;1;GPH;RAD;L;MAIN;48
4273A7A2;1;GPH;IP;Banana Zone;MAIN;53
4273A7A2;2;GPH;EM;Banana Zone;MAIN;53|54
4273A7A2;3;GPH;AMAG;Banana Zone;MAIN;53|54
4273A7A2;4;GPH;RAD;Banana Zone;MAIN;54
42C7DBED;1;GPH;IP;Main Breccia Zone;MAIN;34
42D5DCD3;1;GPH;IP;Cevizlidere;MAIN;42|43
42D5DCD3;2;GPH;GMAG;Cevizlidere;MAIN;42
42D5DCD3;3;GPH;AMAG;Cevizlidere;MAIN;42
43105BDC;1;GPH;WLOG;Danakil Potash Deposit;MAIN;69|82|92
43105BDC;4;GPH;SES;Danakil Potash Deposit;MAIN;69|82|92
43044FD1;1;GPH;IP;Big Kidd Breccia;MAIN;11|28
43044FD1;2;GPH;GMAG;Big Kidd Breccia;MAIN;11
43044FD1;3;GPH;AMAG;Big Kidd Breccia;MAIN;11|25
43044FD1;4;GPH;RAD;Big Kidd Breccia;MAIN;11|25
42F60873;2;GPH;IP;Kirazlı;MAIN;59|61|64
42F60873;3;GPH;GMAG;Kirazlı;MAIN;61
4345F35D;1;GPH;RAD;Tantamaco;MAIN;27|45
43B4B207;1;GPH;IP;Lumwana (Malundwe and Chimiwungo);MAIN;36|37
43B4B207;2;GPH;RAD;Lumwana (Malundwe and Chimiwungo);MAIN;37
4381FAB3;1;GPH;AMAG;Trojan Mine;MAIN;49
43C525A6;1;GPH;AMAG;Valja Strz;MAIN;54|58
43C525A6;2;GPH;EM;Valja Strz;MAIN;54|58
43C525A6;3;GPH;IP;Valja Strz;MAIN;54|58
441F1793;1;GPH;SES;La Francia;MAIN;18
4435EEA1;1;GPH;AMAG;Norton Lake Property;MAIN;17
4435EEA1;2;GPH;GRV;Norton Lake Property;MAIN;17
4466355F;1;GPH;IP;Zone III;MAIN;75
44389FBB;1;GPH;GMAG;Ajax;MAIN;36
44BD18C7;1;GPH;AMAG;Kipoï Central;MAIN;60
44BD18C7;2;GPH;RAD;Kipoï Central;MAIN;60
44F08FBA;1;GPH;AMAG;Discovery Zone;MAIN;35
44F08FBA;2;GPH;EM;Discovery Zone;MAIN;35|36
44F08FBA;3;GPH;GMAG;Discovery Zone;MAIN;35|36
44F08FBA;4;GPH;IP;Discovery Zone;MAIN;35|36
44F08FBA;5;GPH;RES;Discovery Zone;MAIN;35
44F08FBA;6;GPH;SES;Discovery Zone;MAIN;36
45102086;1;GPH;GMAG;ROK;MAIN;23
45102086;2;GPH;AMAG;ROK;MAIN;25|28
45102086;3;GPH;IP;ROK;MAIN;25
45102086;4;GPH;VLF;ROK;MAIN;25
45102086;5;GPH;RAD;ROK;MAIN;28
4541D826;1;GPH;EM;Watts River Deposit;MAIN;25
45D4A481;1;GPH;RES;Ondundu Main Zone;MAIN;16
45D4A481;2;GPH;VLF;Ondundu Main Zone;MAIN;16
45D4A481;4;GPH;GMAG;Ondundu Main Zone;MAIN;29|34
45D4A481;5;GPH;RAD;Ondundu Main Zone;MAIN;34
45602BB9;1;GPH;IP;Sinchao;MAIN;42
45602BB9;2;GPH;RES;Sinchao;MAIN;42
45602BB9;3;GPH;GMAG;Sinchao;MAIN;42
45E23CB1;1;GPH;IP;Amulsar;MAIN;46|47|56
45E23CB1;2;GPH;RES;Amulsar;MAIN;46|47|56
45E23CB1;3;GPH;GMAG;Amulsar;MAIN;47|56|59
45FDAB67;1;GPH;AMAG;Amapá Project;MAIN;36
45FDAB67;2;GPH;RAD;Amapá Project;MAIN;36
45FDAB67;3;GPH;GMAG;Amapá Project;MAIN;36
466DE97A;1;GPH;MT;Two Mile Creek;MAIN;15|16
466DE97A;2;GPH;RES;Two Mile Creek;MAIN;15|16
466DE97A;3;GPH;IP;Two Mile Creek;MAIN;15|16
466DE97A;4;GPH;GRV;Two Mile Creek;MAIN;16|17
467E0990;1;GPH;SES;Prairie Evaporite Formation potash deposit;MAIN;22|23
467E0990;2;GPH;RAD;Prairie Evaporite Formation potash deposit;MAIN;23|25
46783AE0;1;GPH;EM;Tulox Property;MAIN;23
46783AE0;2;GPH;GMAG;Tulox Property;MAIN;23
46783AE0;3;GPH;VLF;Tulox Property;MAIN;23
465B99D2;1;GPH;IP;Porphyry Pearl;MAIN;19|28
465B99D2;2;GPH;GMAG;Porphyry Pearl;MAIN;19|28
468F76DA;1;GPH;GMAG;Main Molybdenite Zone;MAIN;46
468F76DA;2;GPH;IP;Main Molybdenite Zone;MAIN;46
460970D6;1;GPH;AMAG;Klein Trekkopje;MAIN;54
460970D6;3;GPH;RAD;Klein Trekkopje;MAIN;64
46AFF9C4;1;GPH;RAD;Two Time Zone;MAIN;35
46AFF9C4;2;GPH;AMAG;Two Time Zone;MAIN;35
46AFF9C4;3;GPH;GRV;Two Time Zone;MAIN;36
46D0ABED;1;GPH;VLF;Workman's Bench - Pringle Bench;MAIN;42|43
46D0ABED;2;GPH;UNS;Workman's Bench - Pringle Bench;MAIN;45
4723E528;1;GPH;WLOG;Lost-Fox Area;MAIN;35|37|39
47C43B0C;1;GPH;GRV;BlueGum Alluvial Diamond Deposits;MAIN;78
47EAC1B7;3;GPH;WLOG;Vista South;MAIN;27
47CFC157;1;GPH;AMAG;Yandera;MAIN;25
4820F8E9;1;GPH;AMAG;Blackbird deposits;MAIN;51|52|53
4820F8E9;2;GPH;EM;Blackbird deposits;MAIN;51|52|53|54|55
4820F8E9;3;GPH;GMAG;Blackbird deposits;MAIN;51|54
4820F8E9;7;GPH;VLF;Blackbird deposits;MAIN;54
4820F8E9;9;GPH;GRV;Blackbird deposits;MAIN;54
4820F8E9;10;GPH;IP;Blackbird deposits;MAIN;54
483EF80A;1;GPH;AMAG;Alisitos;MAIN;31
481C8DD1;1;GPH;UNS;Haile;MAIN;30|186
481C8DD1;2;GPH;IP;Haile;MAIN;31|187
481C8DD1;3;GPH;GMAG;Haile;MAIN;31|187
481C8DD1;4;GPH;VLF;Haile;MAIN;31|187
481C8DD1;5;GPH;EM;Haile;MAIN;31|187
481C8DD1;6;GPH;AMAG;Haile;MAIN;31|187
481C8DD1;7;GPH;RAD;Haile;MAIN;31|187
4883ABD3;1;GPH;MALM;Alexo deposit;MAIN;37
4883ABD3;2;GPH;UNS;Alexo deposit;MAIN;37
4883ABD3;3;GPH;GMAG;Alexo deposit;MAIN;42
4883ABD3;4;GPH;EM;Alexo deposit;MAIN;42
4884B338;1;GPH;IP;R190;MAIN;63
4884B338;2;GPH;SES;R190;MAIN;63
4884B338;3;GPH;AMAG;R190;MAIN;63
4884B338;4;GPH;EM;R190;MAIN;63
4887C792;1;GPH;EM;Main Grid Lenses;MAIN;19|23
4887C792;3;GPH;GMAG;Main Grid Lenses;MAIN;19|23
4887C792;4;GPH;AMAG;Main Grid Lenses;MAIN;19|25|29
4897439E;1;GPH;IP;La Verde;MAIN;38|49|50|51|52
4897439E;2;GPH;AMAG;La Verde;MAIN;38|51|52
4897439E;3;GPH;EM;La Verde;MAIN;38|51
4897439E;4;GPH;GMAG;La Verde;MAIN;38|51
4897439E;5;GPH;RAD;La Verde;MAIN;51
489FE526;1;GPH;AMAG;Mt. Milligan;MAIN;69
489FE526;2;GPH;EM;Mt. Milligan;MAIN;69
489FE526;3;GPH;IP;Mt. Milligan;MAIN;69
48A38FDF;2;GPH;AMAG;Porphyry Knob;MAIN;11|12|14
49206A9E;1;GPH;UNS;Ho Ray and Thac Trang;MAIN;46
49206A9E;2;GPH;IP;Ho Ray and Thac Trang;MAIN;65
4940B90E;1;GPH;GMAG;Azulcocha Cuerpo;MAIN;33
4940B90E;2;GPH;IP;Azulcocha Cuerpo;MAIN;33
4940B90E;3;GPH;RES;Azulcocha Cuerpo;MAIN;33
498BEC64;1;GPH;GMAG;Deposit 1;MAIN;82|83|85
49B64D73;1;GPH;EM;Hassai South;MAIN;55|56
49B64D73;2;GPH;AMAG;Hassai South;MAIN;56
49A2BA6B;1;GPH;IP;Orfée and Orfée East;MAIN;13|19|31
49A2BA6B;2;GPH;GMAG;Orfée and Orfée East;MAIN;13|31
49A2BA6B;3;GPH;EM;Orfée and Orfée East;MAIN;15
49A2BA6B;4;GPH;AMAG;Orfée and Orfée East;MAIN;15
49F95FF6;1;GPH;UNS;Wahemen;MAIN;7
49C553E3;1;GPH;IP;Kamila;MAIN;74
49C553E3;2;GPH;RES;Kamila;MAIN;74
49FECE74;1;GPH;EM;Hat;MAIN;18
4A041DC6;1;GPH;GMAG;Hercules showing;MAIN;14
4A041DC6;2;GPH;IP;Hercules showing;MAIN;14
4A041DC6;3;GPH;EM;Hercules showing;MAIN;14
4A041DC6;4;GPH;AMAG;Hercules showing;MAIN;13
4A3901C1;1;GPH;RAD;Deep Gold;MAIN;37|39
4A3901C1;2;GPH;SP;Deep Gold;MAIN;37|39
4A3901C1;3;GPH;RES;Deep Gold;MAIN;37|39
4A5D0194;1;GPH;AMAG;South Corridor Deposit;MAIN;15
4A5D0194;4;GPH;IP;South Corridor Deposit;MAIN;24
4A5D0194;5;GPH;GMAG;South Corridor Deposit;MAIN;24
4B0432B2;1;GPH;EM;Trieste prospect;MAIN;11|12|13
4B0432B2;2;GPH;IP;Trieste prospect;MAIN;15
4B0432B2;3;GPH;GMAG;Trieste prospect;MAIN;10
4BB57FF6;1;GPH;AMAG;Central Quartz Vein Zone;MAIN;16|17|21
4B9ACD89;1;GPH;IP;El Creston;MAIN;42
4BB2761D;1;GPH;AMAG;Maybrun;MAIN;47
4BB2761D;2;GPH;EM;Maybrun;MAIN;47
4BB2761D;3;GPH;GMAG;Maybrun;MAIN;47|48
4BB2761D;4;GPH;IP;Maybrun;MAIN;48
4C10F857;1;GPH;AMAG;Red October Showing;MAIN;16
4C10F857;2;GPH;EM;Red October Showing;MAIN;16
4C10F857;3;GPH;GMAG;Red October Showing;MAIN;16|24
4C10F857;4;GPH;RAD;Red October Showing;MAIN;16|24
4C10F857;5;GPH;VLF;Red October Showing;MAIN;25
4C50DC0B;1;GPH;GMAG;Velvet Mine;MAIN;20|34|39
4C50DC0B;2;GPH;VLF;Velvet Mine;MAIN;20
4CAECF49;1;GPH;SES;SOFS Goldfield Projects;MAIN;63
4C3EE521;1;GPH;AMAG;Leadbetter Conglomerate;MAIN;38
4C3EE521;2;GPH;RAD;Leadbetter Conglomerate;MAIN;38
4CE6241D;1;GPH;EM;Minas-Rio;MAIN;41
4CF0942F;1;GPH;GRV;BYP Gold Mineralization;MAIN;37|39
4CF0942F;2;GPH;AMAG;BYP Gold Mineralization;MAIN;37|39
4D649093;1;GPH;UNS;Spanish Mountain;MAIN;26|53
4DAC653D;1;GPH;AMAG;Orosi;MAIN;64
4DAC653D;2;GPH;RAD;Orosi;MAIN;64
4DAC653D;3;GPH;IP;Orosi;MAIN;64
4DAC653D;4;GPH;GMAG;Orosi;MAIN;64
4DB85FF3;1;GPH;IP;Northwest and Southeast Zones;MAIN;40
4DB85FF3;2;GPH;GMAG;Northwest and Southeast Zones;MAIN;40
4DB85FF3;3;GPH;VLF;Northwest and Southeast Zones;MAIN;40|41
4E1A8212;1;GPH;RAD;Doran;MAIN;42|45|47
4E1A8212;2;GPH;AMAG;Doran;MAIN;45
4E1A8212;4;GPH;GMAG;Doran;MAIN;47|49
4E5C34BB;1;GPH;IP;Main Breccia Zone;MAIN;33
4E31A329;1;GPH;IP;Lac Rocher Pluton;MAIN;17|18|19
4E31A329;2;GPH;EM;Lac Rocher Pluton;MAIN;12|18|19
4E31A329;3;GPH;GMAG;Lac Rocher Pluton;MAIN;12|18|19
4E31A329;4;GPH;AMAG;Lac Rocher Pluton;MAIN;12|19
4E31A329;5;GPH;MALM;Lac Rocher Pluton;MAIN;18
4E31A329;6;GPH;GRV;Lac Rocher Pluton;MAIN;19
4E31A329;7;GPH;RES;Lac Rocher Pluton;MAIN;19
4E5C9E35;1;GPH;GMAG;Çöpler;MAIN;60
4E6C8BE2;1;GPH;AMAG;MacCormack;MAIN;19
4E6C8BE2;2;GPH;RAD;MacCormack;MAIN;19
4E6C8BE2;3;GPH;EM;MacCormack;MAIN;19
4E6C8BE2;4;GPH;IP;MacCormack;MAIN;37|39
4F1C20E4;2;GPH;RAD;Wonarah;MAIN;18
4F1C20E4;3;GPH;UNS;Wonarah;MAIN;18
4F4C89B2;1;GPH;GRV;Spring Valley;MAIN;44|45
4F4C89B2;2;GPH;IP;Spring Valley;MAIN;44
4F4C89B2;3;GPH;GMAG;Spring Valley;MAIN;44
4F4C89B2;4;GPH;MT;Spring Valley;MAIN;45
4F000A95;1;GPH;EM;MacCormack Showing;MAIN;23
4F000A95;2;GPH;AMAG;MacCormack Showing;MAIN;23
4F000A95;3;GPH;RAD;MacCormack Showing;MAIN;23
4F000A95;4;GPH;IP;MacCormack Showing;MAIN;38|40
4F217738;1;GPH;AMAG;Rocher Deboule Mine;MAIN;33|44
4F217738;2;GPH;GMAG;Rocher Deboule Mine;MAIN;40|42|43
4F217738;3;GPH;VLF;Rocher Deboule Mine;MAIN;40
4F217738;4;GPH;EM;Rocher Deboule Mine;MAIN;44
4F217738;5;GPH;RAD;Rocher Deboule Mine;MAIN;44
4F247081;1;GPH;IP;Matala;MAIN;43
4FB4F60D;1;GPH;MT;Gralheira;MAIN;32|33
4FB4F60D;2;GPH;RES;Gralheira;MAIN;32|33
4FB4F60D;3;GPH;IP;Gralheira;MAIN;32|33
4F59691F;1;GPH;AMAG;Isabelle zone;MAIN;9|14
4F59691F;2;GPH;RAD;Isabelle zone;MAIN;9
4F59691F;3;GPH;GMAG;Isabelle zone;MAIN;9
4F59691F;4;GPH;IP;Isabelle zone;MAIN;9
4F83AEF5;1;GPH;AMAG;Central Zone;MAIN;18|62
4F83AEF5;2;GPH;RAD;Central Zone;MAIN;18|62
4F83AEF5;3;GPH;GMAG;Central Zone;MAIN;18|62
4F83AEF5;4;GPH;IP;Central Zone;MAIN;18|62|63|66
4F83AEF5;5;GPH;EM;Central Zone;MAIN;18|62
4F7DC1A5;1;GPH;EM;Inco Anomaly;MAIN;33
4F7DC1A5;2;GPH;AMAG;Inco Anomaly;MAIN;33
4F929CF0;1;GPH;IP;Copaquire;MAIN;45
4FD30F90;1;GPH;WLOG;Fording River Operations;MAIN;27
4FD30F90;3;GPH;RES;Fording River Operations;MAIN;27
5041CBBF;1;GPH;SES;Mop-II;MAIN;29
50774DBB;1;GPH;GMAG;No. 7 Deposit;MAIN;78
50774DBB;2;GPH;GRV;No. 7 Deposit;MAIN;78
4FC2EB2F;1;GPH;AMAG;Caspiche Porphyry;MAIN;76|77
4FC2EB2F;2;GPH;MT;Caspiche Porphyry;MAIN;76|77
4FC2EB2F;3;GPH;VLF;Caspiche Porphyry;MAIN;76
4FC2EB2F;4;GPH;IP;Caspiche Porphyry;MAIN;76|77
4FC2EB2F;5;GPH;RES;Caspiche Porphyry;MAIN;77
5079DA0F;1;GPH;GMAG;Greywacke Lake;MAIN;33|34|35
51A832CB;1;GPH;AMAG;Kipoi Central;MAIN;34
51F43B87;1;GPH;RAD;Itafós Arraias;MAIN;107
51F43B87;4;GPH;GPR;Itafós Arraias;MAIN;107
51F43B87;5;GPH;RES;Itafós Arraias;MAIN;107
51F43B87;6;GPH;SES;Itafós Arraias;MAIN;107
51AD892A;1;GPH;EM;Zinc Zone;MAIN;33|37
51AD892A;2;GPH;AMAG;Zinc Zone;MAIN;33|35|37|38
51B8AA5D;1;GPH;UNS;Astorius-Babine Project;MAIN;18|19
5267C1F9;1;GPH;IP;Santa Rita;MAIN;58|60
5267C1F9;2;GPH;GRV;Santa Rita;MAIN;59|64
5267C1F9;3;GPH;EM;Santa Rita;MAIN;64
5267C1F9;4;GPH;UNS;Santa Rita;MAIN;59|60
52834053;1;GPH;GRV;Marietta Project;MAIN;13
52834053;2;GPH;GMAG;Marietta Project;MAIN;13
52D26047;1;GPH;EM;Hamelin zone;MAIN;11
52FE566E;1;GPH;EM;Malrobic Zone;MAIN;26
52A45118;1;GPH;IP;Capoose deposit;MAIN;12|20
52A45118;2;GPH;EM;Capoose deposit;MAIN;20
52A45118;3;GPH;AMAG;Capoose deposit;MAIN;20
52A45118;4;GPH;GMAG;Capoose deposit;MAIN;20
53770FD2;1;GPH;IP;Goldfield West;MAIN;14
53770FD2;2;GPH;AMAG;Goldfield West;MAIN;14
53770FD2;3;GPH;MT;Goldfield West;MAIN;17
5387EDAC;1;GPH;IP;Hawk Project;MAIN;14|19
5387EDAC;2;GPH;GMAG;Hawk Project;MAIN;14|19
5387EDAC;3;GPH;AMAG;Hawk Project;MAIN;18
5387EDAC;4;GPH;RAD;Hawk Project;MAIN;18
537E1BD9;1;GPH;EM;Lalor;MAIN;52
53FB08B4;1;GPH;IP;Hope Brook deposit;MAIN;104|110|114
53FB08B4;2;GPH;EM;Hope Brook deposit;MAIN;105
53FB08B4;3;GPH;AMAG;Hope Brook deposit;MAIN;105
53FB08B4;4;GPH;RES;Hope Brook deposit;MAIN;110
53FB08B4;5;GPH;MT;Hope Brook deposit;MAIN;110
540294F3;1;GPH;AMAG;Mmamabula Energy Complex;MAIN;37
540294F3;2;GPH;GMAG;Mmamabula Energy Complex;MAIN;77
540FEB06;1;GPH;GMAG;Tocantinzinho;MAIN;37
540FEB06;2;GPH;AMAG;Tocantinzinho;MAIN;38
54CF27A7;1;GPH;IP;Anticipated Porphyry Deposit;MAIN;13
54CF27A7;2;GPH;MT;Anticipated Porphyry Deposit;MAIN;13
5449228E;1;GPH;AMAG;Duggan Zone;MAIN;34
5449228E;2;GPH;VLF;Duggan Zone;MAIN;34
5449228E;3;GPH;RAD;Duggan Zone;MAIN;34
54460D4E;1;GPH;AMAG;Star Kimberlite;MAIN;85
54460D4E;2;GPH;SES;Star Kimberlite;MAIN;85
54460D4E;3;GPH;UNS;Star Kimberlite;MAIN;85
54460D4E;4;GPH;EM;Star Kimberlite;MAIN;85
552BB802;1;GPH;IP;A-B Zone;MAIN;14
552BB802;2;GPH;UNS;A-B Zone;MAIN;14
552BB802;3;GPH;VLF;A-B Zone;MAIN;14
551A40F4;1;GPH;AMAG;Lonnie;MAIN;27
5593C773;1;GPH;GMAG;Santander Mine;MAIN;19
54859A14;1;GPH;IP;Discovery Zones;MAIN;15|43
54859A14;2;GPH;RES;Discovery Zones;MAIN;15
54859A14;3;GPH;GMAG;Discovery Zones;MAIN;43
54859A14;5;GPH;AMAG;Discovery Zones;MAIN;45|46
55E99D58;1;GPH;IP;Endako;MAIN;30
55E99D58;2;GPH;AMAG;Endako;MAIN;30
55E99D58;3;GPH;RAD;Endako;MAIN;30
55FCF004;1;GPH;AMAG;Merensky Reef;MAIN;45|46|50
55FCF004;2;GPH;GMAG;Merensky Reef;MAIN;50
56514E14;1;GPH;AMAG;Hart;MAIN;36|37
56CD0F6D;1;GPH;GRV;Lake Zone;MAIN;31
570E3DAF;1;GPH;AMAG;Zone 4;MAIN;54|56
570E3DAF;2;GPH;EM;Zone 4;MAIN;54|55|56
570E3DAF;4;GPH;RES;Zone 4;MAIN;55|56
570E3DAF;5;GPH;RAD;Zone 4;MAIN;55|56
570E3DAF;6;GPH;GRV;Zone 4;MAIN;55|56
570E3DAF;7;GPH;IP;Zone 4;MAIN;55|56
570E3DAF;8;GPH;MT;Zone 4;MAIN;55|56
575D71A5;1;GPH;IP;Cañariaco Norte;MAIN;67|68|69
575D71A5;2;GPH;RES;Cañariaco Norte;MAIN;67|68|69
575D71A5;3;GPH;GMAG;Cañariaco Norte;MAIN;67|68|69
578CDB17;1;GPH;RAD;Prince Mine;MAIN;23
578CDB17;2;GPH;GMAG;Prince Mine;MAIN;23
57F97599;1;GPH;SES;KP 408 and KP 409 Potash Project;MAIN;43|44
57B18007;1;GPH;RAD;Descubridora Prospect;MAIN;19
5829398A;1;GPH;MT;Pozo Seco;MAIN;37
5829398A;2;GPH;AMAG;Pozo Seco;MAIN;37|38
5829398A;3;GPH;EM;Pozo Seco;MAIN;37|38
580577A0;1;GPH;AMAG;Thunder Lake Deposit;MAIN;65|66|67|68|69
580577A0;2;GPH;IP;Thunder Lake Deposit;MAIN;70|71|72|73
58953429;1;GPH;AMAG;Addison occurrence;MAIN;27|28|39|40
58953429;4;GPH;EM;Addison occurrence;MAIN;28|40|41
58A590AB;1;GPH;AMAG;Hart;MAIN;36|37
5895D0DD;1;GPH;GMAG;Scadding Property;MAIN;27|28
5895D0DD;2;GPH;VLF;Scadding Property;MAIN;27
5895D0DD;4;GPH;IP;Scadding Property;MAIN;28
58C37B20;1;GPH;IP;Rosario;MAIN;54
58D18899;1;GPH;GMAG;Gulçari A;MAIN;60
58D18899;2;GPH;IP;Gulçari A;MAIN;60|61
58D18899;3;GPH;VLF;Gulçari A;MAIN;61
58F0383D;1;GPH;AMAG;Taysan Copper-Gold Deposit;MAIN;64
5966C49E;1;GPH;RAD;Grand Calumet;MAIN;41
59669023;1;GPH;AMAG;Maybrun;MAIN;52
59669023;2;GPH;EM;Maybrun;MAIN;52
59669023;3;GPH;GMAG;Maybrun;MAIN;52
59669023;4;GPH;IP;Maybrun;MAIN;52
59669023;5;GPH;RES;Maybrun;MAIN;53
59172B3E;1;GPH;GRV;San Gabriel Zone;MAIN;34
59172B3E;2;GPH;GMAG;San Gabriel Zone;MAIN;35|36
598A65B0;1;GPH;AMAG;NMC Moland Molybdenum Deposit;MAIN;22
598EE8D2;1;GPH;GRV;Gossan Prospect;MAIN;15
598EE8D2;2;GPH;AMAG;Gossan Prospect;MAIN;16
598EE8D2;3;GPH;GMAG;Gossan Prospect;MAIN;29
598EF520;1;GPH;AMAG;Fire Eye property;MAIN;13
598EF520;2;GPH;EM;Fire Eye property;MAIN;16|23
598EF520;3;GPH;MT;Fire Eye property;MAIN;16|23
598EF520;4;GPH;SES;Fire Eye property;MAIN;23
59AFD4A4;1;GPH;GMAG;Toordogiin Shil;MAIN;46|51
59AFD4A4;2;GPH;IP;Toordogiin Shil;MAIN;46|53
59F7D4C7;1;GPH;AMAG;UG2 Chromitite Layer;MAIN;50|62
59D91001;1;GPH;AMAG;Whitemouth Lake;MAIN;13
5A275BC5;1;GPH;IP;Fruta del Norte;MAIN;43|75
5A275BC5;2;GPH;GMAG;Fruta del Norte;MAIN;43
5AF2E239;1;GPH;IP;Hope Brook;MAIN;102|113|117
5AF2E239;2;GPH;EM;Hope Brook;MAIN;105
5AF2E239;3;GPH;AMAG;Hope Brook;MAIN;105
5AF2E239;4;GPH;GMAG;Hope Brook;MAIN;117
5AF2E239;5;GPH;MT;Hope Brook;MAIN;113
5B0AE221;1;GPH;IP;Coffee Can zone;MAIN;18|25|32|34
5B0AE221;2;GPH;GMAG;Coffee Can zone;MAIN;25|32|34|35
5B5A3395;1;GPH;AMAG;Nyota;MAIN;33
5B5A3395;2;GPH;RAD;Nyota;MAIN;27|33
5BA26F6A;1;GPH;MT;Two Mile Creek;MAIN;16|17
5BA26F6A;2;GPH;RES;Two Mile Creek;MAIN;17
5BA26F6A;3;GPH;IP;Two Mile Creek;MAIN;17
5BA26F6A;4;GPH;GRV;Two Mile Creek;MAIN;17|18
5C49F14A;1;GPH;AMAG;Radio Hill;MAIN;44|45
5C49F14A;2;GPH;EM;Radio Hill;MAIN;44|45
5C38CD0D;1;GPH;EM;Dardenelles;MAIN;21
5C1740DE;1;GPH;AMAG;Batovi Kimberlites;MAIN;15|16
5C3C3490;1;GPH;IP;Northern Dancer;MAIN;38
5C3C3490;2;GPH;AMAG;Northern Dancer;MAIN;39
5C3C3490;3;GPH;EM;Northern Dancer;MAIN;39
5BB1C78B;1;GPH;IP;Emigrant District;MAIN;36|46|60|65
5C4E1E8D;1;GPH;AMAG;Kamistiatusset Iron Formation;MAIN;58
5C4E1E8D;2;GPH;GRV;Kamistiatusset Iron Formation;MAIN;59
5C4E1E8D;3;GPH;GMAG;Kamistiatusset Iron Formation;MAIN;59
5C5B6FC3;1;GPH;AMAG;Wona;MAIN;53
5C5B6FC3;2;GPH;RAD;Wona;MAIN;53
5C5B6FC3;3;GPH;IP;Wona;MAIN;53
5DA313F1;1;GPH;WLOG;Dewey-Burdock;MAIN;20
5D6E947F;1;GPH;SWIR;Palmarejo;MAIN;75
5DA361A7;1;GPH;UNS;Minago deposit;MAIN;52
5E06C324;1;GPH;GMAG;Magistral Deposits;MAIN;42
5E06C324;2;GPH;IP;Magistral Deposits;MAIN;42|44
5E1F82CF;1;GPH;RES;Down Yonder;MAIN;28
5E1F82CF;2;GPH;RAD;Down Yonder;MAIN;39
5DFB4E11;1;GPH;AMAG;Dorset Zone;MAIN;13|20
5DFB4E11;2;GPH;EM;Dorset Zone;MAIN;20
5DFB4E11;3;GPH;VLF;Dorset Zone;MAIN;13
5DFB4E11;4;GPH;UNS;Dorset Zone;MAIN;13
5E37DA81;1;GPH;EM;WIM deposit;MAIN;31
5E37DA81;2;GPH;RAD;WIM deposit;MAIN;31
5E37DA81;3;GPH;AMAG;WIM deposit;MAIN;32
5EA75021;1;GPH;GMAG;Azulcocha Cuerpo;MAIN;42
5EA75021;2;GPH;IP;Azulcocha Cuerpo;MAIN;42
5F6ED191;1;GPH;RAD;Kuriskova;MAIN;24|25
5F6323CD;1;GPH;EM;Ming Mine;MAIN;60
5F6323CD;2;GPH;IP;Ming Mine;MAIN;63
5F6323CD;3;GPH;RES;Ming Mine;MAIN;63
5F6323CD;4;GPH;MT;Ming Mine;MAIN;63
5EAB4DF7;1;GPH;IP;Bronson Slope;MAIN;75
5F2C8A26;1;GPH;IP;Atenea Structure;MAIN;34
5F2C8A26;2;GPH;GMAG;Atenea Structure;MAIN;34
5FE73988;1;GPH;IP;Coffee Can;MAIN;18|32|34
5FE73988;2;GPH;GMAG;Coffee Can;MAIN;32|34
5EE2AA97;1;GPH;IP;Kestane;MAIN;32|34|35
5EE2AA97;2;GPH;GMAG;Kestane;MAIN;32|34|35
600CE72D;2;GPH;GRV;BlueGum;MAIN;78|79
603B2A72;1;GPH;WLOG;Perry Creek;MAIN;32|35
603B2A72;2;GPH;RAD;Perry Creek;MAIN;32|35
603B2A72;5;GPH;RES;Perry Creek;MAIN;32|35
60B564EB;1;GPH;EM;Main Homestake deposit;MAIN;69|72
60B564EB;2;GPH;RAD;Main Homestake deposit;MAIN;72
60B564EB;3;GPH;IP;Main Homestake deposit;MAIN;69|73
60B564EB;4;GPH;GMAG;Main Homestake deposit;MAIN;69
60B564EB;5;GPH;RES;Main Homestake deposit;MAIN;69
6048C966;1;GPH;AMAG;Noseno;MAIN;27|28
60B605C2;1;GPH;IP;Zone III;MAIN;33
60A9D336;1;GPH;RES;Red Chris;MAIN;51
60A9D336;2;GPH;IP;Red Chris;MAIN;51
60A9D336;3;GPH;MT;Red Chris;MAIN;51
60A9D336;4;GPH;AMAG;Red Chris;MAIN;51
60A9D336;5;GPH;GMAG;Red Chris;MAIN;51
6119D321;1;GPH;VLF;Imperial Zone;MAIN;38
614A35FE;1;GPH;EM;Broken Hammer;MAIN;19|24
614A35FE;2;GPH;IP;Broken Hammer;MAIN;19
616F5B1A;1;GPH;AMAG;Norton Zone;MAIN;38|39|44|45
616F5B1A;2;GPH;EM;Norton Zone;MAIN;43|44|45|103
616F5B1A;3;GPH;GRV;Norton Zone;MAIN;74
616F5B1A;6;GPH;GMAG;Norton Zone;MAIN;78
616F5B1A;7;GPH;VLF;Norton Zone;MAIN;78
61D655B3;1;GPH;IP;Karchiga;MAIN;45|47|50
61D655B3;3;GPH;GMAG;Karchiga;MAIN;46
61BB88E9;1;GPH;IP;Mocoa;MAIN;46
61BB88E9;2;GPH;GMAG;Mocoa;MAIN;46
61EC83B2;2;GPH;RES;Baruun Naran;MAIN;61
61F7971A;1;GPH;AMAG;V9;MAIN;7
61F7971A;2;GPH;RAD;V9;MAIN;7
61F7971A;3;GPH;GRV;V9;MAIN;7
61F7971A;4;GPH;IP;V9;MAIN;7|15
61FC4108;1;GPH;RAD;Green Giant;MAIN;42
624D4989;1;GPH;GMAG;Lac Colombet Property;MAIN;29|34|46
624D4989;2;GPH;IP;Lac Colombet Property;MAIN;36|46|47
624D4989;3;GPH;EM;Lac Colombet Property;MAIN;46|47
62D07164;1;GPH;IP;Zone III;MAIN;38
62CAF0E7;1;GPH;AMAG;Ormsby Zone;MAIN;62
62CAF0E7;2;GPH;EM;Ormsby Zone;MAIN;62
62CAF0E7;3;GPH;GMAG;Ormsby Zone;MAIN;62
628C3C6B;1;GPH;IP;Kay Tanda - Pulang Lupa;MAIN;33|113|120
628C3C6B;2;GPH;GMAG;Kay Tanda - Pulang Lupa;MAIN;113|114
628C3C6B;3;GPH;SWIR;Kay Tanda - Pulang Lupa;MAIN;120
632CD96C;1;GPH;UNS;Verticalnaya North Project;MAIN;22
62E62B91;1;GPH;AMAG;Chapadão cluster;MAIN;39
62E62B91;2;GPH;RAD;Chapadão cluster;MAIN;39
62E62B91;3;GPH;GMAG;Chapadão cluster;MAIN;39|41
62E62B91;4;GPH;EM;Chapadão cluster;MAIN;41
63469DD0;1;GPH;SP;Foster Ledge;MAIN;24|27|28
63469DD0;2;GPH;GMAG;Foster Ledge;MAIN;24
6367151C;1;GPH;EM;Ming Mine;MAIN;43
6367151C;2;GPH;IP;Ming Mine;MAIN;45
6367151C;3;GPH;MT;Ming Mine;MAIN;45
639266C7;1;GPH;AMAG;Houston;MAIN;32
63837C75;1;GPH;AMAG;Sleeper;MAIN;33|34
63837C75;2;GPH;GRV;Sleeper;MAIN;33
63837C75;3;GPH;IP;Sleeper;MAIN;33|35
63837C75;4;GPH;MT;Sleeper;MAIN;33
63C084C2;1;GPH;GMAG;Main Sill;MAIN;19
63C084C2;2;GPH;RAD;Main Sill;MAIN;19
63C10ECE;1;GPH;WLOG;Grootboom Tailings Dam;MAIN;32
63AF2ABD;1;GPH;RAD;Coles Hill;MAIN;37
63A5835F;1;GPH;UNS;Accha;MAIN;37
63C0B76C;1;GPH;VLF;Curraghinalt;MAIN;29|37
63D87B83;1;GPH;GRV;Las Cruces;MAIN;28
63E46890;1;GPH;RAD;Tantamaco;MAIN;42|43
640279DB;1;GPH;RAD;Ochoa Polyhalite;MAIN;31|32|33
640279DB;3;GPH;SES;Ochoa Polyhalite;MAIN;31
640279DB;4;GPH;WLOG;Ochoa Polyhalite;MAIN;31
646B1DEC;1;GPH;EM;Minago deposit;MAIN;49
646B1DEC;2;GPH;AMAG;Minago deposit;MAIN;49
64813AC9;1;GPH;AMAG;Copper Mountain;MAIN;40|41
649A1EB4;1;GPH;AMAG;Tri-Eagle Claims Prospect;MAIN;26
649A1EB4;2;GPH;VLF;Tri-Eagle Claims Prospect;MAIN;26
64AFC897;1;GPH;AMAG;Bloom Lake deposit;MAIN;39
64AFC897;2;GPH;EM;Bloom Lake deposit;MAIN;39
64AFC897;3;GPH;VLF;Bloom Lake deposit;MAIN;39
64AFC897;4;GPH;GMAG;Bloom Lake deposit;MAIN;40
65435B08;1;GPH;GMAG;Authier;MAIN;24
64EA3E32;1;GPH;WLOG;Potter Mine;MAIN;20
64EA3E32;2;GPH;EM;Potter Mine;MAIN;20
64EA51A8;1;GPH;MT;San Rafael vein;MAIN;27
658C7FC2;1;GPH;IP;Wona;MAIN;58
658C7FC2;2;GPH;AMAG;Wona;MAIN;58
658C7FC2;3;GPH;RAD;Wona;MAIN;58
658C7FC2;4;GPH;EM;Wona;MAIN;58
65CADEDD;1;GPH;RAD;Premier;MAIN;30|31
65CADEDD;2;GPH;AMAG;Premier;MAIN;31
65CADEDD;3;GPH;EM;Premier;MAIN;31
662210F5;1;GPH;RAD;Seal Lake Property;MAIN;22
662210F5;2;GPH;AMAG;Seal Lake Property;MAIN;22
662210F5;3;GPH;EM;Seal Lake Property;MAIN;22
662210F5;4;GPH;IP;Seal Lake Property;MAIN;27
662210F5;5;GPH;RES;Seal Lake Property;MAIN;31
65A57432;1;GPH;AMAG;SBH Property;MAIN;117
65A57432;2;GPH;GRV;SBH Property;MAIN;118
65A64156;1;GPH;AMAG;Cosmo-Howley;MAIN;116|153
65A64156;2;GPH;GMAG;Cosmo-Howley;MAIN;116
65A64156;3;GPH;RAD;Cosmo-Howley;MAIN;153
66587CE2;1;GPH;IP;Kenville Gold Mine;MAIN;27
66587CE2;2;GPH;GMAG;Kenville Gold Mine;MAIN;36
666CAF4E;1;GPH;IP;Cerro Vetas;MAIN;30
666CAF4E;2;GPH;GMAG;Cerro Vetas;MAIN;30
666CAF4E;3;GPH;AMAG;Cerro Vetas;MAIN;31|32
666CAF4E;4;GPH;RAD;Cerro Vetas;MAIN;31
666CAF4E;6;GPH;SWIR;Cerro Vetas;MAIN;31
66C84DAF;1;GPH;AMAG;Discovery Zone;MAIN;29|32
66C84DAF;2;GPH;EM;Discovery Zone;MAIN;29|32
66C84DAF;3;GPH;RES;Discovery Zone;MAIN;32
6766A028;1;GPH;AMAG;Mac;MAIN;31
675F7BA2;1;GPH;WLOG;Ruby Creek deposit;MAIN;24|29|37
67B69F30;1;GPH;AMAG;Cerro Ccopane-Orcopura;MAIN;25
67B69F30;2;GPH;GMAG;Cerro Ccopane-Orcopura;MAIN;29
67B69F30;3;GPH;GRV;Cerro Ccopane-Orcopura;MAIN;29
67E22585;1;GPH;IP;Haultain Property;MAIN;43
680FA741;1;GPH;WLOG;Salvo Project;MAIN;43
680FA741;3;GPH;SP;Salvo Project;MAIN;43
67E5F900;1;GPH;GMAG;Iron Nugget;MAIN;48|52
684E7FDA;1;GPH;IP;Cariboo Hudson;MAIN;36
684E7FDA;2;GPH;UNS;Cariboo Hudson;MAIN;36
684E7FDA;4;GPH;RAD;Cariboo Hudson;MAIN;36
684E7FDA;5;GPH;AMAG;Cariboo Hudson;MAIN;36
684E7FDA;6;GPH;EM;Cariboo Hudson;MAIN;36
684E7FDA;7;GPH;VLF;Cariboo Hudson;MAIN;36
67EDDB0F;1;GPH;EM;NISK-1;MAIN;32|33
67EDDB0F;2;GPH;AMAG;NISK-1;MAIN;32
68E434E1;1;GPH;GMAG;Leslie Occurrence;MAIN;44
68E434E1;2;GPH;VLF;Leslie Occurrence;MAIN;44
68D989FD;1;GPH;RAD;Deep Gold;MAIN;37|39
68D989FD;2;GPH;SP;Deep Gold;MAIN;37|39
68D989FD;3;GPH;RES;Deep Gold;MAIN;37|39
68E8747C;1;GPH;AMAG;Deposit No. 1;MAIN;58|69
6935ACE3;1;GPH;AMAG;Fox Creek Lithium Property;MAIN;24|25
696AD867;1;GPH;IP;Brazil Lake Pegmatites;MAIN;45
698DF1D6;1;GPH;GRV;Flying Fox;MAIN;54
698DF1D6;2;GPH;EM;Flying Fox;MAIN;54|55
69D643D9;1;GPH;UNS;Royal vein;MAIN;11
6996ADED;1;GPH;AMAG;Detour Lake deposit;MAIN;43|44
699A5CB2;1;GPH;EM;Debarwa;MAIN;58|59
699A5CB2;2;GPH;AMAG;Debarwa;MAIN;58|59
699A5CB2;3;GPH;GRV;Debarwa;MAIN;58|59
699A5CB2;4;GPH;GMAG;Debarwa;MAIN;58|59
699A5CB2;5;GPH;IP;Debarwa;MAIN;58|59
69D80165;1;GPH;EM;Nancy Dyke;MAIN;10
69D80165;2;GPH;AMAG;Nancy Dyke;MAIN;10
69D8AAEE;1;GPH;EM;Puimajuq;MAIN;28
69E4392C;1;GPH;IP;Jackie Rastall Prospect;MAIN;18
69E4392C;2;GPH;GMAG;Jackie Rastall Prospect;MAIN;18
69E4392C;3;GPH;EM;Jackie Rastall Prospect;MAIN;18
69E4392C;4;GPH;VLF;Jackie Rastall Prospect;MAIN;18
69F7FCA7;1;GPH;IP;Dubenski Gold Deposit;MAIN;56
6AB3BF73;1;GPH;EM;Barsele Central;MAIN;48
6AB3BF73;2;GPH;AMAG;Barsele Central;MAIN;48
6AB3BF73;3;GPH;RAD;Barsele Central;MAIN;48
6AB3BF73;4;GPH;GRV;Barsele Central;MAIN;48
6AB3BF73;5;GPH;IP;Barsele Central;MAIN;58
6A1A5E99;1;GPH;GMAG;Kücükdag;MAIN;29|31
6A1A5E99;2;GPH;IP;Kücükdag;MAIN;29|31
6A1A5E99;3;GPH;AMAG;Kücükdag;MAIN;31|35
6A689039;1;GPH;EM;Allammaq Deposit;MAIN;33
6A53BA73;1;GPH;EM;Sphinx;MAIN;41
6AFBA6B3;1;GPH;UNS;Wolverine Deposit;MAIN;33
6B07CBA7;1;GPH;EM;Green Giant Vanadium Project;MAIN;32
6B07CBA7;2;GPH;AMAG;Green Giant Vanadium Project;MAIN;32
6B07CBA7;3;GPH;GMAG;Green Giant Vanadium Project;MAIN;32|60
6B07CBA7;4;GPH;RAD;Green Giant Vanadium Project;MAIN;32|57
6B07CBA7;5;GPH;RES;Green Giant Vanadium Project;MAIN;32|60
6BC4FE74;1;GPH;AMAG;Alisitos;MAIN;31
6BE038D3;1;GPH;GMAG;Hudvam deposit;MAIN;41|43
6BE038D3;2;GPH;EM;Hudvam deposit;MAIN;41|43|44
6BE038D3;3;GPH;AMAG;Hudvam deposit;MAIN;44
6B933B91;1;GPH;IP;Tepal;MAIN;24
6C53E7AE;1;GPH;GRV;Sal de Vida;MAIN;43
6C53E7AE;2;GPH;RES;Sal de Vida;MAIN;43
6BE33528;1;GPH;IP;Roby Zone;MAIN;72
6BE33528;2;GPH;EM;Roby Zone;MAIN;73
6BE33528;3;GPH;AMAG;Roby Zone;MAIN;76
6BE33528;4;GPH;VLF;Roby Zone;MAIN;76
6BFEF01A;1;GPH;EM;Sagar Property;MAIN;49
6BFEF01A;2;GPH;AMAG;Sagar Property;MAIN;49
6BFEF01A;3;GPH;RAD;Sagar Property;MAIN;49
6C86B488;1;GPH;AMAG;New Occidental;MAIN;60
6C86B488;2;GPH;EM;New Occidental;MAIN;100
6C86B488;3;GPH;IP;New Occidental;MAIN;100
6C86B488;4;GPH;GRV;New Occidental;MAIN;100
6CC70D44;1;GPH;IP;Calandria Sur;MAIN;37
6CC70D44;2;GPH;RES;Calandria Sur;MAIN;37
6C7044CB;1;GPH;IP;Turner Gold;MAIN;46
6C7044CB;2;GPH;RES;Turner Gold;MAIN;46
6C7044CB;3;GPH;EM;Turner Gold;MAIN;46
6C7044CB;4;GPH;AMAG;Turner Gold;MAIN;46
6C7044CB;5;GPH;GMAG;Turner Gold;MAIN;46
6CAFC46E;1;GPH;GMAG;Terakimti;MAIN;46|64
6CAFC46E;2;GPH;IP;Terakimti;MAIN;46|65
6CAFC46E;3;GPH;EM;Terakimti;MAIN;46|69
6CAFC46E;4;GPH;GRV;Terakimti;MAIN;64|66|67
6D02A3E0;1;GPH;VLF;Frank Creek;MAIN;43
6D02A3E0;2;GPH;GMAG;Frank Creek;MAIN;43
6D02A3E0;3;GPH;MT;Frank Creek;MAIN;53
6D02A3E0;4;GPH;RES;Frank Creek;MAIN;53
6D02A3E0;5;GPH;IP;Frank Creek;MAIN;53
6D0751E9;1;GPH;AMAG;El Castillo;MAIN;41
6D2BB01A;1;GPH;IP;Minto Deposit;MAIN;64|68|71
6D2BB01A;2;GPH;GMAG;Minto Deposit;MAIN;64|66|68
6D2BB01A;3;GPH;GRV;Minto Deposit;MAIN;64|66
6D2BB01A;4;GPH;EM;Minto Deposit;MAIN;64
6D2BB01A;5;GPH;AMAG;Minto Deposit;MAIN;58|67
6E00086B;1;GPH;EM;Hackett River deposits;MAIN;68|69
6E00086B;2;GPH;GMAG;Hackett River deposits;MAIN;68
6E00086B;3;GPH;GRV;Hackett River deposits;MAIN;68|69
6E00086B;4;GPH;AMAG;Hackett River deposits;MAIN;68|69
6E00086B;5;GPH;VLF;Hackett River deposits;MAIN;69
6EC96BB3;1;GPH;SES;East Cluxewe deposit;MAIN;47
6E0E4155;1;GPH;AMAG;Marathon PGM-Cu deposit;MAIN;45
6E0E4155;2;GPH;UNS;Marathon PGM-Cu deposit;MAIN;65
6ED5AAEB;1;GPH;AMAG;Merry Widow;MAIN;29|32
6ED5AAEB;2;GPH;EM;Merry Widow;MAIN;38
6ED5AAEB;3;GPH;IP;Merry Widow;MAIN;49
6EDBC765;1;GPH;IP;Caribou Dome;MAIN;31|37
6EDBC765;2;GPH;RES;Caribou Dome;MAIN;31
6EDBC765;3;GPH;GMAG;Caribou Dome;MAIN;36|37
6EDBC765;4;GPH;MALM;Caribou Dome;MAIN;37
6F0EB87C;1;GPH;RAD;Westmoreland Deposits;MAIN;41
6F0EB87C;2;GPH;AMAG;Westmoreland Deposits;MAIN;41
6F1B9D6E;1;GPH;AMAG;Leadbetter Conglomerate;MAIN;39|51
6F1B9D6E;2;GPH;RAD;Leadbetter Conglomerate;MAIN;39|51
6F1B9D6E;5;GPH;GPR;Leadbetter Conglomerate;MAIN;39|51
6F3789C9;1;GPH;GMAG;Howard Lake Showings;MAIN;75
6F3789C9;2;GPH;AMAG;Howard Lake Showings;MAIN;75
6F3789C9;3;GPH;IP;Howard Lake Showings;MAIN;75
6FEEB7BE;1;GPH;EM;McClarty Lake;MAIN;9|14|15
7043C22E;1;GPH;EM;Arctic deposit;MAIN;59
6F94257F;1;GPH;SWIR;Palmarejo;MAIN;80
6FC6C6E6;1;GPH;AMAG;Taysan;MAIN;23|30
6FC6C6E6;2;GPH;GMAG;Taysan;MAIN;30
6FC6C6E6;3;GPH;IP;Taysan;MAIN;30|31
6FC7A47C;1;GPH;IP;Casino;MAIN;64
6FC7A47C;2;GPH;GMAG;Casino;MAIN;64
70741464;1;GPH;RAD;Itafós Arraias;MAIN;31
70741464;4;GPH;GPR;Itafós Arraias;MAIN;31
70741464;5;GPH;RES;Itafós Arraias;MAIN;31
70741464;6;GPH;SES;Itafós Arraias;MAIN;31
70D225A9;1;GPH;EM;Qarqasiaq complex;MAIN;11|14
710CEB3E;1;GPH;RAD;Santa Maria de Itabira;MAIN;17
70C26776;1;GPH;IP;Chita Valley Project;MAIN;41
70C26776;2;GPH;RES;Chita Valley Project;MAIN;41
70B6862A;1;GPH;AMAG;Zuun Mod;MAIN;19
70B6862A;4;GPH;IP;Zuun Mod;MAIN;38
70B6862A;5;GPH;GMAG;Zuun Mod;MAIN;41
7131A434;1;GPH;AMAG;Opinaca Project;MAIN;14
7131A434;4;GPH;EM;Opinaca Project;MAIN;16
716A5168;1;GPH;RAD;Hairhan;MAIN;63
71C1DB21;1;GPH;GRV;Santo Domingo Sur (SDS);MAIN;64|70
71C1DB21;2;GPH;AMAG;Santo Domingo Sur (SDS);MAIN;43|70
71C1DB21;3;GPH;IP;Santo Domingo Sur (SDS);MAIN;69|72
71C826E6;1;GPH;IP;Kestane;MAIN;34|35|40|41
71C826E6;2;GPH;GMAG;Kestane;MAIN;34|35
71DB895D;1;GPH;EM;Wim deposit;MAIN;22|23
71DB895D;2;GPH;RAD;Wim deposit;MAIN;22
71DB895D;3;GPH;AMAG;Wim deposit;MAIN;23
71EFBF85;1;GPH;UNS;Main/North/Tache Zone;MAIN;26
7215DE77;1;GPH;IP;Carmi deposit;MAIN;37
722F5D46;1;GPH;GMAG;Elizabeth;MAIN;61
724510AD;3;GPH;SES;EPL 3403 Diamond Deposits;MAIN;30
7262CC5D;1;GPH;GRV;Maturi Extension;MAIN;40
7262CC5D;2;GPH;EM;Maturi Extension;MAIN;44
725B5AE1;1;GPH;AMAG;Isabelle showing;MAIN;12
7251C603;1;GPH;RAD;Bluff Lake;MAIN;25
7251C603;2;GPH;AMAG;Bluff Lake;MAIN;25
727C189D;1;GPH;IP;Yenipazar;MAIN;25
727C189D;2;GPH;UNS;Yenipazar;MAIN;25
7250A3E8;1;GPH;IP;Gold Vein Zone;MAIN;46|54
7250A3E8;2;GPH;AMAG;Gold Vein Zone;MAIN;52|53
7250A3E8;3;GPH;RAD;Gold Vein Zone;MAIN;52|53
729B4BA7;1;GPH;RAD;Nichols Ranch;MAIN;18
729B4BA7;2;GPH;RES;Nichols Ranch;MAIN;18
729B4BA7;3;GPH;SP;Nichols Ranch;MAIN;18
7317AE94;1;GPH;AMAG;C-Zone;MAIN;32|34
73B3078A;1;GPH;GRV;West Rim and East Rim Properties;MAIN;25
73B3078A;2;GPH;AMAG;West Rim and East Rim Properties;MAIN;25
72ABFCE2;1;GPH;AMAG;Shovelnose;MAIN;28
72ABFCE2;2;GPH;EM;Shovelnose;MAIN;28
72ABFCE2;3;GPH;RAD;Shovelnose;MAIN;28
72ABFCE2;4;GPH;GMAG;Shovelnose;MAIN;28|29
72C300DB;1;GPH;GRV;Flying Fox;MAIN;54
72C300DB;2;GPH;EM;Flying Fox;MAIN;54
73D02420;1;GPH;AMAG;Star Kimberlite;MAIN;67
73D02420;2;GPH;SES;Star Kimberlite;MAIN;67
73D02420;3;GPH;UNS;Star Kimberlite;MAIN;67
73D02420;4;GPH;EM;Star Kimberlite;MAIN;67
736FED3F;1;GPH;IP;La Dura System;MAIN;44
736FED3F;2;GPH;UNS;La Dura System;MAIN;43
736FED3F;3;GPH;AMAG;La Dura System;MAIN;44
7394D7A6;1;GPH;GMAG;Amapari Trend;MAIN;58
7394D7A6;2;GPH;VLF;Amapari Trend;MAIN;58
7394D7A6;3;GPH;AMAG;Amapari Trend;MAIN;58
7394D7A6;4;GPH;RAD;Amapari Trend;MAIN;58
7394D7A6;5;GPH;EM;Amapari Trend;MAIN;59
747AB1D6;1;GPH;IP;Falea;MAIN;45
74FEDD6B;1;GPH;UNS;Crevier Nb-Ta Dyke;MAIN;40
74832ADC;1;GPH;EM;Ajax;MAIN;20
74832ADC;2;GPH;AMAG;Ajax;MAIN;20
74832ADC;3;GPH;IP;Ajax;MAIN;20
74832ADC;4;GPH;GMAG;Ajax;MAIN;20
74832ADC;5;GPH;VLF;Ajax;MAIN;20
75119D6F;2;GPH;GRV;Tirisano;MAIN;62|64|65|66
751F3A17;1;GPH;EM;Qarqasiaq Complex;MAIN;13|20
751F3A17;2;GPH;UNS;Qarqasiaq Complex;MAIN;19
75EB03D4;1;GPH;IP;Moly Brook Zone;MAIN;22
75EB03D4;2;GPH;UNS;Moly Brook Zone;MAIN;22
7564FEFB;1;GPH;GRV;BlueGum Alluvial Diamond Gravels;MAIN;53|61|69
7607832D;1;GPH;GMAG;Haile;MAIN;33
7607832D;2;GPH;IP;Haile;MAIN;33
7607832D;3;GPH;EM;Haile;MAIN;33
761E246F;1;GPH;AMAG;Chant Saddle zone;MAIN;23|29
768B89DD;1;GPH;IP;Lorraine;MAIN;23|47|50
768B89DD;2;GPH;GMAG;Lorraine;MAIN;23
768B89DD;3;GPH;AMAG;Lorraine;MAIN;23
768B89DD;4;GPH;RAD;Lorraine;MAIN;23
764E4670;1;GPH;IP;Escondida;MAIN;48
764E4670;2;GPH;RES;Escondida;MAIN;48
764E4670;3;GPH;GMAG;Escondida;MAIN;48
764E4670;4;GPH;MT;Escondida;MAIN;49|50
764E4670;5;GPH;EM;Escondida;MAIN;49|51
76E10086;1;GPH;RAD;Two Time Zone;MAIN;34|35
76E10086;2;GPH;AMAG;Two Time Zone;MAIN;34
76E10086;3;GPH;GRV;Two Time Zone;MAIN;35
769CE8D5;1;GPH;AMAG;BB-Longspur Occurrence;MAIN;104
769CE8D5;2;GPH;EM;BB-Longspur Occurrence;MAIN;104
769CE8D5;3;GPH;RAD;BB-Longspur Occurrence;MAIN;104
768ADE26;1;GPH;IP;Summit Mine;MAIN;30
772535CE;1;GPH;GMAG;Authier pegmatite;MAIN;24
76F79B3B;1;GPH;IP;Hugo North Extension;MAIN;116|117|119|121
76F79B3B;2;GPH;GMAG;Hugo North Extension;MAIN;116|119|121
76F79B3B;3;GPH;GRV;Hugo North Extension;MAIN;119|121
777286BF;1;GPH;RAD;Kuriskova;MAIN;24
77351411;1;GPH;GMAG;Scroggie;MAIN;28|30
77351411;2;GPH;AMAG;Scroggie;MAIN;17
77351411;3;GPH;RAD;Scroggie;MAIN;17
77792022;1;GPH;IP;El Capitan;MAIN;44|45
77792022;2;GPH;RES;El Capitan;MAIN;44|45
779F007F;2;GPH;AMAG;Rovina;MAIN;65
779F007F;3;GPH;RAD;Rovina;MAIN;65
779F007F;4;GPH;GMAG;Rovina;MAIN;65
779F007F;5;GPH;IP;Rovina;MAIN;65
77E49DF5;1;GPH;EM;Arctic;MAIN;40
77E49DF5;2;GPH;SWIR;Arctic;MAIN;31|40
78A36A30;1;GPH;AMAG;Vidette Mine;MAIN;13
78A36A30;2;GPH;GRV;Vidette Mine;MAIN;13
787F16B8;1;GPH;AMAG;Rossing South;MAIN;39|43
787F16B8;2;GPH;RAD;Rossing South;MAIN;39
77F9D475;1;GPH;IP;Willa deposit;MAIN;37
77F9D475;2;GPH;GMAG;Willa deposit;MAIN;37
77F9D475;3;GPH;VLF;Willa deposit;MAIN;37
78ACF3B3;1;GPH;GMAG;D Vein;MAIN;13
78ACF3B3;2;GPH;EM;D Vein;MAIN;13
78ACF3B3;3;GPH;VLF;D Vein;MAIN;13
78ACF3B3;4;GPH;IP;D Vein;MAIN;13|21
79169F99;1;GPH;AMAG;Bellechasse;MAIN;49
79169F99;2;GPH;VLF;Bellechasse;MAIN;49
7949581C;1;GPH;RAD;Daneros;MAIN;49|53|54
799FFDD4;1;GPH;IP;Blustry zone;MAIN;41
79AA019C;1;GPH;EM;Back Forty;MAIN;49|52
79AA019C;2;GPH;GMAG;Back Forty;MAIN;52
79AA019C;3;GPH;GRV;Back Forty;MAIN;52
7AC87CEA;1;GPH;IP;Main Zone;MAIN;29|32
7AC87CEA;2;GPH;RES;Main Zone;MAIN;32
7AC87CEA;3;GPH;GMAG;Main Zone;MAIN;29|33
7AC87CEA;4;GPH;VLF;Main Zone;MAIN;29|33
79E2469B;1;GPH;UNS;Grizzly Vein;MAIN;59
7A7EE36E;1;GPH;IP;QR deposit;MAIN;42
79AC5D0C;1;GPH;AMAG;Star Kimberlite;MAIN;55
79AC5D0C;2;GPH;EM;Star Kimberlite;MAIN;55
79AC5D0C;3;GPH;GMAG;Star Kimberlite;MAIN;56
79AC5D0C;4;GPH;SES;Star Kimberlite;MAIN;56
79AC5D0C;5;GPH;RAD;Star Kimberlite;MAIN;56
79FBE54A;1;GPH;AMAG;REN-6 and REN-8;MAIN;16|23|25
79FBE54A;2;GPH;EM;REN-6 and REN-8;MAIN;16|23|25
7AC8BDFD;1;GPH;UNS;Huangshan Exploration deposit;MAIN;70
7B3EE695;1;GPH;GMAG;Dizzy kimberlite;MAIN;20|22
7B3EE695;2;GPH;GRV;Dizzy kimberlite;MAIN;20|22
7B3EE695;3;GPH;AMAG;Dizzy kimberlite;MAIN;22|23
7B3EE695;4;GPH;EM;Dizzy kimberlite;MAIN;20|23
7B3EE695;6;GPH;WLOG;Dizzy kimberlite;MAIN;48
7B3C76B9;1;GPH;AMAG;Kipoi Central;MAIN;34|42
7B451FB9;1;GPH;VLF;Lac Herbin;MAIN;25|26
7B451FB9;2;GPH;GMAG;Lac Herbin;MAIN;25|26
7B451FB9;3;GPH;IP;Lac Herbin;MAIN;26
7B451FB9;4;GPH;SES;Lac Herbin;MAIN;26
7B451FB9;5;GPH;AMAG;Lac Herbin;MAIN;26
7B4D55D5;1;GPH;AMAG;Detour Lake deposit;MAIN;43
7BEA592C;1;GPH;IP;Upper Beaver;MAIN;41|42
7BEA592C;2;GPH;EM;Upper Beaver;MAIN;41
7BEA592C;3;GPH;AMAG;Upper Beaver;MAIN;41
7BEA592C;4;GPH;RES;Upper Beaver;MAIN;42
7BEA592C;5;GPH;MT;Upper Beaver;MAIN;42
7C416491;1;GPH;EM;Turnagain Resource Area;MAIN;63|64
7C416491;2;GPH;AMAG;Turnagain Resource Area;MAIN;63|64
7C416491;3;GPH;GMAG;Turnagain Resource Area;MAIN;64
7CDAA6BC;1;GPH;AMAG;TRIMA 2;MAIN;41
7CDAA6BC;2;GPH;GMAG;TRIMA 2;MAIN;41
7CDAA6BC;3;GPH;IP;TRIMA 2;MAIN;18|41
7CDAA6BC;4;GPH;EM;TRIMA 2;MAIN;18
7D5AF4B7;1;GPH;EM;Double Ed;MAIN;18
7D5AF4B7;2;GPH;AMAG;Double Ed;MAIN;18
7D0887BE;1;GPH;IP;San Jorge;MAIN;105
7D0887BE;2;GPH;UNS;San Jorge;MAIN;105
7D0887BE;3;GPH;EM;San Jorge;MAIN;105
7D0887BE;4;GPH;RES;San Jorge;MAIN;105
7D514E08;1;GPH;AMAG;Florence;MAIN;55
7D514E08;2;GPH;GMAG;Florence;MAIN;55
7D514E08;3;GPH;IP;Florence;MAIN;55
7D514E08;4;GPH;EM;Florence;MAIN;55
7D514E08;5;GPH;RAD;Florence;MAIN;55|61
7D514E08;6;GPH;RES;Florence;MAIN;55
7D514E08;7;GPH;SP;Florence;MAIN;55
7D514E08;8;GPH;WLOG;Florence;MAIN;58|61|62
7D698513;1;GPH;AMAG;Orion Kimberlite Complex;MAIN;22
7D698513;2;GPH;GMAG;Orion Kimberlite Complex;MAIN;22
7D698513;3;GPH;GRV;Orion Kimberlite Complex;MAIN;22
7D698513;6;GPH;EM;Orion Kimberlite Complex;MAIN;27|28|31
7D8D224D;1;GPH;GMAG;Reid Prospect;MAIN;30
7D8D224D;2;GPH;VLF;Reid Prospect;MAIN;30
7D8D224D;3;GPH;IP;Reid Prospect;MAIN;30
7D8D224D;4;GPH;EM;Reid Prospect;MAIN;30
7D8D224D;5;GPH;AMAG;Reid Prospect;MAIN;30
7DBDB7FB;1;GPH;AMAG;Harvey-Tuttle Lakes;MAIN;42
7DBDB7FB;2;GPH;VLF;Harvey-Tuttle Lakes;MAIN;42
7E14AFCE;1;GPH;IP;WC Property;MAIN;17
7E14AFCE;2;GPH;GMAG;WC Property;MAIN;17
7E3F3467;1;GPH;SES;Raven;MAIN;48|49
7E3F3467;2;GPH;VLF;Raven;MAIN;48
7E2FEB3B;1;GPH;IP;Abu Marawat;MAIN;28|29|34|35|38
7E2FEB3B;2;GPH;GMAG;Abu Marawat;MAIN;34|35|38
7E2FEB3B;4;GPH;EM;Abu Marawat;MAIN;29
7EB7C8A3;1;GPH;AMAG;Moonshine;MAIN;29
7EA9F9C8;1;GPH;AMAG;Rovina;MAIN;107
7EA9F9C8;2;GPH;RAD;Rovina;MAIN;107
7EA9F9C8;3;GPH;IP;Rovina;MAIN;107|111
7EA9F9C8;4;GPH;SP;Rovina;MAIN;107
7EA9F9C8;5;GPH;GMAG;Rovina;MAIN;107|108
7ECB9FA4;1;GPH;IP;Bear Canyon;MAIN;20|21
7F2C9071;2;GPH;GRV;BlueGum;MAIN;78|79
7F331B9F;1;GPH;RAD;U-Beva;MAIN;33|39
7F85921C;1;GPH;GMAG;Madrugador;MAIN;60
7FB73326;1;GPH;EM;Bingo;MAIN;29|30
7FB73326;2;GPH;GMAG;Bingo;MAIN;29|30
7FB73326;3;GPH;VLF;Bingo;MAIN;29|30
7FB73326;4;GPH;IP;Bingo;MAIN;29|30
7FDB2B67;1;GPH;AMAG;Forecariah;MAIN;47|48
7FDB2B67;2;GPH;RAD;Forecariah;MAIN;47
7FE46949;1;GPH;RAD;T Zone;MAIN;51|52
803B0DED;1;GPH;RAD;Danakhil Potash Deposit;MAIN;55
8039CB6A;1;GPH;AMAG;Ungava Iron property;MAIN;42|44|45|46
8039CB6A;2;GPH;RAD;Ungava Iron property;MAIN;42|44|45|46
80D57150;2;GPH;GRV;James Deposit;MAIN;74
80D57150;3;GPH;AMAG;James Deposit;MAIN;57|74
8073F5AB;1;GPH;IP;Detour Lake;MAIN;47
80D6B7F8;1;GPH;EM;Indian Lake Sulphide Iron Formation;MAIN;23|26|29
814D5C5C;1;GPH;UNS;Busitema;MAIN;37|45
814D5C5C;2;GPH;IP;Busitema;MAIN;44|45
817502CB;1;GPH;EM;McCart Property;MAIN;42
817502CB;2;GPH;UNS;McCart Property;MAIN;35
8162FDBF;1;GPH;GMAG;Shunsby;MAIN;63
8162FDBF;2;GPH;AMAG;Shunsby;MAIN;63
8162FDBF;3;GPH;EM;Shunsby;MAIN;59|62|63
81C0DAE9;1;GPH;IP;Socorro Mine;MAIN;21
81DD947C;1;GPH;EM;Conley;MAIN;24
81F90E3D;1;GPH;GMAG;OG Property;MAIN;12
81F90E3D;2;GPH;GRV;OG Property;MAIN;22
820FC594;1;GPH;AMAG;Sperrgebiet Project;MAIN;10|22
820FC594;2;GPH;EM;Sperrgebiet Project;MAIN;10|22|23
820FC594;4;GPH;GMAG;Sperrgebiet Project;MAIN;10|23
820FC594;5;GPH;GRV;Sperrgebiet Project;MAIN;10|23
820FC594;8;GPH;IP;Sperrgebiet Project;MAIN;21
820CE78A;1;GPH;AMAG;Gurvanbulag;MAIN;57
820CE78A;2;GPH;RAD;Gurvanbulag;MAIN;57
820CE78A;3;GPH;GMAG;Gurvanbulag;MAIN;57
820CE78A;4;GPH;WLOG;Gurvanbulag;MAIN;61|62
8253C4DC;1;GPH;EM;Key Lake West;MAIN;36
8253C4DC;2;GPH;AMAG;Key Lake West;MAIN;36
82BA40E4;1;GPH;AMAG;Double S trend;MAIN;24
82BA40E4;2;GPH;VLF;Double S trend;MAIN;24
82BA40E4;3;GPH;RAD;Double S trend;MAIN;24
8293E4D9;1;GPH;MT;Elenita;MAIN;45
8293E4D9;2;GPH;GMAG;Elenita;MAIN;55|56
82E04501;1;GPH;GMAG;Nahmint Property;MAIN;13|20
82E04501;2;GPH;EM;Nahmint Property;MAIN;13
82E04501;3;GPH;AMAG;Nahmint Property;MAIN;15
8320CC3E;1;GPH;AMAG;Pickle Lake Property;MAIN;64|75|76
8320CC3E;2;GPH;EM;Pickle Lake Property;MAIN;64|75
8320CC3E;3;GPH;GMAG;Pickle Lake Property;MAIN;75|76
8320CC3E;4;GPH;VLF;Pickle Lake Property;MAIN;76
8320CC3E;5;GPH;IP;Pickle Lake Property;MAIN;76
8320CC3E;6;GPH;UNS;Pickle Lake Property;MAIN;75
83397A16;1;GPH;IP;La Dura West;MAIN;44|45|46
8381B18D;1;GPH;RES;Centennial Project;MAIN;16
8381B18D;2;GPH;WLOG;Centennial Project;MAIN;16
8363E591;1;GPH;EM;Bisha Main Zone;MAIN;89|91|92
8363E591;2;GPH;GMAG;Bisha Main Zone;MAIN;89|91
8363E591;3;GPH;AMAG;Bisha Main Zone;MAIN;89|92
8363E591;4;GPH;GRV;Bisha Main Zone;MAIN;89|90|91|92
8363E591;5;GPH;IP;Bisha Main Zone;MAIN;90|91
8363E591;6;GPH;RES;Bisha Main Zone;MAIN;90|91
838CD3FF;1;GPH;WLOG;Salar de Diablillos;MAIN;62|64
838CD3FF;2;GPH;GRV;Salar de Diablillos;MAIN;62|65
838DE7A4;1;GPH;IP;Banana Zone;MAIN;27
838DE7A4;2;GPH;EM;Banana Zone;MAIN;27
838DE7A4;3;GPH;AMAG;Banana Zone;MAIN;27
83B281ED;1;GPH;AMAG;Southeast Pediment;MAIN;34|58
83B281ED;2;GPH;GRV;Southeast Pediment;MAIN;34
83B281ED;3;GPH;RES;Southeast Pediment;MAIN;57
83B281ED;4;GPH;VLF;Southeast Pediment;MAIN;57
83B281ED;5;GPH;RAD;Southeast Pediment;MAIN;58
83B45805;1;GPH;AMAG;Yandera;MAIN;27
83C492EC;1;GPH;EM;Swan Lake Zone;MAIN;43|44
83C492EC;2;GPH;AMAG;Swan Lake Zone;MAIN;26|43|44|50
83C492EC;3;GPH;VLF;Swan Lake Zone;MAIN;50
83C492EC;4;GPH;RAD;Swan Lake Zone;MAIN;26
0006F2F8;1;GPH;UNS;Bleikvassli;MAIN;13
000018AE;1;GPH;AMAG;Fire Lake North;MAIN;84|87|92
000018AE;2;GPH;GRV;Fire Lake North;MAIN;92
00733BCB;1;GPH;RAD;C de Baca Project;MAIN;29
009E0E02;1;GPH;EM;Empire State Mines;MAIN;56
00A1F635;1;GPH;AMAG;Nama;MAIN;26|35
00A1F635;2;GPH;RAD;Nama;MAIN;26|35
01083CCE;1;GPH;EM;Mousseau West;MAIN;20|22|23
01083CCE;2;GPH;MALM;Mousseau West;MAIN;23
01506643;1;GPH;AMAG;Zara Property;MAIN;16
01506643;2;GPH;EM;Zara Property;MAIN;16|17
01995397;1;GPH;SES;Salar de Maricunga Brine;MAIN;72
01995397;2;GPH;MT;Salar de Maricunga Brine;MAIN;73
01995397;3;GPH;EM;Salar de Maricunga Brine;MAIN;73
01995397;5;GPH;GRV;Salar de Maricunga Brine;MAIN;73
01C7E909;1;GPH;AMAG;Koh-i-Noor;MAIN;166|169
01BA19C2;1;GPH;GMAG;Gulçari A;MAIN;96|97
01BA19C2;2;GPH;IP;Gulçari A;MAIN;96|97|98
01BA19C2;3;GPH;VLF;Gulçari A;MAIN;97
02196382;1;GPH;RAD;Farim (FPA horizon);MAIN;82|83|84
01F15D09;1;GPH;GMAG;Haynes Cobalt Project;MAIN;32
02267317;1;GPH;AMAG;Trairão;MAIN;68
02267317;2;GPH;GMAG;Trairão;MAIN;59
023AF742;1;GPH;RAD;Dasa;MAIN;71
02534FC5;1;GPH;RAD;Thacker Pass Deposit;MAIN;85
02534FC5;2;GPH;SES;Thacker Pass Deposit;MAIN;85
02A741A2;1;GPH;SES;Donkin Project;MAIN;20
02A367B2;1;GPH;AMAG;Pedra Branca;MAIN;53|55
02AA1980;1;GPH;AMAG;TLC;MAIN;102
02B352B1;1;GPH;AMAG;Bujagali Property;MAIN;40
02B352B1;2;GPH;RAD;Bujagali Property;MAIN;40
02B352B1;3;GPH;EM;Bujagali Property;MAIN;41
02B352B1;4;GPH;UNS;Bujagali Property;MAIN;41
02C4B738;1;GPH;SES;Lanigan;MAIN;29|32|33|34
02C4B738;2;GPH;WLOG;Lanigan;MAIN;35
0315D3A1;1;GPH;EM;Nisk;MAIN;63
0315D3A1;2;GPH;IP;Nisk;MAIN;63
0325E82C;1;GPH;UNS;Ularring Hematite Project;MAIN;53
0346E591;1;GPH;GMAG;Lomonosovskoye;MAIN;65
035B1955;1;GPH;EM;JR zone;MAIN;58|60
035B1955;2;GPH;RES;JR zone;MAIN;58|60
035B1955;4;GPH;MT;JR zone;MAIN;58|60
035B1955;5;GPH;AMAG;JR zone;MAIN;58|60
035B1955;6;GPH;IP;JR zone;MAIN;58|60
035B1955;7;GPH;GRV;JR zone;MAIN;58|60
03691FDF;1;GPH;EM;Lac Aux Bouleaux;MAIN;60|62
0368B2A0;1;GPH;EM;Aripuanã Deposits;MAIN;63|65|66
0368B2A0;2;GPH;AMAG;Aripuanã Deposits;MAIN;63|65|66
0368B2A0;3;GPH;RAD;Aripuanã Deposits;MAIN;63|65
0368B2A0;4;GPH;GMAG;Aripuanã Deposits;MAIN;63|65
0368B2A0;5;GPH;GRV;Aripuanã Deposits;MAIN;63
0368B2A0;6;GPH;IP;Aripuanã Deposits;MAIN;63
0368B2A0;7;GPH;VLF;Aripuanã Deposits;MAIN;63
0387FAD0;4;GPH;RAD;Area 4;MAIN;108|111
0387FAD0;5;GPH;AMAG;Area 4;MAIN;108
0387FAD0;6;GPH;GMAG;Area 4;MAIN;108
0387FAD0;7;GPH;GRV;Area 4;MAIN;108
0387FAD0;8;GPH;IP;Area 4;MAIN;112
0387FAD0;9;GPH;RES;Area 4;MAIN;112
0391D5DD;1;GPH;AMAG;Tamarack Zone;MAIN;90|91
0391D5DD;2;GPH;EM;Tamarack Zone;MAIN;90|91|92|93|97
0391D5DD;3;GPH;GMAG;Tamarack Zone;MAIN;90
0391D5DD;4;GPH;GRV;Tamarack Zone;MAIN;90|92|94
0391D5DD;5;GPH;MT;Tamarack Zone;MAIN;90|93|97
0391D5DD;6;GPH;IP;Tamarack Zone;MAIN;90|92
0391D5DD;7;GPH;SES;Tamarack Zone;MAIN;90|97
0391D5DD;8;GPH;MALM;Tamarack Zone;MAIN;90|92
0407F3F0;1;GPH;GMAG;Vendôme deposit;MAIN;15
03D67450;1;GPH;EM;Greenland Norite Belt;MAIN;67|72|73|74
03D67450;2;GPH;AMAG;Greenland Norite Belt;MAIN;73|74
03D67450;4;GPH;GRV;Greenland Norite Belt;MAIN;67|74
043AD030;1;GPH;RES;Nevada North Lithium Project;MAIN;46
043AD030;2;GPH;EM;Nevada North Lithium Project;MAIN;46
03E21B6F;1;GPH;AMAG;AurMac;MAIN;102|108
03E21B6F;2;GPH;RAD;AurMac;MAIN;102
04E26B46;1;GPH;EM;Salar de Pocitos;MAIN;50
04E26B46;2;GPH;MT;Salar de Pocitos;MAIN;50|51|52|53|54|55
050AEBF5;1;GPH;IP;Blue Moon;MAIN;60
050AEBF5;2;GPH;EM;Blue Moon;MAIN;60|61
050AEBF5;3;GPH;GRV;Blue Moon;MAIN;60|61
04F6F424;1;GPH;SES;Salar de Maricunga;MAIN;101
04F6F424;2;GPH;MT;Salar de Maricunga;MAIN;101|104
04F6F424;3;GPH;EM;Salar de Maricunga;MAIN;101|104
04F6F424;5;GPH;GRV;Salar de Maricunga;MAIN;101|105
051B3EFB;1;GPH;IP;C5 Ni deposit;MAIN;37|41|47
051B3EFB;2;GPH;MT;C5 Ni deposit;MAIN;47
05439B3C;1;GPH;AMAG;Lac Lamêlée;MAIN;65
05439B3C;2;GPH;RAD;Lac Lamêlée;MAIN;65
05439B3C;3;GPH;GRV;Lac Lamêlée;MAIN;65|66
05439B3C;4;GPH;GMAG;Lac Lamêlée;MAIN;65
05B0ED18;1;GPH;AMAG;Grass Mountain Area;MAIN;39|40
05B0ED18;2;GPH;EM;Grass Mountain Area;MAIN;39
05B0ED18;3;GPH;IP;Grass Mountain Area;MAIN;17|39|40
05B0ED18;4;GPH;GMAG;Grass Mountain Area;MAIN;40
05B0ED18;5;GPH;SP;Grass Mountain Area;MAIN;30
05B41AF6;1;GPH;EM;Windfall Lake;MAIN;133|135
05B41AF6;2;GPH;AMAG;Windfall Lake;MAIN;133|135
05B41AF6;3;GPH;IP;Windfall Lake;MAIN;133|134|137|138
05B41AF6;4;GPH;WLOG;Windfall Lake;MAIN;134|138
06161257;1;GPH;EM;NRJV Project;MAIN;30|53|54|55|56|57
06161257;2;GPH;AMAG;NRJV Project;MAIN;30|53|54|55|56|57
06161257;3;GPH;VLF;NRJV Project;MAIN;30|53
06161257;4;GPH;GMAG;NRJV Project;MAIN;30|53|54|55|56
06161257;5;GPH;GRV;NRJV Project;MAIN;30
06161257;6;GPH;IP;NRJV Project;MAIN;30|53|54|55|56
06161257;7;GPH;MT;NRJV Project;MAIN;53|54|55|56
06161257;8;GPH;RES;NRJV Project;MAIN;53
065894EE;1;GPH;RAD;Foxtrot deposit;MAIN;58
065894EE;2;GPH;AMAG;Foxtrot deposit;MAIN;58
065894EE;3;GPH;GMAG;Foxtrot deposit;MAIN;58|59
066A4C11;1;GPH;GMAG;Aurora South;MAIN;44
066A4C11;2;GPH;EM;Aurora South;MAIN;44
066A4C11;3;GPH;AMAG;Aurora South;MAIN;45
067ECD21;1;GPH;MT;Mount Dore;MAIN;49
067ECD21;2;GPH;GMAG;Mount Dore;MAIN;49
067ECD21;3;GPH;GRV;Mount Dore;MAIN;49
068E29DE;1;GPH;RES;Terra Cotta Project;MAIN;33|40|41
069C1551;3;GPH;RAD;Carina;MAIN;98
069C1551;4;GPH;AMAG;Carina;MAIN;98
06A4F963;1;GPH;GRV;Key Lake South Project;MAIN;65|70
06A4F963;3;GPH;EM;Key Lake South Project;MAIN;47|48
06A4F963;4;GPH;AMAG;Key Lake South Project;MAIN;47
06AEBD77;1;GPH;UNS;Salar de Pozuelos;MAIN;58|63
06ECA127;1;GPH;EM;Nepisiguit A;MAIN;46|48
06ECA127;2;GPH;GRV;Nepisiguit A;MAIN;46
0709CC79;1;GPH;RAD;Etango;MAIN;62
0709CC79;2;GPH;AMAG;Etango;MAIN;62
0709CC79;3;GPH;UNS;Etango;MAIN;62
0709CC79;6;GPH;EM;Etango;MAIN;66
075849A1;1;GPH;IP;Pine Point;MAIN;82
075849A1;2;GPH;SES;Pine Point;MAIN;82
075849A1;3;GPH;GRV;Pine Point;MAIN;82
075849A1;4;GPH;EM;Pine Point;MAIN;83
075849A1;5;GPH;AMAG;Pine Point;MAIN;83
07932F80;1;GPH;RAD;Sumner Property;MAIN;52
07932F80;2;GPH;RES;Sumner Property;MAIN;52
07BB167A;1;GPH;AMAG;N-204;MAIN;77
07BB167A;2;GPH;EM;N-204;MAIN;77
07AFBC2A;1;GPH;EM;Jiama;MAIN;60
07AFBC2A;2;GPH;GMAG;Jiama;MAIN;60
07AFBC2A;3;GPH;UNS;Jiama;MAIN;60
07AFBC2A;4;GPH;IP;Jiama;MAIN;60
07CA27E3;1;GPH;IP;Grasset deposit;MAIN;58
07CA27E3;2;GPH;GMAG;Grasset deposit;MAIN;58
07CA27E3;3;GPH;EM;Grasset deposit;MAIN;58
07CF8F0B;1;GPH;AMAG;Oil Can;MAIN;52|54|67
07CF8F0B;2;GPH;GRV;Oil Can;MAIN;52|67
081AA94E;1;GPH;SES;Rocanville;MAIN;27|30
081AA94E;2;GPH;UNS;Rocanville;MAIN;27|33
0850A1EB;1;GPH;GRV;Bounty Potash Project;MAIN;25
08890AAC;1;GPH;GMAG;Whabouchi;MAIN;22|30
08890AAC;2;GPH;VLF;Whabouchi;MAIN;22
08890AAC;4;GPH;AMAG;Whabouchi;MAIN;30
08C3E831;1;GPH;IP;Wisner South and Southwest zones;MAIN;23|28|29
08C3E831;2;GPH;EM;Wisner South and Southwest zones;MAIN;28|29
08C3E831;3;GPH;GMAG;Wisner South and Southwest zones;MAIN;28
08B5659D;1;GPH;MT;Kevitsa;MAIN;39
08B5659D;2;GPH;RES;Kevitsa;MAIN;39
08B5659D;3;GPH;IP;Kevitsa;MAIN;39|43
08B5659D;4;GPH;EM;Kevitsa;MAIN;38|40|43
08B5659D;5;GPH;SES;Kevitsa;MAIN;38|40|41
08B5659D;6;GPH;AMAG;Kevitsa;MAIN;43
08B5659D;7;GPH;GMAG;Kevitsa;MAIN;43
08B5659D;8;GPH;RAD;Kevitsa;MAIN;43
08B5659D;9;GPH;GRV;Kevitsa;MAIN;43
08B5659D;10;GPH;VLF;Kevitsa;MAIN;43
08B5659D;11;GPH;SP;Kevitsa;MAIN;43
08B5659D;12;GPH;MALM;Kevitsa;MAIN;43
08B5659D;13;GPH;WLOG;Kevitsa;MAIN;43
09093878;1;GPH;EM;Roncevaux vein;MAIN;28
09093878;2;GPH;GMAG;Roncevaux vein;MAIN;28
09093878;3;GPH;RES;Roncevaux vein;MAIN;28
091581BF;1;GPH;GMAG;Zandkopsdrift;MAIN;75|79|81
091581BF;2;GPH;RAD;Zandkopsdrift;MAIN;79|81
091581BF;3;GPH;AMAG;Zandkopsdrift;MAIN;81
0960013A;1;GPH;EM;Salar Incahuasi;MAIN;44|45|46|47
094D186D;1;GPH;GMAG;Lac Virot;MAIN;81|88
09668AB7;1;GPH;UNS;Valencia;MAIN;43
09668AB7;2;GPH;RAD;Valencia;MAIN;43
0977F12A;1;GPH;SES;Atlantis II Deep;MAIN;23
09963E99;3;GPH;AMAG;Pine Point;MAIN;182|187
09963E99;4;GPH;GRV;Pine Point;MAIN;182|185
09963E99;5;GPH;EM;Pine Point;MAIN;184
09963E99;6;GPH;IP;Pine Point;MAIN;185|187
09A824CB;1;GPH;AMAG;Malatswae Kimberlite Target;MAIN;29
09A824CB;2;GPH;GMAG;Malatswae Kimberlite Target;MAIN;29
09A824CB;3;GPH;GRV;Malatswae Kimberlite Target;MAIN;29
09A824CB;4;GPH;GPR;Malatswae Kimberlite Target;MAIN;29
09A824CB;5;GPH;MT;Malatswae Kimberlite Target;MAIN;29
09FA71F7;1;GPH;SES;Vanscoy Potash Operations;MAIN;30|35
0A002C42;1;GPH;SES;Allan;MAIN;27
0A42C711;1;GPH;GMAG;Pegmatite 1;MAIN;60
0A42C711;2;GPH;AMAG;Pegmatite 1;MAIN;63
0A6DF130;1;GPH;EM;Patterson Lake North;MAIN;18|29|31
0A6DF130;2;GPH;AMAG;Patterson Lake North;MAIN;18|29|31
0A6DF130;3;GPH;RAD;Patterson Lake North;MAIN;18|37
0A6DF130;4;GPH;VLF;Patterson Lake North;MAIN;18
0A6DF130;5;GPH;GRV;Patterson Lake North;MAIN;18
0A6DF130;6;GPH;GMAG;Patterson Lake North;MAIN;18|29
0A6DF130;7;GPH;RES;Patterson Lake North;MAIN;29
0A8256E5;1;GPH;GRV;Tom;MAIN;80
0A8256E5;2;GPH;EM;Tom;MAIN;82
0A8256E5;3;GPH;AMAG;Tom;MAIN;82
0A9030E4;1;GPH;GMAG;Josette;MAIN;102|103|105
0A9030E4;2;GPH;AMAG;Josette;MAIN;102|103
0A9030E4;3;GPH;EM;Josette;MAIN;102|103|104|105
0A9030E4;4;GPH;IP;Josette;MAIN;103
0A9030E4;5;GPH;RAD;Josette;MAIN;103|104
0ACCCFB8;1;GPH;AMAG;South Mountain;MAIN;66
0ACCCFB8;2;GPH;RAD;South Mountain;MAIN;66
0ACCCFB8;3;GPH;GRV;South Mountain;MAIN;66
0ACCCFB8;4;GPH;GMAG;South Mountain;MAIN;60|66
0ACCCFB8;5;GPH;EM;South Mountain;MAIN;66
0B036565;1;GPH;SES;Gordon Creek area;MAIN;42|43
0B217204;1;GPH;EM;West Bear Cobalt-Nickel Deposit;MAIN;41|42
0B217204;3;GPH;AMAG;West Bear Cobalt-Nickel Deposit;MAIN;42
0B217204;4;GPH;RAD;West Bear Cobalt-Nickel Deposit;MAIN;42
0B2CB724;1;GPH;EM;Dundonald North;MAIN;128|129|133
0B2CB724;2;GPH;AMAG;Dundonald North;MAIN;128|129
0B3B2F67;1;GPH;AMAG;Star Kimberlite;MAIN;92
0B3B2F67;2;GPH;UNS;Star Kimberlite;MAIN;92
0B3B2F67;3;GPH;SES;Star Kimberlite;MAIN;92
0B3B2F67;4;GPH;EM;Star Kimberlite;MAIN;92
0B3B6496;1;GPH;EM;Shea Creek Deposits;MAIN;48|49|50|51
0B3B6496;2;GPH;AMAG;Shea Creek Deposits;MAIN;48|49
0B3B6496;3;GPH;GRV;Shea Creek Deposits;MAIN;48
0B3B6496;4;GPH;RES;Shea Creek Deposits;MAIN;48
0B3B6496;5;GPH;MT;Shea Creek Deposits;MAIN;49|51
0B5FF3AB;1;GPH;SES;Disley Project;MAIN;95|96
0B597B85;1;GPH;GMAG;TGZ;MAIN;51|59
0B8066CD;1;GPH;AMAG;Muntanga;MAIN;111|113
0B8066CD;2;GPH;RAD;Muntanga;MAIN;111
0B8066CD;4;GPH;EM;Muntanga;MAIN;113
0B8A36E9;1;GPH;EM;West Bear Cobalt-Nickel Deposit;MAIN;52|53|67
0B8A36E9;2;GPH;RAD;West Bear Cobalt-Nickel Deposit;MAIN;52|58
0B8A36E9;3;GPH;AMAG;West Bear Cobalt-Nickel Deposit;MAIN;52
0C0821DC;1;GPH;SES;Vanscoy;MAIN;33|39
0C180A62;1;GPH;EM;Lalor;MAIN;64
0C431B4C;1;GPH;SES;Salar de Maricunga;MAIN;105
0C431B4C;2;GPH;MT;Salar de Maricunga;MAIN;108
0C431B4C;3;GPH;EM;Salar de Maricunga;MAIN;108
0C431B4C;4;GPH;GRV;Salar de Maricunga;MAIN;109
0C4D88B2;1;GPH;AMAG;Bokoni Mine;MAIN;39|45
0C992B97;1;GPH;AMAG;Foxtrot Project;MAIN;45|51
0C992B97;2;GPH;RAD;Foxtrot Project;MAIN;51
0C992B97;3;GPH;GMAG;Foxtrot Project;MAIN;45
0CA56013;1;GPH;EM;Buckingham property;MAIN;9|15|17|20|21|22
0CA56013;2;GPH;AMAG;Buckingham property;MAIN;9|20|21
0CEDB2F9;1;GPH;EM;McArthur River deposit;MAIN;50|51|52
0CEDB2F9;2;GPH;AMAG;McArthur River deposit;MAIN;50|51
0CEDB2F9;3;GPH;RES;McArthur River deposit;MAIN;50|51|52
0CEDB2F9;4;GPH;GRV;McArthur River deposit;MAIN;50|51
0CEDB2F9;5;GPH;MT;McArthur River deposit;MAIN;50|51
0CEDB2F9;6;GPH;SES;McArthur River deposit;MAIN;50|53
0D092780;1;GPH;RES;Ragedara Mine;MAIN;35|36
0D092780;2;GPH;IP;Ragedara Mine;MAIN;35|36
0D7ADC49;1;GPH;GRV;K-Hill;MAIN;44
0D7ADC49;2;GPH;GMAG;K-Hill;MAIN;44
0D7ADC49;3;GPH;IP;K-Hill;MAIN;44
0D889AE7;1;GPH;GMAG;Crater Lake;MAIN;51|58
0DD61F59;1;GPH;AMAG;Silverside;MAIN;45
0DD61F59;2;GPH;VLF;Silverside;MAIN;45|46
0DD85D0E;1;GPH;AMAG;Moire Lake;MAIN;44|46|51
0E3386F5;1;GPH;SES;Duperow Formation Brines;MAIN;27
0E298D31;1;GPH;GMAG;Covas;MAIN;39|40|50
0E298D31;2;GPH;IP;Covas;MAIN;39|48
0E298D31;3;GPH;GRV;Covas;MAIN;42
0E4DBCB8;1;GPH;AMAG;Rurembo Pegmatites;MAIN;20
0E5E7976;1;GPH;MT;Resting Lake;MAIN;37
0E5E7976;2;GPH;EM;Resting Lake;MAIN;37
0E5E7976;3;GPH;AMAG;Resting Lake;MAIN;37|56
0E5E7976;4;GPH;GMAG;Resting Lake;MAIN;37
0EB3BA01;1;GPH;AMAG;Auton;MAIN;33
0EB3BA01;2;GPH;WLOG;Auton;MAIN;33
0EB3BA01;3;GPH;RAD;Auton;MAIN;33
0EB3BA01;4;GPH;RES;Auton;MAIN;33
0ECD3D07;1;GPH;SES;Beta Hunt Gold Deposits;MAIN;59
0F2A1210;1;GPH;GMAG;Forcarei Sur Pegmatites;MAIN;46|48
0F2A1210;2;GPH;AMAG;Forcarei Sur Pegmatites;MAIN;47
0F2A1210;3;GPH;RES;Forcarei Sur Pegmatites;MAIN;46
0F2A1210;4;GPH;VLF;Forcarei Sur Pegmatites;MAIN;46
0F2A1210;5;GPH;GRV;Forcarei Sur Pegmatites;MAIN;46
0F2A1210;6;GPH;GPR;Forcarei Sur Pegmatites;MAIN;46
0F2C934A;1;GPH;AMAG;Redtree;MAIN;76|79|81
0F2C934A;2;GPH;RAD;Redtree;MAIN;75|76|79|82
0F2C934A;3;GPH;GRV;Redtree;MAIN;79|81
0F2C934A;5;GPH;SWIR;Redtree;MAIN;78
0FB4F351;1;GPH;AMAG;Alkali Flat;MAIN;45|49
0FB4F351;2;GPH;GRV;Alkali Flat;MAIN;45
0FB708B3;1;GPH;SES;Kutai Block CBM;MAIN;5
0FB708B3;2;GPH;WLOG;Kutai Block CBM;MAIN;5
105DB0E8;1;GPH;AMAG;El Porvenir;MAIN;92
105DB0E8;3;GPH;SWIR;El Porvenir;MAIN;90|92
102FF38F;1;GPH;UNS;Valencia;MAIN;66
102FF38F;2;GPH;RAD;Valencia;MAIN;66
10C8DE51;1;GPH;UNS;Cerro Rojo;MAIN;38
10C49368;1;GPH;AMAG;Walker Gossan;MAIN;59
10C49368;2;GPH;RAD;Walker Gossan;MAIN;59
10D7B213;2;GPH;RAD;Farim;MAIN;123|124
10FCE472;1;GPH;RAD;Chord Project;MAIN;44|50|51
10FCE472;2;GPH;SP;Chord Project;MAIN;44|51
10FCE472;3;GPH;RES;Chord Project;MAIN;44|51
110AEDBA;1;GPH;AMAG;Foxtrot Project;MAIN;56
110AEDBA;2;GPH;RAD;Foxtrot Project;MAIN;56
110AEDBA;3;GPH;GMAG;Foxtrot Project;MAIN;50
11EB3CAA;1;GPH;RAD;B Zone;MAIN;53
11EB3CAA;2;GPH;AMAG;B Zone;MAIN;53
11EB3CAA;3;GPH;GRV;B Zone;MAIN;53
11EB3CAA;4;GPH;IP;B Zone;MAIN;53
11EB3CAA;5;GPH;GMAG;B Zone;MAIN;53
11F6C8D5;1;GPH;IP;River Valley;MAIN;48|49|56|57
11F6C8D5;2;GPH;GMAG;River Valley;MAIN;48|49
11F6C8D5;3;GPH;AMAG;River Valley;MAIN;48
11F6C8D5;4;GPH;EM;River Valley;MAIN;48
11F6C8D5;5;GPH;RAD;River Valley;MAIN;48
11F6C8D5;6;GPH;GRV;River Valley;MAIN;49
11F70411;1;GPH;GMAG;Canning;MAIN;92|93|94|95
11F70411;2;GPH;AMAG;Canning;MAIN;92|95|96|97|98|99|100|102|103
11F70411;3;GPH;RAD;Canning;MAIN;92|95|96|97|98|99|101|102|104
1203AD40;1;GPH;IP;Puerto Rico Property;MAIN;47
1203AD40;2;GPH;EM;Puerto Rico Property;MAIN;47
12BEFD1B;1;GPH;AMAG;Mphahlele;MAIN;43
12BEFD1B;2;GPH;RAD;Mphahlele;MAIN;43
12CAEF3E;1;GPH;IP;Fox Tungsten Project;MAIN;53
12CAEF3E;3;GPH;AMAG;Fox Tungsten Project;MAIN;54
12CAEF3E;4;GPH;RAD;Fox Tungsten Project;MAIN;54
12D784A7;1;GPH;EM;Mel deposit;MAIN;74|83
12D784A7;2;GPH;MT;Mel deposit;MAIN;83
13135657;1;GPH;AMAG;Ambatovy;MAIN;46
13135657;2;GPH;RAD;Ambatovy;MAIN;46
13314440;1;GPH;AMAG;Vazante Operation;MAIN;99
13314440;2;GPH;RAD;Vazante Operation;MAIN;99
13314440;3;GPH;GRV;Vazante Operation;MAIN;99|102
13314440;4;GPH;IP;Vazante Operation;MAIN;102
13314440;5;GPH;RES;Vazante Operation;MAIN;102
13314440;6;GPH;GMAG;Vazante Operation;MAIN;102
136069E9;1;GPH;RES;Salar de Llullaillaco;MAIN;89
136069E9;2;GPH;SP;Salar de Llullaillaco;MAIN;89
136069E9;3;GPH;SES;Salar de Llullaillaco;MAIN;89
136069E9;4;GPH;EM;Salar de Llullaillaco;MAIN;89
136069E9;5;GPH;GRV;Salar de Llullaillaco;MAIN;89
1374ADF5;1;GPH;EM;Salar de Ollagüe;MAIN;72
14055364;3;GPH;AMAG;Trairão Ridge;MAIN;59|77
14055364;4;GPH;RAD;Trairão Ridge;MAIN;59
14055364;5;GPH;GMAG;Trairão Ridge;MAIN;68|69
141840A4;2;GPH;RAD;Main Zone;MAIN;32
141840A4;3;GPH;UNS;Main Zone;MAIN;32
148EBB35;1;GPH;AMAG;Kelvin;MAIN;37
1565804C;1;GPH;EM;Texmont Project;MAIN;101|102
1565804C;2;GPH;AMAG;Texmont Project;MAIN;101|102
14E5F476;1;GPH;EM;Duddridge Lake;MAIN;16|25|32
14E5F476;2;GPH;AMAG;Duddridge Lake;MAIN;25
15719B7A;1;GPH;AMAG;B-Zone;MAIN;64
15719B7A;2;GPH;EM;B-Zone;MAIN;64
157C511D;1;GPH;RAD;Nichols Ranch;MAIN;86
15E61A08;1;GPH;RAD;North Queensland Vanadium Project;MAIN;57
15E61A08;2;GPH;GRV;North Queensland Vanadium Project;MAIN;57
161EA586;1;GPH;IP;Kilometre 26 Nickel;MAIN;20
161EA586;2;GPH;UNS;Kilometre 26 Nickel;MAIN;20
161EA586;3;GPH;AMAG;Kilometre 26 Nickel;MAIN;20
161EA586;4;GPH;EM;Kilometre 26 Nickel;MAIN;20
15D59439;1;GPH;IP;Gryphon;MAIN;77|78
15D59439;2;GPH;EM;Gryphon;MAIN;77|78
15D59439;3;GPH;GRV;Gryphon;MAIN;77|78
15D59439;4;GPH;WLOG;Gryphon;MAIN;78
15D59439;6;GPH;AMAG;Gryphon;MAIN;78
15D59439;7;GPH;RAD;Gryphon;MAIN;78
16238EDB;1;GPH;AMAG;Nechalacho deposit;MAIN;85
163EABC7;1;GPH;AMAG;J Zone;MAIN;72
163EABC7;2;GPH;EM;J Zone;MAIN;72|73
163EABC7;3;GPH;IP;J Zone;MAIN;72|73|74
163EABC7;4;GPH;GRV;J Zone;MAIN;72
163EABC7;5;GPH;RAD;J Zone;MAIN;79|80
16728756;1;GPH;WLOG;Middle Kittanning;MAIN;26
165DACF6;1;GPH;IP;CV5 and CV13 Pegmatites;MAIN;104|107
165DACF6;2;GPH;AMAG;CV5 and CV13 Pegmatites;MAIN;104|107
165DACF6;6;GPH;GMAG;CV5 and CV13 Pegmatites;MAIN;107
165DACF6;7;GPH;GRV;CV5 and CV13 Pegmatites;MAIN;107
165DACF6;8;GPH;RAD;CV5 and CV13 Pegmatites;MAIN;107
165DACF6;9;GPH;SES;CV5 and CV13 Pegmatites;MAIN;109
16921C3E;1;GPH;GRV;Magellan;MAIN;72
16921C3E;5;GPH;EM;Magellan;MAIN;74|75
16921C3E;6;GPH;AMAG;Magellan;MAIN;74
16921C3E;7;GPH;RAD;Magellan;MAIN;74
16F0B5B9;1;GPH;EM;West Bear Project;MAIN;49|50|51
16F0B5B9;2;GPH;AMAG;West Bear Project;MAIN;49|50|51|53|54
16F0B5B9;3;GPH;GRV;West Bear Project;MAIN;49|53|54
16F0B5B9;5;GPH;RAD;West Bear Project;MAIN;49|53|54
176E726B;1;GPH;EM;Goatfell;MAIN;51
176E726B;2;GPH;GMAG;Goatfell;MAIN;51
178022C4;1;GPH;GMAG;Farrell-Taylor;MAIN;61
178022C4;2;GPH;EM;Farrell-Taylor;MAIN;61
17BB3CC7;1;GPH;MT;Sweet Spot;MAIN;48|51
17BB3CC7;2;GPH;GRV;Sweet Spot;MAIN;48|54
17BB3CC7;3;GPH;EM;Sweet Spot;MAIN;52
17BC7C26;1;GPH;GMAG;Eagle Island;MAIN;65
17BC7C26;2;GPH;GRV;Eagle Island;MAIN;65
180DE2C3;1;GPH;AMAG;Marathon Deposit;MAIN;106|108
183758FF;1;GPH;EM;Salar de Pastos Grandes;MAIN;55
183758FF;2;GPH;RES;Salar de Pastos Grandes;MAIN;56
183758FF;3;GPH;MT;Salar de Pastos Grandes;MAIN;59
1855E022;1;GPH;EM;Cardiac Creek;MAIN;83
1855E022;2;GPH;GRV;Cardiac Creek;MAIN;84
18A7701E;1;GPH;IP;James Bay Lithium Project;MAIN;33
18A7701E;2;GPH;GMAG;James Bay Lithium Project;MAIN;33
18BF480C;2;GPH;EM;Kenbridge Deposit;MAIN;94|95
18C300A6;1;GPH;EM;Molo;MAIN;44|57
18C300A6;2;GPH;AMAG;Molo;MAIN;44
18DFD7AD;1;GPH;AMAG;Parkin Offset;MAIN;17|27|36
18DFD7AD;2;GPH;GMAG;Parkin Offset;MAIN;26|29|32
18DFD7AD;3;GPH;EM;Parkin Offset;MAIN;24|28|29|30|32|34|36
18DFD7AD;4;GPH;IP;Parkin Offset;MAIN;28|34
18DFD7AD;5;GPH;MT;Parkin Offset;MAIN;29
18DFD7AD;6;GPH;VLF;Parkin Offset;MAIN;35
18FEF4EB;1;GPH;IP;Bunker Hill Mine;MAIN;75|76
191D3FEB;1;GPH;RES;3Q Salar;MAIN;98|99|100|101
191D3FEB;2;GPH;SES;3Q Salar;MAIN;98|101|102
194FC2C7;1;GPH;MT;Pocitos I;MAIN;51
1934B780;1;GPH;AMAG;Nkout;MAIN;45|50|56|59
1934B780;2;GPH;GRV;Nkout;MAIN;57
1972D29B;1;GPH;AMAG;Laura occurrence;MAIN;12|44
1972D29B;2;GPH;RAD;Laura occurrence;MAIN;12
19B9B09F;1;GPH;GMAG;Shymanivske;MAIN;115
19B9B09F;2;GPH;GRV;Shymanivske;MAIN;115
19D2B404;1;GPH;EM;Key Anacon;MAIN;69|71|81
19D2B404;2;GPH;AMAG;Key Anacon;MAIN;59|78|80
19D2B404;3;GPH;GRV;Key Anacon;MAIN;59|78
19D2B404;4;GPH;IP;Key Anacon;MAIN;81
19D2B404;5;GPH;MT;Key Anacon;MAIN;81
19D56050;1;GPH;AMAG;Farrell-Taylor;MAIN;15
19D56050;2;GPH;EM;Farrell-Taylor;MAIN;15
1A3AC16F;1;GPH;RAD;Macusani Project;MAIN;59|60
1A60F6B3;1;GPH;GMAG;Capim Grosso Project;MAIN;61|65|74|76
1AFEBDB7;1;GPH;GRV;K-Hill;MAIN;47
1AFEBDB7;2;GPH;GMAG;K-Hill;MAIN;47
1AFEBDB7;3;GPH;IP;K-Hill;MAIN;47
1B02B84A;1;GPH;IP;Bandeira;MAIN;81|82
1B02B84A;2;GPH;RES;Bandeira;MAIN;81|82
1B46E19B;1;GPH;GMAG;BK11;MAIN;60|83
1B46E19B;2;GPH;GRV;BK11;MAIN;60|83
1B46E19B;3;GPH;EM;BK11;MAIN;60|83
1B46E19B;4;GPH;AMAG;BK11;MAIN;82
1B9208C4;1;GPH;SES;Allan;MAIN;27
1BBB5ABD;1;GPH;UNS;Los Santos;MAIN;37
1BBA5771;1;GPH;GMAG;Lochaber Graphite Project;MAIN;71
1BBA5771;2;GPH;EM;Lochaber Graphite Project;MAIN;49|68|71
1BBA5771;3;GPH;AMAG;Lochaber Graphite Project;MAIN;68
1BBA5771;4;GPH;RAD;Lochaber Graphite Project;MAIN;68
1BE7E4B3;1;GPH;EM;Aurora Property;MAIN;60
1BE7E4B3;2;GPH;AMAG;Aurora Property;MAIN;60
1BE7E4B3;3;GPH;RAD;Aurora Property;MAIN;60
1C2D025D;1;GPH;IP;Pine Point;MAIN;71
1C2D025D;2;GPH;SES;Pine Point;MAIN;71
1C2D025D;3;GPH;GRV;Pine Point;MAIN;71
1C2D025D;4;GPH;EM;Pine Point;MAIN;72
1C2D025D;5;GPH;AMAG;Pine Point;MAIN;72
1C67D681;1;GPH;EM;Silver Crown;MAIN;50|55|57|63
1C67D681;2;GPH;AMAG;Silver Crown;MAIN;50|56|57|63
1C3D1080;1;GPH;AMAG;El Mochito;MAIN;59
1C3D1080;2;GPH;RES;El Mochito;MAIN;60|61
1CA06E89;1;GPH;SES;SWA Project;MAIN;67
1C9C7A33;1;GPH;AMAG;Hector Property;MAIN;42
1C9C7A33;2;GPH;VLF;Hector Property;MAIN;42
1C9C7A33;3;GPH;GMAG;Hector Property;MAIN;55
1C9D3F3C;1;GPH;AMAG;Nkout;MAIN;41|53
1C9D3F3C;2;GPH;GRV;Nkout;MAIN;53
1CA3822C;1;GPH;SES;Danakhil Potash Deposit;MAIN;80
1CA3822C;2;GPH;EM;Danakhil Potash Deposit;MAIN;83
1D388622;1;GPH;AMAG;Foxtrot Project;MAIN;30|36|37
1D388622;2;GPH;RAD;Foxtrot Project;MAIN;36|38|39
1D388622;3;GPH;GMAG;Foxtrot Project;MAIN;30
1D0ECCE2;2;GPH;RAD;Arrow deposit;MAIN;85|87
1D0ECCE2;3;GPH;GRV;Arrow deposit;MAIN;86|88
1D0ECCE2;4;GPH;RES;Arrow deposit;MAIN;86
1D0ECCE2;5;GPH;IP;Arrow deposit;MAIN;86
1D0ECCE2;6;GPH;AMAG;Arrow deposit;MAIN;87
1D0ECCE2;8;GPH;VLF;Arrow deposit;MAIN;87
1D0ECCE2;9;GPH;EM;Arrow deposit;MAIN;87|88
1D641949;1;GPH;RAD;Marquez;MAIN;22
1D767F3F;1;GPH;GRV;Murray Brook;MAIN;97
1D767F3F;2;GPH;EM;Murray Brook;MAIN;97
1D767F3F;3;GPH;AMAG;Murray Brook;MAIN;97
1D748A1D;1;GPH;AMAG;Rose Deposits;MAIN;94
1D748A1D;2;GPH;GRV;Rose Deposits;MAIN;95|96
1D748A1D;3;GPH;GMAG;Rose Deposits;MAIN;95
1DBD174C;1;GPH;EM;Simpson Graphite Property;MAIN;47|48
1DCAEC02;1;GPH;EM;Tarku Project;MAIN;16|21
1DCAEC02;2;GPH;MT;Tarku Project;MAIN;16
1DCAEC02;3;GPH;RAD;Tarku Project;MAIN;21
1DCAEC02;4;GPH;AMAG;Tarku Project;MAIN;22|23
1DCD0F31;1;GPH;RAD;Arraias;MAIN;57
1DCD0F31;2;GPH;UNS;Arraias;MAIN;57
1DCD0F31;3;GPH;GPR;Arraias;MAIN;57
1DCD0F31;4;GPH;RES;Arraias;MAIN;57
1DCD0F31;5;GPH;SES;Arraias;MAIN;57
1DE1A4DB;1;GPH;EM;Frontier Zone;MAIN;44
1DE1A4DB;2;GPH;AMAG;Frontier Zone;MAIN;44
1DE1A4DB;3;GPH;GMAG;Frontier Zone;MAIN;44
1E337F99;1;GPH;RAD;Deep Fox;MAIN;69
1E337F99;2;GPH;AMAG;Deep Fox;MAIN;69|70|76
1E337F99;5;GPH;GMAG;Deep Fox;MAIN;70
1E2ADF41;1;GPH;IP;RC Zone;MAIN;27
1E2ADF41;3;GPH;AMAG;RC Zone;MAIN;28|30
1E2ADF41;4;GPH;RAD;RC Zone;MAIN;28|30
1E0D8330;5;GPH;RAD;Madaouela;MAIN;27|149
1E60FFA4;1;GPH;AMAG;Joyce Lake;MAIN;37
1E60FFA4;2;GPH;RAD;Joyce Lake;MAIN;37
1E60FFA4;3;GPH;VLF;Joyce Lake;MAIN;37
1E60FFA4;4;GPH;GRV;Joyce Lake;MAIN;37
1E610080;1;GPH;AMAG;Graal;MAIN;36
1E610080;2;GPH;GRV;Graal;MAIN;36
1E610080;3;GPH;EM;Graal;MAIN;38|52
1E7AA30D;1;GPH;GMAG;Frances Creek;MAIN;71|72
1E80ECB2;1;GPH;AMAG;Rubicon;MAIN;139|141|142
1E80ECB2;2;GPH;GMAG;Rubicon;MAIN;139
1E80ECB2;4;GPH;RAD;Rubicon;MAIN;141|142
1E88E1F3;1;GPH;RAD;Charlie Project;MAIN;31
1E6AA68C;1;GPH;RES;Huguenot;MAIN;62|64
1E6AA68C;2;GPH;RAD;Huguenot;MAIN;62|64
1E8BA44E;1;GPH;GMAG;Songwe Hill;MAIN;60
1E8BA44E;2;GPH;RAD;Songwe Hill;MAIN;61
1E8BA44E;3;GPH;GRV;Songwe Hill;MAIN;61
1EA0B091;1;GPH;EM;LAB Property;MAIN;63
1EB63A90;1;GPH;GMAG;Snettisham;MAIN;38|42|43
1EAB5547;1;GPH;AMAG;Xaudum Block 1;MAIN;26
1EAB5547;2;GPH;EM;Xaudum Block 1;MAIN;26|43
1EAB5547;3;GPH;GMAG;Xaudum Block 1;MAIN;41
1EAB5547;4;GPH;RAD;Xaudum Block 1;MAIN;43
1EAB5547;5;GPH;GRV;Xaudum Block 1;MAIN;44
1ECDD06B;1;GPH;AMAG;Borel River;MAIN;36
1EE04080;1;GPH;AMAG;Point Leamington Deposit;MAIN;38
1F1C1FC3;1;GPH;SES;Block C and D;MAIN;15|55|89
1F1C1FC3;2;GPH;WLOG;Block C and D;MAIN;89
1F2B141D;1;GPH;GRV;Clayton Valley Project;MAIN;16
1F2B141D;2;GPH;MT;Clayton Valley Project;MAIN;16|17
1F6215EB;1;GPH;SES;Muskowekwan Potash Members;MAIN;68|69
1F578809;2;GPH;AMAG;Song Toh;MAIN;74|77
1F578809;3;GPH;RAD;Song Toh;MAIN;74|79
1F578809;4;GPH;IP;Song Toh;MAIN;74|86
1FC3EF3B;1;GPH;EM;Geneva Lake Mine;MAIN;19|23
1FC3EF3B;2;GPH;VLF;Geneva Lake Mine;MAIN;19
1FC3EF3B;3;GPH;GMAG;Geneva Lake Mine;MAIN;19
1FC3EF3B;4;GPH;IP;Geneva Lake Mine;MAIN;23
1FAE42B5;1;GPH;AMAG;Lac Guéret;MAIN;77|78
1FAE42B5;2;GPH;EM;Lac Guéret;MAIN;77
1FD959F7;1;GPH;AMAG;Ambatovy;MAIN;52
1FD959F7;2;GPH;RAD;Ambatovy;MAIN;52
1FDBA7FD;1;GPH;EM;Lola Graphite;MAIN;112
1FF68942;1;GPH;IP;Pine Point;MAIN;71
1FF68942;2;GPH;SES;Pine Point;MAIN;71
1FF68942;3;GPH;GRV;Pine Point;MAIN;71
1FF68942;4;GPH;EM;Pine Point;MAIN;72
1FF68942;5;GPH;AMAG;Pine Point;MAIN;72
20798BF3;1;GPH;AMAG;Ardnaree;MAIN;105
20798BF3;2;GPH;RAD;Ardnaree;MAIN;105
20798BF3;3;GPH;GMAG;Ardnaree;MAIN;105
20EF71F3;3;GPH;EM;Escape Deposit;MAIN;95
20EF71F3;4;GPH;MT;Escape Deposit;MAIN;93|95
20EF71F3;5;GPH;GRV;Escape Deposit;MAIN;93
217B0C68;1;GPH;GRV;Waterberg;MAIN;78|79|84
217B0C68;2;GPH;GMAG;Waterberg;MAIN;78
217B0C68;4;GPH;AMAG;Waterberg;MAIN;79
217B0C68;5;GPH;RAD;Waterberg;MAIN;79
21A312FA;1;GPH;AMAG;Cycle VII Potash;MAIN;33|39
21A312FA;2;GPH;GRV;Cycle VII Potash;MAIN;33|39
21A312FA;3;GPH;SES;Cycle VII Potash;MAIN;39
21A5C67E;1;GPH;EM;SMDI 2455;MAIN;56|57|58|59
21A5C67E;2;GPH;AMAG;SMDI 2455;MAIN;56|58|59|64|66
21A5C67E;3;GPH;MT;SMDI 2455;MAIN;56|59|60
21A5C67E;5;GPH;GRV;SMDI 2455;MAIN;64|66
21A5C67E;7;GPH;RAD;SMDI 2455;MAIN;64|66
21B93D3D;1;GPH;AMAG;Hopes Advance Main Zone;MAIN;62|90
21B93D3D;2;GPH;EM;Hopes Advance Main Zone;MAIN;90
21C0B975;1;GPH;AMAG;Lemarchant Deposit;MAIN;43
21C0B975;2;GPH;EM;Lemarchant Deposit;MAIN;43|45|46
21C0B975;3;GPH;IP;Lemarchant Deposit;MAIN;44
21C0B975;4;GPH;MT;Lemarchant Deposit;MAIN;44
21D9DC51;1;GPH;SES;Marathon Deposit;MAIN;104|161
21D9DC51;2;GPH;AMAG;Marathon Deposit;MAIN;108
21D9DC51;3;GPH;MT;Marathon Deposit;MAIN;162
21D9DC51;4;GPH;EM;Marathon Deposit;MAIN;162
2235EB0B;1;GPH;SES;Lanigan;MAIN;18|19
22328F9B;1;GPH;SES;Salar de Maricunga;MAIN;117
22328F9B;2;GPH;MT;Salar de Maricunga;MAIN;118
22328F9B;3;GPH;EM;Salar de Maricunga;MAIN;118
22328F9B;4;GPH;GRV;Salar de Maricunga;MAIN;119
224FB7CE;1;GPH;IP;Blende;MAIN;23
224FB7CE;2;GPH;VLF;Blende;MAIN;23
224FB7CE;3;GPH;EM;Blende;MAIN;23
2293996D;1;GPH;IP;Kaukua;MAIN;65|66
2293996D;2;GPH;AMAG;Kaukua;MAIN;65
22A85D25;1;GPH;EM;Lithium Pegmatites;MAIN;15
22A85D25;2;GPH;GMAG;Lithium Pegmatites;MAIN;15
22A85D25;3;GPH;AMAG;Lithium Pegmatites;MAIN;15
22E1794D;1;GPH;UNS;Mpama North;MAIN;29
22F6915A;1;GPH;RES;Carachi Pampa Salar;MAIN;43
23327B8D;1;GPH;GRV;Teels Marsh;MAIN;38|40
23327B8D;2;GPH;SES;Teels Marsh;MAIN;38|40|41
233F34EA;1;GPH;GMAG;Témiscouata Property;MAIN;9
233F34EA;2;GPH;EM;Témiscouata Property;MAIN;9|44
233F34EA;3;GPH;GRV;Témiscouata Property;MAIN;9|32
233F34EA;5;GPH;RAD;Témiscouata Property;MAIN;9|29
233F34EA;6;GPH;IP;Témiscouata Property;MAIN;9|29|41
233F34EA;7;GPH;MT;Témiscouata Property;MAIN;9|29|48
233F34EA;8;GPH;AMAG;Témiscouata Property;MAIN;33|36
2337FCEB;1;GPH;GRV;K.Hill;MAIN;54
2337FCEB;2;GPH;GMAG;K.Hill;MAIN;54
2337FCEB;3;GPH;IP;K.Hill;MAIN;54
2353029D;1;GPH;RAD;Chord Project;MAIN;39|46
2353029D;2;GPH;SP;Chord Project;MAIN;39|46
2353029D;3;GPH;RES;Chord Project;MAIN;39|46
233FE1C5;1;GPH;AMAG;AK6;MAIN;128
233FE1C5;2;GPH;GMAG;AK6;MAIN;128
233FE1C5;3;GPH;GRV;AK6;MAIN;128
233FE1C5;4;GPH;EM;AK6;MAIN;128
233FE1C5;5;GPH;MT;AK6;MAIN;128
23C6D7F0;7;GPH;GMAG;Berenguela;MAIN;88
241D4FC6;1;GPH;GMAG;Bujagali Property;MAIN;49
241D4FC6;2;GPH;IP;Bujagali Property;MAIN;49
241D4FC6;3;GPH;GRV;Bujagali Property;MAIN;49
24418643;1;GPH;SES;Sidi Mokhtar Prospects;MAIN;17
2468B1D6;1;GPH;AMAG;Layden Showing;MAIN;66
2468B1D6;2;GPH;EM;Layden Showing;MAIN;66
2468B1D6;3;GPH;GRV;Layden Showing;MAIN;64
248172B0;1;GPH;AMAG;Jideh Mountain;MAIN;27
24A686F6;1;GPH;SES;Rocanville;MAIN;28|29|33
249D6213;2;GPH;AMAG;Jackpot;MAIN;57|68
249D6213;4;GPH;EM;Jackpot;MAIN;68
249D6213;6;GPH;VLF;Jackpot;MAIN;68
24BB76FD;1;GPH;AMAG;Wishbone;MAIN;43|46|59
24BB76FD;2;GPH;EM;Wishbone;MAIN;46
24C6DC26;1;GPH;AMAG;Pea Ridge;MAIN;30
255BF235;1;GPH;GMAG;Raleigh Lake Pegmatites;MAIN;52
255BF235;2;GPH;AMAG;Raleigh Lake Pegmatites;MAIN;54
259165E8;1;GPH;MT;Lundberg;MAIN;68
259165E8;2;GPH;IP;Lundberg;MAIN;68
25B3DA6A;1;GPH;IP;Blue Moon;MAIN;60
25B3DA6A;2;GPH;EM;Blue Moon;MAIN;60|61
25B3DA6A;3;GPH;GRV;Blue Moon;MAIN;60|61
25BA7D43;1;GPH;RAD;Workman Creek;MAIN;38
25B27909;1;GPH;EM;J Zone;MAIN;22
25B27909;2;GPH;AMAG;J Zone;MAIN;29
25B27909;3;GPH;RAD;J Zone;MAIN;29
2602BCF1;1;GPH;AMAG;Mina María;MAIN;70
2602BCF1;2;GPH;GMAG;Mina María;MAIN;70
26089936;1;GPH;GMAG;Bloom Lake;MAIN;68
26272DC4;1;GPH;WLOG;Vista South;MAIN;30|31|32
264F5D83;1;GPH;UNS;Minago Deposit;MAIN;52
268D22C2;1;GPH;IP;Zeb Nickel Project;MAIN;109|116|117|118
268D22C2;2;GPH;GMAG;Zeb Nickel Project;MAIN;109|116|117|118
268D22C2;3;GPH;RES;Zeb Nickel Project;MAIN;109|118
268D22C2;4;GPH;AMAG;Zeb Nickel Project;MAIN;118
26A3C924;1;GPH;AMAG;Lac 50;MAIN;56
26A3C924;2;GPH;EM;Lac 50;MAIN;56|74
26A3C924;3;GPH;RAD;Lac 50;MAIN;56|64
26A3C924;4;GPH;GMAG;Lac 50;MAIN;56|58|74|87
26A3C924;5;GPH;VLF;Lac 50;MAIN;56|58|74|87
26A3C924;6;GPH;GRV;Lac 50;MAIN;56|57
26A3C924;7;GPH;RES;Lac 50;MAIN;57|74
26B32E94;1;GPH;RES;Pocitos West;MAIN;37|38
26C374D9;3;GPH;EM;C-Zone;MAIN;78
2714265B;1;GPH;SES;SWA Project;MAIN;67|74
270D9C6D;1;GPH;MT;Current Lake Deposit;MAIN;71|72|73|74
270D9C6D;2;GPH;EM;Current Lake Deposit;MAIN;72|73
27BEC3FA;1;GPH;RAD;B Zone;MAIN;74
27BEC3FA;2;GPH;AMAG;B Zone;MAIN;74
27BEC3FA;3;GPH;GRV;B Zone;MAIN;74
27BEC3FA;4;GPH;IP;B Zone;MAIN;74
27BEC3FA;5;GPH;GMAG;B Zone;MAIN;74
27AD683D;3;GPH;RAD;Area 4;MAIN;83|93|94
27AD683D;4;GPH;AMAG;Area 4;MAIN;83
27AD683D;5;GPH;GMAG;Area 4;MAIN;83
27AD683D;6;GPH;GRV;Area 4;MAIN;83
27AD683D;7;GPH;IP;Area 4;MAIN;93|94
27AD683D;8;GPH;RES;Area 4;MAIN;93|94
27AD683D;9;GPH;SWIR;Area 4;MAIN;79
27DA0C13;1;GPH;AMAG;Emily deposit;MAIN;27
27DA0C13;2;GPH;GRV;Emily deposit;MAIN;27
27DBF48C;3;GPH;EM;Okanjande;MAIN;109
27DBF48C;4;GPH;AMAG;Okanjande;MAIN;109
27D19E16;1;GPH;SES;Danakhil Potash Deposit;MAIN;81|82
27D19E16;2;GPH;EM;Danakhil Potash Deposit;MAIN;82
28212ED7;1;GPH;AMAG;HOAM Kimberlite Field;MAIN;19
28212ED7;2;GPH;GMAG;HOAM Kimberlite Field;MAIN;19
28212ED7;3;GPH;GRV;HOAM Kimberlite Field;MAIN;34
280E700C;5;GPH;SES;NORI Area D;MAIN;68|70|97
28AE798C;1;GPH;VLF;PAK Pegmatite;MAIN;107|123
28AE798C;2;GPH;GMAG;PAK Pegmatite;MAIN;107|123
28AE798C;3;GPH;MT;PAK Pegmatite;MAIN;124
28AE798C;4;GPH;AMAG;PAK Pegmatite;MAIN;124
28AC3209;1;GPH;IP;Samapleu;MAIN;62|63
28AC3209;2;GPH;GMAG;Samapleu;MAIN;62|63
28AC3209;3;GPH;AMAG;Samapleu;MAIN;62|63
28AC3209;4;GPH;RAD;Samapleu;MAIN;62|63
28AC3209;5;GPH;EM;Samapleu;MAIN;53|62|66|70|72|74
28C78FD7;1;GPH;GMAG;Snelgrove;MAIN;38|39
28C78FD7;2;GPH;GRV;Snelgrove;MAIN;38|39
28C78FD7;3;GPH;EM;Snelgrove;MAIN;38
28C78FD7;4;GPH;AMAG;Snelgrove;MAIN;38|39
28C78FD7;5;GPH;RAD;Snelgrove;MAIN;38
28C78FD7;6;GPH;IP;Snelgrove;MAIN;38
28D2233A;1;GPH;AMAG;North Kimberley Diamond Project;MAIN;37|38
28D2233A;2;GPH;RAD;North Kimberley Diamond Project;MAIN;38
28D2233A;3;GPH;EM;North Kimberley Diamond Project;MAIN;37
28D2233A;4;GPH;GRV;North Kimberley Diamond Project;MAIN;37
28D24D35;1;GPH;AMAG;Koala;MAIN;117|118|120|122
28D24D35;2;GPH;EM;Koala;MAIN;117|120|126
28D24D35;3;GPH;VLF;Koala;MAIN;117
28D24D35;5;GPH;GRV;Koala;MAIN;120|122|126
28D24D35;7;GPH;GMAG;Koala;MAIN;126
28D24D35;10;GPH;GPR;Koala;MAIN;126
28D24D35;12;GPH;SES;Koala;MAIN;126
28FAC2C7;1;GPH;SES;Cory;MAIN;28
28FAC2C7;3;GPH;WLOG;Cory;MAIN;26|34
2951A4DE;1;GPH;EM;M2 Deposit;MAIN;57|58|59
2951A4DE;2;GPH;AMAG;M2 Deposit;MAIN;57
2951A4DE;3;GPH;MT;M2 Deposit;MAIN;58
2951A4DE;4;GPH;IP;M2 Deposit;MAIN;58
2951A4DE;5;GPH;GMAG;M2 Deposit;MAIN;58
29630C2A;1;GPH;EM;Pastos Grandes;MAIN;53|54
29630C2A;2;GPH;RES;Pastos Grandes;MAIN;53|54|55|56|57|58
29630C2A;3;GPH;MT;Pastos Grandes;MAIN;53|54
29630C2A;4;GPH;SES;Pastos Grandes;MAIN;53|55|59|60|61|62|63
298EB4A7;1;GPH;GRV;Fox Creek;MAIN;38
298EB4A7;2;GPH;AMAG;Fox Creek;MAIN;38
298EB4A7;3;GPH;SES;Fox Creek;MAIN;38
2997FB01;1;GPH;MALM;Alexo Deposit;MAIN;43|44
2997FB01;2;GPH;UNS;Alexo Deposit;MAIN;43
29CC70E4;1;GPH;IP;Endako deposit;MAIN;29
29CC70E4;2;GPH;AMAG;Endako deposit;MAIN;29
29CC70E4;3;GPH;RAD;Endako deposit;MAIN;29
2A2D1F87;1;GPH;AMAG;Sokoman Formation Iron;MAIN;5|34|36|38
2A2D1F87;2;GPH;RAD;Sokoman Formation Iron;MAIN;5|34|36
2A2D1F87;4;GPH;GRV;Sokoman Formation Iron;MAIN;5|34|38|39
2A9C9208;1;GPH;SES;Bashaw District;MAIN;36
2A9BC58F;1;GPH;SES;Aguablanca;MAIN;33
2A9BC58F;2;GPH;GMAG;Aguablanca;MAIN;62
2A9BC58F;3;GPH;AMAG;Aguablanca;MAIN;62
2A9BC58F;4;GPH;RAD;Aguablanca;MAIN;62
2A9BC58F;5;GPH;EM;Aguablanca;MAIN;62
2A9BC58F;6;GPH;GRV;Aguablanca;MAIN;62
2AABC83C;1;GPH;AMAG;Pontax Lithium deposit;MAIN;54
2ADAA145;1;GPH;EM;Selebi;MAIN;58|60|62
2ADAA145;4;GPH;WLOG;Selebi;MAIN;58|62
2ADAA145;5;GPH;SES;Selebi;MAIN;62
2ADAA145;6;GPH;RAD;Selebi;MAIN;62
2ADAA145;7;GPH;GMAG;Selebi;MAIN;62
2ADAA145;8;GPH;GRV;Selebi;MAIN;62
2ADAA145;9;GPH;RES;Selebi;MAIN;62
2ADAA145;10;GPH;IP;Selebi;MAIN;62
2AF61EC2;1;GPH;SES;Milestone Project;MAIN;56|57
2AF61EC2;2;GPH;WLOG;Milestone Project;MAIN;53|61
2B4F18AB;1;GPH;AMAG;Crawford Ultramafic Complex;MAIN;104
2B4F18AB;2;GPH;EM;Crawford Ultramafic Complex;MAIN;104
2B4F18AB;3;GPH;GRV;Crawford Ultramafic Complex;MAIN;104
2B5F46E9;1;GPH;AMAG;Argor Carbonatite Complex;MAIN;31|38
2B5F46E9;2;GPH;GRV;Argor Carbonatite Complex;MAIN;31|38
2BD3BF5B;1;GPH;EM;West Zone;MAIN;124|129|130|132|133|134|135
2BD3BF5B;2;GPH;AMAG;West Zone;MAIN;129|132
2BDE7820;1;GPH;GRV;Waterberg;MAIN;136|141
2BDE7820;2;GPH;GMAG;Waterberg;MAIN;136
2BDE7820;3;GPH;AMAG;Waterberg;MAIN;136
2BDE7820;4;GPH;RAD;Waterberg;MAIN;136
2BEB708C;1;GPH;AMAG;Greenbush Zone;MAIN;99
2BEB708C;2;GPH;GRV;Greenbush Zone;MAIN;99
2C304154;1;GPH;EM;Salar de Pastos Grandes;MAIN;33
2C304154;2;GPH;RES;Salar de Pastos Grandes;MAIN;25|33|35
2C304154;3;GPH;MT;Salar de Pastos Grandes;MAIN;25|37
2C304154;4;GPH;SES;Salar de Pastos Grandes;MAIN;25
2C60B450;1;GPH;AMAG;Graphite Creek;MAIN;104
2C60B450;2;GPH;EM;Graphite Creek;MAIN;104
2C67DB24;1;GPH;UNS;Ochoa Project;MAIN;61|63
2CA0B028;1;GPH;AMAG;Wolf deposit;MAIN;37
2CA0B028;2;GPH;EM;Wolf deposit;MAIN;37
2CC8BACF;1;GPH;AMAG;Osprey;MAIN;23
2CC8BACF;2;GPH;EM;Osprey;MAIN;23
2CC8BACF;3;GPH;RAD;Osprey;MAIN;23|30
2CC8BACF;4;GPH;RES;Osprey;MAIN;23|33
2CC8BACF;5;GPH;IP;Osprey;MAIN;23|33
2CC8BACF;6;GPH;GRV;Osprey;MAIN;23|33
2CFB50DA;1;GPH;GMAG;Lac St-Jean Hydrocarbon Project;MAIN;6|15
2CFB50DA;2;GPH;RAD;Lac St-Jean Hydrocarbon Project;MAIN;6
2CFB50DA;3;GPH;GRV;Lac St-Jean Hydrocarbon Project;MAIN;6|10
2CFB50DA;6;GPH;EM;Lac St-Jean Hydrocarbon Project;MAIN;6|17|21
2CFB50DA;7;GPH;MT;Lac St-Jean Hydrocarbon Project;MAIN;6|17|27
2CFB50DA;8;GPH;RES;Lac St-Jean Hydrocarbon Project;MAIN;17
2CF1F0D4;3;GPH;RAD;Area 4;MAIN;81|91|92
2CF1F0D4;4;GPH;AMAG;Area 4;MAIN;81
2CF1F0D4;5;GPH;GMAG;Area 4;MAIN;81
2CF1F0D4;6;GPH;GRV;Area 4;MAIN;81
2CF1F0D4;7;GPH;IP;Area 4;MAIN;91|92
2D1E8F76;1;GPH;WLOG;Kopper Glo Coal Property;MAIN;38|40
2D0C1F0D;1;GPH;IP;Calico Peak;MAIN;51|52
2D0C1F0D;2;GPH;AMAG;Calico Peak;MAIN;52
2D5DCAAF;1;GPH;AMAG;James Bay Niobium Deposit;MAIN;31|38
2D5DCAAF;2;GPH;GRV;James Bay Niobium Deposit;MAIN;31|38
2D74438F;1;GPH;SES;Boardwalk;MAIN;71
2D96301D;1;GPH;RAD;Hauber Mine;MAIN;25
2DF0791E;1;GPH;UNS;Minago Deposit;MAIN;52
2DDDE196;1;GPH;GMAG;WRCB;MAIN;44|88|101
2DDDE196;2;GPH;GRV;WRCB;MAIN;44|93|99
2DDDE196;3;GPH;VLF;WRCB;MAIN;88|101
2DDDE196;4;GPH;EM;WRCB;MAIN;88
2DDDE196;5;GPH;AMAG;WRCB;MAIN;88|93|100
2DDDE196;6;GPH;RAD;WRCB;MAIN;88|100
2DDDE196;7;GPH;IP;WRCB;MAIN;91
2E092BA8;2;GPH;GMAG;Catalao Kimberlites;MAIN;67|70
2DFF335C;1;GPH;GRV;Haven;MAIN;42|43|46
2DFF335C;2;GPH;AMAG;Haven;MAIN;42|44|48
2DFF335C;3;GPH;RAD;Haven;MAIN;29
2DFF335C;4;GPH;SWIR;Haven;MAIN;29
2DFF335C;5;GPH;EM;Haven;MAIN;29|33
2DFF335C;6;GPH;RES;Haven;MAIN;29
2E163372;1;GPH;GPR;Pinargozu;MAIN;62
2E214388;1;GPH;GRV;Pine Point;MAIN;82
2E531605;1;GPH;WLOG;Fox Creek West Lithium Brine;MAIN;34
2E9C3E58;1;GPH;EM;Thor;MAIN;92
2EA613C8;1;GPH;AMAG;Lake Giles Hematite;MAIN;62
2EC11F45;1;GPH;RAD;San Antonio;MAIN;32
2EC11F45;2;GPH;WLOG;San Antonio;MAIN;32
2EC11F45;3;GPH;RES;San Antonio;MAIN;32|35
2EC11F45;4;GPH;SP;San Antonio;MAIN;35
2EBE2D61;1;GPH;GRV;LS deposit;MAIN;58|59|60
2EBE2D61;2;GPH;IP;LS deposit;MAIN;58|59|60|62|67
2EBE2D61;3;GPH;RES;LS deposit;MAIN;60|62
2EBE2D61;4;GPH;MALM;LS deposit;MAIN;59
2ECED17E;1;GPH;RAD;Sapucaia;MAIN;47|48
2EDACF4F;2;GPH;EM;Selkirk;MAIN;74|75|78|86
2EDACF4F;3;GPH;AMAG;Selkirk;MAIN;74|86
2EDACF4F;4;GPH;RAD;Selkirk;MAIN;74
2EDACF4F;6;GPH;GMAG;Selkirk;MAIN;75|80
2EDACF4F;7;GPH;GRV;Selkirk;MAIN;75|80
2EDACF4F;8;GPH;IP;Selkirk;MAIN;78|83
2EDACF4F;9;GPH;MT;Selkirk;MAIN;78
2EE40D04;1;GPH;AMAG;Leduc-Cooking Lake Aquifer;MAIN;29
2EE40D04;2;GPH;GRV;Leduc-Cooking Lake Aquifer;MAIN;29
2EE81EC4;1;GPH;GMAG;Vohitsara;MAIN;36
2EE81EC4;2;GPH;EM;Vohitsara;MAIN;36
2F64AA5B;1;GPH;IP;MEGA tungsten deposit;MAIN;36
2FBFC0A9;1;GPH;IP;Kilometre 26 Nickel;MAIN;19
2FBFC0A9;2;GPH;AMAG;Kilometre 26 Nickel;MAIN;19
2FBFC0A9;3;GPH;EM;Kilometre 26 Nickel;MAIN;19
2FC95BCE;1;GPH;AMAG;Namew Lake Property;MAIN;41
2FAC6171;1;GPH;RAD;Kuriskova;MAIN;43
2FAC6171;2;GPH;AMAG;Kuriskova;MAIN;43
2FAC6171;3;GPH;WLOG;Kuriskova;MAIN;45
2FAC6171;4;GPH;RES;Kuriskova;MAIN;45
2FAC6171;5;GPH;SP;Kuriskova;MAIN;45
2FCB5B15;1;GPH;AMAG;VTM Deposit;MAIN;130|173|175
2FCB5B15;2;GPH;GMAG;VTM Deposit;MAIN;130|144|146|162
2FCB5B15;4;GPH;SWIR;VTM Deposit;MAIN;146|176
2FEB72F8;1;GPH;EM;Norton Zone;MAIN;87|89|99
2FEB72F8;2;GPH;AMAG;Norton Zone;MAIN;87|89|93|99
3053811D;1;GPH;EM;ABM deposit;MAIN;86
3053811D;2;GPH;GRV;ABM deposit;MAIN;88
3053811D;3;GPH;SES;ABM deposit;MAIN;89
3053811D;4;GPH;IP;ABM deposit;MAIN;85
3053811D;5;GPH;AMAG;ABM deposit;MAIN;64|74|85
30631A07;1;GPH;GRV;Empire State Mines;MAIN;66
30631A07;2;GPH;EM;Empire State Mines;MAIN;66
308DF9AC;1;GPH;IP;Cerro Lindo;MAIN;86|87
308DF9AC;2;GPH;MT;Cerro Lindo;MAIN;86|87
308DF9AC;3;GPH;EM;Cerro Lindo;MAIN;87
308DF9AC;4;GPH;AMAG;Cerro Lindo;MAIN;87
3095DFB2;2;GPH;GMAG;Palisades Coal;MAIN;31
3095DFB2;3;GPH;RES;Palisades Coal;MAIN;31
30A36480;1;GPH;EM;Lola Graphite;MAIN;66|68
30EE3BD9;1;GPH;RES;Salar de Tolillar;MAIN;107|121
310BAF5F;1;GPH;SES;Mengo;MAIN;67|68
31127FBF;1;GPH;GPR;Moa Project;MAIN;61|72|74|75
311A3FFE;1;GPH;GRV;Waterberg Project;MAIN;119|124
311A3FFE;2;GPH;GMAG;Waterberg Project;MAIN;119
311A3FFE;3;GPH;AMAG;Waterberg Project;MAIN;120|124
311A3FFE;4;GPH;RAD;Waterberg Project;MAIN;120|124
312E4E0E;1;GPH;EM;Salar de Pastos Grandes;MAIN;70|72
312E4E0E;2;GPH;RES;Salar de Pastos Grandes;MAIN;70|73|79
312E4E0E;3;GPH;MT;Salar de Pastos Grandes;MAIN;75
318CC003;1;GPH;RAD;Sumner;MAIN;52
318CC003;2;GPH;RES;Sumner;MAIN;52
319CCE32;1;GPH;GPR;La Delta;MAIN;33
31D9B2EC;1;GPH;GMAG;Nico 1;MAIN;35|39
31D9B2EC;2;GPH;EM;Nico 1;MAIN;35|39|40|42
31D9B2EC;3;GPH;IP;Nico 1;MAIN;35
31D9B2EC;4;GPH;RES;Nico 1;MAIN;35
31D9B2EC;5;GPH;GRV;Nico 1;MAIN;39
31D9B2EC;6;GPH;AMAG;Nico 1;MAIN;39
31D9B2EC;7;GPH;VLF;Nico 1;MAIN;39
31E78B27;1;GPH;EM;JR and RJ Properties;MAIN;29
31E78B27;2;GPH;AMAG;JR and RJ Properties;MAIN;29
31E78B27;3;GPH;RAD;JR and RJ Properties;MAIN;29
31E78B27;4;GPH;SES;JR and RJ Properties;MAIN;23
31E78B27;5;GPH;UNS;JR and RJ Properties;MAIN;29
3208B01A;1;GPH;GMAG;Goondicum;MAIN;30
3220D650;1;GPH;EM;Turnagain deposit;MAIN;72
3220D650;2;GPH;AMAG;Turnagain deposit;MAIN;72
3274057B;1;GPH;GRV;Kibby Basin;MAIN;18|20
326E25DC;1;GPH;AMAG;Point Leamington;MAIN;39
329E438F;5;GPH;RAD;Marianne-Marilyn;MAIN;189
32EEF6EF;1;GPH;EM;Shakespeare deposit;MAIN;67|70|77
32BE1748;1;GPH;AMAG;Platreef Project;MAIN;188
32BE1748;2;GPH;GRV;Platreef Project;MAIN;188
32BE1748;3;GPH;SP;Platreef Project;MAIN;188
32BE1748;4;GPH;RES;Platreef Project;MAIN;188
32BE1748;5;GPH;IP;Platreef Project;MAIN;188
32BE1748;6;GPH;SES;Platreef Project;MAIN;188
332B63BB;1;GPH;IP;James Bay;MAIN;105|109
332B63BB;2;GPH;GMAG;James Bay;MAIN;105
332B63BB;4;GPH;RES;James Bay;MAIN;109
331F1BD4;1;GPH;IP;Estrades;MAIN;64
331F1BD4;2;GPH;MT;Estrades;MAIN;64
331F1BD4;3;GPH;EM;Estrades;MAIN;65
3333FF10;1;GPH;RES;Eagle East;MAIN;88
3333FF10;2;GPH;GRV;Eagle East;MAIN;88
3333FF10;3;GPH;SES;Eagle East;MAIN;91
339B9FC6;1;GPH;EM;Albany graphite deposit;MAIN;59|60
339B9FC6;2;GPH;AMAG;Albany graphite deposit;MAIN;59
3355F00C;1;GPH;GMAG;Matthews Ridge;MAIN;113
3355F00C;2;GPH;IP;Matthews Ridge;MAIN;113
33AE9218;1;GPH;GMAG;Charlevoix Hydrocarbon Project;MAIN;6|13
33AE9218;2;GPH;EM;Charlevoix Hydrocarbon Project;MAIN;6|15|24
33AE9218;3;GPH;GRV;Charlevoix Hydrocarbon Project;MAIN;6|13|14
33AE9218;5;GPH;RES;Charlevoix Hydrocarbon Project;MAIN;6|15
33A5CC98;1;GPH;GRV;Mariana Project;MAIN;40
33A5CC98;2;GPH;EM;Mariana Project;MAIN;40|42
33A5CC98;3;GPH;SES;Mariana Project;MAIN;40|42
33A6250B;1;GPH;AMAG;Koper Lake Chromite Zone;MAIN;23|24
33A6250B;2;GPH;EM;Koper Lake Chromite Zone;MAIN;23|24
33A6250B;3;GPH;GMAG;Koper Lake Chromite Zone;MAIN;24|26
33A6250B;6;GPH;IP;Koper Lake Chromite Zone;MAIN;26
33A6250B;8;GPH;GRV;Koper Lake Chromite Zone;MAIN;26
33C702AA;1;GPH;EM;Scott Lake;MAIN;49|60
33C702AA;2;GPH;AMAG;Scott Lake;MAIN;49
33BE0D95;1;GPH;AMAG;Antofalla Lithium Property;MAIN;42
33F99105;1;GPH;EM;Shakespeare;MAIN;83|86|89
33F99105;2;GPH;IP;Shakespeare;MAIN;87|91
3432CE65;1;GPH;SES;Muskowekwan Potash Project;MAIN;44|51|56
343314C6;1;GPH;GMAG;Frances Creek;MAIN;40
3457C51F;1;GPH;GRV;Fischells Brook salt dome;MAIN;47|50|54|60
34A20D1E;1;GPH;IP;Itinga Project;MAIN;50
34A20D1E;2;GPH;GMAG;Itinga Project;MAIN;50
34AC54F3;1;GPH;VLF;JAK Zone;MAIN;39|40|43
34AC54F3;2;GPH;GMAG;JAK Zone;MAIN;40
34E6FCC4;1;GPH;AMAG;Lac Knife;MAIN;32
34EFB2CC;1;GPH;GRV;Captain Cook;MAIN;20|25
34EFB2CC;2;GPH;AMAG;Captain Cook;MAIN;20|25
34EFB2CC;3;GPH;SES;Captain Cook;MAIN;20
355BFFD3;1;GPH;EM;Key Lake Southwest;MAIN;18|23
355BFFD3;2;GPH;AMAG;Key Lake Southwest;MAIN;18
355BFFD3;3;GPH;RAD;Key Lake Southwest;MAIN;18
355BFFD3;4;GPH;GMAG;Key Lake Southwest;MAIN;23
3535A0B1;1;GPH;AMAG;Nkout;MAIN;50|54|60|63
3535A0B1;2;GPH;GRV;Nkout;MAIN;61
35F674E8;1;GPH;GRV;Dixie Valley;MAIN;32
35F674E8;2;GPH;AMAG;Dixie Valley;MAIN;33
35F674E8;3;GPH;SES;Dixie Valley;MAIN;33
35F674E8;4;GPH;MT;Dixie Valley;MAIN;32
35F674E8;5;GPH;RAD;Dixie Valley;MAIN;32
35BCFC6B;1;GPH;EM;Big Daddy chromite deposit;MAIN;22
35BCFC6B;2;GPH;AMAG;Big Daddy chromite deposit;MAIN;22
35BCFC6B;3;GPH;VLF;Big Daddy chromite deposit;MAIN;22
35BCFC6B;4;GPH;GMAG;Big Daddy chromite deposit;MAIN;22
35BCFC6B;5;GPH;GRV;Big Daddy chromite deposit;MAIN;22
35BAD742;1;GPH;GRV;Salar de Olaroz;MAIN;82|83|93
35BAD742;2;GPH;MT;Salar de Olaroz;MAIN;82|84
35BAD742;3;GPH;RES;Salar de Olaroz;MAIN;82|91
35BAD742;4;GPH;GMAG;Salar de Olaroz;MAIN;82|93
3619090C;1;GPH;GRV;Paul Bay and Ken Pen Zones;MAIN;29|30|33
3619090C;2;GPH;EM;Paul Bay and Ken Pen Zones;MAIN;29|30|33|38|39|40|45|46|51|52|59
3619090C;3;GPH;VLF;Paul Bay and Ken Pen Zones;MAIN;29|30|51|52|59
3619090C;4;GPH;AMAG;Paul Bay and Ken Pen Zones;MAIN;29|30|51|52
36D978A8;1;GPH;RAD;Chambe Basin;MAIN;27
36B4E9B4;1;GPH;RAD;L deposit;MAIN;62
36DC188E;1;GPH;IP;Main barite showing;MAIN;15|29|36
370DD731;1;GPH;IP;Blende Deposit;MAIN;27
370DD731;2;GPH;VLF;Blende Deposit;MAIN;27
370DD731;3;GPH;EM;Blende Deposit;MAIN;27
3788243E;1;GPH;EM;Lens 257;MAIN;18|34|47
3788243E;2;GPH;GRV;Lens 257;MAIN;18
3788243E;3;GPH;GMAG;Lens 257;MAIN;34
37A4CD24;1;GPH;AMAG;Gossan Zone;MAIN;37|38|51|59
37A4CD24;2;GPH;RAD;Gossan Zone;MAIN;37|51|54
37A4CD24;4;GPH;EM;Gossan Zone;MAIN;37|59|80
37A4CD24;5;GPH;IP;Gossan Zone;MAIN;37|80
37A5654A;1;GPH;AMAG;Nimpkish Property;MAIN;29
37AED8B6;1;GPH;GMAG;Pecors Magnetic Anomaly;MAIN;47
37D23DBE;2;GPH;RAD;Triple R deposit;MAIN;47|52|55|57
37D23DBE;3;GPH;EM;Triple R deposit;MAIN;55|64|65
37D23DBE;4;GPH;AMAG;Triple R deposit;MAIN;55|57
37D23DBE;7;GPH;SP;Triple R deposit;MAIN;63
37D23DBE;8;GPH;RES;Triple R deposit;MAIN;64|65
37F7A28D;1;GPH;EM;Ferguson Lake;MAIN;42|43
37F7A28D;2;GPH;AMAG;Ferguson Lake;MAIN;43
37F7A28D;3;GPH;GMAG;Ferguson Lake;MAIN;43
37F7A28D;4;GPH;VLF;Ferguson Lake;MAIN;43
3809309D;1;GPH;EM;Lola Graphite;MAIN;64
38052B44;1;GPH;IP;Lost Sheep Property;MAIN;63
383028E8;1;GPH;WLOG;South West Arkansas Project;MAIN;84
3815C79B;1;GPH;AMAG;King Showing;MAIN;50|54
3815C79B;2;GPH;RAD;King Showing;MAIN;50|54
38A69BA1;1;GPH;GMAG;Mothae;MAIN;39
38A69BA1;2;GPH;GRV;Mothae;MAIN;39
38A69BA1;3;GPH;EM;Mothae;MAIN;39
38D10E09;1;GPH;EM;McIlvenna Bay Deposit;MAIN;83|84|86|87|91
38D10E09;2;GPH;AMAG;McIlvenna Bay Deposit;MAIN;84
38DEFB0B;1;GPH;GMAG;Main Vein;MAIN;48
38DEFB0B;2;GPH;IP;Main Vein;MAIN;49
38FA37C5;1;GPH;AMAG;Black Bird;MAIN;41|42
38FA37C5;2;GPH;GRV;Black Bird;MAIN;43|46
39076350;1;GPH;AMAG;Full Moon;MAIN;81|82
39076350;2;GPH;EM;Full Moon;MAIN;81
39076350;3;GPH;GRV;Full Moon;MAIN;86|87
3937B26F;1;GPH;AMAG;Salobro;MAIN;33|34
3937B26F;2;GPH;RAD;Salobro;MAIN;33|37
3937B26F;3;GPH;EM;Salobro;MAIN;33|34|37
3937B26F;4;GPH;IP;Salobro;MAIN;33|37
3937B26F;5;GPH;GMAG;Salobro;MAIN;33|37
3937B26F;6;GPH;VLF;Salobro;MAIN;33|37
3937B26F;7;GPH;MT;Salobro;MAIN;33|37
3937B26F;8;GPH;GRV;Salobro;MAIN;33|37
3945D54D;1;GPH;RAD;B Zone;MAIN;73
3945D54D;2;GPH;AMAG;B Zone;MAIN;73
3945D54D;3;GPH;GRV;B Zone;MAIN;73
3945D54D;4;GPH;IP;B Zone;MAIN;73
3945D54D;5;GPH;GMAG;B Zone;MAIN;73
394BE435;1;GPH;SES;Muskowekwan Project;MAIN;51|55|57
394BE435;2;GPH;WLOG;Muskowekwan Project;MAIN;39|40|42
399A25DF;1;GPH;RES;NNLP;MAIN;48|49
399A25DF;2;GPH;EM;NNLP;MAIN;48|49
39E226FE;1;GPH;GMAG;Plumbago;MAIN;39|42
39E226FE;2;GPH;EM;Plumbago;MAIN;39|42
39F44EE2;1;GPH;AMAG;Hermosa Taylor Deposit;MAIN;55
3A223533;1;GPH;MT;Piskanja;MAIN;29
3A223533;2;GPH;RES;Piskanja;MAIN;29
3A2A4E86;1;GPH;SES;Salar de Pozuelos;MAIN;74
3A2A4E86;2;GPH;RES;Salar de Pozuelos;MAIN;63|79|81
3A2CAC7B;1;GPH;RES;Salar de Tolillar;MAIN;11|78|92
3A34F597;1;GPH;AMAG;Mckenzie Deposit;MAIN;55
3A34F597;2;GPH;EM;Mckenzie Deposit;MAIN;41|55
3A34F597;3;GPH;GMAG;Mckenzie Deposit;MAIN;55
3A5BE1BB;1;GPH;EM;Tom;MAIN;47
3A5BE1BB;2;GPH;AMAG;Tom;MAIN;47
3A793050;1;GPH;GMAG;Aappaluttoq;MAIN;47
3A8A0060;1;GPH;GMAG;Duncan Lake;MAIN;17
3AB38A9B;1;GPH;AMAG;Montviel Core Zone;MAIN;67
3AB38A9B;2;GPH;RAD;Montviel Core Zone;MAIN;67
3ACDAA18;1;GPH;AMAG;Kelvin;MAIN;37|39
3ACDAA18;4;GPH;GRV;Kelvin;MAIN;119|120
3ACDAA18;5;GPH;RES;Kelvin;MAIN;119
3B3ED594;4;GPH;AMAG;Três Estradas;MAIN;72
3B3ED594;5;GPH;RAD;Três Estradas;MAIN;72
3B3ED594;6;GPH;GMAG;Três Estradas;MAIN;72
3B69F757;1;GPH;AMAG;Joyce Lake DSO;MAIN;79
3B69F757;2;GPH;RAD;Joyce Lake DSO;MAIN;79
3B69F757;3;GPH;VLF;Joyce Lake DSO;MAIN;79
3B69F757;4;GPH;GRV;Joyce Lake DSO;MAIN;80|83
3BAEA413;1;GPH;EM;Ford Lake Property;MAIN;21|22
3BAEA413;2;GPH;AMAG;Ford Lake Property;MAIN;21|22
3BC14CA9;1;GPH;GMAG;Whabouchi;MAIN;117
3BC14CA9;2;GPH;AMAG;Whabouchi;MAIN;117
3BD96D31;1;GPH;AMAG;Manono Lithium Tailings;MAIN;49
3C54FF62;1;GPH;EM;Aripuanã;MAIN;40|42
3C54FF62;2;GPH;AMAG;Aripuanã;MAIN;40|42
3C54FF62;3;GPH;RAD;Aripuanã;MAIN;40
3C54FF62;4;GPH;GRV;Aripuanã;MAIN;40
3C54FF62;5;GPH;GMAG;Aripuanã;MAIN;40|42
3C54FF62;6;GPH;VLF;Aripuanã;MAIN;40
3C8A4412;1;GPH;GRV;Sevier Lake Playa;MAIN;87
3C886328;1;GPH;GMAG;Bloom Lake;MAIN;58|66
3C886328;2;GPH;AMAG;Bloom Lake;MAIN;66
3C8B15B5;1;GPH;RAD;Sapucaia;MAIN;57|58
3C9703AD;1;GPH;IP;Great Pyramid;MAIN;44
3C9703AD;2;GPH;SWIR;Great Pyramid;MAIN;44
3CB0B808;1;GPH;SES;Duperow-Souris River Brines;MAIN;36
3CB4AA26;1;GPH;GMAG;Costerfield;MAIN;71
3CB4AA26;2;GPH;GRV;Costerfield;MAIN;71
3CB4AA26;3;GPH;IP;Costerfield;MAIN;71
3CB4AA26;4;GPH;AMAG;Costerfield;MAIN;72
3CB4AA26;5;GPH;RAD;Costerfield;MAIN;72
3CC973C2;1;GPH;GRV;K-Hill;MAIN;47
3CC973C2;2;GPH;GMAG;K-Hill;MAIN;47
3CC973C2;3;GPH;IP;K-Hill;MAIN;47
3D041BE1;1;GPH;AMAG;Main Dyke;MAIN;33
3D054248;1;GPH;GMAG;Alexo-Dundonald Deposits;MAIN;54
3D054248;2;GPH;EM;Alexo-Dundonald Deposits;MAIN;55
3D0C8B8D;1;GPH;SES;Viewfield;MAIN;52
3D17C69B;1;GPH;WLOG;Duobblon Uranium Project;MAIN;56
3D17C69B;2;GPH;SWIR;Duobblon Uranium Project;MAIN;56
3D1C1F21;1;GPH;RAD;Ivana;MAIN;60|61
3D1C1F21;2;GPH;RES;Ivana;MAIN;62|63
3D1C1F21;3;GPH;IP;Ivana;MAIN;62|63
3D1C1F21;5;GPH;SES;Ivana;MAIN;66
3D68BC68;1;GPH;EM;Pastos Grandes Salar;MAIN;56|58
3D68BC68;2;GPH;RES;Pastos Grandes Salar;MAIN;56|58|59|60|61
3D68BC68;3;GPH;MT;Pastos Grandes Salar;MAIN;56|61|62|63|64
3D5A5152;1;GPH;EM;Dufferin Project;MAIN;28|29|33|39
3D5A5152;2;GPH;AMAG;Dufferin Project;MAIN;28|33|39
3D5A5152;4;GPH;GRV;Dufferin Project;MAIN;33
3DB1CC58;1;GPH;GMAG;Manto Negro Deposit;MAIN;135
3DB1CC58;2;GPH;IP;Manto Negro Deposit;MAIN;140
3DCC3AA1;1;GPH;EM;Pickett Mountain;MAIN;39|41|42
3DCC3AA1;2;GPH;AMAG;Pickett Mountain;MAIN;39
3DCC3AA1;5;GPH;IP;Pickett Mountain;MAIN;45
3DC8CD46;1;GPH;AMAG;Yuma King;MAIN;145|146|147|149
3DC8CD46;2;GPH;GMAG;Yuma King;MAIN;145|147|148
3DC8CD46;3;GPH;IP;Yuma King;MAIN;145|149|151|154|155
3DE39002;1;GPH;AMAG;Cairn Hill Phase II;MAIN;36|37|38
3DEBEE4D;1;GPH;AMAG;El Chiqui;MAIN;91|94
3DEBEE4D;2;GPH;RAD;El Chiqui;MAIN;91|94
3DEBEE4D;4;GPH;SWIR;El Chiqui;MAIN;91
3DF7A5EC;1;GPH;RAD;Blair Property;MAIN;51
3DF7A5EC;2;GPH;EM;Blair Property;MAIN;51
3DF7A5EC;3;GPH;RES;Blair Property;MAIN;51
3E152A7B;1;GPH;IP;Filo del Sol;MAIN;74|76
3E152A7B;2;GPH;GMAG;Filo del Sol;MAIN;74|77
3E152A7B;3;GPH;MT;Filo del Sol;MAIN;74
3E152A7B;4;GPH;RES;Filo del Sol;MAIN;74
3E66BCA1;1;GPH;IP;Superior;MAIN;39
3E66BCA1;2;GPH;AMAG;Superior;MAIN;39|40
3E66BCA1;3;GPH;RAD;Superior;MAIN;39
3E66BCA1;5;GPH;EM;Superior;MAIN;40
3E95855E;1;GPH;SES;Cauchari-Olaroz Salar;MAIN;123
3E95855E;2;GPH;GRV;Cauchari-Olaroz Salar;MAIN;126
3E95855E;3;GPH;EM;Cauchari-Olaroz Salar;MAIN;130|137
3E95855E;4;GPH;RES;Cauchari-Olaroz Salar;MAIN;138|145|150|154
3EAAFB38;1;GPH;AMAG;Tatooine Project;MAIN;35
3EAC504C;1;GPH;AMAG;Bellechasse-Timmins;MAIN;28
3EAC504C;2;GPH;GMAG;Bellechasse-Timmins;MAIN;28
3EAC504C;5;GPH;EM;Bellechasse-Timmins;MAIN;28
3E95A06A;1;GPH;AMAG;Bull Hill;MAIN;50|55|65
3E95A06A;2;GPH;RAD;Bull Hill;MAIN;50|55|67
3E95A06A;3;GPH;IP;Bull Hill;MAIN;50|55|65
3E95A06A;4;GPH;MT;Bull Hill;MAIN;67
3EC1B1C5;1;GPH;EM;Albany graphite deposit;MAIN;44|45
3EC1B1C5;2;GPH;AMAG;Albany graphite deposit;MAIN;44
3F0C29FE;1;GPH;GMAG;Taysan;MAIN;25|26|27
3F0C29FE;2;GPH;AMAG;Taysan;MAIN;25|26|27
3F0C29FE;3;GPH;RAD;Taysan;MAIN;25
3F056825;1;GPH;EM;Covette Property;MAIN;20|21|22
3F056825;2;GPH;AMAG;Covette Property;MAIN;21
3F4FCCA7;1;GPH;WLOG;Duperow Formation Brine;MAIN;55
3F4C544B;1;GPH;AMAG;Richardson Aggregate;MAIN;35
3F4C544B;3;GPH;GPR;Richardson Aggregate;MAIN;48|50|51|52|53|54|55
3F4C544B;4;GPH;EM;Richardson Aggregate;MAIN;48|50|51|56|58
3F4C544B;5;GPH;GMAG;Richardson Aggregate;MAIN;48|50|51|56|57|59|60|61
3F58DA06;1;GPH;AMAG;Cobalt Mountain Porphyry System;MAIN;44
3F786796;1;GPH;AMAG;OGK Property;MAIN;25
3F786796;2;GPH;RAD;OGK Property;MAIN;25
3F761042;1;GPH;GMAG;Piuquenes Central;MAIN;49|51
3F761042;2;GPH;IP;Piuquenes Central;MAIN;49|51|53|59
3F761042;3;GPH;RES;Piuquenes Central;MAIN;51|53|59
3F761042;4;GPH;MT;Piuquenes Central;MAIN;51|53|59
3F761042;5;GPH;AMAG;Piuquenes Central;MAIN;57
3F761042;6;GPH;RAD;Piuquenes Central;MAIN;57
3F827B64;1;GPH;AMAG;Lake George Antimony deposit;MAIN;59
3FD61476;2;GPH;AMAG;BMC Manganese Project;MAIN;36|62
3FD61476;3;GPH;RAD;BMC Manganese Project;MAIN;36|60
3FD61476;4;GPH;IP;BMC Manganese Project;MAIN;54|55|56
3FD61476;5;GPH;GMAG;BMC Manganese Project;MAIN;54|58
3FD61476;6;GPH;GRV;BMC Manganese Project;MAIN;54|57
3FD61476;7;GPH;GPR;BMC Manganese Project;MAIN;54|56|57
3FD61476;8;GPH;SP;BMC Manganese Project;MAIN;54
3FD61476;9;GPH;EM;BMC Manganese Project;MAIN;62|63|64
3FDA012E;1;GPH;AMAG;Hopes Advance Area;MAIN;53|54|56|57
3FDA012E;2;GPH;RAD;Hopes Advance Area;MAIN;53|54|56
3FDA012E;3;GPH;GMAG;Hopes Advance Area;MAIN;58
3FE2702A;1;GPH;RAD;Carbo Carbonatite;MAIN;39
3FFCE597;3;GPH;SES;Polymetallic Nodules;MAIN;136|154
3FFE491F;1;GPH;AMAG;Mont Sorcier;MAIN;44|51|52
3FFE491F;2;GPH;GMAG;Mont Sorcier;MAIN;51
40086CAF;1;GPH;RAD;Deep Fox;MAIN;52
40086CAF;2;GPH;AMAG;Deep Fox;MAIN;52|59
40086CAF;4;GPH;GMAG;Deep Fox;MAIN;52
406D3B2C;1;GPH;MT;Bolivar;MAIN;60|64
406D3B2C;2;GPH;IP;Bolivar;MAIN;62|63|64
4075D498;1;GPH;RAD;Burke Hollow;MAIN;37|39|41|42
4075D498;2;GPH;WLOG;Burke Hollow;MAIN;37|42
40844A36;1;GPH;GRV;Sal de Vida;MAIN;54|57
40844A36;2;GPH;RES;Sal de Vida;MAIN;54|59
408EE549;1;GPH;EM;Molo;MAIN;43|55
408EE549;3;GPH;AMAG;Molo;MAIN;43
40A15C94;1;GPH;IP;Altar;MAIN;67|68
40A15C94;2;GPH;MALM;Altar;MAIN;68
40A15C94;3;GPH;MT;Altar;MAIN;69|70
40A15C94;4;GPH;GMAG;Altar;MAIN;71
40A15C94;5;GPH;AMAG;Altar;MAIN;71
40D06694;1;GPH;RAD;B Zone;MAIN;49
40D06694;2;GPH;AMAG;B Zone;MAIN;49
40D6F716;1;GPH;IP;Baptiste;MAIN;69|71|73|75
40D6F716;2;GPH;RES;Baptiste;MAIN;69|71|73|75
40D6F716;4;GPH;RAD;Baptiste;MAIN;73|75
40D6F716;5;GPH;WLOG;Baptiste;MAIN;73|75|76|78|79
40D6F716;11;GPH;SES;Baptiste;MAIN;74|75
410B481D;1;GPH;AMAG;Griffith Property;MAIN;33
410B481D;2;GPH;EM;Griffith Property;MAIN;33
4103A45E;1;GPH;EM;Patterson Lake North;MAIN;32|34|44|52
4103A45E;2;GPH;AMAG;Patterson Lake North;MAIN;32|34|40
4103A45E;3;GPH;GMAG;Patterson Lake North;MAIN;32
4103A45E;4;GPH;RES;Patterson Lake North;MAIN;32|44
4103A45E;11;GPH;MT;Patterson Lake North;MAIN;52
40FA78F5;1;GPH;EM;Corner Bay;MAIN;60
414371AC;1;GPH;SES;Saksrithai Potash;MAIN;23
41447958;1;GPH;EM;Salar de Llamara Aquifer;MAIN;49|51|53|74
415E3A76;1;GPH;EM;Luisha South;MAIN;30
4168346A;1;GPH;AMAG;Thierry Deposit;MAIN;39
4168346A;2;GPH;EM;Thierry Deposit;MAIN;40
416CE453;1;GPH;AMAG;Wicheeda North;MAIN;26
416CE453;2;GPH;EM;Wicheeda North;MAIN;26
4177135B;1;GPH;SES;Salar de Arizaro;MAIN;68
4171AED7;1;GPH;GRV;Pegmont;MAIN;41
4171AED7;2;GPH;UNS;Pegmont;MAIN;42
4171AED7;3;GPH;GMAG;Pegmont;MAIN;49
4171AED7;4;GPH;AMAG;Pegmont;MAIN;49
417DEDBE;1;GPH;AMAG;Point Leamington;MAIN;31
41A86A25;1;GPH;SES;Feature 06;MAIN;5|15
42120D16;1;GPH;EM;Horseshoe and Raven Deposits;MAIN;47
42120D16;2;GPH;RAD;Horseshoe and Raven Deposits;MAIN;47|48
42120D16;3;GPH;AMAG;Horseshoe and Raven Deposits;MAIN;47|48
42120D16;4;GPH;IP;Horseshoe and Raven Deposits;MAIN;47|48
42552F92;1;GPH;GMAG;Kombat Mine;MAIN;76
42552F92;2;GPH;AMAG;Kombat Mine;MAIN;76
42552F92;3;GPH;IP;Kombat Mine;MAIN;76
42552F92;4;GPH;SES;Kombat Mine;MAIN;76
425951E4;1;GPH;RES;Principal;MAIN;118
425951E4;2;GPH;RAD;Principal;MAIN;118
427B208F;1;GPH;GMAG;Petrovskoye;MAIN;38
42A1670B;2;GPH;IP;Bolivar;MAIN;52|53
42B44492;1;GPH;IP;Rosemont Deposit;MAIN;52
42DB23C1;1;GPH;AMAG;Lac Doré Vanadium Deposit;MAIN;54
42DB23C1;2;GPH;GMAG;Lac Doré Vanadium Deposit;MAIN;54|65
42DB23C1;3;GPH;EM;Lac Doré Vanadium Deposit;MAIN;55
42DB23C1;4;GPH;GRV;Lac Doré Vanadium Deposit;MAIN;55
430A7298;1;GPH;IP;Bandeira;MAIN;92
430A7298;2;GPH;RES;Bandeira;MAIN;92
4339279A;1;GPH;UNS;CarLang A Zone;MAIN;75|77
4322F844;1;GPH;AMAG;Neves-Corvo;MAIN;53
4322F844;2;GPH;GRV;Neves-Corvo;MAIN;53
4322F844;3;GPH;EM;Neves-Corvo;MAIN;53
4322F844;4;GPH;SES;Neves-Corvo;MAIN;53
436C6E5D;1;GPH;GMAG;Isortoq;MAIN;33|36
43549FB4;1;GPH;AMAG;Main Zone;MAIN;43|45|46
43549FB4;2;GPH;GMAG;Main Zone;MAIN;16|43|47
43549FB4;3;GPH;VLF;Main Zone;MAIN;16|43|48
43549FB4;4;GPH;IP;Main Zone;MAIN;16|44|49|50
4375CCE9;1;GPH;EM;Reykjanes;MAIN;42
4375CCE9;2;GPH;MT;Reykjanes;MAIN;42
43B24637;1;GPH;EM;Portage Prospect;MAIN;70|71|72
43B24637;3;GPH;AMAG;Portage Prospect;MAIN;71
43A7634C;1;GPH;AMAG;Trapiá;MAIN;135
43A7634C;3;GPH;GMAG;Trapiá;MAIN;136
43A7634C;4;GPH;RAD;Trapiá;MAIN;138
43B2D810;1;GPH;GMAG;Kwun Lake Intrusive Complex;MAIN;18
43B2D810;2;GPH;AMAG;Kwun Lake Intrusive Complex;MAIN;18
43B2D810;3;GPH;IP;Kwun Lake Intrusive Complex;MAIN;18|19
43BBC0D7;1;GPH;SES;Cycle 18;MAIN;49|50
43D71C2E;1;GPH;AMAG;Lac Carheil;MAIN;38
43D71C2E;2;GPH;EM;Lac Carheil;MAIN;38
43D5F613;1;GPH;AMAG;South Mountain Skarn;MAIN;45|56
43D5F613;2;GPH;GRV;South Mountain Skarn;MAIN;45|56
43D5F613;3;GPH;VLF;South Mountain Skarn;MAIN;45
43D5F613;4;GPH;IP;South Mountain Skarn;MAIN;45
43D5F613;5;GPH;RES;South Mountain Skarn;MAIN;45
43D5F613;6;GPH;RAD;South Mountain Skarn;MAIN;56
43D5F613;7;GPH;GMAG;South Mountain Skarn;MAIN;56
43D90E67;1;GPH;EM;Venus Belt;MAIN;9|12
43D90E67;2;GPH;AMAG;Venus Belt;MAIN;9|11
43E593E4;1;GPH;GMAG;Songwe Hill;MAIN;102
43E593E4;2;GPH;RAD;Songwe Hill;MAIN;103
43E593E4;3;GPH;GRV;Songwe Hill;MAIN;104
441EF796;1;GPH;AMAG;Putu Range;MAIN;32|38
44213212;1;GPH;SES;Tatestown / Scallanstown;MAIN;47|65|66
44213212;2;GPH;GRV;Tatestown / Scallanstown;MAIN;65
4457385D;1;GPH;AMAG;Empire Mine;MAIN;44|45|47
4457385D;2;GPH;EM;Empire Mine;MAIN;44|45
4457385D;3;GPH;GMAG;Empire Mine;MAIN;45|46
4457385D;4;GPH;VLF;Empire Mine;MAIN;45
4457385D;5;GPH;IP;Empire Mine;MAIN;47
4457385D;6;GPH;RAD;Empire Mine;MAIN;47
44721BF7;1;GPH;SWIR;Arctic Deposit;MAIN;89|97
44721BF7;2;GPH;EM;Arctic Deposit;MAIN;89|95
4484F990;1;GPH;AMAG;Firebag Silica Sand;MAIN;19|32|33
4484F990;2;GPH;GRV;Firebag Silica Sand;MAIN;32|34|35
44B18724;1;GPH;MT;Mariposa geothermal system;MAIN;15|22
44B21075;1;GPH;EM;Black Creek;MAIN;40|41|42|43|44
44B21075;2;GPH;AMAG;Black Creek;MAIN;40|41|42|43|44
44B21075;5;GPH;GRV;Black Creek;MAIN;44
44CFA73F;1;GPH;AMAG;Deposit 3;MAIN;50|51
44CFA73F;2;GPH;GMAG;Deposit 3;MAIN;50|51
44DD9AAC;1;GPH;EM;Great Burnt Copper Deposit;MAIN;31|35|36|37
44DD9AAC;2;GPH;AMAG;Great Burnt Copper Deposit;MAIN;31|37
44DD9AAC;3;GPH;IP;Great Burnt Copper Deposit;MAIN;35
44DD9AAC;4;GPH;GMAG;Great Burnt Copper Deposit;MAIN;35
44DD9AAC;5;GPH;GRV;Great Burnt Copper Deposit;MAIN;36
44E11255;1;GPH;GRV;James Deposit;MAIN;89|90|91|92
44E11255;2;GPH;AMAG;James Deposit;MAIN;89|90
44E11255;5;GPH;GMAG;James Deposit;MAIN;91
44ECC5ED;1;GPH;AMAG;Joyce Lake;MAIN;101
44ECC5ED;2;GPH;RAD;Joyce Lake;MAIN;101
44ECC5ED;3;GPH;VLF;Joyce Lake;MAIN;101
44ECC5ED;4;GPH;GRV;Joyce Lake;MAIN;102|104|105|106
44FA2385;1;GPH;AMAG;Alpala;MAIN;128
44FA2385;2;GPH;RAD;Alpala;MAIN;128
44FA2385;5;GPH;GMAG;Alpala;MAIN;130
45195791;1;GPH;RAD;Daneros Mine;MAIN;30
451F7A31;1;GPH;AMAG;Farrell-Taylor;MAIN;47|60|61|62|63
451F7A31;2;GPH;EM;Farrell-Taylor;MAIN;47|60|63|64
451B631B;1;GPH;IP;Copper Mountain Mine;MAIN;68|70
451B631B;2;GPH;AMAG;Copper Mountain Mine;MAIN;68
451B631B;3;GPH;RAD;Copper Mountain Mine;MAIN;68
45686464;1;GPH;AMAG;Ntem;MAIN;14|44
45686464;2;GPH;GRV;Ntem;MAIN;45
45921A2F;1;GPH;RAD;Berlin;MAIN;66
45921A2F;2;GPH;GMAG;Berlin;MAIN;66
45BA906A;1;GPH;AMAG;Khaldun;MAIN;34
45BA906A;2;GPH;GMAG;Khaldun;MAIN;34
45BA906A;3;GPH;IP;Khaldun;MAIN;35
45C3BFFC;1;GPH;SP;Shirley Basin Project;MAIN;34|41
45C3BFFC;2;GPH;RES;Shirley Basin Project;MAIN;34|41
45C3BFFC;3;GPH;RAD;Shirley Basin Project;MAIN;34|41
45FD9620;1;GPH;IP;Beruang Kanan Main Zone;MAIN;32|34
45FD9620;2;GPH;AMAG;Beruang Kanan Main Zone;MAIN;32
45FD9620;3;GPH;GRV;Beruang Kanan Main Zone;MAIN;32
45FD9620;5;GPH;GMAG;Beruang Kanan Main Zone;MAIN;34
45FE5866;1;GPH;EM;Talbot deposit;MAIN;5|38|39|41
45FE5866;2;GPH;AMAG;Talbot deposit;MAIN;38
45FE5866;3;GPH;GMAG;Talbot deposit;MAIN;38
45FBC6BB;1;GPH;AMAG;Saxendrift;MAIN;65|66
45FBC6BB;2;GPH;RAD;Saxendrift;MAIN;66
45FBC6BB;4;GPH;RES;Saxendrift;MAIN;67
460A1B9E;1;GPH;AMAG;GAS halite deposit;MAIN;69
460A1B9E;2;GPH;SES;GAS halite deposit;MAIN;69
460A1B9E;3;GPH;GRV;GAS halite deposit;MAIN;69
461B70C0;1;GPH;IP;Hugo North Extension;MAIN;126|128|130
461B70C0;2;GPH;GMAG;Hugo North Extension;MAIN;126|128|129|130
461B70C0;3;GPH;GRV;Hugo North Extension;MAIN;126
461B70C0;4;GPH;MT;Hugo North Extension;MAIN;129|130
463EB1B4;2;GPH;GRV;Soda Lake;MAIN;36
463EB1B4;3;GPH;GMAG;Soda Lake;MAIN;37
463EB1B4;4;GPH;MT;Soda Lake;MAIN;37
4645EEDE;1;GPH;IP;Bandeira;MAIN;94|95
465EA7FC;1;GPH;IP;Cañariaco Norte;MAIN;90|91|92|95
465EA7FC;2;GPH;RES;Cañariaco Norte;MAIN;90|91|92|95
465EA7FC;3;GPH;GMAG;Cañariaco Norte;MAIN;91|92|95
4679D2C9;1;GPH;IP;Blue Moon;MAIN;33
4679D2C9;2;GPH;EM;Blue Moon;MAIN;33
4679D2C9;3;GPH;GMAG;Blue Moon;MAIN;33
46885460;1;GPH;AMAG;Ann Mason;MAIN;79
46885460;2;GPH;EM;Ann Mason;MAIN;79
46885460;3;GPH;IP;Ann Mason;MAIN;79|82
46885460;4;GPH;MT;Ann Mason;MAIN;79|81|82
46A34E3F;1;GPH;AMAG;Deposit 3;MAIN;50
46A34E3F;2;GPH;GMAG;Deposit 3;MAIN;50|51
46B9DD11;1;GPH;AMAG;Decelles-Mazerac;MAIN;48|52
46B9DD11;2;GPH;RAD;Decelles-Mazerac;MAIN;48|52
46F1278E;1;GPH;GRV;Sully;MAIN;24|25|28
46F1278E;2;GPH;EM;Sully;MAIN;29|30
46F1278E;3;GPH;VLF;Sully;MAIN;26
46F1278E;4;GPH;GMAG;Sully;MAIN;26
46E7B038;1;GPH;EM;Moran Lake C-Zone;MAIN;191
46D966EF;1;GPH;AMAG;REN-6 and REN-8;MAIN;27
46D966EF;2;GPH;EM;REN-6 and REN-8;MAIN;27
46F3B791;1;GPH;GRV;Buena Vista;MAIN;17
46F3B791;2;GPH;AMAG;Buena Vista;MAIN;17
46F3B791;3;GPH;GMAG;Buena Vista;MAIN;11|17|20
46F3B791;4;GPH;IP;Buena Vista;MAIN;11|17|20|23
46F3B791;5;GPH;MT;Buena Vista;MAIN;11|23
46F3B791;6;GPH;RES;Buena Vista;MAIN;17|20|23
4717D848;1;GPH;GRV;Plymouth deposit;MAIN;28
4717D848;2;GPH;GMAG;Plymouth deposit;MAIN;34
47218E98;1;GPH;GRV;Sal de Vida;MAIN;57
47218E98;2;GPH;RES;Sal de Vida;MAIN;59
4701241E;1;GPH;EM;Taca Taca Bajo;MAIN;86
4701241E;2;GPH;IP;Taca Taca Bajo;MAIN;86
4701241E;3;GPH;GMAG;Taca Taca Bajo;MAIN;86
4701241E;4;GPH;GRV;Taca Taca Bajo;MAIN;86
4701241E;5;GPH;RAD;Taca Taca Bajo;MAIN;86
4701241E;6;GPH;MT;Taca Taca Bajo;MAIN;86
4701241E;7;GPH;AMAG;Taca Taca Bajo;MAIN;86
474475A4;1;GPH;EM;Gemini Lithium Project;MAIN;41|42|43
474475A4;2;GPH;GRV;Gemini Lithium Project;MAIN;42
474475A4;3;GPH;SES;Gemini Lithium Project;MAIN;41
475A0261;1;GPH;UNS;Kemess North;MAIN;65
4767A540;1;GPH;EM;New Afton;MAIN;65
4767A540;2;GPH;MT;New Afton;MAIN;65
4767A540;3;GPH;IP;New Afton;MAIN;65
4767A540;4;GPH;AMAG;New Afton;MAIN;66
4767A540;5;GPH;RAD;New Afton;MAIN;66
476B9F07;1;GPH;GMAG;Lac St-Jean Basin;MAIN;15|18|19|35
476B9F07;2;GPH;GRV;Lac St-Jean Basin;MAIN;27
476B9F07;3;GPH;RAD;Lac St-Jean Basin;MAIN;15
4799BFC5;1;GPH;AMAG;Pontax-Lithium occurrence;MAIN;32|48
4799BFC5;2;GPH;EM;Pontax-Lithium occurrence;MAIN;32|48
477FD0BF;1;GPH;GMAG;Central Zone;MAIN;61
477FD0BF;2;GPH;RAD;Central Zone;MAIN;61
479C0951;1;GPH;GPR;Central Moa;MAIN;44|49|50|51|52
47AD8277;1;GPH;AMAG;James Bay niobium deposit;MAIN;57
47AD8277;2;GPH;GRV;James Bay niobium deposit;MAIN;57
47AD8277;3;GPH;SES;James Bay niobium deposit;MAIN;57
47C65562;1;GPH;EM;Lola Graphite;MAIN;52
47E46A45;1;GPH;AMAG;Boda;MAIN;47|49
47E46A45;2;GPH;RAD;Boda;MAIN;47
47E46A45;3;GPH;IP;Boda;MAIN;48
47E46A45;4;GPH;GMAG;Boda;MAIN;48
47E46A45;5;GPH;EM;Boda;MAIN;49
47E46A45;7;GPH;GRV;Boda;MAIN;49
484E09EB;1;GPH;RAD;Ochoa Project;MAIN;77
484E09EB;2;GPH;SES;Ochoa Project;MAIN;79
485945C5;1;GPH;MT;Chedic / Voltaire;MAIN;24
4855B203;1;GPH;RAD;Umfreville;MAIN;13
4855B203;2;GPH;EM;Umfreville;MAIN;13|18
4855B203;3;GPH;AMAG;Umfreville;MAIN;13|18|27
4855B203;7;GPH;GRV;Umfreville;MAIN;18|22
4855B203;8;GPH;VLF;Umfreville;MAIN;18|27
485DF4CC;1;GPH;GMAG;Olary;MAIN;35|43
48A55460;1;GPH;UNS;Palisades Coal;MAIN;39
48B63F8B;1;GPH;GMAG;Richore Occurrence;MAIN;82
48B63F8B;2;GPH;VLF;Richore Occurrence;MAIN;82|83
48B63F8B;3;GPH;RAD;Richore Occurrence;MAIN;83|86|87|88|90|91
48B63F8B;4;GPH;AMAG;Richore Occurrence;MAIN;83|84|85|86
48C8F36D;1;GPH;IP;Ajax;MAIN;86|87
48C8F36D;2;GPH;AMAG;Ajax;MAIN;87
49022986;1;GPH;AMAG;Manono Tailings Project;MAIN;35
48F35E7A;1;GPH;IP;CV Lithium Trend;MAIN;54
48F35E7A;3;GPH;AMAG;CV Lithium Trend;MAIN;54
48DF2C42;1;GPH;AMAG;Kami;MAIN;136|137|138
48DF2C42;2;GPH;GRV;Kami;MAIN;137|138
48DF2C42;3;GPH;GMAG;Kami;MAIN;137
492F77BA;1;GPH;EM;Hook Lake Project;MAIN;18|25|35
492F77BA;2;GPH;IP;Hook Lake Project;MAIN;25
492F77BA;3;GPH;AMAG;Hook Lake Project;MAIN;29
4948CD4A;1;GPH;RAD;Nyota Prospect;MAIN;35
4948CD4A;2;GPH;AMAG;Nyota Prospect;MAIN;35
494AE66D;1;GPH;EM;Main Zone;MAIN;44
494F28DD;3;GPH;WLOG;Florence deposit;MAIN;87
496BFDFC;1;GPH;EM;Debarwa;MAIN;64|65
496BFDFC;2;GPH;AMAG;Debarwa;MAIN;64|65
496BFDFC;3;GPH;GMAG;Debarwa;MAIN;64|65
496BFDFC;4;GPH;IP;Debarwa;MAIN;64|65
496BFDFC;5;GPH;GRV;Debarwa;MAIN;65
497BACF0;1;GPH;EM;North Shore Property;MAIN;38|46|51
497BACF0;2;GPH;IP;North Shore Property;MAIN;38
497BACF0;3;GPH;RES;North Shore Property;MAIN;38
497BACF0;4;GPH;VLF;North Shore Property;MAIN;41
497BACF0;5;GPH;AMAG;North Shore Property;MAIN;41|46|51|55
497BACF0;6;GPH;RAD;North Shore Property;MAIN;41|46|55
499A5EF8;1;GPH;RAD;Blair Property;MAIN;51
499A5EF8;2;GPH;RES;Blair Property;MAIN;51
49BAD639;1;GPH;AMAG;Burn;MAIN;37
49FDBC3B;1;GPH;GMAG;Samapleu Deposits;MAIN;53|88|89
49FDBC3B;2;GPH;IP;Samapleu Deposits;MAIN;88|89
4A00CF06;1;GPH;AMAG;Wouterspan;MAIN;66
4A50C6AA;1;GPH;GRV;Fischells Brook;MAIN;15|20|21
4A50C6AA;2;GPH;AMAG;Fischells Brook;MAIN;20
4A50C6AA;3;GPH;SES;Fischells Brook;MAIN;20
4A565C76;1;GPH;AMAG;Nickel Project;MAIN;28|31|32|33
4A565C76;2;GPH;EM;Nickel Project;MAIN;28
4A565C76;3;GPH;GRV;Nickel Project;MAIN;28
4A587965;1;GPH;EM;Storm Copper Prospect;MAIN;45|47|48|49|50|51|52|53|55
4A587965;3;GPH;IP;Storm Copper Prospect;MAIN;45
4A587965;4;GPH;GRV;Storm Copper Prospect;MAIN;45|49|50|51|52|53|54|55|59
4A900F42;1;GPH;SES;Milestone Project;MAIN;41|45|46
4A5AB8AC;1;GPH;AMAG;Buckton Zone;MAIN;28|31
4A7AAA86;1;GPH;IP;Rio Grande;MAIN;50
4A7AAA86;2;GPH;RES;Rio Grande;MAIN;50
4A7AAA86;3;GPH;MT;Rio Grande;MAIN;50
4AA8AA2C;2;GPH;IP;Bolivar;MAIN;44
4A9DCEA4;5;GPH;IP;Matthews Ridge;MAIN;83
4AC16EA6;1;GPH;UNS;Palisades Coal;MAIN;46
4AD59003;1;GPH;EM;Luishia Sud;MAIN;21
4AC4D5A9;1;GPH;SES;Green River Potash Project;MAIN;50
4AC4D5A9;2;GPH;WLOG;Green River Potash Project;MAIN;54
4AC7CA06;1;GPH;AMAG;Cacharposa;MAIN;75
4AC7CA06;4;GPH;SWIR;Cacharposa;MAIN;56|68
4AF9D48F;1;GPH;EM;Borys Lake deposit;MAIN;26
4AF9D48F;2;GPH;AMAG;Borys Lake deposit;MAIN;26
4AF46D59;1;GPH;GMAG;Lookout Deposit;MAIN;54|55
4AF46D59;2;GPH;EM;Lookout Deposit;MAIN;54|55
4AF46D59;3;GPH;AMAG;Lookout Deposit;MAIN;54
4AF46D59;4;GPH;VLF;Lookout Deposit;MAIN;55
4AF46D59;5;GPH;RAD;Lookout Deposit;MAIN;55
4AF46D59;6;GPH;IP;Lookout Deposit;MAIN;55
4AF46D59;7;GPH;RES;Lookout Deposit;MAIN;55
4AF06CB0;1;GPH;AMAG;Platreef;MAIN;160
4AF06CB0;2;GPH;GRV;Platreef;MAIN;138|160|161
4AF06CB0;3;GPH;IP;Platreef;MAIN;160
4AF06CB0;4;GPH;SP;Platreef;MAIN;160
4AF06CB0;5;GPH;RES;Platreef;MAIN;160
4AF06CB0;6;GPH;SES;Platreef;MAIN;160|161|162
4B305E04;1;GPH;EM;Davis-Keays Eagle Vein;MAIN;49|50
4B589A57;3;GPH;AMAG;Pine Point;MAIN;102|104
4B589A57;4;GPH;GRV;Pine Point;MAIN;102|104
4B589A57;5;GPH;EM;Pine Point;MAIN;103
4B529A03;1;GPH;EM;Taca Taca;MAIN;35
4B529A03;2;GPH;IP;Taca Taca;MAIN;35|36
4B529A03;3;GPH;GMAG;Taca Taca;MAIN;35
4B529A03;4;GPH;RAD;Taca Taca;MAIN;35
4B529A03;5;GPH;GRV;Taca Taca;MAIN;35
4B529A03;6;GPH;MT;Taca Taca;MAIN;36
4B737BC6;1;GPH;VLF;Bissett Creek;MAIN;64
4B737BC6;2;GPH;GMAG;Bissett Creek;MAIN;64
4B737BC6;5;GPH;IP;Bissett Creek;MAIN;65
4B82AFE9;1;GPH;EM;Corner Bay;MAIN;69
4B6100F0;1;GPH;EM;Parkin Offset Dyke;MAIN;77|78|79|81|82
4B6100F0;2;GPH;MT;Parkin Offset Dyke;MAIN;77
4B6100F0;3;GPH;GMAG;Parkin Offset Dyke;MAIN;78
4B6100F0;4;GPH;IP;Parkin Offset Dyke;MAIN;81
4B81C65B;1;GPH;GMAG;Songwe Hill;MAIN;95
4B81C65B;2;GPH;RAD;Songwe Hill;MAIN;96
4B81C65B;3;GPH;GRV;Songwe Hill;MAIN;97
4B91AAE7;1;GPH;WLOG;Lost Creek Project;MAIN;38
4B9EF404;1;GPH;AMAG;Full Moon;MAIN;44
4B9EF404;2;GPH;EM;Full Moon;MAIN;44
4B9EF404;3;GPH;GRV;Full Moon;MAIN;47|48
4B9FC69D;1;GPH;GMAG;Jubilee Mountain Project;MAIN;48
4B9C6EB7;2;GPH;EM;Rosh Pinah;MAIN;75
4B9C6EB7;3;GPH;AMAG;Rosh Pinah;MAIN;75
4BA80228;1;GPH;AMAG;Granby/Cuba Zone;MAIN;39
4BA80228;2;GPH;RAD;Granby/Cuba Zone;MAIN;39
4BA80228;3;GPH;IP;Granby/Cuba Zone;MAIN;39
4BAB9058;1;GPH;GMAG;Central Zone;MAIN;119|122
4BAB9058;2;GPH;AMAG;Central Zone;MAIN;119|122
4BAB9058;3;GPH;IP;Central Zone;MAIN;119|122
4BAB9058;4;GPH;RES;Central Zone;MAIN;122
4BAB9058;5;GPH;VLF;Central Zone;MAIN;119|122
4BAB9058;6;GPH;EM;Central Zone;MAIN;122
4BAB9058;7;GPH;MT;Central Zone;MAIN;122
4BAB9058;9;GPH;RAD;Central Zone;MAIN;122
4BAB9058;11;GPH;SES;Central Zone;MAIN;122
4BB6A66B;1;GPH;IP;Panteria Zone;MAIN;51|59
4BB6A66B;2;GPH;GMAG;Panteria Zone;MAIN;59
4BB6A66B;3;GPH;RES;Panteria Zone;MAIN;59
4BBB0056;1;GPH;GMAG;Leslie Occurrence;MAIN;53
4BBB0056;2;GPH;VLF;Leslie Occurrence;MAIN;53|56
4BBB0056;3;GPH;AMAG;Leslie Occurrence;MAIN;57
4BBB0056;4;GPH;RAD;Leslie Occurrence;MAIN;57|58
4BFF82EA;3;GPH;AMAG;Kamoa-Kakula;MAIN;135|136
4BFF82EA;4;GPH;RAD;Kamoa-Kakula;MAIN;135|136
4BFF82EA;5;GPH;EM;Kamoa;MAIN;136
4BFF82EA;6;GPH;EM;Kamoa-Kakula;MAIN;136
4BFF82EA;7;GPH;GMAG;Kamoa-Kakula;MAIN;136
4BFF82EA;8;GPH;GRV;Kakula;MAIN;136
4BFF82EA;9;GPH;WLOG;Kamoa-Kakula;MAIN;136
4BFF82EA;11;GPH;RES;Kamoa-Kakula;MAIN;136
4BFF82EA;14;GPH;SES;Kamoa-Kakula;MAIN;136
4BFF82EA;15;GPH;RAD;Kakula;MAIN;136
4BFF82EA;16;GPH;GRV;Kamoa North;MAIN;136
4BFF82EA;17;GPH;GMAG;Kamoa North;MAIN;136
4BFF82EA;18;GPH;RAD;Kamoa North;MAIN;136
4BFF82EA;19;GPH;RAD;Kakula West;MAIN;136
4BFF82EA;20;GPH;GRV;Kakula West;MAIN;136
4C202BC1;1;GPH;AMAG;Lac Lamêlée South;MAIN;82
4C202BC1;2;GPH;RAD;Lac Lamêlée South;MAIN;82
4C202BC1;3;GPH;GRV;Lac Lamêlée South;MAIN;82
4C202BC1;4;GPH;GMAG;Lac Lamêlée South;MAIN;62|83
4C259B8C;1;GPH;AMAG;Houston;MAIN;48|52
4C259B8C;4;GPH;GRV;Houston;MAIN;52
4C3B46C9;1;GPH;GMAG;Roby-Offset deposit;MAIN;69
4C4D1537;1;GPH;WLOG;Reno Creek Project;MAIN;37|40|43|45|48
4C57A1FE;1;GPH;EM;Key Lake Southwest;MAIN;9|10|12
4C57A1FE;2;GPH;AMAG;Key Lake Southwest;MAIN;10
4C57A1FE;3;GPH;RAD;Key Lake Southwest;MAIN;10
4C57A1FE;4;GPH;GMAG;Key Lake Southwest;MAIN;12
4C4C7756;1;GPH;GMAG;Taysan;MAIN;57|58|59
4C4C7756;2;GPH;AMAG;Taysan;MAIN;50|57|58|59
4C4C7756;3;GPH;RAD;Taysan;MAIN;57
4C954EE4;1;GPH;IP;Seel deposit;MAIN;23|44|45|49|50|51|54
4C954EE4;2;GPH;GMAG;Seel deposit;MAIN;23|44|49|50|51|54|58
4C954EE4;3;GPH;AMAG;Seel deposit;MAIN;54
4C954EE4;4;GPH;RAD;Seel deposit;MAIN;54
4CC0E633;1;GPH;EM;McArthur East;MAIN;17|21
4CC0E633;2;GPH;AMAG;McArthur East;MAIN;17
4CC6BA65;1;GPH;WLOG;Duperow Formation Brine;MAIN;48|49|53
4CAFDF91;1;GPH;IP;Goynuk Mine;MAIN;71|72
4CFC6EA2;1;GPH;IP;Vizcachitas;MAIN;65|66
4CFC6EA2;2;GPH;RES;Vizcachitas;MAIN;65|66
4CFC6EA2;3;GPH;SP;Vizcachitas;MAIN;66
4CFCECEA;1;GPH;EM;Gahcho Kué;MAIN;77|78
4CFCECEA;2;GPH;AMAG;Gahcho Kué;MAIN;77
4CFCECEA;3;GPH;GRV;Gahcho Kué;MAIN;78|79
4CFCECEA;4;GPH;UNS;Gahcho Kué;MAIN;77|78
4D068B1C;1;GPH;UNS;Hannukainen;MAIN;75
4D068B1C;2;GPH;GRV;Hannukainen;MAIN;76
4D068B1C;3;GPH;GMAG;Hannukainen;MAIN;76
4D068B1C;4;GPH;SES;Hannukainen;MAIN;76
4D0E1DB1;1;GPH;AMAG;Tamarack North Project;MAIN;100|101|103
4D0E1DB1;2;GPH;EM;Tamarack North Project;MAIN;100|101|102|103|104|105|107|108
4D0E1DB1;3;GPH;GMAG;Tamarack North Project;MAIN;100
4D0E1DB1;4;GPH;GRV;Tamarack North Project;MAIN;100|102|105|106
4D0E1DB1;5;GPH;MT;Tamarack North Project;MAIN;100|103|108
4D0E1DB1;6;GPH;IP;Tamarack North Project;MAIN;100|102|103
4D0E1DB1;7;GPH;SES;Tamarack North Project;MAIN;100|107
4D0E1DB1;8;GPH;MALM;Tamarack North Project;MAIN;100|102|103
4D261410;1;GPH;AMAG;Cerro Verde;MAIN;52|53
4D2DF2CF;1;GPH;IP;Main Deposit;MAIN;56
4D26CA6A;1;GPH;AMAG;Marimaca;MAIN;74|79
4D26CA6A;2;GPH;IP;Marimaca;MAIN;74|79
4D30D41F;1;GPH;IP;Altar;MAIN;68|69
4D30D41F;2;GPH;MALM;Altar;MAIN;69
4D30D41F;3;GPH;MT;Altar;MAIN;70|71
4D30D41F;4;GPH;GMAG;Altar;MAIN;72
4D30D41F;5;GPH;AMAG;Altar;MAIN;72
4D349441;1;GPH;AMAG;Gorilla Lake;MAIN;26|27
4D349441;2;GPH;EM;Gorilla Lake;MAIN;26|27
4D5B59DA;1;GPH;AMAG;Vendôme Sud;MAIN;42
4D5B59DA;2;GPH;EM;Vendôme Sud;MAIN;42
4D881A6B;1;GPH;GMAG;Lappvattnet;MAIN;31
4D923049;1;GPH;AMAG;Captain Cook Halite Deposit;MAIN;52
4D923049;2;GPH;GRV;Captain Cook Halite Deposit;MAIN;52
4D923049;3;GPH;SES;Captain Cook Halite Deposit;MAIN;52
4DAEE0CE;1;GPH;UNS;Florence;MAIN;74
4DAEE0CE;2;GPH;WLOG;Florence;MAIN;74
4DB73A87;1;GPH;EM;Mine Block Intrusion (MBI);MAIN;61|89
4DB73A87;2;GPH;AMAG;Mine Block Intrusion (MBI);MAIN;65|89
4DB73A87;3;GPH;GMAG;Mine Block Intrusion (MBI);MAIN;89
4DB73A87;4;GPH;IP;Mine Block Intrusion (MBI);MAIN;89
4DB73A87;5;GPH;VLF;Mine Block Intrusion (MBI);MAIN;89
4DB73A87;6;GPH;MT;Mine Block Intrusion (MBI);MAIN;89
4DCFAD83;1;GPH;AMAG;Graal;MAIN;34
4DCFAD83;2;GPH;GRV;Graal;MAIN;34
4DCFAD83;3;GPH;EM;Graal;MAIN;34|35|39|46
4DDF500E;1;GPH;GRV;Clayton Valley;MAIN;34
4DDF500E;2;GPH;SES;Clayton Valley;MAIN;34
4DF49935;1;GPH;RAD;Sumner Property;MAIN;52|53
4DF49935;2;GPH;RES;Sumner Property;MAIN;52|53
4E24E8B7;1;GPH;UNS;Victorio molybdenum-tungsten deposit;MAIN;29|31
4DFF55E9;1;GPH;EM;Hilarión - El Padrino;MAIN;68
4DFF55E9;2;GPH;IP;Hilarión - El Padrino;MAIN;68
4E266F3B;1;GPH;EM;Harper Creek;MAIN;115|117
4E266F3B;2;GPH;AMAG;Harper Creek;MAIN;115
4E266F3B;3;GPH;GMAG;Harper Creek;MAIN;117|120
4E266F3B;7;GPH;IP;Harper Creek;MAIN;118
4E3581CD;1;GPH;UNS;Sydney Coal Project;MAIN;10
4E37D187;1;GPH;AMAG;Kwango River;MAIN;18
4E37D187;4;GPH;RES;Kwango River;MAIN;26
4E37D187;5;GPH;GRV;Kwango River;MAIN;26
4E37D187;6;GPH;SES;Kwango River;MAIN;26
4E37D187;7;GPH;EM;Kwango River;MAIN;26|28|35
4E37D187;8;GPH;WLOG;Kwango River;MAIN;35
4E37D187;11;GPH;GMAG;Kwango River;MAIN;35
4E541F3F;1;GPH;AMAG;Main Monazite Zone;MAIN;54|66
4E541F3F;3;GPH;RAD;Main Monazite Zone;MAIN;66|72
4E7C9F05;1;GPH;GMAG;C-Zone;MAIN;48|49
4E8E93FF;1;GPH;SES;Mengo;MAIN;67|68
4E98AB6B;1;GPH;UNS;North Hitura;MAIN;21|38|40
4EE35C2B;1;GPH;GMAG;Nico 1;MAIN;38
4EE35C2B;2;GPH;EM;Nico 1;MAIN;38|40
4EE35C2B;3;GPH;GRV;Nico 1;MAIN;38
4EE35C2B;4;GPH;AMAG;Nico 1;MAIN;38
4EE35C2B;5;GPH;VLF;Nico 1;MAIN;38
4EBEB34F;1;GPH;AMAG;Beaver Block;MAIN;35|36
4EBEB34F;2;GPH;EM;Beaver Block;MAIN;35|46|47
4EBEB34F;3;GPH;GRV;Beaver Block;MAIN;35|44
4EBEB34F;5;GPH;GMAG;Beaver Block;MAIN;40|41
4EBEB34F;6;GPH;VLF;Beaver Block;MAIN;47
4EBEB34F;7;GPH;IP;Beaver Block;MAIN;26|47|48
4F282747;1;GPH;GMAG;Crater Lake;MAIN;71
4F2C3B21;1;GPH;VLF;JAK Zone;MAIN;32|33
4F2C3B21;2;GPH;GMAG;JAK Zone;MAIN;32|33
4F5F89BC;1;GPH;IP;Millington Showing;MAIN;53
4F53DDEF;1;GPH;GMAG;Chinchillones Complex;MAIN;82
4F53DDEF;2;GPH;IP;Chinchillones Complex;MAIN;81|82|87
4F705F9F;1;GPH;AMAG;N/A;MAIN;29
4F7BA945;1;GPH;GPR;Valozoro;MAIN;15|27
4F87769D;1;GPH;MT;Cukaru Peki;MAIN;68
4F87769D;2;GPH;IP;Cukaru Peki;MAIN;68
4F87769D;3;GPH;SES;Cukaru Peki;MAIN;68
4FDABFE2;1;GPH;UNS;Lundberg;MAIN;65
4FEE8E55;1;GPH;GMAG;Fierro Group Iron Bands;MAIN;21
4FF7DD48;1;GPH;EM;Mattagami River Zinc Project;MAIN;28
4FF834B1;1;GPH;EM;Talbot deposit;MAIN;35|36
4FF834B1;2;GPH;AMAG;Talbot deposit;MAIN;26|28|36
50462625;1;GPH;IP;Pine Point Deposits;MAIN;60
50462625;2;GPH;SES;Pine Point Deposits;MAIN;60
50462625;3;GPH;GRV;Pine Point Deposits;MAIN;60
50462625;4;GPH;EM;Pine Point Deposits;MAIN;61
50462625;5;GPH;AMAG;Pine Point Deposits;MAIN;61
505808FC;1;GPH;AMAG;Mt Cattlin;MAIN;72
505808FC;2;GPH;RAD;Mt Cattlin;MAIN;72
505808FC;3;GPH;EM;Mt Cattlin;MAIN;72|73
505808FC;4;GPH;GPR;Mt Cattlin;MAIN;73
505808FC;5;GPH;RES;Mt Cattlin;MAIN;73|75
509EA8DF;1;GPH;GRV;Santa Cruz Deposit;MAIN;66|68
509EA8DF;2;GPH;GMAG;Santa Cruz Deposit;MAIN;66|68|70
509EA8DF;3;GPH;SES;Santa Cruz Deposit;MAIN;66|73
509EA8DF;4;GPH;IP;Santa Cruz Deposit;MAIN;66|67|71
509EA8DF;5;GPH;MT;Santa Cruz Deposit;MAIN;68
509EA8DF;6;GPH;AMAG;Santa Cruz Deposit;MAIN;68
50B5710B;1;GPH;EM;Perkoa;MAIN;52|53
50B5710B;2;GPH;AMAG;Perkoa;MAIN;52
50B5710B;3;GPH;IP;Perkoa;MAIN;52
50B23D17;1;GPH;IP;Kok Moinok;MAIN;29|33
50D4A671;1;GPH;AMAG;Sun;MAIN;35
50FA7EEE;1;GPH;RAD;Alberta Potash Project;MAIN;30
50FA7EEE;2;GPH;RES;Alberta Potash Project;MAIN;30
50FA7EEE;3;GPH;SES;Alberta Potash Project;MAIN;30|38
50FA7EEE;4;GPH;WLOG;Alberta Potash Project;MAIN;30
510AE9A3;1;GPH;EM;Skyline Project;MAIN;23|43
510AE9A3;2;GPH;IP;Skyline Project;MAIN;36|43
510AE9A3;3;GPH;GMAG;Skyline Project;MAIN;43
510AE9A3;4;GPH;AMAG;Skyline Project;MAIN;38
510AE9A3;5;GPH;MT;Skyline Project;MAIN;43
514A0244;1;GPH;RAD;Berlin;MAIN;69|73
5157CB11;1;GPH;UNS;Osprey;MAIN;20
5157CB11;2;GPH;EM;Osprey;MAIN;20|27|49|51
5157CB11;3;GPH;AMAG;Osprey;MAIN;20|27
5157CB11;4;GPH;RAD;Osprey;MAIN;20|27|36
5157CB11;5;GPH;RES;Osprey;MAIN;27|48
5157CB11;6;GPH;IP;Osprey;MAIN;27|48|49
5157CB11;7;GPH;GRV;Osprey;MAIN;27|49|52
51591DAF;1;GPH;AMAG;St-Onge Wollastonite deposit;MAIN;46|47
516E3AB4;1;GPH;RAD;Arkose;MAIN;34
515EBF87;1;GPH;AMAG;GL2 Target Area;MAIN;73|82
515F5B3E;1;GPH;EM;Bisha Main Zone;MAIN;115|116|124
515F5B3E;2;GPH;GMAG;Bisha Main Zone;MAIN;115|117|124
515F5B3E;3;GPH;AMAG;Bisha Main Zone;MAIN;115|125
515F5B3E;4;GPH;GRV;Bisha Main Zone;MAIN;115|116|117|118|124
515F5B3E;5;GPH;IP;Bisha Main Zone;MAIN;117|124
51B5C244;1;GPH;WLOG;Lost-Fox Area;MAIN;34|43
51CB6895;1;GPH;RAD;Velvet-Wood;MAIN;29
51B72D16;3;GPH;GMAG;Josemaría;MAIN;162
51B72D16;4;GPH;IP;Josemaría;MAIN;162|163
51B72D16;5;GPH;MT;Josemaría;MAIN;162|163
51B72D16;6;GPH;RES;Josemaría;MAIN;162
51B72D16;8;GPH;AMAG;Josemaría;MAIN;163
51B72D16;10;GPH;EM;Josemaría;MAIN;163
51D4E191;1;GPH;AMAG;Touro;MAIN;82|84
51D4E191;2;GPH;GMAG;Touro;MAIN;82|84
51D4E191;3;GPH;EM;Touro;MAIN;82|84
51EACB34;1;GPH;EM;McCreedy West;MAIN;40
51EBC0FB;1;GPH;AMAG;Luanga;MAIN;60|99
51EBC0FB;2;GPH;RAD;Luanga;MAIN;60|62
51EBC0FB;3;GPH;EM;Luanga;MAIN;60|61|96|98|99
51EBC0FB;7;GPH;IP;Luanga;MAIN;95
51EBC0FB;10;GPH;GMAG;Luanga;MAIN;98
51EBC0FB;11;GPH;GRV;Luanga;MAIN;98
520B92DC;1;GPH;EM;Levack Mine;MAIN;77|78
520B92DC;2;GPH;IP;Levack Mine;MAIN;77
523F4C3A;1;GPH;MT;Bonnie Claire;MAIN;32
523F4C3A;2;GPH;GRV;Bonnie Claire;MAIN;32|36
5228E19B;1;GPH;AMAG;Griffith Property;MAIN;33
5228E19B;2;GPH;EM;Griffith Property;MAIN;33
5245F6DD;1;GPH;IP;Cotabambas;MAIN;45
5245F6DD;2;GPH;GMAG;Cotabambas;MAIN;45
52545397;1;GPH;IP;Northwest and Southeast Zones;MAIN;52|56
52841E2B;1;GPH;EM;Haib;MAIN;46
52841E2B;2;GPH;IP;Haib;MAIN;46
52841E2B;3;GPH;RES;Haib;MAIN;46
52841E2B;4;GPH;MT;Haib;MAIN;46
52A5D206;1;GPH;IP;Bandeira;MAIN;43
52A5D206;2;GPH;RES;Bandeira;MAIN;43
52C3ECF4;1;GPH;EM;Gonneville;MAIN;45|46
52C3ECF4;2;GPH;AMAG;Gonneville;MAIN;46
52C3ECF4;3;GPH;GRV;Gonneville;MAIN;46
52CA56C7;1;GPH;UNS;Plaza Norte;MAIN;45
52C66905;1;GPH;GMAG;Whabouchi;MAIN;95
52C66905;2;GPH;AMAG;Whabouchi;MAIN;95
52C4F563;1;GPH;GMAG;Casino;MAIN;66|67
52C4F563;2;GPH;IP;Casino;MAIN;66|68
52C4F563;3;GPH;RES;Casino;MAIN;66
52C4F563;4;GPH;MT;Casino;MAIN;66
52ED0F0E;1;GPH;EM;Reed deposit;MAIN;45
52ED0F0E;2;GPH;AMAG;Reed deposit;MAIN;45
52ED0F0E;3;GPH;IP;Reed deposit;MAIN;45
52ED0F0E;4;GPH;GRV;Reed deposit;MAIN;45
52E6FA25;1;GPH;AMAG;Bornite;MAIN;47
52E6FA25;2;GPH;EM;Bornite;MAIN;47
52E6FA25;3;GPH;RAD;Bornite;MAIN;47
52E6FA25;4;GPH;IP;Bornite;MAIN;50
52E6FA25;5;GPH;MT;Bornite;MAIN;50
52E6FA25;6;GPH;GRV;Bornite;MAIN;54
531C5411;1;GPH;SES;Parigi Prospects;MAIN;19|20|21
530E9AFC;1;GPH;RAD;Roca Honda Project;MAIN;53
53305A3C;1;GPH;RAD;Monster Property;MAIN;17
53305A3C;2;GPH;AMAG;Monster Property;MAIN;17
53305A3C;3;GPH;GRV;Monster Property;MAIN;17
53386372;1;GPH;GRV;Dean;MAIN;28
5369C3D2;1;GPH;EM;Bur Zone;MAIN;39
5369C3D2;2;GPH;GMAG;Bur Zone;MAIN;39
5353BB5C;1;GPH;UNS;Muskox kimberlite;MAIN;28
539F228F;1;GPH;AMAG;Central Project;MAIN;49|53|55
539F228F;2;GPH;GMAG;Central Project;MAIN;56|57
539F228F;3;GPH;EM;Central Project;MAIN;65
539F228F;4;GPH;IP;Central Project;MAIN;65
5390CB82;1;GPH;AMAG;Ralleau Property;MAIN;27|37
5390CB82;2;GPH;EM;Ralleau Property;MAIN;30|37|41
5390CB82;3;GPH;IP;Ralleau Property;MAIN;37|41|45
5390CB82;4;GPH;UNS;Ralleau Property;MAIN;37
53C5A4EE;1;GPH;MT;Palmer Deposit;MAIN;99|102
53C5A4EE;2;GPH;GMAG;Palmer Deposit;MAIN;99|107
53C5A4EE;3;GPH;EM;Palmer Deposit;MAIN;99|103|104|105
53C5A4EE;4;GPH;AMAG;Palmer Deposit;MAIN;99|106
53C5A4EE;6;GPH;GPR;Palmer Deposit;MAIN;107|108
53C5A4EE;7;GPH;SES;Palmer Deposit;MAIN;108
53F2909B;1;GPH;UNS;Kemess North;MAIN;66
540F851B;1;GPH;GMAG;Separation Rapids Lithium Deposit;MAIN;91
542FB15F;1;GPH;AMAG;Kahuna;MAIN;24|30|34
542FB15F;2;GPH;EM;Kahuna;MAIN;24|29
542FB15F;3;GPH;GMAG;Kahuna;MAIN;30
546DC6E8;1;GPH;EM;Willett occurrence;MAIN;62
546DC6E8;2;GPH;AMAG;Willett occurrence;MAIN;62
5461CBE6;1;GPH;AMAG;Beruang Kanan Main Zone;MAIN;66
5461CBE6;2;GPH;IP;Beruang Kanan Main Zone;MAIN;68|69
5461CBE6;3;GPH;GMAG;Beruang Kanan Main Zone;MAIN;68
541DD66D;1;GPH;GPR;Ramu;MAIN;34|38|42
549EA06E;1;GPH;AMAG;Nikka Deposit;MAIN;40
549EA06E;2;GPH;EM;Nikka Deposit;MAIN;40
549EA06E;3;GPH;GRV;Nikka Deposit;MAIN;40
549B7F9B;1;GPH;EM;York Harbour;MAIN;48|51|52
54A171CD;1;GPH;UNS;Renard Cluster;MAIN;71
54A171CD;2;GPH;GMAG;Renard Cluster;MAIN;71
54A171CD;3;GPH;EM;Renard Cluster;MAIN;71
54E630CA;2;GPH;GRV;Tirisano;MAIN;64|65|66
54DF8DA9;1;GPH;AMAG;Tamarack North Project;MAIN;89|91
54DF8DA9;2;GPH;EM;Tamarack North Project;MAIN;89|90|91|97|98|100|102
54DF8DA9;3;GPH;GRV;Tamarack North Project;MAIN;89|90|92
54DF8DA9;4;GPH;IP;Tamarack North Project;MAIN;90|93
54DF8DA9;5;GPH;RES;Tamarack North Project;MAIN;90|93
54DF8DA9;6;GPH;SES;Tamarack North Project;MAIN;93|100
54DF8DA9;7;GPH;MT;Tamarack North Project;MAIN;94|95|96|97
54DF8DA9;9;GPH;MALM;Tamarack North Project;MAIN;90|93
54F1EC6C;1;GPH;EM;Harper Creek;MAIN;114
54F1EC6C;2;GPH;AMAG;Harper Creek;MAIN;114
54F1EC6C;3;GPH;GMAG;Harper Creek;MAIN;116|119
54F1EC6C;4;GPH;IP;Harper Creek;MAIN;117
552B1677;2;GPH;GMAG;Chita Porphyry;MAIN;71|86
552B1677;3;GPH;IP;Chita Porphyry;MAIN;71|79|86
552B1677;4;GPH;RES;Chita Porphyry;MAIN;68
552BF875;1;GPH;WLOG;DM Project Ore Zone;MAIN;39
5535A11B;1;GPH;SES;Basin East;MAIN;68
5535A11B;2;GPH;GPR;Basin East;MAIN;70
5541B604;1;GPH;GMAG;Snaefell;MAIN;42
5541B604;2;GPH;IP;Snaefell;MAIN;42
5541B604;3;GPH;GRV;Snaefell;MAIN;42
5541B604;4;GPH;AMAG;Snaefell;MAIN;42
554201A6;1;GPH;GMAG;Gulçari A (Campbell Pit);MAIN;125|126|127
554201A6;2;GPH;IP;Gulçari A (Campbell Pit);MAIN;125|126
554201A6;3;GPH;VLF;Gulçari A (Campbell Pit);MAIN;126
554201A6;4;GPH;AMAG;Gulçari A (Campbell Pit);MAIN;130|133
554201A6;5;GPH;RAD;Gulçari A (Campbell Pit);MAIN;130|137
55D9A9AF;1;GPH;AMAG;Radio Project Target;MAIN;30
55D9A9AF;2;GPH;EM;Radio Project Target;MAIN;30
55D9A9AF;3;GPH;RES;Radio Project Target;MAIN;37
55D9A9AF;4;GPH;GRV;Radio Project Target;MAIN;37
55F725BF;1;GPH;AMAG;Asbury;MAIN;41
55F725BF;2;GPH;EM;Asbury;MAIN;41|43
56385312;1;GPH;UNS;Los Santos;MAIN;27
560E2333;1;GPH;MT;Salar de Rio Grande;MAIN;14|15|100
560E2333;2;GPH;RES;Salar de Rio Grande;MAIN;14|79
560E2333;3;GPH;SP;Salar de Rio Grande;MAIN;14
5651E69E;1;GPH;MT;Salar de Río Grande;MAIN;10
5651E69E;2;GPH;RES;Salar de Río Grande;MAIN;10|11|78
5651E69E;3;GPH;SP;Salar de Río Grande;MAIN;10
56599EE7;1;GPH;EM;Rea Property;MAIN;49|50
56599EE7;2;GPH;AMAG;Rea Property;MAIN;49|51
56599EE7;3;GPH;IP;Rea Property;MAIN;49|50
56599EE7;5;GPH;GRV;Rea Property;MAIN;50|51
568125EC;1;GPH;IP;Chelopech;MAIN;71
568125EC;2;GPH;MT;Chelopech;MAIN;71
568125EC;3;GPH;GMAG;Chelopech;MAIN;71
568125EC;4;GPH;GRV;Chelopech;MAIN;71
56BB3052;1;GPH;IP;Beruang Kanan Main Zone;MAIN;27
56BB3052;2;GPH;AMAG;Beruang Kanan Main Zone;MAIN;27
56BB3052;3;GPH;GRV;Beruang Kanan Main Zone;MAIN;27
56BB3052;5;GPH;GMAG;Beruang Kanan Main Zone;MAIN;29
56D18025;1;GPH;IP;Gays River Deposit;MAIN;68
56D18025;2;GPH;UNS;Gays River Deposit;MAIN;68
56D18025;3;GPH;EM;Gays River Deposit;MAIN;74
56D18025;4;GPH;AMAG;Gays River Deposit;MAIN;74
56D77F1B;2;GPH;GPR;San Domingo;MAIN;55
56DFD031;1;GPH;EM;GC-12-01 VMS;MAIN;19
56DFD031;2;GPH;AMAG;GC-12-01 VMS;MAIN;19
56DFD031;3;GPH;VLF;GC-12-01 VMS;MAIN;19
56DA9C1B;1;GPH;AMAG;Cantung;MAIN;42
56DA9C1B;2;GPH;EM;Cantung;MAIN;42
56DA9C1B;3;GPH;GMAG;Cantung;MAIN;42
56DA9C1B;4;GPH;IP;Cantung;MAIN;42
56DA9C1B;5;GPH;GRV;Cantung;MAIN;42
56DA9C1B;6;GPH;RES;Cantung;MAIN;42
573B8BC0;1;GPH;EM;Marg;MAIN;36
573B8BC0;2;GPH;GMAG;Marg;MAIN;36
573B8BC0;3;GPH;AMAG;Marg;MAIN;37
573B8BC0;4;GPH;IP;Marg;MAIN;37
573524EB;1;GPH;AMAG;Cortadera;MAIN;118
573524EB;2;GPH;RAD;Cortadera;MAIN;118
573524EB;3;GPH;IP;Cortadera;MAIN;118
573524EB;4;GPH;MT;Cortadera;MAIN;118
578B523C;1;GPH;EM;Pastos Grandes;MAIN;43
578B523C;2;GPH;SES;Pastos Grandes;MAIN;46
57D9270A;1;GPH;SES;Muskowekwan Potash Project;MAIN;66|68|72
57D2AA73;1;GPH;GMAG;Hannah;MAIN;32
57D2AA73;2;GPH;VLF;Hannah;MAIN;32
57E4E282;1;GPH;EM;Huzyk Creek;MAIN;20
57E4E282;2;GPH;GMAG;Huzyk Creek;MAIN;20
57E4E282;3;GPH;IP;Huzyk Creek;MAIN;26
57F6A5CE;1;GPH;SES;Disley Project;MAIN;91|95|96
5811C9CC;1;GPH;SES;Tetra;MAIN;58
5850C947;1;GPH;EM;Albere Zone;MAIN;51
5850C947;2;GPH;AMAG;Albere Zone;MAIN;51
5850C947;3;GPH;RAD;Albere Zone;MAIN;51
5848CB6D;1;GPH;GMAG;Lookout zone;MAIN;56|57
5848CB6D;2;GPH;EM;Lookout zone;MAIN;56
5848CB6D;3;GPH;AMAG;Lookout zone;MAIN;56
5848CB6D;4;GPH;MALM;Lookout zone;MAIN;56|57
5848CB6D;5;GPH;VLF;Lookout zone;MAIN;56
5848CB6D;6;GPH;RAD;Lookout zone;MAIN;56
5848CB6D;7;GPH;IP;Lookout zone;MAIN;56
5848CB6D;9;GPH;WLOG;Lookout zone;MAIN;56
58930D33;1;GPH;EM;Pick Lake deposit;MAIN;80|82|84
58930D33;2;GPH;AMAG;Pick Lake deposit;MAIN;80
58810EDD;1;GPH;EM;Lang Lake Prospect;MAIN;54
58810EDD;2;GPH;AMAG;Lang Lake Prospect;MAIN;54
588F96C7;1;GPH;GMAG;Santander Pipe;MAIN;113|114|116
588F96C7;2;GPH;MT;Santander Pipe;MAIN;113|115|117
588F96C7;3;GPH;IP;Santander Pipe;MAIN;116
58A906CD;1;GPH;SES;Wynyard;MAIN;55|56|72
58B2F720;1;GPH;WLOG;Rainbow Lake Property;MAIN;49|50
58E55270;1;GPH;AMAG;Gemini North;MAIN;78|84
58CF9AF6;1;GPH;GMAG;Cristal-Charlita;MAIN;56
58CF9AF6;2;GPH;IP;Cristal-Charlita;MAIN;56
5900E020;1;GPH;GPR;Drazhnje;MAIN;59
5900E020;2;GPH;GRV;Drazhnje;MAIN;60
5900E020;3;GPH;GMAG;Drazhnje;MAIN;60
5903608D;1;GPH;AMAG;Bend;MAIN;35
5903608D;2;GPH;EM;Bend;MAIN;36
5915A358;1;GPH;GRV;Cairn Hill;MAIN;64
5915A358;2;GPH;GMAG;Cairn Hill;MAIN;65
5915A358;3;GPH;AMAG;Cairn Hill;MAIN;64|66
593AC42B;1;GPH;AMAG;RNO nickel laterite deposits;MAIN;36
595C019C;1;GPH;GRV;Sevier Playa;MAIN;82
5983246C;1;GPH;GRV;Elizabeth Taconite;MAIN;31
5983246C;2;GPH;GMAG;Elizabeth Taconite;MAIN;31
5983246C;4;GPH;AMAG;Elizabeth Taconite;MAIN;31
5991478A;1;GPH;IP;James Bay Pegmatites;MAIN;93|98
5991478A;2;GPH;GMAG;James Bay Pegmatites;MAIN;93
5995CF9F;1;GPH;GRV;Waterberg Project;MAIN;72|73|74|79
5995CF9F;2;GPH;GMAG;Waterberg Project;MAIN;72|73
5995CF9F;4;GPH;AMAG;Waterberg Project;MAIN;73|74
5995CF9F;5;GPH;RAD;Waterberg Project;MAIN;74
5996D23B;1;GPH;IP;Whitford Lake;MAIN;25|26
59AD85CE;1;GPH;AMAG;Minorca;MAIN;63
59D8ACD9;1;GPH;RAD;Target IV;MAIN;46
59D8ACD9;2;GPH;GMAG;Target IV;MAIN;46
59D8ACD9;3;GPH;AMAG;Target IV;MAIN;46
59D8ACD9;4;GPH;RES;Target IV;MAIN;47
59DC6460;1;GPH;EM;Mattagami River Zinc Project;MAIN;22
59DC6460;2;GPH;GMAG;Mattagami River Zinc Project;MAIN;22
5A0A6BC2;1;GPH;IP;Blue Moon;MAIN;29|31
5A0A6BC2;2;GPH;EM;Blue Moon;MAIN;29|32
5A0A6BC2;3;GPH;GMAG;Blue Moon;MAIN;32
5A0A6BC2;4;GPH;VLF;Blue Moon;MAIN;32
5A19F28F;1;GPH;AMAG;Manganese Clast Deposits;MAIN;17
5A10189C;1;GPH;IP;Alwin;MAIN;53
5A10189C;3;GPH;GMAG;Alwin;MAIN;53|54
5A10189C;4;GPH;VLF;Alwin;MAIN;53|54
5A2F9D8E;1;GPH;GRV;Trill mineralized lens;MAIN;78
5A2F9D8E;2;GPH;EM;Trill mineralized lens;MAIN;78
5A311C3B;1;GPH;RES;Hurricane zone;MAIN;42
5A311C3B;2;GPH;EM;Hurricane zone;MAIN;43
5A631FEE;1;GPH;SES;Vanscoy;MAIN;17
5A631FEE;2;GPH;WLOG;Vanscoy;MAIN;19
5A74CF83;1;GPH;SES;Allan;MAIN;18|19
5A74CF83;2;GPH;RAD;Allan;MAIN;17|20
5A74CF83;3;GPH;WLOG;Allan;MAIN;17|20
5AAB9BA1;1;GPH;SES;Baturaja Prospects;MAIN;19|20|21
5AA99061;1;GPH;AMAG;Ricardo Herrera;MAIN;54|55
5AA99061;2;GPH;RAD;Ricardo Herrera;MAIN;54|55
5AA99061;3;GPH;IP;Ricardo Herrera;MAIN;55|61
5AA99061;4;GPH;GMAG;Ricardo Herrera;MAIN;56
5AA99061;5;GPH;SWIR;Ricardo Herrera;MAIN;27|52
5A93A27D;1;GPH;IP;543S;MAIN;66
5AE95B60;1;GPH;MT;Piskanja;MAIN;43
5AF15FB5;1;GPH;AMAG;Rose;MAIN;78
5AFEAFA5;1;GPH;SES;Sturgeon Lake Reef Complex;MAIN;79
5B2E3F7B;1;GPH;GRV;Clayton Valley;MAIN;35
5B2E3F7B;2;GPH;SES;Clayton Valley;MAIN;35
5B5604F8;1;GPH;RAD;Lisbon Valley;MAIN;22|27
5B5604F8;2;GPH;WLOG;Lisbon Valley;MAIN;22
5B5604F8;3;GPH;SP;Lisbon Valley;MAIN;27
5B5604F8;4;GPH;RES;Lisbon Valley;MAIN;27
5B3D2A7C;2;GPH;AMAG;Alacran;MAIN;99
5B3D2A7C;3;GPH;RAD;Alacran;MAIN;99
5B3D2A7C;4;GPH;GMAG;Alacran;MAIN;101
5B3D2A7C;5;GPH;IP;Alacran;MAIN;106
5B3D2A7C;6;GPH;EM;Alacran;MAIN;106
5B58F653;1;GPH;AMAG;Cajon Grande;MAIN;87|99
5B58F653;2;GPH;RAD;Cajon Grande;MAIN;87|99|102
5B58F653;3;GPH;IP;Cajon Grande;MAIN;87|133
5BA8D17A;1;GPH;AMAG;Lynx Target Area;MAIN;45
5BD26E9B;1;GPH;RES;Hombre Muerto Project;MAIN;39|41|43|44
5BB2F1FA;1;GPH;IP;Cerro Lindo;MAIN;65
5BB2F1FA;2;GPH;MT;Cerro Lindo;MAIN;65
5BB2F1FA;3;GPH;EM;Cerro Lindo;MAIN;66
5BB2F1FA;4;GPH;AMAG;Cerro Lindo;MAIN;66
5BCA0AF1;2;GPH;AMAG;Alacran;MAIN;137
5BCA0AF1;3;GPH;RAD;Alacran;MAIN;137
5BCA0AF1;4;GPH;GMAG;Alacran;MAIN;139
5BCA0AF1;5;GPH;IP;Alacran;MAIN;144
5BCA0AF1;6;GPH;EM;Alacran;MAIN;144
5BE399BE;4;GPH;IP;Berta;MAIN;111
5BE399BE;5;GPH;GMAG;Berta;MAIN;111
5C1A2B5D;1;GPH;AMAG;Central Zone;MAIN;117
5C1A2B5D;2;GPH;RAD;Central Zone;MAIN;117
5C1A2B5D;3;GPH;IP;Central Zone;MAIN;117|120
5C1A2B5D;4;GPH;GMAG;Central Zone;MAIN;117
5C1A2B5D;5;GPH;EM;Central Zone;MAIN;117|120
5C2D0C3B;1;GPH;GRV;Humboldt Salt Marsh;MAIN;31
5C2D0C3B;2;GPH;AMAG;Humboldt Salt Marsh;MAIN;32
5C2D0C3B;3;GPH;MT;Humboldt Salt Marsh;MAIN;31
5C2D0C3B;4;GPH;SES;Humboldt Salt Marsh;MAIN;32
5C2D0C3B;5;GPH;RAD;Humboldt Salt Marsh;MAIN;31
5C2FD0D9;1;GPH;GMAG;Songwe Hill;MAIN;111|112
5C2FD0D9;2;GPH;RAD;Songwe Hill;MAIN;111|113
5C2FD0D9;3;GPH;GRV;Songwe Hill;MAIN;111|113|114
5C2FD0D9;5;GPH;IP;Songwe Hill;MAIN;111|117|118|119
5C2FD0D9;6;GPH;MT;Songwe Hill;MAIN;111|115|116|117
5C3AE63A;1;GPH;SES;Nowa Sól;MAIN;103|104
5C3AE63A;2;GPH;MT;Nowa Sól;MAIN;103
5C3AE63A;3;GPH;GRV;Nowa Sól;MAIN;103
5CB02049;1;GPH;AMAG;Los Azules;MAIN;131|132
5CB02049;2;GPH;IP;Los Azules;MAIN;132|134
5CB02049;3;GPH;GMAG;Los Azules;MAIN;132|134|135
5CB02049;4;GPH;MT;Los Azules;MAIN;134
5CB02049;5;GPH;RES;Los Azules;MAIN;134
5CB02049;7;GPH;SWIR;Los Azules;MAIN;137
5D0D118F;1;GPH;UNS;Muntanga;MAIN;56
5D0D118F;3;GPH;AMAG;Muntanga;MAIN;57|59
5D0D118F;4;GPH;RAD;Muntanga;MAIN;57
5D0D118F;5;GPH;EM;Muntanga;MAIN;59
5D365AE6;1;GPH;EM;Gemini Main Zone;MAIN;53|60|62|65|68
5D365AE6;2;GPH;AMAG;Gemini Main Zone;MAIN;53|60|63|64
5D365AE6;3;GPH;GMAG;Gemini Main Zone;MAIN;62|63
5D4E3CA4;1;GPH;UNS;Renard Cluster;MAIN;93|94
5D4E3CA4;2;GPH;GMAG;Renard Cluster;MAIN;93|94
5D4E3CA4;3;GPH;EM;Renard Cluster;MAIN;93|94
5D8E09B4;1;GPH;SES;Jubani;MAIN;21|22|27
5D536714;1;GPH;IP;Oropesa;MAIN;39
5D704D63;1;GPH;UNS;Kemess North;MAIN;30
5DAA7A99;1;GPH;GMAG;Kharmagtai;MAIN;53
5DAA7A99;2;GPH;RAD;Kharmagtai;MAIN;53
5DAA7A99;3;GPH;GRV;Kharmagtai;MAIN;53
5DAA7A99;4;GPH;IP;Kharmagtai;MAIN;53
5DAECE70;1;GPH;AMAG;Anomaly A;MAIN;105
5DAECE70;2;GPH;EM;Anomaly A;MAIN;106
5DAECE70;3;GPH;RES;Anomaly A;MAIN;110|116
5DAECE70;4;GPH;IP;Anomaly A;MAIN;116
5DD7DD41;1;GPH;SES;Sturgeon Lake Reef Complex;MAIN;69
5DE3FC39;1;GPH;UNS;Kiseljak;MAIN;45
5DE3FC39;2;GPH;GMAG;Kiseljak;MAIN;46
5DFE86A1;1;GPH;AMAG;Kakula;MAIN;168|169
5DFE86A1;2;GPH;RAD;Kakula;MAIN;168
5DFE86A1;5;GPH;GRV;Kakula;MAIN;169
5DFE86A1;6;GPH;WLOG;Kakula;MAIN;169
5DFE86A1;8;GPH;RES;Kakula;MAIN;169
5E29E09E;3;GPH;AMAG;Cap Property;MAIN;36|37
5E29E09E;4;GPH;RAD;Cap Property;MAIN;36|38
5E10BD1E;1;GPH;GMAG;Separation Rapids Lithium Deposit;MAIN;93
5E3A07A2;1;GPH;UNS;Hannukainen;MAIN;23
5E657398;1;GPH;AMAG;Houston;MAIN;80
5E626AA4;1;GPH;GRV;Karakul;MAIN;61
5E626AA4;2;GPH;GMAG;Karakul;MAIN;62
5E626AA4;3;GPH;IP;Karakul;MAIN;62
5E626AA4;4;GPH;RES;Karakul;MAIN;62
5E626AA4;5;GPH;RAD;Karakul;MAIN;62
5E626AA4;6;GPH;SP;Karakul;MAIN;58
5E626AA4;7;GPH;UNS;Karakul;MAIN;67
5E65D6F1;1;GPH;AMAG;Kahuna;MAIN;24|30|34
5E65D6F1;2;GPH;EM;Kahuna;MAIN;24
5E65D6F1;3;GPH;GMAG;Kahuna;MAIN;30
5E774B73;1;GPH;GMAG;Kharmagtai;MAIN;80
5E774B73;2;GPH;GRV;Kharmagtai;MAIN;80
5E774B73;4;GPH;IP;Kharmagtai;MAIN;80
5E774B73;5;GPH;MT;Kharmagtai;MAIN;81
5E774B73;6;GPH;SWIR;Kharmagtai;MAIN;79
5E7A54F5;1;GPH;GMAG;Stockwork Hill;MAIN;147|148
5E7A54F5;2;GPH;GRV;Stockwork Hill;MAIN;147|148
5E7A54F5;3;GPH;IP;Stockwork Hill;MAIN;147|148
5E7A54F5;4;GPH;MT;Stockwork Hill;MAIN;146|148
5E7DC840;1;GPH;AMAG;Kamoa;MAIN;122|123
5E7DC840;2;GPH;RAD;Kamoa;MAIN;122
5E7DC840;5;GPH;EM;Kamoa;MAIN;123
5E7DC840;6;GPH;IP;Kamoa;MAIN;123
5E7DC840;7;GPH;RES;Kamoa;MAIN;123
5E7DC840;8;GPH;GMAG;Kamoa;MAIN;123
5EAD903D;3;GPH;AMAG;Mount Turner;MAIN;45|64
5EAD903D;4;GPH;RAD;Mount Turner;MAIN;64
5EDC71C5;1;GPH;AMAG;Kamoa-Kakula;MAIN;159|160
5EDC71C5;2;GPH;RAD;Kamoa-Kakula;MAIN;159|160
5EDC71C5;5;GPH;EM;Kamoa-Kakula;MAIN;160
5EDC71C5;6;GPH;IP;Kamoa-Kakula;MAIN;160
5EDC71C5;7;GPH;RES;Kamoa-Kakula;MAIN;160
5EDC71C5;8;GPH;GMAG;Kamoa-Kakula;MAIN;160
5EDC71C5;9;GPH;GRV;Kamoa-Kakula;MAIN;160
5EDC71C5;10;GPH;WLOG;Kamoa-Kakula;MAIN;160
5EF51E03;1;GPH;UNS;Aukam;MAIN;18
5EF3E966;1;GPH;GMAG;Songwe Hill;MAIN;124|125
5EF3E966;2;GPH;RAD;Songwe Hill;MAIN;124|126
5EF3E966;3;GPH;GRV;Songwe Hill;MAIN;124|126
5EF3E966;5;GPH;IP;Songwe Hill;MAIN;124|130
5EF3E966;6;GPH;MT;Songwe Hill;MAIN;124|128
5F63B9C3;1;GPH;VLF;Noranda trend;MAIN;40
5F8F105D;1;GPH;SES;Holbrook Basin Potash;MAIN;45
5F8F105D;2;GPH;UNS;Holbrook Basin Potash;MAIN;48
5F8F105D;3;GPH;WLOG;Holbrook Basin Potash;MAIN;48
5F7EFC07;1;GPH;GRV;Elk Creek Carbonatite;MAIN;72|74
5F7EFC07;2;GPH;AMAG;Elk Creek Carbonatite;MAIN;72|73
5F929843;1;GPH;RAD;Kontiki Pegmatites;MAIN;29
5FB13E93;1;GPH;EM;M2 Deposit;MAIN;36|38
5FB13E93;2;GPH;AMAG;M2 Deposit;MAIN;36
5FB13E93;4;GPH;IP;M2 Deposit;MAIN;38
5FB13E93;5;GPH;GMAG;M2 Deposit;MAIN;38
5FAB90DA;1;GPH;GPR;Crepulja;MAIN;30
5FA2F926;1;GPH;AMAG;Parkin Offset Dyke;MAIN;18|30
5FA2F926;2;GPH;GMAG;Parkin Offset Dyke;MAIN;28|32|34|38
5FA2F926;3;GPH;IP;Parkin Offset Dyke;MAIN;30|37
5FA2F926;4;GPH;EM;Parkin Offset Dyke;MAIN;26|30|31|33|34|35|37|38|39|40
5FA2F926;5;GPH;MT;Parkin Offset Dyke;MAIN;31
5FA2F926;6;GPH;VLF;Parkin Offset Dyke;MAIN;38
5FD3306E;1;GPH;GRV;Cigar Lake;MAIN;69
5FD3306E;2;GPH;IP;Cigar Lake;MAIN;69
5FD3306E;3;GPH;RES;Cigar Lake;MAIN;69
5FD3306E;4;GPH;MT;Cigar Lake;MAIN;69
5FD3306E;5;GPH;VLF;Cigar Lake;MAIN;69
5FD3306E;6;GPH;SES;Cigar Lake;MAIN;69
5FEAE59B;1;GPH;GMAG;Frontier;MAIN;59|60
5FEAE59B;2;GPH;EM;Frontier;MAIN;59|60|64|65|66|67
5FEAE59B;6;GPH;AMAG;Frontier;MAIN;65
5FFF0FB6;1;GPH;AMAG;Beruang Kanan Main Zone;MAIN;37
5FFF0FB6;2;GPH;IP;Beruang Kanan Main Zone;MAIN;38
5FFF0FB6;3;GPH;GMAG;Beruang Kanan Main Zone;MAIN;38
6006CE9F;1;GPH;AMAG;Beaverhill Lake aquifer system;MAIN;28|29
6015205B;1;GPH;IP;Tulsequah Chief;MAIN;74
603CC751;1;GPH;EM;Horseshoe and Raven;MAIN;49|50
603CC751;3;GPH;AMAG;Horseshoe and Raven;MAIN;50
603CC751;4;GPH;IP;Horseshoe and Raven;MAIN;50
603CC751;5;GPH;RAD;Horseshoe and Raven;MAIN;50
60905EB1;1;GPH;EM;Quatre Milles West;MAIN;19
60B1F38F;3;GPH;SES;Gunnison;MAIN;72
60B1F38F;4;GPH;WLOG;Gunnison;MAIN;72
60E4191F;1;GPH;AMAG;Baptiste;MAIN;106
60E4191F;4;GPH;IP;Baptiste;MAIN;108|111|112
60E4191F;5;GPH;RES;Baptiste;MAIN;108|110|111|112
60E4191F;6;GPH;GMAG;Baptiste;MAIN;109|110|111|113
60E4191F;9;GPH;RAD;Baptiste;MAIN;110|111
60E4191F;11;GPH;EM;Baptiste;MAIN;111
60E4191F;12;GPH;GRV;Baptiste;MAIN;110|112
60E4191F;13;GPH;WLOG;Baptiste;MAIN;110|112
60D8EE5D;1;GPH;GMAG;Wicheeda Carbonatite;MAIN;66
60D8EE5D;2;GPH;RAD;Wicheeda Carbonatite;MAIN;66
60D8EE5D;3;GPH;AMAG;Wicheeda Carbonatite;MAIN;71
60F134C7;1;GPH;GMAG;Redonda;MAIN;46
60F134C7;2;GPH;RAD;Redonda;MAIN;46
61120715;1;GPH;EM;Horsetrail Zone;MAIN;45|46
61120715;2;GPH;AMAG;Horsetrail Zone;MAIN;45
61120715;3;GPH;GMAG;Horsetrail Zone;MAIN;46
61120715;5;GPH;VLF;Horsetrail Zone;MAIN;46
61120715;6;GPH;SES;Horsetrail Zone;MAIN;47
61205525;1;GPH;AMAG;Point Leamington deposit;MAIN;29
61218AB5;1;GPH;EM;Coosa;MAIN;87
61218AB5;2;GPH;AMAG;Coosa;MAIN;87|89
61218AB5;3;GPH;RAD;Coosa;MAIN;87
6141ADF2;1;GPH;SES;Spiragu;MAIN;20|21|26
615B72C6;1;GPH;EM;Patterson Lake South;MAIN;44|45|52|59
615B72C6;2;GPH;AMAG;Patterson Lake South;MAIN;44|45|59
615B72C6;3;GPH;RAD;Patterson Lake South;MAIN;44|59
615B72C6;4;GPH;SP;Patterson Lake South;MAIN;44
615B72C6;5;GPH;RES;Patterson Lake South;MAIN;45|48|59
616809BD;1;GPH;IP;Golpu;MAIN;112
616809BD;2;GPH;EM;Golpu;MAIN;112
616809BD;3;GPH;AMAG;Golpu;MAIN;112
616809BD;4;GPH;GMAG;Golpu;MAIN;112
616809BD;5;GPH;SP;Golpu;MAIN;112
616809BD;6;GPH;MT;Golpu;MAIN;112
6175F5F9;1;GPH;SES;Spiragu Prospects;MAIN;28|52
618E5023;2;GPH;AMAG;La Granja;MAIN;53
618E5023;3;GPH;IP;La Granja;MAIN;53
618E5023;4;GPH;RAD;La Granja;MAIN;53
618E5023;5;GPH;SWIR;La Granja;MAIN;53
61C4BDD1;1;GPH;RAD;Blue Jack;MAIN;8
62409C35;1;GPH;AMAG;Holt Property;MAIN;32|33|34|41
62497404;1;GPH;AMAG;Sangdong;MAIN;60
626A80E8;1;GPH;SES;Rocanville;MAIN;18|19
62555355;1;GPH;EM;Abcourt-Barvue;MAIN;33|34
62555355;2;GPH;UNS;Abcourt-Barvue;MAIN;34
62555355;3;GPH;GRV;Abcourt-Barvue;MAIN;34
625C16EB;1;GPH;EM;Luishia Sud;MAIN;19
62802DEE;1;GPH;EM;Duddridge Lake;MAIN;17|26|33
62802DEE;2;GPH;AMAG;Duddridge Lake;MAIN;26
627BB023;1;GPH;EM;Hawk Ridge Deposits;MAIN;83|85
627BB023;3;GPH;GMAG;Hawk Ridge Deposits;MAIN;85
627BB023;4;GPH;VLF;Hawk Ridge Deposits;MAIN;88
6292767F;2;GPH;IP;AntaKori;MAIN;101
6292767F;3;GPH;RES;AntaKori;MAIN;101
6292767F;4;GPH;GMAG;AntaKori;MAIN;101
6292767F;5;GPH;SP;AntaKori;MAIN;101
6292767F;6;GPH;SWIR;AntaKori;MAIN;102|103
62A0EDA1;1;GPH;RES;L.G. Property Lithium Brine;MAIN;52
62A0EDA1;2;GPH;GRV;L.G. Property Lithium Brine;MAIN;27
62A0EDA1;3;GPH;SES;L.G. Property Lithium Brine;MAIN;27
62A4475D;1;GPH;IP;Candelaria;MAIN;54
62A4475D;2;GPH;GRV;Candelaria;MAIN;54
62A4475D;3;GPH;EM;Candelaria;MAIN;54
62BA563E;1;GPH;RAD;Sumner Property;MAIN;52|53
62BA563E;2;GPH;EM;Sumner Property;MAIN;52|53
62BA563E;3;GPH;RES;Sumner Property;MAIN;52|53
63059546;1;GPH;SES;Jubani Prospect;MAIN;31|32|33|58
630833B8;1;GPH;IP;Papomono;MAIN;110
630833B8;2;GPH;AMAG;Papomono;MAIN;90|91|110
632D4144;1;GPH;UNS;Duck Creek Project;MAIN;31
6316A2E3;1;GPH;EM;Tower Deposit;MAIN;140
63499A00;1;GPH;AMAG;Lovelock Cobalt Mine;MAIN;52|53
63499A00;2;GPH;IP;Lovelock Cobalt Mine;MAIN;53|62
633EDBC2;1;GPH;SES;Powerline Project;MAIN;66|67
633EDBC2;2;GPH;WLOG;Powerline Project;MAIN;57|58|60|70|74
633EDBC2;4;GPH;RES;Powerline Project;MAIN;60|71
633EDBC2;5;GPH;SP;Powerline Project;MAIN;60
634F8EDD;1;GPH;SES;Swamp Point North;MAIN;33|34|35
635E4B60;1;GPH;EM;Incahuasi Salar Brine;MAIN;47|49|50|51|52
635E4B60;2;GPH;MT;Incahuasi Salar Brine;MAIN;52|53|54|55|56|57
635F4B04;1;GPH;AMAG;Hook Bay;MAIN;29|30
6372BEDE;1;GPH;AMAG;Ntaka Hill;MAIN;72|73|77
6372BEDE;2;GPH;RAD;Ntaka Hill;MAIN;72|73|77
6372BEDE;3;GPH;EM;Ntaka Hill;MAIN;72|73|74
638B4494;1;GPH;MT;San Jacinto Geothermal Field;MAIN;25
63A59023;1;GPH;EM;Ming Mine;MAIN;69
63A59023;2;GPH;IP;Ming Mine;MAIN;71
63A59023;3;GPH;RES;Ming Mine;MAIN;71
63A59023;4;GPH;MT;Ming Mine;MAIN;71
63AA55AE;1;GPH;AMAG;Blachford Veins;MAIN;35|43
63AA55AE;2;GPH;RAD;Blachford Veins;MAIN;40|44
63B18C92;1;GPH;RAD;Sumner;MAIN;50|51
63B18C92;2;GPH;EM;Sumner;MAIN;50|51
63B18C92;3;GPH;RES;Sumner;MAIN;50|51
63B20C69;1;GPH;EM;Graphite Creek;MAIN;42|55|57|58
63B20C69;2;GPH;AMAG;Graphite Creek;MAIN;42|55|59
63CEAD47;1;GPH;IP;Wisner South and Southwest zones;MAIN;22|34|35
63CEAD47;2;GPH;EM;Wisner South and Southwest zones;MAIN;23|34|35
63CEAD47;3;GPH;GMAG;Wisner South and Southwest zones;MAIN;34
63B85FB5;1;GPH;IP;N-204;MAIN;90|92|93
63B85FB5;2;GPH;SES;N-204;MAIN;90|93
63B85FB5;3;GPH;GRV;N-204;MAIN;90|93
63B85FB5;4;GPH;EM;N-204;MAIN;91|94
63B85FB5;5;GPH;AMAG;N-204;MAIN;91|94
63DEC675;1;GPH;AMAG;Penguin Lake;MAIN;33|34
64190BD8;1;GPH;AMAG;Halfway Lake;MAIN;69|74
64190BD8;2;GPH;EM;Halfway Lake;MAIN;74
643C3EB3;1;GPH;EM;Mel deposit;MAIN;72
643C3EB3;2;GPH;AMAG;Mel deposit;MAIN;72
645987ED;1;GPH;SES;Wynyard Carnallite Project;MAIN;70|71|88
646FC9B3;1;GPH;EM;Maturi;MAIN;129
646FC9B3;2;GPH;GMAG;Maturi;MAIN;129
646FC9B3;3;GPH;IP;Maturi;MAIN;129
646FC9B3;4;GPH;SP;Maturi;MAIN;129
646FC9B3;5;GPH;GRV;Maturi;MAIN;129
646FC9B3;6;GPH;MT;Maturi;MAIN;129
6499A626;1;GPH;SES;Marathon deposit;MAIN;99|151
6499A626;2;GPH;AMAG;Marathon deposit;MAIN;101
6499A626;3;GPH;MT;Marathon deposit;MAIN;152
6499A626;4;GPH;EM;Marathon deposit;MAIN;151|152
64A8E5A6;2;GPH;IP;Josemaría;MAIN;111
64A8E5A6;3;GPH;MT;Josemaría;MAIN;111
64D25266;1;GPH;RAD;Chilling Project;MAIN;22
64E55CFA;2;GPH;AMAG;Song Toh and Boh Yai;MAIN;63|65
64E55CFA;3;GPH;RAD;Song Toh and Boh Yai;MAIN;63|67
64E55CFA;4;GPH;IP;Song Toh and Boh Yai;MAIN;63|72
64ECA01A;1;GPH;AMAG;La Verde;MAIN;46
64ECA01A;2;GPH;EM;La Verde;MAIN;46
64ECA01A;3;GPH;GMAG;La Verde;MAIN;46
64ECA01A;4;GPH;IP;La Verde;MAIN;46|54
64F302FD;1;GPH;AMAG;Cobalt Zone - McAra Project;MAIN;123|132
64F302FD;2;GPH;RAD;Cobalt Zone - McAra Project;MAIN;123|132|136|137
64F302FD;4;GPH;EM;Cobalt Zone - McAra Project;MAIN;132|134
64F302FD;5;GPH;GMAG;Cobalt Zone - McAra Project;MAIN;132|136|137|138|139
64F302FD;6;GPH;IP;Cobalt Zone - McAra Project;MAIN;132|134|135|136|138
64F302FD;7;GPH;VLF;Cobalt Zone - McAra Project;MAIN;132|138
6547CF29;1;GPH;IP;El Chato;MAIN;30|45
6547CF29;4;GPH;SWIR;El Chato;MAIN;30|39
650E44A0;1;GPH;AMAG;Aviat Kimberlites;MAIN;25|31|32|37
650E44A0;2;GPH;GMAG;Aviat Kimberlites;MAIN;25|31|32|37
650E44A0;3;GPH;EM;Aviat Kimberlites;MAIN;25|31|32|37
658FE38B;1;GPH;EM;Nash Creek Deposit;MAIN;37
658FE38B;2;GPH;GRV;Nash Creek Deposit;MAIN;37
656257D7;1;GPH;AMAG;Kabba;MAIN;47
656257D7;2;GPH;IP;Kabba;MAIN;47|48
656257D7;3;GPH;GRV;Kabba;MAIN;47|48
656257D7;4;GPH;MT;Kabba;MAIN;47|48
656257D7;5;GPH;SES;Kabba;MAIN;47|48
65BC4AC7;1;GPH;SES;Mayumba Potash;MAIN;46
65C4E7C7;1;GPH;VLF;Pakeagama Lake pegmatite;MAIN;38
65C4E7C7;2;GPH;GMAG;Pakeagama Lake pegmatite;MAIN;38
65CEB7AB;1;GPH;RAD;Stradbroke;MAIN;34|36
65E9EE1E;1;GPH;IP;Topley Property;MAIN;30
65E9EE1E;2;GPH;UNS;Topley Property;MAIN;28
65E35C17;1;GPH;AMAG;241NC zone;MAIN;17
65EBECDE;1;GPH;GMAG;Vohitsara Project;MAIN;63
65EBECDE;2;GPH;EM;Vohitsara Project;MAIN;63
6610EABB;1;GPH;IP;Stillwater West;MAIN;63|67|70
6610EABB;2;GPH;EM;Stillwater West;MAIN;67|68
6610EABB;3;GPH;GMAG;Stillwater West;MAIN;67|73
6610EABB;4;GPH;AMAG;Stillwater West;MAIN;68|73
661C48C8;1;GPH;GRV;Santa Cruz Deposit;MAIN;65|67
661C48C8;2;GPH;GMAG;Santa Cruz Deposit;MAIN;65|69
661C48C8;3;GPH;SES;Santa Cruz Deposit;MAIN;65|72
661C48C8;4;GPH;IP;Santa Cruz Deposit;MAIN;65|70
661C48C8;5;GPH;MT;Santa Cruz Deposit;MAIN;67
6627DE01;1;GPH;EM;Woodlawn;MAIN;74|79
664D01F6;1;GPH;AMAG;Nemaska2 Project;MAIN;34|36
66322829;1;GPH;AMAG;Nithi Mountain;MAIN;22|25
66322829;2;GPH;EM;Nithi Mountain;MAIN;25
66322829;3;GPH;RAD;Nithi Mountain;MAIN;25
6653E30E;1;GPH;AMAG;Akanvaara;MAIN;29|30
668FBE75;1;GPH;GRV;Riverbank;MAIN;15
668FBE75;2;GPH;AMAG;Riverbank;MAIN;15
668FBE75;3;GPH;EM;Riverbank;MAIN;15
66889C36;1;GPH;IP;Penouta;MAIN;41
66946CED;1;GPH;EM;Stillwater West;MAIN;81
66946CED;2;GPH;AMAG;Stillwater West;MAIN;81
66946CED;3;GPH;GMAG;Stillwater West;MAIN;81|86
66946CED;4;GPH;IP;Stillwater West;MAIN;81|84
66946CED;5;GPH;GRV;Stillwater West;MAIN;78
66946CED;6;GPH;SWIR;Stillwater West;MAIN;81
66CC62FB;1;GPH;VLF;Perry River Carbonatite;MAIN;41|51
66CC62FB;2;GPH;GMAG;Perry River Carbonatite;MAIN;51
66D6E8C9;1;GPH;EM;Cardiac Creek;MAIN;58
66D6E8C9;2;GPH;AMAG;Cardiac Creek;MAIN;58
66D6E8C9;3;GPH;GRV;Cardiac Creek;MAIN;59
67369140;1;GPH;EM;GMZ;MAIN;53|60|62|65|67|68
67369140;2;GPH;AMAG;GMZ;MAIN;53|60|62|63|64
67369140;3;GPH;GMAG;GMZ;MAIN;62|63
67369140;7;GPH;RAD;GMZ;MAIN;71
67376DFA;1;GPH;RAD;Bassar Project;MAIN;26
673F70BB;1;GPH;GRV;Murray Brook Deposit;MAIN;54
673F70BB;2;GPH;EM;Murray Brook Deposit;MAIN;54
673F70BB;3;GPH;AMAG;Murray Brook Deposit;MAIN;54
675C8228;1;GPH;UNS;Deposit number two;MAIN;33|34
67577AE7;1;GPH;AMAG;Tamarack South;MAIN;59
67577AE7;2;GPH;EM;Tamarack South;MAIN;59|60|61
67577AE7;3;GPH;IP;Tamarack South;MAIN;59
67577AE7;4;GPH;GRV;Tamarack South;MAIN;59|61
67577AE7;5;GPH;SES;Tamarack South;MAIN;59|61
67577AE7;6;GPH;MT;Tamarack South;MAIN;59|61
676404F7;1;GPH;AMAG;Richardson Aggregate;MAIN;34
676404F7;2;GPH;GPR;Richardson Aggregate;MAIN;47|49
676404F7;3;GPH;EM;Richardson Aggregate;MAIN;47|50
676404F7;4;GPH;GMAG;Richardson Aggregate;MAIN;47|50
6775C27B;1;GPH;GMAG;Čukaru Peki;MAIN;44
6775C27B;2;GPH;GRV;Čukaru Peki;MAIN;44
6775C27B;3;GPH;MT;Čukaru Peki;MAIN;44
6775C27B;4;GPH;SES;Čukaru Peki;MAIN;45
6776E66A;1;GPH;SES;Basin East;MAIN;52|54
6776E66A;2;GPH;GPR;Basin East;MAIN;52|57
677A09E4;2;GPH;IP;Central Zone;MAIN;173
677A09E4;3;GPH;GMAG;Central Zone;MAIN;177
679B081B;1;GPH;AMAG;LabMag;MAIN;103
679B081B;2;GPH;VLF;LabMag;MAIN;103
679B081B;3;GPH;GMAG;LabMag;MAIN;103
679B081B;4;GPH;GRV;LabMag;MAIN;103
679B081B;5;GPH;EM;LabMag;MAIN;103
6789ED15;1;GPH;RES;Ivana;MAIN;63|64
6789ED15;2;GPH;IP;Ivana;MAIN;63|64|66
6789ED15;3;GPH;RAD;Ivana;MAIN;64
67ADD2AA;1;GPH;SES;Basin East;MAIN;66|72|73|74
67ADD2AA;2;GPH;EM;Basin East;MAIN;74|75|76|77|78
67ADD2AA;3;GPH;GRV;Basin East;MAIN;79|80
67D7DCF6;1;GPH;EM;Molly Trend;MAIN;20
67EDECCA;1;GPH;IP;Santo Domingo Sur;MAIN;69|71
67EDECCA;2;GPH;GRV;Santo Domingo Sur;MAIN;70|71
67EDECCA;3;GPH;AMAG;Santo Domingo Sur;MAIN;70|71
68056AE6;1;GPH;RAD;Thacker Pass Deposit;MAIN;53
68056AE6;4;GPH;SES;Thacker Pass Deposit;MAIN;53|54|55
680693F3;1;GPH;EM;Lac Guéret Graphite Zones;MAIN;58
680693F3;2;GPH;AMAG;Lac Guéret Graphite Zones;MAIN;58
68058B9F;1;GPH;GMAG;AGS Vein;MAIN;49|53
68058B9F;2;GPH;EM;AGS Vein;MAIN;49|59
6823B104;1;GPH;AMAG;95-2;MAIN;50
6823B104;2;GPH;EM;95-2;MAIN;50
683A1FD9;1;GPH;AMAG;Wolf;MAIN;35|36
683A1FD9;2;GPH;EM;Wolf;MAIN;35|36
682D5038;1;GPH;EM;JR zone;MAIN;52|53
682D5038;2;GPH;RES;JR zone;MAIN;52|53
682D5038;4;GPH;MT;JR zone;MAIN;52|53
682D5038;5;GPH;AMAG;JR zone;MAIN;52|53
684A4903;1;GPH;RES;Nevada North Lithium Project;MAIN;69
684A4903;2;GPH;EM;Nevada North Lithium Project;MAIN;69
68404F20;1;GPH;EM;Back Forty Deposit;MAIN;112|114|116
68404F20;2;GPH;AMAG;Back Forty Deposit;MAIN;112|114
68404F20;3;GPH;GMAG;Back Forty Deposit;MAIN;112|114|116
68404F20;4;GPH;GRV;Back Forty Deposit;MAIN;112|114|116
6854627B;1;GPH;IP;Oropesa;MAIN;69
6854627B;2;GPH;GMAG;Oropesa;MAIN;69
6854627B;3;GPH;EM;Oropesa;MAIN;70
6854627B;4;GPH;AMAG;Oropesa;MAIN;70
686715A2;1;GPH;EM;Selebi;MAIN;54|55|56
68640A74;1;GPH;AMAG;Bornite;MAIN;54
68640A74;2;GPH;EM;Bornite;MAIN;54
68640A74;3;GPH;RAD;Bornite;MAIN;54
68640A74;4;GPH;IP;Bornite;MAIN;57|58
68640A74;5;GPH;MT;Bornite;MAIN;57
68640A74;6;GPH;GRV;Bornite;MAIN;61
688D99A1;1;GPH;AMAG;Main Trenched Area;MAIN;21
6881BDF4;1;GPH;IP;Gryphon;MAIN;93|94
6881BDF4;2;GPH;EM;Gryphon;MAIN;93
6881BDF4;3;GPH;GRV;Gryphon;MAIN;93|94
6881BDF4;4;GPH;UNS;Gryphon;MAIN;94
6881BDF4;5;GPH;AMAG;Gryphon;MAIN;94
6881BDF4;6;GPH;RAD;Gryphon;MAIN;94
68EE0D8A;3;GPH;SWIR;Tilemsi Project;MAIN;15
6916662A;1;GPH;AMAG;Bégin-Lamarche Phosphate Deposit;MAIN;96
691AB887;1;GPH;EM;Adi Rassi;MAIN;42|43
691AB887;2;GPH;AMAG;Adi Rassi;MAIN;42|43
691AB887;3;GPH;GRV;Adi Rassi;MAIN;42|44
691AB887;4;GPH;IP;Adi Rassi;MAIN;42|44
691AB887;5;GPH;MT;Adi Rassi;MAIN;42|45
690F8AD3;2;GPH;EM;Mesaba;MAIN;56
690F8AD3;3;GPH;GMAG;Mesaba;MAIN;56
690F8AD3;4;GPH;SP;Mesaba;MAIN;56
690F8AD3;5;GPH;RES;Mesaba;MAIN;56
690F8AD3;6;GPH;RAD;Mesaba;MAIN;56
690F8AD3;7;GPH;IP;Mesaba;MAIN;56
690F8AD3;9;GPH;WLOG;Mesaba;MAIN;56
68EF9909;1;GPH;AMAG;Luanga;MAIN;85|115
68EF9909;2;GPH;RAD;Luanga;MAIN;85|87
68EF9909;3;GPH;EM;Luanga;MAIN;85|86|113|114|115
68EF9909;4;GPH;IP;Luanga;MAIN;113
68EF9909;6;GPH;GMAG;Luanga;MAIN;114
68EF9909;7;GPH;GRV;Luanga;MAIN;114
6972813C;1;GPH;WLOG;Upper Freeport;MAIN;26
69B0D199;1;GPH;UNS;Palisades Coal Property;MAIN;52
69F2C1A5;1;GPH;EM;Broken Hammer;MAIN;91
69F2C1A5;2;GPH;IP;Broken Hammer;MAIN;91
69F5A8EC;1;GPH;AMAG;Jideh Mountain;MAIN;27
69FFA58D;1;GPH;UNS;Menzhinsky Mine;MAIN;58
6A041264;1;GPH;EM;Tony Block Graphite Mineralization;MAIN;73|74|75|77|78
6A041264;2;GPH;AMAG;Tony Block Graphite Mineralization;MAIN;73|77
6A1921F6;1;GPH;MT;Yath Project;MAIN;34
6A1921F6;2;GPH;VLF;Yath Project;MAIN;34
6A1921F6;3;GPH;AMAG;Yath Project;MAIN;34
6A239756;1;GPH;IP;Adriana Hill;MAIN;10|35
6A239756;2;GPH;AMAG;Adriana Hill;MAIN;35
6A239756;3;GPH;EM;Adriana Hill;MAIN;35
6A6CE6A5;1;GPH;SWIR;Red Dog Zone;MAIN;18
6A854654;1;GPH;GMAG;Jasperoide;MAIN;104|105
6A854654;2;GPH;IP;Jasperoide;MAIN;104|105|113
6A854654;4;GPH;AMAG;Jasperoide;MAIN;104|110
6A854654;5;GPH;RAD;Jasperoide;MAIN;104|110
6A854654;6;GPH;MT;Jasperoide;MAIN;105|115
6AC563EB;1;GPH;AMAG;Bald Hill;MAIN;43
6AC563EB;2;GPH;EM;Bald Hill;MAIN;43
6AC563EB;3;GPH;VLF;Bald Hill;MAIN;47|52|55
6AC563EB;4;GPH;IP;Bald Hill;MAIN;41|60
6B04057C;1;GPH;EM;Broken Hammer Zone;MAIN;24
6B04057C;2;GPH;IP;Broken Hammer Zone;MAIN;25
6B053595;1;GPH;GMAG;Ferguson Lake;MAIN;61
6B053595;2;GPH;VLF;Ferguson Lake;MAIN;61
6B053595;3;GPH;EM;Ferguson Lake;MAIN;65|66
6B2796C0;1;GPH;GMAG;Alexo-Dundonald Project;MAIN;55
6B2796C0;2;GPH;EM;Alexo-Dundonald Project;MAIN;56
6B43A1BB;1;GPH;RES;Thorburn Lake;MAIN;39
6B43A1BB;2;GPH;EM;Thorburn Lake;MAIN;41
6B43A1BB;3;GPH;RAD;Thorburn Lake;MAIN;41
6B4A3D20;1;GPH;AMAG;Nickel Project;MAIN;23
6B4A3D20;2;GPH;EM;Nickel Project;MAIN;23
6B4A3D20;3;GPH;GRV;Nickel Project;MAIN;23
6B8F380A;1;GPH;AMAG;AK6;MAIN;47
6B8F380A;2;GPH;GMAG;AK6;MAIN;48
6B8F380A;3;GPH;GRV;AK6;MAIN;48
6B8F380A;4;GPH;EM;AK6;MAIN;48
6B8F380A;5;GPH;MT;AK6;MAIN;48
6BC22AC7;1;GPH;IP;Kopsa;MAIN;44
6BDC02DB;1;GPH;IP;Bolívar;MAIN;44
6BF481D4;1;GPH;SES;Salinas Grandes;MAIN;132
6BF481D4;2;GPH;AMAG;Salinas Grandes;MAIN;132
6BF481D4;3;GPH;GRV;Salinas Grandes;MAIN;133
6BF481D4;4;GPH;MT;Salinas Grandes;MAIN;133
6C31E84E;1;GPH;GMAG;Kona;MAIN;47
6C31E84E;2;GPH;EM;Kona;MAIN;47
6C480A9D;1;GPH;EM;Graphite Creek;MAIN;74|79
6C480A9D;2;GPH;AMAG;Graphite Creek;MAIN;74|79
6C479DE7;1;GPH;AMAG;Elk Creek Carbonatite;MAIN;86|87
6C479DE7;2;GPH;GRV;Elk Creek Carbonatite;MAIN;86|88
6C479DE7;3;GPH;WLOG;Elk Creek Carbonatite;MAIN;82
6C73CC7F;1;GPH;GMAG;Devlin;MAIN;33
6C7EA58B;1;GPH;GMAG;KéMag;MAIN;100
6C7EA58B;2;GPH;AMAG;KéMag;MAIN;100
6C7EA58B;3;GPH;EM;KéMag;MAIN;100
6C4D4B94;1;GPH;VLF;Baptiste Deposit;MAIN;16
6C4D4B94;2;GPH;AMAG;Baptiste Deposit;MAIN;16|27|28
6C4D4B94;4;GPH;IP;Baptiste Deposit;MAIN;27|29|30
6C4D4B94;5;GPH;GMAG;Baptiste Deposit;MAIN;27|30
6C4D4B94;7;GPH;RES;Baptiste Deposit;MAIN;27|31
6C4D4B94;8;GPH;RAD;Baptiste Deposit;MAIN;27|32
6C4D4B94;10;GPH;EM;Baptiste Deposit;MAIN;27|32
6C4D4B94;12;GPH;WLOG;Baptiste Deposit;MAIN;27|32
6C756DAB;1;GPH;SES;Salar Salinas Grandes;MAIN;131
6C756DAB;2;GPH;AMAG;Salar Salinas Grandes;MAIN;131
6C756DAB;3;GPH;GRV;Salar Salinas Grandes;MAIN;132
6C756DAB;4;GPH;MT;Salar Salinas Grandes;MAIN;132
6C8EF2FC;1;GPH;IP;Main Zone;MAIN;51
6C958093;1;GPH;EM;Bornite;MAIN;83|93
6C958093;2;GPH;AMAG;Bornite;MAIN;83|93
6C958093;3;GPH;RAD;Bornite;MAIN;83
6C958093;4;GPH;IP;Bornite;MAIN;86|88
6C958093;5;GPH;MT;Bornite;MAIN;86|93
6C958093;6;GPH;GRV;Bornite;MAIN;90
6C958093;7;GPH;SES;Bornite;MAIN;91
6CA86521;1;GPH;GMAG;Čukaru Peki;MAIN;48
6CA86521;2;GPH;GRV;Čukaru Peki;MAIN;48
6CA86521;3;GPH;MT;Čukaru Peki;MAIN;48
6CA86521;4;GPH;SES;Čukaru Peki;MAIN;49
6CC2A8E3;1;GPH;AMAG;Kaskamikaw Property;MAIN;29
6CBFC128;1;GPH;EM;Tom deposit;MAIN;73
6CBFC128;2;GPH;AMAG;Tom deposit;MAIN;73
6CCAC3D6;1;GPH;GMAG;REE Zone;MAIN;53
6CCAC3D6;2;GPH;GRV;REE Zone;MAIN;53
6CDA2B5F;1;GPH;AMAG;Alpala;MAIN;101
6CDA2B5F;2;GPH;RAD;Alpala;MAIN;101
6CDA2B5F;5;GPH;GMAG;Alpala;MAIN;103
6CEDAB90;1;GPH;AMAG;James Deposit;MAIN;89|105|107
6CEDAB90;2;GPH;GRV;James Deposit;MAIN;90|105|106|107|108|109
6CEDAB90;3;GPH;GMAG;James Deposit;MAIN;108
6CEDAB90;4;GPH;VLF;James Deposit;MAIN;99
6CEE450B;1;GPH;GMAG;Abitibi Properties;MAIN;17
6D1BAFCA;1;GPH;EM;Lac Guéret;MAIN;93
6D1BAFCA;2;GPH;AMAG;Lac Guéret;MAIN;93|94
6D315EAB;1;GPH;EM;Big Daddy;MAIN;22
6D315EAB;2;GPH;AMAG;Big Daddy;MAIN;22
6D315EAB;3;GPH;VLF;Big Daddy;MAIN;22
6D315EAB;4;GPH;GMAG;Big Daddy;MAIN;22
6D315EAB;5;GPH;GRV;Big Daddy;MAIN;22
6D57B6E6;1;GPH;RES;Salar de Tolillar;MAIN;102|111|114
6D3768EC;1;GPH;AMAG;Bégin-Lamarche;MAIN;98
6D60AD77;1;GPH;EM;Middle Lake;MAIN;37
6D60AD77;2;GPH;AMAG;Middle Lake;MAIN;37
6D60AD77;3;GPH;RAD;Middle Lake;MAIN;37
6DACF892;1;GPH;AMAG;Valk Property;MAIN;49
6D9305F0;1;GPH;EM;Dieter Lake;MAIN;29
6D9305F0;2;GPH;AMAG;Dieter Lake;MAIN;29|31
6D9305F0;3;GPH;RAD;Dieter Lake;MAIN;25|26|31|34
6D9305F0;5;GPH;GMAG;Dieter Lake;MAIN;35
6D9305F0;6;GPH;VLF;Dieter Lake;MAIN;35
6DB69E64;1;GPH;IP;Eaglehead;MAIN;57|61|64|65|69
6DDE94F9;1;GPH;SES;Picadilly;MAIN;34|35|36|40|41
6DDE94F9;2;GPH;EM;Picadilly;MAIN;40|41
6DE3A9AD;1;GPH;SES;Holbrook Basin Potash;MAIN;51|53
6DE3A9AD;2;GPH;RES;Holbrook Basin Potash;MAIN;52
6DE3A9AD;3;GPH;RAD;Holbrook Basin Potash;MAIN;52
6DE3A9AD;5;GPH;WLOG;Holbrook Basin Potash;MAIN;52
6DE3A9AD;7;GPH;EM;Holbrook Basin Potash;MAIN;52
6DF35E04;1;GPH;EM;ABM;MAIN;77|78
6DF35E04;2;GPH;GRV;ABM;MAIN;77|78
6DF35E04;3;GPH;GMAG;ABM;MAIN;77
6E06C0C2;1;GPH;AMAG;Coppercorp Mine;MAIN;38
6E06C0C2;2;GPH;GRV;Coppercorp Mine;MAIN;38
6E06C0C2;3;GPH;IP;Coppercorp Mine;MAIN;38
6E138384;1;GPH;IP;RC Zone;MAIN;27|29|30
6E138384;2;GPH;GMAG;RC Zone;MAIN;30
6E138384;4;GPH;AMAG;RC Zone;MAIN;28|29|30
6E138384;5;GPH;RAD;RC Zone;MAIN;28|29|30
6E44F514;1;GPH;RAD;TLC Project;MAIN;20
6E6E081C;1;GPH;AMAG;Araguaia Nickel Project;MAIN;88
6E6E081C;2;GPH;RAD;Araguaia Nickel Project;MAIN;88
6E6E081C;3;GPH;GMAG;Araguaia Nickel Project;MAIN;88
6E6E081C;4;GPH;EM;Araguaia Nickel Project;MAIN;88
6E883315;1;GPH;SES;Mengo Potash Deposit;MAIN;69
6EBA4C46;1;GPH;IP;River Valley;MAIN;46|47
6EBA4C46;2;GPH;GMAG;River Valley;MAIN;46|47
6EBA4C46;3;GPH;AMAG;River Valley;MAIN;46
6EBA4C46;4;GPH;EM;River Valley;MAIN;46
6EBA4C46;5;GPH;RAD;River Valley;MAIN;46
6EBA4C46;6;GPH;GRV;River Valley;MAIN;47
6F09BF70;1;GPH;SES;Lanigan;MAIN;29|35
6F0D104E;1;GPH;IP;Hobbes Zone;MAIN;15
6F0D104E;2;GPH;GMAG;Hobbes Zone;MAIN;15
6F0D104E;3;GPH;AMAG;Hobbes Zone;MAIN;17|22
6F28F62E;1;GPH;EM;Zara;MAIN;14|31|32
6F28F62E;2;GPH;AMAG;Zara;MAIN;14|31|32
6F28F62E;3;GPH;GRV;Zara;MAIN;14|30|31
6F302956;1;GPH;AMAG;Trill Showing;MAIN;48|49
6F302956;2;GPH;EM;Trill Showing;MAIN;48|49
6F302956;3;GPH;MT;Trill Showing;MAIN;48|49
6F302956;4;GPH;IP;Trill Showing;MAIN;48|49
6F302956;5;GPH;GMAG;Trill Showing;MAIN;48|49
6F302956;6;GPH;GRV;Trill Showing;MAIN;49
6F5DEFAD;1;GPH;WLOG;Section One;MAIN;17
6F60A301;1;GPH;AMAG;Kestrel Mine;MAIN;43
6F60A301;2;GPH;RAD;Kestrel Mine;MAIN;43
6FDCF564;1;GPH;UNS;Kindersley Lithium Project;MAIN;82|83|85|90
6F9E8B78;1;GPH;GMAG;Galaxy deposit;MAIN;25|28
6FEFA0C0;1;GPH;AMAG;CAP Property;MAIN;25
6FEFA0C0;2;GPH;RAD;CAP Property;MAIN;25
6FF30AA9;1;GPH;UNS;Good Spring Property;MAIN;28|29|48
6FFD10AB;1;GPH;AMAG;AK6 kimberlite;MAIN;130
6FFD10AB;2;GPH;GMAG;AK6 kimberlite;MAIN;130|131
6FFD10AB;3;GPH;GRV;AK6 kimberlite;MAIN;130|131
6FFD10AB;4;GPH;EM;AK6 kimberlite;MAIN;130|131
6FFD10AB;5;GPH;MT;AK6 kimberlite;MAIN;131
7010C112;1;GPH;VLF;West Gore Deposit;MAIN;13|19
7010C112;2;GPH;IP;West Gore Deposit;MAIN;19
7010C112;3;GPH;GMAG;West Gore Deposit;MAIN;19
70558475;1;GPH;WLOG;Green Energy Project;MAIN;37
706A4EAF;1;GPH;AMAG;Ularring Hematite Project;MAIN;80
706D7B7B;1;GPH;RAD;Key Lake South;MAIN;32
7071EB28;1;GPH;GPR;Bromley Vale Tephra;MAIN;25
70882C0F;1;GPH;AMAG;North Range Project;MAIN;22
70882C0F;2;GPH;EM;North Range Project;MAIN;22
70882C0F;3;GPH;IP;North Range Project;MAIN;22
70882C0F;4;GPH;RES;North Range Project;MAIN;22
708C65C4;1;GPH;IP;Constancia;MAIN;85|92
708C65C4;2;GPH;GMAG;Constancia;MAIN;85
708C65C4;3;GPH;RES;Constancia;MAIN;92
708C65C4;5;GPH;MT;Constancia;MAIN;92
70C93420;1;GPH;SES;Allan;MAIN;27|28|29|30|31
70C93420;2;GPH;WLOG;Allan;MAIN;26|32
70D82FDD;1;GPH;GMAG;Whabouchi;MAIN;85
70D82FDD;2;GPH;AMAG;Whabouchi;MAIN;85
71044288;1;GPH;EM;Salar de Pastos Grandes;MAIN;69|71
71044288;2;GPH;RES;Salar de Pastos Grandes;MAIN;69|72|78
71044288;3;GPH;MT;Salar de Pastos Grandes;MAIN;74
71051547;1;GPH;AMAG;Marimaca;MAIN;91|99
71051547;2;GPH;IP;Marimaca;MAIN;91|99|100|101
711ED7B7;1;GPH;EM;Iron Lake Complex;MAIN;18
711ED7B7;2;GPH;AMAG;Iron Lake Complex;MAIN;18
711ED7B7;3;GPH;RAD;Iron Lake Complex;MAIN;18
711ED7B7;4;GPH;IP;Iron Lake Complex;MAIN;21
711ED7B7;5;GPH;GMAG;Iron Lake Complex;MAIN;21
71199862;1;GPH;AMAG;Cominex Project;MAIN;32
71199862;2;GPH;RAD;Cominex Project;MAIN;33
712D6DAF;1;GPH;MT;Clayton Valley Lithium Project;MAIN;26
712D6DAF;2;GPH;GMAG;Clayton Valley Lithium Project;MAIN;26
712D6DAF;3;GPH;GRV;Clayton Valley Lithium Project;MAIN;26|27
712D6DAF;4;GPH;SES;Clayton Valley Lithium Project;MAIN;26
712D6DAF;5;GPH;RAD;Clayton Valley Lithium Project;MAIN;27
7152D1AF;1;GPH;AMAG;TLC Property;MAIN;56
71936E85;1;GPH;SES;Rocanville;MAIN;27|28
71936E85;2;GPH;WLOG;Rocanville;MAIN;27|35
717A8CD2;1;GPH;EM;Puddy-Chrome;MAIN;54
719895B0;1;GPH;EM;Dumont;MAIN;103|104
719895B0;2;GPH;AMAG;Dumont;MAIN;103
71C8B766;1;GPH;IP;Tell Gossan Corridor;MAIN;19
71DA8C30;1;GPH;GRV;La Romanera;MAIN;45
71DA8C30;2;GPH;EM;La Romanera;MAIN;45|47
71C9C6C8;1;GPH;EM;Aripuanã;MAIN;53|55|56
71C9C6C8;2;GPH;AMAG;Aripuanã;MAIN;53|56
71C9C6C8;3;GPH;RAD;Aripuanã;MAIN;53
71C9C6C8;4;GPH;GRV;Aripuanã;MAIN;53
71C9C6C8;5;GPH;GMAG;Aripuanã;MAIN;53|55
71C9C6C8;6;GPH;IP;Aripuanã;MAIN;53
71C9C6C8;7;GPH;VLF;Aripuanã;MAIN;53
71DF8369;2;GPH;GRV;Kansanshi;MAIN;61|62
71DF8369;3;GPH;EM;Kansanshi;MAIN;61|62
71DF8369;4;GPH;AMAG;Kansanshi;MAIN;61|62
71DF8369;5;GPH;RAD;Kansanshi;MAIN;61|62
71DF8369;6;GPH;IP;Kansanshi;MAIN;61|62
71DF8369;7;GPH;SES;Kansanshi;MAIN;61|62
71DF8369;8;GPH;MT;Kansanshi;MAIN;61|62|64
71E47A99;1;GPH;AMAG;Trill Showing;MAIN;52
71E47A99;2;GPH;EM;Trill Showing;MAIN;52|53
71E47A99;3;GPH;MT;Trill Showing;MAIN;52
71E47A99;4;GPH;IP;Trill Showing;MAIN;52|53
71E47A99;5;GPH;GMAG;Trill Showing;MAIN;52
71E47A99;6;GPH;GRV;Trill Showing;MAIN;52|53
71F58259;1;GPH;GMAG;Parallel Canyon;MAIN;43|47
71EA9A8C;1;GPH;EM;Black Bay Project;MAIN;32|57|63
71EA9A8C;2;GPH;GRV;Black Bay Project;MAIN;57|58
71EA9A8C;3;GPH;AMAG;Black Bay Project;MAIN;61
71FD9257;2;GPH;AMAG;Mt Cattlin;MAIN;129
71FD9257;3;GPH;RAD;Mt Cattlin;MAIN;129
71FD9257;4;GPH;EM;Mt Cattlin;MAIN;129
71FD9257;5;GPH;SES;Mt Cattlin;MAIN;130
71FD9257;6;GPH;GPR;Mt Cattlin;MAIN;130
71FD9257;7;GPH;RES;Mt Cattlin;MAIN;130|131
720255FA;1;GPH;VLF;Carmacks Copper;MAIN;35
720255FA;2;GPH;GMAG;Carmacks Copper;MAIN;35
720255FA;3;GPH;AMAG;Carmacks Copper;MAIN;35
720255FA;4;GPH;RAD;Carmacks Copper;MAIN;35
720255FA;5;GPH;UNS;Carmacks Copper;MAIN;35
720255FA;6;GPH;IP;Carmacks Copper;MAIN;35
7215A62F;1;GPH;AMAG;Lemarchant Deposit;MAIN;49
7215A62F;2;GPH;EM;Lemarchant Deposit;MAIN;46|49
7215A62F;3;GPH;IP;Lemarchant Deposit;MAIN;49|55
7215A62F;4;GPH;MT;Lemarchant Deposit;MAIN;49
7215A62F;5;GPH;GRV;Lemarchant Deposit;MAIN;49
7203A993;1;GPH;AMAG;Marathon Deposit;MAIN;90|116
7203A993;2;GPH;RAD;Marathon Deposit;MAIN;116
722A880F;1;GPH;EM;Monroe;MAIN;22
72415060;1;GPH;RAD;Nine Mile Lake;MAIN;26
7233C1F8;1;GPH;AMAG;Pedra Branca;MAIN;53|55
724525EE;1;GPH;EM;Dumont;MAIN;92|93
724525EE;2;GPH;AMAG;Dumont;MAIN;92|93
726558CE;1;GPH;EM;Key Anacon;MAIN;68|71|72
72C11ED5;1;GPH;IP;Samapleu and Grata;MAIN;83|84
72C11ED5;2;GPH;GMAG;Samapleu and Grata;MAIN;83|84
72C11ED5;3;GPH;AMAG;Samapleu and Grata;MAIN;83|84|85
72C11ED5;4;GPH;RAD;Samapleu and Grata;MAIN;83|84|86|87
72C11ED5;5;GPH;EM;Samapleu and Grata;MAIN;74|83|87|88|89|90|91|92|95|96|97|98
72CF8B5F;1;GPH;GMAG;Pumpkin Hollow;MAIN;90
72CF8B5F;2;GPH;IP;Pumpkin Hollow;MAIN;90
72E05970;1;GPH;EM;Geiger Project;MAIN;29|30|33
72F81930;1;GPH;EM;Huckleberry;MAIN;43
72F81930;2;GPH;IP;Huckleberry;MAIN;43
72F81930;3;GPH;UNS;Huckleberry;MAIN;43
7300A856;1;GPH;EM;McIlvenna Bay;MAIN;98|99|102|103|107|108
7300A856;2;GPH;AMAG;McIlvenna Bay;MAIN;99
73122EE2;1;GPH;AMAG;East Bull Palladium Deposit;MAIN;56
7332EFDA;1;GPH;SES;Minastyc;MAIN;24|26|27
7332EFDA;2;GPH;IP;Minastyc;MAIN;24|25|27
73639479;1;GPH;UNS;Lone Mountain;MAIN;37
735B5019;1;GPH;AMAG;Grid Nickel Project;MAIN;27|30|31
735B5019;2;GPH;EM;Grid Nickel Project;MAIN;27
735B5019;3;GPH;GRV;Grid Nickel Project;MAIN;27
73645790;1;GPH;GMAG;Skarn Zone;MAIN;12|30
73645790;2;GPH;IP;Skarn Zone;MAIN;12|30
7369A74E;1;GPH;AMAG;Round Top Peak;MAIN;50|51
7369A74E;2;GPH;RAD;Round Top Peak;MAIN;50|52
7369A74E;3;GPH;GRV;Round Top Peak;MAIN;53|54
73D1324E;1;GPH;AMAG;B & A Property;MAIN;19
73D1324E;2;GPH;RAD;B & A Property;MAIN;19
73B08540;1;GPH;GMAG;Porcupine Property;MAIN;14
73B08540;2;GPH;IP;Porcupine Property;MAIN;14|25
73B08540;3;GPH;GRV;Porcupine Property;MAIN;14
73B08540;4;GPH;EM;Porcupine Property;MAIN;14
73B08540;5;GPH;RES;Porcupine Property;MAIN;25
73E65BF2;1;GPH;EM;Diavik Kimberlite Pipes;MAIN;35
73E65BF2;2;GPH;GMAG;Diavik Kimberlite Pipes;MAIN;35
73E65BF2;3;GPH;GRV;Diavik Kimberlite Pipes;MAIN;35
73E65BF2;4;GPH;AMAG;Diavik Kimberlite Pipes;MAIN;30|35
741417D1;1;GPH;EM;White Willow;MAIN;25
741417D1;2;GPH;AMAG;White Willow;MAIN;25
73EFF913;1;GPH;SES;Gordon Creek area;MAIN;31|34|35
74043B70;1;GPH;AMAG;Buckton Mineralized Zone;MAIN;43|52|54
743E3106;1;GPH;GRV;Sevier Lake;MAIN;38|42
7458F7D2;1;GPH;AMAG;Platreef;MAIN;162
7458F7D2;2;GPH;GRV;Platreef;MAIN;162|163
7458F7D2;3;GPH;SP;Platreef;MAIN;162
7458F7D2;4;GPH;RES;Platreef;MAIN;162
7458F7D2;5;GPH;IP;Platreef;MAIN;162
7458F7D2;6;GPH;SES;Platreef;MAIN;162|164
74A423AA;1;GPH;AMAG;BlackRock Project;MAIN;136|179|181
74A423AA;3;GPH;SWIR;BlackRock Project;MAIN;152|182|183
74A423AA;4;GPH;GMAG;BlackRock Project;MAIN;136|150|152|183
74AC0B66;1;GPH;GMAG;Kahuna kimberlite;MAIN;37
74AE9878;1;GPH;IP;Uitloop II;MAIN;91|98|100
74AE9878;2;GPH;GMAG;Uitloop II;MAIN;91|98
74AE9878;3;GPH;RES;Uitloop II;MAIN;91|100
74AE9878;4;GPH;AMAG;Uitloop II;MAIN;99|100
74BFFD4C;1;GPH;AMAG;Angliers Project;MAIN;35
74BFFD4C;2;GPH;EM;Angliers Project;MAIN;39
74B3AAF0;1;GPH;AMAG;Yerington Deposit;MAIN;106
74B3AAF0;2;GPH;GMAG;Yerington Deposit;MAIN;106
74B3AAF0;3;GPH;IP;Yerington Deposit;MAIN;106|107
74B3AAF0;4;GPH;GRV;Yerington Deposit;MAIN;106
75052BB2;1;GPH;WLOG;Duperow Aquifer;MAIN;34|35|40
74CAA269;1;GPH;GMAG;Ultramafic Sill complex;MAIN;37|42
74CAA269;2;GPH;EM;Ultramafic Sill complex;MAIN;42|56
74CAA269;3;GPH;VLF;Ultramafic Sill complex;MAIN;42|44
75188515;1;GPH;GRV;Kitumba;MAIN;49|72
75188515;2;GPH;AMAG;Kitumba;MAIN;49|72
75188515;3;GPH;RAD;Kitumba;MAIN;73
75188515;4;GPH;RES;Kitumba;MAIN;79
75188515;5;GPH;IP;Kitumba;MAIN;79
75188515;6;GPH;MT;Kitumba;MAIN;79
7523E0D6;1;GPH;GMAG;Pumpkin Hollow;MAIN;81|96
7523E0D6;2;GPH;IP;Pumpkin Hollow;MAIN;96
75336171;1;GPH;GMAG;Mabilo;MAIN;38|40
753CA283;1;GPH;AMAG;Yerington Copper Deposit;MAIN;97
753CA283;2;GPH;GMAG;Yerington Copper Deposit;MAIN;97
753CA283;3;GPH;IP;Yerington Copper Deposit;MAIN;97|103
753CA283;4;GPH;GRV;Yerington Copper Deposit;MAIN;97
75517B16;1;GPH;EM;Molo;MAIN;63|72|84
75517B16;2;GPH;AMAG;Molo;MAIN;72
75520CA6;1;GPH;GMAG;Chirsposo Zone;MAIN;92|93
75520CA6;2;GPH;IP;Chirsposo Zone;MAIN;92
75973F64;1;GPH;AMAG;Reid Deposit;MAIN;71
75973F64;2;GPH;GMAG;Reid Deposit;MAIN;71
75973F64;3;GPH;EM;Reid Deposit;MAIN;71|74
75973F64;4;GPH;GRV;Reid Deposit;MAIN;75
75A0E7AE;1;GPH;EM;Elsiar Porphyry System;MAIN;16
75A0E7AE;2;GPH;AMAG;Elsiar Porphyry System;MAIN;16|22
75D9726B;1;GPH;AMAG;Kamoa;MAIN;174
75D9726B;2;GPH;RAD;Kamoa;MAIN;174
75D9726B;5;GPH;EM;Kamoa;MAIN;175
75D9726B;6;GPH;GMAG;Kamoa;MAIN;175
75D9726B;7;GPH;GRV;Kamoa;MAIN;175
75D9726B;8;GPH;SES;Kamoa;MAIN;175
75E37186;1;GPH;EM;Neil;MAIN;48
75E37186;2;GPH;AMAG;Neil;MAIN;48
75DE50E1;1;GPH;GMAG;Donje Nevlje;MAIN;23
75DE50E1;3;GPH;IP;Donje Nevlje;MAIN;27
761F33D3;1;GPH;GRV;Murray Brook;MAIN;29
761F33D3;2;GPH;EM;Murray Brook;MAIN;29
765E8AA8;1;GPH;RES;Murphy Lake;MAIN;56
765E8AA8;2;GPH;IP;Murphy Lake;MAIN;56
765E8AA8;3;GPH;EM;Murphy Lake;MAIN;56|57
767E0AF9;1;GPH;EM;Soap Gulch;MAIN;25|26
767E0AF9;2;GPH;AMAG;Soap Gulch;MAIN;25|26
76C86774;3;GPH;WLOG;Farim;MAIN;124|125
76FC70C4;1;GPH;GRV;Clayton Valley South;MAIN;39|42
76FC70C4;3;GPH;WLOG;Clayton Valley South;MAIN;44
76FC70C4;4;GPH;SES;Clayton Valley South;MAIN;44|45
7728478B;1;GPH;RAD;Blair Property;MAIN;51
7728478B;2;GPH;RES;Blair Property;MAIN;51
77089CB9;1;GPH;EM;Mitchell Lake Property;MAIN;22|23
77089CB9;2;GPH;AMAG;Mitchell Lake Property;MAIN;22|23
773AEDA8;1;GPH;RAD;Kipawa deposit;MAIN;42|54
77A281A3;1;GPH;SES;Cory;MAIN;17
77A281A3;2;GPH;WLOG;Cory;MAIN;19
77A56F69;3;GPH;IP;Ayawilca;MAIN;84
77A56F69;4;GPH;GMAG;Ayawilca;MAIN;84|85
77A56F69;5;GPH;GRV;Ayawilca;MAIN;85|87
77A56F69;6;GPH;EM;Ayawilca;MAIN;87
77A56F69;7;GPH;AMAG;Ayawilca;MAIN;87
77F6F0D5;1;GPH;GRV;Plymouth deposit;MAIN;74
77F6F0D5;2;GPH;GMAG;Plymouth deposit;MAIN;80
77D524A3;1;GPH;RAD;JEMI Property;MAIN;35|40
78108767;1;GPH;IP;Ballard Lake Shear Zone;MAIN;44
78264C19;1;GPH;AMAG;Starra 276;MAIN;53
78264C19;2;GPH;GMAG;Starra 276;MAIN;53
78264C19;3;GPH;EM;Starra 276;MAIN;53
784A5EEA;1;GPH;SES;Cory potash deposit;MAIN;28
784A5EEA;3;GPH;UNS;Cory potash deposit;MAIN;34
78590450;1;GPH;AMAG;Cominco Zone;MAIN;63
78590450;2;GPH;EM;Cominco Zone;MAIN;63
78590450;3;GPH;GMAG;Cominco Zone;MAIN;63
78590450;4;GPH;IP;Cominco Zone;MAIN;64
785978AD;1;GPH;AMAG;Alpala;MAIN;101
785978AD;2;GPH;RAD;Alpala;MAIN;101
785978AD;5;GPH;GMAG;Alpala;MAIN;103
789CAA28;1;GPH;AMAG;Grid Nickel Project;MAIN;27|30|31
789CAA28;2;GPH;EM;Grid Nickel Project;MAIN;27
789CAA28;3;GPH;GRV;Grid Nickel Project;MAIN;27
78883C97;1;GPH;EM;New Afton;MAIN;67
78883C97;2;GPH;MT;New Afton;MAIN;67
78883C97;3;GPH;RES;New Afton;MAIN;67
78883C97;4;GPH;IP;New Afton;MAIN;67|68
78883C97;5;GPH;RAD;New Afton;MAIN;67|68
78883C97;6;GPH;AMAG;New Afton;MAIN;68
78883C97;7;GPH;GRV;New Afton;MAIN;68
78883C97;8;GPH;GMAG;New Afton;MAIN;68
78C30837;1;GPH;AMAG;Cigar Lake deposit;MAIN;58|59
78C30837;2;GPH;VLF;Cigar Lake deposit;MAIN;58|60
78C30837;3;GPH;RAD;Cigar Lake deposit;MAIN;58|59
78C30837;4;GPH;EM;Cigar Lake deposit;MAIN;55|58|59
78C30837;5;GPH;GRV;Cigar Lake deposit;MAIN;58|59|60
78C30837;6;GPH;RES;Cigar Lake deposit;MAIN;55|58|59|60
78C30837;7;GPH;IP;Cigar Lake deposit;MAIN;60
78C30837;8;GPH;MT;Cigar Lake deposit;MAIN;60
78C30837;9;GPH;SES;Cigar Lake deposit;MAIN;60
78BF0325;1;GPH;MT;Piskanja;MAIN;43
78BF0325;2;GPH;UNS;Piskanja;MAIN;44
78EA598C;1;GPH;AMAG;Hoskissons Coal Seam;MAIN;41
78EA598C;2;GPH;RAD;Hoskissons Coal Seam;MAIN;41
78EA598C;3;GPH;SES;Hoskissons Coal Seam;MAIN;41
78EA598C;4;GPH;WLOG;Hoskissons Coal Seam;MAIN;41
7903EC55;1;GPH;AMAG;Serra do Tapa;MAIN;30|39
793D68D0;1;GPH;GMAG;Refuge Island Occurrence;MAIN;39|52
794B0D6F;1;GPH;IP;Phoenix;MAIN;119|124|125
794B0D6F;2;GPH;EM;Phoenix;MAIN;119|124|125|127
794B0D6F;3;GPH;GRV;Phoenix;MAIN;119|125|127
794B0D6F;4;GPH;MT;Phoenix;MAIN;125
794B0D6F;6;GPH;AMAG;Phoenix;MAIN;125|127
794B0D6F;10;GPH;RAD;Phoenix;MAIN;127
794B0D6F;11;GPH;WLOG;Phoenix;MAIN;127
7953C0A1;1;GPH;IP;Sting Property VMS;MAIN;44|47
7953C0A1;2;GPH;EM;Sting Property VMS;MAIN;44|48|49
7953C0A1;3;GPH;AMAG;Sting Property VMS;MAIN;49
796CA6B5;1;GPH;EM;Great Burnt Copper Deposit;MAIN;71|77|83
796CA6B5;2;GPH;AMAG;Great Burnt Copper Deposit;MAIN;71|77|83
796CA6B5;3;GPH;VLF;Great Burnt Copper Deposit;MAIN;71
7997A461;1;GPH;EM;Turnagain;MAIN;61|62|63
7997A461;2;GPH;AMAG;Turnagain;MAIN;61|62
7997A461;3;GPH;GMAG;Turnagain;MAIN;62|63
7997A461;4;GPH;VLF;Turnagain;MAIN;63
7997A461;5;GPH;SES;Turnagain;MAIN;63
79E217BF;1;GPH;EM;Laflamme Graphite;MAIN;17|18
7A295C39;1;GPH;IP;Tagpura;MAIN;35
7A295C39;2;GPH;AMAG;Tagpura;MAIN;35
7A295C39;3;GPH;RAD;Tagpura;MAIN;35
7A295C39;4;GPH;GMAG;Tagpura;MAIN;35
7A58509E;1;GPH;GMAG;Pyhäjärvi;MAIN;29|31
7A5A3279;1;GPH;AMAG;Zinc Zone;MAIN;45
7A5A3279;2;GPH;VLF;Zinc Zone;MAIN;45
7A6C6523;1;GPH;GRV;Sal de Vida;MAIN;89|90
7A6C6523;2;GPH;RES;Sal de Vida;MAIN;89|90
7A6C6523;3;GPH;EM;Sal de Vida;MAIN;90
7A7E6B28;3;GPH;GRV;Pine Point;MAIN;143|149
7A7E6B28;4;GPH;AMAG;Pine Point;MAIN;144
7A7E6B28;5;GPH;GMAG;Pine Point;MAIN;145
7A7E6B28;6;GPH;IP;Pine Point;MAIN;146|148|149
7A7E6B28;8;GPH;VLF;Pine Point;MAIN;150
7A7E6B28;9;GPH;EM;Pine Point;MAIN;151
7B362942;1;GPH;AMAG;HOAM Project;MAIN;19|31|33|34|35
7B362942;2;GPH;GMAG;HOAM Project;MAIN;19
7B362942;3;GPH;GRV;HOAM Project;MAIN;31|33
7B661912;1;GPH;GMAG;Bethlehem Iron Ore;MAIN;45|46|49
7B6633A6;1;GPH;GMAG;Constancia;MAIN;107|110
7B6633A6;2;GPH;IP;Constancia;MAIN;110
7B801024;1;GPH;EM;ABM Deposit;MAIN;96
7B801024;2;GPH;GRV;ABM Deposit;MAIN;96
7B801024;3;GPH;SES;ABM Deposit;MAIN;97
7B801024;4;GPH;IP;ABM Deposit;MAIN;98
7B801024;5;GPH;AMAG;ABM Deposit;MAIN;98
7BAAABF0;1;GPH;AMAG;Southern Spectrum Zone;MAIN;28|29|30|33
7BB23763;1;GPH;RAD;Crevier deposit;MAIN;38|39|42
7BB23763;2;GPH;AMAG;Crevier deposit;MAIN;38|39|42
7BB23763;3;GPH;GMAG;Crevier deposit;MAIN;38
7BB23763;4;GPH;IP;Crevier deposit;MAIN;38
7BB23763;6;GPH;RES;Crevier deposit;MAIN;39
7BB23763;7;GPH;EM;Crevier deposit;MAIN;39|42
7BDFADC8;1;GPH;EM;Aripuanã;MAIN;63|64|65|66
7BDFADC8;2;GPH;AMAG;Aripuanã;MAIN;63|64|66
7BDFADC8;3;GPH;RAD;Aripuanã;MAIN;63|64
7BDFADC8;4;GPH;GRV;Aripuanã;MAIN;63
7BDFADC8;5;GPH;GMAG;Aripuanã;MAIN;63|65
7BDFADC8;6;GPH;IP;Aripuanã;MAIN;63
7BDFADC8;7;GPH;VLF;Aripuanã;MAIN;63
7C292B9D;1;GPH;GMAG;Songwe Hill;MAIN;79
7C292B9D;2;GPH;RAD;Songwe Hill;MAIN;79|80
7C292B9D;3;GPH;GRV;Songwe Hill;MAIN;79|81
7C2A4B7B;1;GPH;AMAG;Integration Zone;MAIN;129|130
7C2A4B7B;2;GPH;GMAG;Integration Zone;MAIN;129|130
7C2BDEF7;1;GPH;GMAG;Copper Creek;MAIN;78
7C2BDEF7;2;GPH;AMAG;Copper Creek;MAIN;80
7C2BDEF7;3;GPH;EM;Copper Creek;MAIN;80|82
7C43A10F;1;GPH;SES;Holbrook Basin Potash Deposit;MAIN;42|44
7C43A10F;2;GPH;UNS;Holbrook Basin Potash Deposit;MAIN;44
7C31A917;1;GPH;RES;Tincalayu;MAIN;44
7C689C90;1;GPH;EM;McIlvenna Bay;MAIN;123|126|134
7C689C90;2;GPH;AMAG;McIlvenna Bay;MAIN;124
7C689C90;4;GPH;GRV;McIlvenna Bay;MAIN;137
7C71AA5A;1;GPH;EM;Back Forty;MAIN;82|84|85
7C71AA5A;2;GPH;AMAG;Back Forty;MAIN;84
7C71AA5A;3;GPH;GMAG;Back Forty;MAIN;82|85
7C71AA5A;4;GPH;GRV;Back Forty;MAIN;82|85
7C886638;1;GPH;GRV;La Romanera;MAIN;51|52
7C886638;2;GPH;AMAG;La Romanera;MAIN;51|53
7C886638;3;GPH;EM;La Romanera;MAIN;51|53|54
7C886638;4;GPH;IP;La Romanera;MAIN;51|53
7C8FBB35;1;GPH;GMAG;Whabouchi;MAIN;71
7C8FBB35;2;GPH;AMAG;Whabouchi;MAIN;71
7C8C3AEB;1;GPH;GRV;Tatiggaq;MAIN;46|48
7C8C3AEB;2;GPH;SES;Tatiggaq;MAIN;107
7C8C3AEB;3;GPH;EM;Tatiggaq;MAIN;72
7C8C3AEB;4;GPH;AMAG;Tatiggaq;MAIN;72
7C9C15CF;1;GPH;GMAG;Caraíba Mine;MAIN;90
7C9C15CF;2;GPH;GRV;Caraíba Mine;MAIN;90
7C9C15CF;3;GPH;IP;Caraíba Mine;MAIN;90
7C9C15CF;4;GPH;AMAG;Caraíba Mine;MAIN;90
7C9C15CF;5;GPH;RAD;Caraíba Mine;MAIN;90
7C9C15CF;6;GPH;EM;Caraíba Mine;MAIN;90|94
7CC56E14;1;GPH;RAD;Deep Fox;MAIN;69
7CC56E14;2;GPH;AMAG;Deep Fox;MAIN;69|70|76
7CC56E14;5;GPH;GMAG;Deep Fox;MAIN;70|76
7CD77D57;1;GPH;RAD;Centennial Project;MAIN;41
7CD77D57;2;GPH;WLOG;Centennial Project;MAIN;41
7D0BB8DD;1;GPH;RAD;Farim;MAIN;93|94
7D0F2F40;1;GPH;SES;Salar de Pozuelos;MAIN;56
7D0F2F40;2;GPH;RES;Salar de Pozuelos;MAIN;45
7D0C5AF8;1;GPH;EM;Luishia Sud;MAIN;34
7D467084;1;GPH;UNS;Chrome Puddy;MAIN;51
7D85BADE;1;GPH;AMAG;Connors;MAIN;71
7D85BADE;2;GPH;RAD;Connors;MAIN;71
7D800C90;1;GPH;GRV;Santo Domingo Sur;MAIN;154
7D800C90;2;GPH;AMAG;Santo Domingo Sur;MAIN;154
7D800C90;3;GPH;IP;Santo Domingo Sur;MAIN;156
7D94D4B3;1;GPH;SES;Lanxess Property;MAIN;56|60
7DA70412;1;GPH;IP;Chimiwungo;MAIN;56
7DC8A893;2;GPH;SES;Marshall Fork;MAIN;27
7DD68EC1;1;GPH;EM;Poissons Blanc;MAIN;26
7DD68EC1;2;GPH;AMAG;Poissons Blanc;MAIN;26
7DF841E0;1;GPH;GRV;Ricardo;MAIN;31
7DF841E0;2;GPH;GMAG;Ricardo;MAIN;31|34
7DF841E0;3;GPH;VLF;Ricardo;MAIN;31
7DF841E0;4;GPH;IP;Ricardo;MAIN;32
7DF841E0;5;GPH;MT;Ricardo;MAIN;32|33
7DF841E0;6;GPH;AMAG;Ricardo;MAIN;33
7E034551;1;GPH;UNS;Palisades Coal Seams;MAIN;52
7E02B69D;1;GPH;EM;Alexo-Dundonald Deposits;MAIN;110|115
7E02B69D;2;GPH;AMAG;Alexo-Dundonald Deposits;MAIN;110
7E577BAE;3;GPH;EM;Mineral Ridge;MAIN;120
7E577BAE;4;GPH;AMAG;Mineral Ridge;MAIN;121
7E5934BA;1;GPH;IP;Chelopech;MAIN;63|64
7E5934BA;2;GPH;MT;Chelopech;MAIN;63|64
7E5934BA;3;GPH;GMAG;Chelopech;MAIN;64
7E5934BA;4;GPH;GRV;Chelopech;MAIN;64
7E5934BA;5;GPH;SWIR;Chelopech;MAIN;57
7E68EE11;3;GPH;IP;Placeton;MAIN;47
7E83C46B;1;GPH;AMAG;Luanga;MAIN;80|127
7E83C46B;2;GPH;RAD;Luanga;MAIN;80|82
7E83C46B;3;GPH;EM;Luanga;MAIN;80|81|123|124|125|127
7E83C46B;4;GPH;IP;Luanga;MAIN;122
7E83C46B;7;GPH;GMAG;Luanga;MAIN;126
7E83C46B;8;GPH;GRV;Luanga;MAIN;126|127
7ED440D9;1;GPH;GRV;Waterberg Project;MAIN;65|66|72
7ED440D9;2;GPH;GMAG;Waterberg Project;MAIN;65|66|67
7ED440D9;3;GPH;AMAG;Waterberg Project;MAIN;67
7ED440D9;4;GPH;RAD;Waterberg Project;MAIN;67
7EFBAABE;1;GPH;WLOG;Blair Property;MAIN;51
7EFBAABE;3;GPH;RES;Blair Property;MAIN;51
7F0C91F5;1;GPH;SES;Rocanville;MAIN;18|19
7EEDE017;1;GPH;IP;Ilovitza;MAIN;27
7EEDE017;2;GPH;GMAG;Ilovitza;MAIN;27
7F2E8CF5;1;GPH;IP;Kestane;MAIN;73|74|78|81
7F2E8CF5;2;GPH;GMAG;Kestane;MAIN;73|74|81
7F5D7C99;1;GPH;SES;Green River Potash Project;MAIN;50
7F3D198B;1;GPH;EM;New Afton;MAIN;69
7F3D198B;2;GPH;MT;New Afton;MAIN;69
7F3D198B;3;GPH;IP;New Afton;MAIN;69
7F3D198B;4;GPH;RAD;New Afton;MAIN;69
7F3D198B;5;GPH;AMAG;New Afton;MAIN;69
7F3D198B;6;GPH;GRV;New Afton;MAIN;69
7F3D198B;7;GPH;GMAG;New Afton;MAIN;69
7F6D0F07;1;GPH;GRV;Magellan;MAIN;77
7F6D0F07;5;GPH;EM;Magellan;MAIN;79|80
7F6D0F07;6;GPH;AMAG;Magellan;MAIN;79
7F9317F7;1;GPH;UNS;Sartenga;MAIN;28|31
7FC34AB6;1;GPH;AMAG;Park Place;MAIN;62
7FC34AB6;2;GPH;SES;Park Place;MAIN;89
7FE1952C;1;GPH;AMAG;Oracle Ridge;MAIN;58|60
7FE1952C;2;GPH;EM;Oracle Ridge;MAIN;58
7FE1952C;3;GPH;GMAG;Oracle Ridge;MAIN;60
802A3DB6;1;GPH;UNS;Bleikvassli;MAIN;13
8033B266;3;GPH;IP;Southeast occurrence;MAIN;63
8033B266;4;GPH;AMAG;Southeast occurrence;MAIN;64
804638CB;1;GPH;AMAG;Koala;MAIN;118|119|121|123
804638CB;2;GPH;EM;Koala;MAIN;118|121|123|127
804638CB;3;GPH;VLF;Koala;MAIN;118
804638CB;7;GPH;GRV;Koala;MAIN;121|123|127
804638CB;11;GPH;GMAG;Koala;MAIN;127
804638CB;14;GPH;GPR;Koala;MAIN;127
804638CB;16;GPH;SES;Koala;MAIN;127
807B6B67;1;GPH;RAD;Lindsay REE;MAIN;21|26|28
8083EA2D;1;GPH;EM;Chimiwungo;MAIN;65|69|71|75
8083EA2D;2;GPH;GMAG;Chimiwungo;MAIN;65|69|71|75
8083EA2D;4;GPH;RAD;Chimiwungo;MAIN;71
8083EA2D;6;GPH;IP;Chimiwungo;MAIN;69
809D5FF8;1;GPH;GRV;Waterberg Project;MAIN;76|77|82
809D5FF8;2;GPH;GMAG;Waterberg Project;MAIN;76
809D5FF8;4;GPH;AMAG;Waterberg Project;MAIN;77|82
809D5FF8;5;GPH;RAD;Waterberg Project;MAIN;77|82
80B75389;1;GPH;AMAG;Magno;MAIN;34
80B75389;2;GPH;UNS;Magno;MAIN;29|30
80E92208;1;GPH;IP;Rio Grande;MAIN;45|46|47|50
80E92208;2;GPH;MT;Rio Grande;MAIN;45
80E92208;3;GPH;GMAG;Rio Grande;MAIN;46|49|51
80F9E02F;1;GPH;EM;Bigstone deposit;MAIN;44
80F9E02F;2;GPH;AMAG;Bigstone deposit;MAIN;33
81863108;1;GPH;IP;Vizcachitas;MAIN;96
81863108;2;GPH;MT;Vizcachitas;MAIN;96
81C10DD7;1;GPH;SES;Danakhil Potash Deposit;MAIN;62|64
81DB4AD1;1;GPH;GRV;Fish Lake Valley;MAIN;29|32
81DB4AD1;2;GPH;MT;Fish Lake Valley;MAIN;29|32
81C81629;1;GPH;RAD;Verticalnaya Mine;MAIN;64|65
81C81629;2;GPH;RES;Verticalnaya Mine;MAIN;64|65
8202F578;1;GPH;AMAG;Kruidfontein;MAIN;51
8202F578;2;GPH;RAD;Kruidfontein;MAIN;51
8202F578;3;GPH;SES;Kruidfontein;MAIN;51
822444FA;1;GPH;IP;Vista;MAIN;53
8224D7B4;1;GPH;GRV;Waterberg Project;MAIN;132|133|137
8224D7B4;2;GPH;GMAG;Waterberg Project;MAIN;132
8224D7B4;3;GPH;AMAG;Waterberg Project;MAIN;133|137
8224D7B4;4;GPH;RAD;Waterberg Project;MAIN;133|137
8247EDE1;1;GPH;GMAG;Gilda Project;MAIN;17
826677C5;1;GPH;EM;Ravensthorpe Nickel Operations;MAIN;36
826677C5;2;GPH;GRV;Ravensthorpe Nickel Operations;MAIN;36
826677C5;3;GPH;GMAG;Ravensthorpe Nickel Operations;MAIN;36
826677C5;4;GPH;AMAG;Ravensthorpe Nickel Operations;MAIN;36
826677C5;5;GPH;SES;Ravensthorpe Nickel Operations;MAIN;36
826677C5;6;GPH;GPR;Ravensthorpe Nickel Operations;MAIN;37
826677C5;7;GPH;WLOG;Ravensthorpe Nickel Operations;MAIN;37
827CA713;1;GPH;AMAG;UG2 Chromitite Layer;MAIN;37
827CA713;2;GPH;RAD;UG2 Chromitite Layer;MAIN;37
82BB1AC1;1;GPH;MT;Bonnie Claire;MAIN;55|57|58
82BB1AC1;2;GPH;GRV;Bonnie Claire;MAIN;55|59
82BB1AC1;3;GPH;RAD;Bonnie Claire;MAIN;62
82BB1AC1;6;GPH;RES;Bonnie Claire;MAIN;62|65|66|67
82BB1AC1;7;GPH;NMR;Bonnie Claire;MAIN;62|63|64
82C1A145;1;GPH;MT;Zafranal Main Zone;MAIN;35
82D62F82;1;GPH;AMAG;Scotch Prospect;MAIN;56
82D62F82;2;GPH;IP;Scotch Prospect;MAIN;76|78
83035391;1;GPH;IP;Vista;MAIN;44
83035391;4;GPH;RAD;Vista;MAIN;44
83035391;5;GPH;WLOG;Vista;MAIN;44
82E13281;1;GPH;RAD;Central Mining Area;MAIN;92
82E58F56;1;GPH;EM;Main Zone;MAIN;60
82E58F56;2;GPH;IP;Main Zone;MAIN;60
82E58F56;3;GPH;GRV;Main Zone;MAIN;60
83201DA9;1;GPH;AMAG;Mont Sorcier;MAIN;64|65
830E11AA;1;GPH;AMAG;Zinkgruvan;MAIN;46
830E11AA;2;GPH;RAD;Zinkgruvan;MAIN;46
830E11AA;3;GPH;EM;Zinkgruvan;MAIN;46
830E11AA;4;GPH;GMAG;Zinkgruvan;MAIN;46
830E11AA;5;GPH;IP;Zinkgruvan;MAIN;46
8324ECF7;1;GPH;SES;Danakhil Potash Deposit;MAIN;41
835308B7;1;GPH;GMAG;Whabouchi;MAIN;95
835308B7;2;GPH;AMAG;Whabouchi;MAIN;95
839C9DFE;3;GPH;EM;Voisey's Bay West;MAIN;24
83BAC0A4;1;GPH;EM;Graphite Creek;MAIN;27
83D9ABE9;1;GPH;GRV;J-M Reef;MAIN;25
83D9ABE9;2;GPH;AMAG;J-M Reef;MAIN;25
83F612EF;1;GPH;AMAG;Mayoko Alluvial Coltan;MAIN;39|40
83EAC9B4;1;GPH;AMAG;Taysan;MAIN;30
83EAC9B4;2;GPH;GMAG;Taysan;MAIN;37
841A31B2;1;GPH;EM;OLLAGUE;MAIN;30
841E9F99;1;GPH;AMAG;Houston;MAIN;38|45
841E9F99;2;GPH;GRV;Houston;MAIN;45
84206750;1;GPH;EM;Molo;MAIN;85|98|99
84206750;2;GPH;AMAG;Molo;MAIN;85
8424A688;1;GPH;AMAG;Weese-Luella;MAIN;27|28|33
8446AB25;2;GPH;EM;Little Deer;MAIN;39|40
8446AB25;3;GPH;AMAG;Little Deer;MAIN;39
844F683A;1;GPH;SWIR;Arctic;MAIN;90|95
844F683A;2;GPH;EM;Arctic;MAIN;95|98
844F683A;3;GPH;MT;Arctic;MAIN;95|98|100
844F683A;4;GPH;AMAG;Arctic;MAIN;98
8458D005;1;GPH;AMAG;Pea Ridge;MAIN;30
846600A9;1;GPH;EM;A Zone;MAIN;13
846600A9;2;GPH;AMAG;A Zone;MAIN;16
8466B7BC;1;GPH;IP;Phoenix;MAIN;67|68
8466B7BC;2;GPH;EM;Phoenix;MAIN;67|68
8466B7BC;3;GPH;GRV;Phoenix;MAIN;68
8466B7BC;4;GPH;AMAG;Phoenix;MAIN;68
8466B7BC;5;GPH;RAD;Phoenix;MAIN;68
8469041D;1;GPH;GMAG;Nama Creek Main Zone North (MZN);MAIN;98
8469041D;2;GPH;VLF;Nama Creek Main Zone North (MZN);MAIN;98
8469041D;3;GPH;EM;Nama Creek Main Zone North (MZN);MAIN;180
846F2FC6;1;GPH;GMAG;Bob 1;MAIN;16
846F2FC6;2;GPH;GRV;Bob 1;MAIN;16
8483B231;1;GPH;AMAG;Thunderbird deposits;MAIN;60
8481D990;1;GPH;AMAG;Spout Deposit;MAIN;67|82
8481D990;2;GPH;RAD;Spout Deposit;MAIN;67
8481D990;3;GPH;IP;Spout Deposit;MAIN;68|75|86
8481D990;4;GPH;GMAG;Spout Deposit;MAIN;68|76|86
8481D990;5;GPH;GRV;Spout Deposit;MAIN;77|82
84D2EA1D;1;GPH;AMAG;Moonlite Property;MAIN;43|49|54
84D2EA1D;2;GPH;EM;Moonlite Property;MAIN;43|57
84D2EA1D;4;GPH;MT;Moonlite Property;MAIN;49
84D2EA1D;5;GPH;VLF;Moonlite Property;MAIN;49|50
84D2EA1D;6;GPH;GRV;Moonlite Property;MAIN;49|53|57|58
84D2EA1D;7;GPH;GMAG;Moonlite Property;MAIN;49|54
8513B773;1;GPH;SES;Rocanville;MAIN;23|26|29
8513B773;3;GPH;UNS;Rocanville;MAIN;23|29
851FB6D1;1;GPH;RAD;Reno Creek;MAIN;43
851FB6D1;2;GPH;SP;Reno Creek;MAIN;43
851FB6D1;3;GPH;RES;Reno Creek;MAIN;43
8532523B;1;GPH;IP;Cuprita;MAIN;45
85294548;2;GPH;AMAG;Pants Lake Intrusions;MAIN;35
85294548;3;GPH;GMAG;Pants Lake Intrusions;MAIN;35|48
85294548;4;GPH;GRV;Pants Lake Intrusions;MAIN;35
85294548;5;GPH;IP;Pants Lake Intrusions;MAIN;37
85294548;6;GPH;EM;Pants Lake Intrusions;MAIN;38|39|40|42|43|45|46|48
85294548;7;GPH;MT;Pants Lake Intrusions;MAIN;43
8547A136;1;GPH;EM;777;MAIN;69|70
8547A136;2;GPH;SES;777;MAIN;71|72
8547A136;3;GPH;RAD;777;MAIN;71
8547A136;4;GPH;RES;777;MAIN;71
8540D380;1;GPH;WLOG;Satellite Properties;MAIN;20|21
8540D380;2;GPH;RES;Satellite Properties;MAIN;20|21
8540D380;3;GPH;SP;Satellite Properties;MAIN;20|21
854CBD1C;1;GPH;RAD;Dasa;MAIN;102
855F8B60;2;GPH;IP;Schaft Creek;MAIN;66
855F8B60;3;GPH;RES;Schaft Creek;MAIN;66
855F8B60;4;GPH;GMAG;Schaft Creek;MAIN;66
855F8B60;5;GPH;VLF;Schaft Creek;MAIN;66
855F8B60;6;GPH;SES;Schaft Creek;MAIN;66
855F8B60;7;GPH;MT;Schaft Creek;MAIN;66
855F8B60;8;GPH;AMAG;Schaft Creek;MAIN;73|75
85699E58;3;GPH;GMAG;Lac Knife;MAIN;82
85699E58;4;GPH;EM;Lac Knife;MAIN;82
8565767A;1;GPH;AMAG;Tullacondra;MAIN;55|56|58
8565767A;2;GPH;EM;Tullacondra;MAIN;56
856CEB39;1;GPH;IP;Hopkins North;MAIN;58
856CEB39;2;GPH;AMAG;Hopkins North;MAIN;58
856CEB39;3;GPH;VLF;Hopkins North;MAIN;58
856CEB39;4;GPH;RAD;Hopkins North;MAIN;58
856CEB39;5;GPH;EM;Hopkins North;MAIN;59
857436DE;1;GPH;GMAG;Nico 1;MAIN;39
857436DE;2;GPH;EM;Nico 1;MAIN;39|40|41|42|43
857436DE;3;GPH;GRV;Nico 1;MAIN;39
857436DE;4;GPH;AMAG;Nico 1;MAIN;39
857436DE;5;GPH;VLF;Nico 1;MAIN;39
8586FF73;1;GPH;RAD;Jeep;MAIN;25
8586FF73;2;GPH;SP;Jeep;MAIN;25
8586FF73;3;GPH;RES;Jeep;MAIN;25
8596A1E6;1;GPH;EM;Kringel;MAIN;110
859E6183;1;GPH;AMAG;Lomie Laterites;MAIN;25
859E6183;2;GPH;RAD;Lomie Laterites;MAIN;25
85910122;1;GPH;EM;Candelaria;MAIN;51|57
85910122;2;GPH;GRV;Candelaria;MAIN;57
85910122;3;GPH;IP;Candelaria;MAIN;57
85910122;4;GPH;MT;Candelaria;MAIN;57
85C74B3B;1;GPH;IP;P Zone;MAIN;11
85C74B3B;2;GPH;GRV;P Zone;MAIN;11
85ADACBA;1;GPH;AMAG;Ertelien;MAIN;38
85ADACBA;2;GPH;EM;Ertelien;MAIN;38
85BB1167;1;GPH;GRV;Santa Cruz deposit;MAIN;108|109
85BB1167;2;GPH;SES;Santa Cruz deposit;MAIN;108|109
85BB1167;3;GPH;IP;Santa Cruz deposit;MAIN;108|109
85BB1167;4;GPH;GMAG;Santa Cruz deposit;MAIN;108|109
85BB1167;5;GPH;MT;Santa Cruz deposit;MAIN;108|109
85D36D8D;1;GPH;AMAG;Fox River Sill;MAIN;77|81|82|83
85D36D8D;2;GPH;EM;Fox River Sill;MAIN;77|79|81|82|83|84
85D36D8D;3;GPH;GMAG;Fox River Sill;MAIN;77|81|82|83|84
85D36D8D;4;GPH;IP;Fox River Sill;MAIN;77|82
85D36D8D;5;GPH;RAD;Fox River Sill;MAIN;77|81
85D36D8D;6;GPH;GRV;Fox River Sill;MAIN;77|81|84
85D36D8D;7;GPH;VLF;Fox River Sill;MAIN;77|82
85F87323;1;GPH;GMAG;Redonda;MAIN;42|43
85F87323;2;GPH;RAD;Redonda;MAIN;42|44
85ECE5B1;1;GPH;AMAG;Pumpkin Hollow;MAIN;18
85ECE5B1;2;GPH;GMAG;Pumpkin Hollow;MAIN;89
85ECE5B1;3;GPH;IP;Pumpkin Hollow;MAIN;89
862135C9;1;GPH;GMAG;ZPG;MAIN;23
862135C9;2;GPH;GRV;ZPG;MAIN;23
862135C9;3;GPH;IP;ZPG;MAIN;24
86472809;1;GPH;RAD;Kipawa Deposit;MAIN;98|99
86472809;2;GPH;AMAG;Kipawa Deposit;MAIN;99
8646BB2C;1;GPH;IP;Ann Mason;MAIN;53
86240715;1;GPH;IP;Mount Milligan;MAIN;68|69|70
86240715;2;GPH;GMAG;Mount Milligan;MAIN;68
86240715;3;GPH;AMAG;Mount Milligan;MAIN;68|70
86240715;4;GPH;MT;Mount Milligan;MAIN;68
86240715;5;GPH;EM;Mount Milligan;MAIN;68
865B36DC;2;GPH;GRV;P-S-M Project;MAIN;76
865B36DC;3;GPH;RAD;P-S-M Project;MAIN;76
865B36DC;4;GPH;AMAG;P-S-M Project;MAIN;76|77
865B36DC;6;GPH;SES;P-S-M Project;MAIN;77
865B36DC;7;GPH;WLOG;P-S-M Project;MAIN;84
8685A611;1;GPH;EM;Umingmak;MAIN;36|37|47
8685A611;2;GPH;AMAG;Umingmak;MAIN;36|37|47|48
8685A611;6;GPH;GMAG;Umingmak;MAIN;36|49
86BA5605;1;GPH;AMAG;Lac Virot Property;MAIN;53|55|56
86BA5605;2;GPH;RAD;Lac Virot Property;MAIN;53|55|56
86BA5605;3;GPH;VLF;Lac Virot Property;MAIN;53|55|56
86CE10AC;1;GPH;UNS;Shaba;MAIN;29
86CE10AC;2;GPH;MT;Shaba;MAIN;29
86CE10AC;3;GPH;IP;Shaba;MAIN;29
86E3991F;1;GPH;EM;Horseshoe;MAIN;91
86E3991F;2;GPH;RAD;Horseshoe;MAIN;91
86E3991F;3;GPH;AMAG;Horseshoe;MAIN;91
86E3991F;4;GPH;IP;Horseshoe;MAIN;92
86DE0042;1;GPH;AMAG;La Verde;MAIN;32
86DE0042;2;GPH;EM;La Verde;MAIN;32
86DE0042;3;GPH;GMAG;La Verde;MAIN;32
86DE0042;4;GPH;IP;La Verde;MAIN;32|42
86E67ED9;1;GPH;AMAG;Nkout;MAIN;66|69
86E67ED9;2;GPH;GRV;Nkout;MAIN;67
8704AD6B;1;GPH;GPR;Camarioca;MAIN;25|30|31
8752C520;1;GPH;GMAG;Mount Tacho Breccia Complex;MAIN;20|23|27
8752C520;2;GPH;IP;Mount Tacho Breccia Complex;MAIN;20|23|27
874FF68A;1;GPH;AMAG;Vulcan;MAIN;29|32
874FF68A;2;GPH;GRV;Vulcan;MAIN;29|30|31|35|36
8771484A;1;GPH;SES;Lanigan;MAIN;18
87ACC2FE;1;GPH;AMAG;Lazy Edward Bay;MAIN;58
87ADC26C;1;GPH;SES;Salar de Arizaro;MAIN;104|105
87B04225;1;GPH;EM;Orphée;MAIN;36|46|47
87B04225;2;GPH;GMAG;Orphée;MAIN;36|47|48
87B04225;3;GPH;GRV;Orphée;MAIN;36|47
87B04225;4;GPH;IP;Orphée;MAIN;46|47|71
87B04225;5;GPH;MT;Orphée;MAIN;71
87C69936;1;GPH;AMAG;Centennial Property;MAIN;47|48|75
87E13D80;1;GPH;SES;Wynyard;MAIN;55|67
87DA3FD7;1;GPH;AMAG;Trek South;MAIN;87|98
87DA3FD7;2;GPH;EM;Trek South;MAIN;87|97
87DA3FD7;3;GPH;SWIR;Trek South;MAIN;56|94
87DA3FD7;4;GPH;IP;Trek South;MAIN;95|98
87DA3FD7;5;GPH;MT;Trek South;MAIN;95|98
88391FFD;1;GPH;AMAG;Southwest and Armitage;MAIN;125|131|139|166|168
88391FFD;2;GPH;GMAG;Southwest and Armitage;MAIN;125|139|171
88391FFD;3;GPH;SWIR;Southwest and Armitage;MAIN;139|169
884190B4;2;GPH;EM;Little Deer;MAIN;39|40
884190B4;3;GPH;AMAG;Little Deer;MAIN;39
88433FB7;1;GPH;EM;Licence 1506;MAIN;9
88433FB7;2;GPH;AMAG;Licence 1506;MAIN;9
88709D29;1;GPH;GRV;Ashram Deposit;MAIN;40|53
88709D29;2;GPH;GMAG;Ashram Deposit;MAIN;40|53
88A8F336;1;GPH;GRV;Salar de Diablillos;MAIN;50
88A8F336;2;GPH;SES;Salar de Diablillos;MAIN;52
88AB883D;1;GPH;MT;Ursa Project;MAIN;42
88AB883D;2;GPH;AMAG;Ursa Project;MAIN;42
88B150AD;1;GPH;AMAG;Nechalacho deposit;MAIN;92
88B150AD;2;GPH;GRV;Nechalacho deposit;MAIN;67
88B94784;1;GPH;AMAG;Titan;MAIN;25|26
88B94784;2;GPH;GMAG;Titan;MAIN;25
88B94784;4;GPH;EM;Titan;MAIN;26
88B2DAE3;1;GPH;IP;Cerro Lindo;MAIN;65
88B2DAE3;2;GPH;MT;Cerro Lindo;MAIN;65
88B2DAE3;3;GPH;EM;Cerro Lindo;MAIN;66
88B2DAE3;4;GPH;AMAG;Cerro Lindo;MAIN;66
88BEDF8E;1;GPH;GRV;Pigeon River;MAIN;15
88BEDF8E;2;GPH;AMAG;Pigeon River;MAIN;15
88BEDF8E;3;GPH;EM;Pigeon River;MAIN;15
890BC081;1;GPH;RAD;Korella North;MAIN;34
88ECED89;1;GPH;AMAG;Santo Domingo - Iris Norte;MAIN;113
88ECED89;2;GPH;GRV;Santo Domingo - Iris Norte;MAIN;113
88ECED89;3;GPH;IP;Santo Domingo - Iris Norte;MAIN;113
88ECED89;4;GPH;EM;Santo Domingo - Iris Norte;MAIN;113
88ECED89;5;GPH;GMAG;Santo Domingo - Iris Norte;MAIN;113
8912FE01;1;GPH;EM;Main;MAIN;26
8912FE01;2;GPH;GRV;Main;MAIN;26
8912FE01;3;GPH;IP;Main;MAIN;30
892625BE;1;GPH;AMAG;Boyongan;MAIN;30
892625BE;2;GPH;RAD;Boyongan;MAIN;30
893750C7;1;GPH;RAD;Etango;MAIN;57
893750C7;2;GPH;AMAG;Etango;MAIN;57
89477240;1;GPH;AMAG;Eureka Complex;MAIN;35|38
89477240;2;GPH;MT;Eureka Complex;MAIN;47
894FD7EF;1;GPH;EM;McIlvenna Bay;MAIN;63|66|71
894FD7EF;2;GPH;AMAG;McIlvenna Bay;MAIN;64
8968268E;1;GPH;IP;Shan South;MAIN;16
8968268E;2;GPH;AMAG;Shan South;MAIN;20
89585E71;1;GPH;RAD;Red Basin Project;MAIN;21
8985ACA8;1;GPH;GRV;Kennady North Kimberlites;MAIN;35|36|37
89A8D288;1;GPH;AMAG;South Mountain;MAIN;65
89A8D288;2;GPH;RAD;South Mountain;MAIN;65
89A8D288;3;GPH;GRV;South Mountain;MAIN;65
89A8D288;4;GPH;GMAG;South Mountain;MAIN;65
89B0D00E;1;GPH;AMAG;Michelin;MAIN;100
89B0D00E;2;GPH;RAD;Michelin;MAIN;100
89B0D00E;4;GPH;GRV;Michelin;MAIN;101
89B08996;1;GPH;GRV;Seagull Intrusion;MAIN;9|25
89B08996;2;GPH;GMAG;Seagull Intrusion;MAIN;23|24
89B08996;3;GPH;EM;Seagull Intrusion;MAIN;15|23|24
89B08996;4;GPH;IP;Seagull Intrusion;MAIN;24
89B08996;6;GPH;AMAG;Seagull Intrusion;MAIN;24
89DCE2BE;1;GPH;GRV;Muskox Intrusion;MAIN;21|31|39
89DCE2BE;2;GPH;EM;Muskox Intrusion;MAIN;27|28
89DCE2BE;3;GPH;AMAG;Muskox Intrusion;MAIN;32
89EC9C9A;1;GPH;IP;Zone III;MAIN;35
8A0C60BE;1;GPH;GMAG;San Antonio-Gonzalez Zone;MAIN;39|42
8A0C60BE;2;GPH;IP;San Antonio-Gonzalez Zone;MAIN;39|42
8A0C60BE;3;GPH;AMAG;San Antonio-Gonzalez Zone;MAIN;51
8A28E1F6;1;GPH;UNS;Lillefjell;MAIN;14|16
8A510BA6;1;GPH;AMAG;Carswell Project;MAIN;29
8A510BA6;2;GPH;RAD;Carswell Project;MAIN;29
8A510BA6;3;GPH;EM;Carswell Project;MAIN;29|30|33
8A510BA6;4;GPH;GRV;Carswell Project;MAIN;30
8A609D98;1;GPH;AMAG;Mutanga;MAIN;60|63
8A609D98;2;GPH;RAD;Mutanga;MAIN;60
8A609D98;4;GPH;EM;Mutanga;MAIN;63
8A69F53E;1;GPH;GMAG;Aappaluttoq;MAIN;46
8A6A4E8D;1;GPH;GRV;Pigeon River Target;MAIN;15
8A6A4E8D;2;GPH;AMAG;Pigeon River Target;MAIN;15
8A6A4E8D;3;GPH;EM;Pigeon River Target;MAIN;15
8A701106;1;GPH;AMAG;El Chato;MAIN;43
8A701106;2;GPH;GRV;El Chato;MAIN;43
8A701106;3;GPH;IP;El Chato;MAIN;43|45
8A701106;4;GPH;SWIR;El Chato;MAIN;29|37
8A86E774;1;GPH;AMAG;Hopes Advance;MAIN;41|42|44|45
8A86E774;2;GPH;RAD;Hopes Advance;MAIN;41|42|44
8A86E774;3;GPH;GMAG;Hopes Advance;MAIN;45|46
8AA22396;1;GPH;GRV;NSP Claims;MAIN;42|47|48|49
8AA22396;2;GPH;SES;NSP Claims;MAIN;42|43|48|51|53
8AA22396;3;GPH;MT;NSP Claims;MAIN;47|48|54|55
8AB8604D;1;GPH;UNS;Coronel Oviedo;MAIN;23
8AB8604D;2;GPH;SES;Coronel Oviedo;MAIN;23
8AB8604D;3;GPH;RAD;Coronel Oviedo;MAIN;23|30
8AB8604D;6;GPH;GMAG;Coronel Oviedo;MAIN;30
8AB8604D;7;GPH;VLF;Coronel Oviedo;MAIN;30
8AB962E8;1;GPH;UNS;Florence deposit;MAIN;74
8AB962E8;2;GPH;WLOG;Florence deposit;MAIN;74
8ABA96E7;1;GPH;GMAG;Des Zone;MAIN;25
8ABA96E7;2;GPH;VLF;Des Zone;MAIN;25
8ABA96E7;3;GPH;AMAG;Des Zone;MAIN;31
8AC0B80E;1;GPH;RAD;KC Project;MAIN;40
8AC0B80E;2;GPH;SP;KC Project;MAIN;40
8AC0B80E;3;GPH;RES;KC Project;MAIN;40
8ABDC113;1;GPH;RAD;Greenhorn Copper Horizon;MAIN;21
8ABDC113;2;GPH;AMAG;Greenhorn Copper Horizon;MAIN;39
8ABDC113;3;GPH;VLF;Greenhorn Copper Horizon;MAIN;39
8ABDC113;4;GPH;GMAG;Greenhorn Copper Horizon;MAIN;39|52
8ABDC113;5;GPH;EM;Greenhorn Copper Horizon;MAIN;39|52
8ABDC113;6;GPH;IP;Greenhorn Copper Horizon;MAIN;56
8AC1D209;1;GPH;AMAG;Robinson;MAIN;56|59
8AC1D209;2;GPH;IP;Robinson;MAIN;59
8AC4FC46;1;GPH;GMAG;Koocanusa Project;MAIN;34
8AC4FC46;3;GPH;AMAG;Koocanusa Project;MAIN;36
8AD34E3D;1;GPH;GRV;Feitais;MAIN;46
8AE49F7F;1;GPH;GMAG;Songwe Hill;MAIN;83
8AE49F7F;2;GPH;RAD;Songwe Hill;MAIN;83|84
8AE49F7F;3;GPH;GRV;Songwe Hill;MAIN;83|85
8AF38AFA;1;GPH;GRV;Mengapur;MAIN;35
8AF38AFA;2;GPH;GMAG;Mengapur;MAIN;35
8AF38AFA;3;GPH;EM;Mengapur;MAIN;35
8AF777D2;1;GPH;RAD;Laguna Salada Project;MAIN;34|35
8AF777D2;2;GPH;WLOG;Laguna Salada Project;MAIN;43
8B1B7D47;1;GPH;EM;Molo;MAIN;74|82|94|95
8B1B7D47;3;GPH;AMAG;Molo;MAIN;82
8B113499;1;GPH;GMAG;Georgia Lake Pegmatites;MAIN;93
8B113499;2;GPH;VLF;Georgia Lake Pegmatites;MAIN;93
8B113499;3;GPH;RAD;Georgia Lake Pegmatites;MAIN;93
8B22C5CE;1;GPH;GRV;Clayton Valley;MAIN;58
8B22C5CE;2;GPH;SES;Clayton Valley;MAIN;58
8B289B70;1;GPH;AMAG;Kuriskova;MAIN;44
8B289B70;2;GPH;RAD;Kuriskova;MAIN;44
8B337C2D;1;GPH;AMAG;Rendell-Jackman;MAIN;37|38
8B337C2D;3;GPH;VLF;Rendell-Jackman;MAIN;37|38|42
8B337C2D;5;GPH;EM;Rendell-Jackman;MAIN;38|42|43|44
8B337C2D;8;GPH;GMAG;Rendell-Jackman;MAIN;40|41
8B337C2D;11;GPH;IP;Rendell-Jackman;MAIN;45|48
8B521C09;1;GPH;EM;Crean Hill;MAIN;51|52|54
8B521C09;2;GPH;IP;Crean Hill;MAIN;52
8B521C09;3;GPH;GRV;Crean Hill;MAIN;54
8B5A162F;1;GPH;IP;Peuco;MAIN;106
8B5A162F;2;GPH;RAD;Peuco;MAIN;106
8B5A162F;3;GPH;AMAG;Peuco;MAIN;106
8B5A162F;4;GPH;GMAG;Peuco;MAIN;106
8B886E10;1;GPH;GMAG;Central Zone;MAIN;61
8B886E10;2;GPH;RAD;Central Zone;MAIN;61
8B8B569B;1;GPH;AMAG;Hopes Advance;MAIN;61|62|64|65|66|67
8B8B569B;2;GPH;RAD;Hopes Advance;MAIN;61|62|64
8B8B569B;3;GPH;GMAG;Hopes Advance;MAIN;65
8B8B569B;4;GPH;VLF;Hopes Advance;MAIN;67
8BC8B1CD;1;GPH;AMAG;Sase;MAIN;25|26
8BC8B1CD;2;GPH;RAD;Sase;MAIN;26
8BD23F2D;1;GPH;GMAG;Shymanivske;MAIN;102
8BD23F2D;2;GPH;GRV;Shymanivske;MAIN;102|103
8BCB1F79;1;GPH;EM;Sentinel;MAIN;39|41
8BCB1F79;2;GPH;AMAG;Sentinel;MAIN;39|41
8BCB1F79;4;GPH;RAD;Sentinel;MAIN;41
8BCB1F79;5;GPH;MT;Sentinel;MAIN;42
8C020B41;1;GPH;GMAG;Kombat Mine;MAIN;79
8C020B41;2;GPH;AMAG;Kombat Mine;MAIN;79
8C020B41;3;GPH;IP;Kombat Mine;MAIN;79
8C020B41;4;GPH;SES;Kombat Mine;MAIN;79
8C2665C4;1;GPH;AMAG;Buena Vista;MAIN;60|61|62
8C2665C4;2;GPH;GMAG;Buena Vista;MAIN;60|61|62
8C2665C4;3;GPH;GRV;Buena Vista;MAIN;62
8C2665C4;4;GPH;SES;Buena Vista;MAIN;61
8C29196E;1;GPH;UNS;Poplar Deposit;MAIN;50
8C2B1053;1;GPH;EM;Dumont;MAIN;101|102
8C2B1053;2;GPH;AMAG;Dumont;MAIN;101
8C32276F;1;GPH;AMAG;Kamoa-Kakula;MAIN;144|145
8C32276F;2;GPH;RAD;Kamoa-Kakula;MAIN;144|145
8C32276F;3;GPH;EM;Kamoa-Kakula;MAIN;145
8C32276F;4;GPH;IP;Kamoa-Kakula;MAIN;145
8C32276F;5;GPH;RES;Kamoa-Kakula;MAIN;145
8C32276F;6;GPH;GMAG;Kamoa-Kakula;MAIN;145
8C32276F;7;GPH;GRV;Kamoa-Kakula;MAIN;145
8C32276F;8;GPH;SES;Kamoa-Kakula;MAIN;145
8C32276F;11;GPH;WLOG;Kamoa-Kakula;MAIN;145
8C6C120D;1;GPH;WLOG;Belcourt North;MAIN;51
8C81362A;1;GPH;RES;Canyon;MAIN;42
8C81362A;2;GPH;VLF;Canyon;MAIN;42
8C81362A;3;GPH;EM;Canyon;MAIN;42
8C967BE3;1;GPH;AMAG;Kio;MAIN;73|74
8C967BE3;2;GPH;RAD;Kio;MAIN;73|75
8C967BE3;4;GPH;IP;Kio;MAIN;64
8C98D441;1;GPH;AMAG;Yandera;MAIN;52|55
8C98D441;2;GPH;RAD;Yandera;MAIN;55
8C98D441;3;GPH;IP;Yandera;MAIN;52
8CD6D0E4;1;GPH;AMAG;Lake St. Joseph;MAIN;41|48
8CD6D0E4;2;GPH;GMAG;Lake St. Joseph;MAIN;62|64
8CD6D0E4;3;GPH;GRV;Lake St. Joseph;MAIN;64
8CDAB166;1;GPH;IP;Vista;MAIN;55
8CFC003E;1;GPH;AMAG;Graal;MAIN;32
8CFC003E;2;GPH;GRV;Graal;MAIN;32
8CFC003E;3;GPH;EM;Graal;MAIN;32
8D13ADA8;1;GPH;GRV;Murray Brook;MAIN;24
8D13ADA8;2;GPH;EM;Murray Brook;MAIN;24
8D13ADA8;3;GPH;IP;Murray Brook;MAIN;24
8D13ADA8;4;GPH;MT;Murray Brook;MAIN;24
8D1017CE;1;GPH;GMAG;Little Eva;MAIN;30|125
8D1017CE;2;GPH;AMAG;Little Eva;MAIN;30|125
8D1017CE;3;GPH;GRV;Little Eva;MAIN;30|125
8D1017CE;4;GPH;IP;Little Eva;MAIN;30|125
8D3D89B3;1;GPH;IP;Berta Sur;MAIN;87
8D3D89B3;2;GPH;GMAG;Berta Sur;MAIN;87
8D6AED66;1;GPH;GMAG;FAD;MAIN;98
8DA75A37;1;GPH;AMAG;Kamoa;MAIN;99|100
8DA75A37;2;GPH;RAD;Kamoa;MAIN;99|100
8DA75A37;5;GPH;EM;Kamoa;MAIN;100
8DA75A37;6;GPH;GMAG;Kamoa;MAIN;100
8DAA1E61;1;GPH;EM;Bar Property;MAIN;20|21
8DAA1E61;2;GPH;AMAG;Bar Property;MAIN;21
8DB42732;1;GPH;AMAG;Luanshya West;MAIN;28|38|39
8DB42732;3;GPH;RAD;Luanshya West;MAIN;38|39
8DB45DF8;1;GPH;IP;Mantoverde;MAIN;73
8DB45DF8;2;GPH;RES;Mantoverde;MAIN;73
8DB45DF8;3;GPH;MT;Mantoverde;MAIN;73
8DB45DF8;4;GPH;GRV;Mantoverde;MAIN;73
8DB45DF8;5;GPH;GMAG;Mantoverde;MAIN;73
8DB45DF8;6;GPH;AMAG;Mantoverde;MAIN;73|74
8DB45DF8;7;GPH;EM;Mantoverde;MAIN;75
8DEF7839;1;GPH;IP;Haquira East;MAIN;130|134
8DEF7839;2;GPH;RES;Haquira East;MAIN;130
8DEF7839;3;GPH;GMAG;Haquira East;MAIN;130
8DF5354C;1;GPH;AMAG;Eagle's Nest;MAIN;55|56|57
8DF5354C;2;GPH;EM;Eagle's Nest;MAIN;55|56|57
8DF5354C;3;GPH;GRV;Eagle's Nest;MAIN;55|56|59
8DF5354C;4;GPH;VLF;Eagle's Nest;MAIN;57|59
8DF5354C;5;GPH;GMAG;Eagle's Nest;MAIN;56|57|58|59
8DF5354C;6;GPH;IP;Eagle's Nest;MAIN;58|60|61
8DF5354C;7;GPH;RES;Eagle's Nest;MAIN;58|60|61
8DEA59C0;1;GPH;IP;Oropesa;MAIN;82
8DEA59C0;2;GPH;RES;Oropesa;MAIN;82
8DEA59C0;3;GPH;GMAG;Oropesa;MAIN;82
8DEA59C0;4;GPH;EM;Oropesa;MAIN;82
8DEA59C0;5;GPH;AMAG;Oropesa;MAIN;82
8DF8BAB0;1;GPH;AMAG;Mt. Milligan;MAIN;69
8DF8BAB0;2;GPH;EM;Mt. Milligan;MAIN;69
8DF8BAB0;3;GPH;IP;Mt. Milligan;MAIN;69
8E1849D0;1;GPH;IP;Main Zone;MAIN;65
8E2ABCA4;1;GPH;UNS;Hill 1835;MAIN;27
8E2ABCA4;2;GPH;IP;Hill 1835;MAIN;27|48
8E2ABCA4;3;GPH;AMAG;Hill 1835;MAIN;31|40|49
8E2ABCA4;4;GPH;EM;Hill 1835;MAIN;40
8E535E18;1;GPH;IP;Southeast Zone;MAIN;34|42|43
8E535E18;2;GPH;GMAG;Southeast Zone;MAIN;46
8E535E18;3;GPH;AMAG;Southeast Zone;MAIN;48
8E535E18;4;GPH;RAD;Southeast Zone;MAIN;48
8E535E18;5;GPH;GRV;Southeast Zone;MAIN;48
8E40BB7F;1;GPH;RAD;Gurvanbulag;MAIN;49|50
8E40BB7F;2;GPH;GMAG;Gurvanbulag;MAIN;49|51
8E567A46;1;GPH;UNS;Expo Deposit;MAIN;111
8E7CB2FD;1;GPH;GMAG;Taron;MAIN;56
8E812974;1;GPH;GMAG;Peppler Lake Deposit;MAIN;54
8E812974;5;GPH;GRV;Peppler Lake Deposit;MAIN;56
8E9B0B1F;1;GPH;UNS;Johnny Lee;MAIN;60
8EA3DA0C;1;GPH;AMAG;Misery Lake;MAIN;37
8EA3DA0C;2;GPH;RAD;Misery Lake;MAIN;37
8EA3DA0C;3;GPH;GMAG;Misery Lake;MAIN;43|45|50
8EA3DA0C;6;GPH;WLOG;Misery Lake;MAIN;57
8EBC93F9;1;GPH;MT;Hombre Muerto Norte;MAIN;55|62|63
8EC5A19F;1;GPH;AMAG;Allard;MAIN;57|58
8EC5A19F;2;GPH;EM;Allard;MAIN;57|58
8EC5A19F;3;GPH;IP;Allard;MAIN;60|61|62|63
8F0CCE06;1;GPH;RAD;Hosta Butte;MAIN;13
8F0CCE06;2;GPH;RES;Hosta Butte;MAIN;13
8F2CB4A2;1;GPH;GMAG;MacVicar Lake;MAIN;11|18
8F2CB4A2;2;GPH;EM;MacVicar Lake;MAIN;18
8F2CB4A2;3;GPH;AMAG;MacVicar Lake;MAIN;18
8F14211D;1;GPH;EM;Carpenter Lake Property;MAIN;53
8F14211D;2;GPH;AMAG;Carpenter Lake Property;MAIN;53
8F14211D;3;GPH;RAD;Carpenter Lake Property;MAIN;63
8F310A15;1;GPH;EM;Lac-des-Îles Graphite Quarry;MAIN;64
8F308DC2;1;GPH;RAD;Kuriskova;MAIN;59
8F308DC2;2;GPH;AMAG;Kuriskova;MAIN;59
8F3FA1C8;1;GPH;IP;Pine Point;MAIN;71|72|75
8F3FA1C8;2;GPH;SES;Pine Point;MAIN;71
8F3FA1C8;3;GPH;GRV;Pine Point;MAIN;71
8F3FA1C8;4;GPH;EM;Pine Point;MAIN;72|73
8F3FA1C8;5;GPH;AMAG;Pine Point;MAIN;72|73
8F4DE0F3;1;GPH;EM;Chu Chua;MAIN;25|26
8F4DE0F3;2;GPH;AMAG;Chu Chua;MAIN;25|26
8F5D77AB;1;GPH;IP;Nantianmen;MAIN;18
8F5D77AB;2;GPH;GMAG;Nantianmen;MAIN;18
8F6658B5;1;GPH;AMAG;Platreef;MAIN;172
8F6658B5;2;GPH;GRV;Platreef;MAIN;172
8F6658B5;3;GPH;SP;Platreef;MAIN;172
8F6658B5;4;GPH;RES;Platreef;MAIN;172
8F6658B5;5;GPH;IP;Platreef;MAIN;172
8F6658B5;6;GPH;SES;Platreef;MAIN;172
8F8AD2D3;1;GPH;GMAG;Constancia;MAIN;37
8F8AD2D3;2;GPH;IP;Constancia;MAIN;37
8F84439E;1;GPH;IP;San Pietro;MAIN;61|62|63
8F84439E;2;GPH;GMAG;San Pietro;MAIN;61|65
8F84439E;3;GPH;GRV;San Pietro;MAIN;61
8F84439E;4;GPH;EM;San Pietro;MAIN;61
8FA85915;1;GPH;EM;Hodgson Project;MAIN;28
8FA85915;2;GPH;AMAG;Hodgson Project;MAIN;28
8FA85915;3;GPH;MT;Hodgson Project;MAIN;38
8FA85915;4;GPH;SWIR;Hodgson Project;MAIN;19|21
8FD8A16F;1;GPH;GMAG;Rio Grande;MAIN;20|46|50
8FD8A16F;2;GPH;IP;Rio Grande;MAIN;20|39|49
90061087;1;GPH;AMAG;Mont Sorcier;MAIN;44|51
90061087;2;GPH;GMAG;Mont Sorcier;MAIN;51
900C9AAA;1;GPH;RAD;Wigu Hill;MAIN;64|65
900DF343;1;GPH;AMAG;Anomaly A;MAIN;55|56|59
900DF343;2;GPH;RES;Anomaly A;MAIN;70|71|73|74
900DF343;3;GPH;IP;Anomaly A;MAIN;70
900DF343;6;GPH;WLOG;Anomaly A;MAIN;68
9025088E;1;GPH;GRV;Zara Property;MAIN;15
9025088E;2;GPH;AMAG;Zara Property;MAIN;15
9025088E;3;GPH;EM;Zara Property;MAIN;15
902D81DD;1;GPH;AMAG;Sokoman Formation;MAIN;29
9039CFE9;1;GPH;AMAG;Lac Doré Vanadium Deposit;MAIN;65|66
9039CFE9;2;GPH;GMAG;Lac Doré Vanadium Deposit;MAIN;65|77
9039CFE9;3;GPH;EM;Lac Doré Vanadium Deposit;MAIN;69
9039CFE9;4;GPH;GRV;Lac Doré Vanadium Deposit;MAIN;69
90429412;1;GPH;GMAG;Samalayuca;MAIN;35
9046A7E4;1;GPH;EM;Dumont;MAIN;99|103
9046A7E4;2;GPH;AMAG;Dumont;MAIN;103
905898D4;1;GPH;IP;Hugo North Extension;MAIN;162
905898D4;2;GPH;GMAG;Hugo North Extension;MAIN;162
905898D4;3;GPH;MT;Hugo North Extension;MAIN;163
905898D4;4;GPH;SES;Hugo North Extension;MAIN;160
9083ED04;1;GPH;EM;Salar de Pastos Grandes;MAIN;65|67
9083ED04;2;GPH;RES;Salar de Pastos Grandes;MAIN;65|68|74
9083ED04;3;GPH;MT;Salar de Pastos Grandes;MAIN;70
9083ED04;4;GPH;SES;Salar de Pastos Grandes;MAIN;77
90AB0487;1;GPH;IP;Bienaventurada;MAIN;79|80
90AB0487;2;GPH;GMAG;Bienaventurada;MAIN;79|80
90E3F979;1;GPH;GMAG;Pumpkin Hollow Project;MAIN;97
90E3F979;2;GPH;IP;Pumpkin Hollow Project;MAIN;97
90FEEAD1;1;GPH;AMAG;Crawford Ultramafic Complex;MAIN;79
90FEEAD1;2;GPH;EM;Crawford Ultramafic Complex;MAIN;79
90FEEAD1;3;GPH;GRV;Crawford Ultramafic Complex;MAIN;79
911617DD;1;GPH;AMAG;Silves Formation;MAIN;18
911617DD;2;GPH;SES;Silves Formation;MAIN;18
911526DD;1;GPH;AMAG;UG2 Reef;MAIN;54|63|66|67
9119035C;1;GPH;AMAG;Fond Du Lac Deposit;MAIN;36
9119035C;2;GPH;RAD;Fond Du Lac Deposit;MAIN;36
9119035C;3;GPH;VLF;Fond Du Lac Deposit;MAIN;36
9119035C;4;GPH;GRV;Fond Du Lac Deposit;MAIN;35|40
9119035C;5;GPH;RES;Fond Du Lac Deposit;MAIN;35|42
9119035C;6;GPH;IP;Fond Du Lac Deposit;MAIN;35|42
9119035C;7;GPH;EM;Fond Du Lac Deposit;MAIN;35
9119035C;8;GPH;SWIR;Fond Du Lac Deposit;MAIN;48
9152FFAE;3;GPH;EM;Okanjande;MAIN;106
9152FFAE;4;GPH;AMAG;Okanjande;MAIN;106
915DA2A8;1;GPH;AMAG;Ruby Mineralization;MAIN;36
915DA2A8;2;GPH;RAD;Ruby Mineralization;MAIN;36|37
918B66FA;1;GPH;RES;3Q Salt flat Complex;MAIN;70|71|73
9190D3B4;1;GPH;GPR;Mayaniquel Project;MAIN;48
91A8F1BC;1;GPH;AMAG;Whistler;MAIN;32|41
91A8F1BC;2;GPH;RAD;Whistler;MAIN;40|41
91A8F1BC;3;GPH;IP;Whistler;MAIN;40
91B24DC3;1;GPH;WLOG;Ashram;MAIN;80
91B84A82;1;GPH;VLF;Ruby Creek;MAIN;21
91AC5627;1;GPH;IP;Mount Milligan;MAIN;84|85
91AC5627;2;GPH;GMAG;Mount Milligan;MAIN;84
91AC5627;3;GPH;AMAG;Mount Milligan;MAIN;85
91AC5627;4;GPH;MT;Mount Milligan;MAIN;86
91AC5627;5;GPH;EM;Mount Milligan;MAIN;86
91BA5FEE;1;GPH;EM;New Afton;MAIN;51
91BA5FEE;2;GPH;MT;New Afton;MAIN;51
91BA5FEE;3;GPH;IP;New Afton;MAIN;51
91CF5A7B;1;GPH;AMAG;Azulitas;MAIN;32
91CF5A7B;2;GPH;UNS;Azulitas;MAIN;32
91E5C5EC;1;GPH;UNS;NorthMet Deposit;MAIN;53
91E5C5EC;2;GPH;RES;NorthMet Deposit;MAIN;53|54
91E5C5EC;3;GPH;IP;NorthMet Deposit;MAIN;54
91E5C5EC;4;GPH;SP;NorthMet Deposit;MAIN;54
91E5C5EC;5;GPH;RAD;NorthMet Deposit;MAIN;54
91E5C5EC;6;GPH;GMAG;NorthMet Deposit;MAIN;54
91FF1092;2;GPH;GRV;James Deposit;MAIN;75|76|77
91FF1092;3;GPH;AMAG;James Deposit;MAIN;75|77
920AAEFC;1;GPH;IP;Relincho;MAIN;48
92258741;1;GPH;IP;Gjegjan Deposit;MAIN;36
9228D396;1;GPH;AMAG;Mount Sarah anomaly;MAIN;62|64
9228D396;2;GPH;GRV;Mount Sarah anomaly;MAIN;62|66|69
9228D396;4;GPH;EM;Mount Sarah anomaly;MAIN;62
923ED357;1;GPH;EM;West Zone;MAIN;93|94|96|98
923ED357;2;GPH;AMAG;West Zone;MAIN;93|96
924158AD;1;GPH;AMAG;Carbonatite Dike;MAIN;13
925A0F99;2;GPH;AMAG;Koala;MAIN;127|128
925A0F99;3;GPH;EM;Koala;MAIN;127|128|129
925A0F99;4;GPH;VLF;Koala;MAIN;127|128
925A0F99;5;GPH;GRV;Koala;MAIN;128|129
925A0F99;6;GPH;GMAG;Koala;MAIN;129
925A0F99;7;GPH;GPR;Koala;MAIN;129
925A0F99;9;GPH;SES;Koala;MAIN;129
9260A34E;1;GPH;AMAG;Hopes Advance;MAIN;54|55|57|58|60
9260A34E;2;GPH;RAD;Hopes Advance;MAIN;54|55|57
9260A34E;3;GPH;GMAG;Hopes Advance;MAIN;58
9260A34E;4;GPH;VLF;Hopes Advance;MAIN;60
926903F3;1;GPH;IP;Chu;MAIN;18
9265F01A;1;GPH;GMAG;A Zone;MAIN;72|74
9265F01A;2;GPH;IP;A Zone;MAIN;72|76|80
9265F01A;3;GPH;VLF;A Zone;MAIN;72|74|76
9265F01A;4;GPH;AMAG;A Zone;MAIN;72|74
9265F01A;5;GPH;EM;A Zone;MAIN;72|74
9288C303;1;GPH;RAD;Red Rim;MAIN;27
929B3CD7;1;GPH;EM;Teasdale Deposit;MAIN;78
929B3CD7;2;GPH;AMAG;Teasdale Deposit;MAIN;78
929B3CD7;3;GPH;IP;Teasdale Deposit;MAIN;78
92A0311B;1;GPH;SES;Allan;MAIN;17|18
92BA41CB;1;GPH;AMAG;Koper Lake Chromite Zone;MAIN;21|22
92BA41CB;2;GPH;EM;Koper Lake Chromite Zone;MAIN;21|22
92BA41CB;3;GPH;GMAG;Koper Lake Chromite Zone;MAIN;22|24
92BA41CB;6;GPH;IP;Koper Lake Chromite Zone;MAIN;24
92BA41CB;7;GPH;GRV;Koper Lake Chromite Zone;MAIN;24
92F192D2;1;GPH;GMAG;McWatters;MAIN;38
92F192D2;2;GPH;EM;McWatters;MAIN;47
92E514C6;1;GPH;AMAG;Tamarack North Project;MAIN;87|88|89|90|91
92E514C6;2;GPH;EM;Tamarack North Project;MAIN;87|88|89|90|91|92
92E514C6;3;GPH;GMAG;Tamarack North Project;MAIN;87
92E514C6;4;GPH;IP;Tamarack North Project;MAIN;87|88|91
92E514C6;5;GPH;GRV;Tamarack North Project;MAIN;87|88|92|93|94|95
92E514C6;6;GPH;SES;Tamarack North Project;MAIN;87|88|95
92E514C6;7;GPH;RES;Tamarack North Project;MAIN;87|88|91
92E514C6;8;GPH;MT;Tamarack North Project;MAIN;87|88|91|96
9339153A;1;GPH;RAD;Anomaly A/Oshiveli/Onkelo;MAIN;41|42
9339153A;2;GPH;AMAG;Anomaly A/Oshiveli/Onkelo;MAIN;41
9339153A;7;GPH;EM;Anomaly A/Oshiveli/Onkelo;MAIN;44
93446E5D;1;GPH;EM;Arctic Deposit;MAIN;72|80
93446E5D;2;GPH;SWIR;Arctic Deposit;MAIN;65|72|82
93693143;1;GPH;AMAG;Fire Lake North;MAIN;110|111|122
93626B41;1;GPH;MT;Ann Mason;MAIN;92|103
93626B41;2;GPH;IP;Ann Mason;MAIN;92|102|103
93626B41;3;GPH;AMAG;Ann Mason;MAIN;99|100|101
93626B41;4;GPH;EM;Ann Mason;MAIN;99|100
9371D065;1;GPH;EM;Horseshoe;MAIN;92|93
9371D065;2;GPH;RAD;Horseshoe;MAIN;92
9371D065;3;GPH;AMAG;Horseshoe;MAIN;92|93
9371D065;4;GPH;IP;Horseshoe;MAIN;93
938CB428;1;GPH;RES;Salar de Tolillar;MAIN;69
937C96CD;1;GPH;EM;Iron Creek;MAIN;46
93B194B5;1;GPH;IP;Oropesa;MAIN;29|31|33
93B194B5;2;GPH;GMAG;Oropesa;MAIN;29|31|33|35
93B194B5;3;GPH;AMAG;Oropesa;MAIN;29|30|35
93B194B5;4;GPH;VLF;Oropesa;MAIN;29|30|31
93B194B5;5;GPH;EM;Oropesa;MAIN;30|35
93B475E6;1;GPH;RAD;Stage I Lens;MAIN;40
93E92C3D;1;GPH;GMAG;Mckenzie Deposit;MAIN;54|55
93E92C3D;2;GPH;EM;Mckenzie Deposit;MAIN;55
93DD1DD0;1;GPH;EM;Palmer Deposit;MAIN;66|67|71|72
94022AB2;1;GPH;SES;Mengo;MAIN;52|53
94022AB2;3;GPH;UNS;Mengo;MAIN;38
9409E021;1;GPH;SES;Bashaw District;MAIN;30|45
9409E021;2;GPH;AMAG;Bashaw District;MAIN;40
9409E021;3;GPH;GRV;Bashaw District;MAIN;40
941FE235;1;GPH;EM;Main deposit;MAIN;51
941FE235;2;GPH;GRV;Main deposit;MAIN;51
941FE235;3;GPH;IP;Main deposit;MAIN;54
942275D0;1;GPH;AMAG;Nechalacho;MAIN;58
942D6189;1;GPH;GMAG;Magistral Deposits;MAIN;143|144
942D6189;2;GPH;IP;Magistral Deposits;MAIN;143|145
942D6189;3;GPH;GRV;Magistral Deposits;MAIN;143|145
942D6189;4;GPH;EM;Magistral Deposits;MAIN;143|146|147
942D6189;5;GPH;MT;Magistral Deposits;MAIN;143|146
944664F6;1;GPH;GPR;Mayaniquel deposits;MAIN;29
944A3632;1;GPH;IP;Okohongo;MAIN;36
945CEB62;1;GPH;WLOG;Duperow Formation Brine;MAIN;37
946A2018;1;GPH;WLOG;Jiancang Mining Area;MAIN;22
9477CA4C;1;GPH;IP;CV5 and CV13;MAIN;145|148
9477CA4C;2;GPH;AMAG;CV5 and CV13;MAIN;145|148|149
9477CA4C;7;GPH;GMAG;CV5 and CV13;MAIN;148
9477CA4C;8;GPH;GRV;CV5 and CV13;MAIN;148
9477CA4C;10;GPH;RAD;CV5 and CV13;MAIN;148|149
94AFCE50;1;GPH;GRV;McGee Project;MAIN;15
94B096A2;1;GPH;GMAG;Craigmont;MAIN;52|53
94B096A2;2;GPH;IP;Craigmont;MAIN;52|53
94B096A2;3;GPH;AMAG;Craigmont;MAIN;55
94B096A2;4;GPH;RAD;Craigmont;MAIN;55
94C383D1;1;GPH;VLF;Sterling Mine;MAIN;12
94C5EB09;1;GPH;GMAG;Gulcari A;MAIN;62|63
94C5EB09;2;GPH;IP;Gulcari A;MAIN;62|63
94C5EB09;3;GPH;VLF;Gulcari A;MAIN;63
94CE62F6;1;GPH;EM;Molo;MAIN;103|113|114
94CE62F6;2;GPH;AMAG;Molo;MAIN;103
952643B6;2;GPH;GRV;Houston;MAIN;49
952643B6;3;GPH;AMAG;Houston;MAIN;49
952C9AE7;1;GPH;SES;Vanscoy;MAIN;17
954FD362;1;GPH;GMAG;Whabouchi;MAIN;92
954FD362;2;GPH;AMAG;Whabouchi;MAIN;92
9564257F;1;GPH;EM;McArthur River deposit;MAIN;65|66|68|69
9564257F;2;GPH;AMAG;McArthur River deposit;MAIN;65|66|68
9564257F;3;GPH;RES;McArthur River deposit;MAIN;65|67|68|69
9564257F;4;GPH;GRV;McArthur River deposit;MAIN;65|66|68
9564257F;5;GPH;MT;McArthur River deposit;MAIN;65|68
9564257F;6;GPH;SES;McArthur River deposit;MAIN;66
9564257F;7;GPH;VLF;McArthur River deposit;MAIN;66|68
95754680;1;GPH;RAD;Coles Hill;MAIN;43
95C72E1F;1;GPH;EM;Cumpié Sector;MAIN;25
95C72E1F;2;GPH;AMAG;Cumpié Sector;MAIN;25
95D351BF;1;GPH;EM;Lac Guéret;MAIN;61
95D351BF;2;GPH;AMAG;Lac Guéret;MAIN;61
95DEFEFF;1;GPH;GMAG;Mc Watters;MAIN;36
95DEFEFF;2;GPH;EM;Mc Watters;MAIN;45
95ED6F93;1;GPH;EM;Redstone;MAIN;41
95ED6F93;2;GPH;GMAG;Redstone;MAIN;41
95ED6F93;3;GPH;AMAG;Redstone;MAIN;41|42
95F4861E;1;GPH;RAD;Goanikontes;MAIN;38|39
95F4861E;2;GPH;AMAG;Goanikontes;MAIN;38
95F5DEA7;1;GPH;WLOG;Charlie Project;MAIN;40
95F5DEA7;2;GPH;SP;Charlie Project;MAIN;40
95F5DEA7;3;GPH;RES;Charlie Project;MAIN;40
95FD0082;1;GPH;RAD;Blair Property;MAIN;52|53
95FD0082;2;GPH;RES;Blair Property;MAIN;53
95F760E6;1;GPH;IP;Southeast Zone;MAIN;30|41|42
95F760E6;2;GPH;GMAG;Southeast Zone;MAIN;41|43|46
95F760E6;3;GPH;AMAG;Southeast Zone;MAIN;46
95F760E6;4;GPH;RAD;Southeast Zone;MAIN;46|49
95F760E6;5;GPH;GRV;Southeast Zone;MAIN;49
96286F7C;1;GPH;WLOG;Deep Gold;MAIN;43|44|46
963853B7;1;GPH;IP;Yanapallaca;MAIN;43
964C751B;1;GPH;AMAG;Spielers Bore lamproite;MAIN;18
9660A2EE;1;GPH;WLOG;Kindersley Lithium Project;MAIN;86|87|90|94
9684E2F4;1;GPH;IP;Norte Zone;MAIN;59
9684E2F4;2;GPH;RES;Norte Zone;MAIN;59
9684E2F4;3;GPH;GMAG;Norte Zone;MAIN;59
9684E2F4;4;GPH;SWIR;Norte Zone;MAIN;56
9685645D;3;GPH;GMAG;Agata Nickel Laterite Project;MAIN;32|38
9685645D;4;GPH;IP;Agata Nickel Laterite Project;MAIN;32|40|41
96751119;1;GPH;AMAG;Xcite Project;MAIN;76|83|85
96751119;2;GPH;RAD;Xcite Project;MAIN;76|83
96751119;3;GPH;EM;Xcite Project;MAIN;76|83|85
96751119;4;GPH;GRV;Xcite Project;MAIN;85
96751119;5;GPH;RES;Xcite Project;MAIN;85
968A173D;1;GPH;RAD;Crownpoint;MAIN;11|13
968A173D;2;GPH;RES;Crownpoint;MAIN;11|13
968ADC48;1;GPH;RAD;Stage 1 Lens;MAIN;63
968ADC48;3;GPH;UNS;Stage 1 Lens;MAIN;63
9695C618;1;GPH;GRV;Mengapur;MAIN;54
9695C618;2;GPH;GMAG;Mengapur;MAIN;54
9695C618;3;GPH;EM;Mengapur;MAIN;54
96B15845;1;GPH;IP;Aranzazu;MAIN;52|54|55
96B68B63;1;GPH;EM;Nakalakwana Hill;MAIN;64
96B68B63;2;GPH;RAD;Nakalakwana Hill;MAIN;64
96B68B63;3;GPH;IP;Nakalakwana Hill;MAIN;64
96D12B5D;1;GPH;RAD;Sheep Mountain;MAIN;25|34
96EB15AB;1;GPH;EM;Umingmak;MAIN;38|39|49
96EB15AB;2;GPH;AMAG;Umingmak;MAIN;38|39|49|50|51
96EB15AB;6;GPH;GMAG;Umingmak;MAIN;38|51
970C4186;1;GPH;IP;Sackville;MAIN;22
970C4186;2;GPH;AMAG;Sackville;MAIN;18
970C4186;3;GPH;EM;Sackville;MAIN;18
9715D04A;1;GPH;AMAG;Elk Creek Carbonatite;MAIN;108|109|124|126
9715D04A;2;GPH;GRV;Elk Creek Carbonatite;MAIN;124|126
9715D04A;3;GPH;WLOG;Elk Creek Carbonatite;MAIN;116
9736FBC7;1;GPH;IP;Kaukua;MAIN;50|51
9736FBC7;2;GPH;AMAG;Kaukua;MAIN;43|50|51
9736FBC7;3;GPH;GRV;Kaukua;MAIN;42
9737842F;1;GPH;UNS;Silver King North;MAIN;20
975CEB73;1;GPH;UNS;A Zone Deposit;MAIN;91|93
97536F3B;1;GPH;AMAG;CAP Property;MAIN;24
97536F3B;2;GPH;RAD;CAP Property;MAIN;24
976A0D75;1;GPH;SES;Cory;MAIN;16
976A0D75;2;GPH;UNS;Cory;MAIN;18
977313E5;1;GPH;AMAG;Carruthers Pass;MAIN;22|23
977326A0;1;GPH;EM;Walker Mine;MAIN;13|21
977326A0;2;GPH;AMAG;Walker Mine;MAIN;13
977326A0;3;GPH;VLF;Walker Mine;MAIN;13
97B904D1;1;GPH;RAD;Sheep Mountain Project;MAIN;39
97B904D1;3;GPH;AMAG;Sheep Mountain Project;MAIN;39
97B904D1;4;GPH;GRV;Sheep Mountain Project;MAIN;39
9796180C;1;GPH;IP;Cañariaco Norte;MAIN;99
9796180C;2;GPH;GMAG;Cañariaco Norte;MAIN;99
97EC8E2A;1;GPH;GRV;Bristol Lake;MAIN;35
97C53BB2;1;GPH;AMAG;Toe;MAIN;25
97C53BB2;2;GPH;RAD;Toe;MAIN;25
97C53BB2;3;GPH;IP;Toe;MAIN;25
9827F0F3;1;GPH;IP;Millington;MAIN;70
982A2417;1;GPH;GMAG;S-1 Deposit;MAIN;27
9855DE5D;1;GPH;AMAG;Malo lake uranium occurrence;MAIN;35
9855DE5D;2;GPH;RAD;Malo lake uranium occurrence;MAIN;35
9855DE5D;3;GPH;VLF;Malo lake uranium occurrence;MAIN;35
9884B392;1;GPH;EM;Lac Pauline;MAIN;26
9884B392;2;GPH;AMAG;Lac Pauline;MAIN;27
986E118B;1;GPH;AMAG;Wernecke Project;MAIN;7|36
986E118B;2;GPH;RAD;Wernecke Project;MAIN;7|36|37
986E118B;3;GPH;GRV;Wernecke Project;MAIN;7|36
986E118B;4;GPH;GMAG;Wernecke Project;MAIN;36|37
986E118B;5;GPH;IP;Wernecke Project;MAIN;36
986E118B;6;GPH;UNS;Wernecke Project;MAIN;7
98A747CD;1;GPH;WLOG;Hampden Property;MAIN;78
98DD982A;1;GPH;GMAG;Claim 4271029;MAIN;33
98DD982A;2;GPH;VLF;Claim 4271029;MAIN;33
98C3F915;1;GPH;GMAG;Redonda;MAIN;47
98C3F915;2;GPH;RAD;Redonda;MAIN;47|63|65
98C3F915;3;GPH;AMAG;Redonda;MAIN;63|65
98CE236F;1;GPH;IP;RH Zone;MAIN;41
98FF97C1;3;GPH;GMAG;Cerro Ccopane-Orcopura;MAIN;14
98FF97C1;4;GPH;GRV;Cerro Ccopane-Orcopura;MAIN;14
99141E60;1;GPH;IP;Madison;MAIN;51|53
99141E60;2;GPH;GMAG;Madison;MAIN;51|57
99141E60;3;GPH;MALM;Madison;MAIN;58
9919A055;1;GPH;VLF;Carmacks Copper deposit;MAIN;46
9919A055;2;GPH;GMAG;Carmacks Copper deposit;MAIN;46
9920E33F;1;GPH;GRV;Ming Mine;MAIN;66
9920E33F;2;GPH;EM;Ming Mine;MAIN;66
99238A20;1;GPH;EM;ESM;MAIN;95
9925AF12;2;GPH;AMAG;Koala;MAIN;132|133
9925AF12;3;GPH;EM;Koala;MAIN;132|133|134
9925AF12;4;GPH;VLF;Koala;MAIN;132|133
9925AF12;5;GPH;GRV;Koala;MAIN;133|134
9925AF12;6;GPH;GMAG;Koala;MAIN;134
9925AF12;8;GPH;SES;Koala;MAIN;134
9925AF12;9;GPH;GPR;Koala;MAIN;134
992D8378;1;GPH;SES;Salar de Maricunga;MAIN;79
992D8378;2;GPH;MT;Salar de Maricunga;MAIN;82
992D8378;3;GPH;EM;Salar de Maricunga;MAIN;82
992D8378;4;GPH;GRV;Salar de Maricunga;MAIN;83
99307B5F;1;GPH;IP;Phoenix Deposits;MAIN;49|50
99307B5F;2;GPH;EM;Phoenix Deposits;MAIN;49
993620FE;1;GPH;EM;Campbell Shear System;MAIN;67|68
993620FE;2;GPH;AMAG;Campbell Shear System;MAIN;67|68
993620FE;3;GPH;RAD;Campbell Shear System;MAIN;67|68
993620FE;5;GPH;GMAG;Campbell Shear System;MAIN;67
993620FE;6;GPH;IP;Campbell Shear System;MAIN;67|68
993F54CA;1;GPH;AMAG;Matoush;MAIN;52
993F54CA;3;GPH;RAD;Matoush;MAIN;63
99A51D49;1;GPH;RES;3Q Salar;MAIN;105|106|107
99A51D49;3;GPH;SES;3Q Salar;MAIN;106|108
99B46313;1;GPH;GRV;Sevier Lake;MAIN;36
99BE225C;1;GPH;AMAG;Buckton Mineralized Zone;MAIN;33|37
99C6982F;1;GPH;VLF;Cardiac Creek;MAIN;39
99C6982F;2;GPH;RES;Cardiac Creek;MAIN;39
99E5A772;1;GPH;SES;Popa;MAIN;70
9A1AFDD8;1;GPH;VLF;Lac Cinquante;MAIN;41
9A333BDF;1;GPH;GRV;Magellan;MAIN;51|52
9A4687AF;1;GPH;AMAG;Stobie Lake;MAIN;9|13
9A4687AF;2;GPH;VLF;Stobie Lake;MAIN;9|13
9A4687AF;3;GPH;RAD;Stobie Lake;MAIN;9|13|15
9A4687AF;5;GPH;GMAG;Stobie Lake;MAIN;9|15
9A4DF22B;1;GPH;AMAG;Sarfartoq REE;MAIN;30
9A4DF22B;2;GPH;RAD;Sarfartoq REE;MAIN;30|31|51
9A4DF22B;3;GPH;GMAG;Sarfartoq REE;MAIN;51
9A52CA8B;1;GPH;MT;Salar de Cauchari;MAIN;101|102|103
9A52CA8B;2;GPH;GRV;Salar de Cauchari;MAIN;101|104|105|109|110
9A52CA8B;3;GPH;EM;Salar de Cauchari;MAIN;110
9A7FAB91;1;GPH;GMAG;Campbell;MAIN;89|90
9A7FAB91;2;GPH;IP;Campbell;MAIN;89|90
9A7FAB91;3;GPH;VLF;Campbell;MAIN;90
9A72C9CE;2;GPH;GRV;Tuschenkomst;MAIN;36
9A72C9CE;3;GPH;RAD;Tuschenkomst;MAIN;36|39
9A72C9CE;4;GPH;AMAG;Tuschenkomst;MAIN;36|39
9A72C9CE;6;GPH;UNS;Tuschenkomst;MAIN;37
9A86D3BD;1;GPH;GMAG;Nico 1;MAIN;39
9A86D3BD;2;GPH;EM;Nico 1;MAIN;39|42
9A86D3BD;3;GPH;GRV;Nico 1;MAIN;39
9A86D3BD;4;GPH;AMAG;Nico 1;MAIN;39
9A86D3BD;5;GPH;VLF;Nico 1;MAIN;39
9A9E3F0E;1;GPH;RAD;Burke Hollow Project;MAIN;36
9A9E3F0E;2;GPH;WLOG;Burke Hollow Project;MAIN;36
9A9AAD48;3;GPH;AMAG;Santo Tomás;MAIN;124
9A9AAD48;4;GPH;RAD;Santo Tomás;MAIN;124
9A9AAD48;5;GPH;VLF;Santo Tomás;MAIN;124
9A9AAD48;6;GPH;RES;Santo Tomás;MAIN;128
9A9AAD48;7;GPH;IP;Santo Tomás;MAIN;128
9AB71F4C;1;GPH;IP;Bandeira;MAIN;85
9ADAE663;1;GPH;UNS;Appolo;MAIN;25
9AD9DB30;1;GPH;AMAG;Graphite Creek;MAIN;116|121
9AD9DB30;2;GPH;EM;Graphite Creek;MAIN;116|121
9AD9DB30;3;GPH;WLOG;Graphite Creek;MAIN;126
9AD9DB30;7;GPH;NMR;Graphite Creek;MAIN;126
9ADE935D;1;GPH;GRV;Nash Creek Deposit;MAIN;39|40
9ADE935D;2;GPH;EM;Nash Creek Deposit;MAIN;39|40
9ADE935D;3;GPH;AMAG;Nash Creek Deposit;MAIN;39
9ADE935D;6;GPH;RES;Nash Creek Deposit;MAIN;40
9B1CE757;1;GPH;IP;Arrieros;MAIN;68
9B39C3C8;1;GPH;RAD;FPA (Saliquinhé);MAIN;54|55|56
9B4016E8;1;GPH;EM;Rainbow deposit;MAIN;60
9B4016E8;2;GPH;AMAG;Rainbow deposit;MAIN;60
9B4016E8;4;GPH;IP;Rainbow deposit;MAIN;61
9B4A3EE8;1;GPH;IP;Don Gregorio;MAIN;23
9B453A67;1;GPH;GRV;Pilar Mine;MAIN;105
9B453A67;2;GPH;GMAG;Pilar Mine;MAIN;105
9B453A67;3;GPH;IP;Pilar Mine;MAIN;105
9B453A67;4;GPH;AMAG;Pilar Mine;MAIN;105
9B453A67;5;GPH;RAD;Pilar Mine;MAIN;105
9B453A67;6;GPH;EM;Pilar Mine;MAIN;109
9B4BC150;1;GPH;AMAG;Greenbushes;MAIN;33
9B4BC150;2;GPH;RAD;Greenbushes;MAIN;33
9B519B71;1;GPH;AMAG;El Mochito;MAIN;85
9B519B71;2;GPH;RES;El Mochito;MAIN;86|88
9B6BFB41;1;GPH;UNS;Cactus;MAIN;115
9B6BFB41;2;GPH;IP;Cactus;MAIN;115
9B845AFF;1;GPH;GRV;K.Hill;MAIN;80|81|83
9B845AFF;2;GPH;GMAG;K.Hill;MAIN;80|81
9B845AFF;3;GPH;IP;K.Hill;MAIN;80|81|83
9B892BBB;1;GPH;AMAG;Jersey Lead-Zinc Deposit;MAIN;38
9B892BBB;2;GPH;EM;Jersey Lead-Zinc Deposit;MAIN;38
9B892BBB;3;GPH;GMAG;Jersey Lead-Zinc Deposit;MAIN;40
9B892BBB;4;GPH;VLF;Jersey Lead-Zinc Deposit;MAIN;40
9B892BBB;5;GPH;GRV;Jersey Lead-Zinc Deposit;MAIN;40
9B892BBB;6;GPH;IP;Jersey Lead-Zinc Deposit;MAIN;40
9B88CC75;1;GPH;AMAG;Alpala;MAIN;104|110
9B88CC75;2;GPH;RAD;Alpala;MAIN;104|110
9B88CC75;3;GPH;GMAG;Alpala;MAIN;104|111
9B88CC75;4;GPH;IP;Alpala;MAIN;105|111
9B88CC75;5;GPH;MT;Alpala;MAIN;105|111
9BAF213D;1;GPH;EM;Preston Project;MAIN;29|44
9BAF213D;2;GPH;AMAG;Preston Project;MAIN;29|30
9BAF213D;3;GPH;RAD;Preston Project;MAIN;29|30
9BAF213D;4;GPH;VLF;Preston Project;MAIN;30
9BAF213D;5;GPH;GRV;Preston Project;MAIN;29|43
9BB3F711;1;GPH;IP;Copper Mountain;MAIN;68
9BB3F711;2;GPH;AMAG;Copper Mountain;MAIN;68
9BB3F711;3;GPH;RAD;Copper Mountain;MAIN;68
9BC6E57A;1;GPH;AMAG;Los Azules;MAIN;81
9BC6E57A;2;GPH;IP;Los Azules;MAIN;81|82|83
9BC6E57A;3;GPH;GMAG;Los Azules;MAIN;81|82|84
9BC6E57A;4;GPH;MT;Los Azules;MAIN;83
9BC6E57A;5;GPH;RES;Los Azules;MAIN;83
9BFBAE5B;1;GPH;EM;Big Daddy;MAIN;39
9BFBAE5B;2;GPH;AMAG;Big Daddy;MAIN;39
9BFBAE5B;3;GPH;VLF;Big Daddy;MAIN;39
9BFBAE5B;4;GPH;GMAG;Big Daddy;MAIN;39
9BFE1427;3;GPH;IP;Arsenault;MAIN;28
9BFE1427;4;GPH;UNS;Arsenault;MAIN;28
9BFE1427;5;GPH;VLF;Arsenault;MAIN;28
9C069FCC;1;GPH;AMAG;Taysan;MAIN;55|73
9C069FCC;2;GPH;GMAG;Taysan;MAIN;72
9C069FCC;3;GPH;RAD;Taysan;MAIN;73
9C1C9C44;1;GPH;EM;Alexo-Dundonald Deposits;MAIN;108|113
9C1C9C44;2;GPH;AMAG;Alexo-Dundonald Deposits;MAIN;108
9C2FBD76;1;GPH;GMAG;Tom;MAIN;47
9C2FBD76;2;GPH;EM;Tom;MAIN;47
9C2FBD76;3;GPH;GRV;Tom;MAIN;47
9C32EEFC;1;GPH;SES;Paris Hills;MAIN;60
9C32EEFC;2;GPH;RAD;Paris Hills;MAIN;59
9C525CFB;1;GPH;RAD;FPA;MAIN;54|55|56
9C6043DB;1;GPH;RAD;Gas Hills;MAIN;38
9C6742DE;1;GPH;UNS;Gateau Property;MAIN;19
9C766145;1;GPH;GMAG;Swan prospect;MAIN;8
9C766145;2;GPH;IP;Swan prospect;MAIN;8|10
9C7B793E;1;GPH;RAD;Lac St-Jean Property;MAIN;13|23
9C8EEAA0;2;GPH;RES;Ovoot Tolgoi;MAIN;19
9C92C43C;1;GPH;AMAG;MacArthur;MAIN;53
9C92C43C;2;GPH;IP;MacArthur;MAIN;55
9CBA58B5;1;GPH;AMAG;Seagull Intrusion;MAIN;40|47|49
9CBA58B5;2;GPH;GRV;Seagull Intrusion;MAIN;40|47
9CCCF0A3;1;GPH;AMAG;Alpala;MAIN;4|55|60
9CCCF0A3;2;GPH;IP;Alpala;MAIN;4|55|61
9CCCF0A3;3;GPH;GMAG;Alpala;MAIN;4|61
9CCCF0A3;4;GPH;MT;Alpala;MAIN;4|55|61
9CCCF0A3;6;GPH;RAD;Alpala;MAIN;60
9CF3E5BF;1;GPH;AMAG;Bornite;MAIN;49
9CF3E5BF;2;GPH;EM;Bornite;MAIN;49
9CF3E5BF;3;GPH;RAD;Bornite;MAIN;49
9CF3E5BF;4;GPH;IP;Bornite;MAIN;52|53
9CF3E5BF;5;GPH;MT;Bornite;MAIN;52
9CF3E5BF;6;GPH;GRV;Bornite;MAIN;53|55
9D0150E8;1;GPH;UNS;Cotabambas;MAIN;28
9D0150E8;2;GPH;IP;Cotabambas;MAIN;28
9D0150E8;3;GPH;GMAG;Cotabambas;MAIN;28
9D066465;1;GPH;IP;Coles Creek Porphyry;MAIN;19|20|21|22
9D066465;2;GPH;GMAG;Coles Creek Porphyry;MAIN;19|20|21
9D066465;3;GPH;EM;Coles Creek Porphyry;MAIN;19|22|23|24|25
9D1E262C;1;GPH;GMAG;Mt. Haskin;MAIN;26
9D26DEE4;1;GPH;IP;San Jorge;MAIN;121
9D26DEE4;2;GPH;GMAG;San Jorge;MAIN;121
9D26DEE4;3;GPH;EM;San Jorge;MAIN;121
9D52C154;1;GPH;SES;KP 289 Potash Project;MAIN;46|48
9D67290D;2;GPH;AMAG;Cruzeta Target;MAIN;60|62|63
9D67290D;3;GPH;RAD;Cruzeta Target;MAIN;60|64|65
9D6862CA;1;GPH;UNS;Endako deposit;MAIN;58
9D6862CA;2;GPH;IP;Endako deposit;MAIN;58
9D768BDA;3;GPH;GMAG;Agata Nickel Laterite Project;MAIN;31|38
9D768BDA;4;GPH;IP;Agata Nickel Laterite Project;MAIN;32|39|40
9D73C3A5;1;GPH;IP;Menarik Complex;MAIN;45
9D73C3A5;2;GPH;GMAG;Menarik Complex;MAIN;51|52|56|61|62|65|67|69
9D73C3A5;3;GPH;EM;Menarik Complex;MAIN;95|97
9D85554E;1;GPH;RAD;DD Zone;MAIN;29
9D85554E;2;GPH;EM;DD Zone;MAIN;20|32
9D8B7D23;1;GPH;RAD;Bullfrog deposit;MAIN;40|44
9D8B7D23;2;GPH;SP;Bullfrog deposit;MAIN;40
9D8B7D23;3;GPH;RES;Bullfrog deposit;MAIN;40
9DB49FE0;1;GPH;AMAG;Block Creek intrusion;MAIN;17|19
9DDC3FC0;1;GPH;AMAG;Frog;MAIN;26
9DDD5F4F;1;GPH;EM;Murphy Lake North;MAIN;37
9DDD5F4F;2;GPH;AMAG;Murphy Lake North;MAIN;38
9DE8EF53;1;GPH;GRV;Valley;MAIN;26
9E286D69;3;GPH;GMAG;Agata North Laterite Project;MAIN;28
9E286D69;4;GPH;IP;Agata North Laterite Project;MAIN;28
9E2D8FF5;1;GPH;AMAG;Samapleu Deposits;MAIN;52|71
9E2D8FF5;2;GPH;RAD;Samapleu Deposits;MAIN;52|71
9E2D8FF5;3;GPH;EM;Samapleu Deposits;MAIN;52|71
9E2D8FF5;4;GPH;GMAG;Samapleu Deposits;MAIN;52|70
9E2D8FF5;5;GPH;IP;Samapleu Deposits;MAIN;70
9E2D8FF5;6;GPH;UNS;Samapleu Deposits;MAIN;71
9E3C2FCA;1;GPH;EM;Hushamu Deposit;MAIN;14
9E3C2FCA;2;GPH;AMAG;Hushamu Deposit;MAIN;14
9E3C2FCA;3;GPH;RES;Hushamu Deposit;MAIN;14
9E401194;1;GPH;AMAG;Alpala;MAIN;4|55|60
9E401194;2;GPH;IP;Alpala;MAIN;4|55|61
9E401194;3;GPH;GMAG;Alpala;MAIN;4|61
9E401194;4;GPH;MT;Alpala;MAIN;4|55|61
9E401194;6;GPH;RAD;Alpala;MAIN;60
9E48F237;1;GPH;AMAG;Berezski mineralization trend;MAIN;59
9E48F237;2;GPH;GMAG;Berezski mineralization trend;MAIN;61
9E48F237;3;GPH;IP;Berezski mineralization trend;MAIN;65
9E48F237;4;GPH;MT;Berezski mineralization trend;MAIN;68
9E48F237;5;GPH;GRV;Berezski mineralization trend;MAIN;71
9E48F237;6;GPH;SWIR;Berezski mineralization trend;MAIN;56
9E79E4DB;1;GPH;GRV;Yalowega Trend;MAIN;38|39
9E79E4DB;2;GPH;EM;Yalowega Trend;MAIN;38|39|41
9E79E4DB;3;GPH;VLF;Yalowega Trend;MAIN;38|39|45
9E79E4DB;4;GPH;AMAG;Yalowega Trend;MAIN;39|45
9E80DA82;1;GPH;GRV;Plymouth Deposit;MAIN;44
9E7B354A;1;GPH;EM;Ming Mine;MAIN;41
9E7B354A;2;GPH;IP;Ming Mine;MAIN;5|42
9E7B354A;3;GPH;MT;Ming Mine;MAIN;5|42
9E876A98;1;GPH;GMAG;La Blache;MAIN;22
9E8DAF64;1;GPH;WLOG;Alumbaugh Coal Seams;MAIN;27
9EBDF8CD;1;GPH;WLOG;Bituminous Coal Seams;MAIN;42
9EA2A0A2;1;GPH;EM;Stewart Island deposits;MAIN;32
9EA2A0A2;2;GPH;AMAG;Stewart Island deposits;MAIN;21|32
9EA2A0A2;3;GPH;RES;Stewart Island deposits;MAIN;32|116
9EA2A0A2;6;GPH;IP;Stewart Island deposits;MAIN;116
9EA2A0A2;7;GPH;RAD;Stewart Island deposits;MAIN;21
9EA2A0A2;8;GPH;SES;Stewart Island deposits;MAIN;21|110
9EA2A0A2;9;GPH;GRV;Stewart Island deposits;MAIN;21
9EC6991D;1;GPH;AMAG;Wels Nickel Property;MAIN;10
9ED4851E;1;GPH;RAD;Dieter Lake;MAIN;15|20
9ED4851E;2;GPH;EM;Dieter Lake;MAIN;21
9ED4851E;3;GPH;AMAG;Dieter Lake;MAIN;21
9EE30100;1;GPH;SES;Cauchari Salar;MAIN;135
9EE30100;2;GPH;GRV;Cauchari Salar;MAIN;139
9EE30100;3;GPH;EM;Cauchari Salar;MAIN;141
9EE30100;4;GPH;RES;Cauchari Salar;MAIN;146
9F0C46C4;1;GPH;AMAG;Fire Lake North;MAIN;39|42|45
9F0C46C4;2;GPH;GRV;Fire Lake North;MAIN;45
9F26E895;1;GPH;IP;South Zone;MAIN;84
9F26E895;2;GPH;AMAG;South Zone;MAIN;84
9F26E895;3;GPH;RAD;South Zone;MAIN;84
9F26E895;4;GPH;EM;South Zone;MAIN;84
9F4B0E3C;1;GPH;EM;Maturi;MAIN;158
9F4B0E3C;2;GPH;GMAG;Maturi;MAIN;158
9F4B0E3C;3;GPH;IP;Maturi;MAIN;158
9F4B0E3C;4;GPH;SP;Maturi;MAIN;158
9F4B0E3C;5;GPH;GRV;Maturi;MAIN;158
9F4B0E3C;6;GPH;MT;Maturi;MAIN;158
9F60CC81;1;GPH;WLOG;Tomichi;MAIN;45|47
9F682636;1;GPH;VLF;RATS showing;MAIN;31|32
9F682636;2;GPH;GMAG;RATS showing;MAIN;31|32
9F80D5D7;1;GPH;AMAG;South Contact Zone;MAIN;54|64|67
9F80D5D7;2;GPH;EM;South Contact Zone;MAIN;61|64|67
9F80D5D7;3;GPH;IP;South Contact Zone;MAIN;61
9F8795E3;1;GPH;IP;Filo del Sol;MAIN;70|72
9F8795E3;2;GPH;GMAG;Filo del Sol;MAIN;70|73
9F8795E3;3;GPH;RES;Filo del Sol;MAIN;70
9F8795E3;4;GPH;MT;Filo del Sol;MAIN;70
9FA06FFC;1;GPH;AMAG;Bell Graphite;MAIN;41
9FA06FFC;2;GPH;EM;Bell Graphite;MAIN;41|44
9FB40438;1;GPH;GMAG;Vondenblue;MAIN;46
9FB40438;2;GPH;IP;Vondenblue;MAIN;46
9FB40438;3;GPH;VLF;Vondenblue;MAIN;46
9FBD5F69;1;GPH;RAD;Viken;MAIN;30
9FB88E7B;2;GPH;EM;Carpenter Lake;MAIN;39
9FB88E7B;3;GPH;RAD;Carpenter Lake;MAIN;47
9FC8B08F;1;GPH;EM;Lac Arques property;MAIN;29|30|31|34
9FC8B08F;2;GPH;AMAG;Lac Arques property;MAIN;29|30|31|34
9FC8B08F;3;GPH;RAD;Lac Arques property;MAIN;29|31
9FC8C088;1;GPH;AMAG;Bruce showing;MAIN;28|29
9FEBE1B0;1;GPH;EM;Back Forty Deposit;MAIN;75|77|78
9FEBE1B0;2;GPH;AMAG;Back Forty Deposit;MAIN;75|77
9FEBE1B0;3;GPH;GMAG;Back Forty Deposit;MAIN;75|78
9FEBE1B0;4;GPH;GRV;Back Forty Deposit;MAIN;75|78
9FF03821;1;GPH;UNS;Opemiska;MAIN;46|47
A028D7D0;1;GPH;UNS;Two Mile Creek Vein System;MAIN;10
A00BBD0F;1;GPH;IP;Hugo North Extension;MAIN;101
A00BBD0F;2;GPH;GMAG;Hugo North Extension;MAIN;101|102|103
A00BBD0F;3;GPH;GRV;Hugo North Extension;MAIN;101
A00BBD0F;5;GPH;RES;Hugo North Extension;MAIN;101
A00BBD0F;6;GPH;AMAG;Hugo North Extension;MAIN;102
A016CA1E;1;GPH;IP;Samapleu;MAIN;61|69
A016CA1E;2;GPH;GMAG;Samapleu;MAIN;61|69
A016CA1E;3;GPH;AMAG;Samapleu;MAIN;61
A016CA1E;4;GPH;RAD;Samapleu;MAIN;61
A016CA1E;5;GPH;EM;Samapleu;MAIN;61|65|69
A04711B9;1;GPH;AMAG;Greenbushes;MAIN;29
A04711B9;2;GPH;RAD;Greenbushes;MAIN;29
A04E9F85;1;GPH;EM;Anomaly E;MAIN;39|40|47
A04E9F85;3;GPH;IP;Anomaly E;MAIN;39|44|45|50
A04E9F85;4;GPH;GMAG;Anomaly E;MAIN;39|44|47
A04F0CC9;1;GPH;IP;Hakkari Zinc Project;MAIN;58|59
A0644706;1;GPH;EM;Kona;MAIN;55
A0644706;2;GPH;GMAG;Kona;MAIN;53
A066F59F;1;GPH;AMAG;MacArthur Deposit;MAIN;46|47
A066F59F;2;GPH;IP;MacArthur Deposit;MAIN;47
A096808A;4;GPH;WLOG;La Estrella;MAIN;31|41|43
A0966B34;1;GPH;RAD;Aurizon;MAIN;44
A0966B34;2;GPH;AMAG;Aurizon;MAIN;44
A0966B34;3;GPH;IP;Aurizon;MAIN;35|36|44|45
A0A7A93B;1;GPH;IP;Captain;MAIN;34|36|37
A0AA4A86;1;GPH;EM;Tower Deposit;MAIN;78
A0AF267D;1;GPH;AMAG;Starra 222;MAIN;28
A0AF267D;2;GPH;GMAG;Starra 222;MAIN;28
A0AF267D;3;GPH;EM;Starra 222;MAIN;28
A0EEA3F7;1;GPH;EM;Ruttan;MAIN;33|35|37|40
A10021F3;1;GPH;GMAG;Maloney prospect;MAIN;38
A10021F3;2;GPH;IP;Maloney prospect;MAIN;38|39
A0F7C33C;1;GPH;UNS;NorthMet Deposit;MAIN;59
A120E2E8;1;GPH;IP;Carmacks Copper;MAIN;94
A120E2E8;2;GPH;AMAG;Carmacks Copper;MAIN;99|100
A1566743;1;GPH;SES;Dominion Reefs;MAIN;40
A14CFE28;1;GPH;EM;Tulks Hill deposit;MAIN;46
A14CFE28;2;GPH;AMAG;Tulks Hill deposit;MAIN;46|47
A14CFE28;3;GPH;GRV;Tulks Hill deposit;MAIN;47
A157EEF2;1;GPH;MT;Zafranal Main Zone;MAIN;53
A16DEC62;1;GPH;IP;Megabuck;MAIN;25|35
A16DEC62;2;GPH;GMAG;Megabuck;MAIN;22|25
A16DEC62;3;GPH;GRV;Megabuck;MAIN;35|37
A16DEC62;4;GPH;AMAG;Megabuck;MAIN;35
A16DEC62;5;GPH;RAD;Megabuck;MAIN;35|37
A174AA9F;1;GPH;AMAG;Borsko Jezero;MAIN;40|45
A174AA9F;2;GPH;GRV;Borsko Jezero;MAIN;45
A174AA9F;3;GPH;MT;Borsko Jezero;MAIN;45|49
A188AE3E;1;GPH;UNS;Kemess Underground;MAIN;86
A188AE3E;2;GPH;IP;Kemess Underground;MAIN;88|89
A188AE3E;3;GPH;EM;Kemess Underground;MAIN;88
A189C186;1;GPH;WLOG;Upper Freeport;MAIN;25
A1968325;1;GPH;RAD;Sheep Mountain;MAIN;42
A1968325;2;GPH;AMAG;Sheep Mountain;MAIN;42
A1968325;3;GPH;GRV;Sheep Mountain;MAIN;42
A1B0C754;1;GPH;AMAG;Lac Rocher Pluton;MAIN;59
A1B0C754;2;GPH;IP;Lac Rocher Pluton;MAIN;67|68|69
A1B0C754;3;GPH;EM;Lac Rocher Pluton;MAIN;67|68|69
A1B0C754;4;GPH;GMAG;Lac Rocher Pluton;MAIN;68|69
A1B0C754;5;GPH;MALM;Lac Rocher Pluton;MAIN;68
A1B0C754;6;GPH;GRV;Lac Rocher Pluton;MAIN;69
A1B0C754;7;GPH;RES;Lac Rocher Pluton;MAIN;69
A1B0C754;8;GPH;UNS;Lac Rocher Pluton;MAIN;69
A1B341FE;1;GPH;GMAG;Leslie Occurrence;MAIN;42
A1B341FE;2;GPH;VLF;Leslie Occurrence;MAIN;42|43|44
A1B341FE;3;GPH;AMAG;Leslie Occurrence;MAIN;44
A1B341FE;5;GPH;RAD;Leslie Occurrence;MAIN;44|45|46
A1D7C96C;1;GPH;RAD;Crownpoint;MAIN;12|15|16
A1D7C96C;2;GPH;RES;Crownpoint;MAIN;12|15
A1DADDEA;1;GPH;AMAG;Eureka Complex;MAIN;41|44|57
A1DADDEA;2;GPH;EM;Eureka Complex;MAIN;57
A1DADDEA;3;GPH;VLF;Eureka Complex;MAIN;57
A1DADDEA;4;GPH;MT;Eureka Complex;MAIN;53
A20B9BAC;1;GPH;RES;Kendal Colliery;MAIN;54
A20B9BAC;2;GPH;RAD;Kendal Colliery;MAIN;54
A20F966C;1;GPH;GMAG;Cozamin;MAIN;78
A20F966C;2;GPH;AMAG;Cozamin;MAIN;78
A20F966C;3;GPH;MT;Cozamin;MAIN;79
A20F966C;4;GPH;IP;Cozamin;MAIN;79
A257A6D6;1;GPH;UNS;Cerro Corona;MAIN;38
A2556106;1;GPH;IP;Red Dog;MAIN;18
A25DD6A8;3;GPH;AMAG;Santo Tomás;MAIN;106
A25DD6A8;4;GPH;RAD;Santo Tomás;MAIN;106
A25DD6A8;5;GPH;VLF;Santo Tomás;MAIN;106
A25DD6A8;6;GPH;IP;Santo Tomás;MAIN;110
A28678FF;1;GPH;VLF;Carmacks deposit;MAIN;45
A28678FF;2;GPH;GMAG;Carmacks deposit;MAIN;45
A2A1B362;1;GPH;AMAG;Rocky;MAIN;27
A2A1B362;2;GPH;GRV;Rocky;MAIN;27
A287B8D6;1;GPH;UNS;Dundee Operations;MAIN;70
A2BF126A;1;GPH;AMAG;Kwun Lake;MAIN;13|17
A2BF126A;2;GPH;RAD;Kwun Lake;MAIN;17
A2F374DA;1;GPH;EM;Broken Hammer;MAIN;50|51
A2F374DA;2;GPH;IP;Broken Hammer;MAIN;50
A3110B12;1;GPH;IP;Kaukua;MAIN;38
A308B3FF;1;GPH;GMAG;Serrote deposit;MAIN;90
A31F8DA4;1;GPH;GMAG;Wellgreen;MAIN;51
A31F8DA4;2;GPH;VLF;Wellgreen;MAIN;51
A328888F;1;GPH;AMAG;Titan;MAIN;27|28
A328888F;2;GPH;GMAG;Titan;MAIN;27
A328888F;4;GPH;EM;Titan;MAIN;28
A33A291C;1;GPH;AMAG;Rogers Creek Porphyry System;MAIN;40|41
A33A291C;2;GPH;VLF;Rogers Creek Porphyry System;MAIN;40|41
A33A291C;3;GPH;RAD;Rogers Creek Porphyry System;MAIN;40|41
A33A291C;4;GPH;IP;Rogers Creek Porphyry System;MAIN;40|41|43
A345FBFE;1;GPH;AMAG;Los Azules;MAIN;93
A345FBFE;2;GPH;IP;Los Azules;MAIN;93|95
A345FBFE;3;GPH;GMAG;Los Azules;MAIN;93|95|96
A345FBFE;4;GPH;MT;Los Azules;MAIN;95
A345FBFE;5;GPH;RES;Los Azules;MAIN;95
A389A75B;1;GPH;GMAG;El Espino;MAIN;64|66
A389A75B;2;GPH;IP;El Espino;MAIN;64|66
A389A75B;3;GPH;EM;El Espino;MAIN;64|65|66
A389E465;1;GPH;EM;Big Daddy;MAIN;39
A389E465;2;GPH;AMAG;Big Daddy;MAIN;39
A389E465;3;GPH;VLF;Big Daddy;MAIN;39
A389E465;4;GPH;GMAG;Big Daddy;MAIN;39
A38B148B;1;GPH;RAD;B Zone;MAIN;50
A38B148B;2;GPH;AMAG;B Zone;MAIN;50
A38B148B;3;GPH;VLF;B Zone;MAIN;45
A3937F41;1;GPH;IP;Vista;MAIN;32
A392774E;1;GPH;UNS;Kemess Underground;MAIN;101
A392774E;2;GPH;IP;Kemess Underground;MAIN;103
A392774E;3;GPH;EM;Kemess Underground;MAIN;103
A393DD77;1;GPH;AMAG;Fisher Zone;MAIN;52
A393DD77;2;GPH;EM;Fisher Zone;MAIN;52
A393DD77;4;GPH;SWIR;Fisher Zone;MAIN;49|50
A3AB1969;1;GPH;SES;Vanguard One;MAIN;53|54
A3ABE5B4;1;GPH;EM;Levack Footwall Deposit (LFD);MAIN;78|79|80
A3B489B5;1;GPH;IP;Santa Rita;MAIN;34
A3D21C42;1;GPH;EM;Crean Hill;MAIN;78|79|81
A3D21C42;2;GPH;IP;Crean Hill;MAIN;79
A4152B9D;1;GPH;AMAG;241NC zone;MAIN;15
A4121183;1;GPH;GRV;Chlore stock;MAIN;56
A4121183;2;GPH;AMAG;Chlore stock;MAIN;55|56|57
A4121183;3;GPH;EM;Chlore stock;MAIN;56
A4121183;4;GPH;IP;Chlore stock;MAIN;57|64
A426A734;2;GPH;WLOG;Steinman and ACIN Leases;MAIN;63
A4390B11;1;GPH;GMAG;West Graham;MAIN;50
A4390B11;2;GPH;IP;West Graham;MAIN;50
A4390B11;3;GPH;EM;West Graham;MAIN;50|52|53
A423C11A;1;GPH;EM;Wine Cu-Ni occurrence;MAIN;23|39|43
A423C11A;2;GPH;AMAG;Wine Cu-Ni occurrence;MAIN;23|39|42
A423C11A;3;GPH;VLF;Wine Cu-Ni occurrence;MAIN;23
A44A99F8;1;GPH;AMAG;Lac Knife;MAIN;62
A4542218;1;GPH;GMAG;Chapleau Project Kimberlites;MAIN;18|23
A4542218;2;GPH;AMAG;Chapleau Project Kimberlites;MAIN;22|23
A4542218;3;GPH;EM;Chapleau Project Kimberlites;MAIN;21
A4772E51;1;GPH;RAD;L deposit;MAIN;28
A47E1D52;1;GPH;SES;Feature 8;MAIN;14|16
A47E39A3;1;GPH;MALM;Boa Esperança;MAIN;81
A48F1BAA;1;GPH;AMAG;Lac Doré;MAIN;57|71
A48F1BAA;3;GPH;GMAG;Lac Doré;MAIN;81
A48F1BAA;4;GPH;GRV;Lac Doré;MAIN;50|74
A48F1BAA;5;GPH;EM;Lac Doré;MAIN;74
A4C2DFFF;1;GPH;GMAG;Ilovitza;MAIN;58|63|64
A4C2DFFF;2;GPH;IP;Ilovitza;MAIN;64|65
A4CEE926;1;GPH;IP;Bolivar;MAIN;37
A4DF3C5B;1;GPH;AMAG;Black Horse;MAIN;33
A4DF3C5B;2;GPH;EM;Black Horse;MAIN;33
A4DF3C5B;3;GPH;GMAG;Black Horse;MAIN;33|35
A4DF3C5B;4;GPH;IP;Black Horse;MAIN;35
A4DF3C5B;5;GPH;GRV;Black Horse;MAIN;35
A4E2AB2C;1;GPH;EM;Sherridon deposits;MAIN;50|51
A4E2AB2C;2;GPH;AMAG;Sherridon deposits;MAIN;50
A4E2AB2C;4;GPH;VLF;Sherridon deposits;MAIN;50
A4E2AB2C;5;GPH;GRV;Sherridon deposits;MAIN;51
A4F8F2D5;1;GPH;GMAG;Agnew Lake deposit;MAIN;38|40|41
A4F8F2D5;2;GPH;VLF;Agnew Lake deposit;MAIN;38|40|41
A4F8F2D5;3;GPH;IP;Agnew Lake deposit;MAIN;31|38|40|41
A505C0D5;1;GPH;EM;Preston Project;MAIN;29|44
A505C0D5;2;GPH;AMAG;Preston Project;MAIN;29|30
A505C0D5;3;GPH;RAD;Preston Project;MAIN;29|30
A505C0D5;4;GPH;VLF;Preston Project;MAIN;30
A505C0D5;5;GPH;GRV;Preston Project;MAIN;29|43
A518F5CF;1;GPH;EM;Arctic deposit;MAIN;66|67
A518F5CF;2;GPH;SWIR;Arctic deposit;MAIN;57|67
A509F3E6;2;GPH;GMAG;Chacay;MAIN;24|26
A509F3E6;3;GPH;IP;Chacay;MAIN;26
A5352F5D;1;GPH;AMAG;Mt. Cattlin;MAIN;41
A5352F5D;2;GPH;RAD;Mt. Cattlin;MAIN;41
A5352F5D;3;GPH;EM;Mt. Cattlin;MAIN;41
A577D31B;1;GPH;EM;Magusi;MAIN;49
A577D31B;2;GPH;AMAG;Magusi;MAIN;49
A565FBF6;1;GPH;GRV;Waterberg Project;MAIN;51|52
A565FBF6;2;GPH;GMAG;Waterberg Project;MAIN;51|52
A566FE05;1;GPH;GRV;Clayton Valley Brine;MAIN;85|86
A566FE05;2;GPH;SES;Clayton Valley Brine;MAIN;85|88
A566FE05;3;GPH;MT;Clayton Valley Brine;MAIN;85|92
A5A5E1C9;1;GPH;EM;Mann Ultramafic Complex (MUC);MAIN;94
A5A5E1C9;2;GPH;AMAG;Mann Ultramafic Complex (MUC);MAIN;94
A5A5E1C9;3;GPH;GRV;Mann Ultramafic Complex (MUC);MAIN;94
A5B44B1D;1;GPH;AMAG;Warintza Central;MAIN;50|58
A5B44B1D;2;GPH;EM;Warintza Central;MAIN;50|58
A5A5F218;1;GPH;AMAG;Eaglehead;MAIN;34
A5A5F218;2;GPH;IP;Eaglehead;MAIN;51|52
A5B9C501;1;GPH;EM;Solwara 1;MAIN;29|35|36|43|44
A5B9C501;4;GPH;AMAG;Solwara 1;MAIN;35
A5B9C501;5;GPH;GMAG;Solwara 1;MAIN;35
A5B9C501;6;GPH;SES;Solwara 1;MAIN;35
A5BCB475;1;GPH;AMAG;Lawn;MAIN;25|28|31|32|37
A5BCB475;2;GPH;RAD;Lawn;MAIN;25|28|31|32|34|35|36
A5BF14C9;1;GPH;SES;Marathon Deposit;MAIN;115|185
A5BF14C9;2;GPH;AMAG;Marathon Deposit;MAIN;120
A5BF14C9;3;GPH;GRV;Marathon Deposit;MAIN;185
A5BF14C9;4;GPH;EM;Marathon Deposit;MAIN;186
A5BF14C9;5;GPH;MT;Marathon Deposit;MAIN;186
A5F527B7;1;GPH;GRV;Cigar Lake;MAIN;78
A5F527B7;2;GPH;IP;Cigar Lake;MAIN;78
A5F527B7;3;GPH;MT;Cigar Lake;MAIN;78
A5F527B7;4;GPH;VLF;Cigar Lake;MAIN;78
A5F527B7;5;GPH;SES;Cigar Lake;MAIN;78
A5F0210B;2;GPH;GRV;Back Forty;MAIN;37|51
A5F0210B;3;GPH;EM;Back Forty;MAIN;51
A5F0210B;4;GPH;GMAG;Back Forty;MAIN;51
A60DD544;1;GPH;GRV;Fish Lake Valley Project;MAIN;29|32
A60DD544;2;GPH;MT;Fish Lake Valley Project;MAIN;29|32
A62B48D3;1;GPH;EM;Falea;MAIN;40
A62B48D3;2;GPH;AMAG;Falea;MAIN;40
A62B48D3;3;GPH;RAD;Falea;MAIN;40
A631EAAE;1;GPH;IP;Hugo North Extension;MAIN;100|101|102
A640779F;1;GPH;AMAG;Northwest Manitoba Project;MAIN;29|32
A640779F;2;GPH;VLF;Northwest Manitoba Project;MAIN;29|32
A640779F;3;GPH;RAD;Northwest Manitoba Project;MAIN;29|32
A640779F;4;GPH;EM;Northwest Manitoba Project;MAIN;29|32
A640779F;5;GPH;GRV;Northwest Manitoba Project;MAIN;36
A64A24B2;1;GPH;AMAG;Point Leamington deposit;MAIN;31
A632D55A;1;GPH;VLF;Delta;MAIN;39
A632D55A;2;GPH;AMAG;Delta;MAIN;39
A632D55A;3;GPH;RAD;Delta;MAIN;39
A632D55A;4;GPH;EM;Delta;MAIN;39
A632D55A;5;GPH;IP;Delta;MAIN;41
A632D55A;6;GPH;RES;Delta;MAIN;41
A65B3AD5;1;GPH;IP;Cotabambas;MAIN;94|95
A65B3AD5;2;GPH;GMAG;Cotabambas;MAIN;94|95
A65B3AD5;3;GPH;RES;Cotabambas;MAIN;95
A65B3AD5;4;GPH;SP;Cotabambas;MAIN;95
A65D203D;1;GPH;EM;Maverick Zone;MAIN;26|41
A65D203D;2;GPH;GMAG;Maverick Zone;MAIN;26
A65D203D;3;GPH;GRV;Maverick Zone;MAIN;26|41
A65D203D;4;GPH;RES;Maverick Zone;MAIN;26
A65D203D;5;GPH;SES;Maverick Zone;MAIN;26|41
A65D203D;6;GPH;IP;Maverick Zone;MAIN;41
A65D4675;1;GPH;AMAG;Copper Mountain;MAIN;21|22
A67C8BE8;1;GPH;VLF;PAK Pegmatite;MAIN;80
A67C8BE8;2;GPH;GMAG;PAK Pegmatite;MAIN;80
A68A9BC9;1;GPH;AMAG;RNO Nickel Laterite Deposits;MAIN;25
A6962362;1;GPH;RAD;Henry Mountains Complex;MAIN;59
A6A749C1;1;GPH;GRV;Clayton Valley Brine Project;MAIN;49|52
A6A749C1;2;GPH;SES;Clayton Valley Brine Project;MAIN;49
A6B15BBA;1;GPH;GMAG;Rondônia Kimberlites;MAIN;33|34|35|36
A6CF627B;3;GPH;SES;Block J;MAIN;45
A6EB3BA2;1;GPH;WLOG;Carpenter Ridge;MAIN;20
A6FB1629;1;GPH;AMAG;Minto;MAIN;143
A70CFEDD;1;GPH;GRV;Lagoa Salgada;MAIN;41|42|43|44
A70CFEDD;2;GPH;IP;Lagoa Salgada;MAIN;41|46|47|48|49|50|51|52|53|54
A70CFEDD;3;GPH;EM;Lagoa Salgada;MAIN;42
A70CFEDD;4;GPH;RES;Lagoa Salgada;MAIN;41|46|47|48|49|51|52
A70CFEDD;5;GPH;MALM;Lagoa Salgada;MAIN;55
A71DFC99;2;GPH;GMAG;Ak-Sug;MAIN;63|66
A71DFC99;3;GPH;IP;Ak-Sug;MAIN;63|66
A71DFC99;4;GPH;RAD;Ak-Sug;MAIN;63|66
A71DFC99;5;GPH;RES;Ak-Sug;MAIN;63
A71DFC99;6;GPH;AMAG;Ak-Sug;MAIN;63|73
A71DFC99;7;GPH;EM;Ak-Sug;MAIN;63|73
A71DFC99;8;GPH;GRV;Ak-Sug;MAIN;62|63
A71DFC99;9;GPH;MT;Ak-Sug;MAIN;63|73
A7516EF4;1;GPH;GPR;Palmer Deposit;MAIN;105
A771079C;1;GPH;EM;Dumont;MAIN;102|103
A771079C;2;GPH;AMAG;Dumont;MAIN;102
A7D7CA12;1;GPH;AMAG;South Corridor Deposit;MAIN;18|21
A7D7CA12;4;GPH;IP;South Corridor Deposit;MAIN;27
A7D7CA12;5;GPH;GMAG;South Corridor Deposit;MAIN;27|29
A7CA604E;1;GPH;AMAG;Hushamu Deposit;MAIN;21
A7CA604E;2;GPH;GRV;Hushamu Deposit;MAIN;21
A7B284D4;1;GPH;RAD;Triple R deposit;MAIN;78|82|85|92
A7B284D4;2;GPH;EM;Triple R deposit;MAIN;82|83|91|92
A7B284D4;3;GPH;AMAG;Triple R deposit;MAIN;82|83|85
A7B284D4;5;GPH;SP;Triple R deposit;MAIN;90
A7B284D4;6;GPH;RES;Triple R deposit;MAIN;91|92
A7B284D4;7;GPH;GPR;Triple R deposit;MAIN;92
A7D81D5D;1;GPH;MT;HMN Project;MAIN;68
A7D81D5D;2;GPH;EM;HMN Project;MAIN;70
A808AEE6;1;GPH;SES;Lazlo Project;MAIN;30|33
A81B5556;1;GPH;GRV;Loki Flake Graphite Deposit;MAIN;34|37
A81B5556;3;GPH;EM;Loki Flake Graphite Deposit;MAIN;29|60
A81B5556;4;GPH;AMAG;Loki Flake Graphite Deposit;MAIN;29|60
A81B5556;5;GPH;RAD;Loki Flake Graphite Deposit;MAIN;58
A8209EDB;1;GPH;AMAG;Maseve Project;MAIN;97|100
A8209EDB;2;GPH;GRV;Maseve Project;MAIN;97|98
A8209EDB;3;GPH;GMAG;Maseve Project;MAIN;97|99
A8209EDB;4;GPH;SES;Maseve Project;MAIN;69|89|93
A8269163;1;GPH;EM;Valiquette-Duval;MAIN;33
A8269163;2;GPH;AMAG;Valiquette-Duval;MAIN;33
A82B10AE;1;GPH;EM;Main Grid Sector VMS lenses;MAIN;16|17
A82B10AE;2;GPH;GMAG;Main Grid Sector VMS lenses;MAIN;16
A82B10AE;3;GPH;GRV;Main Grid Sector VMS lenses;MAIN;17
A8422CF9;1;GPH;EM;GC and GR zones;MAIN;35
A8422CF9;2;GPH;AMAG;GC and GR zones;MAIN;35
A84E302A;1;GPH;RES;São Manuel and São Rubens;MAIN;59
A865492B;1;GPH;EM;Gahcho Kué kimberlite cluster;MAIN;64|65
A865492B;2;GPH;AMAG;Gahcho Kué kimberlite cluster;MAIN;64
A865492B;3;GPH;GRV;Gahcho Kué kimberlite cluster;MAIN;65
A88F5AA0;1;GPH;SES;Ochapowace/Chacachas Prospect;MAIN;28|29|31
A88F5AA0;2;GPH;WLOG;Ochapowace/Chacachas Prospect;MAIN;21
A8860B05;1;GPH;GMAG;Cortadera;MAIN;132
A8860B05;2;GPH;IP;Cortadera;MAIN;132
A8860B05;3;GPH;MT;Cortadera;MAIN;132
A8860B05;4;GPH;AMAG;Cortadera;MAIN;133
A87C0DD2;1;GPH;GMAG;Central Cocha;MAIN;31
A87C0DD2;2;GPH;IP;Central Cocha;MAIN;31
A8B5C0B6;1;GPH;IP;El Domo;MAIN;61|62
A8B5C0B6;2;GPH;GMAG;El Domo;MAIN;61|62
A8B5C0B6;3;GPH;MT;El Domo;MAIN;61|62
A8B5C0B6;4;GPH;AMAG;El Domo;MAIN;61|62
A8B457D4;1;GPH;GMAG;Q1-4;MAIN;42|44
A8B457D4;2;GPH;EM;Q1-4;MAIN;42|44
A8BA3900;1;GPH;AMAG;Yandera Central;MAIN;45
A8BA3900;2;GPH;RAD;Yandera Central;MAIN;45
A8D8E7CF;1;GPH;EM;Aripuanã deposits;MAIN;39|41
A8D8E7CF;2;GPH;AMAG;Aripuanã deposits;MAIN;39
A8D8E7CF;3;GPH;RAD;Aripuanã deposits;MAIN;39
A8D8E7CF;4;GPH;GRV;Aripuanã deposits;MAIN;39
A8D8E7CF;5;GPH;GMAG;Aripuanã deposits;MAIN;39
A8D8E7CF;6;GPH;IP;Aripuanã deposits;MAIN;39
A8D8E7CF;7;GPH;VLF;Aripuanã deposits;MAIN;39
A8DF41C9;1;GPH;IP;Captain;MAIN;74
A8F64D0F;1;GPH;WLOG;Provost Potash Property;MAIN;17|19|21|23
A8F64D0F;2;GPH;SES;Provost Potash Property;MAIN;21|22
A8DF2FB5;1;GPH;EM;Gahcho Kué;MAIN;69|70
A8DF2FB5;2;GPH;AMAG;Gahcho Kué;MAIN;70
A8DF2FB5;3;GPH;GRV;Gahcho Kué;MAIN;64|70
A8FA5ED9;1;GPH;EM;Knife Lake;MAIN;38
A92CE01E;1;GPH;AMAG;Houston;MAIN;38|45
A92CE01E;3;GPH;GRV;Houston;MAIN;45
A955DBD4;1;GPH;RES;Eagle East;MAIN;88
A955DBD4;2;GPH;GRV;Eagle East;MAIN;88
A955DBD4;3;GPH;SES;Eagle East;MAIN;92|95
A97F7A26;1;GPH;EM;Mousseau West;MAIN;23|31
A97F7A26;2;GPH;MALM;Mousseau West;MAIN;25
A98B1BB4;1;GPH;IP;Hugo North Extension;MAIN;100|101
A98B1BB4;2;GPH;GMAG;Hugo North Extension;MAIN;100|101|102
A98B1BB4;3;GPH;GRV;Hugo North Extension;MAIN;100
A98B1BB4;5;GPH;RES;Hugo North Extension;MAIN;100|101
A98B1BB4;6;GPH;AMAG;Hugo North Extension;MAIN;101
A9AE7842;1;GPH;RAD;EORB;MAIN;51
A9AE7842;2;GPH;WLOG;EORB;MAIN;51
A9AEBAED;1;GPH;GMAG;Main Molybdenite Zone;MAIN;51
A9AEBAED;2;GPH;IP;Main Molybdenite Zone;MAIN;51
A9CE5756;1;GPH;AMAG;Graphite Creek;MAIN;43
A9CE5756;2;GPH;EM;Graphite Creek;MAIN;43
A9F1B729;1;GPH;AMAG;White Mountain Anorthosite;MAIN;47
AA14D964;1;GPH;AMAG;Raft prospect;MAIN;31
AA14D964;2;GPH;RAD;Raft prospect;MAIN;31
AA323E0C;1;GPH;WLOG;Kopper Glo Property Coal Seams;MAIN;31
AA4D1947;1;GPH;EM;Nokomis Deposit;MAIN;39
AA5E66D6;1;GPH;AMAG;Adina;MAIN;136|137
AA5E66D6;2;GPH;RAD;Adina;MAIN;136|137|138
AA5E66D6;3;GPH;GRV;Adina;MAIN;139
AA723A50;1;GPH;EM;La Loutre;MAIN;81
AA723A50;2;GPH;AMAG;La Loutre;MAIN;81
AA6A7ED2;1;GPH;IP;Chimiwungo;MAIN;32
AA773108;1;GPH;EM;Mann Ultramafic Complex;MAIN;25|94
AA773108;2;GPH;AMAG;Mann Ultramafic Complex;MAIN;25|94
AA773108;3;GPH;GRV;Mann Ultramafic Complex;MAIN;25|94
AA773E1A;1;GPH;UNS;Crevier Nb-Ta Dyke;MAIN;39
AA810A38;1;GPH;GRV;Battery Hill;MAIN;61
AA810A38;2;GPH;GMAG;Battery Hill;MAIN;61|63
AA7303A3;1;GPH;AMAG;Platreef;MAIN;130
AA7303A3;2;GPH;GRV;Platreef;MAIN;130
AA7303A3;3;GPH;SP;Platreef;MAIN;130
AA7303A3;4;GPH;RES;Platreef;MAIN;130
AA7303A3;5;GPH;GMAG;Platreef;MAIN;130
AA7303A3;6;GPH;SES;Platreef;MAIN;130
AA7303A3;7;GPH;WLOG;Platreef;MAIN;130
AA7303A3;9;GPH;IP;Platreef;MAIN;130
AA7303A3;11;GPH;EM;Platreef;MAIN;130
AA9E2708;1;GPH;EM;Kagoot Brook;MAIN;22
AA9E2708;2;GPH;AMAG;Kagoot Brook;MAIN;22
AA9E2708;3;GPH;RAD;Kagoot Brook;MAIN;22
AA9E2708;4;GPH;IP;Kagoot Brook;MAIN;26
AA9E2708;5;GPH;GMAG;Kagoot Brook;MAIN;28
AA9E2708;6;GPH;VLF;Kagoot Brook;MAIN;28
AA9E2708;7;GPH;GRV;Kagoot Brook;MAIN;29
AAA777D5;1;GPH;RAD;Sierra Colonia;MAIN;21
AAA2553A;3;GPH;AMAG;Pine Point Project;MAIN;155|159
AAA2553A;4;GPH;GRV;Pine Point Project;MAIN;155|157
AAA2553A;5;GPH;IP;Pine Point Project;MAIN;159
AAA2553A;6;GPH;EM;Pine Point Project;MAIN;156
AACC1A0F;1;GPH;UNS;La Blache;MAIN;21
AAB84693;1;GPH;SES;Green River Potash Project;MAIN;50
AAAA5816;2;GPH;AMAG;Merensky Reef and UG2 Chromitite;MAIN;40|41
AAAA5816;3;GPH;SES;Merensky Reef and UG2 Chromitite;MAIN;40|42
AAEE7F28;1;GPH;RAD;Ghost Lake Property;MAIN;26
AAD06257;1;GPH;GMAG;Algarrobo Project;MAIN;75
AB102B4B;1;GPH;WLOG;Northern Appalachian Coal Seams;MAIN;43
AAFF3F77;1;GPH;SES;Burr Project;MAIN;60|75
AAF63265;1;GPH;GRV;Santa Cruz deposit;MAIN;82
AAF63265;3;GPH;GMAG;Santa Cruz deposit;MAIN;85|91|92
AAF63265;4;GPH;IP;Santa Cruz deposit;MAIN;87|90|91
AAF63265;5;GPH;SES;Santa Cruz deposit;MAIN;88
AAF63265;7;GPH;MT;Santa Cruz deposit;MAIN;91
AAF63265;8;GPH;AMAG;Santa Cruz deposit;MAIN;91|92
AB2E2573;1;GPH;RES;Nunavut Coal Project;MAIN;58|67
AB2E2573;2;GPH;GPR;Nunavut Coal Project;MAIN;58|69
AB285A7F;1;GPH;GMAG;Frances Creek;MAIN;42|43
AB339713;1;GPH;AMAG;Los Azules;MAIN;36
AB339713;2;GPH;GMAG;Los Azules;MAIN;36
AB339713;3;GPH;IP;Los Azules;MAIN;36
AB42656B;1;GPH;GMAG;No. 7 Deposit;MAIN;78
AB42656B;2;GPH;GRV;No. 7 Deposit;MAIN;78
AB7FCBC4;3;GPH;AMAG;Steenkampskraal;MAIN;81|95|96
AB7FCBC4;4;GPH;RAD;Steenkampskraal;MAIN;81|95|96
AB909CCD;1;GPH;RAD;Juniper Ridge;MAIN;30
ABA93C23;1;GPH;AMAG;Lac-des-Îles Graphite Mine;MAIN;47
ABA93C23;2;GPH;EM;Lac-des-Îles Graphite Mine;MAIN;47
AB8E69B1;1;GPH;UNS;Hardshell;MAIN;52
ABADF8AF;1;GPH;RAD;Phosphate Deposit;MAIN;41|43
ABC17210;1;GPH;GRV;Clayton Valley;MAIN;35
ABC17210;2;GPH;SES;Clayton Valley;MAIN;35
ABF95DD6;3;GPH;EM;Okanjande deposit;MAIN;47
ABF95DD6;4;GPH;AMAG;Okanjande deposit;MAIN;47
AC003A96;1;GPH;RAD;Bootheel;MAIN;40
AC2EAAF4;1;GPH;GMAG;Langmuir No. 1 Mine;MAIN;69
AC2EAAF4;2;GPH;EM;Langmuir No. 1 Mine;MAIN;69|76
AC2EAAF4;4;GPH;AMAG;Langmuir No. 1 Mine;MAIN;76
AC728D75;1;GPH;EM;Key Lake Southwest;MAIN;19
AC728D75;2;GPH;AMAG;Key Lake Southwest;MAIN;19
AC728D75;3;GPH;RAD;Key Lake Southwest;MAIN;19
AC728D75;4;GPH;GMAG;Key Lake Southwest;MAIN;24
AC837CFB;1;GPH;SP;Keg;MAIN;11|22
AC837CFB;2;GPH;AMAG;Keg;MAIN;11|21
AC837CFB;3;GPH;IP;Keg;MAIN;11|23
AC837CFB;4;GPH;RES;Keg;MAIN;22
AC96B3E1;1;GPH;VLF;Workman's Bench - Pringle Bench;MAIN;48
AC96B3E1;2;GPH;EM;Workman's Bench - Pringle Bench;MAIN;50
ACA90286;1;GPH;AMAG;Fairview showing;MAIN;18
ACB07EAA;1;GPH;IP;Pukaqaqa;MAIN;45|46
ACB07EAA;2;GPH;EM;Pukaqaqa;MAIN;45
ACB07EAA;3;GPH;UNS;Pukaqaqa;MAIN;46
ACB07EAA;4;GPH;GMAG;Pukaqaqa;MAIN;46
ACBCA74A;1;GPH;GMAG;Beutong;MAIN;35|50
ACFDD41D;1;GPH;RAD;Ilo Norte;MAIN;74
ACFDD41D;2;GPH;AMAG;Ilo Norte;MAIN;74
AD0F8CA1;1;GPH;AMAG;Reid Deposit;MAIN;69|70|77
AD25104C;1;GPH;GRV;Santo Domingo Sur;MAIN;170|171
AD25104C;2;GPH;AMAG;Santo Domingo Sur;MAIN;170|171
AD25104C;3;GPH;IP;Santo Domingo Sur;MAIN;172
AD2AA475;1;GPH;AMAG;Munshiwemba;MAIN;37
AD2AA475;2;GPH;RAD;Munshiwemba;MAIN;37
AD2AA475;3;GPH;IP;Munshiwemba;MAIN;37
AD693B26;1;GPH;AMAG;DLIP Deposits;MAIN;33
AD693B26;2;GPH;GMAG;DLIP Deposits;MAIN;33|34
AD84BA6F;1;GPH;IP;Hugo North Extension;MAIN;135|137|138
AD84BA6F;2;GPH;GMAG;Hugo North Extension;MAIN;137
AD84BA6F;3;GPH;MT;Hugo North Extension;MAIN;137
ADC4DDA4;1;GPH;MT;Lik deposit;MAIN;60
ADC4DDA4;2;GPH;EM;Lik deposit;MAIN;60
ADF393D5;1;GPH;AMAG;Ntaka Hill;MAIN;82|86
ADF393D5;2;GPH;RAD;Ntaka Hill;MAIN;82|86
ADF393D5;3;GPH;EM;Ntaka Hill;MAIN;82|83|86
ADF393D5;4;GPH;IP;Ntaka Hill;MAIN;85|86
ADF33E23;1;GPH;GMAG;Stardust;MAIN;25|53
ADF33E23;2;GPH;EM;Stardust;MAIN;49
ADF33E23;3;GPH;AMAG;Stardust;MAIN;49
ADF33E23;4;GPH;IP;Stardust;MAIN;53
AE362425;1;GPH;RAD;Duke Batman;MAIN;39
AE362425;2;GPH;AMAG;Duke Batman;MAIN;39
AE508677;1;GPH;EM;Corvo;MAIN;51
AE508677;2;GPH;AMAG;Corvo;MAIN;51
AE5EAC9A;1;GPH;AMAG;Adina;MAIN;136|137
AE5EAC9A;2;GPH;RAD;Adina;MAIN;136|137|138
AE5EAC9A;3;GPH;GRV;Adina;MAIN;139
AE68D8EB;1;GPH;EM;Phoenix Deposit;MAIN;43
AE68D8EB;2;GPH;RES;Phoenix Deposit;MAIN;43|44
AE5F3787;1;GPH;WLOG;Ruby Creek;MAIN;29|32|38|40
AE6AEE92;1;GPH;MT;Bonnie Claire;MAIN;52
AE6AEE92;2;GPH;GRV;Bonnie Claire;MAIN;52
AE741CEA;1;GPH;GMAG;Ajax;MAIN;38
AE74A9F3;1;GPH;MT;Hombre Muerto North Project;MAIN;53|59
AE857EC9;1;GPH;GMAG;Pampacancha;MAIN;67|69|70|72
AE857EC9;2;GPH;IP;Pampacancha;MAIN;69|70|71|72
AE9C1032;1;GPH;UNS;Lorraine;MAIN;36
AE9C1032;2;GPH;IP;Lorraine;MAIN;31|36
AE9C1032;3;GPH;GMAG;Lorraine;MAIN;31|36
AE9C1032;4;GPH;SWIR;Lorraine;MAIN;36
AE9C1032;5;GPH;VLF;Lorraine;MAIN;55
AE9FBEAB;1;GPH;RES;Brine Reservoir;MAIN;60
AEBBBA30;1;GPH;GRV;Zara Properties;MAIN;16|32
AEBBBA30;2;GPH;AMAG;Zara Properties;MAIN;16|33
AEBBBA30;3;GPH;EM;Zara Properties;MAIN;16|33
AEAFC2FB;1;GPH;RAD;Alta Mesa;MAIN;39
AEAFC2FB;2;GPH;SES;Alta Mesa;MAIN;39
AEAE0040;1;GPH;AMAG;Bear Lodge REE deposit;MAIN;95|102
AEAE0040;2;GPH;RAD;Bear Lodge REE deposit;MAIN;75|95|100|101|102
AEAE0040;3;GPH;IP;Bear Lodge REE deposit;MAIN;75|95|102
AEAE0040;4;GPH;RES;Bear Lodge REE deposit;MAIN;75|95
AEAE0040;5;GPH;MT;Bear Lodge REE deposit;MAIN;100|101|102|103
AEAE0040;6;GPH;EM;Bear Lodge REE deposit;MAIN;102
AEAE0040;7;GPH;GMAG;Bear Lodge REE deposit;MAIN;102
AEAE0040;8;GPH;GRV;Bear Lodge REE deposit;MAIN;102
AEDE62D6;1;GPH;IP;Copper Mountain;MAIN;71
AEDE62D6;2;GPH;AMAG;Copper Mountain;MAIN;71
AEDE62D6;3;GPH;RAD;Copper Mountain;MAIN;71
AEE15049;1;GPH;SES;Lanigan;MAIN;24|27|30
AEE15049;3;GPH;WLOG;Lanigan;MAIN;23|30
AEE48967;1;GPH;VLF;Teledyne Property Mineralization;MAIN;27
AEE48967;2;GPH;GMAG;Teledyne Property Mineralization;MAIN;27
AF1720C8;1;GPH;IP;Lorraine;MAIN;23
AF1720C8;2;GPH;GMAG;Lorraine;MAIN;23
AF1720C8;3;GPH;RAD;Lorraine;MAIN;23
AF1720C8;4;GPH;AMAG;Lorraine;MAIN;23
AEE79ED6;1;GPH;AMAG;Mphahlele;MAIN;59
AEE79ED6;2;GPH;RAD;Mphahlele;MAIN;59
AF2EC638;1;GPH;AMAG;Dyke 1;MAIN;63
AF30B60F;2;GPH;IP;Storie Deposit;MAIN;52
AF3642B4;1;GPH;AMAG;West Zone;MAIN;90|93
AF3642B4;2;GPH;EM;West Zone;MAIN;89|90|93|94|95|96
AF3CB523;1;GPH;AMAG;Geroe Creek;MAIN;17
AF6EC227;1;GPH;IP;Zone III;MAIN;38
AF65A631;1;GPH;RAD;San Antonio;MAIN;61
AF6028C1;1;GPH;EM;Patterson Lake South;MAIN;47|48|55|62
AF6028C1;2;GPH;AMAG;Patterson Lake South;MAIN;47|48|62
AF6028C1;3;GPH;RAD;Patterson Lake South;MAIN;47|62
AF6028C1;4;GPH;SP;Patterson Lake South;MAIN;47
AF6028C1;7;GPH;RES;Patterson Lake South;MAIN;48|51|62
AF7A5996;3;GPH;SES;Feature 17;MAIN;9
AF826833;1;GPH;AMAG;Guerrero Zone;MAIN;53|54
AF9775A6;1;GPH;RAD;Rea Property;MAIN;45
AF9775A6;2;GPH;EM;Rea Property;MAIN;45|47|65
AF9775A6;3;GPH;GRV;Rea Property;MAIN;45|61|65
AF9775A6;4;GPH;SES;Rea Property;MAIN;47
AF9775A6;5;GPH;IP;Rea Property;MAIN;47|61|65
AF9775A6;6;GPH;AMAG;Rea Property;MAIN;61|65
AF91961A;1;GPH;AMAG;Oyu Tolgoi;MAIN;153
AF91961A;2;GPH;GMAG;Oyu Tolgoi;MAIN;153|155
AF91961A;3;GPH;IP;Oyu Tolgoi;MAIN;153|154|155
AF91961A;4;GPH;GRV;Oyu Tolgoi;MAIN;154
AF91961A;5;GPH;EM;Oyu Tolgoi;MAIN;154
AF91961A;6;GPH;MT;Oyu Tolgoi;MAIN;142|154
AF91961A;9;GPH;SWIR;Oyu Tolgoi;MAIN;156
AFB572E8;1;GPH;AMAG;Lake Giles BIF;MAIN;24|27|29
AFBBFAEF;1;GPH;MT;FLV Project;MAIN;23|25|26
AF9E5FB1;1;GPH;EM;East Bull PGM Deposit;MAIN;35
AFA6403B;1;GPH;EM;McIlvenna Bay;MAIN;62|65
AFA6403B;2;GPH;AMAG;McIlvenna Bay;MAIN;64
AFC876ED;1;GPH;AMAG;Hopkins Prospect;MAIN;31|43
AFC876ED;2;GPH;EM;Hopkins Prospect;MAIN;31|43
AFF8A42B;1;GPH;GRV;Salar de Diablillos;MAIN;45|47
AFF8A42B;2;GPH;WLOG;Salar de Diablillos;MAIN;46
AFFC5ED9;1;GPH;GMAG;Tortigny;MAIN;62
AFFC5ED9;2;GPH;EM;Tortigny;MAIN;62|63|66
AFFC5ED9;3;GPH;GRV;Tortigny;MAIN;63
AFFC5ED9;4;GPH;IP;Tortigny;MAIN;66
B01784A1;1;GPH;MT;Pima Zinc;MAIN;16|25|26|27|28|29
B01784A1;2;GPH;IP;Pima Zinc;MAIN;24
B0364AFF;1;GPH;AMAG;CH-6;MAIN;62
B0364AFF;2;GPH;EM;CH-6;MAIN;62
B0364AFF;3;GPH;GMAG;CH-6;MAIN;62
B0364AFF;4;GPH;RES;CH-6;MAIN;62
B0364AFF;5;GPH;GRV;CH-6;MAIN;63
B05AE45A;1;GPH;EM;Main Grid Lenses;MAIN;12|19|20|21|24
B05AE45A;2;GPH;AMAG;Main Grid Lenses;MAIN;12|21
B05AE45A;3;GPH;GMAG;Main Grid Lenses;MAIN;12|20
B07C5FBD;1;GPH;RAD;Santa Barbara;MAIN;16|17|19|20
B07C5FBD;2;GPH;AMAG;Santa Barbara;MAIN;19
B097015C;1;GPH;AMAG;Johnny Lee deposit;MAIN;81
B097015C;2;GPH;RES;Johnny Lee deposit;MAIN;81
B097015C;3;GPH;GMAG;Johnny Lee deposit;MAIN;81
B078464E;1;GPH;AMAG;Platreef;MAIN;188
B078464E;2;GPH;GRV;Platreef;MAIN;188
B078464E;3;GPH;SP;Platreef;MAIN;188
B078464E;4;GPH;RES;Platreef;MAIN;188
B078464E;6;GPH;WLOG;Platreef;MAIN;188
B078464E;8;GPH;IP;Platreef;MAIN;188
B078464E;12;GPH;SES;Platreef;MAIN;188
B0A441D3;1;GPH;RAD;DASA;MAIN;60
B0B21297;1;GPH;AMAG;Silver Creek Deposit;MAIN;32
B0AC38AC;1;GPH;GRV;Salar de Olaroz;MAIN;89|92
B0AC38AC;2;GPH;MT;Salar de Olaroz;MAIN;89|97
B0C06706;1;GPH;RES;3Q Salar Complex;MAIN;15|86|87|89
B0C06706;2;GPH;SES;3Q Salar Complex;MAIN;87|89|90
B0C06706;3;GPH;UNS;3Q Salar Complex;MAIN;14|51|60|98
B0C5A51C;1;GPH;RES;Errington-Vermilion;MAIN;79
B0C5A51C;2;GPH;UNS;Errington-Vermilion;MAIN;79
B0C5A51C;3;GPH;EM;Errington-Vermilion;MAIN;79
B0C5A51C;4;GPH;AMAG;Errington-Vermilion;MAIN;79
B0C5A51C;5;GPH;GRV;Errington-Vermilion;MAIN;79
B0C5A51C;7;GPH;MT;Errington-Vermilion;MAIN;79|80
B0D6D6E4;1;GPH;EM;Shea Creek deposits;MAIN;38
B0D6D6E4;2;GPH;AMAG;Shea Creek deposits;MAIN;38
B0D6D6E4;3;GPH;GRV;Shea Creek deposits;MAIN;38
B0D6D6E4;4;GPH;RES;Shea Creek deposits;MAIN;39
B0D6D6E4;5;GPH;MT;Shea Creek deposits;MAIN;39
B0EEC314;1;GPH;GMAG;E Zone;MAIN;47
B0EEC314;2;GPH;AMAG;E Zone;MAIN;47
B0EEC314;3;GPH;EM;E Zone;MAIN;47
B0FC6517;1;GPH;AMAG;Adina;MAIN;50
B0FC6517;2;GPH;RAD;Adina;MAIN;50
B0FC6517;3;GPH;GRV;Adina;MAIN;51
B0F3C9AE;1;GPH;GMAG;Copper Creek;MAIN;128
B0F3C9AE;2;GPH;AMAG;Copper Creek;MAIN;128
B0F3C9AE;3;GPH;EM;Copper Creek;MAIN;128
B10F2073;1;GPH;IP;Accha;MAIN;37
B11780DB;1;GPH;IP;Morgan Peak;MAIN;31|32|33
B134AABA;1;GPH;GRV;K-Hill;MAIN;51|52|54
B134AABA;2;GPH;GMAG;K-Hill;MAIN;51|52
B134AABA;3;GPH;IP;K-Hill;MAIN;51|52|54
B122A638;1;GPH;UNS;Mantos Blancos;MAIN;60|61
B147148F;1;GPH;UNS;Andrade;MAIN;35
B147148F;2;GPH;IP;Andrade;MAIN;35
B147148F;3;GPH;GMAG;Andrade;MAIN;35
B1531D4A;1;GPH;IP;Estrades deposit;MAIN;58
B1531D4A;2;GPH;MT;Estrades deposit;MAIN;58
B1531D4A;3;GPH;EM;Estrades deposit;MAIN;58
B1531D4A;4;GPH;AMAG;Estrades deposit;MAIN;58
B1531D4A;5;GPH;GRV;Estrades deposit;MAIN;58
B1729D54;1;GPH;AMAG;Kapulo Copper Project;MAIN;59
B1729D54;2;GPH;RAD;Kapulo Copper Project;MAIN;59
B1729D54;4;GPH;MT;Kapulo Copper Project;MAIN;60
B17E6E97;1;GPH;SES;Cory;MAIN;28
B17E887B;1;GPH;IP;Yuby-Gabriela;MAIN;26
B17E887B;2;GPH;EM;Yuby-Gabriela;MAIN;26
B18735EF;1;GPH;EM;Woodlawn;MAIN;80|90|91
B18735EF;2;GPH;IP;Woodlawn;MAIN;80
B18735EF;3;GPH;AMAG;Woodlawn;MAIN;80|90
B18735EF;4;GPH;GRV;Woodlawn;MAIN;80
B1A13818;1;GPH;RAD;Fraser Lakes Zone B;MAIN;32
B1A13818;2;GPH;EM;Fraser Lakes Zone B;MAIN;32
B1A13818;3;GPH;AMAG;Fraser Lakes Zone B;MAIN;32
B1A13818;4;GPH;VLF;Fraser Lakes Zone B;MAIN;32
B1A13818;5;GPH;GMAG;Fraser Lakes Zone B;MAIN;32
B1A89748;1;GPH;VLF;Bissett Creek;MAIN;74
B1A89748;2;GPH;GMAG;Bissett Creek;MAIN;74
B1A89748;5;GPH;IP;Bissett Creek;MAIN;76
B1D34CF8;1;GPH;RES;São Manuel and São Rubens;MAIN;61|62|63
B1AF399D;1;GPH;GMAG;Mountain Lake deposit;MAIN;21
B1AF399D;2;GPH;EM;Mountain Lake deposit;MAIN;21
B1AF399D;3;GPH;RES;Mountain Lake deposit;MAIN;21
B1AF399D;4;GPH;AMAG;Mountain Lake deposit;MAIN;21
B1DAFF4C;1;GPH;IP;Rosario;MAIN;37
B1DAFF4C;2;GPH;AMAG;Rosario;MAIN;37
B1DAFF4C;3;GPH;EM;Rosario;MAIN;37
B1DAFF4C;4;GPH;GRV;Rosario;MAIN;37
B200160F;1;GPH;EM;Main deposit;MAIN;25
B200160F;2;GPH;GRV;Main deposit;MAIN;25
B200160F;3;GPH;IP;Main deposit;MAIN;29
B20E7A14;1;GPH;VLF;Carmacks Copper deposit;MAIN;29
B20E7A14;2;GPH;GMAG;Carmacks Copper deposit;MAIN;29
B20E7A14;3;GPH;AMAG;Carmacks Copper deposit;MAIN;29
B20E7A14;4;GPH;RAD;Carmacks Copper deposit;MAIN;29
B20E7A14;5;GPH;UNS;Carmacks Copper deposit;MAIN;29
B20E7A14;6;GPH;IP;Carmacks Copper deposit;MAIN;29
B2254A7C;1;GPH;AMAG;Brynnor deposit;MAIN;13
B2254A7C;2;GPH;GMAG;Brynnor deposit;MAIN;11|12|13|14
B21CC707;1;GPH;GRV;Lagoa Salgada;MAIN;100|116
B21CC707;2;GPH;UNS;Lagoa Salgada;MAIN;116
B21CC707;3;GPH;IP;Lagoa Salgada;MAIN;116|117
B21CC707;4;GPH;EM;Lagoa Salgada;MAIN;118
B21CC707;5;GPH;MALM;Lagoa Salgada;MAIN;120
B2395BAB;1;GPH;AMAG;Sullipek Deposit;MAIN;33|35
B2395BAB;2;GPH;EM;Sullipek Deposit;MAIN;33
B2395BAB;3;GPH;GRV;Sullipek Deposit;MAIN;33|35|36
B2395BAB;4;GPH;RAD;Sullipek Deposit;MAIN;35
B2395BAB;6;GPH;IP;Sullipek Deposit;MAIN;35|36
B23C32EE;1;GPH;AMAG;Mount Andrew;MAIN;18|19
B26A412B;1;GPH;AMAG;Michelin Deposit;MAIN;32|34
B26A412B;2;GPH;RAD;Michelin Deposit;MAIN;32|34
B2770364;1;GPH;AMAG;Buckton Zone;MAIN;36
B2A16363;2;GPH;IP;Storie Deposit;MAIN;34
B2A16363;5;GPH;AMAG;Storie Deposit;MAIN;35
B2AC365C;1;GPH;GMAG;Antilla;MAIN;50
B2AC365C;2;GPH;IP;Antilla;MAIN;50
B2C170AA;1;GPH;AMAG;Eagle's Nest;MAIN;65|66
B2C170AA;2;GPH;EM;Eagle's Nest;MAIN;65|66|67|70|74
B2C170AA;3;GPH;GRV;Eagle's Nest;MAIN;65|70
B2C170AA;5;GPH;GMAG;Eagle's Nest;MAIN;69|70
B2C170AA;6;GPH;IP;Eagle's Nest;MAIN;69|73
B2C170AA;7;GPH;VLF;Eagle's Nest;MAIN;67
B2CB2E02;1;GPH;AMAG;Kangiq Project;MAIN;19|22
B2CB2E02;2;GPH;RAD;Kangiq Project;MAIN;19|22
B2CB2E02;3;GPH;VLF;Kangiq Project;MAIN;19|22
B2CF0238;1;GPH;AMAG;Star Kimberlite;MAIN;81
B2CF0238;2;GPH;EM;Star Kimberlite;MAIN;81|84|85
B2CF0238;3;GPH;GMAG;Star Kimberlite;MAIN;86
B2CF0238;4;GPH;SES;Star Kimberlite;MAIN;82|86
B2CF0238;5;GPH;RAD;Star Kimberlite;MAIN;87
B2D6E492;1;GPH;AMAG;Broken Hammer Zone;MAIN;10
B2D6E492;2;GPH;EM;Broken Hammer Zone;MAIN;10|34|35
B2D6E492;3;GPH;IP;Broken Hammer Zone;MAIN;10|34
B2E5BF41;1;GPH;AMAG;Lac Ritchie;MAIN;30|33
B2EFBADD;1;GPH;SES;Cauchari-Olaroz;MAIN;105|106
B2EFBADD;2;GPH;GRV;Cauchari-Olaroz;MAIN;105|109
B2EFBADD;3;GPH;EM;Cauchari-Olaroz;MAIN;105|112
B2EFBADD;4;GPH;RES;Cauchari-Olaroz;MAIN;105|117
B3175CE4;1;GPH;EM;Chu Chua deposit;MAIN;18|25
B3175CE4;3;GPH;AMAG;Chu Chua deposit;MAIN;25
B31A2421;1;GPH;AMAG;Tuzo;MAIN;59
B31A2421;2;GPH;EM;Tuzo;MAIN;59
B31A2421;3;GPH;GRV;Tuzo;MAIN;59
B3208D52;2;GPH;AMAG;West Desert;MAIN;66
B3208D52;3;GPH;IP;West Desert;MAIN;67
B3217946;1;GPH;GMAG;NH showing;MAIN;47
B3217946;2;GPH;IP;NH showing;MAIN;47
B3217946;3;GPH;AMAG;NH showing;MAIN;20
B326B41E;1;GPH;AMAG;Bégin-Lamarche;MAIN;74
B34EEA55;2;GPH;EM;Solwara 1;MAIN;41|73
B379FD56;1;GPH;WLOG;Eyehill Creek;MAIN;14|15|16|17
B392A0D9;1;GPH;GRV;Valley deposit;MAIN;25
B3846215;1;GPH;AMAG;UG2 Reef;MAIN;48|56|59
B3947C72;1;GPH;IP;Blue Moon deposit;MAIN;34
B3947C72;2;GPH;EM;Blue Moon deposit;MAIN;34
B3947C72;3;GPH;GMAG;Blue Moon deposit;MAIN;34
B3A5096D;1;GPH;GMAG;Halle Komatiite Target;MAIN;26
B3A5096D;2;GPH;EM;Halle Komatiite Target;MAIN;26|27
B3A48A7F;1;GPH;UNS;Bull River Mine;MAIN;49
B3A48A7F;3;GPH;EM;Bull River Mine;MAIN;49
B3A48A7F;4;GPH;AMAG;Bull River Mine;MAIN;49
B3A48A7F;5;GPH;VLF;Bull River Mine;MAIN;49
B3A48A7F;6;GPH;IP;Bull River Mine;MAIN;49
B3AF755E;3;GPH;SES;EPL 3403 Diamond Deposits;MAIN;25
B3E4969B;2;GPH;AMAG;Twin Peaks Project;MAIN;47|48
B3E4969B;6;GPH;RAD;Twin Peaks Project;MAIN;49
B3C23B68;1;GPH;UNS;Tapuli;MAIN;34|38|42
B3E1F3DA;1;GPH;AMAG;Ralleau VMS System;MAIN;30
B3E1F3DA;2;GPH;IP;Ralleau VMS System;MAIN;41
B3E1F3DA;3;GPH;EM;Ralleau VMS System;MAIN;34
B3E1F3DA;4;GPH;UNS;Ralleau VMS System;MAIN;41
B3EFAB2A;1;GPH;WLOG;Lease LO 425;MAIN;14
B3FBCDC8;1;GPH;GMAG;MGT zone;MAIN;32
B3FBCDC8;2;GPH;VLF;MGT zone;MAIN;32
B406E1EC;1;GPH;AMAG;Sunrise;MAIN;118
B406E1EC;2;GPH;GMAG;Sunrise;MAIN;118
B40EF808;3;GPH;IP;South Corridor;MAIN;29
B40EF808;4;GPH;GMAG;South Corridor;MAIN;29
B41933B9;1;GPH;IP;Sulfato South;MAIN;50|51|52|55
B41933B9;2;GPH;MT;Sulfato South;MAIN;52|53|54|55
B41933B9;4;GPH;EM;Sulfato South;MAIN;56|58|59|60
B41933B9;5;GPH;AMAG;Sulfato South;MAIN;56|57
B4201168;1;GPH;IP;Main Zone;MAIN;86
B4201168;2;GPH;UNS;Main Zone;MAIN;87
B44DAC75;1;GPH;IP;Schaft Creek;MAIN;96
B44DAC75;2;GPH;RES;Schaft Creek;MAIN;96
B44DAC75;3;GPH;GMAG;Schaft Creek;MAIN;96|101
B44DAC75;4;GPH;MT;Schaft Creek;MAIN;96
B44DAC75;5;GPH;AMAG;Schaft Creek;MAIN;99
B44DAC75;6;GPH;EM;Schaft Creek;MAIN;100
B456AC72;1;GPH;AMAG;Wing Lake Property;MAIN;45
B456AC72;2;GPH;RAD;Wing Lake Property;MAIN;49
B47F0CCA;1;GPH;GMAG;El Creston;MAIN;23
B485DE79;1;GPH;UNS;Nyngan;MAIN;58
B4825DFB;1;GPH;EM;Henday Project;MAIN;17
B4825DFB;2;GPH;AMAG;Henday Project;MAIN;17
B4956925;1;GPH;AMAG;Mavres Petres;MAIN;20
B4956925;2;GPH;RAD;Mavres Petres;MAIN;20
B4956925;3;GPH;EM;Mavres Petres;MAIN;20
B4865FE5;1;GPH;GMAG;Kharmagtai;MAIN;61
B4865FE5;2;GPH;GRV;Kharmagtai;MAIN;61
B4865FE5;3;GPH;IP;Kharmagtai;MAIN;61
B4865FE5;4;GPH;MT;Kharmagtai;MAIN;61
B4865FE5;5;GPH;SWIR;Kharmagtai;MAIN;59
B4B96E41;1;GPH;GRV;Sarcobatus Flat;MAIN;25
B4B96E41;2;GPH;UNS;Sarcobatus Flat;MAIN;25
B4BC8224;1;GPH;AMAG;Goulamina;MAIN;33|34
B4C69380;1;GPH;GRV;Waterberg Extension Project;MAIN;44|45|48
B4C69380;2;GPH;AMAG;Waterberg Extension Project;MAIN;44|45
B4C69380;3;GPH;RAD;Waterberg Extension Project;MAIN;45
B4C8F2E1;1;GPH;UNS;Santa Rita;MAIN;41
B5071E8D;1;GPH;GMAG;Unkur;MAIN;52
B5071E8D;2;GPH;IP;Unkur;MAIN;21|49
B50D6D41;1;GPH;MALM;North Hitura;MAIN;26
B51A55F7;1;GPH;AMAG;Crawford Ultramafic Complex;MAIN;69
B51A55F7;2;GPH;EM;Crawford Ultramafic Complex;MAIN;69
B51A55F7;3;GPH;GRV;Crawford Ultramafic Complex;MAIN;69
B5441F2C;1;GPH;RES;Salar de Tolillar;MAIN;56|58|66|67
B521070F;1;GPH;EM;Burnt Hill;MAIN;45
B521070F;2;GPH;RES;Burnt Hill;MAIN;45
B521070F;3;GPH;AMAG;Burnt Hill;MAIN;45
B52A6CA8;4;GPH;AMAG;Cobrasco;MAIN;73|82
B52A6CA8;5;GPH;RAD;Cobrasco;MAIN;73|82
B52A6CA8;7;GPH;IP;Cobrasco;MAIN;73|84
B553CE01;1;GPH;EM;Miller;MAIN;24|26|31|33|34|35
B553CE01;2;GPH;IP;Miller;MAIN;24|26
B553CE01;3;GPH;AMAG;Miller;MAIN;31
B562C39C;1;GPH;AMAG;Lake Giles Iron;MAIN;30|31
B568B923;1;GPH;AMAG;Kili Teke;MAIN;24
B5C18C7A;1;GPH;MT;Matagami VMS Deposits;MAIN;142
B5C18C7A;2;GPH;AMAG;Matagami VMS Deposits;MAIN;142|147|150
B5C18C7A;3;GPH;VLF;Matagami VMS Deposits;MAIN;142
B5B10CA3;1;GPH;AMAG;Dotson Zone;MAIN;75
B5B10CA3;2;GPH;RAD;Dotson Zone;MAIN;75|89
B5B10CA3;3;GPH;GMAG;Dotson Zone;MAIN;86
B5CDA0E1;1;GPH;IP;Majuba Hill;MAIN;42|44
B60638E6;1;GPH;RAD;Foxtrot Project;MAIN;45
B60638E6;2;GPH;AMAG;Foxtrot Project;MAIN;45
B60638E6;3;GPH;GMAG;Foxtrot Project;MAIN;39
B5CEF9A7;1;GPH;GMAG;Bloom Lake;MAIN;85
B5CEF9A7;2;GPH;AMAG;Bloom Lake;MAIN;91
B616D0D8;1;GPH;EM;Fabie Bay;MAIN;50
B616D0D8;2;GPH;AMAG;Fabie Bay;MAIN;50
B616D0D8;3;GPH;RAD;Fabie Bay;MAIN;50
B6220A88;1;GPH;IP;Karchiga;MAIN;38|39|40|42|45
B6220A88;3;GPH;GMAG;Karchiga;MAIN;39
B6135801;1;GPH;GRV;WBJV Project 1;MAIN;60|68|106
B6135801;2;GPH;GMAG;WBJV Project 1;MAIN;68|73|75|106|108
B6135801;3;GPH;AMAG;WBJV Project 1;MAIN;60|68|71|106|108
B6135801;4;GPH;WLOG;WBJV Project 1;MAIN;73|74
B6135801;6;GPH;SES;WBJV Project 1;MAIN;66
B63B2749;1;GPH;GMAG;Kombat Mine;MAIN;83
B63B2749;2;GPH;AMAG;Kombat Mine;MAIN;83
B63B2749;3;GPH;IP;Kombat Mine;MAIN;83
B63B2749;4;GPH;SES;Kombat Mine;MAIN;83
B64C6321;1;GPH;AMAG;Etamame Lake Ultramafic Complex;MAIN;12|18
B64C6321;2;GPH;EM;Etamame Lake Ultramafic Complex;MAIN;12|18
B657FEB6;1;GPH;IP;San Agustin;MAIN;84|87
B65E74AD;1;GPH;IP;Elura/Endeavor deposit;MAIN;31
B65E74AD;2;GPH;MT;Elura/Endeavor deposit;MAIN;32
B65E74AD;3;GPH;EM;Elura/Endeavor deposit;MAIN;32
B666BDD8;1;GPH;EM;Cooke Mine;MAIN;50|55|76
B666BDD8;2;GPH;AMAG;Cooke Mine;MAIN;55
B666BDD8;3;GPH;GMAG;Cooke Mine;MAIN;76
B69D7BEE;1;GPH;AMAG;Kakanda;MAIN;16
B69D7BEE;2;GPH;RAD;Kakanda;MAIN;16
B69D7BEE;3;GPH;EM;Kakanda;MAIN;16
B67CE14C;1;GPH;AMAG;Tres Corrales;MAIN;37|45
B67CE14C;2;GPH;RAD;Tres Corrales;MAIN;47|49|60|71
B67CE14C;3;GPH;GMAG;Tres Corrales;MAIN;47|48|49|60
B67CE14C;4;GPH;WLOG;Tres Corrales;MAIN;71
B6819A14;1;GPH;RAD;Dasa;MAIN;109
B6B6C780;1;GPH;EM;La Loutre;MAIN;53
B6B6C780;2;GPH;AMAG;La Loutre;MAIN;53
B6BA16BD;1;GPH;AMAG;Kipoi Central;MAIN;35
B6B13FC0;1;GPH;IP;Main Zone;MAIN;42|46
B6B13FC0;2;GPH;GMAG;Main Zone;MAIN;46
B6B13FC0;3;GPH;AMAG;Main Zone;MAIN;42|43
B6B13FC0;4;GPH;RAD;Main Zone;MAIN;42|43
B6FDAA68;1;GPH;UNS;Vale dos Sonhos;MAIN;40
B6FDAA68;2;GPH;AMAG;Vale dos Sonhos;MAIN;40
B6FDAA68;3;GPH;RAD;Vale dos Sonhos;MAIN;40
B71E7083;1;GPH;IP;Karchiga;MAIN;63|64
B71E7083;2;GPH;GMAG;Karchiga;MAIN;63
B710F221;1;GPH;EM;Denison;MAIN;50|52
B710F221;2;GPH;IP;Denison;MAIN;52
B727CF37;1;GPH;IP;Southeast Zone;MAIN;131
B727CF37;2;GPH;RES;Southeast Zone;MAIN;131
B727CF37;3;GPH;GMAG;Southeast Zone;MAIN;131|133
B7381D9B;1;GPH;GMAG;KéMag Deposit;MAIN;79
B7381D9B;2;GPH;AMAG;KéMag Deposit;MAIN;79
B7381D9B;3;GPH;EM;KéMag Deposit;MAIN;79
B784E50F;1;GPH;MT;Sunnyside;MAIN;52
B784E50F;2;GPH;IP;Sunnyside;MAIN;52
B7919F26;1;GPH;EM;Waterbury Project;MAIN;28
B7919F26;2;GPH;AMAG;Waterbury Project;MAIN;28
B7919F26;3;GPH;RES;Waterbury Project;MAIN;52
B7919F26;4;GPH;IP;Waterbury Project;MAIN;52
B7C804D4;1;GPH;AMAG;Capim Grosso;MAIN;47|50|60
B7CCE830;1;GPH;AMAG;Cyclone Rim Project;MAIN;29
B7CCE830;2;GPH;RAD;Cyclone Rim Project;MAIN;29
B7CD00DD;1;GPH;RAD;Macusani Property;MAIN;26|33
B7D15E22;1;GPH;EM;Buckingham Graphite;MAIN;38
B7E02F2E;1;GPH;IP;Kaukua;MAIN;50
B7EFF683;1;GPH;EM;Big Daddy chromite deposit;MAIN;16
B7EFF683;2;GPH;AMAG;Big Daddy chromite deposit;MAIN;16
B7EFF683;3;GPH;VLF;Big Daddy chromite deposit;MAIN;16
B7EFF683;4;GPH;GMAG;Big Daddy chromite deposit;MAIN;16|20
B7EFF683;5;GPH;GRV;Big Daddy chromite deposit;MAIN;20
B818DD53;1;GPH;EM;Wales Lake East;MAIN;45|46
B82BB151;1;GPH;GMAG;Tchiuzo;MAIN;84
B82BB151;2;GPH;EM;Tchiuzo;MAIN;84
B82BB151;3;GPH;MT;Tchiuzo;MAIN;84
B82D650F;1;GPH;SES;Paris Hills;MAIN;63|65
B82D650F;2;GPH;RAD;Paris Hills;MAIN;65
84772F05;1;GPH;AMAG;Peñasco;MAIN;34
84772F05;2;GPH;MT;Peñasco;MAIN;32|34
84772F05;3;GPH;IP;Peñasco;MAIN;34
844A5C94;3;GPH;AMAG;La Escandalosa;MAIN;51
844A5C94;4;GPH;RAD;La Escandalosa;MAIN;51
844FA4D4;1;GPH;AMAG;Sandman;MAIN;40|47
844FA4D4;2;GPH;GRV;Sandman;MAIN;40
84A51183;1;GPH;GMAG;Pimenton Porphyry;MAIN;45|47
84A51183;2;GPH;IP;Pimenton Porphyry;MAIN;45|47
85EBE620;1;GPH;IP;Laowangshan;MAIN;24|26
85EBE620;2;GPH;EM;Laowangshan;MAIN;24|27
85FE3856;2;GPH;GMAG;Cerro Casale;MAIN;84
85FE3856;3;GPH;AMAG;Cerro Casale;MAIN;84
85FE3856;4;GPH;MT;Cerro Casale;MAIN;84
860C79C1;1;GPH;GRV;Long Canyon;MAIN;55
860C79C1;2;GPH;IP;Long Canyon;MAIN;57
870281D2;1;GPH;IP;Didipio;MAIN;44
87AFFC35;1;GPH;IP;Boulevard;MAIN;9|19
87AFFC35;2;GPH;GMAG;Boulevard;MAIN;9|19
87AFFC35;3;GPH;AMAG;Boulevard;MAIN;9
896CC7B8;2;GPH;IP;Karakartal;MAIN;24
896CC7B8;3;GPH;GMAG;Karakartal;MAIN;24
8A66B276;1;GPH;EM;Wishbone Project;MAIN;32
8A66B276;2;GPH;AMAG;Wishbone Project;MAIN;32
8AC94999;1;GPH;EM;Black Dog and SRV;MAIN;29
8AC94999;2;GPH;AMAG;Black Dog and SRV;MAIN;29
8B378B3D;1;GPH;AMAG;17 Zone;MAIN;23|27|37
8B378B3D;2;GPH;EM;17 Zone;MAIN;27|28
8AC4046D;1;GPH;VLF;Bug Lake;MAIN;32
8ACA41EE;1;GPH;GMAG;Guayabito;MAIN;29|30
8ACA41EE;2;GPH;IP;Guayabito;MAIN;30
8ACA41EE;3;GPH;VLF;Guayabito;MAIN;30
8B59A824;1;GPH;IP;Çorak;MAIN;6|63|65
8B59A824;2;GPH;GMAG;Çorak;MAIN;63
8B7D478D;1;GPH;IP;Taunus;MAIN;49
8B7D478D;2;GPH;GMAG;Taunus;MAIN;49
8BA0D36D;1;GPH;GMAG;Sandeb Property;MAIN;59|75
8BA0D36D;2;GPH;VLF;Sandeb Property;MAIN;75
8BA0D36D;3;GPH;AMAG;Sandeb Property;MAIN;59|73
8BA0D36D;4;GPH;EM;Sandeb Property;MAIN;72|73
8BA0D36D;5;GPH;IP;Sandeb Property;MAIN;59
8D998D8D;1;GPH;NMR;Cloverdale mine;MAIN;24|25
8BECD458;1;GPH;VLF;Bonanza Ledge;MAIN;46|55
8BECD458;2;GPH;GMAG;Bonanza Ledge;MAIN;46|55
8BECD458;3;GPH;IP;Bonanza Ledge;MAIN;46|55
8BECD458;4;GPH;SP;Bonanza Ledge;MAIN;46|55
8BECD458;6;GPH;GRV;Bonanza Ledge;MAIN;51
8D1EDC27;1;GPH;GMAG;Montauban Deposit;MAIN;12
8D1EDC27;2;GPH;VLF;Montauban Deposit;MAIN;12
8C3BC820;3;GPH;IP;San Andres;MAIN;54
8C3BC820;4;GPH;GMAG;San Andres;MAIN;54
8F5CFF24;1;GPH;GMAG;Tad Porphyry;MAIN;26
8F5CFF24;2;GPH;IP;Tad Porphyry;MAIN;26
8F5CFF24;3;GPH;VLF;Tad Porphyry;MAIN;26
8F5CFF24;4;GPH;AMAG;Tad Porphyry;MAIN;26|33
8F5CFF24;5;GPH;RAD;Tad Porphyry;MAIN;26|33
8E13042B;1;GPH;GMAG;Bulagou;MAIN;53
8E13042B;2;GPH;IP;Bulagou;MAIN;52
8FF1F45B;1;GPH;EM;Rainy River Gold Project;MAIN;55
8FF1F45B;2;GPH;IP;Rainy River Gold Project;MAIN;55
8FF1F45B;3;GPH;GRV;Rainy River Gold Project;MAIN;55
8FF1F45B;4;GPH;MT;Rainy River Gold Project;MAIN;55
8FF1F45B;5;GPH;AMAG;Rainy River Gold Project;MAIN;55
907966F2;1;GPH;AMAG;Igwageta Prospect;MAIN;27
907966F2;2;GPH;RAD;Igwageta Prospect;MAIN;27
911C5E57;1;GPH;EM;Hassai VMS;MAIN;64
911C5E57;2;GPH;SP;Hassai VMS;MAIN;64
911C5E57;3;GPH;GRV;Hassai VMS;MAIN;64
909923A1;1;GPH;AMAG;Caspiche Porphyry;MAIN;53|54
909923A1;2;GPH;MT;Caspiche Porphyry;MAIN;53|54
909923A1;3;GPH;VLF;Caspiche Porphyry;MAIN;53
909923A1;4;GPH;IP;Caspiche Porphyry;MAIN;53|54
909923A1;5;GPH;RES;Caspiche Porphyry;MAIN;54
91497175;1;GPH;GMAG;Vein No. 12;MAIN;13
91497175;2;GPH;EM;Vein No. 12;MAIN;13
9188BA5D;1;GPH;EM;El Yujo;MAIN;34
92155D9C;1;GPH;UNS;Tabakoto;MAIN;72
92155D9C;4;GPH;IP;Tabakoto;MAIN;82
92155D9C;5;GPH;VLF;Tabakoto;MAIN;86
92ED96D6;1;GPH;IP;Jake Showing;MAIN;10|18
92ED96D6;2;GPH;GMAG;Jake Showing;MAIN;10|16
92ED96D6;3;GPH;VLF;Jake Showing;MAIN;10|16
9314485E;1;GPH;AMAG;Napoleon;MAIN;21
9351EB0A;1;GPH;AMAG;Iskut Deposit;MAIN;22
9421460D;1;GPH;GMAG;Dingman;MAIN;42
9421460D;2;GPH;VLF;Dingman;MAIN;42|44
94432E33;1;GPH;GMAG;Swordfish zone;MAIN;30
94432E33;2;GPH;VLF;Swordfish zone;MAIN;30
94432E33;3;GPH;AMAG;Swordfish zone;MAIN;30
94432E33;4;GPH;MT;Swordfish zone;MAIN;31
94432E33;5;GPH;IP;Swordfish zone;MAIN;31
94432E33;6;GPH;RES;Swordfish zone;MAIN;31
94432E33;7;GPH;SP;Swordfish zone;MAIN;31
95577C17;1;GPH;EM;Hall Lake felsic dyke mineralization;MAIN;26|27
95577C17;2;GPH;AMAG;Hall Lake felsic dyke mineralization;MAIN;26|27
9576C90F;1;GPH;IP;Hirsikangas;MAIN;48|49
9576C90F;2;GPH;GMAG;Hirsikangas;MAIN;48|50
952859A9;1;GPH;RAD;Wolf Property;MAIN;26
952859A9;2;GPH;GMAG;Wolf Property;MAIN;26
952859A9;3;GPH;AMAG;Wolf Property;MAIN;16
96A1679E;1;GPH;AMAG;Serra Pelada;MAIN;23
96A1679E;2;GPH;EM;Serra Pelada;MAIN;23|24
96A1679E;3;GPH;RAD;Serra Pelada;MAIN;24
98AD8881;1;GPH;AMAG;Peñasco;MAIN;32
98AD8881;2;GPH;MT;Peñasco;MAIN;32
98AD8881;3;GPH;IP;Peñasco;MAIN;32
96A7F58A;1;GPH;IP;El Compas;MAIN;52
96A7F58A;2;GPH;GMAG;El Compas;MAIN;52
96A7F58A;4;GPH;SWIR;El Compas;MAIN;52
98E7B17D;1;GPH;UNS;Bong Mieu East;MAIN;48
98E7B17D;2;GPH;IP;Bong Mieu East;MAIN;80
98E7B17D;4;GPH;GMAG;Bong Mieu East;MAIN;83
9A55BCB1;1;GPH;GMAG;Descubridora;MAIN;21
9B3C4EEB;1;GPH;AMAG;Cross Mine;MAIN;50
9B509116;1;GPH;AMAG;JJ Main;MAIN;25
9B509116;2;GPH;IP;JJ Main;MAIN;29|31|33
9B449107;1;GPH;EM;La India;MAIN;52|53
9B449107;2;GPH;AMAG;La India;MAIN;52|53
9B449107;3;GPH;IP;La India;MAIN;52|57
9BEF8EE6;1;GPH;IP;El Capitan;MAIN;49
9C45E05D;1;GPH;VLF;Bullard Pass Property;MAIN;12
9C829B6E;1;GPH;SP;North Deposit (Bai Go);MAIN;75
9D3D5C3B;1;GPH;MT;Rob Property;MAIN;8
9D5FCF42;1;GPH;EM;Auden Property Gold;MAIN;33
9D5FCF42;2;GPH;AMAG;Auden Property Gold;MAIN;33
9D5FCF42;3;GPH;GMAG;Auden Property Gold;MAIN;21
9C83427A;1;GPH;AMAG;Cleary Hill;MAIN;13|16
9C83427A;2;GPH;RES;Cleary Hill;MAIN;21
9C83427A;3;GPH;VLF;Cleary Hill;MAIN;21
9DF977C3;1;GPH;GMAG;Haile;MAIN;50
9DF977C3;2;GPH;IP;Haile;MAIN;50
9DF977C3;3;GPH;EM;Haile;MAIN;50
9E069746;1;GPH;GMAG;Mitoma;MAIN;61|70
9E069746;2;GPH;EM;Mitoma;MAIN;70
9E75C3FF;3;GPH;AMAG;EMZ;MAIN;45
9E75C3FF;4;GPH;IP;EMZ;MAIN;47
9E54A327;1;GPH;VLF;Buzzard Prospect;MAIN;27
9E54A327;2;GPH;GMAG;Buzzard Prospect;MAIN;27
9E54A327;3;GPH;AMAG;Buzzard Prospect;MAIN;27
9E54A327;4;GPH;EM;Buzzard Prospect;MAIN;27
9E54A327;5;GPH;RAD;Buzzard Prospect;MAIN;27
9EFA5D28;1;GPH;IP;San Rafael vein;MAIN;11
9EFA5D28;2;GPH;MT;San Rafael vein;MAIN;21
9FA0906C;1;GPH;AMAG;Titan;MAIN;21|23|28
9FA0906C;2;GPH;RAD;Titan;MAIN;21|23|28
9FA0906C;3;GPH;VLF;Titan;MAIN;23
A0D0B12A;2;GPH;GMAG;CSH Mine;MAIN;28
A0D0B12A;3;GPH;EM;CSH Mine;MAIN;28
9FC4FC49;1;GPH;UNS;Robertson;MAIN;57
A026CFAE;2;GPH;RAD;Cerro Quema;MAIN;44
A026CFAE;3;GPH;GMAG;Cerro Quema;MAIN;44
A1918878;1;GPH;IP;Golden Gap;MAIN;14
A1918878;2;GPH;EM;Golden Gap;MAIN;14
A2955C3F;3;GPH;IP;Pickle Crow;MAIN;87
A2955C3F;4;GPH;GMAG;Pickle Crow;MAIN;87
A2955C3F;5;GPH;EM;Pickle Crow;MAIN;91
A2955C3F;6;GPH;AMAG;Pickle Crow;MAIN;91
A36D4C9A;1;GPH;AMAG;Isabella Gold Silver Project;MAIN;43
A36D6A11;1;GPH;RAD;Pucamayo East;MAIN;9
A36D6A11;2;GPH;GMAG;Pucamayo East;MAIN;9
A36D6A11;3;GPH;IP;Pucamayo East;MAIN;9
A3D16B47;1;GPH;IP;Detour Lake deposit;MAIN;47
A4E46E62;1;GPH;IP;Leprechaun gold deposit;MAIN;50
A4E46E62;2;GPH;AMAG;Leprechaun gold deposit;MAIN;43
A4E46E62;3;GPH;GMAG;Leprechaun gold deposit;MAIN;43
A5B0BFB3;1;GPH;EM;Osbell deposit;MAIN;70|71|72
A5B0BFB3;2;GPH;AMAG;Osbell deposit;MAIN;70
A5B0BFB3;3;GPH;VLF;Osbell deposit;MAIN;72
A5B0BFB3;4;GPH;IP;Osbell deposit;MAIN;72
A5041C14;1;GPH;AMAG;Tumpangpitu;MAIN;27|78
A5041C14;2;GPH;GMAG;Tumpangpitu;MAIN;74
A5041C14;3;GPH;IP;Tumpangpitu;MAIN;74|80
A5041C14;4;GPH;RAD;Tumpangpitu;MAIN;78
A66D3126;1;GPH;AMAG;Lucky Shot;MAIN;20
A67ED057;1;GPH;IP;Camp Zone;MAIN;27
A67ED057;2;GPH;MT;Camp Zone;MAIN;27
A68EC82E;1;GPH;GRV;Black Point;MAIN;11|16|25
A71B785C;1;GPH;AMAG;Grota Sêca;MAIN;46|47
A71B785C;2;GPH;RAD;Grota Sêca;MAIN;46|47
A7373918;1;GPH;AMAG;Boundary Zone;MAIN;32
A7373918;2;GPH;RAD;Boundary Zone;MAIN;32
A776B866;2;GPH;UNS;Angovia 1;MAIN;20
A776B866;3;GPH;RES;Angovia 1;MAIN;21
A746F9F0;1;GPH;AMAG;Cariboo Goldfields Property;MAIN;27
A8AEF4A0;1;GPH;IP;Storm;MAIN;25|26
A8C0B23A;1;GPH;GMAG;Amadeus Zone;MAIN;33|36
A8C0B23A;2;GPH;VLF;Amadeus Zone;MAIN;33|36
A8C0B23A;3;GPH;IP;Amadeus Zone;MAIN;33|36
A8BEF1DD;1;GPH;GMAG;Campamento;MAIN;41|45
A8BEF1DD;2;GPH;IP;Campamento;MAIN;41|46
A8BEF1DD;3;GPH;AMAG;Campamento;MAIN;45|46
AB6D0D58;1;GPH;IP;Isabelle showing;MAIN;15
AB6D0D58;2;GPH;GMAG;Isabelle showing;MAIN;15
AB6D0D58;3;GPH;AMAG;Isabelle showing;MAIN;14
AC1F4503;1;GPH;IP;Wona;MAIN;39
AB43744A;1;GPH;AMAG;Rosebel deposits;MAIN;36
AB72D5CD;1;GPH;GRV;Golden Arrow;MAIN;61
AB72D5CD;2;GPH;AMAG;Golden Arrow;MAIN;63
AB72D5CD;3;GPH;EM;Golden Arrow;MAIN;63
AB72D5CD;4;GPH;RES;Golden Arrow;MAIN;65
AD1D8999;1;GPH;AMAG;Isabelle zone;MAIN;15
AD755402;1;GPH;UNS;Kenwest Property;MAIN;31
ADFF5BE7;1;GPH;IP;Pico Machay;MAIN;44
ADFF5BE7;2;GPH;GMAG;Pico Machay;MAIN;44
AF27AF85;1;GPH;AMAG;Greater Cangrejos;MAIN;30|48
AF27AF85;3;GPH;RAD;Greater Cangrejos;MAIN;48
AF27AF85;4;GPH;IP;Greater Cangrejos;MAIN;48
AF27AF85;5;GPH;RES;Greater Cangrejos;MAIN;48
AF27AF85;6;GPH;GMAG;Greater Cangrejos;MAIN;48
B0005694;1;GPH;IP;Metates;MAIN;64
AF987718;1;GPH;IP;Graben deposit;MAIN;20|22|77
AF987718;2;GPH;RES;Graben deposit;MAIN;22|77
AF987718;3;GPH;AMAG;Graben deposit;MAIN;22|77
AF987718;4;GPH;MT;Graben deposit;MAIN;74|77
AF987718;5;GPH;EM;Graben deposit;MAIN;74|77
AF987718;6;GPH;GMAG;Graben deposit;MAIN;77
AF987718;7;GPH;VLF;Graben deposit;MAIN;77
AF987718;8;GPH;SES;Graben deposit;MAIN;77
AF987718;9;GPH;GRV;Graben deposit;MAIN;77
AF987718;10;GPH;SWIR;Graben deposit;MAIN;78|79
B06AB8F9;1;GPH;AMAG;Saunders Vein System;MAIN;13
B06AB8F9;2;GPH;RAD;Saunders Vein System;MAIN;13
B06AB8F9;3;GPH;IP;Saunders Vein System;MAIN;32|39
B06AB8F9;4;GPH;RES;Saunders Vein System;MAIN;32|39
B06AB8F9;5;GPH;GMAG;Saunders Vein System;MAIN;39|42
B06AB8F9;6;GPH;SP;Saunders Vein System;MAIN;39
B063DDB5;1;GPH;GMAG;El Gallo 2;MAIN;71
B063DDB5;2;GPH;AMAG;El Gallo 2;MAIN;71
B0CF53B9;1;GPH;AMAG;Moosehead;MAIN;24|34|61
B0CF53B9;2;GPH;VLF;Moosehead;MAIN;24|32
B0CF53B9;3;GPH;IP;Moosehead;MAIN;32|33
B0EF340D;1;GPH;AMAG;La Suerte;MAIN;17
B10BD979;1;GPH;IP;Baseline-Nugget Block;MAIN;40|43|45
B18A083A;1;GPH;IP;Wabamisk;MAIN;10|14
B18A083A;2;GPH;GMAG;Wabamisk;MAIN;10
B2DFD2FE;1;GPH;GMAG;Gaby Main;MAIN;42
B3EC2427;1;GPH;UNS;Isidora Mine;MAIN;34
B38E1E11;1;GPH;IP;Silver Queen;MAIN;50|51
B38E1E11;2;GPH;EM;Silver Queen;MAIN;50|55
B42BE601;1;GPH;IP;HNK;MAIN;28|29
B44E9D9D;2;GPH;GMAG;Angela vein;MAIN;60
B44E9D9D;3;GPH;IP;Angela vein;MAIN;60
B44E9D9D;4;GPH;RES;Angela vein;MAIN;60
B44E9D9D;5;GPH;SWIR;Angela vein;MAIN;63
B5C1A5B6;2;GPH;GMAG;Cerro Casale;MAIN;80
B5C1A5B6;3;GPH;AMAG;Cerro Casale;MAIN;80
B5C1A5B6;4;GPH;MT;Cerro Casale;MAIN;80
B647CCEC;1;GPH;IP;Dolores;MAIN;32
B647CCEC;2;GPH;RES;Dolores;MAIN;32
B647CCEC;3;GPH;UNS;Dolores;MAIN;32
B6EA8AE6;1;GPH;IP;Cerro Vetas;MAIN;30
B6EA8AE6;2;GPH;GMAG;Cerro Vetas;MAIN;30
B6EA8AE6;3;GPH;AMAG;Cerro Vetas;MAIN;31|32
B6EA8AE6;4;GPH;RAD;Cerro Vetas;MAIN;31|32
B7E47AD9;1;GPH;EM;Groete Creek;MAIN;13
B8B774DD;1;GPH;GMAG;Link-Catherine;MAIN;71
B8B774DD;2;GPH;VLF;Link-Catherine;MAIN;71
B9AFBCEF;1;GPH;GMAG;Eagle Mountain;MAIN;50
B9AFBCEF;2;GPH;VLF;Eagle Mountain;MAIN;50
B9AFBCEF;3;GPH;AMAG;Eagle Mountain;MAIN;50
B9AFBCEF;4;GPH;RAD;Eagle Mountain;MAIN;50
B9AFBCEF;5;GPH;IP;Eagle Mountain;MAIN;52
B9AFBCEF;6;GPH;RES;Eagle Mountain;MAIN;52
B9B8A519;1;GPH;MT;144 Zone;MAIN;42|43
B990FE83;1;GPH;IP;Binebase-Bawone;MAIN;46|51
B990FE83;2;GPH;GMAG;Binebase-Bawone;MAIN;46|51|52
BA5CF869;1;GPH;AMAG;Madoc Project Gold System;MAIN;33
BA5CF869;2;GPH;RAD;Madoc Project Gold System;MAIN;33
BA24F5CF;1;GPH;AMAG;Caramanta Project;MAIN;45
BA24F5CF;2;GPH;RAD;Caramanta Project;MAIN;45
BA0BF7E6;1;GPH;IP;Taldybulak;MAIN;50|52|55|63
BA0BF7E6;2;GPH;GMAG;Taldybulak;MAIN;50|55|63
BA0BF7E6;3;GPH;RES;Taldybulak;MAIN;63
BA0BF7E6;4;GPH;RAD;Taldybulak;MAIN;63
BB28A77A;1;GPH;EM;Eau Claire;MAIN;36
BB28A77A;2;GPH;UNS;Eau Claire;MAIN;35
BC8BC891;1;GPH;AMAG;Duggan Zone;MAIN;53
BC8BC891;2;GPH;VLF;Duggan Zone;MAIN;53
BC8BC891;3;GPH;RAD;Duggan Zone;MAIN;53
BB7115CB;1;GPH;AMAG;Sorowar;MAIN;41|59
BB7115CB;2;GPH;RAD;Sorowar;MAIN;41|59
BB7115CB;3;GPH;IP;Sorowar;MAIN;41|59
BB7115CB;4;GPH;EM;Sorowar;MAIN;41|59
BB34ACC5;1;GPH;UNS;Alimonie South;MAIN;18|20
BB534F3E;1;GPH;GMAG;Porphyry Knob;MAIN;12
BB534F3E;2;GPH;AMAG;Porphyry Knob;MAIN;12|14|16
BC910AB0;1;GPH;IP;Rossmere Property;MAIN;24|26
BD98CCFF;1;GPH;AMAG;Tekem;MAIN;16
BD98CCFF;2;GPH;RAD;Tekem;MAIN;16
BE000072;1;GPH;UNS;New Pass;MAIN;55
BCB749DB;1;GPH;VLF;Headway Project;MAIN;25|37
BCB749DB;2;GPH;GMAG;Headway Project;MAIN;37
BCB749DB;3;GPH;AMAG;Headway Project;MAIN;25
BE1DA3E4;1;GPH;UNS;Posse Deposit;MAIN;46
C00E85A6;1;GPH;UNS;San Miguel Vein;MAIN;44|45
BFC971A6;2;GPH;RAD;Cerro Quema;MAIN;44
BFC971A6;3;GPH;UNS;Cerro Quema;MAIN;44
C07CD186;1;GPH;IP;Barry I Main Zone;MAIN;104
C07CD186;2;GPH;GMAG;Barry I Main Zone;MAIN;104
C0811712;1;GPH;IP;MacCormack;MAIN;15
C0811712;2;GPH;EM;MacCormack;MAIN;31|34
C0811712;3;GPH;AMAG;MacCormack;MAIN;31
C0811712;4;GPH;RAD;MacCormack;MAIN;31
C1F2CCE7;1;GPH;RAD;Limão;MAIN;14
C1F2CCE7;2;GPH;IP;Limão;MAIN;14
C1F2CCE7;3;GPH;GMAG;Limão;MAIN;15
C33C24B7;1;GPH;AMAG;Cuiú Cuiú;MAIN;15|18
C33C24B7;2;GPH;RAD;Cuiú Cuiú;MAIN;15|18
C33C24B7;3;GPH;GMAG;Cuiú Cuiú;MAIN;15|28
C33C24B7;4;GPH;IP;Cuiú Cuiú;MAIN;15|28
C379E321;1;GPH;GMAG;Kupol;MAIN;62
C379E321;2;GPH;RES;Kupol;MAIN;62
C379E321;3;GPH;AMAG;Kupol;MAIN;62
C37DE96C;1;GPH;GMAG;Casino B;MAIN;18|20|22|23
C37DE96C;2;GPH;IP;Casino B;MAIN;22|23|25
C429625A;1;GPH;AMAG;Marco Zone;MAIN;11|15
C429625A;2;GPH;IP;Marco Zone;MAIN;15
C42A2034;1;GPH;IP;South Block;MAIN;23
C42A2034;2;GPH;GMAG;South Block;MAIN;23
C42A2034;3;GPH;VLF;South Block;MAIN;23
C42A2034;4;GPH;EM;South Block;MAIN;30
C42A2034;5;GPH;AMAG;South Block;MAIN;30
C3B6F355;1;GPH;IP;Silver Coin;MAIN;65|66
C3B6F355;2;GPH;EM;Silver Coin;MAIN;66
C3B6F355;3;GPH;SP;Silver Coin;MAIN;66
C3B6F355;4;GPH;RES;Silver Coin;MAIN;66
C432E9BA;1;GPH;GRV;Golden Arrow;MAIN;61
C432E9BA;2;GPH;AMAG;Golden Arrow;MAIN;63
C432E9BA;3;GPH;EM;Golden Arrow;MAIN;63
C432E9BA;4;GPH;RES;Golden Arrow;MAIN;65
C5584557;1;GPH;IP;Nyakona Hill;MAIN;59|60|61
C514F42D;1;GPH;EM;Orion Gold Deposit;MAIN;28|30|31
C514F42D;2;GPH;VLF;Orion Gold Deposit;MAIN;28|30
C514F42D;3;GPH;AMAG;Orion Gold Deposit;MAIN;28|30|31
C514F42D;4;GPH;IP;Orion Gold Deposit;MAIN;28|31
C6573B09;1;GPH;AMAG;Marco Zone;MAIN;10
C6573B09;2;GPH;EM;Marco Zone;MAIN;10|17|20
C6573B09;3;GPH;UNS;Marco Zone;MAIN;10
C6573B09;4;GPH;IP;Marco Zone;MAIN;18|19|20
C657A340;2;GPH;AMAG;Caspiche;MAIN;27|35
C657A340;3;GPH;IP;Caspiche;MAIN;35|36
C657A340;4;GPH;MT;Caspiche;MAIN;35|36
C657A340;5;GPH;VLF;Caspiche;MAIN;35|36
C77D38C3;1;GPH;GMAG;Cerro Vetas-NW Breccia-Chisperos;MAIN;69
C77D38C3;2;GPH;IP;Cerro Vetas-NW Breccia-Chisperos;MAIN;69
C77D38C3;3;GPH;RES;Cerro Vetas-NW Breccia-Chisperos;MAIN;69
C77D38C3;4;GPH;MT;Cerro Vetas-NW Breccia-Chisperos;MAIN;69
C77D38C3;5;GPH;AMAG;Cerro Vetas-NW Breccia-Chisperos;MAIN;69
C77D38C3;6;GPH;RAD;Cerro Vetas-NW Breccia-Chisperos;MAIN;69
C75ABF3C;3;GPH;GMAG;Marmato;MAIN;48
C75ABF3C;4;GPH;EM;Marmato;MAIN;48
C75ABF3C;5;GPH;RES;Marmato;MAIN;48
C75ABF3C;6;GPH;VLF;Marmato;MAIN;48
C75ABF3C;7;GPH;AMAG;Marmato;MAIN;48
C75ABF3C;8;GPH;RAD;Marmato;MAIN;48
C85C2176;1;GPH;IP;Orfée and Orfée East;MAIN;11
C85C2176;2;GPH;GMAG;Orfée and Orfée East;MAIN;11
C85C2176;3;GPH;EM;Orfée and Orfée East;MAIN;13
C99F1F1B;1;GPH;AMAG;Busitema;MAIN;30|34|37
C99F1F1B;2;GPH;IP;Busitema;MAIN;44
CA72ACFB;1;GPH;IP;Doctors Point;MAIN;39
CA72ACFB;2;GPH;AMAG;Doctors Point;MAIN;48|49
CAD9258E;1;GPH;AMAG;025 Zone;MAIN;26
CAD9258E;2;GPH;RAD;025 Zone;MAIN;26
CB4755CE;1;GPH;UNS;Easter vein;MAIN;24
CBE4DF2F;1;GPH;AMAG;Bernadette-Dubeau;MAIN;27|46
CBE4DF2F;2;GPH;VLF;Bernadette-Dubeau;MAIN;46
CBE4DF2F;3;GPH;IP;Bernadette-Dubeau;MAIN;46
CBE4DF2F;4;GPH;GMAG;Bernadette-Dubeau;MAIN;46|48
CBD804E3;1;GPH;EM;Main Homestake deposit;MAIN;51|52
CBD804E3;2;GPH;RAD;Main Homestake deposit;MAIN;51|52
CBD804E3;3;GPH;AMAG;Main Homestake deposit;MAIN;51|52
CBD804E3;4;GPH;IP;Main Homestake deposit;MAIN;49
CBD804E3;5;GPH;RES;Main Homestake deposit;MAIN;49
CBD804E3;6;GPH;GMAG;Main Homestake deposit;MAIN;49|50
CD153874;1;GPH;IP;Kangaroo;MAIN;28
CC8B4105;1;GPH;IP;Cat Mountain;MAIN;28|34
CC8B4105;2;GPH;GMAG;Cat Mountain;MAIN;41|42
CD9704D7;1;GPH;IP;Bronson Slope;MAIN;17
CD63339B;1;GPH;GMAG;Cerro Moro;MAIN;35
CD63339B;2;GPH;MT;Cerro Moro;MAIN;35
CD63339B;3;GPH;EM;Cerro Moro;MAIN;35
CD1C8D29;1;GPH;GMAG;Hammond Reef;MAIN;60
CDBA2F7E;1;GPH;AMAG;La Bolsa;MAIN;36
CDBA2F7E;2;GPH;EM;La Bolsa;MAIN;36
CDBA2F7E;3;GPH;RAD;La Bolsa;MAIN;36
CDFBE139;1;GPH;EM;Main Homestake deposit;MAIN;50|52
CDFBE139;2;GPH;RAD;Main Homestake deposit;MAIN;52
CDFBE139;3;GPH;UNS;Main Homestake deposit;MAIN;50
CDFBE139;5;GPH;GMAG;Main Homestake deposit;MAIN;50
CDFBE139;6;GPH;IP;Main Homestake deposit;MAIN;50
CDFBE139;7;GPH;RES;Main Homestake deposit;MAIN;50
CDE3E1E7;1;GPH;AMAG;Mt. Kare;MAIN;48
CEB3E4AC;1;GPH;IP;La Josefina;MAIN;27|48|49
CEC900AC;1;GPH;GMAG;Marmato;MAIN;86
CEC900AC;2;GPH;EM;Marmato;MAIN;86
CEC900AC;3;GPH;RES;Marmato;MAIN;86
CEC900AC;4;GPH;VLF;Marmato;MAIN;86
CEC900AC;5;GPH;AMAG;Marmato;MAIN;89
CEC900AC;6;GPH;RAD;Marmato;MAIN;89
CF443FC8;1;GPH;RAD;Sapuchi;MAIN;39
CF443FC8;2;GPH;AMAG;Sapuchi;MAIN;39|47
CF0E2D71;1;GPH;IP;Noche Buena;MAIN;34
CF0E2D71;2;GPH;AMAG;Noche Buena;MAIN;34
CF0E2D71;3;GPH;RAD;Noche Buena;MAIN;34
CF0E2D71;4;GPH;GMAG;Noche Buena;MAIN;34
CED6137A;1;GPH;GRV;South Torrens Project;MAIN;36|37|38
CED6137A;2;GPH;AMAG;South Torrens Project;MAIN;36|38
CED6137A;3;GPH;RAD;South Torrens Project;MAIN;36|37
CED6137A;4;GPH;SES;South Torrens Project;MAIN;36
CED6137A;5;GPH;GMAG;South Torrens Project;MAIN;37
CF8293FF;1;GPH;EM;Ogden Property;MAIN;20
CF8293FF;2;GPH;AMAG;Ogden Property;MAIN;20
CF8293FF;3;GPH;GMAG;Ogden Property;MAIN;24
CF8293FF;4;GPH;VLF;Ogden Property;MAIN;24
CF8293FF;5;GPH;IP;Ogden Property;MAIN;24
CFD844C8;1;GPH;IP;Los Planes;MAIN;88
CFD844C8;2;GPH;MT;Los Planes;MAIN;89
CFA15E85;1;GPH;AMAG;Falcons showings;MAIN;16
CFA15E85;2;GPH;EM;Falcons showings;MAIN;16
CFA15E85;3;GPH;IP;Falcons showings;MAIN;20
D009E1D7;1;GPH;IP;Blustry zone;MAIN;41
D0768ABA;1;GPH;IP;Kirkland Creek;MAIN;22|23
D11891E2;1;GPH;AMAG;La Arabia;MAIN;31
D11891E2;2;GPH;RAD;La Arabia;MAIN;31
D119AEAB;1;GPH;UNS;Beregovo;MAIN;14
D0FF3B2E;1;GPH;AMAG;Nyakagwe Hill Area;MAIN;35|38
D0FF3B2E;2;GPH;RAD;Nyakagwe Hill Area;MAIN;35|38|42
D19C5BAA;1;GPH;AMAG;Coringa;MAIN;44|68|69
D19C5BAA;2;GPH;RAD;Coringa;MAIN;68|69
D19C5BAA;3;GPH;IP;Coringa;MAIN;68|69|70
D19C5BAA;4;GPH;EM;Coringa;MAIN;70
D242AA3F;1;GPH;GMAG;Belleterre Mine Vein System;MAIN;26|28
D242AA3F;2;GPH;VLF;Belleterre Mine Vein System;MAIN;26|29
D242AA3F;3;GPH;IP;Belleterre Mine Vein System;MAIN;26|29
D28F3EDE;1;GPH;GMAG;Dingman;MAIN;44
D28F3EDE;2;GPH;VLF;Dingman;MAIN;44|45|46
D2B04EBC;2;GPH;IP;Aği Daği;MAIN;29|41|42
D2B04EBC;3;GPH;VLF;Aği Daği;MAIN;44
D2B04EBC;4;GPH;EM;Aği Daği;MAIN;45
D372704D;1;GPH;AMAG;Shear-related gold-quartz veins;MAIN;21
D372704D;2;GPH;EM;Shear-related gold-quartz veins;MAIN;21
D3EF86A9;1;GPH;AMAG;Volta Grande;MAIN;46
D3EF86A9;2;GPH;RAD;Volta Grande;MAIN;46
D3EF86A9;3;GPH;IP;Volta Grande;MAIN;47
D4140642;1;GPH;IP;Norris Shaft;MAIN;30|31|32
D4140642;2;GPH;GMAG;Norris Shaft;MAIN;30|34
D4140642;3;GPH;VLF;Norris Shaft;MAIN;30|34
D42F7FC2;1;GPH;AMAG;Main Zone;MAIN;25
D52A70A8;1;GPH;EM;Triple Lake;MAIN;24|25
D489F7D8;1;GPH;SES;Potchefstroom Goldfield;MAIN;37
D4F4FFB3;1;GPH;AMAG;Alphonso Property;MAIN;31|35|36
D482FE0A;1;GPH;EM;FAT deposit;MAIN;60
D482FE0A;2;GPH;AMAG;FAT deposit;MAIN;60
D482FE0A;3;GPH;GMAG;FAT deposit;MAIN;60|61
D482FE0A;4;GPH;VLF;FAT deposit;MAIN;60
D54D05F5;1;GPH;IP;Tumpangpitu;MAIN;28
D54D05F5;2;GPH;AMAG;Tumpangpitu;MAIN;31
D54D05F5;3;GPH;RAD;Tumpangpitu;MAIN;31
D5449FF6;2;GPH;IP;Los Planes;MAIN;81
D5C5FB83;1;GPH;AMAG;Main Zone;MAIN;10
D5E910DD;1;GPH;EM;Montgolfier Project;MAIN;27|29
D5E910DD;2;GPH;GMAG;Montgolfier Project;MAIN;27
D5E910DD;3;GPH;AMAG;Montgolfier Project;MAIN;29|30
D59F4F9D;1;GPH;GMAG;Aït Bou-Haddou;MAIN;88
D59F4F9D;2;GPH;IP;Aït Bou-Haddou;MAIN;88|89
D59F4F9D;3;GPH;AMAG;Aït Bou-Haddou;MAIN;89
D59F4F9D;4;GPH;EM;Aït Bou-Haddou;MAIN;89
D59F4F9D;5;GPH;RAD;Aït Bou-Haddou;MAIN;89
D6B1889F;1;GPH;GMAG;Atenea Structure;MAIN;17|28
D6B1889F;2;GPH;IP;Atenea Structure;MAIN;17|28
D68A71F7;1;GPH;RES;Eureka West;MAIN;59|61|63|65
D68A71F7;2;GPH;IP;Eureka West;MAIN;59
D68A71F7;3;GPH;GMAG;Eureka West;MAIN;61|65
D70C1D65;1;GPH;RES;Eureka;MAIN;72|73
D70C1D65;2;GPH;IP;Eureka;MAIN;72|73
D70C1D65;3;GPH;GMAG;Eureka;MAIN;72|73
D70C1D65;4;GPH;RAD;Eureka;MAIN;73
D70C1D65;5;GPH;AMAG;Eureka;MAIN;73
D892BB6F;1;GPH;GMAG;Ayelen Vein;MAIN;46
D892BB6F;2;GPH;IP;Ayelen Vein;MAIN;46|47
D892BB6F;3;GPH;SP;Ayelen Vein;MAIN;47
D7DFE69B;1;GPH;EM;Orion Gold Deposit;MAIN;29|31
D7DFE69B;2;GPH;VLF;Orion Gold Deposit;MAIN;31
D7DFE69B;3;GPH;AMAG;Orion Gold Deposit;MAIN;29|31|32
D7DFE69B;4;GPH;IP;Orion Gold Deposit;MAIN;29|32
D8DBF1CF;1;GPH;GRV;Fuller deposit;MAIN;33
D933C113;1;GPH;EM;Hadal Awatib;MAIN;69|71
D933C113;2;GPH;AMAG;Hadal Awatib;MAIN;71
D933C113;3;GPH;SP;Hadal Awatib;MAIN;69
D933C113;4;GPH;GRV;Hadal Awatib;MAIN;69
D96498B4;1;GPH;IP;Laverty Dyke Gold Zone;MAIN;39
D96498B4;2;GPH;RES;Laverty Dyke Gold Zone;MAIN;39
D96498B4;3;GPH;GMAG;Laverty Dyke Gold Zone;MAIN;39
D96498B4;4;GPH;VLF;Laverty Dyke Gold Zone;MAIN;39
DA05D426;1;GPH;GMAG;Rainbow Canyon;MAIN;10|14
D97520D5;1;GPH;AMAG;Don Sixto;MAIN;23
D97520D5;2;GPH;GMAG;Don Sixto;MAIN;34
DA37339A;1;GPH;IP;Kopsa;MAIN;40|46
DA37339A;2;GPH;GMAG;Kopsa;MAIN;40
DA8C4050;1;GPH;VLF;Bay Whopper Zone;MAIN;16
DA8C4050;2;GPH;GMAG;Bay Whopper Zone;MAIN;16
DA8C4050;3;GPH;EM;Bay Whopper Zone;MAIN;16|29|30
DA8C4050;4;GPH;AMAG;Bay Whopper Zone;MAIN;16|29
DA7664F4;1;GPH;AMAG;Star-Toughnut;MAIN;21|46
DA7664F4;2;GPH;EM;Star-Toughnut;MAIN;21|46|49
DA7664F4;3;GPH;GMAG;Star-Toughnut;MAIN;37
DA7664F4;4;GPH;IP;Star-Toughnut;MAIN;37
DB61E235;1;GPH;RES;F2 Zone;MAIN;51
DB61E235;2;GPH;IP;F2 Zone;MAIN;51
DB61E235;3;GPH;MT;F2 Zone;MAIN;51
DB61E235;4;GPH;AMAG;F2 Zone;MAIN;52
DBAD91B5;1;GPH;IP;Prosperity;MAIN;44
DBAD91B5;2;GPH;UNS;Prosperity;MAIN;44
DBC6B9F8;1;GPH;EM;Tay-LP;MAIN;26
DBC6B9F8;2;GPH;UNS;Tay-LP;MAIN;26
DBC8E681;1;GPH;AMAG;Lucas Gold Project;MAIN;15
DBC8E681;2;GPH;EM;Lucas Gold Project;MAIN;15
DBF75A43;1;GPH;GMAG;Mankombiti;MAIN;27|46
DBF75A43;2;GPH;AMAG;Mankombiti;MAIN;23
DC469CA6;1;GPH;GMAG;Quimsacocha;MAIN;62|63
DC469CA6;2;GPH;IP;Quimsacocha;MAIN;62|63
DC469CA6;3;GPH;SP;Quimsacocha;MAIN;62
DC469CA6;4;GPH;EM;Quimsacocha;MAIN;62
DC469CA6;6;GPH;SWIR;Quimsacocha;MAIN;63
DD432179;1;GPH;AMAG;MacLellan;MAIN;61|62
DD432179;2;GPH;VLF;MacLellan;MAIN;61|63
DD432179;3;GPH;RAD;MacLellan;MAIN;61|63|64|65
DD47C28A;1;GPH;GMAG;Blackwater;MAIN;31
DD47C28A;2;GPH;IP;Blackwater;MAIN;31
DD8FA44A;1;GPH;AMAG;Rosy;MAIN;24
DD8FA44A;2;GPH;EM;Rosy;MAIN;24
DD5ECD21;1;GPH;IP;Graben deposit;MAIN;77|81
DD5ECD21;2;GPH;AMAG;Graben deposit;MAIN;77|79|81
DD5ECD21;3;GPH;RES;Graben deposit;MAIN;77|81
DD5ECD21;4;GPH;MT;Graben deposit;MAIN;78|81
DD5ECD21;5;GPH;GMAG;Graben deposit;MAIN;81
DD5ECD21;6;GPH;VLF;Graben deposit;MAIN;81
DD5ECD21;7;GPH;SES;Graben deposit;MAIN;81
DD5ECD21;8;GPH;EM;Graben deposit;MAIN;79|81
DD5ECD21;9;GPH;SWIR;Graben deposit;MAIN;61|83
DE18640B;1;GPH;EM;Becker Vein Systems;MAIN;15
DE622E7A;1;GPH;GMAG;Alcourt Veins;MAIN;36
DE622E7A;2;GPH;IP;Alcourt Veins;MAIN;36
DE934319;1;GPH;IP;El Creston;MAIN;62
DE934319;2;GPH;RES;El Creston;MAIN;62
DF0E95A3;1;GPH;SWIR;Ondundu Main Zone (OMZ);MAIN;42
DF0E95A3;2;GPH;RAD;Ondundu Main Zone (OMZ);MAIN;48
DF0E95A3;3;GPH;GMAG;Ondundu Main Zone (OMZ);MAIN;50
DF0E95A3;4;GPH;VLF;Ondundu Main Zone (OMZ);MAIN;51
E0265740;1;GPH;EM;La India;MAIN;106|107
E0265740;2;GPH;AMAG;La India;MAIN;106|107
E0265740;3;GPH;GMAG;La India;MAIN;106|113|114
E0265740;4;GPH;IP;La India;MAIN;106|111|114|115
E028D348;1;GPH;AMAG;Marco Zone;MAIN;10
E028D348;2;GPH;EM;Marco Zone;MAIN;10
E028D348;3;GPH;UNS;Marco Zone;MAIN;10
E096C27A;1;GPH;IP;Puma de Oro;MAIN;16
E096C27A;2;GPH;RES;Puma de Oro;MAIN;16
E1222C61;1;GPH;IP;NW Zone;MAIN;46
E2A31657;1;GPH;EM;Hadal Awatib;MAIN;41|43
E2A31657;2;GPH;AMAG;Hadal Awatib;MAIN;43
E2A31657;3;GPH;SP;Hadal Awatib;MAIN;41
E2A31657;4;GPH;GRV;Hadal Awatib;MAIN;41
E306B2B5;1;GPH;GRV;West Gabbro Zone;MAIN;18
E306B2B5;2;GPH;VLF;West Gabbro Zone;MAIN;18|32
E306B2B5;3;GPH;GMAG;West Gabbro Zone;MAIN;18|32
E34B9DC0;1;GPH;IP;Main Zone;MAIN;31|32
E34B9DC0;2;GPH;RES;Main Zone;MAIN;31|32
E34B9DC0;3;GPH;GMAG;Main Zone;MAIN;32
E3415F45;1;GPH;AMAG;Cahuilla;MAIN;42
E3415F45;2;GPH;MT;Cahuilla;MAIN;42
E3415F45;3;GPH;IP;Cahuilla;MAIN;44
E3415F45;4;GPH;GMAG;Cahuilla;MAIN;44
E3415F45;5;GPH;EM;Cahuilla;MAIN;44
E4F43CED;1;GPH;GMAG;La Bodega;MAIN;31
E4F43CED;2;GPH;IP;La Bodega;MAIN;31
E53F0408;1;GPH;UNS;Main Zone;MAIN;37|38
E6925B4D;1;GPH;VLF;Mount Hinton;MAIN;24|25
E6925B4D;2;GPH;EM;Mount Hinton;MAIN;28
E769BEE1;1;GPH;GMAG;Ateba;MAIN;36
E72427A1;1;GPH;EM;I-Zone;MAIN;24|39|40
E72427A1;2;GPH;AMAG;I-Zone;MAIN;24|39
E72427A1;4;GPH;GMAG;I-Zone;MAIN;24|40
E72427A1;6;GPH;IP;I-Zone;MAIN;24|40
E7F8F883;1;GPH;IP;Los Candelones;MAIN;39
E7F8F883;2;GPH;EM;Los Candelones;MAIN;41
E7F8F883;3;GPH;AMAG;Los Candelones;MAIN;41
E7F8F883;4;GPH;GMAG;Los Candelones;MAIN;41
E83C7661;1;GPH;GRV;Golden Arrow;MAIN;60
E83C7661;2;GPH;AMAG;Golden Arrow;MAIN;62
E83C7661;3;GPH;EM;Golden Arrow;MAIN;62
E83C7661;4;GPH;RES;Golden Arrow;MAIN;64
E83C7661;5;GPH;IP;Golden Arrow;MAIN;64
E9CEC9B0;1;GPH;GMAG;Troy Zone;MAIN;9|16|17
E9CEC9B0;2;GPH;VLF;Troy Zone;MAIN;9|16|17
E9CEC9B0;3;GPH;AMAG;Troy Zone;MAIN;17
E9CEC9B0;4;GPH;EM;Troy Zone;MAIN;17
E9DE2373;1;GPH;GRV;Modoc;MAIN;30
E9DE2373;2;GPH;IP;Modoc;MAIN;30
EA21F35C;1;GPH;EM;Varga;MAIN;52
EA21F35C;2;GPH;AMAG;Varga;MAIN;52
EB349854;1;GPH;GMAG;Friday-Petsite Zone;MAIN;34
EB349854;2;GPH;AMAG;Friday-Petsite Zone;MAIN;34
EB349854;3;GPH;EM;Friday-Petsite Zone;MAIN;34
EAF4D01E;1;GPH;AMAG;Certej;MAIN;25|32|35
EB63F1A3;1;GPH;IP;Fruta del Norte;MAIN;68
EB63F1A3;2;GPH;AMAG;Fruta del Norte;MAIN;68
EB63F1A3;3;GPH;EM;Fruta del Norte;MAIN;68
EC1110B3;1;GPH;EM;Ester Dome vein system;MAIN;48|54
EC1110B3;2;GPH;VLF;Ester Dome vein system;MAIN;51|52
EC1110B3;3;GPH;IP;Ester Dome vein system;MAIN;51|52
ED0D8854;1;GPH;AMAG;First Hit Vein;MAIN;40
EDB3E167;2;GPH;GMAG;Escondida;MAIN;37|38|40
EDB3E167;3;GPH;IP;Escondida;MAIN;37|38|43|46
EDB3E167;4;GPH;RES;Escondida;MAIN;37|38|43
ED6AD103;1;GPH;AMAG;Thorn Stock;MAIN;47
ED6AD103;2;GPH;EM;Thorn Stock;MAIN;47
ED6AD103;3;GPH;IP;Thorn Stock;MAIN;50
EECB6360;1;GPH;IP;Golden Gap;MAIN;10
EDD885A8;1;GPH;IP;Golden Ridge;MAIN;21
EDD885A8;2;GPH;UNS;Golden Ridge;MAIN;21|29
EDD0735A;1;GPH;UNS;Central Deposit;MAIN;51
EF8D5275;2;GPH;GMAG;Cerro Casale;MAIN;83
EF8D5275;3;GPH;AMAG;Cerro Casale;MAIN;83
EF8D5275;4;GPH;MT;Cerro Casale;MAIN;83
EFACCDBF;1;GPH;AMAG;Tekem;MAIN;16
EFACCDBF;2;GPH;RAD;Tekem;MAIN;16
F01C0559;1;GPH;AMAG;Cerro Jumil;MAIN;32
F01C0559;2;GPH;RAD;Cerro Jumil;MAIN;32
F01C0559;3;GPH;IP;Cerro Jumil;MAIN;32
F01C0559;4;GPH;GMAG;Cerro Jumil;MAIN;38|39
F0235C28;1;GPH;AMAG;Hope Brook deposit;MAIN;53|88
F0235C28;2;GPH;EM;Hope Brook deposit;MAIN;53|88
F0235C28;3;GPH;RAD;Hope Brook deposit;MAIN;53
F0235C28;6;GPH;IP;Hope Brook deposit;MAIN;87|88
F0307E0F;1;GPH;EM;Groete Creek;MAIN;31
F0307E0F;2;GPH;UNS;Groete Creek;MAIN;32
F11F5097;1;GPH;AMAG;Miwah;MAIN;48|52
F11F5097;2;GPH;RAD;Miwah;MAIN;48|52
F11F5097;3;GPH;IP;Miwah;MAIN;52
F29A8005;1;GPH;IP;Kamila;MAIN;58
F2DD2EB6;1;GPH;EM;Frog's Leg;MAIN;42
F2DD2EB6;2;GPH;AMAG;Frog's Leg;MAIN;42
F2DD2EB6;3;GPH;GRV;Frog's Leg;MAIN;42
F2DD2EB6;4;GPH;GMAG;Frog's Leg;MAIN;42
F2F2F5CE;1;GPH;UNS;Columbia;MAIN;41
F3B24649;1;GPH;GMAG;Hope Area;MAIN;10
F3B24649;2;GPH;IP;Hope Area;MAIN;10|19
F3B24649;3;GPH;EM;Hope Area;MAIN;27
F3C5FEDC;1;GPH;IP;Metates;MAIN;62
F406F12F;1;GPH;AMAG;Discovery zone;MAIN;24
F406F12F;2;GPH;EM;Discovery zone;MAIN;24
F7195401;1;GPH;AMAG;Marco Zone;MAIN;10
F7195401;2;GPH;EM;Marco Zone;MAIN;10
F7195401;3;GPH;UNS;Marco Zone;MAIN;10
F5E68A5A;2;GPH;IP;Kirazlı;MAIN;34|36
F71B3E2F;1;GPH;AMAG;SE Project area;MAIN;30
F71B3E2F;2;GPH;EM;SE Project area;MAIN;30
F721E8C9;1;GPH;AMAG;San Francisco vein system;MAIN;27
F721E8C9;2;GPH;EM;San Francisco vein system;MAIN;27
F79F5551;1;GPH;IP;Condor Zone;MAIN;44
F85ECE1C;1;GPH;EM;Belleterre Extrême Est;MAIN;28
F85ECE1C;2;GPH;AMAG;Belleterre Extrême Est;MAIN;28
F94C0800;1;GPH;IP;Lluvia de Oro;MAIN;29|30
F9A3218C;1;GPH;AMAG;Ida-Oro;MAIN;17|19
F9A3218C;2;GPH;RAD;Ida-Oro;MAIN;17|19
F9A3218C;3;GPH;VLF;Ida-Oro;MAIN;19
F9AC91A6;1;GPH;AMAG;Igwageta;MAIN;27
F9AC91A6;2;GPH;RAD;Igwageta;MAIN;27
FA5C9791;1;GPH;AMAG;Jerome;MAIN;36
FA5C9791;2;GPH;EM;Jerome;MAIN;36
FA5C9791;3;GPH;GMAG;Jerome;MAIN;36
FA61928D;1;GPH;GMAG;Gold Hill;MAIN;11
FA61928D;2;GPH;VLF;Gold Hill;MAIN;11
FB25C1D9;1;GPH;EM;Frog's Leg;MAIN;42
FB25C1D9;2;GPH;AMAG;Frog's Leg;MAIN;42
FB25C1D9;3;GPH;GRV;Frog's Leg;MAIN;42
FB25C1D9;4;GPH;GMAG;Frog's Leg;MAIN;42
FB439803;3;GPH;UNS;Elizabeth Gold Project;MAIN;4
FB439803;4;GPH;GMAG;Elizabeth Gold Project;MAIN;42
FA8F27BC;1;GPH;EM;Iskut Project;MAIN;49
FA8F27BC;2;GPH;RES;Iskut Project;MAIN;49
FA8F27BC;3;GPH;AMAG;Iskut Project;MAIN;49
FA8F27BC;4;GPH;RAD;Iskut Project;MAIN;49
FA8F27BC;5;GPH;GMAG;Iskut Project;MAIN;47
FC856E19;1;GPH;AMAG;Shotgun Ridge;MAIN;33
FC856E19;2;GPH;GMAG;Shotgun Ridge;MAIN;33
FC997059;1;GPH;UNS;San Miguel Vein;MAIN;29
FCC59FF3;1;GPH;AMAG;Porphyry Knob;MAIN;14|28|34
FCC59FF3;2;GPH;EM;Porphyry Knob;MAIN;14|28|34
FD911BC0;1;GPH;AMAG;Snip North;MAIN;22
FDC245FF;1;GPH;GMAG;Dotted Lake Gold Zone;MAIN;20
FDC245FF;2;GPH;VLF;Dotted Lake Gold Zone;MAIN;20
FE50E8ED;1;GPH;EM;Bell Mountain;MAIN;52
FE50E8ED;2;GPH;AMAG;Bell Mountain;MAIN;52
FE50E8ED;3;GPH;RES;Bell Mountain;MAIN;52
FF402B99;1;GPH;AMAG;El Capitan Property;MAIN;32
FF402B99;2;GPH;EM;El Capitan Property;MAIN;32
FE10B9C9;1;GPH;AMAG;Dora Property;MAIN;15|23
FECD7CE5;4;GPH;GMAG;Kupol;MAIN;61
FECD7CE5;5;GPH;RES;Kupol;MAIN;61
FECD7CE5;6;GPH;AMAG;Kupol;MAIN;61
0090144A;1;GPH;IP;Callanquitas;MAIN;45
0090144A;2;GPH;GMAG;Callanquitas;MAIN;45
00A9A277;1;GPH;AMAG;55 Zone;MAIN;49|50
00A9A277;2;GPH;RAD;55 Zone;MAIN;49|50
00B0C2F1;1;GPH;AMAG;Middle Zone;MAIN;64
00B0C2F1;2;GPH;GMAG;Middle Zone;MAIN;64|65
00B0C2F1;3;GPH;EM;Middle Zone;MAIN;64
00B0C2F1;4;GPH;RAD;Middle Zone;MAIN;63|65
00B0C2F1;5;GPH;IP;Middle Zone;MAIN;63|65
00AA6B20;1;GPH;SES;Montauban;MAIN;118
00AA6B20;2;GPH;GRV;Montauban;MAIN;118
00B0D222;1;GPH;GMAG;Argentite prospect;MAIN;52|53
00C30D07;1;GPH;IP;Hardrock;MAIN;150
016672B1;1;GPH;GMAG;San Martin;MAIN;28
016672B1;2;GPH;IP;San Martin;MAIN;28
016672B1;3;GPH;RES;San Martin;MAIN;28
013D8CC1;2;GPH;EM;Windfall Lake;MAIN;73
013D8CC1;3;GPH;IP;Windfall Lake;MAIN;73|74|75
013D8CC1;4;GPH;RES;Windfall Lake;MAIN;75
013D8CC1;5;GPH;GMAG;Windfall Lake;MAIN;75
01CA1361;1;GPH;AMAG;Forge Lake Deposit;MAIN;13
01AFB15B;1;GPH;AMAG;Troilus;MAIN;91|97|98
01AFB15B;2;GPH;IP;Troilus;MAIN;99
02306CAA;1;GPH;AMAG;Twin Hills;MAIN;153
02306CAA;2;GPH;GMAG;Twin Hills;MAIN;154
02306CAA;3;GPH;IP;Twin Hills;MAIN;154|155
01D19BB8;1;GPH;GMAG;Gold Springs Project;MAIN;35
01D19BB8;2;GPH;MT;Gold Springs Project;MAIN;35
01D19BB8;3;GPH;EM;Gold Springs Project;MAIN;46|74|75
01D19BB8;4;GPH;AMAG;Gold Springs Project;MAIN;40|74|75
029660AD;1;GPH;AMAG;La Cantera;MAIN;70
029660AD;2;GPH;GMAG;La Cantera;MAIN;70|71
029660AD;3;GPH;EM;La Cantera;MAIN;70
029660AD;4;GPH;RAD;La Cantera;MAIN;69|71
029660AD;5;GPH;IP;La Cantera;MAIN;69|71
0279E153;1;GPH;GMAG;POW Zone;MAIN;48
0279E153;2;GPH;AMAG;POW Zone;MAIN;48
0279E153;3;GPH;EM;POW Zone;MAIN;48
02B21F25;1;GPH;IP;Choquelimpie;MAIN;50
02B21F25;2;GPH;MT;Choquelimpie;MAIN;50
02E98515;1;GPH;GMAG;Gold Peak Property;MAIN;32
02E98515;2;GPH;IP;Gold Peak Property;MAIN;32
02D89418;1;GPH;AMAG;La Escandalosa;MAIN;47
02D89418;2;GPH;RAD;La Escandalosa;MAIN;47
02D89418;3;GPH;IP;La Escandalosa;MAIN;47
02D89418;4;GPH;GMAG;La Escandalosa;MAIN;48
03061867;1;GPH;UNS;Augusta Deposit;MAIN;53
031BA6F8;1;GPH;IP;Tulawaka East Zone;MAIN;35
031BA6F8;2;GPH;GMAG;Tulawaka East Zone;MAIN;35|36
031BA6F8;3;GPH;GRV;Tulawaka East Zone;MAIN;36
031BA6F8;4;GPH;UNS;Tulawaka East Zone;MAIN;35
03597D79;1;GPH;RES;Bell Mountain;MAIN;78
03597D79;2;GPH;EM;Bell Mountain;MAIN;78
03597D79;3;GPH;AMAG;Bell Mountain;MAIN;78
03837A5C;1;GPH;UNS;Vittantrasket;MAIN;45
03A01950;1;GPH;IP;Callanquitas;MAIN;54
03A01950;2;GPH;RES;Callanquitas;MAIN;54
03A01950;3;GPH;GMAG;Callanquitas;MAIN;55
03B89F30;1;GPH;IP;Tahuehueto;MAIN;46|47
03B89F30;2;GPH;RES;Tahuehueto;MAIN;46|47
039FCB2B;1;GPH;UNS;Condor Sector;MAIN;42|59
039FCB2B;2;GPH;RES;Condor Sector;MAIN;62
03CDDCA9;2;GPH;IP;Kirazlı;MAIN;116
03BDD6E1;1;GPH;IP;Golden Gate Gold Project;MAIN;73|77
03BDD6E1;2;GPH;VLF;Golden Gate Gold Project;MAIN;77
0463AC8C;1;GPH;IP;San Agustin;MAIN;62|63
0495C2EE;1;GPH;MT;Jumbo;MAIN;55
0495C2EE;2;GPH;AMAG;Jumbo;MAIN;55
047A999E;1;GPH;EM;Burns Block;MAIN;36
047A999E;2;GPH;AMAG;Burns Block;MAIN;36
04B24AFC;1;GPH;IP;Upper Beaver;MAIN;46
04B24AFC;2;GPH;EM;Upper Beaver;MAIN;46
04B24AFC;3;GPH;AMAG;Upper Beaver;MAIN;46
04B24AFC;4;GPH;RES;Upper Beaver;MAIN;47
04B24AFC;5;GPH;MT;Upper Beaver;MAIN;47
052B63C5;1;GPH;AMAG;Fire Creek;MAIN;42
052B63C5;2;GPH;GRV;Fire Creek;MAIN;58
052B63C5;3;GPH;IP;Fire Creek;MAIN;58
05B5D7FA;1;GPH;AMAG;Ngoy;MAIN;58
05B5D7FA;2;GPH;RAD;Ngoy;MAIN;58
05922523;1;GPH;GMAG;Axel Ridge;MAIN;29|32
05BA8848;1;GPH;AMAG;3Ts Vein System;MAIN;36
05BA8848;2;GPH;IP;3Ts Vein System;MAIN;36
05BA8848;3;GPH;MT;3Ts Vein System;MAIN;36
05BA8848;4;GPH;RAD;3Ts Vein System;MAIN;36
05F3B962;1;GPH;AMAG;Clam Lake area;MAIN;70|71|105
05F3B962;2;GPH;EM;Clam Lake area;MAIN;70|71|105
05F3B962;4;GPH;GMAG;Clam Lake area;MAIN;70|126
05F3B962;5;GPH;IP;Clam Lake area;MAIN;70|97|115
0674B1F3;1;GPH;AMAG;Black Jack;MAIN;36
068974C7;2;GPH;AMAG;Ana Paula;MAIN;60
068974C7;3;GPH;RAD;Ana Paula;MAIN;60
068974C7;4;GPH;IP;Ana Paula;MAIN;60
0689C572;1;GPH;AMAG;La Reyna Project;MAIN;36
068E4453;1;GPH;WLOG;Moosehead;MAIN;17|53
068E4453;2;GPH;GMAG;Moosehead;MAIN;33|37
068E4453;3;GPH;VLF;Moosehead;MAIN;33|37
068E4453;4;GPH;IP;Moosehead;MAIN;33|37
068E4453;5;GPH;AMAG;Moosehead;MAIN;38
069F5FC8;1;GPH;AMAG;Küçükdağ;MAIN;91|96
069F5FC8;2;GPH;EM;Küçükdağ;MAIN;91|96
069F5FC8;3;GPH;IP;Küçükdağ;MAIN;100
06A28094;1;GPH;UNS;New Polaris;MAIN;71
06F660C3;1;GPH;GMAG;Selodong;MAIN;49
06E6A106;1;GPH;UNS;Condor Sector Complex;MAIN;59
06E6A106;2;GPH;RES;Condor Sector Complex;MAIN;62
06E6A106;3;GPH;IP;Condor Sector Complex;MAIN;63
06F87064;1;GPH;AMAG;Laiva;MAIN;136|138
06F87064;2;GPH;RAD;Laiva;MAIN;138
06F87064;3;GPH;EM;Laiva;MAIN;138
06F87064;4;GPH;GRV;Laiva;MAIN;136|138
06F87064;5;GPH;GMAG;Laiva;MAIN;136|138|139
06F87064;6;GPH;IP;Laiva;MAIN;136|139
06F87064;7;GPH;GPR;Laiva;MAIN;136|139
073C278B;1;GPH;IP;Lourdes;MAIN;56|64
073C278B;2;GPH;SP;Lourdes;MAIN;64
073C278B;3;GPH;GMAG;Lourdes;MAIN;56|64
073C278B;4;GPH;SWIR;Lourdes;MAIN;56|69
07004442;1;GPH;MT;Brucejack;MAIN;103
077C76E7;1;GPH;IP;San Martín;MAIN;29
077C76E7;2;GPH;RES;San Martín;MAIN;29
079C95C9;1;GPH;GMAG;Soto Norte;MAIN;62
079C95C9;2;GPH;IP;Soto Norte;MAIN;62
079C95C9;5;GPH;AMAG;Soto Norte;MAIN;62
079C95C9;6;GPH;RAD;Soto Norte;MAIN;62
08469733;1;GPH;GMAG;Red Carbonate Zone;MAIN;32|35|37
08469733;2;GPH;IP;Red Carbonate Zone;MAIN;32|35|37
0813E28A;1;GPH;IP;Barje;MAIN;70|71
07DC9C2A;1;GPH;GMAG;Costerfield;MAIN;81
07DC9C2A;2;GPH;GRV;Costerfield;MAIN;81
07DC9C2A;3;GPH;IP;Costerfield;MAIN;81
07DC9C2A;4;GPH;AMAG;Costerfield;MAIN;81
07DC9C2A;5;GPH;RAD;Costerfield;MAIN;81
0803DCF1;2;GPH;AMAG;Eagle Mountain;MAIN;60
0803DCF1;3;GPH;RAD;Eagle Mountain;MAIN;60
0803DCF1;4;GPH;IP;Eagle Mountain;MAIN;60
08EBA161;1;GPH;IP;Gosselin Zone;MAIN;18
08EBA161;2;GPH;AMAG;Gosselin Zone;MAIN;18
0881EC40;1;GPH;GMAG;Blackwater;MAIN;25
0881EC40;2;GPH;IP;Blackwater;MAIN;25
091B24D9;1;GPH;EM;Copper Hill;MAIN;31
091B24D9;2;GPH;IP;Copper Hill;MAIN;31
091FFD0F;1;GPH;AMAG;Candelones;MAIN;85
091FFD0F;2;GPH;EM;Candelones;MAIN;85
091FFD0F;3;GPH;IP;Candelones;MAIN;85
09465DA8;1;GPH;EM;Oban Zone;MAIN;5|51
09465DA8;2;GPH;AMAG;Oban Zone;MAIN;5|51
09465DA8;3;GPH;IP;Oban Zone;MAIN;53
09465DA8;4;GPH;RES;Oban Zone;MAIN;53
094D056A;1;GPH;EM;Main Showing;MAIN;18
094D056A;2;GPH;GMAG;Main Showing;MAIN;18|21
092A4067;1;GPH;IP;Golden Eagle IRGS;MAIN;38|39|52|53
09B66E85;1;GPH;AMAG;Saddle Zone;MAIN;26|32|33|34
09B66E85;2;GPH;RAD;Saddle Zone;MAIN;26|32|33|35
09781C7B;1;GPH;RAD;Azatek;MAIN;35
09781C7B;2;GPH;GRV;Azatek;MAIN;35
09781C7B;3;GPH;GMAG;Azatek;MAIN;35
09781C7B;4;GPH;AMAG;Azatek;MAIN;35
09781C7B;5;GPH;RES;Azatek;MAIN;35
097F0B3D;1;GPH;AMAG;Island Gold;MAIN;60
098F7942;1;GPH;AMAG;Monument Bay;MAIN;39
0A407096;1;GPH;GMAG;Copperstone;MAIN;55|57
0A407096;2;GPH;EM;Copperstone;MAIN;55
0A407096;3;GPH;VLF;Copperstone;MAIN;56
0A407096;4;GPH;IP;Copperstone;MAIN;56|57
0A407096;5;GPH;GRV;Copperstone;MAIN;55|56
0A407096;6;GPH;SES;Copperstone;MAIN;56
0A407096;7;GPH;AMAG;Copperstone;MAIN;57
0A18D534;1;GPH;IP;Los Filos;MAIN;113
0A18D534;2;GPH;GMAG;Los Filos;MAIN;113|119
0A18D534;3;GPH;AMAG;Los Filos;MAIN;113|119
0A515F5C;1;GPH;GMAG;Kamila-Mercado;MAIN;33|71
0A515F5C;2;GPH;IP;Kamila-Mercado;MAIN;33|71|72|74|75|76
0A515F5C;3;GPH;AMAG;Kamila-Mercado;MAIN;67
0A515F5C;4;GPH;RAD;Kamila-Mercado;MAIN;67
0A86D4DE;1;GPH;IP;Hamama West;MAIN;38|39|40
0A86D4DE;2;GPH;GMAG;Hamama West;MAIN;38|39|40
0ABBEB42;1;GPH;AMAG;Galloway;MAIN;65
0AEBC0CC;1;GPH;AMAG;Zancudo;MAIN;66|67
0B15FD08;1;GPH;IP;JD Property;MAIN;52|74
0B15FD08;2;GPH;SWIR;JD Property;MAIN;96
0B43DFA1;1;GPH;AMAG;La Paila;MAIN;29|30
0B43DFA1;2;GPH;RAD;La Paila;MAIN;29|30
0B43DFA1;3;GPH;IP;La Paila;MAIN;29|30|32|33
0B43DFA1;5;GPH;SWIR;La Paila;MAIN;31
0B21F826;1;GPH;GRV;Golden Arrow;MAIN;65
0B21F826;2;GPH;AMAG;Golden Arrow;MAIN;66
0B21F826;3;GPH;RES;Golden Arrow;MAIN;66|69
0B21F826;4;GPH;IP;Golden Arrow;MAIN;69
0B21F826;5;GPH;MT;Golden Arrow;MAIN;69
0B21F826;6;GPH;SWIR;Golden Arrow;MAIN;71
0B88EF46;1;GPH;GMAG;Miller Gold Property;MAIN;33
0B88EF46;2;GPH;IP;Miller Gold Property;MAIN;33
0B6B9060;1;GPH;AMAG;Fairholme Igneous Complex;MAIN;29|36
0B6B9060;2;GPH;GRV;Fairholme Igneous Complex;MAIN;29|36
0B6B9060;3;GPH;GMAG;Fairholme Igneous Complex;MAIN;36
0B6B9060;4;GPH;IP;Fairholme Igneous Complex;MAIN;36|38
0B6B9060;5;GPH;EM;Fairholme Igneous Complex;MAIN;38
0C13C7BE;1;GPH;UNS;Belmont Prospect;MAIN;45|51
0BA8AEA8;1;GPH;UNS;Zancudo;MAIN;55
0BF218AA;2;GPH;EM;Premier;MAIN;72
0BF218AA;3;GPH;AMAG;Premier;MAIN;72
0BF218AA;4;GPH;RAD;Premier;MAIN;72
0C1AEB36;1;GPH;GMAG;Westwood Mine;MAIN;49
0C1AEB36;2;GPH;AMAG;Westwood Mine;MAIN;49
0C1AEB36;3;GPH;VLF;Westwood Mine;MAIN;49
0C1AEB36;4;GPH;IP;Westwood Mine;MAIN;49
0C1AEB36;5;GPH;EM;Westwood Mine;MAIN;49
0C3DB2A5;1;GPH;GMAG;Amulsar;MAIN;79
0C3DB2A5;2;GPH;IP;Amulsar;MAIN;79
0C2935B6;1;GPH;EM;Jaclyn;MAIN;43
0C216B91;1;GPH;GMAG;Trixie;MAIN;66
0C5C2E37;1;GPH;IP;Calandria Sur;MAIN;44
0C5C2E37;2;GPH;GMAG;Calandria Sur;MAIN;46
0C936992;1;GPH;EM;Ironwood Gold Deposit;MAIN;38
0C936992;2;GPH;GMAG;Ironwood Gold Deposit;MAIN;38
0C936992;3;GPH;VLF;Ironwood Gold Deposit;MAIN;38
0C936992;4;GPH;IP;Ironwood Gold Deposit;MAIN;38
0C76FD02;1;GPH;AMAG;Björkdal;MAIN;69|70
0C76FD02;3;GPH;RAD;Björkdal;MAIN;69|70
0C76FD02;4;GPH;GMAG;Björkdal;MAIN;69|70
0C76FD02;5;GPH;IP;Björkdal;MAIN;69|70
0C8731C4;1;GPH;EM;Rainy River Project;MAIN;170|172
0C8731C4;2;GPH;IP;Rainy River Project;MAIN;170|171|172
0C8731C4;3;GPH;GRV;Rainy River Project;MAIN;170|172
0C8731C4;4;GPH;RES;Rainy River Project;MAIN;171|172
0C8731C4;5;GPH;MT;Rainy River Project;MAIN;171|172
0C8731C4;6;GPH;AMAG;Rainy River Project;MAIN;171
0C8731C4;8;GPH;GMAG;Rainy River Project;MAIN;172
0C8731C4;9;GPH;UNS;Rainy River Project;MAIN;172
0CBA6B7E;1;GPH;AMAG;Clarence Stream;MAIN;59
0CBA6B7E;2;GPH;VLF;Clarence Stream;MAIN;59
0D11D818;1;GPH;GRV;TUG;MAIN;57
0D11D818;2;GPH;AMAG;TUG;MAIN;57
0D11D818;3;GPH;RAD;TUG;MAIN;57
0D1A36AD;1;GPH;AMAG;Minas Lucho;MAIN;21
0D533E47;1;GPH;GMAG;Zona Cushuro;MAIN;41
0D4C3901;1;GPH;EM;Blackhawk;MAIN;79|86
0D4C3901;3;GPH;AMAG;Blackhawk;MAIN;86
0D4C3901;4;GPH;IP;Blackhawk;MAIN;90
0D4C3901;5;GPH;GMAG;Blackhawk;MAIN;90
0D4C3901;6;GPH;VLF;Blackhawk;MAIN;90
0D970162;1;GPH;UNS;Silver Coin;MAIN;38
0DA00248;1;GPH;GMAG;Abong Prospect;MAIN;36
0DA00248;2;GPH;IP;Abong Prospect;MAIN;36
0DA00248;3;GPH;AMAG;Abong Prospect;MAIN;36|39
0DA00248;4;GPH;RAD;Abong Prospect;MAIN;36|39
0EAB2679;1;GPH;GMAG;Camflo area;MAIN;32
0EAB2679;2;GPH;VLF;Camflo area;MAIN;32
0EAB2679;3;GPH;EM;Camflo area;MAIN;32
0EA784A2;1;GPH;AMAG;Red Mountain;MAIN;53
0EA784A2;2;GPH;GMAG;Red Mountain;MAIN;53
0EA784A2;3;GPH;EM;Red Mountain;MAIN;53
0EA784A2;4;GPH;IP;Red Mountain;MAIN;53
0DBFD9F8;1;GPH;IP;Trixie;MAIN;113
0DBFD9F8;2;GPH;AMAG;Trixie;MAIN;113
0DBFD9F8;3;GPH;SWIR;Trixie;MAIN;113
0E44C032;1;GPH;EM;Rainy River Gold Project;MAIN;61
0E44C032;2;GPH;IP;Rainy River Gold Project;MAIN;61
0E44C032;3;GPH;GRV;Rainy River Gold Project;MAIN;61
0E44C032;4;GPH;AMAG;Rainy River Gold Project;MAIN;61
0E44C032;6;GPH;GMAG;Rainy River Gold Project;MAIN;62
0ED1D1A1;1;GPH;UNS;Atlanta lode;MAIN;31
0EB7F341;1;GPH;UNS;Plutonic Gold Mine;MAIN;54|60
0EDEE13A;3;GPH;GRV;Golden Arrow;MAIN;65
0EDEE13A;4;GPH;AMAG;Golden Arrow;MAIN;66
0EDEE13A;5;GPH;RES;Golden Arrow;MAIN;66
0EDEE13A;6;GPH;IP;Golden Arrow;MAIN;69
0EDEE13A;7;GPH;MT;Golden Arrow;MAIN;69
0EDEE13A;8;GPH;SWIR;Golden Arrow;MAIN;71
0EE862D7;1;GPH;GRV;Pinion;MAIN;78|87
0EE862D7;2;GPH;MT;Pinion;MAIN;78|81|88
0F7BF77D;1;GPH;IP;Hod Maden;MAIN;139
0F7BF77D;2;GPH;EM;Hod Maden;MAIN;139
0F7BF77D;3;GPH;GRV;Hod Maden;MAIN;151
0FAD2F80;1;GPH;AMAG;Troilus;MAIN;39
100C4575;1;GPH;EM;Kora;MAIN;78
100C4575;2;GPH;AMAG;Kora;MAIN;78
105EBA36;1;GPH;VLF;Pat's Pond Veins;MAIN;18
105EBA36;2;GPH;GMAG;Pat's Pond Veins;MAIN;18
105EBA36;3;GPH;IP;Pat's Pond Veins;MAIN;21
10564A41;1;GPH;IP;Escondida;MAIN;63|65|67
10564A41;2;GPH;RES;Escondida;MAIN;63
10564A41;3;GPH;GMAG;Escondida;MAIN;63|65|66
10564A41;4;GPH;MT;Escondida;MAIN;65
10564A41;5;GPH;EM;Escondida;MAIN;65
109F30F9;1;GPH;AMAG;Cameron Gold Deposit;MAIN;92
109F30F9;2;GPH;IP;Cameron Gold Deposit;MAIN;93
10BE7C73;1;GPH;EM;Cabaçal;MAIN;133|135
10BE7C73;2;GPH;IP;Cabaçal;MAIN;133|135
11348800;1;GPH;AMAG;Laiva;MAIN;99|101
11348800;2;GPH;RAD;Laiva;MAIN;99|101
11348800;3;GPH;EM;Laiva;MAIN;99|101
11348800;4;GPH;GRV;Laiva;MAIN;99|101
11348800;5;GPH;GMAG;Laiva;MAIN;99|101|102
11348800;6;GPH;IP;Laiva;MAIN;99|102
11348800;7;GPH;GPR;Laiva;MAIN;99|102
10DC6D99;1;GPH;EM;Perron Gold Zones;MAIN;143|144|148|153
10DC6D99;2;GPH;AMAG;Perron Gold Zones;MAIN;143|144|145|146|157
10DC6D99;3;GPH;GMAG;Perron Gold Zones;MAIN;143|145
10DC6D99;5;GPH;SWIR;Perron Gold Zones;MAIN;157
11CE4691;1;GPH;GMAG;Gold Peak;MAIN;31
11CE4691;2;GPH;IP;Gold Peak;MAIN;31
11C8D15F;1;GPH;GMAG;Atygai;MAIN;34
11C8D15F;2;GPH;GPR;Atygai;MAIN;34
11C8D15F;3;GPH;RES;Atygai;MAIN;34
11DCC9C7;1;GPH;MT;Dutch Flats shear zone;MAIN;62
11FC537F;3;GPH;AMAG;Amsel;MAIN;45|53
11FC537F;4;GPH;RAD;Amsel;MAIN;45|53
11FC537F;5;GPH;IP;Amsel;MAIN;45|47|54
11FC537F;6;GPH;SWIR;Amsel;MAIN;36|45|46|54
12432632;1;GPH;RES;Fire Creek;MAIN;85
12432632;2;GPH;IP;Fire Creek;MAIN;85
12432632;3;GPH;GRV;Fire Creek;MAIN;85
130E9807;1;GPH;RAD;Lullwitz-Kaeppeli;MAIN;25
125E9D58;1;GPH;AMAG;Magino Deposit;MAIN;86
125E9D58;2;GPH;GMAG;Magino Deposit;MAIN;86
125E9D58;3;GPH;IP;Magino Deposit;MAIN;87
133D40B2;1;GPH;AMAG;More Creek Rhyolite VMS;MAIN;31
13D0D1BF;1;GPH;GMAG;Altan Nar;MAIN;50|51
13D0D1BF;2;GPH;IP;Altan Nar;MAIN;51|52
13DEC4A7;3;GPH;IP;Eskay Creek;MAIN;113
13DEC4A7;4;GPH;RES;Eskay Creek;MAIN;113
142921A8;1;GPH;EM;Cabaçal;MAIN;88|90
142921A8;2;GPH;IP;Cabaçal;MAIN;88|90
144E8ECF;1;GPH;AMAG;NX Gold Mine;MAIN;47
144E8ECF;2;GPH;RAD;NX Gold Mine;MAIN;47
14BF89B8;1;GPH;UNS;Golden Chest;MAIN;42
1457F229;2;GPH;EM;Florin;MAIN;35|38
1457F229;3;GPH;AMAG;Florin;MAIN;35
1457F229;4;GPH;RAD;Florin;MAIN;35
151315D2;1;GPH;AMAG;Santa Rita;MAIN;24
157D2EAE;1;GPH;AMAG;Santa Rita;MAIN;35|37
162B8BDD;1;GPH;IP;Hercules Project;MAIN;40
162B8BDD;2;GPH;RES;Hercules Project;MAIN;40
15CB25BF;1;GPH;UNS;White Pass zone;MAIN;53
15CB25BF;2;GPH;IP;White Pass zone;MAIN;64|76
1638EB57;1;GPH;AMAG;La Paila;MAIN;31|32
1638EB57;2;GPH;RAD;La Paila;MAIN;31|32
1638EB57;3;GPH;IP;La Paila;MAIN;31|32|33
1638EB57;5;GPH;SWIR;La Paila;MAIN;33
164F80DA;1;GPH;IP;Brett;MAIN;39|40|41|42
164F80DA;2;GPH;GMAG;Brett;MAIN;40|43
164F80DA;3;GPH;VLF;Brett;MAIN;40
164098C0;1;GPH;IP;El Gallo Gold;MAIN;67
164098C0;2;GPH;GMAG;El Gallo Gold;MAIN;67
164098C0;3;GPH;AMAG;El Gallo Gold;MAIN;67
164098C0;4;GPH;MT;El Gallo Gold;MAIN;67
165C4EB3;1;GPH;EM;Blue Lake;MAIN;30|31
165C4EB3;3;GPH;AMAG;Blue Lake;MAIN;31
1727DA64;2;GPH;GMAG;Corihuarmi;MAIN;32
1727DA64;3;GPH;IP;Corihuarmi;MAIN;32
1727DA64;4;GPH;MT;Corihuarmi;MAIN;32
1727DA64;5;GPH;SWIR;Corihuarmi;MAIN;32
173E4FE1;1;GPH;GMAG;Daye;MAIN;32
173E4FE1;2;GPH;RAD;Daye;MAIN;32
173E4FE1;4;GPH;SES;Daye;MAIN;33
18046CF4;1;GPH;GMAG;San Martin;MAIN;38
18046CF4;2;GPH;IP;San Martin;MAIN;38
18046CF4;3;GPH;RES;San Martin;MAIN;38
182A77F2;1;GPH;AMAG;Wharf Operation;MAIN;81
182A77F2;2;GPH;EM;Wharf Operation;MAIN;81
182A77F2;3;GPH;RAD;Wharf Operation;MAIN;81
1875EA2E;1;GPH;UNS;Songjiagou;MAIN;49
187223DE;1;GPH;IP;Ixtaca Zone;MAIN;19|31|42|48
187223DE;2;GPH;GMAG;Ixtaca Zone;MAIN;31|42
187223DE;3;GPH;MT;Ixtaca Zone;MAIN;31|48
18AF4275;1;GPH;GMAG;Golden Culvert;MAIN;40|42
18AF4275;2;GPH;VLF;Golden Culvert;MAIN;40|42
18AF4275;3;GPH;AMAG;Golden Culvert;MAIN;42
18996BFA;1;GPH;MT;Brucejack;MAIN;58
18A27718;1;GPH;SES;Beta Hunt Gold;MAIN;76|77
18A27718;2;GPH;EM;Beta Hunt Gold;MAIN;73|79
18C5AEE0;1;GPH;EM;LG Vein;MAIN;22
18C5AEE0;2;GPH;AMAG;LG Vein;MAIN;22
190643E7;1;GPH;GRV;Omui;MAIN;51|52
190643E7;3;GPH;AMAG;Omui;MAIN;52
18E9987B;1;GPH;GRV;Springpole;MAIN;31
18E9987B;2;GPH;AMAG;Springpole;MAIN;31|32
19607763;1;GPH;AMAG;Didipio;MAIN;64|75|76
19607763;2;GPH;RAD;Didipio;MAIN;75
19607763;3;GPH;IP;Didipio;MAIN;64|75|76
19607763;4;GPH;GMAG;Didipio;MAIN;75|76
19607763;5;GPH;MT;Didipio;MAIN;76
19D4F2E9;2;GPH;AMAG;Central Zone;MAIN;75
19CF3B1D;1;GPH;IP;Upper Beaver;MAIN;40
19CF3B1D;2;GPH;EM;Upper Beaver;MAIN;40
19CF3B1D;3;GPH;AMAG;Upper Beaver;MAIN;40
19CF3B1D;4;GPH;MT;Upper Beaver;MAIN;40
19EF2469;1;GPH;MT;San Martin;MAIN;70|71
19EF2469;2;GPH;AMAG;San Martin;MAIN;71
19EF2469;3;GPH;RAD;San Martin;MAIN;71
19EF2469;4;GPH;RES;San Martin;MAIN;69|71
19EF2469;5;GPH;IP;San Martin;MAIN;69|71
1A22E4A9;2;GPH;GMAG;Nasedkino Gold Project;MAIN;42|43
1A22E4A9;3;GPH;IP;Nasedkino Gold Project;MAIN;43
1A22E4A9;4;GPH;AMAG;Nasedkino Gold Project;MAIN;42|43
1A22E4A9;5;GPH;RAD;Nasedkino Gold Project;MAIN;43
1A2229BD;3;GPH;EM;Cangrejos;MAIN;109
1A574C70;1;GPH;GMAG;Ixtaca Zone;MAIN;52
1A574C70;2;GPH;IP;Ixtaca Zone;MAIN;52
1A574C70;3;GPH;MT;Ixtaca Zone;MAIN;52
1AE07940;1;GPH;IP;Cape Ray Gold Deposits;MAIN;65
1B10FAEE;1;GPH;UNS;Briggs;MAIN;67
1AF4088F;1;GPH;EM;Windfall Lake deposit;MAIN;227|228|229
1AF4088F;2;GPH;AMAG;Windfall Lake deposit;MAIN;227|228|229
1AF4088F;3;GPH;IP;Windfall Lake deposit;MAIN;228|229
1AF4088F;4;GPH;RES;Windfall Lake deposit;MAIN;228
1B1A8060;1;GPH;GMAG;Cerro Vetas;MAIN;83
1B1A8060;2;GPH;IP;Cerro Vetas;MAIN;83
1B1A8060;3;GPH;RES;Cerro Vetas;MAIN;83
1B1A8060;4;GPH;MT;Cerro Vetas;MAIN;83
1B1A8060;5;GPH;AMAG;Cerro Vetas;MAIN;83
1B1A8060;6;GPH;RAD;Cerro Vetas;MAIN;83
1B71569A;1;GPH;AMAG;Santa Fe Project;MAIN;89
1B9A16FA;1;GPH;IP;Boulder Vein System;MAIN;20|24
1BC95D00;1;GPH;GMAG;Wabamisk;MAIN;16
1BC95D00;2;GPH;IP;Wabamisk;MAIN;16|24
1BC95D00;3;GPH;AMAG;Wabamisk;MAIN;16|20
1BD506C8;1;GPH;AMAG;Bonanza Vein System;MAIN;84|98
1BD506C8;4;GPH;GMAG;Bonanza Vein System;MAIN;98
1C6E570E;1;GPH;UNS;Berrigan Project;MAIN;52
1BE83F27;1;GPH;AMAG;Boddington;MAIN;63|64
1BE83F27;2;GPH;GRV;Boddington;MAIN;63|64
1BE83F27;3;GPH;IP;Boddington;MAIN;63|64
1BE83F27;4;GPH;EM;Boddington;MAIN;63
1BE83F27;5;GPH;RES;Boddington;MAIN;63
1BE83F27;6;GPH;WLOG;Boddington;MAIN;63
1C7B2281;1;GPH;AMAG;SB Property;MAIN;20
1CC0CA90;1;GPH;AMAG;Gold Mountain Zone;MAIN;54|55
1CC0CA90;2;GPH;GMAG;Gold Mountain Zone;MAIN;54|55
1CC0CA90;3;GPH;RAD;Gold Mountain Zone;MAIN;54|55
1CC0CA90;4;GPH;IP;Gold Mountain Zone;MAIN;54|58
1CD4D304;1;GPH;GMAG;N.A Timmins/Rochelom showings;MAIN;51
1CD4D304;2;GPH;EM;N.A Timmins/Rochelom showings;MAIN;51
1CE1CCFC;1;GPH;GMAG;Young Buck Showing;MAIN;55|56
1CE1CCFC;2;GPH;IP;Young Buck Showing;MAIN;55|56|62|63
1CE1CCFC;3;GPH;EM;Young Buck Showing;MAIN;55|56|57
1D09873A;3;GPH;AMAG;Gossey Deposit;MAIN;52|53
1D09873A;4;GPH;RAD;Gossey Deposit;MAIN;53
1D09873A;5;GPH;IP;Gossey Deposit;MAIN;53
1D2BE6F4;1;GPH;AMAG;Palito Mine;MAIN;50|51|56
1D2BE6F4;2;GPH;GMAG;Palito Mine;MAIN;51
1D2BE6F4;3;GPH;IP;Palito Mine;MAIN;51|52|57
1D2BE6F4;4;GPH;EM;Palito Mine;MAIN;51|52|56
1D2BE6F4;6;GPH;RAD;Palito Mine;MAIN;56
1D57A947;1;GPH;GMAG;Çöpler;MAIN;99|100
1D57A947;2;GPH;IP;Çöpler;MAIN;99|100
1D57A947;3;GPH;MT;Çöpler;MAIN;99|100
1D57A947;4;GPH;AMAG;Çöpler;MAIN;99|100
1D57CAA7;1;GPH;MT;Blue Hill Creek;MAIN;50
1D75DDF7;1;GPH;GRV;Radar Project;MAIN;36|37
1D75DDF7;2;GPH;GMAG;Radar Project;MAIN;36|37
1D75DDF7;3;GPH;IP;Radar Project;MAIN;36|39
1DBED587;1;GPH;IP;Blue and Berry;MAIN;26|39
1DA52531;1;GPH;IP;JT Deposit;MAIN;95
1DA52531;2;GPH;AMAG;JT Deposit;MAIN;95
1DA52531;3;GPH;EM;JT Deposit;MAIN;85|86
1DD4D24B;1;GPH;IP;Baner Project;MAIN;37|38
1DF91E24;1;GPH;AMAG;Lac Arsenault;MAIN;44
1DF91E24;2;GPH;IP;Lac Arsenault;MAIN;52
1E3A6496;1;GPH;GRV;Pinion Deposit;MAIN;64|70
1E3A6496;2;GPH;MT;Pinion Deposit;MAIN;64|69|74
1E4DAD52;1;GPH;IP;Hot Maden;MAIN;70
1E4DAD52;2;GPH;EM;Hot Maden;MAIN;70
1E4DAD52;3;GPH;GRV;Hot Maden;MAIN;70
1EEB924D;1;GPH;GMAG;Amulsar;MAIN;36
1EEB924D;2;GPH;IP;Amulsar;MAIN;36
1EEEBD3C;1;GPH;AMAG;Passendro Project;MAIN;22
1F113F28;1;GPH;AMAG;Pipeline West/Clipper;MAIN;49
1F113F28;2;GPH;GRV;Pipeline West/Clipper;MAIN;49
1F113F28;3;GPH;GMAG;Pipeline West/Clipper;MAIN;49
1F113F28;4;GPH;MT;Pipeline West/Clipper;MAIN;49
1F674879;3;GPH;GRV;Bachelor Deposit;MAIN;58
1F674879;4;GPH;IP;Bachelor Deposit;MAIN;59
1F5496B5;1;GPH;IP;Breznik;MAIN;19
1F5496B5;2;GPH;UNS;Breznik;MAIN;19
1F6554D6;1;GPH;UNS;Discovery Zone;MAIN;15
1F6554D6;2;GPH;EM;Discovery Zone;MAIN;31
1F837F3A;1;GPH;AMAG;Big Missouri Area;MAIN;38
1F837F3A;2;GPH;EM;Big Missouri Area;MAIN;38
1F837F3A;3;GPH;RAD;Big Missouri Area;MAIN;38
1FCDC14D;1;GPH;IP;Electrum;MAIN;78|81
1FE17C15;1;GPH;AMAG;Moss Vein;MAIN;65
1FE70C03;1;GPH;GRV;Griffon;MAIN;41
202DCEFC;1;GPH;EM;Savant Lake Vein System;MAIN;45
202DCEFC;2;GPH;AMAG;Savant Lake Vein System;MAIN;45
20120D5E;1;GPH;IP;Red Mountain;MAIN;58
20120D5E;2;GPH;EM;Red Mountain;MAIN;58
20120D5E;3;GPH;VLF;Red Mountain;MAIN;58
20120D5E;4;GPH;GMAG;Red Mountain;MAIN;58
20120D5E;5;GPH;AMAG;Red Mountain;MAIN;58
20120D5E;6;GPH;RAD;Red Mountain;MAIN;58
208C4578;1;GPH;IP;Main Stripped area;MAIN;15|22
208C4578;2;GPH;AMAG;Main Stripped area;MAIN;15|18
20E70C31;1;GPH;IP;Curraghinalt;MAIN;53
20E70C31;2;GPH;GMAG;Curraghinalt;MAIN;53
20E70C31;3;GPH;VLF;Curraghinalt;MAIN;53
20E70C31;4;GPH;RES;Curraghinalt;MAIN;53
20E70C31;5;GPH;EM;Curraghinalt;MAIN;58
20E70C31;6;GPH;AMAG;Curraghinalt;MAIN;58
21397674;1;GPH;GMAG;Vila Nova;MAIN;34|47|48
21397674;2;GPH;RAD;Vila Nova;MAIN;34|46|48
21232535;1;GPH;RAD;Kostilkovo Gold Project;MAIN;72
215FF174;1;GPH;UNS;Hope Brook;MAIN;87
2180DC51;1;GPH;GMAG;Kirana Break;MAIN;53
2180DC51;2;GPH;VLF;Kirana Break;MAIN;53
2180DC51;3;GPH;IP;Kirana Break;MAIN;53|62|73
2180DC51;4;GPH;AMAG;Kirana Break;MAIN;60
2180DC51;5;GPH;EM;Kirana Break;MAIN;60
21616C27;1;GPH;GMAG;Grayson Property;MAIN;39|48
21889E1D;1;GPH;AMAG;La Libertad vein system;MAIN;49
21889E1D;2;GPH;RAD;La Libertad vein system;MAIN;49
2236ED25;1;GPH;GMAG;Goose Site;MAIN;86
2236ED25;2;GPH;IP;Goose Site;MAIN;86
2236ED25;3;GPH;EM;Goose Site;MAIN;86|101
22158B32;1;GPH;GMAG;Efemçukuru;MAIN;56|57
22158B32;2;GPH;IP;Efemçukuru;MAIN;56|57
227384AB;1;GPH;AMAG;Eagle River;MAIN;63
2247650C;1;GPH;GMAG;Costerfield;MAIN;64
2247650C;2;GPH;GRV;Costerfield;MAIN;64
2247650C;3;GPH;IP;Costerfield;MAIN;64
2247650C;4;GPH;SES;Costerfield;MAIN;64
2247650C;5;GPH;AMAG;Costerfield;MAIN;64
2247650C;6;GPH;RAD;Costerfield;MAIN;64
22B0F479;1;GPH;IP;Goldstrike;MAIN;86
22EE8AF2;1;GPH;GRV;Springpole;MAIN;77
22EE8AF2;2;GPH;AMAG;Springpole;MAIN;77|78
22EE8AF2;3;GPH;GPR;Springpole;MAIN;83
22EE8AF2;4;GPH;WLOG;Springpole;MAIN;83
23E2AB4F;7;GPH;AMAG;Gramalote Ridge;MAIN;91
23E2AB4F;8;GPH;RAD;Gramalote Ridge;MAIN;91
23E2AB4F;9;GPH;GMAG;Gramalote Ridge;MAIN;91
236C70C8;3;GPH;IP;Pickle Crow;MAIN;96
236C70C8;4;GPH;GMAG;Pickle Crow;MAIN;96
236C70C8;5;GPH;EM;Pickle Crow;MAIN;100
236C70C8;6;GPH;AMAG;Pickle Crow;MAIN;100
2300FDF5;7;GPH;AMAG;Gramalote Ridge;MAIN;91
2300FDF5;8;GPH;RAD;Gramalote Ridge;MAIN;91
2300FDF5;9;GPH;GMAG;Gramalote Ridge;MAIN;91
23FDF32D;1;GPH;IP;Sullivan;MAIN;109
23FDF32D;2;GPH;MT;Sullivan;MAIN;109
23E75060;1;GPH;AMAG;Rice Lake Mining Complex;MAIN;27
246B6C08;1;GPH;EM;Zone 18;MAIN;52
246B6C08;2;GPH;AMAG;Zone 18;MAIN;52
2489595B;1;GPH;GMAG;Plumas Property;MAIN;31|33
248A80DD;1;GPH;GMAG;Wildcat;MAIN;115
248A80DD;2;GPH;VLF;Wildcat;MAIN;115
248A80DD;3;GPH;IP;Wildcat;MAIN;115
24AC8644;1;GPH;IP;Rio Grande;MAIN;41
24AC8644;2;GPH;RES;Rio Grande;MAIN;41
24AC8644;3;GPH;MT;Rio Grande;MAIN;41
24AE47D4;1;GPH;AMAG;Coneto Project;MAIN;54
24AE47D4;2;GPH;SWIR;Coneto Project;MAIN;55
2599A162;1;GPH;EM;La Lechoza;MAIN;40
2599A162;2;GPH;AMAG;La Lechoza;MAIN;40
2599A162;3;GPH;IP;La Lechoza;MAIN;40
2599A162;4;GPH;SWIR;La Lechoza;MAIN;48
254D5EBC;1;GPH;AMAG;Kilgore deposit;MAIN;71
254D5EBC;2;GPH;EM;Kilgore deposit;MAIN;71
254D5EBC;4;GPH;RAD;Kilgore deposit;MAIN;71
254D5EBC;5;GPH;VLF;Kilgore deposit;MAIN;71
254D5EBC;6;GPH;MT;Kilgore deposit;MAIN;73
254D5EBC;7;GPH;GMAG;Kilgore deposit;MAIN;75|78
250164CA;1;GPH;GMAG;Shahuindo;MAIN;116|117
250164CA;2;GPH;IP;Shahuindo;MAIN;116|117
25A7823F;1;GPH;GMAG;Bayan Khundii;MAIN;107
25A7823F;2;GPH;IP;Bayan Khundii;MAIN;109|112
25C0ABB4;1;GPH;AMAG;Cheechoo;MAIN;75
25C0ABB4;2;GPH;WLOG;Cheechoo;MAIN;73
25E7B8DC;1;GPH;GMAG;Çöpler;MAIN;90|107
25E7B8DC;2;GPH;IP;Çöpler;MAIN;107
25E7B8DC;3;GPH;MT;Çöpler;MAIN;107
25E7B8DC;4;GPH;AMAG;Çöpler;MAIN;107|108
25EF814D;1;GPH;UNS;Hope Brook;MAIN;73
25EF814D;2;GPH;IP;Hope Brook;MAIN;73
26140A92;1;GPH;AMAG;Nucleus Zone;MAIN;46|62
26140A92;2;GPH;RAD;Nucleus Zone;MAIN;46|62
26140A92;3;GPH;EM;Nucleus Zone;MAIN;46|48|62
269058A8;1;GPH;EM;SMG deposit;MAIN;55|56|57|58
269058A8;2;GPH;AMAG;SMG deposit;MAIN;55|56|57|58
26934DE8;1;GPH;UNS;Wasamac deposit;MAIN;70
26D7FC67;1;GPH;AMAG;Boulder and Argillite Veins;MAIN;39|40
26D7FC67;2;GPH;EM;Boulder and Argillite Veins;MAIN;39|40
26D7FC67;3;GPH;RAD;Boulder and Argillite Veins;MAIN;39|40
26AF7232;1;GPH;RES;Blackwater;MAIN;120
26AF7232;2;GPH;IP;Blackwater;MAIN;120
26AF7232;5;GPH;SWIR;Blackwater;MAIN;124
26EED897;1;GPH;EM;North Jumbo;MAIN;123|124
26EED897;2;GPH;AMAG;North Jumbo;MAIN;123|124
26EED897;3;GPH;MT;North Jumbo;MAIN;123|129
2733C2DC;1;GPH;GMAG;Costerfield;MAIN;70
2733C2DC;2;GPH;GRV;Costerfield;MAIN;70
2733C2DC;3;GPH;IP;Costerfield;MAIN;70
2733C2DC;4;GPH;AMAG;Costerfield;MAIN;71
2733C2DC;5;GPH;RAD;Costerfield;MAIN;71
277066F5;1;GPH;AMAG;Ishkoday;MAIN;41|42|45
277066F5;2;GPH;EM;Ishkoday;MAIN;41|42
277066F5;3;GPH;RAD;Ishkoday;MAIN;41
277066F5;6;GPH;IP;Ishkoday;MAIN;43
277066F5;7;GPH;GMAG;Ishkoday;MAIN;43
278777FD;2;GPH;IP;Kabang;MAIN;32
27A66A82;1;GPH;UNS;Rollo Property;MAIN;15
278C5D9A;1;GPH;GMAG;Cerro Vetas-NW Breccia-Chisperos;MAIN;71
278C5D9A;2;GPH;IP;Cerro Vetas-NW Breccia-Chisperos;MAIN;71
278C5D9A;3;GPH;RES;Cerro Vetas-NW Breccia-Chisperos;MAIN;71
278C5D9A;4;GPH;MT;Cerro Vetas-NW Breccia-Chisperos;MAIN;71
278C5D9A;5;GPH;AMAG;Cerro Vetas-NW Breccia-Chisperos;MAIN;71
278C5D9A;6;GPH;RAD;Cerro Vetas-NW Breccia-Chisperos;MAIN;71
2798BB0A;1;GPH;GRV;Springpole;MAIN;32
2798BB0A;2;GPH;AMAG;Springpole;MAIN;32|33
27B1AD13;1;GPH;AMAG;Cape Ray Gold Deposit;MAIN;68
285CAFFC;1;GPH;AMAG;Whistler Deposit;MAIN;71|72
285CAFFC;2;GPH;RAD;Whistler Deposit;MAIN;71
285CAFFC;3;GPH;IP;Whistler Deposit;MAIN;71|72|73
2882AA24;1;GPH;EM;Jethro Structure;MAIN;13|17|19
2882AA24;2;GPH;AMAG;Jethro Structure;MAIN;18
2882AA24;3;GPH;RAD;Jethro Structure;MAIN;18
28D949DC;2;GPH;IP;Los Venados;MAIN;47
27E713E8;1;GPH;AMAG;Las Pampas;MAIN;39|64|85
27E713E8;2;GPH;EM;Las Pampas;MAIN;39|64|85|96
27E713E8;3;GPH;IP;Las Pampas;MAIN;64|85|99
27E713E8;4;GPH;GMAG;Las Pampas;MAIN;64|85
27E713E8;5;GPH;MT;Las Pampas;MAIN;87|100
292E65F4;1;GPH;IP;Whistler Deposit;MAIN;73|74|75
292E65F4;2;GPH;AMAG;Whistler Deposit;MAIN;73|74
292E65F4;3;GPH;RAD;Whistler Deposit;MAIN;73
28EBC9F8;1;GPH;AMAG;Serra Alta;MAIN;107|108|122
28EBC9F8;2;GPH;RAD;Serra Alta;MAIN;107|108|122
28EBC9F8;3;GPH;GMAG;Serra Alta;MAIN;107
28EBC9F8;4;GPH;IP;Serra Alta;MAIN;107
28F8F5BC;1;GPH;GMAG;Costerfield;MAIN;74
28F8F5BC;2;GPH;GRV;Costerfield;MAIN;74
28F8F5BC;3;GPH;IP;Costerfield;MAIN;74
28F8F5BC;4;GPH;AMAG;Costerfield;MAIN;75
28F8F5BC;5;GPH;RAD;Costerfield;MAIN;75
298F6B30;1;GPH;EM;Dickens Lake Property;MAIN;24|25
298F6B30;2;GPH;AMAG;Dickens Lake Property;MAIN;24|25
296FB1D8;1;GPH;EM;Perron Orogenic Gold System;MAIN;93|94|95|96|97|101
296FB1D8;2;GPH;AMAG;Perron Orogenic Gold System;MAIN;93|94|95|104
296FB1D8;3;GPH;GMAG;Perron Orogenic Gold System;MAIN;93|94
298B9AB6;1;GPH;AMAG;Detour Lake deposit;MAIN;57
298B9AB6;2;GPH;IP;Detour Lake deposit;MAIN;77|78
29A622D6;1;GPH;IP;Falcons showings;MAIN;16|18
29A622D6;2;GPH;UNS;Falcons showings;MAIN;16|19|20|22
29FF6AC1;1;GPH;IP;Black Dog Zone;MAIN;40|41
29FF6AC1;2;GPH;GMAG;Black Dog Zone;MAIN;40|41
2A29512B;1;GPH;IP;Trun;MAIN;73
2A29512B;2;GPH;GMAG;Trun;MAIN;73
2AD3818D;1;GPH;AMAG;Chilko Property;MAIN;16|22
2AB98F65;1;GPH;GRV;Ada Tepe;MAIN;56
2AB98F65;2;GPH;GMAG;Ada Tepe;MAIN;56
2AB98F65;3;GPH;IP;Ada Tepe;MAIN;56
2AD8235A;1;GPH;AMAG;Red Mountain;MAIN;53
2AD8235A;2;GPH;GMAG;Red Mountain;MAIN;53
2AD8235A;3;GPH;EM;Red Mountain;MAIN;53
2AD8235A;4;GPH;IP;Red Mountain;MAIN;53
2B197A7F;1;GPH;AMAG;Philibert-I Showing;MAIN;36
2B197A7F;2;GPH;EM;Philibert-I Showing;MAIN;36
2B197A7F;3;GPH;VLF;Philibert-I Showing;MAIN;36
2AEF1702;1;GPH;AMAG;Valley;MAIN;59
2AEF1702;2;GPH;RAD;Valley;MAIN;59
2B556A56;1;GPH;EM;Monster Lake Shear Zone;MAIN;28
2B213DB7;1;GPH;IP;Morono M Zone;MAIN;79
2B1BF487;1;GPH;MT;Brucejack Deposit;MAIN;60
2BD6A010;1;GPH;UNS;White Pass zone;MAIN;46
2BD6A010;2;GPH;IP;White Pass zone;MAIN;57|66
2BE274E7;1;GPH;IP;Alotta;MAIN;43
2BE274E7;2;GPH;AMAG;Alotta;MAIN;43
2BE274E7;3;GPH;RAD;Alotta;MAIN;43
2CA3F481;1;GPH;AMAG;Pozo del Gringo;MAIN;25
2C0C0C0B;1;GPH;GMAG;Main Zone;MAIN;33
2C0C0C0B;2;GPH;IP;Main Zone;MAIN;33
2C130F0E;1;GPH;IP;Blackwater;MAIN;90|91
2C130F0E;2;GPH;RES;Blackwater;MAIN;90|91
2C130F0E;5;GPH;SWIR;Blackwater;MAIN;92
2CE8BABD;1;GPH;GMAG;Bayan Khundii;MAIN;37
2CE8BABD;2;GPH;IP;Bayan Khundii;MAIN;39
2D0095C7;1;GPH;GMAG;ATO;MAIN;57|60
2D0095C7;2;GPH;AMAG;ATO;MAIN;60
2D0095C7;3;GPH;RAD;ATO;MAIN;60
2D0095C7;4;GPH;IP;ATO;MAIN;60
2D0095C7;5;GPH;GRV;ATO;MAIN;60
2D0095C7;6;GPH;RES;ATO;MAIN;63
2D0095C7;7;GPH;NMR;ATO;MAIN;63
2D3D88F8;1;GPH;RAD;Big Missouri Deposit;MAIN;26
2D5553AA;1;GPH;EM;Nelligan;MAIN;54
2D5553AA;2;GPH;AMAG;Nelligan;MAIN;55
2D5553AA;3;GPH;IP;Nelligan;MAIN;55
2D5553AA;4;GPH;SWIR;Nelligan;MAIN;57
2D6CE2F9;1;GPH;AMAG;Granada;MAIN;54|55
2D90773D;1;GPH;GMAG;San Miguel;MAIN;62
2D90773D;2;GPH;IP;San Miguel;MAIN;62
2DE101D3;1;GPH;GMAG;Coricancha Mine Complex;MAIN;82
2DE101D3;2;GPH;IP;Coricancha Mine Complex;MAIN;82
2DF2297F;1;GPH;AMAG;Lac Arsenault;MAIN;44
2DF2297F;2;GPH;IP;Lac Arsenault;MAIN;52
2DF06B23;1;GPH;IP;Klaza Deposit;MAIN;22|41
2DF06B23;2;GPH;VLF;Klaza Deposit;MAIN;41
2DF06B23;3;GPH;GMAG;Klaza Deposit;MAIN;41
2DF06B23;4;GPH;AMAG;Klaza Deposit;MAIN;41
2DF06B23;5;GPH;RAD;Klaza Deposit;MAIN;41
2E2ADB8A;1;GPH;AMAG;Boda;MAIN;47|49
2E2ADB8A;2;GPH;RAD;Boda;MAIN;47
2E2ADB8A;3;GPH;GMAG;Boda;MAIN;48
2E2ADB8A;5;GPH;EM;Boda;MAIN;49
2E2ADB8A;6;GPH;GRV;Boda;MAIN;49
2DF1505C;1;GPH;AMAG;Candelones;MAIN;97|100|101
2DF1505C;2;GPH;EM;Candelones;MAIN;100
2DF1505C;3;GPH;IP;Candelones;MAIN;97|100|102
2E57C9C0;1;GPH;AMAG;Martinetas;MAIN;116
2E57C9C0;2;GPH;RAD;Martinetas;MAIN;116
2E57C9C0;3;GPH;MT;Martinetas;MAIN;116
2E57C9C0;4;GPH;IP;Martinetas;MAIN;116
2EC929DB;4;GPH;AMAG;Romero;MAIN;70|72
2EC929DB;5;GPH;RAD;Romero;MAIN;70
2EC929DB;6;GPH;IP;Romero;MAIN;70|71|74
2EC929DB;7;GPH;GMAG;Romero;MAIN;70
2EC929DB;8;GPH;EM;Romero;MAIN;72
2F5E8D68;1;GPH;AMAG;Koster Dam;MAIN;10
2F7EBA4A;1;GPH;IP;Cerro Porfiro;MAIN;34|35
2F7EBA4A;2;GPH;RES;Cerro Porfiro;MAIN;34|35
2F7EBA4A;3;GPH;GMAG;Cerro Porfiro;MAIN;35
2F7468E3;1;GPH;AMAG;Pluto Property;MAIN;41
2FC72C40;1;GPH;AMAG;Wires Prospect;MAIN;73
2FC72C40;2;GPH;MT;Wires Prospect;MAIN;76
2FC72C40;3;GPH;SWIR;Wires Prospect;MAIN;70|71
30053B98;1;GPH;AMAG;Palito;MAIN;48|49
30053B98;2;GPH;RAD;Palito;MAIN;49
30053B98;3;GPH;GMAG;Palito;MAIN;48|49|50
30053B98;4;GPH;IP;Palito;MAIN;48|49|50
30053B98;5;GPH;EM;Palito;MAIN;48|49|50
300FEDE7;1;GPH;GMAG;Lawyers Trend;MAIN;118|140
300FEDE7;2;GPH;VLF;Lawyers Trend;MAIN;118|140
300FEDE7;3;GPH;EM;Lawyers Trend;MAIN;118|153
300FEDE7;4;GPH;AMAG;Lawyers Trend;MAIN;153
300FEDE7;5;GPH;RAD;Lawyers Trend;MAIN;153|160
300FEDE7;7;GPH;SWIR;Lawyers Trend;MAIN;118|164
3022F210;1;GPH;AMAG;Ikkari;MAIN;112
3022F210;2;GPH;GMAG;Ikkari;MAIN;112
3022F210;3;GPH;GRV;Ikkari;MAIN;112
3022F210;4;GPH;IP;Ikkari;MAIN;112|113|115
3022F210;5;GPH;MT;Ikkari;MAIN;113
3085E31C;1;GPH;MT;Condor breccia, dyke and dome complex;MAIN;67
3085E31C;2;GPH;IP;Condor breccia, dyke and dome complex;MAIN;67|68
3085E31C;3;GPH;GMAG;Condor breccia, dyke and dome complex;MAIN;67
3085E31C;4;GPH;EM;Condor breccia, dyke and dome complex;MAIN;67|69
30BF9789;1;GPH;EM;Perron Gold Zones;MAIN;112|113|114|117|120
30BF9789;2;GPH;AMAG;Perron Gold Zones;MAIN;112|114
30BF9789;3;GPH;GMAG;Perron Gold Zones;MAIN;112|114
30BF9789;6;GPH;WLOG;Perron Gold Zones;MAIN;112|116
30EAF13D;1;GPH;AMAG;Sleeper;MAIN;69|70
30EAF13D;2;GPH;GRV;Sleeper;MAIN;69|70|71
30EAF13D;3;GPH;IP;Sleeper;MAIN;69|70|71
30EAF13D;4;GPH;MT;Sleeper;MAIN;69
3150297D;1;GPH;EM;Biricu Property;MAIN;32|35
3150297D;2;GPH;AMAG;Biricu Property;MAIN;35
311404CD;1;GPH;EM;Rainy River Gold Project;MAIN;166
311404CD;2;GPH;IP;Rainy River Gold Project;MAIN;166
311404CD;3;GPH;GRV;Rainy River Gold Project;MAIN;166|168
311404CD;4;GPH;MT;Rainy River Gold Project;MAIN;166|167
311404CD;5;GPH;AMAG;Rainy River Gold Project;MAIN;166
311404CD;7;GPH;GMAG;Rainy River Gold Project;MAIN;168
311404CD;8;GPH;UNS;Rainy River Gold Project;MAIN;168
3167CC26;1;GPH;EM;Middle River Gold Zone;MAIN;78|81
3167CC26;2;GPH;GMAG;Middle River Gold Zone;MAIN;74
3167CC26;3;GPH;VLF;Middle River Gold Zone;MAIN;74
3167CC26;4;GPH;IP;Middle River Gold Zone;MAIN;79
3167CC26;5;GPH;AMAG;Middle River Gold Zone;MAIN;81
3182039A;1;GPH;RAD;Big Missouri;MAIN;38
3185C8FC;1;GPH;VLF;Klaza;MAIN;73
3185C8FC;2;GPH;GMAG;Klaza;MAIN;73
3185C8FC;3;GPH;IP;Klaza;MAIN;73
3185C8FC;4;GPH;AMAG;Klaza;MAIN;73
3185C8FC;5;GPH;RAD;Klaza;MAIN;73
31F34736;1;GPH;UNS;Golden Chest;MAIN;39
31D4C581;1;GPH;GMAG;Los Filos;MAIN;81|83
31D4C581;2;GPH;EM;Los Filos;MAIN;81
322B4273;1;GPH;IP;Wings Point;MAIN;22|25|26
323141BC;1;GPH;IP;San Agustin;MAIN;61|62
3279BA52;1;GPH;AMAG;Chibougamau property;MAIN;37|38
3279BA52;2;GPH;EM;Chibougamau property;MAIN;37|38
32F18F09;1;GPH;EM;Back Forty Deposit;MAIN;98|100|101
32F18F09;2;GPH;AMAG;Back Forty Deposit;MAIN;98|100
32F18F09;3;GPH;GRV;Back Forty Deposit;MAIN;98|100|101|102
32F18F09;4;GPH;GMAG;Back Forty Deposit;MAIN;98|100|101
333B3B57;1;GPH;AMAG;Boyden;MAIN;30|34|36
333B3B57;5;GPH;IP;Boyden;MAIN;34
333B3B57;7;GPH;VLF;Boyden;MAIN;36
3311C0B8;1;GPH;EM;Lalor;MAIN;59
33D98D15;1;GPH;GMAG;Kodiak Project;MAIN;19|29|30|32
33D98D15;2;GPH;AMAG;Kodiak Project;MAIN;19|29|30|33
33D98D15;3;GPH;RAD;Kodiak Project;MAIN;19|29|30|34
34397D2A;1;GPH;EM;Lira;MAIN;42|44
34397D2A;2;GPH;AMAG;Lira;MAIN;42|44
33A279AE;1;GPH;AMAG;Umuna;MAIN;55|61|62
33A279AE;2;GPH;RAD;Umuna;MAIN;55|61|62
3425C690;1;GPH;IP;Sleeper deposit;MAIN;55|56
3425C690;2;GPH;GRV;Sleeper deposit;MAIN;55|56
3425C690;3;GPH;MT;Sleeper deposit;MAIN;55|56
3425C690;4;GPH;AMAG;Sleeper deposit;MAIN;56|57
3457AC4E;1;GPH;RAD;Rompas;MAIN;14|19|33|34
3457AC4E;2;GPH;AMAG;Rompas;MAIN;33|34
3457AC4E;3;GPH;VLF;Rompas;MAIN;34
3457AC4E;4;GPH;IP;Rompas;MAIN;33|40
3457AC4E;5;GPH;EM;Rompas;MAIN;18
34C796AC;1;GPH;AMAG;Cloud Drifter Trend;MAIN;38|54
34C796AC;2;GPH;RAD;Cloud Drifter Trend;MAIN;38|54
34C6D6FF;1;GPH;IP;Tahuehueto;MAIN;47
34C6D6FF;2;GPH;RES;Tahuehueto;MAIN;47
350075F2;1;GPH;AMAG;Dime Project;MAIN;22|31
350075F2;2;GPH;RAD;Dime Project;MAIN;22|31
34DE2D6A;1;GPH;MT;VOK Zone;MAIN;69
35060722;1;GPH;GRV;Springpole;MAIN;45
35060722;2;GPH;AMAG;Springpole;MAIN;45|46
35206A63;1;GPH;UNS;Björkdal;MAIN;73
35206A63;2;GPH;GMAG;Björkdal;MAIN;73
35206A63;3;GPH;IP;Björkdal;MAIN;73
35206A63;4;GPH;WLOG;Björkdal;MAIN;73
356BDF5C;1;GPH;AMAG;Yaoure Central;MAIN;65
356BDF5C;2;GPH;RAD;Yaoure Central;MAIN;65
357F2DBF;1;GPH;AMAG;Troy Zone;MAIN;21
357F2DBF;2;GPH;EM;Troy Zone;MAIN;21
357F2DBF;3;GPH;GMAG;Troy Zone;MAIN;30
357F2DBF;4;GPH;VLF;Troy Zone;MAIN;30
3592CC1C;1;GPH;AMAG;Saddle Zone;MAIN;19|27|39|40|41
3592CC1C;2;GPH;RAD;Saddle Zone;MAIN;19|27|39|40|42
35AD2016;1;GPH;IP;San Andrés;MAIN;55
35AD2016;2;GPH;GMAG;San Andrés;MAIN;55
359A7B80;1;GPH;AMAG;Candelones Project;MAIN;56
359A7B80;2;GPH;EM;Candelones Project;MAIN;56
359A7B80;3;GPH;IP;Candelones Project;MAIN;56
363AA7C2;1;GPH;GMAG;Golden Reward;MAIN;20|23|24
362E520F;1;GPH;EM;Nelligan;MAIN;54
362E520F;2;GPH;AMAG;Nelligan;MAIN;55
362E520F;3;GPH;IP;Nelligan;MAIN;55
362E520F;4;GPH;SWIR;Nelligan;MAIN;57
36660BA9;1;GPH;IP;Croinor;MAIN;80|82
37743B3C;1;GPH;RAD;Rajapalot;MAIN;24
37743B3C;2;GPH;AMAG;Rajapalot;MAIN;24
37743B3C;3;GPH;IP;Rajapalot;MAIN;24|25|26
37743B3C;4;GPH;GMAG;Rajapalot;MAIN;24|25|26
37743B3C;5;GPH;EM;Rajapalot;MAIN;24|25|26
37B8CB8D;1;GPH;IP;Main Zone;MAIN;64
37B8CB8D;2;GPH;RES;Main Zone;MAIN;64
37B8CB8D;3;GPH;GMAG;Main Zone;MAIN;64
37B8CB8D;4;GPH;VLF;Main Zone;MAIN;64
37B8CB8D;5;GPH;EM;Main Zone;MAIN;64|68
37B8CB8D;6;GPH;AMAG;Main Zone;MAIN;64
37B8CB8D;7;GPH;RAD;Main Zone;MAIN;64
38072A1F;1;GPH;UNS;Lagunas Norte;MAIN;65
38072A1F;2;GPH;SWIR;Lagunas Norte;MAIN;65
386A2167;2;GPH;AMAG;Florin gold deposit;MAIN;32
37EEBE47;1;GPH;IP;Madison Project;MAIN;56|65
37EEBE47;2;GPH;GMAG;Madison Project;MAIN;56|69
37EEBE47;3;GPH;MALM;Madison Project;MAIN;70
38750135;1;GPH;RAD;Lindsay Property;MAIN;26
3870A7FF;2;GPH;IP;Diba;MAIN;91
3870A7FF;3;GPH;GMAG;Diba;MAIN;91
3870A7FF;4;GPH;WLOG;Diba;MAIN;91
3870A7FF;5;GPH;EM;Diba;MAIN;92
38D8C5E3;1;GPH;GMAG;Luna Roja;MAIN;29
38D8C5E3;2;GPH;GRV;Luna Roja;MAIN;29
38BE749E;1;GPH;VLF;US Grant vein;MAIN;38|44
394489CC;1;GPH;AMAG;Prosperity Trend;MAIN;32|35
3919A867;1;GPH;AMAG;Camino Rojo;MAIN;83
3919A867;2;GPH;IP;Camino Rojo;MAIN;83
3919A867;3;GPH;GRV;Camino Rojo;MAIN;83
39213E42;1;GPH;AMAG;Newman Todd Structure;MAIN;68
39213E42;2;GPH;GMAG;Newman Todd Structure;MAIN;68|92
39FB1932;1;GPH;AMAG;Twin Hills;MAIN;155
39FB1932;2;GPH;GMAG;Twin Hills;MAIN;156
39FB1932;3;GPH;IP;Twin Hills;MAIN;156|157
39BA4386;1;GPH;EM;Eastmain Mine Gold Deposit;MAIN;38
39BA4386;2;GPH;AMAG;Eastmain Mine Gold Deposit;MAIN;38
39BA4386;3;GPH;IP;Eastmain Mine Gold Deposit;MAIN;42
39ABBA49;1;GPH;GMAG;Altan Nar;MAIN;14|39
39ABBA49;2;GPH;IP;Altan Nar;MAIN;8|14|24|42|44
39FD989F;1;GPH;AMAG;QV Project;MAIN;19|26
39FD989F;2;GPH;RAD;QV Project;MAIN;19|26
3A620AFE;1;GPH;IP;Dolphin;MAIN;21|36|37
3A620AFE;2;GPH;AMAG;Dolphin;MAIN;24|28
3A6BCC4A;1;GPH;EM;Rainy River gold project;MAIN;84
3A6BCC4A;2;GPH;IP;Rainy River gold project;MAIN;84
3A6BCC4A;3;GPH;GRV;Rainy River gold project;MAIN;84|85
3A6BCC4A;4;GPH;RES;Rainy River gold project;MAIN;84|85
3A6BCC4A;5;GPH;MT;Rainy River gold project;MAIN;84|85
3A6BCC4A;6;GPH;AMAG;Rainy River gold project;MAIN;84
3A6BCC4A;8;GPH;GMAG;Rainy River gold project;MAIN;85
3A6BCC4A;9;GPH;UNS;Rainy River gold project;MAIN;85
3AE4029C;1;GPH;IP;Sullivan;MAIN;109
3AE4029C;2;GPH;MT;Sullivan;MAIN;109
3B88DE37;1;GPH;AMAG;Cangrejos Zone;MAIN;26
3BBB00A1;1;GPH;RAD;Grassy Mountain;MAIN;86|87
3BBB00A1;2;GPH;AMAG;Grassy Mountain;MAIN;86|87
3BBB00A1;3;GPH;MT;Grassy Mountain;MAIN;86
3BDD510E;1;GPH;AMAG;Friday Zone;MAIN;31|43|46
3BDD510E;2;GPH;EM;Friday Zone;MAIN;31|43|46
3BDD510E;3;GPH;GMAG;Friday Zone;MAIN;43|46
3BDD510E;4;GPH;IP;Friday Zone;MAIN;43|47
3C15D2C0;1;GPH;IP;Cap Oeste;MAIN;71|73|74|75|76|77
3C15D2C0;2;GPH;GMAG;Cap Oeste;MAIN;71|77
3BEF5C5D;1;GPH;GRV;Pinion;MAIN;73
3BEF5C5D;2;GPH;MT;Pinion;MAIN;73|75
3BEF5C5D;3;GPH;GMAG;Pinion;MAIN;73
3BEF5C5D;4;GPH;AMAG;Pinion;MAIN;75
3BEF5C5D;5;GPH;SES;Pinion;MAIN;75
3C2EA033;1;GPH;IP;Didipio Gold-Copper Deposit;MAIN;44
3C2EA033;2;GPH;AMAG;Didipio Gold-Copper Deposit;MAIN;44
3C2FD135;1;GPH;GMAG;Las Casas Structural Corridor;MAIN;49|59
3C2FD135;2;GPH;IP;Las Casas Structural Corridor;MAIN;49|59
3C670972;1;GPH;UNS;Zun-Holba;MAIN;48
3C670972;2;GPH;RAD;Zun-Holba;MAIN;48
3C8E966A;1;GPH;IP;Kabang;MAIN;34
3C8E966A;2;GPH;AMAG;Kabang;MAIN;30
3C95B7B3;1;GPH;AMAG;Goldstorm;MAIN;67|72|73
3C95B7B3;2;GPH;GRV;Goldstorm;MAIN;67|74
3C95B7B3;3;GPH;GMAG;Goldstorm;MAIN;67|77
3C95B7B3;4;GPH;IP;Goldstorm;MAIN;78
3CE2B9E0;1;GPH;GRV;Pinion;MAIN;119
3CE2B9E0;2;GPH;MT;Pinion;MAIN;119|120
3CE2B9E0;3;GPH;SES;Pinion;MAIN;122
3CE2B9E0;4;GPH;AMAG;Pinion;MAIN;120
3CE5E6C7;1;GPH;GMAG;Shahuindo deposit;MAIN;62|63
3CE5E6C7;2;GPH;IP;Shahuindo deposit;MAIN;62|63|64
3CFD0216;1;GPH;GRV;Marigold;MAIN;81|82|83
3CEFECB0;1;GPH;AMAG;Ranch Property;MAIN;66|69
3CF80026;1;GPH;AMAG;Ikkari;MAIN;79
3CF80026;2;GPH;GMAG;Ikkari;MAIN;79
3CF80026;3;GPH;GRV;Ikkari;MAIN;79
3CF80026;4;GPH;IP;Ikkari;MAIN;79|80
3CF80026;5;GPH;MT;Ikkari;MAIN;80
3D6BB6CE;1;GPH;GMAG;Instant Pond Zone;MAIN;20
3D6BB6CE;2;GPH;VLF;Instant Pond Zone;MAIN;20
3D840C52;1;GPH;AMAG;Côté Lake;MAIN;55|57
3DEAA3DE;1;GPH;AMAG;Qiriyaga Hill;MAIN;77
3DEAA3DE;2;GPH;RAD;Qiriyaga Hill;MAIN;77
3DEAA3DE;3;GPH;MT;Qiriyaga Hill;MAIN;106
3DEAA3DE;4;GPH;IP;Qiriyaga Hill;MAIN;106
3DED1690;1;GPH;AMAG;Glen Morrison Goldfield;MAIN;24|31
3DFA7D26;1;GPH;AMAG;Qiriyaga Hill;MAIN;70
3DFA7D26;2;GPH;RAD;Qiriyaga Hill;MAIN;70|71
3DFA7D26;3;GPH;MT;Qiriyaga Hill;MAIN;99
3DFA7D26;4;GPH;IP;Qiriyaga Hill;MAIN;99
3DF016AA;1;GPH;AMAG;CNRG Project;MAIN;33
3DF016AA;2;GPH;EM;CNRG Project;MAIN;33
3E290B9E;1;GPH;UNS;Mckenzie Break Deposit;MAIN;52|57
3F048ECD;1;GPH;AMAG;Caribe;MAIN;25
3F048ECD;2;GPH;RAD;Caribe;MAIN;25|29
3F048ECD;3;GPH;GMAG;Caribe;MAIN;25|29
3F048ECD;4;GPH;GRV;Caribe;MAIN;25|29
3F31C6FF;1;GPH;IP;Goldkuppe;MAIN;50
3F31C6FF;2;GPH;GMAG;Goldkuppe;MAIN;50
3F31C6FF;3;GPH;EM;Goldkuppe;MAIN;50
3F31C6FF;4;GPH;GRV;Goldkuppe;MAIN;50
3E525573;1;GPH;GMAG;Mexican Hat;MAIN;34
3E525573;2;GPH;VLF;Mexican Hat;MAIN;34
3F5CB0D2;1;GPH;AMAG;Mt. Anderson;MAIN;43|85
3F5CB0D2;2;GPH;GMAG;Mt. Anderson;MAIN;43
3F5CB0D2;3;GPH;RAD;Mt. Anderson;MAIN;56|85
3F5CB0D2;4;GPH;IP;Mt. Anderson;MAIN;89
3E327028;1;GPH;EM;Premier;MAIN;75
3E327028;2;GPH;AMAG;Premier;MAIN;75
3E327028;3;GPH;RAD;Premier;MAIN;75
3E327028;5;GPH;IP;Premier;MAIN;76
3FB632CD;1;GPH;GMAG;Shajinba;MAIN;43|52
3FB632CD;2;GPH;IP;Shajinba;MAIN;43|52
402299AD;1;GPH;IP;San Agustin;MAIN;53
402299AD;2;GPH;MT;San Agustin;MAIN;53
402299AD;3;GPH;GRV;San Agustin;MAIN;53
402299AD;4;GPH;GMAG;San Agustin;MAIN;53
402299AD;5;GPH;RAD;San Agustin;MAIN;53
404DD998;1;GPH;AMAG;Chaminé;MAIN;77|86
404DD998;2;GPH;RAD;Chaminé;MAIN;77|86
404DD998;3;GPH;SES;Chaminé;MAIN;78
404DD998;4;GPH;RES;Chaminé;MAIN;78
40A39DC1;1;GPH;GRV;Springpole;MAIN;44
40A39DC1;2;GPH;AMAG;Springpole;MAIN;44
40A828C7;1;GPH;GMAG;Blyvoor;MAIN;78
40C52936;1;GPH;UNS;El Limón;MAIN;56
40E9B945;1;GPH;GMAG;Koné;MAIN;69|72
40E9B945;2;GPH;IP;Koné;MAIN;69|73
40F9D281;1;GPH;GRV;BYP Gold Mineralization;MAIN;37
40F9D281;2;GPH;AMAG;BYP Gold Mineralization;MAIN;37
414D5F62;1;GPH;GMAG;La Mina;MAIN;88|96
414D5F62;2;GPH;EM;La Mina;MAIN;88|96|97
414D5F62;3;GPH;IP;La Mina;MAIN;88|96
414D5F62;4;GPH;RES;La Mina;MAIN;88|96
414D5F62;6;GPH;GRV;La Mina;MAIN;88|92|96
414D5F62;7;GPH;SP;La Mina;MAIN;92|96
414D5F62;8;GPH;MALM;La Mina;MAIN;92|96
42224C5C;1;GPH;EM;Tide North;MAIN;22
42224C5C;2;GPH;AMAG;Tide North;MAIN;22
421A2FEB;1;GPH;GMAG;Copperstone;MAIN;65
421A2FEB;2;GPH;EM;Copperstone;MAIN;65
421A2FEB;3;GPH;VLF;Copperstone;MAIN;66
421A2FEB;4;GPH;IP;Copperstone;MAIN;66|67
421A2FEB;5;GPH;GRV;Copperstone;MAIN;65|66
421A2FEB;6;GPH;SES;Copperstone;MAIN;66
421A2FEB;7;GPH;AMAG;Copperstone;MAIN;67
4258E8C9;1;GPH;SES;Beta Hunt Gold;MAIN;72|76
4258E8C9;2;GPH;EM;Beta Hunt Gold;MAIN;72
428D93C5;1;GPH;IP;Olympias;MAIN;22|60
428D93C5;2;GPH;SWIR;Olympias;MAIN;59
42A14A11;1;GPH;IP;Soledad Breccia Pipes;MAIN;53
42A14A11;2;GPH;RES;Soledad Breccia Pipes;MAIN;53
42A14A11;3;GPH;GMAG;Soledad Breccia Pipes;MAIN;53
42A14A11;4;GPH;EM;Soledad Breccia Pipes;MAIN;56|57
42A14A11;5;GPH;MT;Soledad Breccia Pipes;MAIN;56|57
42A14A11;6;GPH;SWIR;Soledad Breccia Pipes;MAIN;51
4299A264;1;GPH;EM;Yellow Giant;MAIN;55|56|57
4299A264;2;GPH;AMAG;Yellow Giant;MAIN;55|57
4299A264;3;GPH;SP;Yellow Giant;MAIN;55|56
4299A264;4;GPH;VLF;Yellow Giant;MAIN;55|57
4299A264;5;GPH;IP;Yellow Giant;MAIN;55|56|57
4299A264;6;GPH;GMAG;Yellow Giant;MAIN;55
4299A264;7;GPH;RES;Yellow Giant;MAIN;55|57
4329AA96;1;GPH;AMAG;Queensway Project;MAIN;93|96
4329AA96;2;GPH;UNS;Queensway Project;MAIN;93
4329AA96;3;GPH;GRV;Queensway Project;MAIN;96
4329AA96;5;GPH;RAD;Queensway Project;MAIN;96
4329AA96;6;GPH;IP;Queensway Project;MAIN;96|97
4329AA96;7;GPH;EM;Queensway Project;MAIN;68
4366213D;1;GPH;IP;Tres Cerros;MAIN;56
432EB1F7;1;GPH;IP;Alto Quemado Vein System;MAIN;35|36
432EB1F7;2;GPH;GMAG;Alto Quemado Vein System;MAIN;36|43
43CE03C8;1;GPH;IP;Main Zone;MAIN;51
43CE03C8;2;GPH;RES;Main Zone;MAIN;51
43CE03C8;3;GPH;GMAG;Main Zone;MAIN;51
43CE03C8;4;GPH;VLF;Main Zone;MAIN;51
43CE03C8;5;GPH;EM;Main Zone;MAIN;51|55
43CE03C8;6;GPH;AMAG;Main Zone;MAIN;51
43CE03C8;7;GPH;RAD;Main Zone;MAIN;51
43F71BA8;1;GPH;AMAG;Certej;MAIN;35
43CD2CEF;1;GPH;IP;Binebase-Bawone;MAIN;41|42
43CD2CEF;2;GPH;GMAG;Binebase-Bawone;MAIN;41|42
43CD2CEF;3;GPH;AMAG;Binebase-Bawone;MAIN;44
44319179;1;GPH;GMAG;Durusu;MAIN;22|25
44319179;2;GPH;IP;Durusu;MAIN;22|25|26
44319179;3;GPH;RAD;Durusu;MAIN;22|25|27
43FD9B63;1;GPH;AMAG;Sandman;MAIN;33
43FD9B63;2;GPH;IP;Sandman;MAIN;46
4458DADE;1;GPH;AMAG;NX Gold Mine;MAIN;57
4458DADE;2;GPH;RAD;NX Gold Mine;MAIN;57
447CF32A;3;GPH;AMAG;Panama Group;MAIN;103
447CF32A;4;GPH;GMAG;Panama Group;MAIN;103|110
447CF32A;5;GPH;GRV;Panama Group;MAIN;110
446C98BF;1;GPH;MT;Brucejack Deposit;MAIN;86|87|94
446C98BF;2;GPH;AMAG;Brucejack Deposit;MAIN;87
446C98BF;3;GPH;RAD;Brucejack Deposit;MAIN;87
446C98BF;4;GPH;EM;Brucejack Deposit;MAIN;88
446C98BF;5;GPH;IP;Brucejack Deposit;MAIN;92|96
446C98BF;6;GPH;SES;Brucejack Deposit;MAIN;92
446C98BF;7;GPH;SP;Brucejack Deposit;MAIN;92
446C98BF;8;GPH;RES;Brucejack Deposit;MAIN;92
446C98BF;9;GPH;GMAG;Brucejack Deposit;MAIN;92
446C98BF;10;GPH;WLOG;Brucejack Deposit;MAIN;92
449C624A;1;GPH;MT;Main Zone;MAIN;46|52
449C624A;2;GPH;IP;Main Zone;MAIN;52
44B237CE;1;GPH;UNS;Pozo del Gringo;MAIN;36
44BF137C;1;GPH;EM;Homestake Zone;MAIN;65|68
44BF137C;2;GPH;GMAG;Homestake Zone;MAIN;65|66
44BF137C;3;GPH;IP;Homestake Zone;MAIN;65|69
44BF137C;4;GPH;RES;Homestake Zone;MAIN;65
44BF137C;5;GPH;RAD;Homestake Zone;MAIN;68
44C869B7;1;GPH;IP;El Volcan Mine;MAIN;44|52
44C869B7;2;GPH;GMAG;El Volcan Mine;MAIN;44|52
44CDCB65;1;GPH;AMAG;Barry;MAIN;68
44EDF40C;1;GPH;GMAG;Costerfield;MAIN;58
44EDF40C;2;GPH;GRV;Costerfield;MAIN;58
44EDF40C;3;GPH;IP;Costerfield;MAIN;58
44EDF40C;4;GPH;SES;Costerfield;MAIN;58
44EDF40C;5;GPH;AMAG;Costerfield;MAIN;59
44EDF40C;6;GPH;RAD;Costerfield;MAIN;59
4514DE89;1;GPH;IP;Goldhawk;MAIN;69
4514DE89;2;GPH;RES;Goldhawk;MAIN;69
4514DE89;3;GPH;GMAG;Goldhawk;MAIN;69
4514DE89;5;GPH;AMAG;Goldhawk;MAIN;64|65|92
45196AE8;1;GPH;GMAG;Clarence Stream;MAIN;37
45196AE8;2;GPH;IP;Clarence Stream;MAIN;37
4525C531;1;GPH;EM;Eastmain Mine Deposit;MAIN;65|66|67|69|70|78
453DE368;1;GPH;AMAG;Palito Mine;MAIN;50|51|56
453DE368;2;GPH;GMAG;Palito Mine;MAIN;51
453DE368;3;GPH;IP;Palito Mine;MAIN;49|51|57
453DE368;4;GPH;EM;Palito Mine;MAIN;49|51|56
45777B56;2;GPH;IP;Casposo;MAIN;56
45777B56;3;GPH;GMAG;Casposo;MAIN;56
45777B56;4;GPH;AMAG;Casposo;MAIN;56
4582D235;1;GPH;IP;COSE;MAIN;52|55
45A2A397;1;GPH;AMAG;AurMac;MAIN;57|58
45A2A397;2;GPH;RAD;AurMac;MAIN;57
45A2A397;3;GPH;EM;AurMac;MAIN;47
45A2A397;4;GPH;RES;AurMac;MAIN;47
4601278E;1;GPH;EM;Laverty Main Zone;MAIN;41
4601278E;2;GPH;AMAG;Laverty Main Zone;MAIN;41
45DEA277;1;GPH;VLF;Mt. Hinton;MAIN;46
45DEA277;2;GPH;AMAG;Mt. Hinton;MAIN;58
45AAB2FD;4;GPH;AMAG;Guanaco;MAIN;117
45AAB2FD;5;GPH;RAD;Guanaco;MAIN;117
45AAB2FD;6;GPH;EM;Guanaco;MAIN;117|118
45AAB2FD;8;GPH;GMAG;Guanaco;MAIN;118|128
45AAB2FD;9;GPH;IP;Guanaco;MAIN;118|121
45AAB2FD;10;GPH;MT;Guanaco;MAIN;118|121|128
4626F827;1;GPH;AMAG;Revenue;MAIN;47
4626F827;2;GPH;EM;Revenue;MAIN;47
4626F827;5;GPH;IP;Revenue;MAIN;47|48
4626F827;6;GPH;RAD;Revenue;MAIN;47
4626F827;7;GPH;GMAG;Revenue;MAIN;47|48|49
4626F827;8;GPH;RES;Revenue;MAIN;48
46414CCB;3;GPH;GMAG;Mexican Hat;MAIN;77
46414CCB;4;GPH;MT;Mexican Hat;MAIN;77|80
46414CCB;5;GPH;GRV;Mexican Hat;MAIN;77|84
46771F7C;1;GPH;AMAG;Hammond Reef;MAIN;44
46771F7C;2;GPH;IP;Hammond Reef;MAIN;47
46D9512A;1;GPH;AMAG;Lac Arsenault;MAIN;43
46D9512A;2;GPH;IP;Lac Arsenault;MAIN;51
4752C21D;1;GPH;AMAG;Rodeo;MAIN;37
4752C21D;2;GPH;RAD;Rodeo;MAIN;37
4752C21D;3;GPH;IP;Rodeo;MAIN;37
46B63A68;1;GPH;MT;Veladero;MAIN;48
47B7A938;1;GPH;AMAG;Three Bluffs;MAIN;41
47B7A938;2;GPH;EM;Three Bluffs;MAIN;47
4765DC3B;1;GPH;AMAG;Millen Mountain;MAIN;23|24
4765DC3B;2;GPH;IP;Millen Mountain;MAIN;28|29|34
4765DC3B;3;GPH;RES;Millen Mountain;MAIN;28|29|34
4765DC3B;4;GPH;GMAG;Millen Mountain;MAIN;28|29|34
47FDCB65;1;GPH;EM;San Rafael Mine;MAIN;48|57|58
47FDCB65;2;GPH;AMAG;San Rafael Mine;MAIN;48|57|58
47FDCB65;3;GPH;IP;San Rafael Mine;MAIN;48|57|59
47FDCB65;4;GPH;GRV;San Rafael Mine;MAIN;58
483D984A;1;GPH;IP;Camino Rojo;MAIN;74
484BAD57;1;GPH;AMAG;Mt Sidney Williams Gold;MAIN;31
484BAD57;2;GPH;GMAG;Mt Sidney Williams Gold;MAIN;32
484BAD57;3;GPH;VLF;Mt Sidney Williams Gold;MAIN;32
484BAD57;4;GPH;IP;Mt Sidney Williams Gold;MAIN;32
48145CD9;1;GPH;GMAG;Ixtaca Zone;MAIN;53
48145CD9;2;GPH;IP;Ixtaca Zone;MAIN;53
48145CD9;3;GPH;MT;Ixtaca Zone;MAIN;53
48480F23;1;GPH;IP;Sugarloaf Peak;MAIN;48|66
48480F23;2;GPH;RES;Sugarloaf Peak;MAIN;66
48480F23;3;GPH;MT;Sugarloaf Peak;MAIN;66
48480F23;4;GPH;AMAG;Sugarloaf Peak;MAIN;48|68
492E419F;1;GPH;GMAG;Guaico;MAIN;26
494766BE;1;GPH;IP;Summit Mine;MAIN;53
495283E4;1;GPH;AMAG;Northern Zone;MAIN;58|60
495283E4;2;GPH;RAD;Northern Zone;MAIN;58|60
495283E4;3;GPH;IP;Northern Zone;MAIN;58|59|60
495283E4;5;GPH;SWIR;Northern Zone;MAIN;60
49530B27;1;GPH;IP;Pueblo Viejo;MAIN;65
49530B27;2;GPH;GMAG;Pueblo Viejo;MAIN;65
497F3FA9;1;GPH;IP;Muus Property;MAIN;35|44
497F3FA9;2;GPH;AMAG;Muus Property;MAIN;40|41|43|44|49
497F3FA9;3;GPH;VLF;Muus Property;MAIN;49
497F3FA9;4;GPH;EM;Muus Property;MAIN;41|43
49B77313;1;GPH;VLF;El Zapote;MAIN;33
49B77313;2;GPH;GMAG;El Zapote;MAIN;33
49CB5570;1;GPH;AMAG;Arch Prospect;MAIN;30|31
49CB5570;2;GPH;GRV;Arch Prospect;MAIN;30|31
49CB5570;3;GPH;MT;Arch Prospect;MAIN;30|41
49E75B40;2;GPH;EM;Castle Mountain;MAIN;74
49E75B40;3;GPH;GRV;Castle Mountain;MAIN;74|75
49F2722A;1;GPH;AMAG;Santa Fe deposit;MAIN;78
49F807D8;1;GPH;IP;Callanquitas Structure;MAIN;31|33
49F807D8;2;GPH;GMAG;Callanquitas Structure;MAIN;31|33
4A0065EE;1;GPH;AMAG;Foley Mine;MAIN;31
49F5DF6B;1;GPH;VLF;Tartan gold deposit;MAIN;66
49F5DF6B;2;GPH;UNS;Tartan gold deposit;MAIN;70
49F5DF6B;3;GPH;IP;Tartan gold deposit;MAIN;71
4A194370;1;GPH;AMAG;Brussels Creek;MAIN;25
4A194370;2;GPH;RAD;Brussels Creek;MAIN;28
4A1A891A;1;GPH;IP;Vein No. 1;MAIN;52
4A1A891A;2;GPH;RES;Vein No. 1;MAIN;52
4A1A891A;3;GPH;AMAG;Vein No. 1;MAIN;47|48|49
4A1A891A;4;GPH;EM;Vein No. 1;MAIN;53
4A24ED87;1;GPH;AMAG;Shahuindo;MAIN;62
4A24ED87;2;GPH;IP;Shahuindo;MAIN;62
4B2F65B3;1;GPH;GMAG;Durusu;MAIN;24
4B2F65B3;2;GPH;IP;Durusu;MAIN;24|25
4B2F65B3;3;GPH;RAD;Durusu;MAIN;24|26
4B11A53A;1;GPH;AMAG;Peter Lake Property;MAIN;42|43|47|52
4B11A53A;2;GPH;RES;Peter Lake Property;MAIN;43
4B11A53A;4;GPH;EM;Peter Lake Property;MAIN;52
4B11A53A;5;GPH;GMAG;Peter Lake Property;MAIN;52
4B11A53A;6;GPH;GRV;Peter Lake Property;MAIN;44
4ACEE954;1;GPH;MT;Brucejack Deposit;MAIN;86|87
4ACEE954;2;GPH;AMAG;Brucejack Deposit;MAIN;87|88
4ACEE954;3;GPH;RAD;Brucejack Deposit;MAIN;87|88
4ACEE954;4;GPH;EM;Brucejack Deposit;MAIN;88
4ACEE954;5;GPH;IP;Brucejack Deposit;MAIN;91
4ACEE954;6;GPH;SES;Brucejack Deposit;MAIN;91
4ACEE954;7;GPH;SP;Brucejack Deposit;MAIN;91
4ACEE954;8;GPH;RES;Brucejack Deposit;MAIN;91
4B3FC522;1;GPH;EM;Lomero Poyatos;MAIN;64|73
4B3FC522;2;GPH;AMAG;Lomero Poyatos;MAIN;73
4B3FC522;3;GPH;GRV;Lomero Poyatos;MAIN;73
4B404928;1;GPH;AMAG;Los Pavitos;MAIN;51
4BCC3385;1;GPH;AMAG;San Ramon shear zone;MAIN;51
4BCC3385;2;GPH;RAD;San Ramon shear zone;MAIN;51
4BCC3385;3;GPH;IP;San Ramon shear zone;MAIN;52
4BAFDB09;1;GPH;SWIR;Eastside;MAIN;34
4BCE6BF1;1;GPH;AMAG;Green Mountain Property;MAIN;54|72|95
4BE33A66;1;GPH;IP;Kato;MAIN;72
4BE33A66;2;GPH;AMAG;Kato;MAIN;75
4C0E165A;1;GPH;GMAG;Costerfield;MAIN;85
4C0E165A;2;GPH;GRV;Costerfield;MAIN;85
4C0E165A;3;GPH;IP;Costerfield;MAIN;85
4C0E165A;4;GPH;AMAG;Costerfield;MAIN;85
4C0E165A;5;GPH;RAD;Costerfield;MAIN;85
4C62B887;1;GPH;EM;Normetal South Property;MAIN;47
4C62B887;2;GPH;AMAG;Normetal South Property;MAIN;47
4CA128AD;1;GPH;UNS;Dynasty Goldfield Vein System;MAIN;32
4CADB521;1;GPH;GMAG;Talapoosa;MAIN;46
4CADB521;2;GPH;IP;Talapoosa;MAIN;46
4CDBC165;1;GPH;AMAG;Toroparu;MAIN;87
4CDBC165;2;GPH;RAD;Toroparu;MAIN;87
4D1DDD7C;1;GPH;AMAG;Imwauna;MAIN;47|48
4D1DDD7C;2;GPH;RAD;Imwauna;MAIN;48
4CD9F293;1;GPH;UNS;Cove;MAIN;45
4CD9F293;2;GPH;EM;Cove;MAIN;45
4CD9F293;3;GPH;IP;Cove;MAIN;45
4D32E4ED;1;GPH;AMAG;Romero;MAIN;75
4D32E4ED;2;GPH;RAD;Romero;MAIN;75
4D32E4ED;3;GPH;IP;Romero;MAIN;75|78
4D32E4ED;4;GPH;GMAG;Romero;MAIN;75
4D32E4ED;5;GPH;EM;Romero;MAIN;76
4D4E3E0C;1;GPH;VLF;El Zapote;MAIN;40
4D4E3E0C;2;GPH;GMAG;El Zapote;MAIN;40
4D52E0B2;1;GPH;GMAG;Pinaya;MAIN;51
4D52E0B2;2;GPH;IP;Pinaya;MAIN;51|52
4D52E0B2;3;GPH;EM;Pinaya;MAIN;60|61
4D52E0B2;4;GPH;AMAG;Pinaya;MAIN;60|61
4D22017F;1;GPH;IP;Revenue;MAIN;27
4D977DA5;1;GPH;IP;Graben;MAIN;79|81|84
4D977DA5;2;GPH;AMAG;Graben;MAIN;79|81|84
4D977DA5;3;GPH;RES;Graben;MAIN;79|84
4D977DA5;4;GPH;MT;Graben;MAIN;80|82|83|84
4D977DA5;5;GPH;EM;Graben;MAIN;81|84
4D977DA5;6;GPH;GMAG;Graben;MAIN;84
4D977DA5;7;GPH;VLF;Graben;MAIN;84
4D977DA5;8;GPH;SES;Graben;MAIN;84
4D977DA5;9;GPH;GRV;Graben;MAIN;84
4D977DA5;10;GPH;SWIR;Graben;MAIN;86
4DF99FB9;1;GPH;RES;Fire Creek;MAIN;75
4DF99FB9;2;GPH;IP;Fire Creek;MAIN;75
4DF99FB9;3;GPH;GRV;Fire Creek;MAIN;75
4E2B762B;1;GPH;GMAG;Discovery Zone;MAIN;15|25
4E2B762B;2;GPH;IP;Discovery Zone;MAIN;15|29
4E2B762B;3;GPH;AMAG;Discovery Zone;MAIN;15|25
4E3EAABC;1;GPH;AMAG;South Zone;MAIN;104|108
4E3EAABC;2;GPH;EM;South Zone;MAIN;104
4E3EAABC;3;GPH;RAD;South Zone;MAIN;104|108
4E3EAABC;4;GPH;GMAG;South Zone;MAIN;104|108
4E3EAABC;5;GPH;IP;South Zone;MAIN;104|111
4E3EAABC;6;GPH;RES;South Zone;MAIN;104|111
4E3EAABC;7;GPH;MT;South Zone;MAIN;104|113
4E3EAABC;9;GPH;VLF;South Zone;MAIN;104
4E3EAABC;10;GPH;SES;South Zone;MAIN;104
4E35FE65;1;GPH;AMAG;Shovelnose;MAIN;67|79
4E35FE65;2;GPH;RAD;Shovelnose;MAIN;67|82
4E35FE65;3;GPH;GMAG;Shovelnose;MAIN;67|81
4E35FE65;4;GPH;IP;Shovelnose;MAIN;67|83
4E35FE65;6;GPH;SES;Shovelnose;MAIN;67|90
4E35FE65;7;GPH;RES;Shovelnose;MAIN;67|82|86
4E35FE65;8;GPH;VLF;Shovelnose;MAIN;67|87
4E7D7159;1;GPH;GMAG;Gediktepe;MAIN;76
4E7D7159;2;GPH;IP;Gediktepe;MAIN;76
4E9D0BFA;1;GPH;AMAG;Côté Gold;MAIN;91
4E9C53E0;1;GPH;UNS;Lajitas;MAIN;45
4E9C53E0;2;GPH;SWIR;Lajitas;MAIN;45|48
4E9EF1C0;1;GPH;AMAG;Guintar-Niverengo;MAIN;27
4E9EF1C0;2;GPH;GMAG;Guintar-Niverengo;MAIN;28
4E9EF1C0;3;GPH;IP;Guintar-Niverengo;MAIN;28
4EB3A1D6;1;GPH;EM;SBU Property;MAIN;51
4EB3A1D6;2;GPH;AMAG;SBU Property;MAIN;51
4F099788;1;GPH;AMAG;KCR occurrence;MAIN;12|17
4F099788;2;GPH;VLF;KCR occurrence;MAIN;12|16
4F099788;3;GPH;GMAG;KCR occurrence;MAIN;12|16
4F099788;4;GPH;EM;KCR occurrence;MAIN;12|16
4F099788;5;GPH;IP;KCR occurrence;MAIN;12
4F099788;6;GPH;RES;KCR occurrence;MAIN;12
4F099788;7;GPH;GRV;KCR occurrence;MAIN;16
4EFD20D4;1;GPH;IP;Sugarloaf Peak;MAIN;17|66
4EFD20D4;2;GPH;AMAG;Sugarloaf Peak;MAIN;17|68
4EFD20D4;3;GPH;RES;Sugarloaf Peak;MAIN;66
4EFD20D4;4;GPH;MT;Sugarloaf Peak;MAIN;66
4F04636B;1;GPH;AMAG;Moss Vein;MAIN;87
4F13143B;4;GPH;AMAG;Cipoeiro;MAIN;87
4F13143B;5;GPH;RAD;Cipoeiro;MAIN;87
4F13143B;6;GPH;EM;Cipoeiro;MAIN;87
4F13143B;7;GPH;IP;Cipoeiro;MAIN;87
4F16C23A;2;GPH;AMAG;Los Reyes;MAIN;68
4F16C23A;3;GPH;RAD;Los Reyes;MAIN;68
4F16C23A;4;GPH;VLF;Los Reyes;MAIN;68
4F16C23A;5;GPH;SWIR;Los Reyes;MAIN;71
4F2762FC;1;GPH;AMAG;Highland Boy;MAIN;87|92
4F2762FC;2;GPH;EM;Highland Boy;MAIN;87|92
4F2762FC;3;GPH;RAD;Highland Boy;MAIN;87|92
4F2762FC;4;GPH;GMAG;Highland Boy;MAIN;87|89
4F6B1E0D;1;GPH;VLF;Golden Crown;MAIN;53
4F6B1E0D;2;GPH;EM;Golden Crown;MAIN;58|64
4F71888A;1;GPH;GMAG;La Plata;MAIN;44|45|50
4F71888A;2;GPH;EM;La Plata;MAIN;44|45|50|52
4F71888A;3;GPH;IP;La Plata;MAIN;44|45|50
4F71888A;4;GPH;GRV;La Plata;MAIN;46|50
4F71888A;5;GPH;SP;La Plata;MAIN;50
4F71888A;6;GPH;MALM;La Plata;MAIN;50
501C6910;1;GPH;AMAG;Troilus;MAIN;109|110|112
5015F3E0;1;GPH;AMAG;Powerline;MAIN;65|67|73
5015F3E0;2;GPH;RAD;Powerline;MAIN;65|67
504BE30F;1;GPH;MT;Goldstorm Deposit;MAIN;61
504BE30F;3;GPH;AMAG;Goldstorm Deposit;MAIN;62
504BE30F;4;GPH;VLF;Goldstorm Deposit;MAIN;62
50594414;1;GPH;EM;Windfall Lake deposit;MAIN;102|103|104
50594414;2;GPH;AMAG;Windfall Lake deposit;MAIN;102|103|104
50594414;3;GPH;IP;Windfall Lake deposit;MAIN;103|104
50594414;4;GPH;RES;Windfall Lake deposit;MAIN;103|104
5128C016;1;GPH;GMAG;San Miguel vein system;MAIN;85
5128C016;2;GPH;IP;San Miguel vein system;MAIN;85
51339A2A;1;GPH;AMAG;Holt Mine;MAIN;53
51339A2A;2;GPH;GMAG;Holt Mine;MAIN;46|65
51339A2A;3;GPH;IP;Holt Mine;MAIN;46
51339A2A;4;GPH;EM;Holt Mine;MAIN;46
514150B5;1;GPH;GMAG;Dollar Target;MAIN;82|88|89|90
514150B5;3;GPH;IP;Dollar Target;MAIN;99
5111F84A;1;GPH;AMAG;Thunder Lake Deposit;MAIN;78|79|94
5111F84A;2;GPH;IP;Thunder Lake Deposit;MAIN;82|88
5111F84A;4;GPH;EM;Thunder Lake Deposit;MAIN;94
5171BC72;1;GPH;EM;Area 52 / Ripley Gold Zone;MAIN;23
5171BC72;2;GPH;AMAG;Area 52 / Ripley Gold Zone;MAIN;23
5171BC72;3;GPH;IP;Area 52 / Ripley Gold Zone;MAIN;25|26
5171BC72;4;GPH;GMAG;Area 52 / Ripley Gold Zone;MAIN;25
51418100;1;GPH;VLF;Eagle Mountain Property;MAIN;18
51418100;2;GPH;GMAG;Eagle Mountain Property;MAIN;18
51418100;3;GPH;AMAG;Eagle Mountain Property;MAIN;25
51418100;4;GPH;RAD;Eagle Mountain Property;MAIN;25
51CF2D0E;1;GPH;GMAG;Tommy Vein;MAIN;29|36|41
51F69E77;1;GPH;GMAG;Jungo;MAIN;39
51F69E77;2;GPH;IP;Jungo;MAIN;40
51F69E77;3;GPH;SWIR;Jungo;MAIN;41
527C1759;1;GPH;RAD;Cerrito Prospect;MAIN;47|48|65
527C1759;2;GPH;AMAG;Cerrito Prospect;MAIN;49|65
52E8AF29;1;GPH;IP;Dolores;MAIN;36
52E8AF29;2;GPH;RES;Dolores;MAIN;36
52E8AF29;3;GPH;GMAG;Dolores;MAIN;36
5352903E;1;GPH;GMAG;Plomp Farm;MAIN;31|33
5352903E;2;GPH;VLF;Plomp Farm;MAIN;31
5352903E;3;GPH;IP;Plomp Farm;MAIN;33
5352903E;4;GPH;RES;Plomp Farm;MAIN;33
5354DE56;1;GPH;AMAG;Troilus;MAIN;80|81
53AEB3D8;1;GPH;GMAG;Amulsar;MAIN;51
53AEB3D8;2;GPH;IP;Amulsar;MAIN;51
53D9A77E;1;GPH;UNS;Loma Larga;MAIN;67
540A7CFC;1;GPH;AMAG;Cheechoo;MAIN;68
547C46B7;1;GPH;GRV;CSH Gold Deposit;MAIN;47
547C46B7;2;GPH;IP;CSH Gold Deposit;MAIN;47
547C46B7;3;GPH;MT;CSH Gold Deposit;MAIN;47
547EEFD8;1;GPH;AMAG;Main Twin Zone;MAIN;66
547EE6C7;2;GPH;VLF;Big Vein;MAIN;31|48
547EE6C7;3;GPH;GMAG;Big Vein;MAIN;31|48
547EE6C7;4;GPH;IP;Big Vein;MAIN;31|59
547EE6C7;5;GPH;EM;Big Vein;MAIN;31|61
547EE6C7;6;GPH;AMAG;Big Vein;MAIN;61
54FFC2C3;1;GPH;EM;Spanish Mountain;MAIN;90|92
54FFC2C3;2;GPH;AMAG;Spanish Mountain;MAIN;90|92
5502C0F0;1;GPH;AMAG;Flood Zone;MAIN;84|86
5502C0F0;4;GPH;VLF;Flood Zone;MAIN;87
5502C0F0;5;GPH;EM;Flood Zone;MAIN;87
5502C0F0;6;GPH;GMAG;Flood Zone;MAIN;87
55048FDC;1;GPH;AMAG;La Pointe;MAIN;63|91
55048FDC;2;GPH;IP;La Pointe;MAIN;70|91
55048FDC;3;GPH;RAD;La Pointe;MAIN;91
55220A08;1;GPH;AMAG;Esperanza;MAIN;40
55220A08;2;GPH;RAD;Esperanza;MAIN;40
55220A08;3;GPH;IP;Esperanza;MAIN;40
55220A08;4;GPH;RES;Esperanza;MAIN;40
55220A08;5;GPH;GMAG;Esperanza;MAIN;48
5535E81C;1;GPH;UNS;El Peñón;MAIN;51
5556F669;1;GPH;UNS;Pimenton Mine;MAIN;26
53AF8ED3;1;GPH;AMAG;Brewery Creek;MAIN;44|45
53AF8ED3;2;GPH;IP;Brewery Creek;MAIN;44|45
55973C7F;1;GPH;MT;Toiyabe Project;MAIN;21|22
55973C7F;2;GPH;AMAG;Toiyabe Project;MAIN;21
55973C7F;3;GPH;IP;Toiyabe Project;MAIN;21
55BEF49B;1;GPH;IP;Afric Zone;MAIN;48|49
55BEF49B;2;GPH;VLF;Afric Zone;MAIN;48|49
55BEF49B;3;GPH;GMAG;Afric Zone;MAIN;48|49
5632EA76;1;GPH;IP;Ginger Ridge;MAIN;38|39
5632EA76;2;GPH;GMAG;Ginger Ridge;MAIN;38|39
5632EA76;3;GPH;AMAG;Ginger Ridge;MAIN;38|43
5632EA76;4;GPH;RAD;Ginger Ridge;MAIN;38|43
56460A42;1;GPH;AMAG;Kensington;MAIN;76
563E8F26;1;GPH;IP;Confusion Hills Lithocap;MAIN;23|31|33
563E8F26;2;GPH;AMAG;Confusion Hills Lithocap;MAIN;23|31
563E8F26;3;GPH;SWIR;Confusion Hills Lithocap;MAIN;23|24
56404BE7;1;GPH;GMAG;Rozino;MAIN;60
56404BE7;2;GPH;IP;Rozino;MAIN;61
5690D804;1;GPH;UNS;Humbug deposit;MAIN;63
5660BEC1;1;GPH;AMAG;Guayabales Project;MAIN;55|63
5660BEC1;2;GPH;RAD;Guayabales Project;MAIN;55|63
56C961F9;1;GPH;AMAG;Universo;MAIN;46|70
56C961F9;2;GPH;RAD;Universo;MAIN;46|70
56C961F9;3;GPH;IP;Universo;MAIN;73
5735169F;1;GPH;AMAG;Norte de Santander Project;MAIN;35|39
57102DBE;1;GPH;GMAG;Coricancha Mine Complex;MAIN;65
57102DBE;2;GPH;IP;Coricancha Mine Complex;MAIN;65
575CFC23;1;GPH;AMAG;El Bagre;MAIN;57|58
57781F78;1;GPH;EM;Reef;MAIN;50
57781F78;2;GPH;AMAG;Reef;MAIN;50
57781F78;3;GPH;IP;Reef;MAIN;43
57781F78;4;GPH;MALM;Reef;MAIN;43|46
577020CD;1;GPH;GMAG;Principal Structural Corridor;MAIN;52
577020CD;2;GPH;EM;Principal Structural Corridor;MAIN;52
577020CD;3;GPH;IP;Principal Structural Corridor;MAIN;52
582AE49B;1;GPH;AMAG;Ana Paula;MAIN;82
582AE49B;2;GPH;RAD;Ana Paula;MAIN;82
582AE49B;3;GPH;IP;Ana Paula;MAIN;82
582AE49B;4;GPH;EM;Ana Paula;MAIN;82
582AE49B;7;GPH;SWIR;Ana Paula;MAIN;73|80
585EBFE9;4;GPH;IP;Maybrun;MAIN;32|33
58A16D13;1;GPH;EM;Ana Paula;MAIN;89
58A16D13;2;GPH;AMAG;Ana Paula;MAIN;89
58A16D13;3;GPH;RAD;Ana Paula;MAIN;89
58A16D13;4;GPH;IP;Ana Paula;MAIN;89
58A16D13;7;GPH;SWIR;Ana Paula;MAIN;81|89
58C1C114;3;GPH;IP;Merlin;MAIN;37
58C1C114;4;GPH;MT;Merlin;MAIN;37
58C1C114;5;GPH;GMAG;Merlin;MAIN;37
58C1C114;6;GPH;GRV;Merlin;MAIN;37
58C1C114;7;GPH;SES;Merlin;MAIN;37|38
58E6AE7F;1;GPH;GMAG;Los Filos;MAIN;96|100
58E6AE7F;2;GPH;EM;Los Filos;MAIN;96
58F814CA;1;GPH;GMAG;Westwood;MAIN;57
58F814CA;2;GPH;AMAG;Westwood;MAIN;57
58F814CA;3;GPH;VLF;Westwood;MAIN;57
58F814CA;4;GPH;IP;Westwood;MAIN;57
58F814CA;5;GPH;EM;Westwood;MAIN;57
591FFFD3;1;GPH;AMAG;Tomingley;MAIN;54|77
591FFFD3;2;GPH;GRV;Tomingley;MAIN;54|77
591FFFD3;3;GPH;SES;Tomingley;MAIN;77|79
595A3497;1;GPH;EM;Northwest Arm;MAIN;108|109|130
595A3497;2;GPH;AMAG;Northwest Arm;MAIN;108|109
595A3497;3;GPH;GMAG;Northwest Arm;MAIN;122
595A3497;5;GPH;IP;Northwest Arm;MAIN;113|114
596AE452;1;GPH;EM;Casa Berardi West Property;MAIN;38
596AE452;2;GPH;AMAG;Casa Berardi West Property;MAIN;39
598B3D65;1;GPH;AMAG;San Francisco;MAIN;67
598B3D65;2;GPH;RAD;San Francisco;MAIN;67
598B3D65;3;GPH;MT;San Francisco;MAIN;67
599414B0;1;GPH;AMAG;Surebet Zone;MAIN;51
59A4910A;1;GPH;GMAG;Pactolus;MAIN;66|73
59A4910A;2;GPH;AMAG;Pactolus;MAIN;66|73|74
59A4910A;4;GPH;SES;Pactolus;MAIN;66|73
59A4910A;6;GPH;RAD;Pactolus;MAIN;73
59A4910A;7;GPH;RES;Pactolus;MAIN;74
59A4910A;8;GPH;IP;Pactolus;MAIN;74
59CF0077;1;GPH;GRV;Sterling Deposit;MAIN;90
59CF0077;2;GPH;MT;Sterling Deposit;MAIN;86
59C244A5;1;GPH;GRV;Golden Arrow;MAIN;66
59C244A5;2;GPH;AMAG;Golden Arrow;MAIN;55|66
59C244A5;3;GPH;UNS;Golden Arrow;MAIN;74
59C244A5;5;GPH;SWIR;Golden Arrow;MAIN;72
59ED0865;1;GPH;GMAG;Lawyers Area;MAIN;151|167|173
59ED0865;2;GPH;VLF;Lawyers Area;MAIN;151|167|173
59ED0865;3;GPH;IP;Lawyers Area;MAIN;151|167|174
59ED0865;4;GPH;EM;Lawyers Area;MAIN;151|187
59ED0865;5;GPH;AMAG;Lawyers Area;MAIN;187|191
59ED0865;6;GPH;RAD;Lawyers Area;MAIN;187|194
59ED0865;10;GPH;SWIR;Lawyers Area;MAIN;151|200
5A064DC1;1;GPH;IP;Los Filos;MAIN;94
5A064DC1;2;GPH;GMAG;Los Filos;MAIN;94|95
5A064DC1;3;GPH;AMAG;Los Filos;MAIN;94|95
5A09EA55;1;GPH;SWIR;Tres Cruces;MAIN;35
5A09EA55;2;GPH;IP;Tres Cruces;MAIN;35|37|38
5A09EA55;3;GPH;GMAG;Tres Cruces;MAIN;35|36
5A09EA55;4;GPH;EM;Tres Cruces;MAIN;35
5A09EA55;5;GPH;GRV;Tres Cruces;MAIN;37
5A21F3E1;1;GPH;AMAG;Sanderson Suite;MAIN;45
5AFA66D6;1;GPH;AMAG;Skouries;MAIN;53
5A39BCFA;1;GPH;RAD;Cerro Quema;MAIN;63
5A39BCFA;2;GPH;AMAG;Cerro Quema;MAIN;63
5A39BCFA;3;GPH;EM;Cerro Quema;MAIN;63
5A39BCFA;4;GPH;IP;Cerro Quema;MAIN;61|63
5AEAAB38;1;GPH;GMAG;Pampa Paciencia;MAIN;40
5AEAAB38;2;GPH;IP;Pampa Paciencia;MAIN;40
5B63FB71;1;GPH;IP;Cadia East;MAIN;40
5B63FB71;2;GPH;AMAG;Cadia East;MAIN;40
5B0BA30B;1;GPH;AMAG;Preview SW;MAIN;36
5B0BA30B;2;GPH;VLF;Preview SW;MAIN;36
5B593B14;1;GPH;GMAG;Costerfield;MAIN;58
5B593B14;2;GPH;GRV;Costerfield;MAIN;58
5B593B14;3;GPH;IP;Costerfield;MAIN;58
5B593B14;4;GPH;SES;Costerfield;MAIN;58
5B593B14;5;GPH;AMAG;Costerfield;MAIN;59
5B593B14;6;GPH;RAD;Costerfield;MAIN;59
5B9A71AC;1;GPH;AMAG;Reid Zone;MAIN;12|17|18
5B9A71AC;2;GPH;EM;Reid Zone;MAIN;12|17|18
5B9A71AC;3;GPH;IP;Reid Zone;MAIN;12|17|19
5B9A71AC;4;GPH;VLF;Reid Zone;MAIN;17
5B9A71AC;5;GPH;GMAG;Reid Zone;MAIN;17
5BFC8F89;1;GPH;AMAG;VG zone;MAIN;32|47
5BFC8F89;2;GPH;RAD;VG zone;MAIN;32|47
5BFC8F89;3;GPH;GMAG;VG zone;MAIN;32|60
5BFC8F89;4;GPH;IP;VG zone;MAIN;32|60
5B80DDAD;1;GPH;AMAG;Santa Fe Deposit;MAIN;49
5BB245CB;1;GPH;AMAG;Kylmäkangas;MAIN;32
5C40AF4D;1;GPH;IP;Guppy Zone;MAIN;15
5C40AF4D;2;GPH;GMAG;Guppy Zone;MAIN;15
5C7AC623;1;GPH;GMAG;Koster Dam Project;MAIN;12|14|17
5C7AC623;3;GPH;AMAG;Koster Dam Project;MAIN;17
5C45E993;1;GPH;IP;Ada Tepe;MAIN;55|56
5C45E993;2;GPH;GRV;Ada Tepe;MAIN;55
5C45E993;3;GPH;GMAG;Ada Tepe;MAIN;55
5C8F331B;1;GPH;AMAG;North Fold Nose;MAIN;33
5C8F331B;2;GPH;EM;North Fold Nose;MAIN;33
5CF0A555;1;GPH;AMAG;Cannonball Project;MAIN;43
5CF0A555;2;GPH;RAD;Cannonball Project;MAIN;43
5CF0A555;3;GPH;IP;Cannonball Project;MAIN;43|44
5D10B353;1;GPH;AMAG;Fly prospect;MAIN;30
5D10B353;2;GPH;RES;Fly prospect;MAIN;30
5D445B71;1;GPH;GRV;Haile;MAIN;63|64
5D445B71;2;GPH;AMAG;Haile;MAIN;63|64
5D445B71;3;GPH;GMAG;Haile;MAIN;63
5D445B71;4;GPH;EM;Haile;MAIN;63|64
5D445B71;5;GPH;IP;Haile;MAIN;63
5D445B71;6;GPH;RES;Haile;MAIN;63
5D445B71;7;GPH;SP;Haile;MAIN;63
5D4BE4E3;1;GPH;EM;Georgia River Mine;MAIN;61
5D4BE4E3;2;GPH;AMAG;Georgia River Mine;MAIN;61
5DAF2C15;1;GPH;MT;Long Valley;MAIN;53
5DAF2C15;2;GPH;IP;Long Valley;MAIN;54
5DAF2C15;3;GPH;RES;Long Valley;MAIN;54
5DAF2C15;4;GPH;GMAG;Long Valley;MAIN;54
5E3AF775;1;GPH;EM;Hebecourt Property;MAIN;41|61
5E3AF775;2;GPH;IP;Hebecourt Property;MAIN;41
5E3AF775;3;GPH;RES;Hebecourt Property;MAIN;41
5E3AF775;4;GPH;AMAG;Hebecourt Property;MAIN;61
5E5A4A32;1;GPH;AMAG;Koonenberry North Project;MAIN;39
5E5A4A32;2;GPH;RAD;Koonenberry North Project;MAIN;39
5E716C88;1;GPH;GMAG;Pen Gold North;MAIN;29
5E716C88;2;GPH;VLF;Pen Gold North;MAIN;29
5E54F6FF;1;GPH;AMAG;Zancudo;MAIN;57
5EA41794;1;GPH;AMAG;DEM Halo;MAIN;41|45|46
5EBC5C43;1;GPH;IP;Mato Bula;MAIN;56|81|86
5EBC5C43;2;GPH;GMAG;Mato Bula;MAIN;81|86
5EBC5C43;3;GPH;AMAG;Mato Bula;MAIN;86
5EBC5C43;4;GPH;RAD;Mato Bula;MAIN;86
5EBC5C43;5;GPH;EM;Mato Bula;MAIN;86
5EBFA227;1;GPH;AMAG;Kilgore deposit;MAIN;67
5EBFA227;2;GPH;EM;Kilgore deposit;MAIN;67
5EBFA227;4;GPH;RAD;Kilgore deposit;MAIN;67
5EBFA227;5;GPH;VLF;Kilgore deposit;MAIN;67
5EBFA227;6;GPH;MT;Kilgore deposit;MAIN;69
5EBFA227;7;GPH;GMAG;Kilgore deposit;MAIN;71|73
5EE26F8C;1;GPH;EM;Rainy River Gold Deposit;MAIN;120
5EE26F8C;2;GPH;IP;Rainy River Gold Deposit;MAIN;120
5EE26F8C;3;GPH;GRV;Rainy River Gold Deposit;MAIN;120
5EE26F8C;4;GPH;MT;Rainy River Gold Deposit;MAIN;120
5EE26F8C;5;GPH;AMAG;Rainy River Gold Deposit;MAIN;120
5EE26F8C;7;GPH;GMAG;Rainy River Gold Deposit;MAIN;121
5F2C3119;1;GPH;AMAG;Snoball;MAIN;94
5F405AF8;1;GPH;UNS;Plutonic Gold Mine;MAIN;60
5FC65728;1;GPH;IP;Buck Main;MAIN;69
5FC65728;2;GPH;GMAG;Buck Main;MAIN;70
5FC65728;3;GPH;AMAG;Buck Main;MAIN;70
5FC65728;4;GPH;EM;Buck Main;MAIN;70
5FC65728;5;GPH;WLOG;Buck Main;MAIN;71
5FF37754;1;GPH;AMAG;47-Adanac Trend;MAIN;45
5FF37754;2;GPH;RAD;47-Adanac Trend;MAIN;45
5F833C23;1;GPH;UNS;Goldenville;MAIN;39|45
601B9BDE;1;GPH;GMAG;Ishkoday Property;MAIN;22
601B9BDE;2;GPH;EM;Ishkoday Property;MAIN;22
605B8C99;1;GPH;IP;Byumba deposit;MAIN;74
61663810;1;GPH;GMAG;Bayan Khundii;MAIN;110
61663810;2;GPH;IP;Bayan Khundii;MAIN;110
61663810;3;GPH;GRV;Bayan Khundii;MAIN;110
6173525A;1;GPH;GMAG;La Plata deposit;MAIN;98|99|108
6173525A;2;GPH;EM;La Plata deposit;MAIN;98|99|108
6173525A;3;GPH;IP;La Plata deposit;MAIN;98|108
6173525A;4;GPH;RES;La Plata deposit;MAIN;98|108
6173525A;6;GPH;GRV;La Plata deposit;MAIN;99|108
6173525A;7;GPH;SP;La Plata deposit;MAIN;108
61C4380D;1;GPH;AMAG;Caspiche Porphyry;MAIN;86|87
61C4380D;2;GPH;IP;Caspiche Porphyry;MAIN;84|85|86|87
61C4380D;3;GPH;MT;Caspiche Porphyry;MAIN;85|86
61C4380D;4;GPH;VLF;Caspiche Porphyry;MAIN;86
61C4380D;5;GPH;RES;Caspiche Porphyry;MAIN;87
61F562DB;1;GPH;GMAG;Jones Keystone;MAIN;32
61DC4158;1;GPH;GMAG;Ixtaca;MAIN;48|51
61DC4158;2;GPH;IP;Ixtaca;MAIN;48|51
61DC4158;3;GPH;MT;Ixtaca;MAIN;48|51
61D48D35;1;GPH;AMAG;Sandman;MAIN;33|45
61D48D35;2;GPH;IP;Sandman;MAIN;44
61D48D35;3;GPH;MT;Sandman;MAIN;44|47
61D48D35;4;GPH;GRV;Sandman;MAIN;44|45
61D48D35;5;GPH;EM;Sandman;MAIN;45
6207B358;1;GPH;GMAG;Discovery Zone;MAIN;15|25
6207B358;2;GPH;IP;Discovery Zone;MAIN;15|29
6207B358;3;GPH;AMAG;Discovery Zone;MAIN;15|25
61FE20FF;1;GPH;AMAG;Laiva;MAIN;99
61FE20FF;2;GPH;RAD;Laiva;MAIN;99
61FE20FF;3;GPH;EM;Laiva;MAIN;99
61FE20FF;4;GPH;GRV;Laiva;MAIN;97|99
61FE20FF;5;GPH;GMAG;Laiva;MAIN;97|99|100
61FE20FF;6;GPH;IP;Laiva;MAIN;97|100
61FE20FF;7;GPH;GPR;Laiva;MAIN;97|100
622E5431;1;GPH;AMAG;Dayton Prospect;MAIN;216
622E5431;2;GPH;EM;Dayton Prospect;MAIN;205|216
622E5431;3;GPH;GMAG;Dayton Prospect;MAIN;205|216
622E5431;5;GPH;IP;Dayton Prospect;MAIN;205|216|217
623FE1DE;1;GPH;GMAG;Lindero;MAIN;116|119
623FE1DE;2;GPH;IP;Lindero;MAIN;116|119
62793D18;1;GPH;AMAG;Southeast Exposure;MAIN;26|28
62793D18;2;GPH;EM;Southeast Exposure;MAIN;26|28
6294FE8B;1;GPH;AMAG;Moss Gold Deposit;MAIN;109|111
6294FE8B;2;GPH;EM;Moss Gold Deposit;MAIN;109|110
62C689F4;1;GPH;RES;Fire Creek deposit;MAIN;68
62C689F4;2;GPH;IP;Fire Creek deposit;MAIN;68
62C689F4;3;GPH;GRV;Fire Creek deposit;MAIN;68
63611C07;1;GPH;IP;Slivova;MAIN;54|55|57
63611C07;2;GPH;EM;Slivova;MAIN;54|56
63ACA42F;1;GPH;AMAG;Sobeski Lake Property;MAIN;24
638AE51D;1;GPH;GMAG;Escondida;MAIN;73|75|76
638AE51D;2;GPH;IP;Escondida;MAIN;73|75|76|77
638AE51D;3;GPH;RES;Escondida;MAIN;73
638AE51D;4;GPH;MT;Escondida;MAIN;75
638AE51D;5;GPH;EM;Escondida;MAIN;75
64231499;1;GPH;IP;Golden Trail;MAIN;20
64231499;2;GPH;GRV;Golden Trail;MAIN;20|22
64231499;3;GPH;AMAG;Golden Trail;MAIN;20
64231499;4;GPH;GMAG;Golden Trail;MAIN;22
64231499;5;GPH;SWIR;Golden Trail;MAIN;22
63D1772A;2;GPH;IP;DeLamar;MAIN;77|79
63D1772A;3;GPH;AMAG;DeLamar;MAIN;78
647F3DAA;1;GPH;MT;San Rafael Vein;MAIN;164
64D7C082;1;GPH;AMAG;Coringa;MAIN;43
64D7C082;2;GPH;RAD;Coringa;MAIN;43
64D7C082;3;GPH;IP;Coringa;MAIN;43
64D7C082;4;GPH;EM;Coringa;MAIN;43
64E131D8;1;GPH;AMAG;Flood Zone;MAIN;40
64E131D8;2;GPH;EM;Flood Zone;MAIN;40
64DA79C1;1;GPH;GRV;Dark Star;MAIN;93
64DA79C1;2;GPH;MT;Dark Star;MAIN;93
64DA79C1;3;GPH;AMAG;Dark Star;MAIN;97
655C5E71;1;GPH;EM;Back Forty;MAIN;57
655C5E71;2;GPH;GMAG;Back Forty;MAIN;57
655C5E71;3;GPH;GRV;Back Forty;MAIN;57
6597AD80;1;GPH;UNS;Dawson Property mineralized horizon;MAIN;40|43
656B9B6E;1;GPH;IP;Brewer;MAIN;39|41
656B9B6E;2;GPH;GRV;Brewer;MAIN;39
656B9B6E;3;GPH;GMAG;Brewer;MAIN;39
656B9B6E;4;GPH;MT;Brewer;MAIN;40|41
656B9B6E;5;GPH;EM;Brewer;MAIN;40
656B9B6E;10;GPH;WLOG;Brewer;MAIN;44
656B9B6E;11;GPH;SWIR;Brewer;MAIN;33|35|43
65B3920B;1;GPH;AMAG;Kensington;MAIN;91
65CC795B;1;GPH;GMAG;Wind Mountain;MAIN;56
65D1C8B0;1;GPH;AMAG;Bullion Alley;MAIN;23
6640756C;1;GPH;SP;Quesnel Quartz deposit;MAIN;20
6640756C;2;GPH;IP;Quesnel Quartz deposit;MAIN;29
6618D632;1;GPH;AMAG;Afric Zone;MAIN;96|97
6618D632;3;GPH;IP;Afric Zone;MAIN;102|103
6649D254;2;GPH;GRV;Golden Arrow;MAIN;66
6649D254;3;GPH;UNS;Golden Arrow;MAIN;66
6649D254;4;GPH;SWIR;Golden Arrow;MAIN;72
666BB470;1;GPH;AMAG;Marmato;MAIN;108
666BB470;2;GPH;RAD;Marmato;MAIN;108
6683EDA0;2;GPH;RAD;Pardo Project;MAIN;34|44
6683EDA0;3;GPH;GPR;Pardo Project;MAIN;39
6683EDA0;4;GPH;IP;Pardo Project;MAIN;69
66C43292;1;GPH;AMAG;Miraflores;MAIN;79
66C43292;2;GPH;RAD;Miraflores;MAIN;79
66F73D2B;1;GPH;GMAG;Reefton-Lyell Goldfield;MAIN;92
66F73D2B;2;GPH;AMAG;Reefton-Lyell Goldfield;MAIN;92|94
66F73D2B;4;GPH;SES;Reefton-Lyell Goldfield;MAIN;92|98
67372EED;1;GPH;IP;Küçükdağ;MAIN;7|8|54
67372EED;2;GPH;GMAG;Küçükdağ;MAIN;7|8
67372EED;3;GPH;SWIR;Küçükdağ;MAIN;7|49
67372EED;4;GPH;AMAG;Küçükdağ;MAIN;79|87
67372EED;5;GPH;EM;Küçükdağ;MAIN;79|89
671B9519;1;GPH;IP;Fruta del Norte;MAIN;104|109|110
671B9519;2;GPH;AMAG;Fruta del Norte;MAIN;104|109|110|111
671B9519;3;GPH;RAD;Fruta del Norte;MAIN;104|109|110
671B9519;4;GPH;EM;Fruta del Norte;MAIN;104|110|111
673EA4E0;1;GPH;AMAG;Siwash North;MAIN;60
673EA4E0;2;GPH;RAD;Siwash North;MAIN;60
673EA4E0;3;GPH;IP;Siwash North;MAIN;59
673EA4E0;4;GPH;MT;Siwash North;MAIN;59
673EA4E0;5;GPH;VLF;Siwash North;MAIN;57
67745E4B;1;GPH;VLF;St. Lawrence;MAIN;41|47
6783FB74;1;GPH;UNS;San Martin;MAIN;31
6783FB74;2;GPH;IP;San Martin;MAIN;31
6783FB74;3;GPH;RES;San Martin;MAIN;31
67A37E75;1;GPH;AMAG;Nyakagwe;MAIN;79
67A37E75;2;GPH;GMAG;Nyakagwe;MAIN;79
67A96F53;1;GPH;AMAG;Laiva;MAIN;81
67A96F53;2;GPH;RAD;Laiva;MAIN;81
67A96F53;3;GPH;EM;Laiva;MAIN;81
67A96F53;4;GPH;GRV;Laiva;MAIN;81|82
67A96F53;5;GPH;GMAG;Laiva;MAIN;81|82
67A96F53;6;GPH;IP;Laiva;MAIN;81|82
67A96F53;7;GPH;GPR;Laiva;MAIN;81|82
67BC7B20;1;GPH;MT;Relief Canyon;MAIN;84
67BC7B20;2;GPH;IP;Relief Canyon;MAIN;84
67FF49A4;1;GPH;GMAG;Långtjärn;MAIN;34|35
67FF49A4;2;GPH;AMAG;Långtjärn;MAIN;36
68181277;1;GPH;AMAG;Golden Arrow;MAIN;74
6829E7B9;1;GPH;RAD;Grassy Mountain;MAIN;62
6829E7B9;2;GPH;AMAG;Grassy Mountain;MAIN;62
6829E7B9;3;GPH;MT;Grassy Mountain;MAIN;62
68530C5C;1;GPH;AMAG;Candelones Project;MAIN;83|87
68530C5C;2;GPH;EM;Candelones Project;MAIN;83
68530C5C;3;GPH;IP;Candelones Project;MAIN;83|84|88
689EFC8A;1;GPH;RAD;La India;MAIN;82
689EFC8A;2;GPH;AMAG;La India;MAIN;82
689EFC8A;3;GPH;GMAG;La India;MAIN;81
689EFC8A;4;GPH;UNS;La India;MAIN;81
693043B5;1;GPH;GMAG;Escondida;MAIN;67|70
693043B5;2;GPH;IP;Escondida;MAIN;67|70
693043B5;3;GPH;RES;Escondida;MAIN;67|70
693043B5;4;GPH;MT;Escondida;MAIN;69|73
693043B5;5;GPH;EM;Escondida;MAIN;69
6932FC81;1;GPH;AMAG;Kilgore deposit;MAIN;61|62
6932FC81;2;GPH;EM;Kilgore deposit;MAIN;61|62
6932FC81;3;GPH;RAD;Kilgore deposit;MAIN;62
6932FC81;4;GPH;VLF;Kilgore deposit;MAIN;62
6932FC81;5;GPH;MT;Kilgore deposit;MAIN;63
694CD6E6;1;GPH;AMAG;Deer Horn vein system;MAIN;50
694CD6E6;2;GPH;RAD;Deer Horn vein system;MAIN;50
695A4497;1;GPH;MT;VOK;MAIN;51
69E087E1;1;GPH;AMAG;Umm Bisillah North;MAIN;104|105
69E087E1;2;GPH;RAD;Umm Bisillah North;MAIN;104|105
69E087E1;3;GPH;GMAG;Umm Bisillah North;MAIN;108|109
6A0182BE;1;GPH;GMAG;Altan Nar;MAIN;39
6A0182BE;2;GPH;IP;Altan Nar;MAIN;39|42
6A0182BE;3;GPH;GRV;Altan Nar;MAIN;39|46
6991ACDA;1;GPH;AMAG;Miranda;MAIN;37
6991ACDA;2;GPH;EM;Miranda;MAIN;34|37|40
6A716C2C;1;GPH;GMAG;Ormsby Zone;MAIN;92
6A716C2C;2;GPH;EM;Ormsby Zone;MAIN;92
6A716C2C;3;GPH;AMAG;Ormsby Zone;MAIN;92
6A72F70F;1;GPH;UNS;Martha Vein System;MAIN;78
6A69BDCD;3;GPH;IP;Eskay Creek;MAIN;138
6A69BDCD;4;GPH;AMAG;Eskay Creek;MAIN;139
6ADAD88F;1;GPH;GMAG;Rainbow Canyon;MAIN;16|20
6AD2A483;1;GPH;GMAG;Arista Project;MAIN;76
6AD2A483;2;GPH;IP;Arista Project;MAIN;76
6AD2A483;3;GPH;MT;Arista Project;MAIN;76
6AD2A483;4;GPH;AMAG;Arista Project;MAIN;76|77
6AD2A483;5;GPH;RAD;Arista Project;MAIN;76|77
6AE86E82;1;GPH;GMAG;Palmilla;MAIN;31
6B09E2B9;1;GPH;GMAG;Fondawa Showing;MAIN;37|38
6B09E2B9;2;GPH;IP;Fondawa Showing;MAIN;37|38
6B343844;2;GPH;AMAG;Box Mine;MAIN;94
6B343844;3;GPH;EM;Box Mine;MAIN;94
6B343844;4;GPH;IP;Box Mine;MAIN;94
6B43F2CA;1;GPH;MT;Goldstorm Zone;MAIN;93
6B43F2CA;2;GPH;EM;Goldstorm Zone;MAIN;93
6B43F2CA;3;GPH;UNS;Goldstorm Zone;MAIN;93
6B89958A;1;GPH;AMAG;MacLellan;MAIN;36
6B89958A;2;GPH;RAD;MacLellan;MAIN;36
6B89958A;3;GPH;VLF;MacLellan;MAIN;36
6B89958A;6;GPH;IP;MacLellan;MAIN;36
6BEFE3AE;1;GPH;GMAG;Cyclopic Mine Zone;MAIN;66
6BEFE3AE;2;GPH;VLF;Cyclopic Mine Zone;MAIN;66
6C4075E1;1;GPH;VLF;El Zapote;MAIN;33
6C4075E1;2;GPH;GMAG;El Zapote;MAIN;33
6C2CED4A;1;GPH;IP;Wild Dog;MAIN;61|62|63|64
6C2CED4A;2;GPH;AMAG;Wild Dog;MAIN;61|64
6C85F11C;1;GPH;AMAG;Gravel Creek;MAIN;130
6C85F11C;2;GPH;RAD;Gravel Creek;MAIN;130
6C85F11C;3;GPH;GRV;Gravel Creek;MAIN;132
6C85F11C;4;GPH;GMAG;Gravel Creek;MAIN;133
6C85F11C;5;GPH;IP;Gravel Creek;MAIN;134|136
6C963AD5;1;GPH;AMAG;Main Vein System;MAIN;43
6C963AD5;4;GPH;IP;Main Vein System;MAIN;56
6C963AD5;5;GPH;GMAG;Main Vein System;MAIN;56
6CB4403D;1;GPH;GRV;Black Pine;MAIN;95
6CECEFCE;1;GPH;EM;Galat Sufar South;MAIN;79
6CECEFCE;2;GPH;AMAG;Galat Sufar South;MAIN;79
6CECEFCE;3;GPH;RAD;Galat Sufar South;MAIN;79
6CECEFCE;4;GPH;GMAG;Galat Sufar South;MAIN;79
6D346AFB;3;GPH;AMAG;Marmato;MAIN;78
6D346AFB;4;GPH;RAD;Marmato;MAIN;78
6D87A0E5;1;GPH;GMAG;Aurora;MAIN;66|74|78
6D87A0E5;2;GPH;IP;Aurora;MAIN;66|75|76|80|83
6D87A0E5;3;GPH;AMAG;Aurora;MAIN;85|91
6E16B515;1;GPH;GMAG;Shasta;MAIN;75|80|81
6E2D12D6;1;GPH;EM;SAM Zone;MAIN;30
6E2D12D6;2;GPH;VLF;SAM Zone;MAIN;30
6E2D12D6;3;GPH;AMAG;SAM Zone;MAIN;30
6E501DDB;1;GPH;MT;VOK;MAIN;75
6E502911;1;GPH;AMAG;Emperor Structure;MAIN;56|84|85|86
6E502911;2;GPH;RAD;Emperor Structure;MAIN;84|85
6E502911;3;GPH;GRV;Emperor Structure;MAIN;56|84|86
6E942704;2;GPH;AMAG;KOR 1;MAIN;42|43
6E942704;3;GPH;RAD;KOR 1;MAIN;42|43
6ED5104E;1;GPH;IP;Fenix Gold Project;MAIN;111|112
6ED5104E;2;GPH;GMAG;Fenix Gold Project;MAIN;111|112
6ED5104E;3;GPH;MT;Fenix Gold Project;MAIN;112
6ED5104E;4;GPH;SWIR;Fenix Gold Project;MAIN;104|112|113
6EC4ACB7;1;GPH;AMAG;Wilding Lake Project;MAIN;32|89
6EC4ACB7;2;GPH;GMAG;Wilding Lake Project;MAIN;86
6EC4ACB7;3;GPH;IP;Wilding Lake Project;MAIN;86
6EF21E5F;1;GPH;AMAG;Silver Strand Mine;MAIN;42|46
6EF21E5F;2;GPH;IP;Silver Strand Mine;MAIN;42|46
6EF21E5F;3;GPH;RES;Silver Strand Mine;MAIN;42|46
6F1EAECB;1;GPH;IP;Discovery Zone;MAIN;39|42
6F1EAECB;2;GPH;GMAG;Discovery Zone;MAIN;39|42
6F37CB4D;1;GPH;EM;La Lechoza;MAIN;31
6F37CB4D;2;GPH;AMAG;La Lechoza;MAIN;31
6F263B8C;1;GPH;AMAG;Pueblo Viejo;MAIN;71|75
6F263B8C;2;GPH;IP;Pueblo Viejo;MAIN;71|75
6F263B8C;3;GPH;GMAG;Pueblo Viejo;MAIN;68|71|75
6F263B8C;4;GPH;EM;Pueblo Viejo;MAIN;75
6FCE1E91;1;GPH;GMAG;Efemçukuru;MAIN;50|52
6FCE1E91;2;GPH;IP;Efemçukuru;MAIN;50|52
6F803A71;1;GPH;GMAG;DFC Property;MAIN;29
6F803A71;2;GPH;VLF;DFC Property;MAIN;29
6F803A71;3;GPH;EM;DFC Property;MAIN;29
6F803A71;4;GPH;IP;DFC Property;MAIN;51
7042B5F0;1;GPH;VLF;MAX Property;MAIN;14
6FE7B7E3;1;GPH;UNS;Dawson;MAIN;65|68
70516B64;1;GPH;AMAG;West Block;MAIN;27|28
7079C5CB;1;GPH;AMAG;Tonopah;MAIN;84
7079C5CB;2;GPH;EM;Tonopah;MAIN;84
7079C5CB;3;GPH;GRV;Tonopah;MAIN;84
7079C5CB;4;GPH;MT;Tonopah;MAIN;84
7079C5CB;5;GPH;RAD;Tonopah;MAIN;84
7079C5CB;6;GPH;IP;Tonopah;MAIN;84
7079C5CB;7;GPH;SP;Tonopah;MAIN;84
7199208F;2;GPH;GMAG;Meridiano;MAIN;24|32
7199208F;3;GPH;IP;Meridiano;MAIN;24|32
70E92E58;1;GPH;EM;Madison;MAIN;61|64
70E92E58;2;GPH;AMAG;Madison;MAIN;62
70E92E58;7;GPH;IP;Madison;MAIN;62
7194BFDB;1;GPH;IP;MacLellan;MAIN;81
721EA7D6;1;GPH;UNS;Abernethy Gold zone;MAIN;12
721EA7D6;2;GPH;EM;Abernethy Gold zone;MAIN;12
721EA7D6;3;GPH;GMAG;Abernethy Gold zone;MAIN;12
721EA7D6;4;GPH;VLF;Abernethy Gold zone;MAIN;12
721B0D49;1;GPH;IP;Küçükdağ;MAIN;58|62|63
721B0D49;2;GPH;GMAG;Küçükdağ;MAIN;58|64|65
721B0D49;3;GPH;AMAG;Küçükdağ;MAIN;64
721B0D49;4;GPH;SWIR;Küçükdağ;MAIN;34|58|62
7295F857;1;GPH;IP;Baner Project;MAIN;39
72035F13;1;GPH;GMAG;Mojave Project;MAIN;83
72035F13;4;GPH;EM;Mojave Project;MAIN;83|89
72035F13;5;GPH;AMAG;Mojave Project;MAIN;83|89
72AD01B7;1;GPH;AMAG;New Liberty;MAIN;46
72AD01B7;2;GPH;RAD;New Liberty;MAIN;46
72AD01B7;4;GPH;GMAG;New Liberty;MAIN;50
72AD01B7;5;GPH;IP;New Liberty;MAIN;50
7317B52D;1;GPH;GMAG;El Dorado;MAIN;68|69|70|71
7317B52D;2;GPH;IP;El Dorado;MAIN;70
7317B52D;3;GPH;EM;El Dorado;MAIN;70
73BEE998;1;GPH;RAD;Porphyry Pearl;MAIN;20
73BEE998;2;GPH;AMAG;Porphyry Pearl;MAIN;20
73BEE998;3;GPH;GMAG;Porphyry Pearl;MAIN;12|20|21
73BEE998;4;GPH;IP;Porphyry Pearl;MAIN;12|20|21
736B8DCE;1;GPH;GMAG;Lindero Deposit;MAIN;87
736B8DCE;2;GPH;IP;Lindero Deposit;MAIN;87
741DEC50;1;GPH;AMAG;Kodadu;MAIN;45|46
741DEC50;2;GPH;EM;Kodadu;MAIN;45|46|47|48
741DEC50;3;GPH;GRV;Kodadu;MAIN;45|47
741DEC50;6;GPH;MT;Kodadu;MAIN;45|48
7430AD35;1;GPH;GMAG;Molejón;MAIN;55
742E71CF;3;GPH;GMAG;Marmato;MAIN;45
742E71CF;4;GPH;EM;Marmato;MAIN;45
742E71CF;5;GPH;RES;Marmato;MAIN;45
742E71CF;6;GPH;VLF;Marmato;MAIN;45
742E71CF;7;GPH;AMAG;Marmato;MAIN;46
742E71CF;8;GPH;RAD;Marmato;MAIN;46
7474419A;1;GPH;EM;Galat Sufar South;MAIN;79
7474419A;2;GPH;AMAG;Galat Sufar South;MAIN;79
7474419A;3;GPH;RAD;Galat Sufar South;MAIN;79
7474419A;7;GPH;GMAG;Galat Sufar South;MAIN;79
7467B2E4;1;GPH;GMAG;Band-Ore Main Zone;MAIN;63|64
7467B2E4;2;GPH;IP;Band-Ore Main Zone;MAIN;65
7467B2E4;3;GPH;VLF;Band-Ore Main Zone;MAIN;70
75390303;1;GPH;VLF;Cam Gloria;MAIN;38
75390303;2;GPH;AMAG;Cam Gloria;MAIN;39|42|43
75390303;3;GPH;EM;Cam Gloria;MAIN;39|42|45
74AD655C;1;GPH;AMAG;Brussels Creek;MAIN;25|34
74AD655C;4;GPH;SWIR;Brussels Creek;MAIN;25|51
74AD655C;5;GPH;RAD;Brussels Creek;MAIN;25|35|39
75A506A6;1;GPH;GRV;Springpole;MAIN;45
75A506A6;2;GPH;AMAG;Springpole;MAIN;45|46
75DEA518;1;GPH;AMAG;Veta;MAIN;41|42
75DEA518;2;GPH;RAD;Veta;MAIN;41
75AE4F86;1;GPH;UNS;Hope Brook;MAIN;96
75AE4F86;2;GPH;IP;Hope Brook;MAIN;96
765E38A5;1;GPH;GMAG;Altan Nar;MAIN;11|30|31
765E38A5;2;GPH;IP;Altan Nar;MAIN;11|19|30|33|40
76841CEB;1;GPH;EM;Tulox Property;MAIN;25
76841CEB;2;GPH;GMAG;Tulox Property;MAIN;25
76841CEB;3;GPH;VLF;Tulox Property;MAIN;25
76841CEB;4;GPH;AMAG;Tulox Property;MAIN;26
76841CEB;5;GPH;IP;Tulox Property;MAIN;26
76A90D27;1;GPH;AMAG;Cook Gold Property;MAIN;42|43
76A90D27;3;GPH;SWIR;Cook Gold Property;MAIN;42|55
76E2842D;1;GPH;MT;Pimenton Mine;MAIN;41
76E2842D;2;GPH;GMAG;Pimenton Mine;MAIN;41
76EB0070;1;GPH;IP;Metates;MAIN;63
7733E88F;1;GPH;EM;El Padre Vein;MAIN;17
775BE7F3;4;GPH;EM;Shahumyan;MAIN;83
775BE7F3;5;GPH;AMAG;Shahumyan;MAIN;83
775BE7F3;6;GPH;SWIR;Shahumyan;MAIN;87
7789771B;1;GPH;EM;WKP;MAIN;51
7789771B;2;GPH;MT;WKP;MAIN;51|52
7789771B;3;GPH;GRV;WKP;MAIN;54
77B19511;1;GPH;EM;Komahun;MAIN;69|70
77B19511;2;GPH;IP;Komahun;MAIN;69|76
77B57ACF;1;GPH;GMAG;Fondewa Showing;MAIN;38|39
77B57ACF;2;GPH;IP;Fondewa Showing;MAIN;38|39
77DED429;1;GPH;AMAG;Saddle;MAIN;55
77DED429;2;GPH;EM;Saddle;MAIN;55
77DED429;3;GPH;RAD;Saddle;MAIN;55
7882B488;1;GPH;GMAG;Costerfield;MAIN;76
7882B488;2;GPH;GRV;Costerfield;MAIN;76
7882B488;3;GPH;IP;Costerfield;MAIN;76
7882B488;4;GPH;AMAG;Costerfield;MAIN;77
7882B488;5;GPH;RAD;Costerfield;MAIN;77
79069A54;1;GPH;UNS;Blue Hawk;MAIN;14
78B2817B;1;GPH;GRV;Mineral Gulch;MAIN;27
78B2817B;2;GPH;GMAG;Mineral Gulch;MAIN;27
78B2817B;3;GPH;AMAG;Mineral Gulch;MAIN;28|30
78D217BB;1;GPH;IP;Veta Norte;MAIN;42
793C91F2;1;GPH;AMAG;X1 Deposit;MAIN;86|87|88|89|114
793C91F2;2;GPH;RAD;X1 Deposit;MAIN;114
793C91F2;3;GPH;IP;X1 Deposit;MAIN;114
793C91F2;4;GPH;EM;X1 Deposit;MAIN;114
7976B11C;2;GPH;GMAG;Ixtaca Zone;MAIN;60|63
7976B11C;3;GPH;IP;Ixtaca Zone;MAIN;60|64
7976B11C;4;GPH;MT;Ixtaca Zone;MAIN;60|65
79A54362;1;GPH;AMAG;Middle Zone;MAIN;67
79A54362;2;GPH;GMAG;Middle Zone;MAIN;67|68
79A54362;3;GPH;EM;Middle Zone;MAIN;67
79A54362;4;GPH;RAD;Middle Zone;MAIN;66|68
79A54362;5;GPH;IP;Middle Zone;MAIN;66|68
7A9C17B7;1;GPH;EM;Wona;MAIN;11
7A9C17B7;2;GPH;RAD;Wona;MAIN;11
7B0B22D9;1;GPH;AMAG;Whistler Deposit;MAIN;83|88|101
7B0B22D9;2;GPH;IP;Whistler Deposit;MAIN;88|101
7B0B22D9;3;GPH;EM;Whistler Deposit;MAIN;88
7BAA9DC7;1;GPH;UNS;Rollo Property;MAIN;15
7B544DC2;1;GPH;GMAG;Pinaya;MAIN;39|40
7B544DC2;2;GPH;IP;Pinaya;MAIN;39|41
7B544DC2;3;GPH;EM;Pinaya;MAIN;50
7B544DC2;4;GPH;AMAG;Pinaya;MAIN;50
7C226598;1;GPH;EM;Ranch Area;MAIN;212|222
7C226598;2;GPH;AMAG;Ranch Area;MAIN;212|222
7C226598;3;GPH;GMAG;Ranch Area;MAIN;225|243
7C226598;4;GPH;IP;Ranch Area;MAIN;225|248
7C226598;7;GPH;SWIR;Ranch Area;MAIN;163|205
7C53DC18;1;GPH;IP;Peak;MAIN;99
7C53DC18;2;GPH;GRV;Peak;MAIN;99|102
7C53DC18;3;GPH;EM;Peak;MAIN;99
7C53DC18;4;GPH;MT;Peak;MAIN;99|102
7C53DC18;5;GPH;AMAG;Peak;MAIN;99|102
7C53DC18;6;GPH;RAD;Peak;MAIN;99
7C7614EB;1;GPH;AMAG;Monarch Gold Zone;MAIN;80|91
7C7614EB;2;GPH;RAD;Monarch Gold Zone;MAIN;80
7C7614EB;3;GPH;IP;Monarch Gold Zone;MAIN;83|88
7C7614EB;5;GPH;EM;Monarch Gold Zone;MAIN;91
7C7614EB;7;GPH;MT;Monarch Gold Zone;MAIN;93
7C97D8ED;1;GPH;GMAG;Wind Mountain;MAIN;56
7C9D9F6B;1;GPH;MT;Orion Area;MAIN;61|77|78
7C9D9F6B;2;GPH;AMAG;Orion Area;MAIN;78|94
7CCAFFB3;1;GPH;GMAG;Quartz Mountain;MAIN;68
7CCAFFB3;2;GPH;VLF;Quartz Mountain;MAIN;69
7D61A709;1;GPH;AMAG;Marmato;MAIN;54
7D61A709;2;GPH;RAD;Marmato;MAIN;54
7CD1FACF;1;GPH;EM;Ranch Property;MAIN;109
7CD1FACF;2;GPH;AMAG;Ranch Property;MAIN;109
7CD1FACF;3;GPH;GMAG;Ranch Property;MAIN;112
7CD1FACF;4;GPH;IP;Ranch Property;MAIN;115
7CD1FACF;5;GPH;SWIR;Ranch Property;MAIN;104
7DD468BB;1;GPH;GMAG;Ilovitza;MAIN;72|77|78
7DD468BB;2;GPH;IP;Ilovitza;MAIN;68|78|79
7E59D2D6;1;GPH;AMAG;Century deposit;MAIN;54
7E59D2D6;2;GPH;VLF;Century deposit;MAIN;54
7E59D2D6;3;GPH;GMAG;Century deposit;MAIN;57
7E59D2D6;4;GPH;IP;Century deposit;MAIN;57
7E59D2D6;5;GPH;RES;Century deposit;MAIN;57
7EE860C1;1;GPH;GMAG;La Cumbre;MAIN;55|56
7EE860C1;2;GPH;IP;La Cumbre;MAIN;55|56
7EE860C1;3;GPH;RAD;La Cumbre;MAIN;55|56
7E659E4B;1;GPH;UNS;Plutonic;MAIN;60
7EEADDDA;1;GPH;IP;Afric Zone;MAIN;40|43
7EEADDDA;2;GPH;VLF;Afric Zone;MAIN;40|43
7EEADDDA;3;GPH;GMAG;Afric Zone;MAIN;40|43
7F1151C0;1;GPH;SES;Beta Hunt Gold;MAIN;64|65
7F5D7798;1;GPH;AMAG;Moss deposit;MAIN;100
7F5F340C;1;GPH;IP;Purisima;MAIN;42|45
7F5F340C;2;GPH;GMAG;Purisima;MAIN;42|45
7F5F340C;3;GPH;AMAG;Purisima;MAIN;28|33
7F8FA36B;3;GPH;IP;Eskay Creek;MAIN;139
7F8FA36B;4;GPH;AMAG;Eskay Creek;MAIN;140
7F93CE1C;1;GPH;GMAG;Dawson;MAIN;80|81
7F93CE1C;2;GPH;IP;Dawson;MAIN;80|83
7FD0C78A;1;GPH;AMAG;Mineral Creek Zone;MAIN;85
7FD0C78A;2;GPH;EM;Mineral Creek Zone;MAIN;86
7FD0C78A;3;GPH;IP;Mineral Creek Zone;MAIN;70|88
80B1242C;1;GPH;IP;Cape Ray Gold Deposits;MAIN;67
8105D304;1;GPH;IP;Box Mine;MAIN;70
8105D304;2;GPH;RES;Box Mine;MAIN;70
8123FD0A;1;GPH;AMAG;La Arena;MAIN;62
812F1AC6;1;GPH;GMAG;Pinion;MAIN;92
812F1AC6;2;GPH;GRV;Pinion;MAIN;92
812F1AC6;3;GPH;MT;Pinion;MAIN;92
812F1AC6;4;GPH;AMAG;Pinion;MAIN;94
812F1AC6;5;GPH;SES;Pinion;MAIN;94
8185B422;1;GPH;GMAG;T'Boli;MAIN;31
81B1F86D;1;GPH;IP;Quesnel Quartz deposit;MAIN;38|40|48
8217F93E;1;GPH;EM;Main Zone;MAIN;35|41
8217F93E;2;GPH;IP;Main Zone;MAIN;35
8217F93E;3;GPH;AMAG;Main Zone;MAIN;35
81BE4816;1;GPH;GMAG;Tocantinzinho;MAIN;67|71
81BE4816;2;GPH;AMAG;Tocantinzinho;MAIN;71|72|73
81BE4816;3;GPH;RAD;Tocantinzinho;MAIN;72
81BE4816;4;GPH;IP;Tocantinzinho;MAIN;67|72
82B83FEC;1;GPH;IP;San Albino;MAIN;68
825D75FE;1;GPH;AMAG;Ana Paula;MAIN;78|80
825D75FE;2;GPH;EM;Ana Paula;MAIN;78|80
825D75FE;3;GPH;RAD;Ana Paula;MAIN;80
825D75FE;4;GPH;IP;Ana Paula;MAIN;80
82F8C84D;1;GPH;AMAG;Cerro Caliche Project;MAIN;67|68
836151F3;1;GPH;MT;Relief Canyon;MAIN;84
836151F3;2;GPH;IP;Relief Canyon;MAIN;84
838626FA;1;GPH;GRV;Doratha Morton gold trend;MAIN;126
838626FA;2;GPH;AMAG;Doratha Morton gold trend;MAIN;126
838626FA;3;GPH;EM;Doratha Morton gold trend;MAIN;126
838626FA;4;GPH;IP;Doratha Morton gold trend;MAIN;132
8368527C;1;GPH;GMAG;Ilovica;MAIN;118|123|124
8368527C;2;GPH;IP;Ilovica;MAIN;114|125|126|127|128
839D9A8B;1;GPH;IP;El Jabali;MAIN;29
83B82E2D;1;GPH;GMAG;Gediktepe;MAIN;77
83B82E2D;2;GPH;IP;Gediktepe;MAIN;77
83DF999C;1;GPH;UNS;Discovery Zone;MAIN;15
848FB5BD;1;GPH;UNS;Nucleus Deposit;MAIN;24
84D82433;1;GPH;GMAG;Gosselin Zone;MAIN;20|32
84D82433;2;GPH;IP;Gosselin Zone;MAIN;20|32
84D984F8;1;GPH;IP;Lazy Man gold zone;MAIN;27|31
8549D7B0;1;GPH;IP;Eau Claire;MAIN;57
8549D7B0;2;GPH;AMAG;Eau Claire;MAIN;49
851FDFB7;1;GPH;AMAG;Gold Mountain Zone;MAIN;46|47
851FDFB7;2;GPH;GMAG;Gold Mountain Zone;MAIN;46
851FDFB7;3;GPH;RAD;Gold Mountain Zone;MAIN;46|47
851FDFB7;4;GPH;IP;Gold Mountain Zone;MAIN;46|50
853EBBCC;1;GPH;GRV;Gravel Creek;MAIN;108
853EBBCC;2;GPH;GMAG;Gravel Creek;MAIN;108|110
853EBBCC;3;GPH;IP;Gravel Creek;MAIN;108|110
853EBBCC;4;GPH;AMAG;Gravel Creek;MAIN;129
853EBBCC;5;GPH;RAD;Gravel Creek;MAIN;129
85558EDB;1;GPH;AMAG;Trieste prospect;MAIN;6
85558EDB;2;GPH;IP;Trieste prospect;MAIN;6|13|17|18|20|21|22
85558EDB;3;GPH;EM;Trieste prospect;MAIN;6|10|15|16
85558EDB;4;GPH;UNS;Trieste prospect;MAIN;6
85C66DF7;2;GPH;IP;BYP Gold Deposit;MAIN;37
865E1CB5;1;GPH;UNS;Altered Zone;MAIN;16
856BBAD2;1;GPH;IP;Hot Maden;MAIN;57
856BBAD2;2;GPH;EM;Hot Maden;MAIN;57
856BBAD2;3;GPH;GRV;Hot Maden;MAIN;57
86A658C1;1;GPH;VLF;Little Bear Lake Vein System;MAIN;21|31
86A658C1;2;GPH;EM;Little Bear Lake Vein System;MAIN;31
86A658C1;3;GPH;AMAG;Little Bear Lake Vein System;MAIN;31
86A658C1;4;GPH;GMAG;Little Bear Lake Vein System;MAIN;31
86B5E732;1;GPH;VLF;Fisher showing;MAIN;25|33
86B5E732;2;GPH;GMAG;Fisher showing;MAIN;25|33
86B5E732;3;GPH;AMAG;Fisher showing;MAIN;25|33|36
86B5E732;5;GPH;RAD;Fisher showing;MAIN;33
86AC155E;1;GPH;AMAG;Ana Paula;MAIN;81
86AC155E;2;GPH;RAD;Ana Paula;MAIN;81
86AC155E;3;GPH;IP;Ana Paula;MAIN;81
86AC155E;4;GPH;EM;Ana Paula;MAIN;81
86F48F60;1;GPH;IP;Zone 6;MAIN;41
87288A9D;1;GPH;IP;Cape Ray Gold Deposits;MAIN;71
878C2FBC;1;GPH;IP;Santana Project;MAIN;90
878C2FBC;2;GPH;GMAG;Santana Project;MAIN;90
878C2FBC;3;GPH;AMAG;Santana Project;MAIN;90
878C2FBC;4;GPH;RAD;Santana Project;MAIN;90
87D13C27;1;GPH;AMAG;Gold Mountain Zone;MAIN;55
87D13C27;2;GPH;RAD;Gold Mountain Zone;MAIN;55
87D13C27;3;GPH;GMAG;Gold Mountain Zone;MAIN;56
87D13C27;4;GPH;IP;Gold Mountain Zone;MAIN;55
87FB934D;1;GPH;IP;Kana Zone;MAIN;17
87FB934D;2;GPH;GMAG;Kana Zone;MAIN;17|22
887E0F8D;1;GPH;GRV;Tuscarora Project;MAIN;32
887E0F8D;2;GPH;MT;Tuscarora Project;MAIN;32
887EB5BB;1;GPH;AMAG;Storm Lake;MAIN;27|28
888229A6;1;GPH;IP;Lake Ménarik;MAIN;27
888229A6;2;GPH;AMAG;Lake Ménarik;MAIN;63
888822CC;1;GPH;GMAG;Arista Mine;MAIN;78
888822CC;2;GPH;RES;Arista Mine;MAIN;78
888822CC;3;GPH;IP;Arista Mine;MAIN;78
888822CC;4;GPH;MT;Arista Mine;MAIN;78
888822CC;5;GPH;AMAG;Arista Mine;MAIN;78
888822CC;6;GPH;RAD;Arista Mine;MAIN;78
8926B51F;1;GPH;GMAG;Shahuindo;MAIN;64|65
8926B51F;2;GPH;IP;Shahuindo;MAIN;64|65
895584D3;1;GPH;AMAG;Serra Alta;MAIN;88
895584D3;2;GPH;RAD;Serra Alta;MAIN;88
895584D3;3;GPH;GMAG;Serra Alta;MAIN;87
895584D3;4;GPH;IP;Serra Alta;MAIN;87
89309DB0;2;GPH;IP;DeLamar;MAIN;72
897ADA91;1;GPH;GMAG;Amulsar;MAIN;117
897ADA91;2;GPH;IP;Amulsar;MAIN;117
897EDE19;1;GPH;AMAG;Meaghers Grant Prospect;MAIN;23|24|27|28|29
89B29592;1;GPH;AMAG;Douay;MAIN;50|51|55|58
89B29592;2;GPH;IP;Douay;MAIN;50|51|52|54|55|58
89B29592;3;GPH;EM;Douay;MAIN;55|58
89B29592;4;GPH;GMAG;Douay;MAIN;58
89F4FDD3;1;GPH;MT;La Colorada Project;MAIN;67
8A073FC1;1;GPH;GMAG;Kutuvuoma;MAIN;62|67
8A073FC1;2;GPH;EM;Kutuvuoma;MAIN;68
8A073FC1;3;GPH;AMAG;Kutuvuoma;MAIN;62
89EBE7D2;2;GPH;GMAG;Mexican Hat;MAIN;93
89EBE7D2;3;GPH;MT;Mexican Hat;MAIN;96
89EBE7D2;4;GPH;GRV;Mexican Hat;MAIN;100
8A0DD338;1;GPH;GMAG;Artsiv;MAIN;73
8A82DEDB;1;GPH;IP;Gold Mountain Zone;MAIN;44|50
8A82DEDB;2;GPH;AMAG;Gold Mountain Zone;MAIN;44|50
8A82DEDB;3;GPH;RAD;Gold Mountain Zone;MAIN;50
8A82DEDB;4;GPH;GMAG;Gold Mountain Zone;MAIN;44|51
8A3925A0;1;GPH;EM;Windfall Lake deposit;MAIN;44
8A3925A0;2;GPH;IP;Windfall Lake deposit;MAIN;44|45|46
8A3925A0;3;GPH;AMAG;Windfall Lake deposit;MAIN;45
8A3925A0;4;GPH;GMAG;Windfall Lake deposit;MAIN;46
8AE5C555;1;GPH;GMAG;Talapoosa;MAIN;54
8AE5C555;2;GPH;IP;Talapoosa;MAIN;54
8A98FCB5;1;GPH;EM;Central Zone;MAIN;33|43
8A98FCB5;2;GPH;AMAG;Central Zone;MAIN;43
8A98FCB5;3;GPH;IP;Central Zone;MAIN;44
8B2C27D6;1;GPH;AMAG;Windfall deposit;MAIN;119|120
8B2C27D6;2;GPH;EM;Windfall deposit;MAIN;119|120
8B2C27D6;3;GPH;IP;Windfall deposit;MAIN;119|120|121
8B2C27D6;4;GPH;WLOG;Windfall deposit;MAIN;121
8B34AEC5;1;GPH;SWIR;Loma Larga;MAIN;70
8B24B9C6;1;GPH;GMAG;Lawyers Trend;MAIN;166
8B24B9C6;2;GPH;VLF;Lawyers Trend;MAIN;166
8B24B9C6;3;GPH;IP;Lawyers Trend;MAIN;166|172
8B24B9C6;4;GPH;EM;Lawyers Trend;MAIN;180
8B24B9C6;5;GPH;AMAG;Lawyers Trend;MAIN;180
8B24B9C6;6;GPH;RAD;Lawyers Trend;MAIN;180
8B24B9C6;10;GPH;SWIR;Lawyers Trend;MAIN;195
8B4E307B;1;GPH;AMAG;Kenyon Creek;MAIN;22|24
8B96A8A0;1;GPH;SES;Macraes;MAIN;62
8B96A8A0;2;GPH;EM;Macraes;MAIN;62
8B46F809;1;GPH;IP;Batoto-Tarale;MAIN;48
8B46F809;2;GPH;GMAG;Batoto-Tarale;MAIN;48
8B46F809;3;GPH;RES;Batoto-Tarale;MAIN;48
8BA5C748;1;GPH;AMAG;Miraflores;MAIN;63
8BA5C748;2;GPH;RAD;Miraflores;MAIN;63
8BD95C32;1;GPH;GRV;Martha;MAIN;45
8BFF76BE;1;GPH;GRV;Golden Trail Vein;MAIN;25
8BFF76BE;2;GPH;GMAG;Golden Trail Vein;MAIN;25
8C28A9E8;1;GPH;AMAG;Tyranite;MAIN;38|40
8C28A9E8;2;GPH;VLF;Tyranite;MAIN;38|40
8C28A9E8;3;GPH;RAD;Tyranite;MAIN;38|40
8C28A9E8;7;GPH;IP;Tyranite;MAIN;39
8C28A9E8;8;GPH;RES;Tyranite;MAIN;39
8C26759F;1;GPH;MT;Chelopech;MAIN;56
8C26759F;2;GPH;IP;Chelopech;MAIN;56
8C26759F;3;GPH;GMAG;Chelopech;MAIN;56|57
8C26759F;4;GPH;GRV;Chelopech;MAIN;57
8C26759F;5;GPH;SWIR;Chelopech;MAIN;49
8C5DE122;1;GPH;GMAG;Granja Nueva;MAIN;43
8C5DE122;2;GPH;IP;Granja Nueva;MAIN;43
8C5DE122;3;GPH;RES;Granja Nueva;MAIN;43
8C5DE122;4;GPH;SWIR;Granja Nueva;MAIN;33|35
8C7465A2;1;GPH;IP;Sullivan;MAIN;86
8C7465A2;2;GPH;MT;Sullivan;MAIN;86
8D0EC46C;1;GPH;GMAG;Aubelle;MAIN;6
8D0EC46C;2;GPH;VLF;Aubelle;MAIN;6
8D0EC46C;3;GPH;IP;Aubelle;MAIN;6
8D377B5C;1;GPH;AMAG;Cerro Colorado;MAIN;31|41
8D3EDD49;1;GPH;GMAG;Marmato;MAIN;59
8D3EDD49;2;GPH;RAD;Marmato;MAIN;59
8DC40D19;1;GPH;GRV;Yard;MAIN;23
8DAA4805;1;GPH;AMAG;Sonora Gold Property;MAIN;42
8DF50778;1;GPH;GMAG;Westwood Mine;MAIN;69
8DF50778;2;GPH;AMAG;Westwood Mine;MAIN;69
8DF50778;3;GPH;VLF;Westwood Mine;MAIN;69
8DF50778;4;GPH;IP;Westwood Mine;MAIN;69
8DF50778;5;GPH;EM;Westwood Mine;MAIN;69
8DF50778;6;GPH;WLOG;Westwood Mine;MAIN;70
8E8B1B5D;1;GPH;AMAG;Coringa;MAIN;48
8E8B1B5D;2;GPH;RAD;Coringa;MAIN;48
8E8B1B5D;3;GPH;IP;Coringa;MAIN;48|49
8E8B1B5D;4;GPH;EM;Coringa;MAIN;48
8E31A1BB;1;GPH;IP;Purdex Zone;MAIN;69
8E1106E8;3;GPH;IP;Fekola;MAIN;114
8E1106E8;4;GPH;AMAG;Fekola;MAIN;114
8E1106E8;5;GPH;UNS;Fekola;MAIN;114
8E1106E8;6;GPH;RES;Fekola;MAIN;114
8E1106E8;7;GPH;GRV;Fekola;MAIN;114
8E1106E8;8;GPH;EM;Fekola;MAIN;114
8E9A1A54;1;GPH;IP;Ağı Dağı;MAIN;84|88|92|97
8E9A1A54;2;GPH;SWIR;Ağı Dağı;MAIN;84|85|96
8E9A1A54;3;GPH;GMAG;Ağı Dağı;MAIN;85|97
8E9A1A54;4;GPH;AMAG;Ağı Dağı;MAIN;93
8EA29065;1;GPH;RAD;Cerro Quema;MAIN;34
8EA29065;2;GPH;AMAG;Cerro Quema;MAIN;34
8EA29065;3;GPH;EM;Cerro Quema;MAIN;34
8EA29065;4;GPH;IP;Cerro Quema;MAIN;34
8EEEBD98;1;GPH;UNS;Chancho zone;MAIN;36
8F19E615;1;GPH;EM;AurMac;MAIN;54
8F19E615;2;GPH;RAD;AurMac;MAIN;65
8F19E615;3;GPH;AMAG;AurMac;MAIN;65
8F690FC3;1;GPH;AMAG;Rainy River;MAIN;72|74
8F690FC3;2;GPH;SWIR;Rainy River;MAIN;72|73
8F795DBE;1;GPH;IP;Osmani Gold Deposit;MAIN;43
901FC988;1;GPH;EM;Yellow Giant;MAIN;59|60|61
901FC988;2;GPH;AMAG;Yellow Giant;MAIN;59|61
901FC988;3;GPH;SP;Yellow Giant;MAIN;59|60
901FC988;4;GPH;VLF;Yellow Giant;MAIN;59|61
901FC988;5;GPH;IP;Yellow Giant;MAIN;59|60|61
901FC988;6;GPH;GMAG;Yellow Giant;MAIN;59
901FC988;7;GPH;RES;Yellow Giant;MAIN;59|61
908D8A5C;1;GPH;AMAG;Marston Showings;MAIN;59
908D8A5C;2;GPH;EM;Marston Showings;MAIN;59
903FBAE5;1;GPH;AMAG;Bald Hill;MAIN;14
903FBAE5;2;GPH;RAD;Bald Hill;MAIN;14
903FBAE5;3;GPH;IP;Bald Hill;MAIN;14
903FBAE5;4;GPH;EM;Bald Hill;MAIN;14
9086B2E3;1;GPH;AMAG;Bug Lake Trend;MAIN;33|35
9086B2E3;2;GPH;EM;Bug Lake Trend;MAIN;33|35|41
9086B2E3;3;GPH;IP;Bug Lake Trend;MAIN;33|38
9086B2E3;4;GPH;GMAG;Bug Lake Trend;MAIN;33|38|41
90DB8682;1;GPH;AMAG;Golden Gap;MAIN;73|74|75|77
90DB8682;2;GPH;VLF;Golden Gap;MAIN;73|74
90DB8682;3;GPH;EM;Golden Gap;MAIN;73|74|75|77
90DB8682;4;GPH;IP;Golden Gap;MAIN;75|77
90DB8682;5;GPH;GMAG;Golden Gap;MAIN;76
910DFB96;1;GPH;IP;Sleeper;MAIN;65|66
910DFB96;2;GPH;GRV;Sleeper;MAIN;65|66
910DFB96;3;GPH;MT;Sleeper;MAIN;65|66
910DFB96;4;GPH;AMAG;Sleeper;MAIN;66|67
9131D107;1;GPH;MT;San Rafael Vein;MAIN;147
91787FD4;1;GPH;AMAG;Foggy Mountain;MAIN;36|38
91787FD4;2;GPH;RAD;Foggy Mountain;MAIN;36|39
918E6CC8;1;GPH;AMAG;Main Stripped area;MAIN;21
91E55002;1;GPH;IP;Chevrier Deposits;MAIN;81|83
91D90DE5;1;GPH;AMAG;Barsele Central;MAIN;66|78
91D90DE5;2;GPH;VLF;Barsele Central;MAIN;66|78|83
91D90DE5;3;GPH;EM;Barsele Central;MAIN;78|79
91D90DE5;4;GPH;RAD;Barsele Central;MAIN;78
91D90DE5;5;GPH;GRV;Barsele Central;MAIN;78
91D90DE5;6;GPH;IP;Barsele Central;MAIN;66|83
91D90DE5;7;GPH;GMAG;Barsele Central;MAIN;83
9221ECA1;1;GPH;IP;Holly;MAIN;41|42
9221ECA1;3;GPH;SP;Holly;MAIN;42
92603BA3;1;GPH;AMAG;Coneto Vein System;MAIN;5|52
931DC7FD;1;GPH;EM;Appleton Fault Zone;MAIN;100
931DC7FD;2;GPH;AMAG;Appleton Fault Zone;MAIN;100|147
931DC7FD;4;GPH;GRV;Appleton Fault Zone;MAIN;147
932A04D2;1;GPH;GMAG;Ada Tepe;MAIN;36
932A04D2;2;GPH;IP;Ada Tepe;MAIN;36
93536340;1;GPH;SWIR;Olympias;MAIN;50
944E9D52;1;GPH;AMAG;Moss Vein;MAIN;77
9379C21C;1;GPH;UNS;Martha Vein System;MAIN;56
9379C21C;2;GPH;MT;Martha Vein System;MAIN;56
9379C21C;3;GPH;GMAG;Martha Vein System;MAIN;56
94A56812;1;GPH;AMAG;Saramacca;MAIN;39
94A56812;2;GPH;RAD;Saramacca;MAIN;39
94A56812;3;GPH;IP;Saramacca;MAIN;39
9498BE30;1;GPH;AMAG;San Ramon deposit;MAIN;77
9498BE30;2;GPH;RAD;San Ramon deposit;MAIN;77
9498BE30;3;GPH;IP;San Ramon deposit;MAIN;79
9466C285;1;GPH;UNS;Hasbrouck;MAIN;82
94D3DF7C;1;GPH;GMAG;Bayan Khundii;MAIN;94
94D3DF7C;2;GPH;IP;Bayan Khundii;MAIN;96
954DAE77;1;GPH;SES;Beta Hunt Gold;MAIN;75|78|79|80
954DAE77;2;GPH;EM;Beta Hunt Gold;MAIN;75
95FA8F80;1;GPH;EM;Gold Springs;MAIN;54
95FA8F80;2;GPH;AMAG;Gold Springs;MAIN;54
95FA8F80;3;GPH;MT;Gold Springs;MAIN;54
96FAD01B;1;GPH;EM;Rainy River Gold Project;MAIN;167|169
96FAD01B;2;GPH;IP;Rainy River Gold Project;MAIN;167|168
96FAD01B;3;GPH;GRV;Rainy River Gold Project;MAIN;167|169
96FAD01B;4;GPH;MT;Rainy River Gold Project;MAIN;167|168
96FAD01B;5;GPH;AMAG;Rainy River Gold Project;MAIN;167
96FAD01B;7;GPH;GMAG;Rainy River Gold Project;MAIN;169
9743F69A;1;GPH;UNS;Severance;MAIN;50
9765A64B;1;GPH;GMAG;Manto Dorado;MAIN;19
9765A64B;2;GPH;IP;Manto Dorado;MAIN;18|19
97373D90;1;GPH;IP;Cap Oeste;MAIN;57|64|66|69
97373D90;2;GPH;GMAG;Cap Oeste;MAIN;64|69
9766AFC9;1;GPH;AMAG;Main Tut;MAIN;37|54
97B2B2DC;1;GPH;GMAG;Yenipazar Deposit;MAIN;92|93
97B2B2DC;2;GPH;IP;Yenipazar Deposit;MAIN;92
981EE4F8;1;GPH;VLF;Klaza Property;MAIN;65
981EE4F8;2;GPH;GMAG;Klaza Property;MAIN;65
981EE4F8;3;GPH;IP;Klaza Property;MAIN;65
981EE4F8;4;GPH;AMAG;Klaza Property;MAIN;65
981EE4F8;5;GPH;RAD;Klaza Property;MAIN;65
97BFF152;1;GPH;GMAG;Las Cucharas district;MAIN;24
97BFF152;2;GPH;IP;Las Cucharas district;MAIN;24
98243789;1;GPH;AMAG;Salares Norte;MAIN;47
98243789;2;GPH;RAD;Salares Norte;MAIN;47
98243789;3;GPH;GMAG;Salares Norte;MAIN;47
98243789;4;GPH;MT;Salares Norte;MAIN;46|47
98243789;5;GPH;IP;Salares Norte;MAIN;46|47
98BB7603;1;GPH;AMAG;East Block;MAIN;27|28
9885A53C;1;GPH;IP;Red Mountain;MAIN;60
9885A53C;2;GPH;EM;Red Mountain;MAIN;60
9885A53C;3;GPH;VLF;Red Mountain;MAIN;60
9885A53C;4;GPH;GMAG;Red Mountain;MAIN;60
9885A53C;5;GPH;AMAG;Red Mountain;MAIN;60
9885A53C;6;GPH;RAD;Red Mountain;MAIN;60
988CE8CC;1;GPH;GRV;Marigold;MAIN;94
98E64E92;1;GPH;IP;Sullivan;MAIN;109
98E64E92;2;GPH;MT;Sullivan;MAIN;109
99108087;3;GPH;IP;Vein 49/Nelson;MAIN;76
991548CF;1;GPH;AMAG;Royal Shear Trend;MAIN;54|55|56
991548CF;3;GPH;IP;Royal Shear Trend;MAIN;54|58
991548CF;4;GPH;GMAG;Royal Shear Trend;MAIN;54
991548CF;5;GPH;RAD;Royal Shear Trend;MAIN;56|57
99321C11;1;GPH;GMAG;Ixtaca Zone;MAIN;31|34
99321C11;2;GPH;IP;Ixtaca Zone;MAIN;19|31|34|35
99321C11;3;GPH;MT;Ixtaca Zone;MAIN;31|35
994CBC19;1;GPH;AMAG;El Gallo Silver;MAIN;75
994CBC19;2;GPH;MT;El Gallo Silver;MAIN;75
9964DED6;1;GPH;AMAG;El Capitan;MAIN;32|33|34|39
999A0EC9;1;GPH;AMAG;Callejón Blanco;MAIN;73
999A0EC9;2;GPH;RAD;Callejón Blanco;MAIN;73
99A0E8D1;1;GPH;EM;Martinière;MAIN;33|34|40
99A0E8D1;2;GPH;AMAG;Martinière;MAIN;33|34
99A0E8D1;3;GPH;IP;Martinière;MAIN;33|34|37
99A0E8D1;4;GPH;GMAG;Martinière;MAIN;37|40
99AE924C;1;GPH;UNS;Dynasty Goldfield;MAIN;33
99F923ED;1;GPH;IP;MC Property;MAIN;37
99F923ED;2;GPH;GMAG;MC Property;MAIN;37
99F923ED;3;GPH;GRV;MC Property;MAIN;42|44
99F923ED;4;GPH;AMAG;MC Property;MAIN;42|45|47
9AB7BDA1;1;GPH;EM;Valley-Gracie;MAIN;31
9AB7BDA1;2;GPH;AMAG;Valley-Gracie;MAIN;31
9A73F19F;1;GPH;EM;SMG deposit;MAIN;53|55
9A73F19F;2;GPH;AMAG;SMG deposit;MAIN;53|55
9A63E470;1;GPH;GMAG;Rovina;MAIN;121|125
9A63E470;2;GPH;RAD;Rovina;MAIN;121|122
9A63E470;3;GPH;AMAG;Rovina;MAIN;122
9A63E470;8;GPH;IP;Rovina;MAIN;126
9AAD1A41;1;GPH;UNS;Rainy River Deposit;MAIN;111
9AAD1A41;2;GPH;AMAG;Rainy River Deposit;MAIN;117|145
9AAD1A41;3;GPH;EM;Rainy River Deposit;MAIN;144|146
9AAD1A41;4;GPH;IP;Rainy River Deposit;MAIN;144|145|146
9AAD1A41;5;GPH;GRV;Rainy River Deposit;MAIN;144|146
9AAD1A41;6;GPH;MT;Rainy River Deposit;MAIN;145|146
9AAD1A41;8;GPH;GMAG;Rainy River Deposit;MAIN;146
9ABE0328;2;GPH;AMAG;Da Tambuk;MAIN;64
9ABE0328;3;GPH;RAD;Da Tambuk;MAIN;64
9ABE0328;4;GPH;EM;Da Tambuk;MAIN;64
9ACF283D;1;GPH;AMAG;Tower Mountain;MAIN;60
9ACF283D;2;GPH;VLF;Tower Mountain;MAIN;60
9ACF283D;3;GPH;RAD;Tower Mountain;MAIN;60
9ACF283D;4;GPH;IP;Tower Mountain;MAIN;61
9AE6550A;1;GPH;UNS;Golden Triangle;MAIN;56
9BCE0668;1;GPH;AMAG;Tibiti;MAIN;42|43
9BCE0668;2;GPH;RAD;Tibiti;MAIN;42|43
9BCE0668;3;GPH;VLF;Tibiti;MAIN;43
9B973D75;1;GPH;AMAG;Golden Valley Mine;MAIN;26
9BD494B8;1;GPH;AMAG;Troilus;MAIN;46
9C78F356;1;GPH;IP;Red Mountain;MAIN;51
9C78F356;2;GPH;EM;Red Mountain;MAIN;51
9C78F356;3;GPH;VLF;Red Mountain;MAIN;51
9C78F356;4;GPH;GMAG;Red Mountain;MAIN;51
9C78F356;5;GPH;AMAG;Red Mountain;MAIN;51
9C78F356;6;GPH;RAD;Red Mountain;MAIN;51
9CC34040;1;GPH;AMAG;NW Target;MAIN;34|35|38
9C946A57;1;GPH;GMAG;Paddy Mac;MAIN;12|18
9CEBD570;1;GPH;VLF;Mot showing;MAIN;31
9CEBD570;2;GPH;GMAG;Mot showing;MAIN;35
9CEC3FEF;1;GPH;AMAG;Kellyn;MAIN;12|14
9CEC3FEF;3;GPH;IP;Kellyn;MAIN;14
9CEC3FEF;4;GPH;EM;Kellyn;MAIN;14
9CED3A77;1;GPH;GRV;Hasbrouck Mine;MAIN;87
9CF03034;1;GPH;IP;Homestake Ridge;MAIN;63|66
9CF03034;2;GPH;EM;Homestake Ridge;MAIN;63|68
9CF03034;3;GPH;AMAG;Homestake Ridge;MAIN;68
9CF03034;4;GPH;MT;Homestake Ridge;MAIN;68
9D1C3373;1;GPH;IP;Bonanza Property Iron Formation;MAIN;32
9D1C3373;2;GPH;UNS;Bonanza Property Iron Formation;MAIN;29|32
9D39AFC7;1;GPH;IP;Millennium;MAIN;63|64
9D39AFC7;2;GPH;GMAG;Millennium;MAIN;64
9DA98636;1;GPH;GMAG;Gediktepe;MAIN;56
9DA98636;2;GPH;IP;Gediktepe;MAIN;56|57
9E5AAC6D;2;GPH;AMAG;Mt. Hinton Vein System;MAIN;57
9E5AAC6D;3;GPH;VLF;Mt. Hinton Vein System;MAIN;45
9EC0EC00;1;GPH;IP;Abu Marawat;MAIN;40|42
9EC0EC00;2;GPH;GMAG;Abu Marawat;MAIN;40
9E8E97E4;2;GPH;AMAG;Guanaco;MAIN;152
9E8E97E4;3;GPH;RAD;Guanaco;MAIN;152
9E8E97E4;4;GPH;RES;Guanaco;MAIN;152
9E8E97E4;5;GPH;EM;Guanaco;MAIN;152
9E8E97E4;7;GPH;GMAG;Guanaco;MAIN;155
9E8E97E4;8;GPH;IP;Guanaco;MAIN;155|158
9E8E97E4;9;GPH;MT;Guanaco;MAIN;155|158
9E8E97E4;12;GPH;VLF;Guanaco;MAIN;158
9E8BCA09;1;GPH;MT;Goldstorm;MAIN;73
9E8BCA09;3;GPH;AMAG;Goldstorm;MAIN;74
9E8BCA09;4;GPH;VLF;Goldstorm;MAIN;74
9EC2F63B;1;GPH;AMAG;Pine Tree - Josephine;MAIN;66|67
9F02121D;1;GPH;EM;Eastmain Gold Deposit;MAIN;54
9F02121D;2;GPH;AMAG;Eastmain Gold Deposit;MAIN;54
9F40FA31;1;GPH;GMAG;Corcoesto;MAIN;52
9F928982;1;GPH;EM;Enterprise;MAIN;94
9F928982;2;GPH;AMAG;Enterprise;MAIN;94
9FB6DEBF;2;GPH;IP;Kidney Pond;MAIN;76|77|80|82
9FB6DEBF;3;GPH;GMAG;Kidney Pond;MAIN;76|77|78|80|81
9FCABAA5;1;GPH;AMAG;AurMac;MAIN;91|95
9FCABAA5;2;GPH;RAD;AurMac;MAIN;91|95
9FCABAA5;3;GPH;EM;AurMac;MAIN;80
9FCABAA5;4;GPH;VLF;AurMac;MAIN;9
A07C0673;1;GPH;GMAG;Cerro Moro;MAIN;64
A07C0673;2;GPH;AMAG;Cerro Moro;MAIN;64
A07C0673;3;GPH;RAD;Cerro Moro;MAIN;64
A07C0673;4;GPH;IP;Cerro Moro;MAIN;65
A07C0673;5;GPH;MT;Cerro Moro;MAIN;60|66
A0C44F24;1;GPH;GMAG;Winston Project;MAIN;67|71
A0D4212A;1;GPH;IP;Caspiche Porphyry;MAIN;128|129|131|132|133
A0D4212A;2;GPH;MT;Caspiche Porphyry;MAIN;129|131|132
A0D4212A;3;GPH;RAD;Caspiche Porphyry;MAIN;130|132
A0D4212A;4;GPH;AMAG;Caspiche Porphyry;MAIN;130|131|132|133
A0D4212A;5;GPH;VLF;Caspiche Porphyry;MAIN;131
A109621A;1;GPH;EM;Akasaba;MAIN;27|37
A109621A;2;GPH;GMAG;Akasaba;MAIN;27|39
A109621A;3;GPH;IP;Akasaba;MAIN;27|37|39|41
A109621A;4;GPH;UNS;Akasaba;MAIN;37
A109621A;5;GPH;RES;Akasaba;MAIN;41
A1609955;1;GPH;EM;Grey Eagle;MAIN;68
A1609955;2;GPH;AMAG;Grey Eagle;MAIN;68
A1609955;3;GPH;MT;Grey Eagle;MAIN;68
A12CD771;1;GPH;IP;Kalum Property;MAIN;38
A1646878;1;GPH;AMAG;Troilus;MAIN;41
A1DFEC6E;1;GPH;AMAG;Whistler Deposit;MAIN;70|71
A1DFEC6E;2;GPH;RAD;Whistler Deposit;MAIN;70
A1DFEC6E;3;GPH;IP;Whistler Deposit;MAIN;70|71|72
A1A34919;1;GPH;AMAG;Friday Zone;MAIN;45|50
A1A34919;2;GPH;EM;Friday Zone;MAIN;45|50
A1A34919;3;GPH;GMAG;Friday Zone;MAIN;45|50
A1A34919;4;GPH;IP;Friday Zone;MAIN;45
A2210302;1;GPH;AMAG;Snip;MAIN;63
A229D1DC;1;GPH;UNS;Kebigada;MAIN;107
A2442CEA;3;GPH;RES;Blackwater;MAIN;104
A2442CEA;4;GPH;IP;Blackwater;MAIN;104
A2442CEA;5;GPH;SWIR;Blackwater;MAIN;105
A256C18B;1;GPH;AMAG;WKP Project;MAIN;17|41
A256C18B;2;GPH;MT;WKP Project;MAIN;17|24|25|43
A256C18B;3;GPH;RES;WKP Project;MAIN;17
A256C18B;4;GPH;EM;WKP Project;MAIN;38
A256C18B;5;GPH;GRV;WKP Project;MAIN;46
A261FE50;1;GPH;EM;Up Town Gold;MAIN;19
A261FE50;2;GPH;VLF;Up Town Gold;MAIN;19
A35E9957;1;GPH;EM;Main Zone;MAIN;35|41
A35E9957;2;GPH;IP;Main Zone;MAIN;35
A35E9957;3;GPH;AMAG;Main Zone;MAIN;35
A394643D;1;GPH;AMAG;X1 Deposit;MAIN;78|79|80|100
A394643D;2;GPH;EM;X1 Deposit;MAIN;100
A394643D;3;GPH;IP;X1 Deposit;MAIN;100|101
A394643D;4;GPH;RAD;X1 Deposit;MAIN;100
A3B0117A;1;GPH;GMAG;Trojan Block;MAIN;35|45
A3B0117A;2;GPH;VLF;Trojan Block;MAIN;35|45
A3B0117A;3;GPH;IP;Trojan Block;MAIN;35|45
A3B806A7;1;GPH;UNS;Lagunas Norte;MAIN;66
A3B806A7;2;GPH;SWIR;Lagunas Norte;MAIN;66
A39C5FD2;1;GPH;AMAG;Rimrock;MAIN;73|75
A39C5FD2;2;GPH;GRV;Rimrock;MAIN;73|76
A39C5FD2;3;GPH;GMAG;Rimrock;MAIN;73|78
A39C5FD2;4;GPH;MT;Rimrock;MAIN;73|80|83
A3D27F2D;1;GPH;AMAG;Arrow Zone;MAIN;48
A3D27F2D;2;GPH;EM;Arrow Zone;MAIN;48
A3D27F2D;4;GPH;IP;Arrow Zone;MAIN;48
A3D27F2D;5;GPH;MT;Arrow Zone;MAIN;48
A3D27F2D;6;GPH;GMAG;Arrow Zone;MAIN;48
A3E7B696;1;GPH;GPR;Pershing-Manitou;MAIN;66
A42132DF;1;GPH;AMAG;Portageur;MAIN;9
A42132DF;2;GPH;IP;Portageur;MAIN;9
A3F8326C;1;GPH;RAD;Tan Chaffao Ouest;MAIN;20
A3F8326C;2;GPH;GRV;Tan Chaffao Ouest;MAIN;20|31|32|33|34|35|43
A3F8326C;3;GPH;GMAG;Tan Chaffao Ouest;MAIN;20|31|33|34|35|43|44
A3F8326C;4;GPH;IP;Tan Chaffao Ouest;MAIN;20
A3F8326C;5;GPH;EM;Tan Chaffao Ouest;MAIN;20
A3F8326C;6;GPH;SP;Tan Chaffao Ouest;MAIN;33|43
A47DA0A3;1;GPH;GMAG;San Martin;MAIN;26
A47DA0A3;2;GPH;IP;San Martin;MAIN;26
A47DA0A3;3;GPH;RES;San Martin;MAIN;26
A4588369;6;GPH;AMAG;Gramalote Ridge;MAIN;75|76
A4588369;7;GPH;RAD;Gramalote Ridge;MAIN;76
A4588369;8;GPH;GMAG;Gramalote Ridge;MAIN;60|76
A4BCF038;1;GPH;SES;Beta Hunt Gold Deposits;MAIN;75
A4BCF038;2;GPH;EM;Beta Hunt Gold Deposits;MAIN;71|78
A47E6B0C;1;GPH;IP;Balabag;MAIN;94|107|108
A4E81B5B;1;GPH;IP;Camino Rojo;MAIN;89
A4E81B5B;2;GPH;GRV;Camino Rojo;MAIN;91
A54F5C7E;1;GPH;AMAG;La Paila;MAIN;52
A54F5C7E;2;GPH;RAD;La Paila;MAIN;52
A54F5C7E;3;GPH;IP;La Paila;MAIN;52|53|54
A54F5C7E;5;GPH;SWIR;La Paila;MAIN;54
A5DD9BE2;1;GPH;VLF;Siwash North Zone;MAIN;60
A64BAD14;1;GPH;GMAG;Wildcat Project;MAIN;58
A64BAD14;2;GPH;VLF;Wildcat Project;MAIN;58
A64BAD14;3;GPH;IP;Wildcat Project;MAIN;58
A64BAD14;4;GPH;RES;Wildcat Project;MAIN;58
A5829B76;1;GPH;AMAG;El Castillo;MAIN;84
A6702E62;1;GPH;UNS;Golden Gate Hill;MAIN;53|59
A6B57B4F;4;GPH;AMAG;Romero;MAIN;68|70
A6B57B4F;5;GPH;RAD;Romero;MAIN;68
A6B57B4F;6;GPH;IP;Romero;MAIN;68|69|72
A6B57B4F;7;GPH;GMAG;Romero;MAIN;69
A6B57B4F;8;GPH;EM;Romero;MAIN;70
A653F562;1;GPH;IP;Adelaide-Crown Vein System;MAIN;73
A653F562;2;GPH;SP;Adelaide-Crown Vein System;MAIN;73
A653F562;3;GPH;GMAG;Adelaide-Crown Vein System;MAIN;73
A653F562;4;GPH;EM;Adelaide-Crown Vein System;MAIN;73
A653F562;5;GPH;AMAG;Adelaide-Crown Vein System;MAIN;73
A653F562;6;GPH;RAD;Adelaide-Crown Vein System;MAIN;73
A6A6B7B5;1;GPH;GMAG;Bayan Khundii;MAIN;53
A6A6B7B5;2;GPH;IP;Bayan Khundii;MAIN;55
A6E710D3;1;GPH;AMAG;Dixie Gold Project;MAIN;61|65|74
A6FE5B24;1;GPH;UNS;Voskedzor;MAIN;59
A6FE5B24;2;GPH;AMAG;Voskedzor;MAIN;96
A6FE5B24;3;GPH;GRV;Voskedzor;MAIN;96
A6FE5B24;7;GPH;IP;Voskedzor;MAIN;168
A6FE5B24;8;GPH;GMAG;Voskedzor;MAIN;168
A6FE5B24;9;GPH;RAD;Voskedzor;MAIN;168
A7348C1D;1;GPH;GMAG;Quartz Mountain Project;MAIN;30
A6CBE6AE;4;GPH;AMAG;Kerr-Addison;MAIN;86
A6CBE6AE;5;GPH;EM;Kerr-Addison;MAIN;88|89
A77095D4;1;GPH;GMAG;Carachapampa;MAIN;45|48|49
A77095D4;2;GPH;IP;Carachapampa;MAIN;45|48|50
A77D109C;1;GPH;IP;San Agustin;MAIN;56|57
A783E0D5;1;GPH;MT;Chelopech;MAIN;57
A783E0D5;2;GPH;RES;Chelopech;MAIN;57
A783E0D5;3;GPH;IP;Chelopech;MAIN;57
A783E0D5;4;GPH;GMAG;Chelopech;MAIN;57|58
A783E0D5;5;GPH;GRV;Chelopech;MAIN;58
A783E0D5;6;GPH;SWIR;Chelopech;MAIN;50
A7D133F3;1;GPH;IP;Iron Lake Deformation Zone;MAIN;35|43|46
A7D133F3;2;GPH;GMAG;Iron Lake Deformation Zone;MAIN;43|46
A7D133F3;3;GPH;EM;Iron Lake Deformation Zone;MAIN;50
A7D133F3;4;GPH;AMAG;Iron Lake Deformation Zone;MAIN;50
A7E535AC;1;GPH;AMAG;Wasamac deposit;MAIN;116
A83A8580;2;GPH;GMAG;Primavera;MAIN;51
A83A8580;3;GPH;AMAG;Primavera;MAIN;53
A83A8580;4;GPH;RAD;Primavera;MAIN;53
A83A8580;5;GPH;IP;Primavera;MAIN;56
A83B7DFF;2;GPH;IP;DeLamar;MAIN;58
A85D4789;1;GPH;UNS;Cove;MAIN;56
A85D4789;2;GPH;GRV;Cove;MAIN;59
A926ADC2;1;GPH;GMAG;Lajitas;MAIN;24|25
A926ADC2;2;GPH;IP;Lajitas;MAIN;25
A926ADC2;3;GPH;SWIR;Lajitas;MAIN;25|27
A8F8F5C2;1;GPH;AMAG;Windfall Lake;MAIN;37|44
A8F8F5C2;2;GPH;EM;Windfall Lake;MAIN;37|43
A8F8F5C2;3;GPH;IP;Windfall Lake;MAIN;37|43|44
A8F2320F;1;GPH;GMAG;Blackwater;MAIN;18|29
A8F2320F;2;GPH;EM;Blackwater;MAIN;18
A8F2320F;3;GPH;AMAG;Blackwater;MAIN;18
A8F2320F;4;GPH;SES;Blackwater;MAIN;18
A8F2320F;5;GPH;VLF;Blackwater;MAIN;18
A8F2320F;6;GPH;IP;Blackwater;MAIN;18|29
A93AD1DB;1;GPH;IP;Kavursuki;MAIN;29
A95A5CB5;1;GPH;GMAG;Altan Nar;MAIN;12|33
A95A5CB5;2;GPH;IP;Altan Nar;MAIN;12|20|33|36|43
A941E622;1;GPH;MT;El Creston;MAIN;96|97
A941E622;2;GPH;IP;El Creston;MAIN;97|98
A941BEA4;1;GPH;AMAG;Troilus;MAIN;112|119
A941BEA4;2;GPH;IP;Troilus;MAIN;120
A96653E8;1;GPH;AMAG;Chibougamau property;MAIN;41
A96653E8;2;GPH;EM;Chibougamau property;MAIN;41
A9B1916A;1;GPH;AMAG;Frasergold;MAIN;32|33
A9B1916A;2;GPH;EM;Frasergold;MAIN;32|33
A9B1916A;3;GPH;RAD;Frasergold;MAIN;32|33
A9A023C3;3;GPH;AMAG;Romero;MAIN;56
A9A023C3;4;GPH;RAD;Romero;MAIN;56
A9A023C3;5;GPH;IP;Romero;MAIN;56|57
A9A023C3;6;GPH;GMAG;Romero;MAIN;57
A9CE3849;1;GPH;IP;Curraghinalt;MAIN;52
A9CE3849;2;GPH;GMAG;Curraghinalt;MAIN;52
A9CE3849;3;GPH;VLF;Curraghinalt;MAIN;52
A9CE3849;4;GPH;RES;Curraghinalt;MAIN;52
A9CE3849;5;GPH;EM;Curraghinalt;MAIN;57
A9CE3849;6;GPH;AMAG;Curraghinalt;MAIN;57
A9D2CE67;1;GPH;EM;Mineral Ridge;MAIN;78
A9DD6B60;4;GPH;IP;Cerros Taguas;MAIN;80|81
A9DD6B60;5;GPH;AMAG;Cerros Taguas;MAIN;81
A9DD6B60;6;GPH;RAD;Cerros Taguas;MAIN;81
A9E641B1;1;GPH;GMAG;Lemhi Gold Deposit;MAIN;123|130
A9E641B1;2;GPH;IP;Lemhi Gold Deposit;MAIN;123|134
AA7DCD69;1;GPH;AMAG;Gramalote Central;MAIN;37
AA7DCD69;2;GPH;GMAG;Gramalote Central;MAIN;37|39
AA8AC2F2;1;GPH;IP;Doña Amelia zone;MAIN;47
AA95963E;1;GPH;GMAG;Ireland mine;MAIN;11|38|40
AA95963E;2;GPH;GRV;Ireland mine;MAIN;11|38|40
AB377A0D;1;GPH;GMAG;Shasta;MAIN;93|101
AB377A0D;2;GPH;VLF;Shasta;MAIN;101
AB377A0D;5;GPH;AMAG;Shasta;MAIN;70
AB377A0D;6;GPH;RAD;Shasta;MAIN;70
AB377A0D;7;GPH;EM;Shasta;MAIN;70
AB690899;1;GPH;AMAG;Chico;MAIN;23|24
AB690899;2;GPH;RAD;Chico;MAIN;23|24
AB98A6A3;1;GPH;SES;Beta Hunt Gold;MAIN;78
AB98A6A3;2;GPH;EM;Beta Hunt Gold;MAIN;75
ABAB5E2D;1;GPH;IP;Valeriano;MAIN;57
ABAB5E2D;2;GPH;GMAG;Valeriano;MAIN;57
ABAB5E2D;3;GPH;SWIR;Valeriano;MAIN;57
ABCDE1A4;1;GPH;GRV;Buckreef;MAIN;60|61
ABCDE1A4;2;GPH;IP;Buckreef;MAIN;59|60|61
ABCDE1A4;3;GPH;AMAG;Buckreef;MAIN;61
AC340459;1;GPH;UNS;Tulkubash;MAIN;64
AC340459;2;GPH;AMAG;Tulkubash;MAIN;64
AC340459;3;GPH;RAD;Tulkubash;MAIN;64
AC7C03DB;1;GPH;GMAG;Amizmiz;MAIN;21|47
AC7C03DB;2;GPH;IP;Amizmiz;MAIN;21|47
AC703F00;1;GPH;AMAG;Casa Sud;MAIN;50
AC703F00;2;GPH;VLF;Casa Sud;MAIN;50
AD10F204;1;GPH;MT;Hope Brook;MAIN;62
AD10F204;2;GPH;GMAG;Hope Brook;MAIN;62|63
AD10F204;3;GPH;IP;Hope Brook;MAIN;62|63
AD10F204;4;GPH;RES;Hope Brook;MAIN;63
AD10F204;5;GPH;UNS;Hope Brook;MAIN;65
AE4892CE;1;GPH;MT;Gooseberry vein;MAIN;38
AD883391;1;GPH;IP;Vetas Gold Project;MAIN;47
AE8AC701;1;GPH;GMAG;Mewet;MAIN;36|55
AF30B0B6;1;GPH;UNS;Cove;MAIN;56
AF30B0B6;2;GPH;GRV;Cove;MAIN;59
AF27B040;1;GPH;IP;Greenstone Mine;MAIN;118
AF8E0AFA;1;GPH;MT;Kerr;MAIN;153
AF8E0AFA;2;GPH;AMAG;Kerr;MAIN;168|171
AF9A19FF;1;GPH;GMAG;Rufina;MAIN;76
AF9A19FF;2;GPH;IP;Rufina;MAIN;76
AF4C0DA8;1;GPH;AMAG;Goliath Gold Deposit;MAIN;81|87
AF4C0DA8;2;GPH;IP;Goliath Gold Deposit;MAIN;81|90
AF4C0DA8;3;GPH;EM;Goliath Gold Deposit;MAIN;81|103
AFBFDB42;1;GPH;AMAG;Cerro del Gallo;MAIN;95
AFBFDB42;2;GPH;RAD;Cerro del Gallo;MAIN;95|96
AFBFDB42;3;GPH;IP;Cerro del Gallo;MAIN;95|96
AFBFDB42;4;GPH;RES;Cerro del Gallo;MAIN;96
AFBFDB42;5;GPH;MT;Cerro del Gallo;MAIN;96
AFBFDB42;6;GPH;GRV;Cerro del Gallo;MAIN;96
AFBFDB42;7;GPH;GMAG;Cerro del Gallo;MAIN;96
AFDDB310;1;GPH;IP;Santa Elena;MAIN;40
AFDDB310;2;GPH;RES;Santa Elena;MAIN;40
AFDDB310;3;GPH;GMAG;Santa Elena;MAIN;40
B117AD75;1;GPH;IP;Patwon;MAIN;63
B117AD75;2;GPH;GMAG;Patwon;MAIN;63
B117AD75;3;GPH;AMAG;Patwon;MAIN;64
B104ED4A;1;GPH;AMAG;Pimenton Mine;MAIN;40
B104ED4A;2;GPH;MT;Pimenton Mine;MAIN;40|47
B13C123B;1;GPH;UNS;TUG;MAIN;44
B1524BCD;1;GPH;GMAG;Dalbacka;MAIN;29
B1524BCD;2;GPH;AMAG;Dalbacka;MAIN;29
B179DDA8;1;GPH;UNS;Thundercloud;MAIN;28
B179DDA8;2;GPH;AMAG;Thundercloud;MAIN;28
B179DDA8;3;GPH;GMAG;Thundercloud;MAIN;28
B179DDA8;4;GPH;EM;Thundercloud;MAIN;28
B179DDA8;5;GPH;VLF;Thundercloud;MAIN;28
B179DDA8;6;GPH;IP;Thundercloud;MAIN;28
B1E7128A;1;GPH;AMAG;Kamila;MAIN;61
B1E7128A;2;GPH;RAD;Kamila;MAIN;61
B1E7128A;3;GPH;GMAG;Kamila;MAIN;62|64
B1E7128A;4;GPH;IP;Kamila;MAIN;62|64|68
B1E7E99A;1;GPH;UNS;Irokinda;MAIN;60
B1FE0BA6;1;GPH;GMAG;Wind Mountain;MAIN;41|44
B219B1FD;1;GPH;EM;Spanish Mountain Gold deposit;MAIN;133|134
B219B1FD;2;GPH;AMAG;Spanish Mountain Gold deposit;MAIN;133|134
B219B1FD;5;GPH;IP;Spanish Mountain Gold deposit;MAIN;137|138
B254C20C;1;GPH;AMAG;NX Gold Mine;MAIN;62
B254C20C;2;GPH;RAD;NX Gold Mine;MAIN;62
B23F2732;1;GPH;GMAG;Botija Abajo;MAIN;59
B233B565;1;GPH;GMAG;Arista Mine;MAIN;68
B233B565;2;GPH;IP;Arista Mine;MAIN;68
B233B565;3;GPH;MT;Arista Mine;MAIN;68
B233B565;4;GPH;AMAG;Arista Mine;MAIN;68
B233B565;5;GPH;RAD;Arista Mine;MAIN;68
B2364670;1;GPH;AMAG;Telfer;MAIN;53
B2612B46;1;GPH;EM;Cosmo;MAIN;136
B2612B46;2;GPH;AMAG;Cosmo;MAIN;139
B2612B46;3;GPH;RAD;Cosmo;MAIN;140
B2C6ED58;1;GPH;EM;Troilus North;MAIN;37
B2C6ED58;2;GPH;UNS;Troilus North;MAIN;37
B2C6ED58;3;GPH;GMAG;Troilus North;MAIN;37
B2C6ED58;4;GPH;VLF;Troilus North;MAIN;37
B2C6ED58;5;GPH;RAD;Troilus North;MAIN;37
B2C6ED58;6;GPH;AMAG;Troilus North;MAIN;44|45
B273B28E;1;GPH;IP;Homestake Ridge deposit;MAIN;60|61
B273B28E;2;GPH;EM;Homestake Ridge deposit;MAIN;60|62
B273B28E;3;GPH;AMAG;Homestake Ridge deposit;MAIN;62
B273B28E;4;GPH;MT;Homestake Ridge deposit;MAIN;62
B2D8FC56;1;GPH;EM;SLG Property;MAIN;49|51|53
B2D8FC56;2;GPH;AMAG;SLG Property;MAIN;50|53
B3054D0E;1;GPH;AMAG;Brewery Creek;MAIN;45|46
B3054D0E;2;GPH;IP;Brewery Creek;MAIN;45|46|47
B306A327;1;GPH;GMAG;Augusta and Cuffley;MAIN;73
B306A327;2;GPH;GRV;Augusta and Cuffley;MAIN;73
B306A327;3;GPH;IP;Augusta and Cuffley;MAIN;73
B306A327;4;GPH;AMAG;Augusta and Cuffley;MAIN;74
B306A327;5;GPH;RAD;Augusta and Cuffley;MAIN;74
B36FD5C9;1;GPH;AMAG;Palito Mine;MAIN;54|55|58
B36FD5C9;2;GPH;RAD;Palito Mine;MAIN;58
B36FD5C9;3;GPH;GMAG;Palito Mine;MAIN;55|59
B36FD5C9;4;GPH;IP;Palito Mine;MAIN;55|59|60
B36FD5C9;5;GPH;EM;Palito Mine;MAIN;55|59|60
B37711AE;1;GPH;GRV;Pinion;MAIN;80
B37711AE;2;GPH;MT;Pinion;MAIN;80
B37711AE;3;GPH;AMAG;Pinion;MAIN;82
B37711AE;4;GPH;SES;Pinion;MAIN;82
B3973DCF;2;GPH;IP;Jupiter;MAIN;63|72|73
B3F1E365;1;GPH;AMAG;Troilus North Property;MAIN;43
B3F1E365;2;GPH;EM;Troilus North Property;MAIN;43|51
B3F7D5C4;1;GPH;AMAG;Didipio;MAIN;66|68
B3F7D5C4;2;GPH;RAD;Didipio;MAIN;66
B3F7D5C4;3;GPH;GMAG;Didipio;MAIN;66|68
B3F7D5C4;4;GPH;IP;Didipio;MAIN;66|68
B3F7D5C4;5;GPH;MT;Didipio;MAIN;66|68
B41110B5;1;GPH;AMAG;Cheechoo;MAIN;79
B41A1F63;1;GPH;IP;Tepal;MAIN;30
B420802E;1;GPH;AMAG;Eau Claire;MAIN;33
B420802E;2;GPH;IP;Eau Claire;MAIN;41
B45BBD54;1;GPH;UNS;Kebigada;MAIN;107
B486BE70;2;GPH;GMAG;Gramalote;MAIN;30
B486BE70;3;GPH;AMAG;Gramalote;MAIN;29
B45D0B70;1;GPH;IP;Taunus;MAIN;48|57
B45D0B70;2;GPH;GMAG;Taunus;MAIN;57
B4A22110;1;GPH;AMAG;Troilus;MAIN;38
B4E4CF0D;1;GPH;IP;Andacollo Gold Mine;MAIN;85
B5451A8D;1;GPH;IP;Main Zone;MAIN;39
B5451A8D;2;GPH;GMAG;Main Zone;MAIN;39
B50C2E0C;1;GPH;AMAG;El Limón-Guajes;MAIN;107|108
B50C2E0C;2;GPH;EM;El Limón-Guajes;MAIN;107|108
B50C2E0C;3;GPH;IP;El Limón-Guajes;MAIN;108
B51EDFE3;1;GPH;MT;Condor Breccia Complex;MAIN;67
B51EDFE3;2;GPH;IP;Condor Breccia Complex;MAIN;67
B51EDFE3;3;GPH;GMAG;Condor Breccia Complex;MAIN;67
B559C09F;1;GPH;GMAG;Bayan Khundii;MAIN;86|88
B559C09F;2;GPH;IP;Bayan Khundii;MAIN;80|88
B559C09F;3;GPH;GRV;Bayan Khundii;MAIN;86
B58442F0;1;GPH;AMAG;Shahuindo;MAIN;95
B58442F0;2;GPH;IP;Shahuindo;MAIN;95
B64BCB54;2;GPH;GMAG;Kupol;MAIN;54
B64BCB54;3;GPH;RES;Kupol;MAIN;54
B64BCB54;4;GPH;AMAG;Kupol;MAIN;54
B613186A;1;GPH;AMAG;Minas Lucho;MAIN;21
B657B5BA;1;GPH;IP;San Agustín;MAIN;44
B657B5BA;2;GPH;RES;San Agustín;MAIN;44
B657B5BA;3;GPH;MT;San Agustín;MAIN;44
B657B5BA;4;GPH;GRV;San Agustín;MAIN;44
B657B5BA;5;GPH;GMAG;San Agustín;MAIN;44
B657B5BA;6;GPH;RAD;San Agustín;MAIN;44
B6778988;1;GPH;IP;Goldstrike;MAIN;83|84|85|86|87
B6F3520D;1;GPH;IP;Croinor;MAIN;93
B6F3520D;2;GPH;AMAG;Croinor;MAIN;98
B74650D6;1;GPH;IP;Box Mine;MAIN;72
B74650D6;2;GPH;RES;Box Mine;MAIN;72
B7534171;1;GPH;MT;Condor North;MAIN;99
B7534171;2;GPH;IP;Condor North;MAIN;99
B7534171;3;GPH;GMAG;Condor North;MAIN;99
B7534171;4;GPH;EM;Condor North;MAIN;99|101
B78EA851;1;GPH;AMAG;Fox South;MAIN;61
B7B94B02;1;GPH;AMAG;147 Zone;MAIN;55
B7B94B02;2;GPH;IP;147 Zone;MAIN;55
B832D195;1;GPH;MT;Copper Belle;MAIN;27
B85D7A96;1;GPH;IP;Main Zone;MAIN;54
B85D7A96;2;GPH;GMAG;Main Zone;MAIN;54
B85D7A96;3;GPH;VLF;Main Zone;MAIN;54
B85D7A96;4;GPH;EM;Main Zone;MAIN;54|57
B85D7A96;5;GPH;AMAG;Main Zone;MAIN;54
B85D7A96;6;GPH;RAD;Main Zone;MAIN;54
B7D70156;1;GPH;AMAG;MacLellan;MAIN;80
B7D70156;2;GPH;EM;MacLellan;MAIN;80
B7D70156;3;GPH;IP;MacLellan;MAIN;81
B85DA293;1;GPH;AMAG;Central;MAIN;98|101|144
B85DA293;2;GPH;GMAG;Central;MAIN;144
B85DA293;3;GPH;IP;Central;MAIN;134|144
B869E2C5;1;GPH;GMAG;White-Karry showing;MAIN;44|45
B869E2C5;2;GPH;IP;White-Karry showing;MAIN;44|45
B8D71FED;1;GPH;GRV;Redline deposits;MAIN;82
B8D71FED;2;GPH;IP;Redline deposits;MAIN;82
B8D71FED;3;GPH;GMAG;Redline deposits;MAIN;82
B8D71FED;4;GPH;AMAG;Redline deposits;MAIN;82
B8D71FED;5;GPH;MT;Redline deposits;MAIN;82
B907C37D;1;GPH;AMAG;Cerro Caliche Project;MAIN;66
B94E9336;1;GPH;AMAG;Goldstorm Project;MAIN;41
B94E9336;2;GPH;EM;Goldstorm Project;MAIN;41
B962BD17;1;GPH;AMAG;Columbia;MAIN;52
B962BD17;2;GPH;RAD;Columbia;MAIN;52
B962BD17;3;GPH;EM;Columbia;MAIN;52
B962BD17;4;GPH;GMAG;Columbia;MAIN;52
B96C1191;1;GPH;AMAG;La Garrucha;MAIN;74
B96C1191;2;GPH;EM;La Garrucha;MAIN;74
B96C1191;3;GPH;GMAG;La Garrucha;MAIN;74|75
B96C1191;4;GPH;RAD;La Garrucha;MAIN;75
B96C1191;5;GPH;IP;La Garrucha;MAIN;75
B970C150;1;GPH;GMAG;Cerro Vetas;MAIN;64
B970C150;2;GPH;IP;Cerro Vetas;MAIN;64
B970C150;3;GPH;RES;Cerro Vetas;MAIN;64
B970C150;4;GPH;MT;Cerro Vetas;MAIN;64
B970C150;5;GPH;AMAG;Cerro Vetas;MAIN;64
B970C150;6;GPH;RAD;Cerro Vetas;MAIN;64
B9BB7BBA;1;GPH;AMAG;Project 81;MAIN;22|23
BA35AAEA;1;GPH;IP;Whistler Deposit;MAIN;65|66|67
BA35AAEA;2;GPH;AMAG;Whistler Deposit;MAIN;65|66
BA35AAEA;3;GPH;RAD;Whistler Deposit;MAIN;65
BB321C82;1;GPH;GRV;North Bullion;MAIN;64|69
BB321C82;2;GPH;MT;North Bullion;MAIN;64|69
BB321C82;3;GPH;GMAG;North Bullion;MAIN;64
BAEA4600;1;GPH;EM;Silver Bell-St. Lawrence;MAIN;30
BAEA4600;2;GPH;RES;Silver Bell-St. Lawrence;MAIN;30
BAEA4600;3;GPH;AMAG;Silver Bell-St. Lawrence;MAIN;30
BAEA4600;4;GPH;VLF;Silver Bell-St. Lawrence;MAIN;30|31
BB057EC9;1;GPH;IP;Dunwell;MAIN;43|44|45|50|51
BB057EC9;2;GPH;AMAG;Dunwell;MAIN;46|47|50|51
BB518E30;1;GPH;GMAG;Powder Property;MAIN;39|43
BB518E30;2;GPH;VLF;Powder Property;MAIN;39|43
BB518E30;3;GPH;AMAG;Powder Property;MAIN;43
BB8A9BED;1;GPH;EM;El Padre vein;MAIN;17
BB8BA9AF;1;GPH;IP;Binebase-Bawone;MAIN;44|45
BB8BA9AF;2;GPH;GMAG;Binebase-Bawone;MAIN;44|45
BB8BA9AF;3;GPH;AMAG;Binebase-Bawone;MAIN;48
BBA420F7;1;GPH;AMAG;Lone Goat;MAIN;38|49
BBA420F7;2;GPH;IP;Lone Goat;MAIN;50|51|52|53|54|55|56|57|58
BBC5733C;1;GPH;IP;San Agustin;MAIN;53
BBC5733C;2;GPH;MT;San Agustin;MAIN;53
BBC5733C;3;GPH;GRV;San Agustin;MAIN;53
BBC5733C;4;GPH;GMAG;San Agustin;MAIN;53
BBC5733C;5;GPH;RAD;San Agustin;MAIN;53
BBD90106;1;GPH;AMAG;Palito Mine;MAIN;50|51|56
BBD90106;2;GPH;GMAG;Palito Mine;MAIN;51
BBD90106;3;GPH;EM;Palito Mine;MAIN;49|51|56
BBD90106;4;GPH;IP;Palito Mine;MAIN;49|51|57
BBD90106;5;GPH;RAD;Palito Mine;MAIN;56
BBBFB09F;1;GPH;MT;VOK Zone;MAIN;75
BC1B0931;1;GPH;GMAG;Santa Barbara;MAIN;52
BC1B0931;2;GPH;IP;Santa Barbara;MAIN;52
BC48B0C3;1;GPH;GMAG;Greywacke North;MAIN;22|31
BC48B0C3;2;GPH;EM;Greywacke North;MAIN;22
BC48B0C3;3;GPH;VLF;Greywacke North;MAIN;22
BC48B0C3;5;GPH;AMAG;Greywacke North;MAIN;32|33
BC6313F2;1;GPH;GRV;TUG;MAIN;42
BC6313F2;2;GPH;UNS;TUG;MAIN;42
BC6313F2;3;GPH;RAD;TUG;MAIN;42
BCC45643;1;GPH;IP;Bob Creek;MAIN;18|19
BCBE2B53;1;GPH;AMAG;Middle Zone;MAIN;52
BCBE2B53;2;GPH;GMAG;Middle Zone;MAIN;53
BCBE2B53;3;GPH;RAD;Middle Zone;MAIN;53
BCBE2B53;4;GPH;IP;Middle Zone;MAIN;53
BCC297E2;2;GPH;IP;Los Planes;MAIN;89
BCC297E2;3;GPH;MT;Los Planes;MAIN;89
BCF7B7FE;2;GPH;IP;Penedela;MAIN;41|42
BD355C6B;1;GPH;AMAG;Minera Florida;MAIN;58
BD355C6B;2;GPH;IP;Minera Florida;MAIN;58|59
BD355C6B;3;GPH;MT;Minera Florida;MAIN;58
BD773FE2;1;GPH;VLF;Silver Crown Deposit;MAIN;22|25
BD62D88E;1;GPH;IP;Tuvatu;MAIN;34
BDD210DD;1;GPH;IP;Peacock Area;MAIN;16|18
BDD210DD;2;GPH;EM;Peacock Area;MAIN;20
BDE82FF9;1;GPH;AMAG;Kalana deposit;MAIN;87|93
BDE82FF9;2;GPH;IP;Kalana deposit;MAIN;90|95
BDE82FF9;3;GPH;RAD;Kalana deposit;MAIN;93
BDEDC9F5;1;GPH;IP;Fenelon Gold System;MAIN;102
BDEDC9F5;2;GPH;AMAG;Fenelon Gold System;MAIN;103
BE64554F;1;GPH;IP;Good Hope Deposit;MAIN;97
BE6D3F21;1;GPH;IP;Dolphin gold deposit;MAIN;33
BE86DA06;1;GPH;EM;Windfall Lake Deposit;MAIN;70
BE86DA06;2;GPH;IP;Windfall Lake Deposit;MAIN;70|71
BE86DA06;3;GPH;AMAG;Windfall Lake Deposit;MAIN;55
BE86DA06;4;GPH;GMAG;Windfall Lake Deposit;MAIN;55
BEA57A9D;1;GPH;AMAG;Cameron Gold Deposit;MAIN;48
BEDC69DB;1;GPH;AMAG;Xavantina Operations;MAIN;71
BEDC69DB;2;GPH;RAD;Xavantina Operations;MAIN;71
BEDB2365;1;GPH;AMAG;Dryden Project;MAIN;70|71
BEDC763D;1;GPH;MT;Goldstorm Deposit;MAIN;65
BEDC763D;3;GPH;AMAG;Goldstorm Deposit;MAIN;66
BEDC763D;4;GPH;VLF;Goldstorm Deposit;MAIN;66
BF8141AE;1;GPH;UNS;Hasbrouck;MAIN;79
BF67C208;1;GPH;MT;Brucejack;MAIN;103
BFB466CE;1;GPH;AMAG;Herrick Deposit;MAIN;81|82
BFB466CE;2;GPH;EM;Herrick Deposit;MAIN;81
BFB466CE;4;GPH;VLF;Herrick Deposit;MAIN;82
BFB466CE;5;GPH;RAD;Herrick Deposit;MAIN;82
BFB466CE;6;GPH;IP;Herrick Deposit;MAIN;86
BFB466CE;7;GPH;GMAG;Herrick Deposit;MAIN;86
C0491225;1;GPH;GMAG;Homestake Zone;MAIN;14
C0491225;2;GPH;IP;Homestake Zone;MAIN;14|53
C0BDB661;1;GPH;AMAG;Pickle Crow;MAIN;89
C0BDB661;3;GPH;UNS;Pickle Crow;MAIN;85
C0BDB661;4;GPH;GMAG;Pickle Crow;MAIN;67
C0980E72;1;GPH;EM;East-side;MAIN;31
C0980E72;2;GPH;AMAG;East-side;MAIN;31
C0980E72;3;GPH;IP;East-side;MAIN;23|34
C0FFC32D;1;GPH;AMAG;Ikkari;MAIN;112|113
C0FFC32D;2;GPH;EM;Ikkari;MAIN;112
C0FFC32D;3;GPH;RAD;Ikkari;MAIN;112
C0FFC32D;4;GPH;GMAG;Ikkari;MAIN;113|114
C0FFC32D;5;GPH;GRV;Ikkari;MAIN;114
C0FFC32D;6;GPH;IP;Ikkari;MAIN;114
C142F545;1;GPH;EM;Scadding Deposit;MAIN;36
C142F545;2;GPH;RAD;Scadding Deposit;MAIN;48
C10EF0EE;1;GPH;EM;Three Bluffs;MAIN;18|47
C10EF0EE;2;GPH;AMAG;Three Bluffs;MAIN;18|47
C10EF0EE;3;GPH;UNS;Three Bluffs;MAIN;18|48
C10EF0EE;4;GPH;IP;Three Bluffs;MAIN;52
C10EF0EE;5;GPH;GMAG;Three Bluffs;MAIN;55
C1FA381C;1;GPH;GMAG;Klein Letaba-Frankie;MAIN;59
C1FA381C;2;GPH;IP;Klein Letaba-Frankie;MAIN;59
C1FA381C;3;GPH;EM;Klein Letaba-Frankie;MAIN;59
C1FA381C;4;GPH;VLF;Klein Letaba-Frankie;MAIN;59
C1FA84F8;1;GPH;GMAG;Main Shaft Zone;MAIN;20
C1FA84F8;2;GPH;VLF;Main Shaft Zone;MAIN;20
C1FA84F8;3;GPH;EM;Main Shaft Zone;MAIN;20
C1FD067F;1;GPH;AMAG;Arrow Zone;MAIN;48|51
C1FD067F;3;GPH;EM;Arrow Zone;MAIN;48
C1FD067F;5;GPH;IP;Arrow Zone;MAIN;48
C1FD067F;6;GPH;MT;Arrow Zone;MAIN;48
C1FD067F;7;GPH;GMAG;Arrow Zone;MAIN;48
C21334CD;1;GPH;AMAG;Makapela;MAIN;28
C21334CD;2;GPH;RAD;Makapela;MAIN;28
C26F1F8C;1;GPH;GMAG;Goldfield Bonanza Project;MAIN;39
C26F1F8C;2;GPH;SES;Goldfield Bonanza Project;MAIN;39
C26F1F8C;3;GPH;MT;Goldfield Bonanza Project;MAIN;39
C28E9B1D;1;GPH;AMAG;Sandman;MAIN;35|36
C28E9B1D;2;GPH;IP;Sandman;MAIN;47|48
C28E9B1D;3;GPH;MT;Sandman;MAIN;47|50
C28E9B1D;4;GPH;GRV;Sandman;MAIN;47|48|52
C28E9B1D;5;GPH;EM;Sandman;MAIN;48
C28E9B1D;6;GPH;SWIR;Sandman;MAIN;48
C27AA117;1;GPH;AMAG;Cadia East;MAIN;116
C27AA117;2;GPH;RAD;Cadia East;MAIN;116
C27AA117;3;GPH;UNS;Cadia East;MAIN;116
C27AA117;4;GPH;GMAG;Cadia East;MAIN;116
C27AA117;5;GPH;IP;Cadia East;MAIN;117
C27AA117;6;GPH;MT;Cadia East;MAIN;117
C27AA117;7;GPH;GRV;Cadia East;MAIN;117
C27AA117;9;GPH;SWIR;Cadia East;MAIN;118
C2B1DC13;1;GPH;GMAG;Guayabito;MAIN;24
C2B1DC13;2;GPH;IP;Guayabito;MAIN;24
C2D4ED71;1;GPH;EM;Premier;MAIN;63
C2D4ED71;2;GPH;AMAG;Premier;MAIN;63
C2D4ED71;3;GPH;RAD;Premier;MAIN;63
C2D4ED71;4;GPH;IP;Premier;MAIN;63
C34553CE;1;GPH;AMAG;Mejia Mines;MAIN;36
C34553CE;2;GPH;RAD;Mejia Mines;MAIN;36
C3231DCD;1;GPH;EM;Eastern Gold Zone;MAIN;128|129|130|131|133|137
C3231DCD;2;GPH;AMAG;Eastern Gold Zone;MAIN;128|130|131|141
C3231DCD;3;GPH;GMAG;Eastern Gold Zone;MAIN;128|130
C3671CC7;2;GPH;GMAG;Corihuarmi;MAIN;45
C3671CC7;3;GPH;IP;Corihuarmi;MAIN;45
C3671CC7;4;GPH;MT;Corihuarmi;MAIN;45|48
C3671CC7;5;GPH;SWIR;Corihuarmi;MAIN;45
C3E5ABA8;1;GPH;RAD;El Rubi;MAIN;46
C3E5ABA8;2;GPH;AMAG;El Rubi;MAIN;46
C3C798A6;1;GPH;AMAG;New Liberty;MAIN;47
C3C798A6;2;GPH;RAD;New Liberty;MAIN;47
C3C798A6;4;GPH;GMAG;New Liberty;MAIN;51
C3C798A6;5;GPH;IP;New Liberty;MAIN;51
C43E564A;1;GPH;AMAG;Rainy River deposit;MAIN;92|94
C43E564A;2;GPH;SWIR;Rainy River deposit;MAIN;92|93|94
C43E564A;3;GPH;UNS;Rainy River deposit;MAIN;77
C45EE42C;1;GPH;EM;Lomero Poyatos;MAIN;74
C45EE42C;2;GPH;AMAG;Lomero Poyatos;MAIN;74
C45EE42C;3;GPH;GRV;Lomero Poyatos;MAIN;74
C45EE42C;4;GPH;WLOG;Lomero Poyatos;MAIN;64
C5029807;1;GPH;AMAG;Windfall;MAIN;106|120|121
C5029807;2;GPH;EM;Windfall;MAIN;106|120|121
C5029807;3;GPH;IP;Windfall;MAIN;106|121|122
C5029807;4;GPH;WLOG;Windfall;MAIN;122
C54385C4;1;GPH;UNS;Rainy River;MAIN;61
C54385C4;2;GPH;SWIR;Rainy River;MAIN;85
C56428F7;1;GPH;EM;Pellaire Deposit;MAIN;66
C5513280;1;GPH;GMAG;Lindero Deposit;MAIN;85|88
C5513280;2;GPH;IP;Lindero Deposit;MAIN;85|88
C5843AA0;1;GPH;IP;Main Zone;MAIN;145
C5843AA0;2;GPH;EM;Main Zone;MAIN;145
C5843AA0;3;GPH;GRV;Main Zone;MAIN;157
C5B4D9BC;1;GPH;MT;Long Valley;MAIN;54
C5B4D9BC;2;GPH;IP;Long Valley;MAIN;55
C5B4D9BC;3;GPH;GMAG;Long Valley;MAIN;55
C5D711B5;1;GPH;IP;Moss Lake Deposit;MAIN;99
C69825E3;1;GPH;AMAG;ML01;MAIN;22|23
C6A01098;2;GPH;IP;El Compas;MAIN;59
C6A01098;3;GPH;GMAG;El Compas;MAIN;59
C6A01098;4;GPH;SWIR;El Compas;MAIN;59
C6B6E61E;1;GPH;AMAG;Masbate Gold Project;MAIN;49
C6B6E61E;2;GPH;RAD;Masbate Gold Project;MAIN;49
C6B6E61E;3;GPH;IP;Masbate Gold Project;MAIN;51
C6D95566;3;GPH;AMAG;Marmato;MAIN;54
C6D95566;4;GPH;RAD;Marmato;MAIN;54
C6D95566;5;GPH;GMAG;Marmato;MAIN;56
C6D95566;6;GPH;EM;Marmato;MAIN;56
C6D95566;7;GPH;RES;Marmato;MAIN;56
C6D95566;8;GPH;VLF;Marmato;MAIN;56
C71A559C;1;GPH;IP;Manto Dorado;MAIN;31|34|54|65
C71A559C;2;GPH;RES;Manto Dorado;MAIN;31|34
C71A559C;3;GPH;GMAG;Manto Dorado;MAIN;34|54|65
C73DDE4B;1;GPH;GMAG;Daylight Zone;MAIN;55|57|59
C74E1ED6;1;GPH;SWIR;Loma Larga;MAIN;73
C7455BC5;3;GPH;IP;San Andrés;MAIN;55
C7455BC5;4;GPH;GMAG;San Andrés;MAIN;55
C76965F4;1;GPH;AMAG;Ana Paula;MAIN;88|90
C76965F4;2;GPH;RAD;Ana Paula;MAIN;90
C76965F4;3;GPH;IP;Ana Paula;MAIN;90
C76965F4;4;GPH;EM;Ana Paula;MAIN;88|90
C76965F4;7;GPH;SWIR;Ana Paula;MAIN;82|88
C77F4C93;1;GPH;VLF;Golden Crown vein system;MAIN;42
C77F4C93;2;GPH;EM;Golden Crown vein system;MAIN;47|53
C775C2CD;1;GPH;AMAG;Boundary Zone;MAIN;94|107
C78C2587;2;GPH;AMAG;Doc Zone;MAIN;81
C78C2587;3;GPH;GMAG;Doc Zone;MAIN;92
C7BA46FD;1;GPH;VLF;El Zapote;MAIN;40
C7BA46FD;2;GPH;GMAG;El Zapote;MAIN;40
C7DBFC97;1;GPH;AMAG;Picitiri Shear;MAIN;40|55
C7DBFC97;2;GPH;RAD;Picitiri Shear;MAIN;40|55
C8077A57;1;GPH;IP;Kemess Main Zone;MAIN;95|96|98|102
C8077A57;2;GPH;AMAG;Kemess Main Zone;MAIN;95
C8077A57;3;GPH;EM;Kemess Main Zone;MAIN;102
C83C742E;1;GPH;AMAG;Olson;MAIN;29
C84B19BC;3;GPH;AMAG;Eskay Creek;MAIN;138
C84B19BC;4;GPH;IP;Eskay Creek;MAIN;138
C86C3D32;1;GPH;EM;Ore Chimney;MAIN;30
C86C3D32;2;GPH;SP;Ore Chimney;MAIN;30
C86C3D32;3;GPH;GMAG;Ore Chimney;MAIN;30
C8CDB369;1;GPH;AMAG;Chibougamau property;MAIN;41
C8CDB369;2;GPH;EM;Chibougamau property;MAIN;41
C8D5E00B;1;GPH;AMAG;Yarumalito;MAIN;21
C90E7A8B;1;GPH;SWIR;Eastside;MAIN;41
C92AC5AF;1;GPH;IP;Red Mountain;MAIN;50|51
C92AC5AF;2;GPH;EM;Red Mountain;MAIN;50|51
C92AC5AF;3;GPH;VLF;Red Mountain;MAIN;50
C92AC5AF;4;GPH;GMAG;Red Mountain;MAIN;50|51
C92AC5AF;5;GPH;AMAG;Red Mountain;MAIN;51
C92AC5AF;7;GPH;RAD;Red Mountain;MAIN;51
C9AAD3D2;1;GPH;AMAG;Cangrejos;MAIN;73|74
C9AAD3D2;2;GPH;UNS;Cangrejos;MAIN;73
C9A196F3;1;GPH;GMAG;Deer Horn;MAIN;23
C9A196F3;2;GPH;IP;Deer Horn;MAIN;23
C9A196F3;3;GPH;EM;Deer Horn;MAIN;23
C9A196F3;5;GPH;AMAG;Deer Horn;MAIN;35
C9A196F3;6;GPH;RAD;Deer Horn;MAIN;35
C9ABD6DA;1;GPH;AMAG;Don Mario (UMZ/LMZ);MAIN;60|61
C9ABD6DA;2;GPH;IP;Don Mario (UMZ/LMZ);MAIN;60|61
C9ABD6DA;3;GPH;GMAG;Don Mario (UMZ/LMZ);MAIN;60|61
C9B94656;1;GPH;RES;Easter Vein;MAIN;35
C9B94656;2;GPH;VLF;Easter Vein;MAIN;36
C9B94656;3;GPH;GMAG;Easter Vein;MAIN;36
C9B94656;4;GPH;IP;Easter Vein;MAIN;36
C9B36476;1;GPH;AMAG;Troilus;MAIN;81
C9C198D1;1;GPH;EM;Jumbo Trend;MAIN;90|92
C9C198D1;2;GPH;AMAG;Jumbo Trend;MAIN;90|92
C9C198D1;4;GPH;MT;Jumbo Trend;MAIN;54|92
C9F3601D;1;GPH;AMAG;Don Mario LMZ;MAIN;56|57
C9F3601D;2;GPH;IP;Don Mario LMZ;MAIN;56|57
C9F3601D;3;GPH;GMAG;Don Mario LMZ;MAIN;56|57
CABC2887;2;GPH;SWIR;Johnson Tract Deposit;MAIN;64
CABC2887;4;GPH;EM;Johnson Tract Deposit;MAIN;49|54|56
CABC2887;5;GPH;AMAG;Johnson Tract Deposit;MAIN;49|54|56
CA175812;1;GPH;MT;Kerr Zone;MAIN;121
CA175812;2;GPH;GMAG;Kerr Zone;MAIN;121
CA175812;3;GPH;IP;Kerr Zone;MAIN;121
CA175812;4;GPH;EM;Kerr Zone;MAIN;121|124
CA175812;5;GPH;GRV;Kerr Zone;MAIN;123
CA175812;6;GPH;AMAG;Kerr Zone;MAIN;123
CA175812;7;GPH;RAD;Kerr Zone;MAIN;123
CA3D4916;1;GPH;IP;San José de Gracia;MAIN;80
CA3D4916;2;GPH;MT;San José de Gracia;MAIN;80
CA3D4916;3;GPH;GMAG;San José de Gracia;MAIN;80
CACDCDB7;1;GPH;EM;Cliff Creek Zone;MAIN;162|178|179
CACDCDB7;2;GPH;RAD;Cliff Creek Zone;MAIN;178|179
CACDCDB7;3;GPH;AMAG;Cliff Creek Zone;MAIN;178|179
CACDCDB7;7;GPH;GMAG;Cliff Creek Zone;MAIN;162|180
CACDCDB7;8;GPH;VLF;Cliff Creek Zone;MAIN;162|180
CACDCDB7;9;GPH;IP;Cliff Creek Zone;MAIN;162|180|181
CACDCDB7;10;GPH;SWIR;Cliff Creek Zone;MAIN;162|189
CB378A23;1;GPH;GMAG;Pen Gold North;MAIN;29
CB378A23;2;GPH;VLF;Pen Gold North;MAIN;29
CAD7F126;1;GPH;IP;Chelopech;MAIN;64
CAD7F126;2;GPH;MT;Chelopech;MAIN;64|65
CAD7F126;3;GPH;GMAG;Chelopech;MAIN;65
CAD7F126;4;GPH;GRV;Chelopech;MAIN;65
CAD7F126;5;GPH;SWIR;Chelopech;MAIN;58
CB385D07;1;GPH;EM;Eskay Property VMS Prospects;MAIN;117
CB385D07;2;GPH;AMAG;Eskay Property VMS Prospects;MAIN;117
CB385D07;3;GPH;MT;Eskay Property VMS Prospects;MAIN;120
CB385D07;4;GPH;IP;Eskay Property VMS Prospects;MAIN;126
CB48C3B1;1;GPH;GMAG;Project X;MAIN;58
CB48C3B1;2;GPH;IP;Project X;MAIN;62
CB91F2E7;1;GPH;AMAG;Deer Horn vein system;MAIN;53
CB91F2E7;2;GPH;RAD;Deer Horn vein system;MAIN;53
CCAB06DD;1;GPH;IP;Joe Mann;MAIN;53
CCAB06DD;2;GPH;AMAG;Joe Mann;MAIN;53
CBFF6594;1;GPH;EM;Hartless Joe Project;MAIN;24|28
CBFF6594;2;GPH;AMAG;Hartless Joe Project;MAIN;24|28
CBFF6594;3;GPH;IP;Hartless Joe Project;MAIN;28
CBD6CB56;1;GPH;GRV;Poker Flats;MAIN;93|115|117|123
CBD6CB56;2;GPH;GMAG;Poker Flats;MAIN;93|115|121|123
CBD6CB56;3;GPH;MT;Poker Flats;MAIN;106|109|115|135
CBD6CB56;4;GPH;AMAG;Poker Flats;MAIN;53|121
CD02CC5E;1;GPH;MT;Blue Hill Creek;MAIN;47
CCC61168;2;GPH;AMAG;Zancudo;MAIN;70
CD05D9FC;1;GPH;EM;Tiger Deposit;MAIN;94|95|97
CD05D9FC;2;GPH;AMAG;Tiger Deposit;MAIN;94|95
CD05D9FC;4;GPH;IP;Tiger Deposit;MAIN;99
CD05D9FC;5;GPH;RES;Tiger Deposit;MAIN;99
CD05D9FC;6;GPH;GRV;Tiger Deposit;MAIN;94|99
CD4ED1B7;1;GPH;IP;New Mariners;MAIN;51
CD4D5409;1;GPH;AMAG;Sullivan;MAIN;43
CD8A40B0;1;GPH;GMAG;Augusta-Cuffley;MAIN;68
CD8A40B0;2;GPH;GRV;Augusta-Cuffley;MAIN;68
CD8A40B0;3;GPH;IP;Augusta-Cuffley;MAIN;68
CD8A40B0;4;GPH;AMAG;Augusta-Cuffley;MAIN;69
CD8A40B0;5;GPH;RAD;Augusta-Cuffley;MAIN;69
CDD34B63;1;GPH;AMAG;Big Easy;MAIN;55|71|72
CDD34B63;2;GPH;IP;Big Easy;MAIN;62|71|76
CDAE6D24;1;GPH;AMAG;Santa Fe Deposit;MAIN;68
CDF7AF89;1;GPH;AMAG;Lac Anctil zone;MAIN;39|46
CDF7AF89;2;GPH;EM;Lac Anctil zone;MAIN;39|46
CDA1A74B;1;GPH;AMAG;Cerro del Gallo;MAIN;29|38
CDFD618F;1;GPH;UNS;La Peña;MAIN;36
CE9CA852;1;GPH;AMAG;Monument Bay Au-W Deposit;MAIN;85|95
CE9CA852;2;GPH;UNS;Monument Bay Au-W Deposit;MAIN;92
CF05863B;1;GPH;AMAG;Cariboo Gold Project;MAIN;178
CF05863B;2;GPH;EM;Cariboo Gold Project;MAIN;178
CF59C0F9;1;GPH;GRV;Marigold;MAIN;84|86
CECC30D9;2;GPH;IP;DeLamar;MAIN;62
CF6E9BD6;2;GPH;IP;Kirazlı;MAIN;79
CF6E9BD6;3;GPH;GMAG;Kirazlı;MAIN;79|81
CF676A81;1;GPH;GRV;Rionegro Placer;MAIN;78
CF676A81;2;GPH;GMAG;Rionegro Placer;MAIN;78
CF676A81;3;GPH;RAD;Rionegro Placer;MAIN;79
CF9DFA84;1;GPH;IP;Golden Gap;MAIN;12|20|21|22|23|24|25
CFB8163F;1;GPH;GMAG;Arista;MAIN;78
CFB8163F;2;GPH;IP;Arista;MAIN;78
CFB8163F;3;GPH;MT;Arista;MAIN;78
CFB8163F;4;GPH;RES;Arista;MAIN;78
CFB8163F;5;GPH;AMAG;Arista;MAIN;78
CFB8163F;6;GPH;RAD;Arista;MAIN;78
CFC0E2AA;1;GPH;AMAG;Rat Pond;MAIN;17
CFC0E2AA;2;GPH;EM;Rat Pond;MAIN;17
D029FA98;1;GPH;IP;Vetas Gold Project;MAIN;48|49|54
D0BA1096;1;GPH;IP;Barje Deposit;MAIN;101
D1028EE3;1;GPH;GMAG;Palmilla;MAIN;37
D0F03422;1;GPH;AMAG;La Arena;MAIN;79
D18F9DBB;1;GPH;IP;Golden Zone Breccia Pipe;MAIN;123|124
D18F9DBB;2;GPH;AMAG;Golden Zone Breccia Pipe;MAIN;90
D1E94911;3;GPH;AMAG;Marmato;MAIN;80
D1E94911;4;GPH;RAD;Marmato;MAIN;80
D1FE628D;1;GPH;IP;La Yaqui Grande;MAIN;47|55
D1FE628D;2;GPH;GMAG;La Yaqui Grande;MAIN;47|55
D1FE628D;3;GPH;EM;La Yaqui Grande;MAIN;56
D1FE628D;4;GPH;AMAG;La Yaqui Grande;MAIN;56
D19501FA;2;GPH;AMAG;Savkino;MAIN;38
D19501FA;3;GPH;RAD;Savkino;MAIN;38
D19501FA;4;GPH;GRV;Savkino;MAIN;38
D19501FA;5;GPH;GMAG;Savkino;MAIN;38
D19501FA;6;GPH;IP;Savkino;MAIN;39|40
D19501FA;7;GPH;RES;Savkino;MAIN;39
D19501FA;8;GPH;WLOG;Savkino;MAIN;40
D19501FA;10;GPH;SP;Savkino;MAIN;40
D237C943;1;GPH;RAD;Weepah;MAIN;36
D24BFB3F;1;GPH;AMAG;Palito;MAIN;48|49|50
D24BFB3F;2;GPH;RAD;Palito;MAIN;49
D24BFB3F;3;GPH;GMAG;Palito;MAIN;48|49|50
D24BFB3F;4;GPH;IP;Palito;MAIN;48|49|50
D24BFB3F;5;GPH;EM;Palito;MAIN;48|49|50
D25B5F7E;1;GPH;IP;Willa deposit;MAIN;37
D25B5F7E;2;GPH;GMAG;Willa deposit;MAIN;38
D25B5F7E;3;GPH;VLF;Willa deposit;MAIN;38
D2F15971;1;GPH;AMAG;Beatons River;MAIN;113|115|116
D2F15971;2;GPH;RAD;Beatons River;MAIN;115|116
D2F15971;7;GPH;EM;Beatons River;MAIN;115
D2F15971;8;GPH;GRV;Beatons River;MAIN;116
D2FFF583;1;GPH;AMAG;Wels West;MAIN;12
D34105F0;1;GPH;IP;Cerro Andamarca;MAIN;44|51|52
D366E466;1;GPH;GRV;Hasbrouck Deposit;MAIN;44
D366E466;2;GPH;MT;Hasbrouck Deposit;MAIN;44
D366E466;3;GPH;IP;Hasbrouck Deposit;MAIN;45
D373D5BB;1;GPH;EM;Čoka Rakita;MAIN;116
D373D5BB;2;GPH;AMAG;Čoka Rakita;MAIN;116
D373D5BB;3;GPH;IP;Čoka Rakita;MAIN;116
D373D5BB;4;GPH;GRV;Čoka Rakita;MAIN;117
D373D5BB;5;GPH;RAD;Čoka Rakita;MAIN;117
D373D5BB;6;GPH;MT;Čoka Rakita;MAIN;117
D3F55EED;1;GPH;GRV;British King;MAIN;43
D3F55EED;2;GPH;GMAG;British King;MAIN;43
D3FC9B69;3;GPH;AMAG;October Gold Property;MAIN;15
D3FC9B69;4;GPH;RAD;October Gold Property;MAIN;15
D3FC9B69;5;GPH;GMAG;October Gold Property;MAIN;23
D3C8E4F3;1;GPH;AMAG;Mark's Pond Zone;MAIN;87|88
D3C8E4F3;2;GPH;VLF;Mark's Pond Zone;MAIN;128
D3C8E4F3;3;GPH;GMAG;Mark's Pond Zone;MAIN;128
D414BCC1;1;GPH;AMAG;Cangrejos;MAIN;45|46
D414BCC1;2;GPH;UNS;Cangrejos;MAIN;45
D4241B12;1;GPH;MT;Minto Mine South Zone;MAIN;65
D4241B12;2;GPH;GMAG;Minto Mine South Zone;MAIN;67
D4241B12;3;GPH;EM;Minto Mine South Zone;MAIN;65
D44EDA7C;1;GPH;IP;Red Mountain;MAIN;74
D44EDA7C;2;GPH;EM;Red Mountain;MAIN;74
D44EDA7C;3;GPH;VLF;Red Mountain;MAIN;74
D44EDA7C;4;GPH;GMAG;Red Mountain;MAIN;74
D44EDA7C;5;GPH;AMAG;Red Mountain;MAIN;74
D44EDA7C;6;GPH;RAD;Red Mountain;MAIN;74
D462A36E;1;GPH;GMAG;Atlanta;MAIN;49
D462A36E;2;GPH;IP;Atlanta;MAIN;49|55
D462A36E;3;GPH;GRV;Atlanta;MAIN;49|54|55
D462A36E;4;GPH;AMAG;Atlanta;MAIN;54
D462A36E;5;GPH;MT;Atlanta;MAIN;54
D462A36E;6;GPH;RAD;Atlanta;MAIN;55
D478C64A;1;GPH;EM;Engineer Gold Mine;MAIN;54
D478C64A;2;GPH;AMAG;Engineer Gold Mine;MAIN;54
D53B2010;1;GPH;AMAG;Hangar Flats;MAIN;116
D53B2010;2;GPH;EM;Hangar Flats;MAIN;116
D53B2010;4;GPH;IP;Hangar Flats;MAIN;116
D5479D73;1;GPH;GMAG;Ixtaca;MAIN;50|53
D5479D73;2;GPH;IP;Ixtaca;MAIN;50|53
D5479D73;3;GPH;MT;Ixtaca;MAIN;50|53
D595F9C2;1;GPH;EM;West Otterskin showing;MAIN;22
D595F9C2;2;GPH;AMAG;West Otterskin showing;MAIN;22
D5ED36B8;1;GPH;IP;Balabag;MAIN;49
D67EB417;1;GPH;GRV;Ziggurat;MAIN;55|61
D67EB417;2;GPH;GMAG;Ziggurat;MAIN;55|61
D68B23BE;1;GPH;AMAG;Windfall deposit;MAIN;153|167|168
D68B23BE;2;GPH;EM;Windfall deposit;MAIN;153|167|168
D68B23BE;3;GPH;IP;Windfall deposit;MAIN;153|167|168|169
D68B23BE;4;GPH;WLOG;Windfall deposit;MAIN;169
D6912F99;1;GPH;UNS;TPK Property;MAIN;43
D6912F99;2;GPH;AMAG;TPK Property;MAIN;44|45
D6912F99;3;GPH;EM;TPK Property;MAIN;42
D6A0B810;2;GPH;IP;Kirazlı;MAIN;34
D6C8F623;2;GPH;AMAG;Pridolinny;MAIN;67
D6C8F623;3;GPH;RAD;Pridolinny;MAIN;67
D6C8F623;4;GPH;GMAG;Pridolinny;MAIN;69
D6C8F623;5;GPH;IP;Pridolinny;MAIN;69
D6AB9B93;1;GPH;GMAG;San Miguel project;MAIN;63
D6AB9B93;2;GPH;IP;San Miguel project;MAIN;63
D6AB9B93;3;GPH;SWIR;San Miguel project;MAIN;64
D729089E;1;GPH;IP;Cerro Quema;MAIN;112|113
D729089E;2;GPH;GMAG;Cerro Quema;MAIN;112|113
D729089E;3;GPH;EM;Cerro Quema;MAIN;105
D731B1E4;1;GPH;UNS;Björkdal;MAIN;77
D731B1E4;2;GPH;WLOG;Björkdal;MAIN;77
D731B1E4;3;GPH;GMAG;Björkdal;MAIN;77
D731B1E4;4;GPH;IP;Björkdal;MAIN;77
D79F83CE;1;GPH;EM;Gupo;MAIN;43|44
D79F83CE;2;GPH;AMAG;Gupo;MAIN;43
D79F83CE;3;GPH;GRV;Gupo;MAIN;43
D79F83CE;4;GPH;GMAG;Gupo;MAIN;43
D79F83CE;5;GPH;IP;Gupo;MAIN;43
D785404A;1;GPH;EM;Kora Consolidated-Irumafimpa;MAIN;48
D785404A;2;GPH;AMAG;Kora Consolidated-Irumafimpa;MAIN;48
D785404A;3;GPH;MT;Kora Consolidated-Irumafimpa;MAIN;48
D7690ABF;1;GPH;MT;Cahuilla;MAIN;48
D7690ABF;2;GPH;GRV;Cahuilla;MAIN;49
D7690ABF;3;GPH;AMAG;Cahuilla;MAIN;49
D7690ABF;4;GPH;IP;Cahuilla;MAIN;48|49
D8294495;1;GPH;MT;Redline Deposit;MAIN;53
D8294495;2;GPH;AMAG;Redline Deposit;MAIN;49
D8294495;3;GPH;GRV;Redline Deposit;MAIN;48
D7F8D242;4;GPH;AMAG;Guanaco;MAIN;119
D7F8D242;5;GPH;RAD;Guanaco;MAIN;119
D7F8D242;6;GPH;RES;Guanaco;MAIN;119
D7F8D242;7;GPH;EM;Guanaco;MAIN;119
D7F8D242;9;GPH;GMAG;Guanaco;MAIN;122
D7F8D242;10;GPH;IP;Guanaco;MAIN;122|125
D7F8D242;11;GPH;MT;Guanaco;MAIN;122|125
D82D8BE8;1;GPH;IP;Ilovitza;MAIN;46
D82D8BE8;2;GPH;GMAG;Ilovitza;MAIN;43|46
D868FD23;1;GPH;GRV;Springpole;MAIN;62
D868FD23;2;GPH;AMAG;Springpole;MAIN;62
D87C0C85;1;GPH;AMAG;Cameron Gold Deposit;MAIN;39
D8AC7AE2;1;GPH;EM;Henty;MAIN;36|37
D8AC7AE2;2;GPH;AMAG;Henty;MAIN;36
D8AC7AE2;3;GPH;RAD;Henty;MAIN;36
D8AC7AE2;4;GPH;IP;Henty;MAIN;36
D8AC7AE2;5;GPH;MT;Henty;MAIN;37
D9087A3F;4;GPH;EM;Shahumyan;MAIN;82
D9087A3F;5;GPH;AMAG;Shahumyan;MAIN;82
D9087A3F;6;GPH;SWIR;Shahumyan;MAIN;85
D8FF5BCB;1;GPH;GMAG;Los Filos Mine Complex;MAIN;122|123
D8FF5BCB;2;GPH;AMAG;Los Filos Mine Complex;MAIN;122|123
D8FF5BCB;3;GPH;IP;Los Filos Mine Complex;MAIN;122
D96909B0;1;GPH;GMAG;Fenix Gold Project;MAIN;65
D96909B0;2;GPH;RES;Fenix Gold Project;MAIN;65
D96909B0;3;GPH;IP;Fenix Gold Project;MAIN;65
D96673C2;1;GPH;EM;Engineer Gold Mine;MAIN;47
D96673C2;2;GPH;AMAG;Engineer Gold Mine;MAIN;47
D97AB18A;1;GPH;IP;Augmitto;MAIN;54|55
D9F145C8;1;GPH;VLF;Klaza vein system;MAIN;68|75|76|78
D9F145C8;2;GPH;GMAG;Klaza vein system;MAIN;68|75|76
D9F145C8;3;GPH;IP;Klaza vein system;MAIN;75|76|77|79|80
D9F145C8;4;GPH;AMAG;Klaza vein system;MAIN;75|76|77
D9F145C8;5;GPH;RAD;Klaza vein system;MAIN;75|76
D9E84BE5;1;GPH;AMAG;Sleeper;MAIN;62|63
D9E84BE5;2;GPH;GRV;Sleeper;MAIN;62|63
D9E84BE5;3;GPH;IP;Sleeper;MAIN;62|63|64
D9E84BE5;4;GPH;MT;Sleeper;MAIN;62
DA19D90C;1;GPH;IP;Skarn Ridge Zone;MAIN;48|51
DA19D90C;4;GPH;AMAG;Skarn Ridge Zone;MAIN;33
DA19D90C;5;GPH;RES;Skarn Ridge Zone;MAIN;34
DAAAB03C;1;GPH;GMAG;Cerro Maricunga;MAIN;48
DAAAB03C;2;GPH;IP;Cerro Maricunga;MAIN;48
DA3221A7;1;GPH;AMAG;Rodeo;MAIN;44
DA3221A7;2;GPH;RAD;Rodeo;MAIN;44
DA3221A7;3;GPH;IP;Rodeo;MAIN;44
DA9728F8;1;GPH;AMAG;San Andrés Mine;MAIN;71
DAAE63A6;1;GPH;AMAG;Sleeper;MAIN;54|55
DAAE63A6;2;GPH;GRV;Sleeper;MAIN;54|55
DAAE63A6;3;GPH;IP;Sleeper;MAIN;54|55
DAAE63A6;4;GPH;MT;Sleeper;MAIN;54
DB0BB4BA;1;GPH;GRV;British King;MAIN;43
DB0BB4BA;2;GPH;UNS;British King;MAIN;43
DB0E0FB7;1;GPH;UNS;Golden Chest;MAIN;43
DAD14B11;1;GPH;IP;Atlanta;MAIN;44
DAD14B11;2;GPH;GMAG;Atlanta;MAIN;44
DB15712C;3;GPH;GMAG;Volcan;MAIN;75|76
DB15712C;4;GPH;IP;Volcan;MAIN;77
DBB89943;1;GPH;AMAG;X1 Deposit;MAIN;79|80|81|101
DBB89943;2;GPH;EM;X1 Deposit;MAIN;101
DBB89943;3;GPH;RAD;X1 Deposit;MAIN;101
DBB89943;4;GPH;IP;X1 Deposit;MAIN;101|102
DBB89943;5;GPH;UNS;X1 Deposit;MAIN;91
DBB03EEC;3;GPH;IP;Rojo Grande;MAIN;57|67
DBB03EEC;4;GPH;RES;Rojo Grande;MAIN;57|67
DBB03EEC;7;GPH;GMAG;Rojo Grande;MAIN;59
DBB03EEC;8;GPH;MT;Rojo Grande;MAIN;60
DB589451;1;GPH;EM;Cabaçal;MAIN;129|132|133
DB589451;5;GPH;IP;Cabaçal;MAIN;129|133
DB589451;6;GPH;MALM;Cabaçal;MAIN;130
DB589451;7;GPH;GRV;Cabaçal;MAIN;130
DC4C479A;1;GPH;IP;La Cumbre;MAIN;36|37
DC4C479A;2;GPH;GMAG;La Cumbre;MAIN;36|37
DC4C479A;3;GPH;RAD;La Cumbre;MAIN;36|37
DC569CD7;1;GPH;AMAG;Bear Claims;MAIN;31
DC569CD7;2;GPH;EM;Bear Claims;MAIN;31
DC7FA1E9;1;GPH;IP;Galleon prospect;MAIN;12|35
DC7FA1E9;2;GPH;AMAG;Galleon prospect;MAIN;19
DC8A7FC2;1;GPH;GRV;Turquoise Canyon;MAIN;36
DC8A7FC2;2;GPH;IP;Turquoise Canyon;MAIN;36|37
DC8F9912;1;GPH;GMAG;Amulsar;MAIN;97
DC8F9912;2;GPH;IP;Amulsar;MAIN;97
DCD052B1;2;GPH;SWIR;Johnson Tract Deposit;MAIN;64
DCD052B1;3;GPH;AMAG;Johnson Tract Deposit;MAIN;49|54
DCD052B1;4;GPH;EM;Johnson Tract Deposit;MAIN;49|54
DCECBB23;1;GPH;GMAG;Yenipazar Deposit;MAIN;92|93
DCECBB23;2;GPH;IP;Yenipazar Deposit;MAIN;93
DCEFB343;1;GPH;MT;Eastside;MAIN;34
DD14C570;1;GPH;AMAG;Exploits zone;MAIN;28|29
DD20ECED;1;GPH;GRV;Pinion;MAIN;56|57
DD20ECED;2;GPH;MT;Pinion;MAIN;56|57
DD4EC195;1;GPH;UNS;Lavington main gold zone;MAIN;35
DD867EF6;1;GPH;AMAG;Eureka Target;MAIN;53|55
DD867EF6;2;GPH;RAD;Eureka Target;MAIN;55
DDC51EC1;1;GPH;AMAG;Rolling Pond hydrothermal system;MAIN;50
DDC51EC1;2;GPH;RAD;Rolling Pond hydrothermal system;MAIN;50
DDC51EC1;3;GPH;VLF;Rolling Pond hydrothermal system;MAIN;50
DDC51EC1;4;GPH;GMAG;Rolling Pond hydrothermal system;MAIN;58
DDC51EC1;5;GPH;IP;Rolling Pond hydrothermal system;MAIN;58|60
DDD0F37C;1;GPH;GMAG;Augusta;MAIN;65
DDD0F37C;2;GPH;GRV;Augusta;MAIN;65
DDD0F37C;3;GPH;IP;Augusta;MAIN;65
DDD0F37C;4;GPH;AMAG;Augusta;MAIN;66
DDD0F37C;5;GPH;RAD;Augusta;MAIN;66
DDDDFF54;1;GPH;IP;Loon prospect;MAIN;19|21|22|24
DDF9C944;1;GPH;GRV;Hollister Mine;MAIN;62|64
DDF9C944;2;GPH;AMAG;Hollister Mine;MAIN;62
DDF9C944;3;GPH;RAD;Hollister Mine;MAIN;62
DDF9C944;4;GPH;GMAG;Hollister Mine;MAIN;62
DDF9C944;5;GPH;IP;Hollister Mine;MAIN;62
DDF9C944;6;GPH;SES;Hollister Mine;MAIN;62
DDF9C944;7;GPH;RES;Hollister Mine;MAIN;62
DDF9C944;8;GPH;MT;Hollister Mine;MAIN;62
DDF9C944;9;GPH;SWIR;Hollister Mine;MAIN;64
DE140113;1;GPH;IP;Hot Maden;MAIN;59
DE140113;2;GPH;EM;Hot Maden;MAIN;59
DE140113;3;GPH;GRV;Hot Maden;MAIN;59
DE32F483;1;GPH;VLF;US Grant;MAIN;38|44
DE34A70A;1;GPH;AMAG;Revenue Zone;MAIN;34
DE34A70A;2;GPH;IP;Revenue Zone;MAIN;34
DE34A70A;3;GPH;RES;Revenue Zone;MAIN;34
DE580744;1;GPH;GMAG;Goodman Property;MAIN;18
DE580744;2;GPH;IP;Goodman Property;MAIN;18
DE580744;3;GPH;AMAG;Goodman Property;MAIN;18|22
DE580744;4;GPH;RAD;Goodman Property;MAIN;18
DE604905;1;GPH;AMAG;East Kolo Epithermal Target;MAIN;25
DE604905;2;GPH;RAD;East Kolo Epithermal Target;MAIN;25
DE604905;3;GPH;IP;East Kolo Epithermal Target;MAIN;25
DE867565;1;GPH;IP;CMD Gold Mine;MAIN;56
DE944A40;3;GPH;EM;Castle Mountain;MAIN;88
DE944A40;4;GPH;GRV;Castle Mountain;MAIN;88|89
DF321F1B;1;GPH;GMAG;Ada Tepe;MAIN;71
DF321F1B;2;GPH;IP;Ada Tepe;MAIN;71
DF77C953;1;GPH;EM;Tablon;MAIN;56
DF77C953;2;GPH;RES;Tablon;MAIN;56
DF77C953;3;GPH;AMAG;Tablon;MAIN;56
DF77C953;4;GPH;VLF;Tablon;MAIN;56
DF77C953;5;GPH;RAD;Tablon;MAIN;56
DF77C953;6;GPH;IP;Tablon;MAIN;57
DF77C953;7;GPH;GMAG;Tablon;MAIN;57
DF7B0A4D;1;GPH;AMAG;La Cantera;MAIN;70
DF7B0A4D;2;GPH;GMAG;La Cantera;MAIN;70|71
DF7B0A4D;3;GPH;EM;La Cantera;MAIN;70
DF7B0A4D;4;GPH;RAD;La Cantera;MAIN;69|71
DF7B0A4D;5;GPH;IP;La Cantera;MAIN;69|71
DFB81F36;1;GPH;AMAG;Monument Bay;MAIN;38
E031DB77;1;GPH;AMAG;Tommy Vein;MAIN;36
E031DB77;2;GPH;IP;Tommy Vein;MAIN;36
E031DB77;3;GPH;MT;Tommy Vein;MAIN;36
DFF1E007;1;GPH;EM;Margurete Property mineralization;MAIN;21
DFF1E007;2;GPH;AMAG;Margurete Property mineralization;MAIN;21
DFEA31B8;1;GPH;AMAG;Redline deposits;MAIN;46
DFE3F1C3;1;GPH;AMAG;Bruner;MAIN;33
DFE3F1C3;2;GPH;GMAG;Bruner;MAIN;33|36
DFE3F1C3;3;GPH;RAD;Bruner;MAIN;33
DFE3F1C3;4;GPH;MT;Bruner;MAIN;36
DFE3F1C3;5;GPH;VLF;Bruner;MAIN;36|38
E0A077B6;1;GPH;GRV;Pinion;MAIN;56|59
E0FDDF9B;1;GPH;IP;Amulsar;MAIN;75
E0FDDF9B;2;GPH;GMAG;Amulsar;MAIN;77
E0FDDF9B;3;GPH;RAD;Amulsar;MAIN;77
E143998B;1;GPH;GMAG;Çöpler;MAIN;56|57
E143998B;2;GPH;IP;Çöpler;MAIN;56|57
E143998B;3;GPH;MT;Çöpler;MAIN;56|57
E143998B;4;GPH;AMAG;Çöpler;MAIN;56|57
E1B27245;1;GPH;AMAG;Mina Verde;MAIN;23|37|40
E1B27245;2;GPH;GMAG;Mina Verde;MAIN;23
E1B27245;3;GPH;IP;Mina Verde;MAIN;23
E1B27245;4;GPH;RES;Mina Verde;MAIN;23
E1B27245;5;GPH;EM;Mina Verde;MAIN;37|40
E1DB8A33;1;GPH;IP;Gold Centre;MAIN;38|39|41
E1DB8A33;2;GPH;GMAG;Gold Centre;MAIN;38|41
E26094D6;3;GPH;AMAG;Marmato;MAIN;52
E26094D6;4;GPH;RAD;Marmato;MAIN;52
E2756A0D;1;GPH;MT;Relief Canyon;MAIN;82
E2756A0D;2;GPH;IP;Relief Canyon;MAIN;82
E280B622;1;GPH;GRV;Grassy Mountain;MAIN;45
E280B622;2;GPH;AMAG;Grassy Mountain;MAIN;45
E280B622;3;GPH;RAD;Grassy Mountain;MAIN;45
E280B622;4;GPH;IP;Grassy Mountain;MAIN;45
E280B622;5;GPH;GMAG;Grassy Mountain;MAIN;45
E280B622;6;GPH;MT;Grassy Mountain;MAIN;46
E285F475;1;GPH;AMAG;Cangrejos;MAIN;67|68
E285F475;2;GPH;UNS;Cangrejos;MAIN;67
E2ABC432;1;GPH;UNS;El Peñón;MAIN;49
E29C6FAB;1;GPH;EM;Jumbo Trend;MAIN;114|115
E29C6FAB;2;GPH;AMAG;Jumbo Trend;MAIN;114|115
E29C6FAB;3;GPH;MT;Jumbo Trend;MAIN;114|120
E2B30D82;1;GPH;AMAG;Makapela;MAIN;27
E2B30D82;2;GPH;RAD;Makapela;MAIN;27
E2B2B0C9;1;GPH;UNS;Loma Larga;MAIN;70
E2B21F79;1;GPH;GMAG;Çöpler;MAIN;101|102
E2B21F79;2;GPH;IP;Çöpler;MAIN;101|102
E2B21F79;3;GPH;MT;Çöpler;MAIN;101|102
E2B21F79;4;GPH;AMAG;Çöpler;MAIN;101|102
E2D54798;1;GPH;AMAG;Atsutla Gold Project;MAIN;79|99
E2D54798;2;GPH;RAD;Atsutla Gold Project;MAIN;79|99
E327A851;1;GPH;GMAG;Westwood;MAIN;135
E327A851;2;GPH;AMAG;Westwood;MAIN;135
E327A851;3;GPH;VLF;Westwood;MAIN;135
E327A851;4;GPH;IP;Westwood;MAIN;135
E327A851;5;GPH;EM;Westwood;MAIN;135
E327A851;6;GPH;WLOG;Westwood;MAIN;137
E3282C7E;1;GPH;EM;Grey Eagle;MAIN;72|73|74|75|76|77
E3282C7E;2;GPH;AMAG;Grey Eagle;MAIN;72|73
E3282C7E;3;GPH;MT;Grey Eagle;MAIN;72
E32DEE85;1;GPH;AMAG;South Zone;MAIN;85|89
E32DEE85;2;GPH;EM;South Zone;MAIN;85
E32DEE85;3;GPH;GMAG;South Zone;MAIN;85|91
E32DEE85;4;GPH;IP;South Zone;MAIN;85|93
E32DEE85;6;GPH;VLF;South Zone;MAIN;85
E32DEE85;7;GPH;RAD;South Zone;MAIN;85|89
E32DEE85;8;GPH;SES;South Zone;MAIN;85
E32DEE85;9;GPH;RES;South Zone;MAIN;85|93
E32DEE85;10;GPH;MT;South Zone;MAIN;85|95
E34FD589;1;GPH;AMAG;Yaoure Central;MAIN;61
E34FD589;2;GPH;RAD;Yaoure Central;MAIN;61
E36E72E5;1;GPH;AMAG;Bessell's Reward;MAIN;44
E36E72E5;2;GPH;GMAG;Bessell's Reward;MAIN;44
E36E72E5;3;GPH;IP;Bessell's Reward;MAIN;48
E361791E;1;GPH;IP;Camino Rojo;MAIN;71
E361791E;2;GPH;AMAG;Camino Rojo;MAIN;71
E361791E;3;GPH;GRV;Camino Rojo;MAIN;71
E3674AF8;1;GPH;GMAG;San Roque Project;MAIN;32|51
E3674AF8;2;GPH;IP;San Roque Project;MAIN;32|33|51|54
E3674AF8;4;GPH;GRV;San Roque Project;MAIN;32
E3FA4B10;1;GPH;VLF;Lac Burge;MAIN;22|25
E3FA4B10;2;GPH;GMAG;Lac Burge;MAIN;22|25
E3FA4B10;3;GPH;EM;Lac Burge;MAIN;22|23
E4434070;1;GPH;EM;JT Deposit;MAIN;65|67
E4434070;2;GPH;AMAG;JT Deposit;MAIN;65|67
E41A8FCC;1;GPH;AMAG;Grass Mountain;MAIN;39
E41A8FCC;2;GPH;EM;Grass Mountain;MAIN;39
E41A8FCC;3;GPH;IP;Grass Mountain;MAIN;17|39|40
E41A8FCC;4;GPH;SP;Grass Mountain;MAIN;30
E41A8FCC;5;GPH;GMAG;Grass Mountain;MAIN;40
E46374E2;1;GPH;AMAG;Barsele Central;MAIN;63|76|77
E46374E2;2;GPH;VLF;Barsele Central;MAIN;63|76|80
E46374E2;3;GPH;EM;Barsele Central;MAIN;76|77
E46374E2;4;GPH;RAD;Barsele Central;MAIN;76
E46374E2;5;GPH;GRV;Barsele Central;MAIN;76
E46374E2;6;GPH;IP;Barsele Central;MAIN;63|80
E46374E2;9;GPH;GMAG;Barsele Central;MAIN;80
E4F9B916;1;GPH;AMAG;South Uchi Property;MAIN;164|169|172
E4F9B916;2;GPH;GMAG;South Uchi Property;MAIN;164
E554895E;1;GPH;IP;Fenelon Gold System;MAIN;102
E554895E;2;GPH;AMAG;Fenelon Gold System;MAIN;103
E53CE319;1;GPH;AMAG;Douay;MAIN;52
E53CE319;3;GPH;IP;Douay;MAIN;53|58
E56ADBBE;1;GPH;GMAG;Amulsar;MAIN;66
E56ADBBE;2;GPH;IP;Amulsar;MAIN;66
E5D3B9B3;1;GPH;EM;Galat Sufar South;MAIN;79
E5D3B9B3;2;GPH;AMAG;Galat Sufar South;MAIN;79
E5D3B9B3;3;GPH;RAD;Galat Sufar South;MAIN;79
E5D3B9B3;5;GPH;GMAG;Galat Sufar South;MAIN;79
E595E195;1;GPH;IP;Saganaga Property;MAIN;35|36|38
E595E195;2;GPH;AMAG;Saganaga Property;MAIN;36
E595E195;3;GPH;VLF;Saganaga Property;MAIN;36
E595E195;5;GPH;GMAG;Saganaga Property;MAIN;37|38|40
E59F1995;1;GPH;AMAG;La Arena;MAIN;68
E6138919;1;GPH;AMAG;Mercedes;MAIN;83|86
E621508F;1;GPH;GMAG;Koster Dam Project;MAIN;12|14|17
E621508F;3;GPH;AMAG;Koster Dam Project;MAIN;17
E6327985;1;GPH;IP;Tepal;MAIN;56|58
E6327985;2;GPH;AMAG;Tepal;MAIN;58
E6327985;3;GPH;RAD;Tepal;MAIN;58
E6327985;4;GPH;EM;Tepal;MAIN;58
E677AD84;2;GPH;EM;Premier;MAIN;146
E677AD84;3;GPH;AMAG;Premier;MAIN;146
E677AD84;4;GPH;RAD;Premier;MAIN;146
E677AD84;5;GPH;IP;Premier;MAIN;146
E6A450F4;1;GPH;AMAG;Bruner;MAIN;54
E6A450F4;2;GPH;GMAG;Bruner;MAIN;54|57|58
E6A450F4;3;GPH;RAD;Bruner;MAIN;54
E6A450F4;4;GPH;MT;Bruner;MAIN;57
E6A450F4;5;GPH;VLF;Bruner;MAIN;58
E6C29DFB;1;GPH;IP;Santa Elena;MAIN;38
E6C29DFB;2;GPH;RES;Santa Elena;MAIN;38
E6C29DFB;3;GPH;GMAG;Santa Elena;MAIN;38
E6FD537C;1;GPH;AMAG;Manguredjipa;MAIN;32|34|36
E6FD537C;2;GPH;RAD;Manguredjipa;MAIN;32|34|35
E751F5CF;1;GPH;EM;Orfée;MAIN;17|27
E751F5CF;2;GPH;AMAG;Orfée;MAIN;18|25
E77C7DBB;1;GPH;IP;Afric Zone;MAIN;40|43
E77C7DBB;2;GPH;VLF;Afric Zone;MAIN;40|43
E77C7DBB;3;GPH;GMAG;Afric Zone;MAIN;40|43
E70A1105;1;GPH;GMAG;Sigma-Lamaque;MAIN;98|107|108
E788DA1C;1;GPH;EM;El Barqueño;MAIN;41|42
E788DA1C;2;GPH;AMAG;El Barqueño;MAIN;42
E802CD57;1;GPH;AMAG;Rompas;MAIN;27|29
E802CD57;2;GPH;RAD;Rompas;MAIN;27|29
E802CD57;3;GPH;IP;Rompas;MAIN;27
E802CD57;4;GPH;MALM;Rompas;MAIN;27
E802CD57;5;GPH;GRV;Rompas;MAIN;27
E802CD57;7;GPH;VLF;Rompas;MAIN;29
E83B4BB9;1;GPH;AMAG;San Ramon;MAIN;37
E83B4BB9;2;GPH;RAD;San Ramon;MAIN;37
E83B4BB9;3;GPH;IP;San Ramon;MAIN;39
E87AEA7A;1;GPH;EM;Main Zone;MAIN;48|49
E8495DDF;1;GPH;GMAG;La India;MAIN;75
E8495DDF;3;GPH;AMAG;La India;MAIN;75
E8495DDF;4;GPH;RAD;La India;MAIN;75
E8C7C57F;3;GPH;AMAG;Yellow Pine;MAIN;131
E8C7C57F;4;GPH;EM;Yellow Pine;MAIN;131
E8C7C57F;5;GPH;IP;Yellow Pine;MAIN;131
E8C7C57F;6;GPH;MT;Yellow Pine;MAIN;131
E8CB12C5;1;GPH;EM;Jaclyn Main Zone;MAIN;89|94
E8CB12C5;2;GPH;AMAG;Jaclyn Main Zone;MAIN;89|94
E8DADB6E;1;GPH;MT;South Mine Fault Zone;MAIN;64
E8DADB6E;2;GPH;GMAG;South Mine Fault Zone;MAIN;64|66
E9138D94;1;GPH;EM;Camp;MAIN;14
E91DC1E1;1;GPH;AMAG;Tiger Deposit;MAIN;80
E91DC1E1;2;GPH;EM;Tiger Deposit;MAIN;80|83
E91DC1E1;4;GPH;IP;Tiger Deposit;MAIN;83
E91DC1E1;5;GPH;GRV;Tiger Deposit;MAIN;80|83
E9A7B564;1;GPH;AMAG;QFP / Fishpot;MAIN;25
E9A7B564;2;GPH;RAD;QFP / Fishpot;MAIN;25
E9A7B564;3;GPH;VLF;QFP / Fishpot;MAIN;25
E9E903BD;1;GPH;IP;Tuvatu;MAIN;57|73
E9E903BD;2;GPH;MT;Tuvatu;MAIN;57|58|73|74
E9E903BD;4;GPH;AMAG;Tuvatu;MAIN;76
E9E903BD;5;GPH;RAD;Tuvatu;MAIN;76
EA355FBF;1;GPH;EM;Appleton Fault Zone (AFZ) Core;MAIN;113|115
EA355FBF;2;GPH;AMAG;Appleton Fault Zone (AFZ) Core;MAIN;113|115
EA355FBF;3;GPH;GRV;Appleton Fault Zone (AFZ) Core;MAIN;113|115
EA355FBF;4;GPH;GMAG;Appleton Fault Zone (AFZ) Core;MAIN;113|116
EA355FBF;5;GPH;VLF;Appleton Fault Zone (AFZ) Core;MAIN;113|116
EA355FBF;6;GPH;SES;Appleton Fault Zone (AFZ) Core;MAIN;112|120
EB1EE05E;1;GPH;SES;Deep Lead Channel;MAIN;31|32
EB1EE05E;2;GPH;IP;Deep Lead Channel;MAIN;31|32
EB1EE05E;3;GPH;GMAG;Deep Lead Channel;MAIN;31
EB1EE05E;4;GPH;RES;Deep Lead Channel;MAIN;32
EAC2EC38;1;GPH;IP;Ixtaca Zone;MAIN;49|71|75|76
EAC2EC38;2;GPH;GMAG;Ixtaca Zone;MAIN;71|74
EAC2EC38;3;GPH;MT;Ixtaca Zone;MAIN;71|76
EB3FCF02;1;GPH;AMAG;Ben Hur Mine area;MAIN;30
EB3FCF02;2;GPH;RAD;Ben Hur Mine area;MAIN;30
EB283F46;1;GPH;VLF;Stibnite Gold Project;MAIN;139
EB283F46;2;GPH;SP;Stibnite Gold Project;MAIN;139
EB283F46;3;GPH;IP;Stibnite Gold Project;MAIN;139
EB283F46;4;GPH;MT;Stibnite Gold Project;MAIN;139
EB283F46;5;GPH;AMAG;Stibnite Gold Project;MAIN;139
EB283F46;6;GPH;EM;Stibnite Gold Project;MAIN;139
EC40687A;1;GPH;EM;Wild Rose Vein System;MAIN;40
EC40687A;2;GPH;IP;Wild Rose Vein System;MAIN;40
EC7446BC;1;GPH;GMAG;Holt-Holloway;MAIN;45
EC7446BC;2;GPH;IP;Holt-Holloway;MAIN;45|46
EC7446BC;3;GPH;EM;Holt-Holloway;MAIN;45
EC7446BC;4;GPH;AMAG;Holt-Holloway;MAIN;47
EC7BC0C8;1;GPH;IP;Shotgun Ridge;MAIN;39|42
EC7BC0C8;2;GPH;GMAG;Shotgun Ridge;MAIN;42
EC7BC0C8;3;GPH;AMAG;Shotgun Ridge;MAIN;34|41|44
EC950924;1;GPH;IP;Polaris Project;MAIN;56|61
ECCD3D10;1;GPH;IP;Stockade Mountain;MAIN;88
ECCD3D10;2;GPH;RES;Stockade Mountain;MAIN;83|88
ECCD3D10;3;GPH;AMAG;Stockade Mountain;MAIN;88
ECCD3D10;4;GPH;RAD;Stockade Mountain;MAIN;84|88
ECCD3D10;5;GPH;MT;Stockade Mountain;MAIN;75|88
ECDE4972;1;GPH;EM;Tiger Deposit;MAIN;74|76
ECDE4972;2;GPH;AMAG;Tiger Deposit;MAIN;74|76
ECDE4972;3;GPH;IP;Tiger Deposit;MAIN;76
ECDE4972;4;GPH;GRV;Tiger Deposit;MAIN;74|76
ECEF94F9;1;GPH;GMAG;Rajapalot;MAIN;29|32|35|37|44
ECEF94F9;2;GPH;IP;Rajapalot;MAIN;29|32|33|35|37|44
ECEF94F9;3;GPH;EM;Rajapalot;MAIN;29|32|37|44
ECEF94F9;4;GPH;RES;Rajapalot;MAIN;29|33|37
ECEF94F9;5;GPH;AMAG;Rajapalot;MAIN;44
ECEF94F9;6;GPH;RAD;Rajapalot;MAIN;44
ECEF94F9;7;GPH;GRV;Rajapalot;MAIN;44
ECF94DB7;1;GPH;GMAG;Çöpler deposit;MAIN;85|102
ECF94DB7;2;GPH;IP;Çöpler deposit;MAIN;102
ECF94DB7;3;GPH;MT;Çöpler deposit;MAIN;102
ECF94DB7;4;GPH;AMAG;Çöpler deposit;MAIN;103
ED05EF85;1;GPH;IP;Solomon Trend;MAIN;30
ED05EF85;2;GPH;EM;Solomon Trend;MAIN;31
EDB6B3D0;1;GPH;AMAG;Siwash North;MAIN;63
EDB6B3D0;2;GPH;RAD;Siwash North;MAIN;63
EDB6B3D0;3;GPH;IP;Siwash North;MAIN;62
EDB6B3D0;4;GPH;MT;Siwash North;MAIN;62
EDB6B3D0;5;GPH;VLF;Siwash North;MAIN;60
EDC787E5;1;GPH;IP;Titan Showing;MAIN;60|66|69
EDC787E5;2;GPH;GMAG;Titan Showing;MAIN;60|69
EE492F38;1;GPH;AMAG;Makapela;MAIN;24
EE492F38;2;GPH;RAD;Makapela;MAIN;24
EE8222DB;1;GPH;GMAG;Doc Zone;MAIN;123
EECFA5FC;1;GPH;EM;Eastmain Gold Deposit;MAIN;43
EECFA5FC;2;GPH;AMAG;Eastmain Gold Deposit;MAIN;43
EECFA5FC;3;GPH;IP;Eastmain Gold Deposit;MAIN;47
EFEC1CB5;1;GPH;GMAG;Manto Dorado;MAIN;27|32
EFEC1CB5;2;GPH;IP;Manto Dorado;MAIN;27|32|33|34
EFF482DC;2;GPH;EM;Jumbo Trend;MAIN;83
EFF482DC;3;GPH;AMAG;Jumbo Trend;MAIN;83
EFF482DC;4;GPH;MT;Jumbo Trend;MAIN;83
F0B33FFA;1;GPH;SES;Macraes;MAIN;58
F0B33FFA;2;GPH;EM;Macraes;MAIN;58
F089BF51;1;GPH;GMAG;Altan Nar;MAIN;27|43
F089BF51;2;GPH;IP;Altan Nar;MAIN;31|45
F0C5C049;4;GPH;EM;Shahumyan;MAIN;83
F0C5C049;5;GPH;AMAG;Shahumyan;MAIN;83
F0C5C049;6;GPH;SWIR;Shahumyan;MAIN;87
F121BDC3;1;GPH;EM;Clearwater;MAIN;40
F121BDC3;2;GPH;AMAG;Clearwater;MAIN;40
F18B4E31;1;GPH;GMAG;Amulsar;MAIN;93
F18B4E31;2;GPH;IP;Amulsar;MAIN;93
F1B0DCC6;1;GPH;AMAG;Twin Hills;MAIN;64
F1B0DCC6;2;GPH;GMAG;Twin Hills;MAIN;64
F1B0DCC6;3;GPH;IP;Twin Hills;MAIN;66
F19AC6A0;1;GPH;AMAG;Trout;MAIN;27|49
F19AC6A0;3;GPH;SWIR;Trout;MAIN;49
F1F8648F;1;GPH;GMAG;Koster Dam;MAIN;12|14|17
F1F8648F;3;GPH;AMAG;Koster Dam;MAIN;17
F1FE2164;1;GPH;GMAG;Windpass;MAIN;21|24
F1FE2164;2;GPH;VLF;Windpass;MAIN;21|24
F1BFD9AD;5;GPH;AMAG;Guanaco Mine;MAIN;150
F1BFD9AD;6;GPH;RAD;Guanaco Mine;MAIN;150
F1BFD9AD;7;GPH;EM;Guanaco Mine;MAIN;150
F1BFD9AD;9;GPH;GMAG;Guanaco Mine;MAIN;153
F1BFD9AD;10;GPH;IP;Guanaco Mine;MAIN;153|156
F1BFD9AD;11;GPH;MT;Guanaco Mine;MAIN;153
F2E74BE4;1;GPH;GMAG;Alankoy;MAIN;17|32|35
F2E74BE4;2;GPH;SWIR;Alankoy;MAIN;17|32|36
F2E9707D;1;GPH;AMAG;Toroparu;MAIN;46
F2E9707D;2;GPH;RAD;Toroparu;MAIN;46
F2E9707D;3;GPH;IP;Toroparu;MAIN;46
F2E9707D;4;GPH;GMAG;Toroparu;MAIN;46
F30E996F;1;GPH;AMAG;Endeavour;MAIN;83|84|85
F30E996F;2;GPH;RAD;Endeavour;MAIN;83|84
F30E996F;3;GPH;GRV;Endeavour;MAIN;83|85
F30E996F;4;GPH;IP;Endeavour;MAIN;77
F3515C71;1;GPH;GMAG;Ayelén vein;MAIN;62
F3515C71;2;GPH;IP;Ayelén vein;MAIN;62
F3515C71;3;GPH;SP;Ayelén vein;MAIN;63
F3591CDC;1;GPH;IP;Walsh-FP;MAIN;84|86
F3753131;1;GPH;IP;Urban Barry Property;MAIN;34
F3A2D54F;1;GPH;AMAG;Golden Culvert;MAIN;36
F3ACEA9C;1;GPH;IP;Holy Cross;MAIN;12|18
F3ACEA9C;2;GPH;GMAG;Holy Cross;MAIN;12|18
F408E3A4;1;GPH;GMAG;Shahuindo;MAIN;99|116
F408E3A4;2;GPH;IP;Shahuindo;MAIN;99|116
F49FAB67;2;GPH;AMAG;Coringa;MAIN;99
F49FAB67;3;GPH;RAD;Coringa;MAIN;99
F49FAB67;4;GPH;IP;Coringa;MAIN;99|100
F49FAB67;5;GPH;EM;Coringa;MAIN;99
F48DD070;1;GPH;EM;Chepica vein systems;MAIN;36
F4AD55C4;1;GPH;AMAG;Marmato;MAIN;78
F4AD55C4;2;GPH;RAD;Marmato;MAIN;78
F4D2E10F;1;GPH;AMAG;Kendell Prospect;MAIN;41|43|45|46|47
F4F9EEA6;1;GPH;GMAG;Lemhi Gold Deposit;MAIN;75|82
F4F9EEA6;2;GPH;IP;Lemhi Gold Deposit;MAIN;75|82
F5828144;1;GPH;UNS;Sulfuro;MAIN;36
F58EA6B8;1;GPH;EM;Tablon;MAIN;21
F58EA6B8;2;GPH;RES;Tablon;MAIN;21
F58EA6B8;3;GPH;AMAG;Tablon;MAIN;21
F58EA6B8;4;GPH;VLF;Tablon;MAIN;21
F58EA6B8;5;GPH;RAD;Tablon;MAIN;21
F58EA6B8;6;GPH;IP;Tablon;MAIN;22
F58EA6B8;7;GPH;GMAG;Tablon;MAIN;22
F5793C7A;1;GPH;AMAG;Cariboo Gold Project;MAIN;200
F5793C7A;2;GPH;EM;Cariboo Gold Project;MAIN;200
F5AF9BA6;1;GPH;IP;Copper Zone;MAIN;25|50
F5AF9BA6;2;GPH;GMAG;Copper Zone;MAIN;25
F5AF9BA6;3;GPH;VLF;Copper Zone;MAIN;41|49
F5F2336F;1;GPH;AMAG;Afric Zone;MAIN;83
F5F2336F;3;GPH;IP;Afric Zone;MAIN;87
F601419A;1;GPH;GRV;Fire Creek;MAIN;66
F601419A;2;GPH;IP;Fire Creek;MAIN;66
F6383225;1;GPH;EM;Bell Mountain;MAIN;66
F6383225;2;GPH;AMAG;Bell Mountain;MAIN;66
F626D80F;1;GPH;AMAG;Serpent-Radisson Gold Corridor;MAIN;49|60|61
F626D80F;2;GPH;IP;Serpent-Radisson Gold Corridor;MAIN;32|49|58|65
F626D80F;3;GPH;GMAG;Serpent-Radisson Gold Corridor;MAIN;65
F6699FCC;1;GPH;GMAG;Lac Pau;MAIN;10
F6699FCC;2;GPH;IP;Lac Pau;MAIN;10
F6699FCC;3;GPH;AMAG;Lac Pau;MAIN;10|16
F6699FCC;4;GPH;VLF;Lac Pau;MAIN;16
F6AD55FE;1;GPH;IP;San Albino Deposit;MAIN;47
F6B38898;2;GPH;GMAG;Purimac;MAIN;39|45
F6B38898;3;GPH;IP;Purimac;MAIN;39|55
F6ABA39E;1;GPH;AMAG;Mercedes Mine;MAIN;73
F6ABA39E;2;GPH;MT;Mercedes Mine;MAIN;73
F7431E0B;1;GPH;GMAG;Shasta;MAIN;113|114|115|119
F7431E0B;4;GPH;VLF;Shasta;MAIN;115|119|120
F7006858;1;GPH;IP;Dolphin;MAIN;37|38
F7006858;2;GPH;AMAG;Dolphin;MAIN;25|29
F7200D6E;1;GPH;AMAG;Courtney;MAIN;47
F7200D6E;2;GPH;IP;Courtney;MAIN;47
F7200D6E;3;GPH;MT;Courtney;MAIN;47
F7200D6E;4;GPH;SWIR;Courtney;MAIN;46
F7436D5B;1;GPH;MT;Starr Zone;MAIN;41
F7436D5B;2;GPH;AMAG;Starr Zone;MAIN;41|42
F7436D5B;3;GPH;VLF;Starr Zone;MAIN;41|42
F7436D5B;4;GPH;EM;Starr Zone;MAIN;42
F7436D5B;5;GPH;IP;Starr Zone;MAIN;42
F74D5963;1;GPH;MT;Mitchell;MAIN;105
F74D5963;2;GPH;GMAG;Mitchell;MAIN;105
F74D5963;3;GPH;IP;Mitchell;MAIN;105|107
F74D5963;4;GPH;EM;Mitchell;MAIN;105|108
F74D5963;5;GPH;GRV;Mitchell;MAIN;107
F74D5963;6;GPH;AMAG;Mitchell;MAIN;107|109
F74D5963;7;GPH;RAD;Mitchell;MAIN;107
F7557C56;1;GPH;AMAG;Perron Gold Zones;MAIN;86|87
F7557C56;2;GPH;EM;Perron Gold Zones;MAIN;86|87|88|90|93
F7557C56;3;GPH;GMAG;Perron Gold Zones;MAIN;86|87
F7557C56;6;GPH;WLOG;Perron Gold Zones;MAIN;86|89
F7A37D08;1;GPH;AMAG;Tonopah;MAIN;52
F7A37D08;2;GPH;EM;Tonopah;MAIN;52
F7A37D08;3;GPH;IP;Tonopah;MAIN;52
F7A37D08;4;GPH;RAD;Tonopah;MAIN;52
F7A37D08;5;GPH;MT;Tonopah;MAIN;52
F7A37D08;6;GPH;SP;Tonopah;MAIN;52
F7A37D08;7;GPH;GMAG;Tonopah;MAIN;52
F7DEB903;1;GPH;AMAG;Frederick House Lake Gold Target;MAIN;20|28
F7DEB903;2;GPH;EM;Frederick House Lake Gold Target;MAIN;20|28
F83A65FE;1;GPH;IP;Galleon prospect;MAIN;12|35
F83A65FE;2;GPH;AMAG;Galleon prospect;MAIN;19
F895534A;1;GPH;AMAG;Phum Syarung;MAIN;45|47
F895534A;2;GPH;RAD;Phum Syarung;MAIN;45|47
F895534A;3;GPH;EM;Phum Syarung;MAIN;48
F895534A;5;GPH;GMAG;Phum Syarung;MAIN;48|50
F895534A;6;GPH;IP;Phum Syarung;MAIN;48|50
F895534A;7;GPH;SP;Phum Syarung;MAIN;48|50
F895534A;8;GPH;RES;Phum Syarung;MAIN;48|50
F8CED75B;1;GPH;UNS;Nalesbitan Hill;MAIN;16
F900C0E0;1;GPH;SES;Beta Hunt Gold;MAIN;74|85
F900C0E0;2;GPH;EM;Beta Hunt Gold;MAIN;74|85
F9218C3D;1;GPH;IP;Sugarloaf Peak;MAIN;50|61
F9218C3D;2;GPH;RES;Sugarloaf Peak;MAIN;61
F9218C3D;3;GPH;MT;Sugarloaf Peak;MAIN;61
F9218C3D;4;GPH;AMAG;Sugarloaf Peak;MAIN;50|64
F93F68EA;1;GPH;UNS;Cocula Project;MAIN;58
F96BE301;4;GPH;EM;Castle Mountain;MAIN;115
F96BE301;5;GPH;GRV;Castle Mountain;MAIN;115
FA2ABBC3;1;GPH;VLF;Klaza vein system;MAIN;83
FA2ABBC3;2;GPH;GMAG;Klaza vein system;MAIN;83
FA2ABBC3;3;GPH;IP;Klaza vein system;MAIN;83|84
FA2ABBC3;4;GPH;AMAG;Klaza vein system;MAIN;83
FA2ABBC3;5;GPH;RAD;Klaza vein system;MAIN;83
FA12F08A;1;GPH;GMAG;Lawyers Trend;MAIN;169
FA12F08A;2;GPH;VLF;Lawyers Trend;MAIN;169
FA12F08A;3;GPH;IP;Lawyers Trend;MAIN;175
FA12F08A;4;GPH;EM;Lawyers Trend;MAIN;183
FA12F08A;5;GPH;AMAG;Lawyers Trend;MAIN;183
FA12F08A;6;GPH;RAD;Lawyers Trend;MAIN;183
FA12F08A;10;GPH;SWIR;Lawyers Trend;MAIN;198
FA2D25CE;1;GPH;AMAG;Golden Culvert;MAIN;42
FA2D25CE;2;GPH;GMAG;Golden Culvert;MAIN;40|42
FA2D25CE;3;GPH;VLF;Golden Culvert;MAIN;40|42
FA3229D6;1;GPH;AMAG;Preview SW;MAIN;35
FA3229D6;2;GPH;VLF;Preview SW;MAIN;35
FAA005F2;1;GPH;AMAG;Newman-Todd;MAIN;14|20
FAA005F2;2;GPH;EM;Newman-Todd;MAIN;14
FB7C8D23;1;GPH;GMAG;Koster Dam Project;MAIN;12|14|17
FB7C8D23;3;GPH;AMAG;Koster Dam Project;MAIN;17
FAAD2C02;1;GPH;UNS;Witlage Creek;MAIN;60
FB55B7CB;1;GPH;UNS;Rainy River gold project;MAIN;56
FB55B7CB;2;GPH;AMAG;Rainy River gold project;MAIN;61|84
FB55B7CB;3;GPH;EM;Rainy River gold project;MAIN;84|85
FB55B7CB;4;GPH;IP;Rainy River gold project;MAIN;84|85
FB55B7CB;5;GPH;GRV;Rainy River gold project;MAIN;84|85
FB55B7CB;6;GPH;MT;Rainy River gold project;MAIN;84|85
FB55B7CB;8;GPH;GMAG;Rainy River gold project;MAIN;85
FB188936;1;GPH;IP;Archimedes complex;MAIN;83
FB188936;2;GPH;EM;Archimedes complex;MAIN;83
FB188936;3;GPH;MT;Archimedes complex;MAIN;84
FB8AB413;1;GPH;IP;Toroparu Deposit;MAIN;100|101|105|110
FB8AB413;2;GPH;GMAG;Toroparu Deposit;MAIN;100|101|105|110
FB8AB413;3;GPH;AMAG;Toroparu Deposit;MAIN;106|108
FB8AB413;4;GPH;RAD;Toroparu Deposit;MAIN;108
FB8AB413;5;GPH;VLF;Toroparu Deposit;MAIN;108
FB9A0A42;1;GPH;AMAG;Committee Bay Area Project;MAIN;45|46
FBC1F48B;1;GPH;GMAG;Sharga VMS Prospects;MAIN;35|39
FBC1F48B;2;GPH;EM;Sharga VMS Prospects;MAIN;35|40
FBDDD661;1;GPH;IP;New Beliveau;MAIN;118
FC282D5A;1;GPH;EM;Reef;MAIN;55
FC282D5A;2;GPH;AMAG;Reef;MAIN;55
FC282D5A;3;GPH;MALM;Reef;MAIN;44
FC282D5A;4;GPH;IP;Reef;MAIN;44
FC21013D;3;GPH;RES;Eskay Creek;MAIN;81
FC21013D;4;GPH;IP;Eskay Creek;MAIN;81
FC5AD648;2;GPH;EM;El Yujo;MAIN;35
FC5AD648;3;GPH;GMAG;El Yujo;MAIN;36
FC4DEE3D;1;GPH;GPR;Antapite Mine;MAIN;38
FC9EFEA2;1;GPH;MT;Casposo;MAIN;33
FC9EFEA2;2;GPH;GMAG;Casposo;MAIN;33
FC9EFEA2;3;GPH;AMAG;Casposo;MAIN;33
FC9E737C;1;GPH;RAD;Gooseberry;MAIN;22
FC9E737C;2;GPH;RES;Gooseberry;MAIN;22
FC9E737C;3;GPH;EM;Gooseberry;MAIN;22
FC9E737C;4;GPH;MT;Gooseberry;MAIN;22|35
FCBC1184;1;GPH;EM;Bryce Gold Property;MAIN;46
FCBC1184;2;GPH;AMAG;Bryce Gold Property;MAIN;46
FCBC1184;3;GPH;IP;Bryce Gold Property;MAIN;48|49|50
FCBC1184;4;GPH;GMAG;Bryce Gold Property;MAIN;48|49
FCCE729C;1;GPH;VLF;Thurber Gold Trend;MAIN;48|72
FCCE729C;2;GPH;EM;Thurber Gold Trend;MAIN;48|83
FCCE729C;3;GPH;GMAG;Thurber Gold Trend;MAIN;48|72
FCCE729C;4;GPH;IP;Thurber Gold Trend;MAIN;48|85
FCCE729C;5;GPH;AMAG;Thurber Gold Trend;MAIN;48|81
FD21B936;1;GPH;AMAG;Amber Zone;MAIN;33
FD21B936;2;GPH;GMAG;Amber Zone;MAIN;35
FD21B936;3;GPH;IP;Amber Zone;MAIN;35
FCD43C7C;1;GPH;MT;Midas;MAIN;58|65|66
FD4A5797;1;GPH;UNS;Sulfuro vein;MAIN;38|42
FD564F86;1;GPH;GMAG;Dory Property;MAIN;21
FD728A17;1;GPH;AMAG;Baner Project;MAIN;47|48
FD728A17;2;GPH;EM;Baner Project;MAIN;47|48
FD728A17;3;GPH;IP;Baner Project;MAIN;41|47|48|51
FE367CC0;1;GPH;GMAG;Augusta;MAIN;85
FE367CC0;2;GPH;GRV;Augusta;MAIN;85
FE367CC0;3;GPH;IP;Augusta;MAIN;85
FE367CC0;4;GPH;AMAG;Augusta;MAIN;86
FE367CC0;5;GPH;RAD;Augusta;MAIN;86
FE4D71B5;1;GPH;AMAG;Marston;MAIN;61
FE4D71B5;2;GPH;EM;Marston;MAIN;61
FE5D75A3;1;GPH;IP;La Gitana;MAIN;24
FE68615C;1;GPH;GMAG;Chirano;MAIN;40|41
FE68615C;2;GPH;IP;Chirano;MAIN;40|41
FF29FA2D;1;GPH;IP;Mercury One;MAIN;69
FF501A3C;1;GPH;IP;Glen Auden Gold Zone;MAIN;35
FF501A3C;2;GPH;EM;Glen Auden Gold Zone;MAIN;38
FF501A3C;3;GPH;AMAG;Glen Auden Gold Zone;MAIN;38
FF53B0CA;1;GPH;AMAG;Baker;MAIN;75|79
FF53B0CA;2;GPH;RAD;Baker;MAIN;75|79
FF6B3D13;1;GPH;GRV;Al Halahila Main Zone;MAIN;20|41
FF6B3D13;2;GPH;GMAG;Al Halahila Main Zone;MAIN;26
FF6B3D13;3;GPH;IP;Al Halahila Main Zone;MAIN;26
FF6B3D13;4;GPH;SP;Al Halahila Main Zone;MAIN;26
FFB16654;1;GPH;GMAG;Meadowbank Area Project;MAIN;12
FFB16654;2;GPH;AMAG;Meadowbank Area Project;MAIN;47
02848679;1;GPH;RES;Nasedkino;MAIN;33
02848679;2;GPH;IP;Nasedkino;MAIN;33
02848679;3;GPH;AMAG;Nasedkino;MAIN;34
02848679;4;GPH;UNS;Nasedkino;MAIN;34
5043734F;1;GPH;EM;Zone Hamelin;MAIN;19|39
5043734F;2;GPH;IP;Zone Hamelin;MAIN;30
5F622144;1;GPH;IP;Pinguino;MAIN;14|17|18
5F622144;2;GPH;GMAG;Pinguino;MAIN;17|18
515A6D4D;1;GPH;AMAG;Cerro del Gallo;MAIN;29|34
6F8AF3D8;1;GPH;GMAG;Windfall;MAIN;135
6F8AF3D8;2;GPH;AMAG;Windfall;MAIN;135|136
6F8AF3D8;3;GPH;EM;Windfall;MAIN;135
6F8AF3D8;4;GPH;IP;Windfall;MAIN;135
7E1DC3A7;1;GPH;AMAG;Beaufort;MAIN;34
7E1DC3A7;2;GPH;GRV;Beaufort;MAIN;34
833C9BF8;1;GPH;AMAG;La Bolsa;MAIN;48
833C9BF8;2;GPH;EM;La Bolsa;MAIN;48
833C9BF8;3;GPH;RAD;La Bolsa;MAIN;48
90600156;2;GPH;IP;Amarillo Project;MAIN;50
A10B7BC7;1;GPH;IP;El Rosario;MAIN;32|43
A10B7BC7;2;GPH;GMAG;El Rosario;MAIN;32|43
A9A0DB31;1;GPH;GMAG;Itilima Shear Zone;MAIN;21|26
A9A0DB31;2;GPH;AMAG;Itilima Shear Zone;MAIN;36
A9A0DB31;3;GPH;RAD;Itilima Shear Zone;MAIN;36
D48F55E2;1;GPH;AMAG;Canadian Malartic;MAIN;55|56
D48F55E2;2;GPH;RAD;Canadian Malartic;MAIN;55|56
D48F55E2;3;GPH;EM;Canadian Malartic;MAIN;55|56
B4D78233;1;GPH;AMAG;Iron Point;MAIN;19|23|24|25|26|27|28|34
B4D78233;2;GPH;GRV;Iron Point;MAIN;18|29|30|31|32|33|34
B4D78233;3;GPH;MT;Iron Point;MAIN;34|35
ED72EA3D;1;GPH;EM;Kearney Vein;MAIN;17
1EC46AD3;1;GPH;UNS;Cerro San Pedro;MAIN;16
F76FBAFC;1;GPH;GMAG;Itilima Shear Zone;MAIN;21|26
F76FBAFC;2;GPH;AMAG;Itilima Shear Zone;MAIN;36
F76FBAFC;3;GPH;RAD;Itilima Shear Zone;MAIN;36
F76FBAFC;5;GPH;RES;Itilima Shear Zone;MAIN;19|28
F8DFAB5E;2;GPH;GRV;Tuscarora;MAIN;36
F8DFAB5E;4;GPH;MT;Tuscarora;MAIN;40|42|44
F8DFAB5E;5;GPH;GMAG;Tuscarora;MAIN;49
F8DFAB5E;6;GPH;AMAG;Tuscarora;MAIN;49
A0E31A38;1;GPH;IP;Claim 516119 Anomalies;MAIN;13
A9C738B1;1;GPH;IP;Claim 516119 Anomalies;MAIN;13
B8398DA2;1;GPH;AMAG;Johan Beetz Feldspar deposit;MAIN;25
B83E901B;1;GPH;AMAG;Sherlock;MAIN;52
B83E901B;2;GPH;RAD;Sherlock;MAIN;52
B83E901B;3;GPH;IP;Sherlock;MAIN;52
B83E901B;4;GPH;GMAG;Sherlock;MAIN;55
B8452A8C;1;GPH;AMAG;Bull Hill REE;MAIN;101|106
B8452A8C;2;GPH;RAD;Bull Hill REE;MAIN;101|102|106
B8452A8C;3;GPH;GMAG;Bull Hill REE;MAIN;102|106
B8452A8C;4;GPH;IP;Bull Hill REE;MAIN;102|106
B8452A8C;5;GPH;VLF;Bull Hill REE;MAIN;102
B8452A8C;6;GPH;GRV;Bull Hill REE;MAIN;102|103|106
B8452A8C;7;GPH;EM;Bull Hill REE;MAIN;102|106
B8452A8C;8;GPH;MT;Bull Hill REE;MAIN;102|103
B88CF630;1;GPH;EM;William Lake trend;MAIN;53|59|65|68|75
B88CF630;2;GPH;UNS;William Lake trend;MAIN;13|75
B8D9A012;1;GPH;SES;Cleopatra;MAIN;56|56
B8DA6689;1;GPH;WLOG;Corsa Properties;MAIN;53
B95773FB;1;GPH;AMAG;Whabouchi;MAIN;16|22
B95773FB;2;GPH;EM;Whabouchi;MAIN;16
B95773FB;3;GPH;GMAG;Whabouchi;MAIN;16|22
B95773FB;4;GPH;VLF;Whabouchi;MAIN;16
B9340F16;1;GPH;SES;Mengo;MAIN;54|55
B9507E64;1;GPH;EM;Taca Taca;MAIN;39
B9507E64;2;GPH;IP;Taca Taca;MAIN;39|40
B9507E64;3;GPH;GMAG;Taca Taca;MAIN;39
B9507E64;4;GPH;RAD;Taca Taca;MAIN;39
B9507E64;5;GPH;GRV;Taca Taca;MAIN;40
B9507E64;6;GPH;MT;Taca Taca;MAIN;40
B937321D;1;GPH;SES;Kevitsa;MAIN;28|41
B937321D;2;GPH;MT;Kevitsa;MAIN;40
B937321D;3;GPH;RES;Kevitsa;MAIN;40|42
B937321D;4;GPH;IP;Kevitsa;MAIN;40|42
B937321D;5;GPH;EM;Kevitsa;MAIN;41|42
B937321D;6;GPH;AMAG;Kevitsa;MAIN;42
B937321D;7;GPH;GMAG;Kevitsa;MAIN;42
B937321D;8;GPH;RAD;Kevitsa;MAIN;42
B937321D;9;GPH;GRV;Kevitsa;MAIN;42
B937321D;10;GPH;VLF;Kevitsa;MAIN;42
B937321D;11;GPH;SP;Kevitsa;MAIN;42
B937321D;12;GPH;MALM;Kevitsa;MAIN;42
B937321D;13;GPH;WLOG;Kevitsa;MAIN;42
B985DBF1;1;GPH;AMAG;Mouchalagane Iron Formations;MAIN;20
B985DBF1;2;GPH;VLF;Mouchalagane Iron Formations;MAIN;20
B98C20E9;1;GPH;RAD;Dead Horse Creek Diatremes;MAIN;20|22|25
B997FCE4;1;GPH;RES;Crownpoint;MAIN;12|15
B997FCE4;2;GPH;RAD;Crownpoint;MAIN;12|15
B99787C6;1;GPH;EM;Rogers Farm;MAIN;61
B99787C6;2;GPH;AMAG;Rogers Farm;MAIN;61
B987C0E1;1;GPH;SWIR;Chelopech;MAIN;62
B987C0E1;2;GPH;IP;Chelopech;MAIN;71
B987C0E1;3;GPH;MT;Chelopech;MAIN;71|72
B987C0E1;4;GPH;EM;Chelopech;MAIN;71
B987C0E1;5;GPH;WLOG;Chelopech;MAIN;71
B987C0E1;6;GPH;GMAG;Chelopech;MAIN;72
B987C0E1;7;GPH;GRV;Chelopech;MAIN;72
B987C0E1;10;GPH;AMAG;Chelopech;MAIN;73
B9A0F630;1;GPH;EM;Bisha Main;MAIN;78
B9A0F630;2;GPH;UNS;Bisha Main;MAIN;78
B9A33FF6;1;GPH;RAD;Ministikuchum Island Uranium;MAIN;41|43
B9A33FF6;2;GPH;VLF;Ministikuchum Island Uranium;MAIN;41
B9A33FF6;3;GPH;AMAG;Ministikuchum Island Uranium;MAIN;41
B9A82374;1;GPH;EM;Gloucester Project;MAIN;48|49|61
B9A82374;2;GPH;AMAG;Gloucester Project;MAIN;48|49|61|62
B9D977D6;1;GPH;AMAG;Diamond and Diamond West Graphite;MAIN;20
B9D977D6;2;GPH;EM;Diamond and Diamond West Graphite;MAIN;20
B9D977D6;3;GPH;RAD;Diamond and Diamond West Graphite;MAIN;20
B9C3F34D;1;GPH;EM;Maverick Graphite;MAIN;40
BA0CAFB6;1;GPH;AMAG;Genesis Property;MAIN;23
BA0CAFB6;2;GPH;VLF;Genesis Property;MAIN;23
BA0CAFB6;3;GPH;RAD;Genesis Property;MAIN;23
BA0CAFB6;4;GPH;EM;Genesis Property;MAIN;23
B9FBE281;1;GPH;EM;Hopper;MAIN;18|34|49
B9FBE281;2;GPH;AMAG;Hopper;MAIN;18|34|49
B9FBE281;5;GPH;IP;Hopper;MAIN;18|50
BA171E23;1;GPH;IP;Haquira East;MAIN;119|125
BA171E23;2;GPH;RES;Haquira East;MAIN;119
BA171E23;3;GPH;GMAG;Haquira East;MAIN;119|121
BA3D42BB;1;GPH;AMAG;Sheps and Perault Lake;MAIN;34
BA43678B;1;GPH;EM;Horden Lake Deposit;MAIN;40|42
BA43678B;2;GPH;AMAG;Horden Lake Deposit;MAIN;40|42
BA6F2CC4;1;GPH;AMAG;Alpala;MAIN;105|111
BA6F2CC4;2;GPH;RAD;Alpala;MAIN;105|111
BA6F2CC4;3;GPH;GMAG;Alpala;MAIN;105|112
BA6F2CC4;4;GPH;IP;Alpala;MAIN;106|112
BA6F2CC4;5;GPH;MT;Alpala;MAIN;106|112
F6E4EA44;1;GPH;EM;Windfall;MAIN;154|156|157
F6E4EA44;2;GPH;AMAG;Windfall;MAIN;154|156|157
F6E4EA44;3;GPH;IP;Windfall;MAIN;154|155|157|158|159|160
F6E4EA44;4;GPH;WLOG;Windfall;MAIN;155|159
C2AF73F9;1;GPH;AMAG;Moss Vein;MAIN;70
ECDE1F0F;1;GPH;IP;Newton;MAIN;48
ECDE1F0F;2;GPH;GMAG;Newton;MAIN;48
ECDE1F0F;3;GPH;SWIR;Newton;MAIN;51
C03783C6;1;GPH;AMAG;Guadalupe Project;MAIN;42|43
C03783C6;2;GPH;RAD;Guadalupe Project;MAIN;42|43
00FE19F5;1;GPH;RES;Eureka West;MAIN;67
DAEF9F13;1;GPH;AMAG;Zani-Kodo;MAIN;41
DAEF9F13;2;GPH;RAD;Zani-Kodo;MAIN;41
8DD15988;1;GPH;GMAG;S-50 Zone;MAIN;121
BAB528A6;1;GPH;SES;Milestone Project;MAIN;63|64
BA8ECAB9;1;GPH;IP;Mantoverde;MAIN;73
BA8ECAB9;2;GPH;RES;Mantoverde;MAIN;73
BA8ECAB9;3;GPH;MT;Mantoverde;MAIN;73
BA8ECAB9;4;GPH;GRV;Mantoverde;MAIN;73
BA8ECAB9;5;GPH;GMAG;Mantoverde;MAIN;73
BA8ECAB9;6;GPH;AMAG;Mantoverde;MAIN;71|73|74
BA8ECAB9;7;GPH;RAD;Mantoverde;MAIN;71
BA8ECAB9;8;GPH;EM;Mantoverde;MAIN;75
BAC349FD;1;GPH;EM;Horseshoe;MAIN;77
BAC349FD;2;GPH;RAD;Horseshoe;MAIN;77
BAC349FD;3;GPH;AMAG;Horseshoe;MAIN;77
BAC349FD;4;GPH;IP;Horseshoe;MAIN;79
BAC349FD;5;GPH;GRV;Horseshoe;MAIN;79
BAD310B1;1;GPH;GMAG;Tchiuzo;MAIN;74
BAD310B1;2;GPH;EM;Tchiuzo;MAIN;74
BAD310B1;3;GPH;MT;Tchiuzo;MAIN;74
BB02D8D9;1;GPH;GMAG;Al Hamurah;MAIN;23
BB02D8D9;2;GPH;IP;Al Hamurah;MAIN;23|27
BB3CA2B4;1;GPH;AMAG;Thelon Project Kimberlites;MAIN;44|48
BB3CA2B4;2;GPH;EM;Thelon Project Kimberlites;MAIN;44|48
BB3CA2B4;3;GPH;VLF;Thelon Project Kimberlites;MAIN;48
BB3CA2B4;4;GPH;GRV;Thelon Project Kimberlites;MAIN;44|48
BB3CA2B4;5;GPH;GMAG;Thelon Project Kimberlites;MAIN;44|48
BB3CA2B4;6;GPH;RES;Thelon Project Kimberlites;MAIN;44
BAF67F2D;4;GPH;AMAG;Area 4;MAIN;55
BAF67F2D;5;GPH;RAD;Area 4;MAIN;53|55|58
BAF67F2D;6;GPH;GMAG;Area 4;MAIN;55|56
BAF67F2D;7;GPH;GRV;Area 4;MAIN;55|56
BAF67F2D;8;GPH;IP;Area 4;MAIN;59
BAF67F2D;9;GPH;RES;Area 4;MAIN;59
BB550FDD;1;GPH;AMAG;Pat;MAIN;11
BB550FDD;2;GPH;IP;Pat;MAIN;12
BB456657;1;GPH;AMAG;K252;MAIN;44
BB456657;2;GPH;EM;K252;MAIN;44|50
BB456657;3;GPH;GRV;K252;MAIN;50
BB456657;4;GPH;SES;K252;MAIN;50
BB465406;1;GPH;IP;Mount Milligan;MAIN;71|73
BB465406;2;GPH;GMAG;Mount Milligan;MAIN;71
BB465406;3;GPH;EM;Mount Milligan;MAIN;73
BB7314F1;1;GPH;AMAG;Kyle Kimberlites;MAIN;24|39
BB7314F1;2;GPH;GMAG;Kyle Kimberlites;MAIN;24|42
BB7314F1;3;GPH;GRV;Kyle Kimberlites;MAIN;21
BB861F3A;1;GPH;GRV;Salar de Diablillos;MAIN;62|65
BB861F3A;2;GPH;WLOG;Salar de Diablillos;MAIN;62|64
BB8F2D1A;1;GPH;IP;Vista;MAIN;31
BB9E4CCA;1;GPH;EM;Salar de Pastos Grandes;MAIN;59|61
BB9E4CCA;2;GPH;RES;Salar de Pastos Grandes;MAIN;59|62|68
BB9E4CCA;3;GPH;MT;Salar de Pastos Grandes;MAIN;64
BBA59BA1;1;GPH;AMAG;Sleitat;MAIN;19
BB98B8D7;1;GPH;EM;Furnas;MAIN;45
BB98B8D7;2;GPH;AMAG;Furnas;MAIN;45
BB98B8D7;3;GPH;RAD;Furnas;MAIN;45
BB98B8D7;4;GPH;GMAG;Furnas;MAIN;45
BB98B8D7;5;GPH;IP;Furnas;MAIN;45
BBB59188;1;GPH;IP;Ivana;MAIN;52|53
BBD284C0;1;GPH;MT;Grass Valley;MAIN;52|54
BBDB221E;1;GPH;GMAG;Lac Dore;MAIN;47
BBF5FB5A;1;GPH;SES;Cory;MAIN;23|24|26|29
BBD7C48E;2;GPH;SWIR;Soledad tourmaline breccia pipes;MAIN;50|53|54
BBD7C48E;3;GPH;EM;Soledad tourmaline breccia pipes;MAIN;55|58|59
BBD7C48E;4;GPH;MT;Soledad tourmaline breccia pipes;MAIN;55
BBD7C48E;5;GPH;GMAG;Soledad tourmaline breccia pipes;MAIN;56
BBD7C48E;8;GPH;IP;Soledad tourmaline breccia pipes;MAIN;60|64
BBDF8FA9;4;GPH;RAD;Arex and Ambrex;MAIN;52
BBDF8FA9;5;GPH;AMAG;Arex and Ambrex;MAIN;52
BBDF8FA9;6;GPH;EM;Arex and Ambrex;MAIN;52
BBFC1ADF;1;GPH;AMAG;Lac Lamêlée South;MAIN;50|70
BBFC1ADF;2;GPH;RAD;Lac Lamêlée South;MAIN;70
BBFC1ADF;3;GPH;GRV;Lac Lamêlée South;MAIN;68|70
BBFC1ADF;4;GPH;GMAG;Lac Lamêlée South;MAIN;50|70
BC0AB846;1;GPH;GRV;Murray Brook;MAIN;38
BC0AB846;2;GPH;EM;Murray Brook;MAIN;38
BC09C7C7;1;GPH;AMAG;Alpala;MAIN;105|111
BC09C7C7;2;GPH;RAD;Alpala;MAIN;105|111
BC09C7C7;3;GPH;GMAG;Alpala;MAIN;105|112
BC09C7C7;4;GPH;IP;Alpala;MAIN;106|112
BC09C7C7;5;GPH;MT;Alpala;MAIN;106|112
BC17ECA3;1;GPH;GRV;Iron Ore Hill;MAIN;29|30
BC17ECA3;2;GPH;GMAG;Iron Ore Hill;MAIN;29|33|35|36
BC402EDE;1;GPH;IP;Quebrada Blanca;MAIN;57|58|59
BC402EDE;2;GPH;RES;Quebrada Blanca;MAIN;57|58|59
BC402EDE;3;GPH;GMAG;Quebrada Blanca;MAIN;57|58
BC402EDE;4;GPH;AMAG;Quebrada Blanca;MAIN;58|59
BC402EDE;6;GPH;EM;Quebrada Blanca;MAIN;58
BC402EDE;8;GPH;RAD;Quebrada Blanca;MAIN;59
BC528F42;1;GPH;SES;Basin East;MAIN;53|58|59
BC528F42;2;GPH;GPR;Basin East;MAIN;51|61
BC528F42;3;GPH;SWIR;Basin East;MAIN;53
BC51476F;1;GPH;EM;Ming Mine;MAIN;60
BC51476F;2;GPH;IP;Ming Mine;MAIN;63
BC51476F;3;GPH;MT;Ming Mine;MAIN;63
BC498F14;1;GPH;IP;Lisle Zone;MAIN;91|99|102|105
BC498F14;2;GPH;AMAG;Lisle Zone;MAIN;103|105
BC591773;1;GPH;GRV;Teels Marsh;MAIN;37|39
BC591773;2;GPH;AMAG;Teels Marsh;MAIN;37|40
BC591773;3;GPH;SES;Teels Marsh;MAIN;37|43
BCABE52F;3;GPH;RAD;Carina;MAIN;79
BCABE52F;4;GPH;AMAG;Carina;MAIN;79
BCBB9EF1;1;GPH;AMAG;Churchill Kimberlites;MAIN;28|40
BCBB9EF1;2;GPH;EM;Churchill Kimberlites;MAIN;28|40
BCBB9EF1;3;GPH;GRV;Churchill Kimberlites;MAIN;36
BCBB9EF1;5;GPH;GMAG;Churchill Kimberlites;MAIN;38
BCBB9EF1;6;GPH;GPR;Churchill Kimberlites;MAIN;39
BCBB9EF1;7;GPH;UNS;Churchill Kimberlites;MAIN;41
BCD0575C;1;GPH;GPR;Mayaniquel Project;MAIN;53
BCAD3B17;1;GPH;GRV;Merensky Reef;MAIN;47|48
BCAD3B17;2;GPH;GMAG;Merensky Reef;MAIN;47|50
BCAD3B17;3;GPH;AMAG;Merensky Reef;MAIN;47|50
BCAD3B17;6;GPH;WLOG;Merensky Reef;MAIN;49
BCE46F84;1;GPH;AMAG;GAS halite deposit;MAIN;75
BCE46F84;2;GPH;SES;GAS halite deposit;MAIN;75
BCE46F84;3;GPH;GRV;GAS halite deposit;MAIN;75
BCDEFC93;1;GPH;SES;Banio Potash Project;MAIN;103|104
BCF00A48;1;GPH;AMAG;Bishop Claims;MAIN;43
BCF00A48;2;GPH;EM;Bishop Claims;MAIN;43
BCE4F9DE;1;GPH;RAD;Klappibacken;MAIN;35|36
BCE4F9DE;2;GPH;GMAG;Klappibacken;MAIN;36
BD3BC3DF;1;GPH;AMAG;Čukaru Peki;MAIN;64|74
BD3BC3DF;2;GPH;GRV;Čukaru Peki;MAIN;64|74
BD3BC3DF;3;GPH;MT;Čukaru Peki;MAIN;64|74
BD3BC3DF;4;GPH;IP;Čukaru Peki;MAIN;74
BD3BC3DF;5;GPH;SES;Čukaru Peki;MAIN;74
BD3BC3DF;6;GPH;EM;Čukaru Peki;MAIN;73
BD550B2D;1;GPH;EM;James Bay Lowlands Nickel Project;MAIN;28|31|87|88|89
BD550B2D;2;GPH;AMAG;James Bay Lowlands Nickel Project;MAIN;28|31
BD5836A8;1;GPH;SES;Paris Hills;MAIN;69|71
BD5836A8;2;GPH;RAD;Paris Hills;MAIN;69|71
BD6DD4CA;3;GPH;SES;Feature 8;MAIN;35|37
BD4FB4B5;1;GPH;EM;Bracemac-McLeod;MAIN;57|58
BD86A808;1;GPH;RES;Chvaletice Manganese Project;MAIN;80
BD86A808;2;GPH;SES;Chvaletice Manganese Project;MAIN;80|82
BDA1B15F;1;GPH;MT;Piskanja;MAIN;42
BD9D78C6;1;GPH;AMAG;Los Azules;MAIN;91
BD9D78C6;2;GPH;IP;Los Azules;MAIN;91|92|93
BD9D78C6;3;GPH;GMAG;Los Azules;MAIN;91|92|94
BD9D78C6;4;GPH;MT;Los Azules;MAIN;93
BD9D78C6;5;GPH;RES;Los Azules;MAIN;93
BDDFBC60;1;GPH;EM;Hadal Awatib East;MAIN;51|52
BDDFBC60;2;GPH;AMAG;Hadal Awatib East;MAIN;51
BDE18B03;1;GPH;GMAG;Cozamin;MAIN;71
BDE18B03;2;GPH;AMAG;Cozamin;MAIN;71|72
BDE18B03;3;GPH;MT;Cozamin;MAIN;72
BDE18B03;4;GPH;IP;Cozamin;MAIN;72
BDF7E37B;1;GPH;EM;MG01;MAIN;48|53
BDF7E37B;2;GPH;GMAG;MG01;MAIN;48|53|54
BDF7E37B;3;GPH;AMAG;MG01;MAIN;53
BDF7E37B;4;GPH;GRV;MG01;MAIN;53
BDF7E37B;5;GPH;IP;MG01;MAIN;53
BDF7E37B;6;GPH;SES;MG01;MAIN;53
BE15A531;3;GPH;RES;Ovoot Tolgoi Deposit;MAIN;57|59
BE15A531;4;GPH;GRV;Ovoot Tolgoi Deposit;MAIN;59
BE15A531;5;GPH;AMAG;Ovoot Tolgoi Deposit;MAIN;59
BE15A531;6;GPH;RAD;Ovoot Tolgoi Deposit;MAIN;59
BE00B7F5;1;GPH;GMAG;Hannukainen;MAIN;85
BE00B7F5;2;GPH;GRV;Hannukainen;MAIN;85
BE00B7F5;3;GPH;SES;Hannukainen;MAIN;85
BE13B37F;3;GPH;EM;Iron-Beaver project;MAIN;42
BE13B37F;4;GPH;AMAG;Iron-Beaver project;MAIN;42
BE13B37F;5;GPH;RAD;Iron-Beaver project;MAIN;42|46|47
BE13B37F;6;GPH;GMAG;Iron-Beaver project;MAIN;46|47
BE27034F;1;GPH;MT;Hombre Muerto North;MAIN;58|65|66|67|68
BE570F7E;1;GPH;IP;Lisle Zone;MAIN;60
BE52ADE5;1;GPH;GMAG;Clay-Howells;MAIN;37
BE52ADE5;2;GPH;AMAG;Clay-Howells;MAIN;37
BE52ADE5;3;GPH;RAD;Clay-Howells;MAIN;37
BE8E9974;1;GPH;SES;Holbrook Basin Potash Deposit;MAIN;48
BE6A3F20;1;GPH;GMAG;Zandkopsdrift;MAIN;45
BE6A3F20;2;GPH;RAD;Zandkopsdrift;MAIN;45
BE6A3F20;3;GPH;WLOG;Zandkopsdrift;MAIN;48
BE786849;1;GPH;GRV;Lemarchant Deposit;MAIN;46
BE786849;3;GPH;EM;Lemarchant Deposit;MAIN;43|46|47|48|51
BE786849;4;GPH;GMAG;Lemarchant Deposit;MAIN;47|48
BECB5781;1;GPH;EM;Johnny Lee;MAIN;131
BECB5781;2;GPH;AMAG;Johnny Lee;MAIN;131
BECB5781;3;GPH;GMAG;Johnny Lee;MAIN;131
BEE04A3E;1;GPH;GMAG;Whabouchi;MAIN;28
BEE04A3E;2;GPH;AMAG;Whabouchi;MAIN;28
BF1048CD;1;GPH;AMAG;Gogota;MAIN;35
BF1048CD;2;GPH;RAD;Gogota;MAIN;35
BF0E3A89;1;GPH;IP;Alaskite Zone;MAIN;42
BF0E3A89;2;GPH;GMAG;Alaskite Zone;MAIN;42
BF3721F2;1;GPH;SES;Leduc Formation Aquifer;MAIN;84
BF1E1EA7;1;GPH;VLF;El Sol;MAIN;54
BF1E1EA7;2;GPH;GMAG;El Sol;MAIN;54|55
BF5173BF;1;GPH;AMAG;Samapleu Deposits;MAIN;48|67
BF5173BF;2;GPH;RAD;Samapleu Deposits;MAIN;48|67
BF5173BF;3;GPH;EM;Samapleu Deposits;MAIN;48|67
BF5173BF;4;GPH;GMAG;Samapleu Deposits;MAIN;48|67
BF5173BF;5;GPH;IP;Samapleu Deposits;MAIN;67
BF59F6E2;1;GPH;EM;Santa Rita;MAIN;34
BF59F6E2;2;GPH;IP;Santa Rita;MAIN;34
BF59F6E2;3;GPH;GPR;Santa Rita;MAIN;34
BF59F6E2;4;GPH;GMAG;Santa Rita;MAIN;34
BF59F6E2;5;GPH;GRV;Santa Rita;MAIN;34
BF6CD2D6;1;GPH;AMAG;Duval showings;MAIN;42|45
BF6CD2D6;2;GPH;EM;Duval showings;MAIN;42|45
BF683D6E;1;GPH;GMAG;Kombat Mine;MAIN;78
BF683D6E;2;GPH;AMAG;Kombat Mine;MAIN;78
BF683D6E;3;GPH;IP;Kombat Mine;MAIN;78
BF683D6E;4;GPH;SES;Kombat Mine;MAIN;78
BF93360F;1;GPH;AMAG;Troitsa Porphyry System;MAIN;74|75|76
BF93360F;2;GPH;IP;Troitsa Porphyry System;MAIN;116
BF94A0F5;1;GPH;UNS;Los Santos;MAIN;27
BF99692D;1;GPH;EM;Pardoe Lake Project Target;MAIN;11
BFD82B32;1;GPH;AMAG;Nakina Li Property;MAIN;37
BFA83362;1;GPH;IP;Southeast Zone;MAIN;34|42|43
BFA83362;2;GPH;GMAG;Southeast Zone;MAIN;46
BFA83362;3;GPH;AMAG;Southeast Zone;MAIN;48
BFA83362;4;GPH;RAD;Southeast Zone;MAIN;48
BFA83362;5;GPH;GRV;Southeast Zone;MAIN;48
BFFB8D43;1;GPH;AMAG;Jericho kimberlite;MAIN;46
BFFB8D43;2;GPH;EM;Jericho kimberlite;MAIN;46
BFFB8D43;3;GPH;VLF;Jericho kimberlite;MAIN;46
BFFB8D43;4;GPH;UNS;Jericho kimberlite;MAIN;46
BFFB8D43;5;GPH;GMAG;Jericho kimberlite;MAIN;46
BFFB8D43;6;GPH;GRV;Jericho kimberlite;MAIN;46
BFDCAD7E;1;GPH;AMAG;Bégin-Lamarche;MAIN;74
C0006A8D;1;GPH;AMAG;Sunlight property;MAIN;12|14
BFDEF3A2;1;GPH;IP;Mt Elliott;MAIN;45
BFDEF3A2;2;GPH;EM;Mt Elliott;MAIN;45
BFDEF3A2;3;GPH;RAD;Mt Elliott;MAIN;45
BFDEF3A2;4;GPH;GMAG;Mt Elliott;MAIN;45
BFDEF3A2;6;GPH;GRV;Mt Elliott;MAIN;45
BFF9F88B;1;GPH;GMAG;Madrugador;MAIN;79
C0439E41;1;GPH;RES;Chvaletice Manganese Project;MAIN;95
C0439E41;2;GPH;SES;Chvaletice Manganese Project;MAIN;95|97
C026F4B9;1;GPH;GMAG;Cranberry Creek Property;MAIN;104
C026F4B9;2;GPH;VLF;Cranberry Creek Property;MAIN;104|108
C026F4B9;3;GPH;AMAG;Cranberry Creek Property;MAIN;108
C013495A;1;GPH;RES;Mestena Grande Project;MAIN;37
C08370EE;1;GPH;EM;Limonite Creek;MAIN;10|16
C08370EE;2;GPH;IP;Limonite Creek;MAIN;15
C08370EE;3;GPH;AMAG;Limonite Creek;MAIN;16
C08370EE;4;GPH;VLF;Limonite Creek;MAIN;16
C01BA81E;1;GPH;UNS;Nahmint Property Skarns;MAIN;16
C01BA81E;2;GPH;AMAG;Nahmint Property Skarns;MAIN;16|28|29
C01BA81E;3;GPH;EM;Nahmint Property Skarns;MAIN;16
C01BA81E;4;GPH;RAD;Nahmint Property Skarns;MAIN;16
C01BA81E;5;GPH;GMAG;Nahmint Property Skarns;MAIN;25
C0911B2A;1;GPH;RAD;DASA;MAIN;49
C0BFF6AB;1;GPH;EM;Roncevaux quartz vein;MAIN;36
C0BFF6AB;2;GPH;GMAG;Roncevaux quartz vein;MAIN;36
C0BFF6AB;3;GPH;RES;Roncevaux quartz vein;MAIN;36
C0B1E854;1;GPH;AMAG;Manicouagan-Ouest Graphitic Corridor;MAIN;54
C0B1E854;2;GPH;EM;Manicouagan-Ouest Graphitic Corridor;MAIN;54|56
C0B1E854;3;GPH;VLF;Manicouagan-Ouest Graphitic Corridor;MAIN;54
C0B1E854;5;GPH;GMAG;Manicouagan-Ouest Graphitic Corridor;MAIN;56
C0ECFE17;1;GPH;EM;Kokanee;MAIN;19|25
C0E52C38;1;GPH;UNS;Valencia;MAIN;58
C0E52C38;2;GPH;RAD;Valencia;MAIN;58
C0DF1A16;1;GPH;EM;Bornite;MAIN;56|65
C0DF1A16;2;GPH;AMAG;Bornite;MAIN;56|65
C0DF1A16;3;GPH;RAD;Bornite;MAIN;56
C0DF1A16;4;GPH;IP;Bornite;MAIN;59
C0DF1A16;5;GPH;MT;Bornite;MAIN;59
C0DF1A16;6;GPH;GRV;Bornite;MAIN;62
C0DF1A16;7;GPH;SES;Bornite;MAIN;63
C10D00E0;1;GPH;AMAG;Eagle's Nest;MAIN;44|45|46
C10D00E0;2;GPH;EM;Eagle's Nest;MAIN;44|45|46|47|48|50
C10D00E0;6;GPH;GRV;Eagle's Nest;MAIN;44|45|47|48
C10D00E0;9;GPH;VLF;Eagle's Nest;MAIN;46|48
C10D00E0;10;GPH;GMAG;Eagle's Nest;MAIN;46|47|48
C10D00E0;18;GPH;IP;Eagle's Nest;MAIN;49
C11623C0;1;GPH;SES;Danakhil Potash Deposit;MAIN;79|80
C11623C0;2;GPH;EM;Danakhil Potash Deposit;MAIN;80
C11411DF;3;GPH;IP;Filo del Sol;MAIN;132|133|134
C11411DF;4;GPH;MT;Filo del Sol;MAIN;133|134
C11411DF;5;GPH;AMAG;Filo del Sol;MAIN;132|133
C11411DF;6;GPH;EM;Filo del Sol;MAIN;133
C1365C9A;1;GPH;SWIR;Tilemsi Valley;MAIN;16
C1353778;1;GPH;UNS;Salobo;MAIN;56
C14B7F90;1;GPH;AMAG;G and H Quartzite Units;MAIN;42
C14B7F90;2;GPH;VLF;G and H Quartzite Units;MAIN;42|43
C1393F7C;1;GPH;IP;Dick Creek;MAIN;45|46
C1393F7C;2;GPH;GMAG;Dick Creek;MAIN;45|46
C15BA3DE;1;GPH;EM;Bobby's Pond deposit;MAIN;41|47|49
C15BA3DE;2;GPH;IP;Bobby's Pond deposit;MAIN;47
C15BA3DE;3;GPH;GMAG;Bobby's Pond deposit;MAIN;47
C16B2DFE;1;GPH;WLOG;Somerset-Cambria Coal Complex;MAIN;42
C18A94C1;1;GPH;GRV;Arrow deposit;MAIN;41
C18A94C1;2;GPH;RES;Arrow deposit;MAIN;41
C18A94C1;3;GPH;AMAG;Arrow deposit;MAIN;42
C18A94C1;4;GPH;RAD;Arrow deposit;MAIN;42|43
C18A94C1;5;GPH;VLF;Arrow deposit;MAIN;42
C18A94C1;6;GPH;EM;Arrow deposit;MAIN;42
C1A3BFDB;1;GPH;AMAG;Nkout;MAIN;16|44|52|53|55
C1A3BFDB;2;GPH;GRV;Nkout;MAIN;53
C1B75267;1;GPH;AMAG;Carrizalillo Hill;MAIN;39|47
C1B75267;2;GPH;GRV;Carrizalillo Hill;MAIN;39|47
C1D15D1C;1;GPH;EM;Nokomis Deposit;MAIN;39
C1B7DE96;1;GPH;AMAG;Altar;MAIN;72
C1B7DE96;2;GPH;GMAG;Altar;MAIN;72|76|78
C1B7DE96;3;GPH;IP;Altar;MAIN;72|73|74|75
C1B7DE96;4;GPH;MALM;Altar;MAIN;73
C1B7DE96;5;GPH;MT;Altar;MAIN;74|75|79
C1CD099E;1;GPH;AMAG;Wolfram Camp;MAIN;76
C1CD099E;2;GPH;RAD;Wolfram Camp;MAIN;76
C1E6C689;1;GPH;RAD;Sheep Mountain Project;MAIN;37
C1E6C689;2;GPH;AMAG;Sheep Mountain Project;MAIN;37
C1E6C689;3;GPH;GRV;Sheep Mountain Project;MAIN;37
C1D2CB96;1;GPH;RAD;North Canning Deposit;MAIN;32
C1D2CB96;2;GPH;UNS;North Canning Deposit;MAIN;32
C1D2CB96;3;GPH;IP;North Canning Deposit;MAIN;32
C1D2CB96;4;GPH;RES;North Canning Deposit;MAIN;32
C1D2CB96;5;GPH;EM;North Canning Deposit;MAIN;32
C1D2CB96;6;GPH;SP;North Canning Deposit;MAIN;32
C1D2CB96;7;GPH;GMAG;North Canning Deposit;MAIN;32
C1D2CB96;8;GPH;VLF;North Canning Deposit;MAIN;32
C1E73929;1;GPH;AMAG;Lake Giles BIF;MAIN;27|30
C223B2DD;1;GPH;AMAG;Lemare;MAIN;23
C223B2DD;2;GPH;EM;Lemare;MAIN;23
C1EC8250;5;GPH;SWIR;Berenguela;MAIN;120
C2290B1B;1;GPH;SES;LANXESS Li-Brine;MAIN;72
C2290B1B;2;GPH;WLOG;LANXESS Li-Brine;MAIN;68|71
C23D14BF;1;GPH;AMAG;Grootfontein Mafic Body;MAIN;34
C223C5CA;1;GPH;AMAG;Mount Polley;MAIN;40|52
C223C5CA;2;GPH;GMAG;Mount Polley;MAIN;40
C223C5CA;3;GPH;SES;Mount Polley;MAIN;27|40
C223C5CA;4;GPH;IP;Mount Polley;MAIN;27|40
C223C5CA;5;GPH;VLF;Mount Polley;MAIN;40
C223C5CA;6;GPH;RAD;Mount Polley;MAIN;52
C22890AD;1;GPH;UNS;Mantos Blancos;MAIN;60|61
C23060D8;1;GPH;AMAG;Nemegosenda Lake Complex;MAIN;53|59
C23060D8;2;GPH;SES;Nemegosenda Lake Complex;MAIN;53
C23060D8;3;GPH;RAD;Nemegosenda Lake Complex;MAIN;59
C2445EB5;1;GPH;AMAG;Dibwe East;MAIN;58
C2445EB5;2;GPH;RAD;Dibwe East;MAIN;58
C2A9F5B4;1;GPH;SES;Sekayu Block CBM;MAIN;14
C26E5884;1;GPH;AMAG;C-Zone;MAIN;82
C26E5884;2;GPH;GMAG;C-Zone;MAIN;82|86|87|88|90
C26E5884;3;GPH;UNS;C-Zone;MAIN;76
C25473DB;1;GPH;EM;ABM;MAIN;57|76|77
C25473DB;2;GPH;GRV;ABM;MAIN;76|77
C25473DB;3;GPH;GMAG;ABM;MAIN;76
C2A099EF;1;GPH;GMAG;Gulçari A;MAIN;100|101
C2A099EF;2;GPH;IP;Gulçari A;MAIN;100|101|102
C2A099EF;3;GPH;VLF;Gulçari A;MAIN;101
C2AE9363;1;GPH;RAD;Blair Property;MAIN;51
C2AE9363;2;GPH;RES;Blair Property;MAIN;51
C2C17071;1;GPH;RAD;Falchani Project;MAIN;22
C2D5E0DF;1;GPH;GMAG;Tan Chaffao;MAIN;32|33
C2D5E0DF;2;GPH;RES;Tan Chaffao;MAIN;32
C2D5E0DF;3;GPH;SP;Tan Chaffao;MAIN;32
C2D5E0DF;4;GPH;GRV;Tan Chaffao;MAIN;32
C2F2295E;1;GPH;IP;Mandamah;MAIN;37
C2F2295E;2;GPH;UNS;Mandamah;MAIN;37
C3069997;1;GPH;IP;Main Zone;MAIN;85
C3069997;2;GPH;UNS;Main Zone;MAIN;86
C3219A77;1;GPH;AMAG;Nithi Mountain;MAIN;25
C3219A77;2;GPH;EM;Nithi Mountain;MAIN;25
C3219A77;4;GPH;RAD;Nithi Mountain;MAIN;25
C336AE70;1;GPH;GMAG;Braúna 03;MAIN;99
C34117CD;1;GPH;MT;Berg;MAIN;88|97
C34117CD;2;GPH;AMAG;Berg;MAIN;95|97
C34117CD;3;GPH;EM;Berg;MAIN;89|95
C378192C;1;GPH;AMAG;Merry Widow;MAIN;44|53
C378192C;3;GPH;EM;Merry Widow;MAIN;53
C3763DD5;1;GPH;AMAG;CV5 Spodumene Pegmatite;MAIN;103
C3763DD5;5;GPH;IP;CV5 Spodumene Pegmatite;MAIN;106
C392C3B9;3;GPH;SWIR;Tarkint Est;MAIN;30
C38C790A;1;GPH;EM;Lake Giles Magnetite Project;MAIN;44
C38C790A;2;GPH;GRV;Lake Giles Magnetite Project;MAIN;44
C38C790A;3;GPH;GMAG;Lake Giles Magnetite Project;MAIN;44
C38C790A;4;GPH;AMAG;Lake Giles Magnetite Project;MAIN;44
C38517B4;1;GPH;GRV;LS;MAIN;80|81|82
C38517B4;2;GPH;IP;LS;MAIN;80|81|82|83|84|86|88|89
C38517B4;3;GPH;MALM;LS;MAIN;81
C3A09342;1;GPH;AMAG;Lazy Edward Bay;MAIN;58
C37DC4C9;1;GPH;GMAG;Dino;MAIN;41|73
C37DC4C9;2;GPH;IP;Dino;MAIN;64|65
C3AEFA03;1;GPH;EM;Black Thor;MAIN;34
C3AEFA03;2;GPH;AMAG;Black Thor;MAIN;34
C3AEFA03;3;GPH;VLF;Black Thor;MAIN;34
C3AEFA03;4;GPH;GMAG;Black Thor;MAIN;34
C3AEFA03;5;GPH;UNS;Black Thor;MAIN;34
C3AEFA03;6;GPH;GRV;Black Thor;MAIN;34
C3F0A405;1;GPH;EM;Lainejaur;MAIN;37
C3F0A405;2;GPH;UNS;Lainejaur;MAIN;30
C3B5713F;1;GPH;AMAG;Shag;MAIN;18
C3B5713F;2;GPH;IP;Shag;MAIN;34
C3B5713F;3;GPH;VLF;Shag;MAIN;34
C3ED2695;1;GPH;GMAG;Copper Hills prospect;MAIN;32
C3ED2695;3;GPH;IP;Copper Hills prospect;MAIN;35
C3F260F5;1;GPH;SES;Salar de Diablillos;MAIN;66
C3CD26B9;1;GPH;EM;Anne, Kianna and Colette Deposits;MAIN;84|85
C3CD26B9;2;GPH;AMAG;Anne, Kianna and Colette Deposits;MAIN;84
C3CD26B9;3;GPH;GRV;Anne, Kianna and Colette Deposits;MAIN;84
C3CD26B9;4;GPH;RES;Anne, Kianna and Colette Deposits;MAIN;84
C3CD26B9;5;GPH;MT;Anne, Kianna and Colette Deposits;MAIN;85
C42ED48B;1;GPH;EM;Marg Deposit;MAIN;40
C42ED48B;2;GPH;GMAG;Marg Deposit;MAIN;40
C42ED48B;3;GPH;AMAG;Marg Deposit;MAIN;40
C4079448;1;GPH;EM;Miller;MAIN;61|62|63|64
C4079448;2;GPH;IP;Miller;MAIN;61|66
C4079448;3;GPH;AMAG;Miller;MAIN;61
C438AFBC;1;GPH;AMAG;Smith Cobalt Project;MAIN;82
C438AFBC;2;GPH;VLF;Smith Cobalt Project;MAIN;82
C438AFBC;3;GPH;IP;Smith Cobalt Project;MAIN;84
C438AFBC;4;GPH;SES;Smith Cobalt Project;MAIN;91
C4AD2B2D;2;GPH;RAD;Eco Ridge;MAIN;88|89
C44BD352;1;GPH;IP;Schaft Creek;MAIN;87|89|90
C44BD352;2;GPH;GMAG;Schaft Creek;MAIN;87|89
C44BD352;5;GPH;MT;Schaft Creek;MAIN;87|90
C44BD352;6;GPH;AMAG;Schaft Creek;MAIN;87|90
C44BD352;7;GPH;RES;Schaft Creek;MAIN;89
C4C70E31;1;GPH;IP;Seel deposit;MAIN;23|44|45|49|50|51|52|54
C4C70E31;2;GPH;GMAG;Seel deposit;MAIN;23|44|49|50|51|54|58
C4C70E31;3;GPH;AMAG;Seel deposit;MAIN;54
C4C70E31;4;GPH;RAD;Seel deposit;MAIN;54
C502B1E9;1;GPH;RES;NNLP Lithium Deposit;MAIN;79|80
C502B1E9;2;GPH;EM;NNLP Lithium Deposit;MAIN;79
C52BE170;1;GPH;AMAG;Thompson Knolls;MAIN;36|48
C52BE170;2;GPH;GMAG;Thompson Knolls;MAIN;50|51|53|54
C52BE170;3;GPH;IP;Thompson Knolls;MAIN;50|52|53|59
C52BE170;5;GPH;GRV;Thompson Knolls;MAIN;56|57
C53AE04B;1;GPH;GMAG;Longshot Ridge;MAIN;23|24
C53AE04B;2;GPH;IP;Longshot Ridge;MAIN;24
C53E01D9;3;GPH;GMAG;Lac Knife;MAIN;74
C53E01D9;4;GPH;EM;Lac Knife;MAIN;74
C56C6E6E;1;GPH;UNS;Camp showing;MAIN;42
C5433EA5;1;GPH;IP;Eldorado;MAIN;53|54
C5433EA5;2;GPH;GMAG;Eldorado;MAIN;53|54
C5433EA5;3;GPH;AMAG;Eldorado;MAIN;54
C5BEF8F2;1;GPH;AMAG;Greenbushes pegmatite;MAIN;28
C5BEF8F2;2;GPH;RAD;Greenbushes pegmatite;MAIN;28
C60CA950;1;GPH;EM;Mousseau West;MAIN;43|48|49
C60CA950;2;GPH;MALM;Mousseau West;MAIN;43
C63B1254;1;GPH;UNS;Yandera;MAIN;51
C63B1254;2;GPH;IP;Yandera;MAIN;51
C63B1254;3;GPH;AMAG;Yandera;MAIN;54
C63B1254;4;GPH;RAD;Yandera;MAIN;54
C63B5093;1;GPH;EM;Kay Deposit;MAIN;57
C63B5093;2;GPH;GRV;Kay Deposit;MAIN;57|62
C6466AEF;1;GPH;AMAG;Alpala;MAIN;48|49
C6466AEF;2;GPH;RAD;Alpala;MAIN;49
C6466AEF;3;GPH;IP;Alpala;MAIN;48
C6466AEF;5;GPH;SWIR;Alpala;MAIN;49
C648E7FF;1;GPH;SES;Holbrook Basin Potash Deposit;MAIN;40|42
C64F936F;1;GPH;GMAG;Nickel Project;MAIN;30
C64F936F;2;GPH;IP;Nickel Project;MAIN;30
C64F936F;3;GPH;AMAG;Nickel Project;MAIN;30
C64F936F;4;GPH;EM;Nickel Project;MAIN;30
C64F936F;5;GPH;GRV;Nickel Project;MAIN;30
C65A2A94;1;GPH;MT;Smith Creek;MAIN;48|49|50|51|55|56|57|58
C65A2A94;2;GPH;GRV;Smith Creek;MAIN;51|52
C65A2A94;3;GPH;AMAG;Smith Creek;MAIN;51|53
C64D7DEF;1;GPH;GMAG;Berg Deposit;MAIN;20
C6557254;1;GPH;EM;Coosa;MAIN;59
C6557254;2;GPH;AMAG;Coosa;MAIN;59
C6557254;3;GPH;RAD;Coosa;MAIN;59
C68A0828;1;GPH;SES;Vanscoy Potash Operations;MAIN;30|35
C67C3D88;1;GPH;EM;Mahab 4;MAIN;55|63
C67C3D88;2;GPH;AMAG;Mahab 4;MAIN;55
C68C55E0;1;GPH;AMAG;Coal Creek;MAIN;16
C68C55E0;2;GPH;RES;Coal Creek;MAIN;16
C68C55E0;3;GPH;EM;Coal Creek;MAIN;16
C65DF537;1;GPH;RAD;Double S;MAIN;36|43|44
C69ECD04;1;GPH;SES;Kola;MAIN;37|56
C6B033ED;1;GPH;AMAG;Rose;MAIN;78
C6B4D9BE;1;GPH;GRV;Battery Hill;MAIN;40
C6B4D9BE;2;GPH;GMAG;Battery Hill;MAIN;40
C6D4EC24;1;GPH;SES;Cory;MAIN;27
C6C4469E;1;GPH;IP;Cotabambas Deposit;MAIN;67|69|71
C6C4469E;2;GPH;GMAG;Cotabambas Deposit;MAIN;67|69|71
C6C4469E;3;GPH;RES;Cotabambas Deposit;MAIN;69|71
C6C4469E;4;GPH;SP;Cotabambas Deposit;MAIN;69|71
C6C4469E;5;GPH;GRV;Cotabambas Deposit;MAIN;71
C6F785E2;1;GPH;EM;Diavik Kimberlite Pipes;MAIN;36
C6F785E2;2;GPH;GMAG;Diavik Kimberlite Pipes;MAIN;36
C6F785E2;3;GPH;GRV;Diavik Kimberlite Pipes;MAIN;36
C6F785E2;4;GPH;AMAG;Diavik Kimberlite Pipes;MAIN;31|36
C707C46C;1;GPH;AMAG;Hervieux deposits;MAIN;31|33
C707C46C;2;GPH;VLF;Hervieux deposits;MAIN;31|33
C707C46C;3;GPH;RAD;Hervieux deposits;MAIN;31|33
C6EC79AC;1;GPH;EM;Gahcho Kué;MAIN;65|66
C6EC79AC;2;GPH;AMAG;Gahcho Kué;MAIN;65
C6EC79AC;3;GPH;GRV;Gahcho Kué;MAIN;60|66
C71992FB;1;GPH;RAD;Ingiin-Nars deposit;MAIN;11|12
C71992FB;2;GPH;RAD;Baga Tariach prospect;MAIN;11|12
C71992FB;4;GPH;RES;Ingiin-Nars deposit;MAIN;11
C71B84ED;1;GPH;GMAG;Mala Noche Vein System;MAIN;78
C71B84ED;2;GPH;AMAG;Mala Noche Vein System;MAIN;78|79
C71B84ED;3;GPH;MT;Mala Noche Vein System;MAIN;79
C71B84ED;4;GPH;IP;Mala Noche Vein System;MAIN;79
C729B37B;3;GPH;AMAG;Arcas porphyry;MAIN;45
C729B37B;4;GPH;GMAG;Arcas porphyry;MAIN;45|48
C7611D7E;1;GPH;EM;Thor Property;MAIN;75
C73D1327;1;GPH;AMAG;McFaulds North Property;MAIN;31
C73D1327;2;GPH;GRV;McFaulds North Property;MAIN;31
C7443EAF;1;GPH;RAD;Cebolleta;MAIN;90|91|95|96|97|98|102
C7443EAF;2;GPH;IP;Cebolleta;MAIN;90|93|99|100|101
C7443EAF;3;GPH;RES;Cebolleta;MAIN;90|93|99|100|101
C7756E56;1;GPH;SES;UG2 Chromitite;MAIN;35
C7756E56;2;GPH;AMAG;UG2 Chromitite;MAIN;36|37|38
C799EC82;1;GPH;IP;Gate Zone;MAIN;90
C799EC82;2;GPH;MT;Gate Zone;MAIN;90
C799EC82;3;GPH;EM;Gate Zone;MAIN;94
C799EC82;4;GPH;AMAG;Gate Zone;MAIN;94
C77D1A5E;1;GPH;EM;Tulks Hill deposit;MAIN;46
C77D1A5E;2;GPH;AMAG;Tulks Hill deposit;MAIN;46|47
C77D1A5E;3;GPH;GRV;Tulks Hill deposit;MAIN;47
C77D1A5E;4;GPH;IP;Tulks Hill deposit;MAIN;40
C7B058A2;1;GPH;SES;Gas Hills;MAIN;44
C7B058A2;2;GPH;RAD;Gas Hills;MAIN;55
C7D1D0B6;1;GPH;VLF;No. 1 Zone;MAIN;32
C7D1D0B6;2;GPH;GMAG;No. 1 Zone;MAIN;32
C7D1D0B6;3;GPH;AMAG;No. 1 Zone;MAIN;32
C7D1D0B6;4;GPH;RAD;No. 1 Zone;MAIN;32
C7D1D0B6;5;GPH;IP;No. 1 Zone;MAIN;32
C7F963B7;1;GPH;GRV;Paul Bay Zone;MAIN;6
C7F963B7;2;GPH;EM;Paul Bay Zone;MAIN;6|54|59
C7F963B7;3;GPH;AMAG;Paul Bay Zone;MAIN;6
C7F963B7;4;GPH;RES;Paul Bay Zone;MAIN;54
C8344974;1;GPH;AMAG;Sask Craton Property;MAIN;38|39
C848BFA8;1;GPH;AMAG;Bashaw District;MAIN;86
C848BFA8;2;GPH;GRV;Bashaw District;MAIN;86
C848BFA8;3;GPH;SES;Bashaw District;MAIN;90
C8464254;1;GPH;EM;A Plug;MAIN;46
C8464254;3;GPH;GMAG;A Plug;MAIN;46
C85702B6;1;GPH;EM;Palmer Deposit;MAIN;89
C85702B6;2;GPH;SES;Palmer Deposit;MAIN;89|99
C85702B6;3;GPH;MT;Palmer Deposit;MAIN;89
C85702B6;4;GPH;AMAG;Palmer Deposit;MAIN;95
C856A809;1;GPH;IP;Haib;MAIN;96
C856A809;2;GPH;MT;Haib;MAIN;96
C856A809;4;GPH;AMAG;Haib;MAIN;98
C856A809;5;GPH;RAD;Haib;MAIN;98
C85C7F5C;1;GPH;RAD;Gas Hills Deposits;MAIN;59
C85C7F5C;2;GPH;WLOG;Gas Hills Deposits;MAIN;59
C87E684D;1;GPH;AMAG;Copper Mountain;MAIN;24
C880400A;1;GPH;GMAG;Magistral Deposits;MAIN;43
C880400A;2;GPH;IP;Magistral Deposits;MAIN;43
C880400A;3;GPH;EM;Magistral Deposits;MAIN;43
C880400A;4;GPH;GRV;Magistral Deposits;MAIN;43
C87892CA;1;GPH;AMAG;Summit-Gaber;MAIN;26|27
C8A0DE13;1;GPH;IP;Carmacks Copper;MAIN;73|74|79
C8A0DE13;2;GPH;AMAG;Carmacks Copper;MAIN;76
C8A0DE13;3;GPH;RAD;Carmacks Copper;MAIN;76
C8A605FD;1;GPH;AMAG;Lac Gayot Ni-Cu-PGE;MAIN;10|11
C8A605FD;2;GPH;EM;Lac Gayot Ni-Cu-PGE;MAIN;12|13|15
C8E44B2B;1;GPH;GMAG;Odd Twins;MAIN;8|12|13
C8C0F7F8;1;GPH;GMAG;Kombat;MAIN;19
C8C0F7F8;2;GPH;IP;Kombat;MAIN;19
C8C0F7F8;3;GPH;SES;Kombat;MAIN;19
C8FBD730;1;GPH;UNS;Talbot Deposit;MAIN;50
C8FBD730;2;GPH;AMAG;Talbot Deposit;MAIN;52
C8FBD730;3;GPH;EM;Talbot Deposit;MAIN;55
C90FF0D4;1;GPH;RAD;Burke Hollow;MAIN;45
C90FF0D4;2;GPH;RES;Burke Hollow;MAIN;45
C90FF0D4;3;GPH;SP;Burke Hollow;MAIN;45
C90FF0D4;4;GPH;WLOG;Burke Hollow;MAIN;43
C90B996B;1;GPH;EM;Umingmak kimberlite;MAIN;40|46
C90B996B;2;GPH;AMAG;Umingmak kimberlite;MAIN;40|46
C9131D4F;1;GPH;IP;Southeast Zone;MAIN;122|125|128
C9131D4F;2;GPH;RES;Southeast Zone;MAIN;125
C9131D4F;3;GPH;GMAG;Southeast Zone;MAIN;125|128
C942E195;6;GPH;AMAG;Três Estradas;MAIN;56
C942E195;7;GPH;RAD;Três Estradas;MAIN;56
C942E195;8;GPH;GMAG;Três Estradas;MAIN;56
C94E7F4A;2;GPH;MT;Elenita;MAIN;57
C94E7F4A;3;GPH;GMAG;Elenita;MAIN;62
C95A5F75;1;GPH;SES;Mengo Potash Deposit;MAIN;52|53
C96FE5F6;1;GPH;EM;Romios Copper-(Gold) Zone / Atim Lake North VMS;MAIN;25|44
C96FE5F6;2;GPH;AMAG;Romios Copper-(Gold) Zone / Atim Lake North VMS;MAIN;32|44
C96FE5F6;3;GPH;GMAG;Romios Copper-(Gold) Zone / Atim Lake North VMS;MAIN;44
C96FE5F6;4;GPH;IP;Romios Copper-(Gold) Zone / Atim Lake North VMS;MAIN;44
C96FE5F6;5;GPH;VLF;Romios Copper-(Gold) Zone / Atim Lake North VMS;MAIN;40
C976EDD4;1;GPH;EM;Lalor Lake deposit;MAIN;50
C9A91F89;1;GPH;AMAG;Carbo Carbonatite;MAIN;33
C9A91F89;2;GPH;RAD;Carbo Carbonatite;MAIN;33
C9A04EE4;1;GPH;EM;Ming Mine;MAIN;45
C9A04EE4;2;GPH;IP;Ming Mine;MAIN;47
C9A04EE4;3;GPH;MT;Ming Mine;MAIN;47
C9CE11B9;1;GPH;AMAG;Nottaway;MAIN;25
C9CE11B9;2;GPH;EM;Nottaway;MAIN;27
CA18F559;1;GPH;EM;West Bear Deposit;MAIN;60|61
CA18F559;2;GPH;AMAG;West Bear Deposit;MAIN;60|61
CA18F559;3;GPH;RAD;West Bear Deposit;MAIN;60|61
CA18F559;4;GPH;GMAG;West Bear Deposit;MAIN;61
CA18F559;5;GPH;RES;West Bear Deposit;MAIN;61
CA18F559;6;GPH;GRV;West Bear Deposit;MAIN;61
CA13967F;1;GPH;IP;Princeton Copper;MAIN;57
CA13967F;2;GPH;GMAG;Princeton Copper;MAIN;57
CA601E44;1;GPH;EM;Maturi;MAIN;118
CA601E44;2;GPH;GMAG;Maturi;MAIN;118
CA601E44;3;GPH;IP;Maturi;MAIN;118
CA601E44;4;GPH;SP;Maturi;MAIN;118
CA601E44;5;GPH;GRV;Maturi;MAIN;118
CA601E44;6;GPH;MT;Maturi;MAIN;118
CA86E89C;1;GPH;AMAG;Capacete Formation;MAIN;49
CA86E89C;2;GPH;RAD;Capacete Formation;MAIN;49
CA60D615;1;GPH;GMAG;Unkur;MAIN;52
CA60D615;2;GPH;IP;Unkur;MAIN;49
CA99E08D;1;GPH;AMAG;Bloom Lake deposit;MAIN;52
CA99E08D;2;GPH;EM;Bloom Lake deposit;MAIN;52
CA99E08D;3;GPH;VLF;Bloom Lake deposit;MAIN;52
CA99E08D;5;GPH;GMAG;Bloom Lake deposit;MAIN;36
CAB4AE12;1;GPH;WLOG;Donkin Project;MAIN;19
CAB4AE12;2;GPH;SES;Donkin Project;MAIN;19|21
CADD559B;1;GPH;AMAG;La Verde;MAIN;44
CADD559B;2;GPH;EM;La Verde;MAIN;44
CADD559B;3;GPH;GMAG;La Verde;MAIN;44
CADD559B;4;GPH;IP;La Verde;MAIN;44|53
CB158053;1;GPH;EM;Adi Nefas;MAIN;51|52
CB158053;2;GPH;AMAG;Adi Nefas;MAIN;51|52
CB158053;3;GPH;GRV;Adi Nefas;MAIN;51|52
CB158053;4;GPH;GMAG;Adi Nefas;MAIN;51|52
CB158053;5;GPH;IP;Adi Nefas;MAIN;51|52
CB40C5C5;1;GPH;RAD;No. 2 Showing;MAIN;31|33
CB4AA3CA;1;GPH;AMAG;Tyee Fe-Ti-V Showings;MAIN;28|29
CB4AA3CA;2;GPH;EM;Tyee Fe-Ti-V Showings;MAIN;27|28|30
CB67B380;1;GPH;EM;Marg Zone;MAIN;34
CB67B380;2;GPH;GMAG;Marg Zone;MAIN;34
CB67B380;3;GPH;AMAG;Marg Zone;MAIN;34
CB6DCF9F;2;GPH;AMAG;Bygoo North;MAIN;58
CB6DCF9F;3;GPH;RAD;Bygoo North;MAIN;58
CB6DCF9F;4;GPH;GRV;Bygoo North;MAIN;58
CB78E4C7;1;GPH;UNS;Langlois mine;MAIN;21
CB7FD8AC;1;GPH;AMAG;Magno;MAIN;38|41
CB7FD8AC;2;GPH;GMAG;Magno;MAIN;35|38|41
CB7FD8AC;3;GPH;IP;Magno;MAIN;38
CB836553;1;GPH;IP;Pat;MAIN;12|18
CB836553;2;GPH;AMAG;Pat;MAIN;12|18
CB836553;3;GPH;GMAG;Pat;MAIN;18
CB9C4D50;2;GPH;GMAG;Bokoni Mine;MAIN;67
CB9C4D50;3;GPH;AMAG;Bokoni Mine;MAIN;67|68
CBA4B543;4;GPH;AMAG;Crypto deposit;MAIN;59
CBA4B543;5;GPH;IP;Crypto deposit;MAIN;60
CBCD72BF;1;GPH;GMAG;Goondicum;MAIN;53
CBA64FE6;1;GPH;IP;MacArthur;MAIN;61
CBA64FE6;2;GPH;AMAG;MacArthur;MAIN;61|76|78
CBE442C3;1;GPH;IP;Southeast Zone;MAIN;33|41|42|43
CBE442C3;2;GPH;RES;Southeast Zone;MAIN;41|43
CBE442C3;3;GPH;GMAG;Southeast Zone;MAIN;41|42|45
CBE442C3;7;GPH;AMAG;Southeast Zone;MAIN;47
CBE442C3;8;GPH;RAD;Southeast Zone;MAIN;47
CBE442C3;9;GPH;GRV;Southeast Zone;MAIN;47
CBCE0C2D;1;GPH;GRV;Santa Cruz deposit;MAIN;109|110
CBCE0C2D;2;GPH;SES;Santa Cruz deposit;MAIN;109|110
CBCE0C2D;3;GPH;IP;Santa Cruz deposit;MAIN;109|110
CBCE0C2D;4;GPH;GMAG;Santa Cruz deposit;MAIN;109|110
CBCE0C2D;6;GPH;MT;Santa Cruz deposit;MAIN;109|110
CC13B84F;1;GPH;EM;Roughrider Zone;MAIN;51|53|62
CC13B84F;2;GPH;AMAG;Roughrider Zone;MAIN;51|52|53|62
CC13B84F;6;GPH;GRV;Roughrider Zone;MAIN;53|54
CC13B84F;7;GPH;RES;Roughrider Zone;MAIN;56|57
CC13B84F;8;GPH;SES;Roughrider Zone;MAIN;60|61
CC06D48C;1;GPH;UNS;Prairie Lake Carbonatite Complex;MAIN;24
CC06D48C;2;GPH;RAD;Prairie Lake Carbonatite Complex;MAIN;31
CC332219;1;GPH;IP;Sombrero Main;MAIN;30|72
CC332219;2;GPH;GMAG;Sombrero Main;MAIN;30|72
CC19C135;1;GPH;GRV;Salar de Cauchari;MAIN;50|56
CC19C135;2;GPH;MT;Salar de Cauchari;MAIN;50|54
CC19C135;4;GPH;EM;Salar de Cauchari;MAIN;56
CC36939A;1;GPH;AMAG;Garrington District;MAIN;45
CC36939A;2;GPH;GRV;Garrington District;MAIN;45
CC36939A;3;GPH;WLOG;Garrington District;MAIN;48|49
CC2043C6;1;GPH;EM;Maniitsoq Project;MAIN;5|80|81|87|88
CC2043C6;2;GPH;IP;Maniitsoq Project;MAIN;5|80|81|89
CC2043C6;3;GPH;GRV;Maniitsoq Project;MAIN;80|81|88
CC2043C6;4;GPH;AMAG;Maniitsoq Project;MAIN;87
CC448E1D;1;GPH;SP;Escalones;MAIN;25
CC448E1D;2;GPH;IP;Escalones;MAIN;26
CC448E1D;3;GPH;EM;Escalones;MAIN;26
CC448E1D;4;GPH;AMAG;Escalones;MAIN;26
CC3EAF3D;1;GPH;GRV;Sunnyside;MAIN;43
CC3EAF3D;2;GPH;AMAG;Sunnyside;MAIN;43
CC4D26D5;1;GPH;AMAG;Pegmont;MAIN;79
CC4D26D5;2;GPH;EM;Pegmont;MAIN;79
CC81F76C;1;GPH;GMAG;Morrison deposit;MAIN;43
CC81F76C;2;GPH;IP;Morrison deposit;MAIN;43
CC642AAF;1;GPH;AMAG;Platreef;MAIN;176
CC642AAF;2;GPH;GRV;Platreef;MAIN;176
CC642AAF;3;GPH;SP;Platreef;MAIN;176
CC642AAF;4;GPH;RES;Platreef;MAIN;176
CC642AAF;5;GPH;IP;Platreef;MAIN;176
CC642AAF;6;GPH;SES;Platreef;MAIN;176
CC8DC4B1;1;GPH;AMAG;Kuriskova;MAIN;63
CC8DC4B1;2;GPH;RAD;Kuriskova;MAIN;63
CCC2DC98;1;GPH;MT;Rio Grande Salar;MAIN;46
CC9FE2DA;1;GPH;AMAG;Eagle Index;MAIN;11|16
CC9FE2DA;2;GPH;EM;Eagle Index;MAIN;10|11|16
CCD50681;1;GPH;AMAG;Bralorne;MAIN;78|80
CCD50681;2;GPH;VLF;Bralorne;MAIN;78
CCD50681;3;GPH;RAD;Bralorne;MAIN;78
CCD50681;4;GPH;EM;Bralorne;MAIN;80
CC9B4E0B;1;GPH;IP;Great Burnt Lake Deposit;MAIN;46|48
CC9B4E0B;2;GPH;GMAG;Great Burnt Lake Deposit;MAIN;48
CC9B4E0B;3;GPH;EM;Great Burnt Lake Deposit;MAIN;42|48|49|50|51
CC9B4E0B;4;GPH;GRV;Great Burnt Lake Deposit;MAIN;51
CC9B4E0B;5;GPH;AMAG;Great Burnt Lake Deposit;MAIN;42|51
CCEA2B3F;1;GPH;IP;Kismet;MAIN;103|105|114
CCEA2B3F;2;GPH;RES;Kismet;MAIN;103|107
CCEA2B3F;3;GPH;MT;Kismet;MAIN;103|110
CCEA2B3F;4;GPH;EM;Kismet;MAIN;103|108
CD3CEC7C;1;GPH;SES;Cycle 18;MAIN;58
CD65775B;3;GPH;GMAG;Agata Nickel Laterite Project;MAIN;33|39
CD65775B;4;GPH;IP;Agata Nickel Laterite Project;MAIN;34|41|42
CD09006C;1;GPH;GRV;Ming Mine;MAIN;66
CD09006C;2;GPH;EM;Ming Mine;MAIN;66
CD1265FF;1;GPH;GRV;Puna Salars;MAIN;27
CCFAE1B8;1;GPH;RAD;Triple R deposit;MAIN;86|90|93|100
CCFAE1B8;2;GPH;EM;Triple R deposit;MAIN;90|91|99|100
CCFAE1B8;3;GPH;AMAG;Triple R deposit;MAIN;90|91|93
CCFAE1B8;7;GPH;SP;Triple R deposit;MAIN;98
CCFAE1B8;8;GPH;RES;Triple R deposit;MAIN;99|100
CCFAE1B8;11;GPH;GPR;Triple R deposit;MAIN;100
CD91490B;1;GPH;SWIR;Pinto Valley Mine;MAIN;63
CD90CBEB;1;GPH;AMAG;Tony Block;MAIN;55|56|74
CD90CBEB;2;GPH;EM;Tony Block;MAIN;43|51|55|56|57|63|65|74
CD9EBC98;1;GPH;UNS;North Hitura;MAIN;26
CD9EBC98;2;GPH;MALM;North Hitura;MAIN;28
CD8F8661;1;GPH;EM;Lansdowne House Igneous Complex (LHIC) Mineralization;MAIN;62|99
CD8F8661;2;GPH;AMAG;Lansdowne House Igneous Complex (LHIC) Mineralization;MAIN;62|63|65|99
CD8F8661;3;GPH;IP;Lansdowne House Igneous Complex (LHIC) Mineralization;MAIN;67|99
CDECDC89;1;GPH;AMAG;Arrow Zone;MAIN;34
CDECDC89;2;GPH;EM;Arrow Zone;MAIN;34|42
CDECDC89;4;GPH;IP;Arrow Zone;MAIN;42|43
CDC999CD;1;GPH;IP;Little Eva;MAIN;130
CDC999CD;2;GPH;EM;Little Eva;MAIN;130
CDC999CD;3;GPH;MT;Little Eva;MAIN;130
CDC999CD;4;GPH;GRV;Little Eva;MAIN;130
CDC999CD;5;GPH;AMAG;Little Eva;MAIN;130
CDC68363;1;GPH;AMAG;Michelin Deposit;MAIN;29|30|31
CDC68363;2;GPH;RAD;Michelin Deposit;MAIN;29|30|31
CDD29B44;1;GPH;IP;Cuatro Hermanos;MAIN;52
CE170BA6;1;GPH;AMAG;Lo Prospect;MAIN;13
CDF052A9;1;GPH;AMAG;Lone Mountain;MAIN;43
CDF052A9;2;GPH;IP;Lone Mountain;MAIN;43|45
CDF052A9;3;GPH;GMAG;Lone Mountain;MAIN;43
CDF052A9;4;GPH;GRV;Lone Mountain;MAIN;45
CDF052A9;5;GPH;SP;Lone Mountain;MAIN;45
CE29252B;1;GPH;EM;Pick Lake;MAIN;48|50
CE29252B;2;GPH;AMAG;Pick Lake;MAIN;48
CE45494B;1;GPH;MT;Copper Flat;MAIN;107
CE1AA9AD;1;GPH;UNS;Bull River Mine;MAIN;49
CE1AA9AD;3;GPH;EM;Bull River Mine;MAIN;49
CE1AA9AD;4;GPH;AMAG;Bull River Mine;MAIN;49
CE1AA9AD;5;GPH;VLF;Bull River Mine;MAIN;49
CE1AA9AD;6;GPH;IP;Bull River Mine;MAIN;49|50
CE6F2CEE;1;GPH;AMAG;Porphyry Cu/Mo Target;MAIN;21|25
CE6F2CEE;3;GPH;EM;Porphyry Cu/Mo Target;MAIN;21
CE50D3A8;1;GPH;AMAG;Florence deposit;MAIN;104
CE50D3A8;2;GPH;GMAG;Florence deposit;MAIN;104
CE50D3A8;3;GPH;IP;Florence deposit;MAIN;105
CE50D3A8;4;GPH;EM;Florence deposit;MAIN;105
CE50D3A8;5;GPH;RAD;Florence deposit;MAIN;105
CE50D3A8;6;GPH;RES;Florence deposit;MAIN;105
CE50D3A8;7;GPH;SP;Florence deposit;MAIN;105
CE9B8A30;1;GPH;IP;Kestane;MAIN;63|67
CE9B8A30;2;GPH;GMAG;Kestane;MAIN;63|67
CEA0DD7C;1;GPH;GMAG;Nico 1;MAIN;35|39
CEA0DD7C;2;GPH;EM;Nico 1;MAIN;35|39|40|42
CEA0DD7C;3;GPH;IP;Nico 1;MAIN;35
CEA0DD7C;4;GPH;RES;Nico 1;MAIN;35
CEA0DD7C;5;GPH;GRV;Nico 1;MAIN;39
CEA0DD7C;6;GPH;AMAG;Nico 1;MAIN;39
CEA0DD7C;7;GPH;VLF;Nico 1;MAIN;39
CEDC20C0;1;GPH;AMAG;Mont Sorcier;MAIN;60
CECD0E19;1;GPH;GMAG;Mala Noche vein system;MAIN;53
CECD0E19;2;GPH;AMAG;Mala Noche vein system;MAIN;53
CECD0E19;3;GPH;MT;Mala Noche vein system;MAIN;54
CECD0E19;4;GPH;IP;Mala Noche vein system;MAIN;54
CF03ED99;1;GPH;IP;Northern Dancer;MAIN;31
CF03ED99;2;GPH;AMAG;Northern Dancer;MAIN;32
CF03ED99;3;GPH;EM;Northern Dancer;MAIN;32
CF163521;1;GPH;IP;Discovery Zone;MAIN;10|16|17|18
CF163521;2;GPH;GMAG;Discovery Zone;MAIN;17
CF163521;3;GPH;VLF;Discovery Zone;MAIN;17
CF3E02B1;1;GPH;GMAG;Kombat Mine;MAIN;103
CF3E02B1;2;GPH;AMAG;Kombat Mine;MAIN;103
CF3E02B1;3;GPH;IP;Kombat Mine;MAIN;103
CF3E02B1;4;GPH;SES;Kombat Mine;MAIN;103
CF46C734;1;GPH;RAD;Novoveska Huta;MAIN;65
CF512B54;1;GPH;EM;Lens 257;MAIN;12|17|18
CF512B54;2;GPH;GMAG;Lens 257;MAIN;17
CF512B54;3;GPH;GRV;Lens 257;MAIN;18
CF1F47A9;1;GPH;IP;Haib;MAIN;40
CF45167A;1;GPH;GRV;Čukaru Peki;MAIN;69|79
CF45167A;2;GPH;GMAG;Čukaru Peki;MAIN;69|79
CF45167A;3;GPH;MT;Čukaru Peki;MAIN;69|79
CF45167A;4;GPH;IP;Čukaru Peki;MAIN;79
CF45167A;5;GPH;RES;Čukaru Peki;MAIN;79
CF45167A;6;GPH;SES;Čukaru Peki;MAIN;79
CF45167A;7;GPH;EM;Čukaru Peki;MAIN;78
CF534F71;1;GPH;GRV;Flying Fox;MAIN;54
CF534F71;2;GPH;EM;Flying Fox;MAIN;54
CF766DC8;1;GPH;RAD;Uskawanis;MAIN;27|31|32
CF766DC8;2;GPH;AMAG;Uskawanis;MAIN;32|35|83
CF552E92;1;GPH;GRV;Arrow Deposit;MAIN;86|91|97
CF552E92;2;GPH;RES;Arrow Deposit;MAIN;86|91
CF552E92;3;GPH;IP;Arrow Deposit;MAIN;86|94
CF552E92;4;GPH;AMAG;Arrow Deposit;MAIN;86|94
CF552E92;5;GPH;RAD;Arrow Deposit;MAIN;86|94
CF552E92;6;GPH;VLF;Arrow Deposit;MAIN;86|94
CF552E92;7;GPH;EM;Arrow Deposit;MAIN;86|94
CF552E92;8;GPH;MT;Arrow Deposit;MAIN;86|97
CF915C8A;1;GPH;RAD;Man of War Project;MAIN;44|47
CF915C8A;2;GPH;AMAG;Man of War Project;MAIN;47
CFE0235D;1;GPH;AMAG;Hervieux;MAIN;81
CFE0235D;2;GPH;VLF;Hervieux;MAIN;81
CFE0235D;3;GPH;RAD;Hervieux;MAIN;81
CFBBF005;1;GPH;SWIR;PVM;MAIN;66|78
CF9B91FD;1;GPH;IP;Banana Zone;MAIN;31
CF9B91FD;2;GPH;EM;Banana Zone;MAIN;31
CF9B91FD;3;GPH;AMAG;Banana Zone;MAIN;31
CFC805EE;2;GPH;GRV;Las Cruces;MAIN;34|37
CFC805EE;3;GPH;EM;Las Cruces;MAIN;34|37
CFD52672;1;GPH;UNS;Albere Zone;MAIN;50
CFF6C6CE;1;GPH;AMAG;Central Zone;MAIN;5|43
CFF6C6CE;2;GPH;RAD;Central Zone;MAIN;5|43
CFF6C6CE;3;GPH;IP;Central Zone;MAIN;5|43
CFF6C6CE;4;GPH;EM;Central Zone;MAIN;5|43
D0250C9F;1;GPH;RAD;Ulaan Nuur;MAIN;8|12
D0250C9F;2;GPH;AMAG;Ulaan Nuur;MAIN;8
D0250C9F;4;GPH;WLOG;Ulaan Nuur;MAIN;11
D0250C9F;5;GPH;RES;Ulaan Nuur;MAIN;11
CFFE1A05;1;GPH;AMAG;Okavango Kimberlite Targets;MAIN;18|25
CFFE1A05;2;GPH;GMAG;Okavango Kimberlite Targets;MAIN;31
CFFE1A05;3;GPH;GRV;Okavango Kimberlite Targets;MAIN;31
D01F51CB;1;GPH;EM;Eagle's Nest;MAIN;55|56|57
D01F51CB;2;GPH;AMAG;Eagle's Nest;MAIN;55|56|57
D01F51CB;3;GPH;GRV;Eagle's Nest;MAIN;55|57
D01F51CB;4;GPH;VLF;Eagle's Nest;MAIN;57|60
D01F51CB;5;GPH;GMAG;Eagle's Nest;MAIN;58|59|60
D01F51CB;6;GPH;IP;Eagle's Nest;MAIN;58|62
D0000536;1;GPH;EM;Shea Creek Deposits (Anne, Kianna, Colette);MAIN;78|79
D0000536;2;GPH;AMAG;Shea Creek Deposits (Anne, Kianna, Colette);MAIN;78
D0000536;3;GPH;GRV;Shea Creek Deposits (Anne, Kianna, Colette);MAIN;78
D0000536;4;GPH;RES;Shea Creek Deposits (Anne, Kianna, Colette);MAIN;78
D0000536;5;GPH;MT;Shea Creek Deposits (Anne, Kianna, Colette);MAIN;79
D04073BE;1;GPH;AMAG;Empire Mine;MAIN;10|14
D0510E7D;1;GPH;RAD;Conda Projects;MAIN;89|91
D0618AEE;1;GPH;GMAG;Cinabrio;MAIN;234
D0618AEE;2;GPH;IP;Cinabrio;MAIN;211|213
D062FC5E;1;GPH;EM;West Zone;MAIN;115|118|119|120|121
D062FC5E;2;GPH;AMAG;West Zone;MAIN;115|118
D06A0213;1;GPH;UNS;Prairie Lake Carbonatite Complex;MAIN;22
D06A0213;2;GPH;RAD;Prairie Lake Carbonatite Complex;MAIN;28
D0730A98;1;GPH;GRV;Waterberg Project;MAIN;48|51
D0730A98;2;GPH;GMAG;Waterberg Project;MAIN;48|51
D0730A98;3;GPH;AMAG;Waterberg Project;MAIN;48
D0AAB7F3;2;GPH;AMAG;Churchill River;MAIN;34
D0AAB7F3;3;GPH;GMAG;Churchill River;MAIN;36
D0AAB7F3;4;GPH;GPR;Churchill River;MAIN;36
D0AAB7F3;5;GPH;EM;Churchill River;MAIN;36|38
D0AAB7F3;6;GPH;RES;Churchill River;MAIN;36
D0A9B5CE;1;GPH;EM;Main Zone;MAIN;63
D0A9B5CE;2;GPH;IP;Main Zone;MAIN;63
D0A9B5CE;3;GPH;GRV;Main Zone;MAIN;63
D0D4C252;1;GPH;EM;Wales Lake West;MAIN;50|52
D103D8FE;1;GPH;IP;Berg deposit;MAIN;47
D103D8FE;2;GPH;EM;Berg deposit;MAIN;48|53
D103D8FE;3;GPH;AMAG;Berg deposit;MAIN;53|54
D103D8FE;4;GPH;SWIR;Berg deposit;MAIN;47
D12DB3C7;1;GPH;AMAG;Wolf deposit;MAIN;48
D12DB3C7;2;GPH;EM;Wolf deposit;MAIN;48
D12B5C07;1;GPH;AMAG;Lac Lamêlée;MAIN;78
D12B5C07;2;GPH;GMAG;Lac Lamêlée;MAIN;78
D142490F;1;GPH;AMAG;Novo Cruzeiro;MAIN;31|47|48
D142490F;2;GPH;RAD;Novo Cruzeiro;MAIN;48|49
D1B0D269;3;GPH;AMAG;Remhoogte-Holsloot;MAIN;52
D1B0D269;4;GPH;RAD;Remhoogte-Holsloot;MAIN;52
D1B6D67F;1;GPH;IP;Hurricane zone;MAIN;41
D1B6D67F;2;GPH;RES;Hurricane zone;MAIN;41
D1B6D67F;3;GPH;SES;Hurricane zone;MAIN;44
D1B6D67F;4;GPH;EM;Hurricane zone;MAIN;42|45|48
D13600CA;1;GPH;EM;Dundonald South;MAIN;54|59
D13600CA;2;GPH;GMAG;Dundonald South;MAIN;54
D1576259;1;GPH;GMAG;Chu Chua;MAIN;32|33
D1576259;2;GPH;VLF;Chu Chua;MAIN;32|33
D1576259;3;GPH;EM;Chu Chua;MAIN;33
D1576259;4;GPH;AMAG;Chu Chua;MAIN;33
D1519EC4;1;GPH;GRV;Tapuli;MAIN;37
D1519EC4;2;GPH;UNS;Tapuli;MAIN;41|47
D1E6839D;1;GPH;AMAG;Gunflint Iron Formation;MAIN;34|38
D1E6839D;2;GPH;VLF;Gunflint Iron Formation;MAIN;34|38
D1EB9036;1;GPH;MT;Ebende Structure;MAIN;39
D1EB9036;2;GPH;AMAG;Ebende Structure;MAIN;57
D1EB9036;3;GPH;GRV;Ebende Structure;MAIN;60
D1BB1345;1;GPH;GMAG;Chita Porphyry;MAIN;51|55|63|72
D1BB1345;2;GPH;IP;Chita Porphyry;MAIN;55|72|74
D1BB1345;3;GPH;RES;Chita Porphyry;MAIN;51|55|74
D208A123;1;GPH;UNS;Siwash Property;MAIN;31
D208962E;1;GPH;GMAG;Ilovitza;MAIN;17
D24C44FF;1;GPH;WLOG;South Doughstick;MAIN;16|18
D2229D04;1;GPH;AMAG;Mouse Mountain;MAIN;44
D2229D04;2;GPH;RAD;Mouse Mountain;MAIN;44
D2229D04;3;GPH;IP;Mouse Mountain;MAIN;46
D2229D04;4;GPH;GMAG;Mouse Mountain;MAIN;46
D24F4C6C;1;GPH;SES;Damlica-1;MAIN;18
D28DCC92;1;GPH;AMAG;Quebrada Blanca;MAIN;17
D28DCC92;2;GPH;GMAG;Quebrada Blanca;MAIN;18
D28DCC92;4;GPH;IP;Quebrada Blanca;MAIN;18
D2AE0D34;1;GPH;SES;Salar de Arizaro;MAIN;113
D26A6C3F;1;GPH;IP;Cobre Panamá;MAIN;63
D2714152;1;GPH;AMAG;Le Mare hydrothermal system;MAIN;31
D2714152;2;GPH;EM;Le Mare hydrothermal system;MAIN;34
D2714152;3;GPH;VLF;Le Mare hydrothermal system;MAIN;35
D2714152;4;GPH;GMAG;Le Mare hydrothermal system;MAIN;74
D2CCCC3B;1;GPH;AMAG;Bloom Lake;MAIN;66
D2CCCC3B;2;GPH;GMAG;Bloom Lake;MAIN;58|61|66
D2EE2B15;1;GPH;GMAG;Kittson-Cobalt;MAIN;23
D2EE2B15;2;GPH;EM;Kittson-Cobalt;MAIN;23
D2EE2B15;3;GPH;AMAG;Kittson-Cobalt;MAIN;23
D2C5BA1C;1;GPH;UNS;Kemess North;MAIN;60
D31243C8;1;GPH;AMAG;Collier-04;MAIN;36
D31243C8;2;GPH;GMAG;Collier-04;MAIN;36
D31243C8;3;GPH;RES;Collier-04;MAIN;36
D31733FD;1;GPH;GRV;Waterberg Project;MAIN;83|84|85
D31733FD;2;GPH;GMAG;Waterberg Project;MAIN;83|84|85
D31733FD;3;GPH;AMAG;Waterberg Project;MAIN;84
D336D439;1;GPH;AMAG;Grayling Zone;MAIN;20|21
D336D439;2;GPH;EM;Grayling Zone;MAIN;20|21
D34552C2;1;GPH;EM;Gorilla Lake Property;MAIN;26|27
D34552C2;2;GPH;AMAG;Gorilla Lake Property;MAIN;27
D3390435;1;GPH;EM;ABM;MAIN;84|85|86
D3390435;3;GPH;GRV;ABM;MAIN;86
D3390435;5;GPH;SES;ABM;MAIN;87
D3390435;6;GPH;AMAG;ABM;MAIN;62|72
D3390435;7;GPH;IP;ABM;MAIN;83
D38ED643;1;GPH;AMAG;Wels East Anomaly;MAIN;10
D39EB59F;1;GPH;GRV;Quasar;MAIN;20|32
D39EB59F;2;GPH;AMAG;Quasar;MAIN;32
D39EB59F;3;GPH;EM;Quasar;MAIN;32
D3AB9449;2;GPH;AMAG;Wollaston Lake Property;MAIN;34
D3AB9449;3;GPH;EM;Wollaston Lake Property;MAIN;34
D3A71059;1;GPH;IP;Reiseter;MAIN;18|19
D3A71059;2;GPH;GMAG;Reiseter;MAIN;18|21
D3A71059;3;GPH;SP;Reiseter;MAIN;20
D3DFF55F;1;GPH;AMAG;West Joe;MAIN;34
D3FF72D0;1;GPH;GRV;Storm Copper;MAIN;93|96|97|98
D3FF72D0;2;GPH;AMAG;Storm Copper;MAIN;93|96
D3FF72D0;3;GPH;EM;Storm Copper;MAIN;94|95|96|97|98
D3FF72D0;4;GPH;GMAG;Storm Copper;MAIN;97
D3F1826D;1;GPH;GMAG;Glacier Creek prospect;MAIN;48
D3F1826D;2;GPH;MT;Glacier Creek prospect;MAIN;48
D3F1826D;3;GPH;GPR;Glacier Creek prospect;MAIN;48
D3F1826D;4;GPH;EM;Glacier Creek prospect;MAIN;48
D3C80563;1;GPH;AMAG;Copper Mountain;MAIN;21|23
D3DB8733;1;GPH;EM;Mine Block Intrusion;MAIN;72
D3DB8733;2;GPH;AMAG;Mine Block Intrusion;MAIN;77
D400D227;1;GPH;EM;West Zone;MAIN;78|79|80|81|82
D400D227;2;GPH;AMAG;West Zone;MAIN;80|81
D400D227;3;GPH;GMAG;West Zone;MAIN;82
D42B2574;1;GPH;EM;Caber;MAIN;54|70
D42B2574;2;GPH;UNS;Caber;MAIN;56
D410B1C0;1;GPH;GRV;ACKIO;MAIN;45
D410B1C0;2;GPH;RAD;ACKIO;MAIN;45
D410B1C0;3;GPH;AMAG;ACKIO;MAIN;45
D410B1C0;4;GPH;MT;ACKIO;MAIN;45
D410B1C0;5;GPH;SES;ACKIO;MAIN;51
D432FC43;1;GPH;EM;Minago deposit;MAIN;116
D432FC43;2;GPH;AMAG;Minago deposit;MAIN;116
D432FC43;4;GPH;GMAG;Minago deposit;MAIN;116
D432FC43;5;GPH;VLF;Minago deposit;MAIN;116
D432FC43;6;GPH;IP;Minago deposit;MAIN;116
D432FC43;7;GPH;GRV;Minago deposit;MAIN;116
D44E7FB4;1;GPH;GRV;Riqueza Marina;MAIN;19|50|51|52
D44E7FB4;2;GPH;GMAG;Riqueza Marina;MAIN;19|50
D4336065;1;GPH;GMAG;Gulçari A;MAIN;108
D4336065;2;GPH;IP;Gulçari A;MAIN;108
D4336065;3;GPH;VLF;Gulçari A;MAIN;109
D4514101;1;GPH;GMAG;Mei Feng Mine;MAIN;41
D45F3E6A;1;GPH;AMAG;White Mountain;MAIN;30
D46F5608;1;GPH;AMAG;McFaulds South Property;MAIN;32
D46F5608;2;GPH;GRV;McFaulds South Property;MAIN;32
D47D2D30;1;GPH;UNS;Eldor Carbonatite Complex;MAIN;57
D47D2D30;2;GPH;RAD;Eldor Carbonatite Complex;MAIN;54
D48289EA;1;GPH;RES;Brine Reservoir;MAIN;60
D4870152;1;GPH;IP;Kaukua;MAIN;37
D4849C78;1;GPH;EM;Pick Lake deposit;MAIN;49
D4849C78;2;GPH;AMAG;Pick Lake deposit;MAIN;49
D48BBF28;1;GPH;EM;Selkirk;MAIN;53
D48BBF28;2;GPH;IP;Selkirk;MAIN;53
D48BBF28;3;GPH;RES;Selkirk;MAIN;53
D4927995;1;GPH;GRV;Elk Creek;MAIN;46|49
D4927995;2;GPH;AMAG;Elk Creek;MAIN;46|49
D4944C8C;1;GPH;RAD;Lavergne-Springer;MAIN;43
D4944C8C;2;GPH;AMAG;Lavergne-Springer;MAIN;43
D4A8B922;1;GPH;AMAG;Oracle Ridge;MAIN;66
D4A8B922;2;GPH;EM;Oracle Ridge;MAIN;66
D4BF5B64;1;GPH;GMAG;Lake St. Joseph Iron Formation;MAIN;67
D4BF5B64;2;GPH;GRV;Lake St. Joseph Iron Formation;MAIN;67
D4B15499;1;GPH;AMAG;Bull Hill;MAIN;65|70
D4B15499;2;GPH;EM;Bull Hill;MAIN;65|70
D4B15499;3;GPH;RAD;Bull Hill;MAIN;65|70
D4B15499;4;GPH;IP;Bull Hill;MAIN;65|70
D4B15499;5;GPH;GMAG;Bull Hill;MAIN;65|70
D4B15499;6;GPH;GRV;Bull Hill;MAIN;65|70|71
D4B15499;7;GPH;VLF;Bull Hill;MAIN;70
D4B15499;8;GPH;MT;Bull Hill;MAIN;70|71
D4CD526B;1;GPH;GMAG;Bugaboo;MAIN;24
D4CD526B;2;GPH;AMAG;Bugaboo;MAIN;24
D4D75D36;1;GPH;AMAG;Lac Guéret;MAIN;82|83
D4D75D36;2;GPH;EM;Lac Guéret;MAIN;82
D4E44621;1;GPH;AMAG;Two Tom;MAIN;40
D4E44621;2;GPH;RAD;Two Tom;MAIN;40
D4E4C285;1;GPH;GMAG;Werner Lake deposits;MAIN;19
D4EC108A;1;GPH;RAD;Tony M Mine;MAIN;61
D4EBDC84;1;GPH;GRV;Waterberg;MAIN;63|64|66|69
D4EBDC84;2;GPH;GMAG;Waterberg;MAIN;63|64
D4EBDC84;4;GPH;AMAG;Waterberg;MAIN;66
D4EBDC84;5;GPH;RAD;Waterberg;MAIN;66
D5446119;1;GPH;RAD;Falchani Project;MAIN;63
D54BFF95;1;GPH;AMAG;Bourier Property Mineralization;MAIN;27
D54BFF95;2;GPH;EM;Bourier Property Mineralization;MAIN;27
D55B40AA;1;GPH;GRV;Neptune Project;MAIN;22|24|25
D55B40AA;2;GPH;MT;Neptune Project;MAIN;26
D59588DD;1;GPH;UNS;Menzhinsky Mine;MAIN;73
D578D8AC;1;GPH;UNS;Agua Rica;MAIN;100|101
D5829355;1;GPH;AMAG;Eaglehead;MAIN;103|108
D5829355;2;GPH;IP;Eaglehead;MAIN;107|108
D5A3D86F;1;GPH;WLOG;Rainbow Lake Property;MAIN;64
D5ACB8ED;1;GPH;EM;W4 Nickel Deposit;MAIN;98
D5ACB8ED;2;GPH;AMAG;W4 Nickel Deposit;MAIN;98|99
D5A00879;1;GPH;AMAG;Baptiste;MAIN;85|86
D5A00879;2;GPH;IP;Baptiste;MAIN;85|87|88
D5A00879;3;GPH;GMAG;Baptiste;MAIN;85|87|88
D5A00879;5;GPH;RES;Baptiste;MAIN;85|90
D5A00879;6;GPH;RAD;Baptiste;MAIN;85|90
D5A00879;8;GPH;EM;Baptiste;MAIN;85|90
D5A00879;9;GPH;WLOG;Baptiste;MAIN;85|90|92
D5B08D52;1;GPH;AMAG;Karin Lake;MAIN;26
D5B08D52;2;GPH;EM;Karin Lake;MAIN;23|26
D5B08D52;3;GPH;GMAG;Karin Lake;MAIN;23
D5B08D52;5;GPH;RAD;Karin Lake;MAIN;23|30
D5D3AF54;1;GPH;IP;Seel;MAIN;44|46|53|54
D5D3AF54;2;GPH;GMAG;Seel;MAIN;44|45|53|54
D5B438FF;1;GPH;EM;Patterson Lake South;MAIN;33|34|42|47
D5B438FF;2;GPH;AMAG;Patterson Lake South;MAIN;33|34|48
D5B438FF;3;GPH;RAD;Patterson Lake South;MAIN;33|34|48
D5B438FF;4;GPH;SP;Patterson Lake South;MAIN;33
D5B438FF;7;GPH;RES;Patterson Lake South;MAIN;34|37|47
D61815A9;1;GPH;EM;Bingo pegmatite;MAIN;21
D61815A9;2;GPH;AMAG;Bingo pegmatite;MAIN;21
D6019BB5;1;GPH;AMAG;Star Kimberlite;MAIN;51|74
D6019BB5;2;GPH;GMAG;Star Kimberlite;MAIN;51
D6019BB5;3;GPH;SES;Star Kimberlite;MAIN;74
D6019BB5;4;GPH;EM;Star Kimberlite;MAIN;57|74
D6019BB5;6;GPH;UNS;Star Kimberlite;MAIN;74
D5BBBC8D;1;GPH;GMAG;Niblack;MAIN;61
D5BBBC8D;2;GPH;EM;Niblack;MAIN;61
D5BBBC8D;3;GPH;AMAG;Niblack;MAIN;61
D5BBBC8D;4;GPH;MALM;Niblack;MAIN;61
D5BBBC8D;5;GPH;VLF;Niblack;MAIN;61
D5BBBC8D;6;GPH;RAD;Niblack;MAIN;61
D5BBBC8D;7;GPH;IP;Niblack;MAIN;61
D5BBBC8D;8;GPH;WLOG;Niblack;MAIN;61
D6207E09;1;GPH;EM;West Zone;MAIN;86|91|92|93|95|96
D6207E09;2;GPH;AMAG;West Zone;MAIN;91|95
D63985E8;1;GPH;SWIR;Pinto Valley Mine;MAIN;63
D61D6821;1;GPH;AMAG;Ruby Mineralization;MAIN;35
D61D6821;2;GPH;RAD;Ruby Mineralization;MAIN;35|36|37
D63B8782;1;GPH;IP;Schaft Creek;MAIN;126|131
D63B8782;2;GPH;RES;Schaft Creek;MAIN;126
D63B8782;3;GPH;GMAG;Schaft Creek;MAIN;126|131
D63B8782;4;GPH;MT;Schaft Creek;MAIN;126
D63B8782;5;GPH;AMAG;Schaft Creek;MAIN;129
D63B8782;6;GPH;EM;Schaft Creek;MAIN;130
D67D0C2E;1;GPH;SES;Feature 08;MAIN;6
D657DBFB;1;GPH;EM;Kansanshi;MAIN;21|66|67
D657DBFB;2;GPH;MT;Kansanshi;MAIN;66|67
D657DBFB;3;GPH;IP;Kansanshi;MAIN;66|67
D657DBFB;4;GPH;AMAG;Kansanshi;MAIN;66|67
D657DBFB;5;GPH;RAD;Kansanshi;MAIN;66|67
D657DBFB;6;GPH;SES;Kansanshi;MAIN;66|67
D657DBFB;7;GPH;GRV;Kansanshi;MAIN;66|67
D657DBFB;8;GPH;GMAG;Kansanshi;MAIN;67
D657DBFB;9;GPH;WLOG;Kansanshi;MAIN;66
D6640563;1;GPH;AMAG;Alpala Deposit;MAIN;109|118
D6640563;2;GPH;RAD;Alpala Deposit;MAIN;109|118
D6640563;3;GPH;GMAG;Alpala Deposit;MAIN;111|119
D6640563;4;GPH;IP;Alpala Deposit;MAIN;121
D6640563;5;GPH;MT;Alpala Deposit;MAIN;121|122
D6640563;9;GPH;SWIR;Alpala Deposit;MAIN;110|117
D6992545;1;GPH;GRV;Sahavaara;MAIN;48
D6992545;2;GPH;UNS;Sahavaara;MAIN;57
D69B4716;1;GPH;AMAG;Norra Kärr;MAIN;52|53|73
D69B4716;2;GPH;GMAG;Norra Kärr;MAIN;56|73
D6C6E532;1;GPH;AMAG;Red Ring;MAIN;30
D6C6E532;2;GPH;IP;Red Ring;MAIN;30
D6C6E532;3;GPH;SWIR;Red Ring;MAIN;21
D69B3DC7;1;GPH;GMAG;El Toro Project;MAIN;20
D69B3DC7;2;GPH;VLF;El Toro Project;MAIN;20
D69B3DC7;3;GPH;IP;El Toro Project;MAIN;20
D69B3DC7;4;GPH;EM;El Toro Project;MAIN;20|34|49
D69B3DC7;5;GPH;AMAG;El Toro Project;MAIN;20|34|49
D6D5AFDC;1;GPH;AMAG;El Hávila;MAIN;48
D6D5AFDC;2;GPH;RAD;El Hávila;MAIN;48
D6D5AFDC;3;GPH;IP;El Hávila;MAIN;50
D6D5AFDC;4;GPH;RES;El Hávila;MAIN;50
D6D5AFDC;5;GPH;GMAG;El Hávila;MAIN;50
D71B3C19;1;GPH;WLOG;Genesee Mine;MAIN;24
D72D8E70;1;GPH;IP;Hugo North Extension;MAIN;146|147|148
D744BF1E;1;GPH;AMAG;Tsau Project Kimberlites;MAIN;20|26
D744BF1E;3;GPH;GMAG;Tsau Project Kimberlites;MAIN;32
D744BF1E;4;GPH;GRV;Tsau Project Kimberlites;MAIN;32
D738EF65;1;GPH;AMAG;Moonlite Property;MAIN;42
D738EF65;2;GPH;EM;Moonlite Property;MAIN;42
D738EF65;3;GPH;MT;Moonlite Property;MAIN;48
D738EF65;4;GPH;VLF;Moonlite Property;MAIN;49
D738EF65;5;GPH;GRV;Moonlite Property;MAIN;48|52
D738EF65;6;GPH;EM;Coyote;MAIN;56
D738EF65;7;GPH;GRV;Coyote;MAIN;56|57
D74F54CE;1;GPH;GRV;Lithium Creek Project;MAIN;36|40
D74F54CE;2;GPH;AMAG;Lithium Creek Project;MAIN;40
D7482B54;1;GPH;IP;MacArthur;MAIN;67|68|78
D7482B54;2;GPH;AMAG;MacArthur;MAIN;67|82|84
D7E5DCD2;1;GPH;AMAG;Pikoo Group Properties;MAIN;31|32|35|36
D7E5DCD2;2;GPH;EM;Pikoo Group Properties;MAIN;31|36
D7E5DCD2;3;GPH;GRV;Pikoo Group Properties;MAIN;31
D7E5DCD2;5;GPH;SES;Pikoo Group Properties;MAIN;31
D7585991;2;GPH;EM;Jabal Sayid;MAIN;45
D7CD43B7;1;GPH;EM;Lac Burge Project;MAIN;23|31
D7CD43B7;2;GPH;GMAG;Lac Burge Project;MAIN;23|31|32
D7CD43B7;3;GPH;VLF;Lac Burge Project;MAIN;31|32
D80F28E5;1;GPH;AMAG;Allison Lake North;MAIN;36|48
D82F2703;1;GPH;GRV;Bucko Lake;MAIN;39|47
D82F2703;2;GPH;AMAG;Bucko Lake;MAIN;47
D82F2703;3;GPH;GMAG;Bucko Lake;MAIN;47
D82F2703;4;GPH;EM;Bucko Lake;MAIN;47
D8507CA3;1;GPH;RAD;Wakeham Project;MAIN;8
D824BC2F;1;GPH;EM;Blackwater Properties;MAIN;26
D824BC2F;2;GPH;AMAG;Blackwater Properties;MAIN;26|30
D824BC2F;3;GPH;MT;Blackwater Properties;MAIN;30
D824BC2F;5;GPH;IP;Blackwater Properties;MAIN;26|31
D85F28EE;1;GPH;AMAG;Slopeaway;MAIN;28
D83BF01C;1;GPH;AMAG;Main Zone;MAIN;38
D83BF01C;2;GPH;EM;Main Zone;MAIN;38
D83BF01C;3;GPH;GMAG;Main Zone;MAIN;38|41
D83BF01C;4;GPH;VLF;Main Zone;MAIN;38|41
D8611500;1;GPH;RAD;Coles Hill;MAIN;40
D8CD862A;1;GPH;GMAG;E Zone;MAIN;44
D8CD862A;2;GPH;AMAG;E Zone;MAIN;44
D8CD862A;3;GPH;EM;E Zone;MAIN;44
D8DFA974;1;GPH;WLOG;Green Energy Project;MAIN;44
D8DFA974;4;GPH;RES;Green Energy Project;MAIN;44
D8DF6238;1;GPH;RAD;Velvet-Wood Deposit;MAIN;58
D8E0EC50;1;GPH;AMAG;Bornite;MAIN;52
D8E0EC50;2;GPH;EM;Bornite;MAIN;52
D8E0EC50;3;GPH;RAD;Bornite;MAIN;52
D8E0EC50;4;GPH;IP;Bornite;MAIN;55|56
D8E0EC50;5;GPH;MT;Bornite;MAIN;55
D8E0EC50;7;GPH;GRV;Bornite;MAIN;58|59
D8E3F8AA;1;GPH;AMAG;Sheep Hill;MAIN;14|17
D8E3F8AA;2;GPH;EM;Sheep Hill;MAIN;14|17
D8E3F8AA;3;GPH;IP;Sheep Hill;MAIN;36
D8E3F8AA;4;GPH;GMAG;Sheep Hill;MAIN;36
D923AD9E;1;GPH;SES;Cauchari-Olaroz;MAIN;119
D923AD9E;2;GPH;GRV;Cauchari-Olaroz;MAIN;122
D923AD9E;3;GPH;EM;Cauchari-Olaroz;MAIN;125
D923AD9E;4;GPH;RES;Cauchari-Olaroz;MAIN;130
D935DA0D;1;GPH;UNS;North Shore Property;MAIN;61|63
D93714CB;1;GPH;AMAG;E Zone;MAIN;17
D93714CB;2;GPH;UNS;E Zone;MAIN;17
D93714CB;3;GPH;EM;E Zone;MAIN;26
D93714CB;4;GPH;GMAG;E Zone;MAIN;26
D93EF97F;1;GPH;EM;Don McCarthy Property;MAIN;24
D93EF97F;2;GPH;AMAG;Don McCarthy Property;MAIN;24
D94A34AA;2;GPH;AMAG;Sentinel;MAIN;55
D94A34AA;3;GPH;RAD;Sentinel;MAIN;55
D94A34AA;4;GPH;EM;Sentinel;MAIN;55
D94A34AA;5;GPH;MT;Sentinel;MAIN;55
D8FA8BCD;1;GPH;IP;Kerr-Sulphurets-Mitchell;MAIN;38|47|50
D8FA8BCD;2;GPH;AMAG;Kerr-Sulphurets-Mitchell;MAIN;47|49|50
D94EB5C6;1;GPH;IP;Haib;MAIN;40
D9AEBFC9;1;GPH;SES;Smackover Formation;MAIN;67|74
D9809E04;1;GPH;AMAG;Star Kimberlite;MAIN;59|82
D9809E04;2;GPH;SES;Star Kimberlite;MAIN;82
D9809E04;3;GPH;EM;Star Kimberlite;MAIN;65|82
D9809E04;5;GPH;UNS;Star Kimberlite;MAIN;82|83
D9BA75B3;1;GPH;MT;Moyie Anticline Property;MAIN;71|72|73|74|85
D9BA75B3;2;GPH;GRV;Moyie Anticline Property;MAIN;71
D9BA75B3;3;GPH;VLF;Moyie Anticline Property;MAIN;74
D9BA75B3;4;GPH;EM;Moyie Anticline Property;MAIN;74
D9DAF35A;1;GPH;EM;Rambler Main Mine;MAIN;51
D9DAF35A;2;GPH;AMAG;Rambler Main Mine;MAIN;51
D9DAF35A;3;GPH;GMAG;Rambler Main Mine;MAIN;51
D9DAF35A;4;GPH;IP;Rambler Main Mine;MAIN;51
D9DAF35A;5;GPH;RES;Rambler Main Mine;MAIN;51
D9D8EDB9;1;GPH;AMAG;Scotch Creek;MAIN;55
D9D8EDB9;2;GPH;IP;Scotch Creek;MAIN;63|66
D9E13F4A;1;GPH;AMAG;Jackman Prospect;MAIN;65
D9E13F4A;2;GPH;EM;Jackman Prospect;MAIN;65
D9E13F4A;3;GPH;GMAG;Jackman Prospect;MAIN;67
DA1100FF;1;GPH;EM;Rosh Pinah;MAIN;85
DA1100FF;2;GPH;AMAG;Rosh Pinah;MAIN;85
D9EDDEB7;1;GPH;EM;Roughrider East Zone;MAIN;4|8|51|52
D9EDDEB7;2;GPH;AMAG;Roughrider East Zone;MAIN;4|51
D9EDDEB7;3;GPH;VLF;Roughrider East Zone;MAIN;4
D9EDDEB7;4;GPH;RAD;Roughrider East Zone;MAIN;4
D9EDDEB7;9;GPH;GRV;Roughrider East Zone;MAIN;9|52
D9EDDEB7;10;GPH;SES;Roughrider East Zone;MAIN;8|9|52
D9EDDEB7;12;GPH;RES;Roughrider East Zone;MAIN;8|52
DA0CA218;1;GPH;GMAG;Filo del Sol;MAIN;57
DA0CA218;2;GPH;IP;Filo del Sol;MAIN;57|60
DA0CA218;3;GPH;MT;Filo del Sol;MAIN;57
DA0CA218;4;GPH;RES;Filo del Sol;MAIN;57|60
DA2BBB0C;1;GPH;GRV;TLC Property;MAIN;64
DA2BBB0C;3;GPH;UNS;TLC Property;MAIN;64
DA288A10;1;GPH;RES;Murphy Lake;MAIN;57
DA288A10;2;GPH;IP;Murphy Lake;MAIN;57
DA288A10;3;GPH;EM;Murphy Lake;MAIN;57
DA4D417F;1;GPH;MT;Casita Geothermal System;MAIN;42
DA4D417F;2;GPH;EM;Casita Geothermal System;MAIN;42
DA4D417F;3;GPH;AMAG;Casita Geothermal System;MAIN;46
DA4B3DFD;1;GPH;AMAG;CH-6;MAIN;50|61
DA4B3DFD;2;GPH;GMAG;CH-6;MAIN;61
DA4B3DFD;3;GPH;GRV;CH-6;MAIN;61
DA11343E;1;GPH;EM;M2 Deposit;MAIN;67|69
DA11343E;2;GPH;AMAG;M2 Deposit;MAIN;67
DA11343E;3;GPH;IP;M2 Deposit;MAIN;69
DA11343E;4;GPH;GMAG;M2 Deposit;MAIN;69
DA5AB5CA;1;GPH;WLOG;Nichols Ranch;MAIN;18
DA5AB5CA;2;GPH;RES;Nichols Ranch;MAIN;18
DA5AB5CA;3;GPH;SP;Nichols Ranch;MAIN;18
DA510918;1;GPH;MT;Copper Flat;MAIN;88
DA5BE1B2;1;GPH;IP;Main Deposit;MAIN;68
DA78E621;1;GPH;GMAG;Valiquette showing;MAIN;32
DA661646;1;GPH;IP;Elida;MAIN;45|46
DA8DB045;1;GPH;AMAG;TV Tower;MAIN;55
DA8DB045;2;GPH;EM;TV Tower;MAIN;55
DA805115;1;GPH;RAD;Sumner Property;MAIN;52|53
DA805115;2;GPH;RES;Sumner Property;MAIN;52|53
DAF0DB39;1;GPH;GRV;Skaergaard Intrusion;MAIN;43
DB241A5E;1;GPH;IP;James Bay Lithium Project;MAIN;89
DB241A5E;2;GPH;GMAG;James Bay Lithium Project;MAIN;89
DAC6CB6E;1;GPH;MT;Josemaría;MAIN;49
DAC6CB6E;2;GPH;GMAG;Josemaría;MAIN;50|63
DAC6CB6E;3;GPH;IP;Josemaría;MAIN;50|64
DAC6CB6E;5;GPH;SWIR;Josemaría;MAIN;35
DB3B161C;1;GPH;GMAG;Trill;MAIN;81|82
DB34FDA7;1;GPH;RAD;WHN-Boisvert;MAIN;27
DB34FDA7;3;GPH;AMAG;WHN-Boisvert;MAIN;27
DB86C966;1;GPH;EM;Reed;MAIN;48
DB86C966;2;GPH;AMAG;Reed;MAIN;48
DB86C966;3;GPH;IP;Reed;MAIN;48
DB86C966;4;GPH;GRV;Reed;MAIN;48
DB93DBCD;1;GPH;EM;Wellgreen Deposit;MAIN;86|87
DB93DBCD;2;GPH;AMAG;Wellgreen Deposit;MAIN;86
DB93DBCD;3;GPH;IP;Wellgreen Deposit;MAIN;86|87
DB93DBCD;4;GPH;GMAG;Wellgreen Deposit;MAIN;86
DB93DBCD;5;GPH;VLF;Wellgreen Deposit;MAIN;86
DB88A46F;1;GPH;RAD;Wray Mesa Property;MAIN;22|23
DBA0D035;1;GPH;GRV;Highway Area Veins;MAIN;30
DBA0D035;2;GPH;AMAG;Highway Area Veins;MAIN;30|51
DBA0D035;3;GPH;EM;Highway Area Veins;MAIN;30|50|51
DBA0D035;4;GPH;IP;Highway Area Veins;MAIN;50|51
DBA0D035;5;GPH;GMAG;Highway Area Veins;MAIN;50
DBB9B176;1;GPH;EM;Eagle East;MAIN;78
DBB9B176;2;GPH;RES;Eagle East;MAIN;78
DBB9B176;3;GPH;GRV;Eagle East;MAIN;78
DBD528B7;1;GPH;AMAG;Mareesburg;MAIN;24
DBD58126;3;GPH;GMAG;Cerro Ccopane-Orcopura;MAIN;37|40|41
DBD58126;4;GPH;GRV;Cerro Ccopane-Orcopura;MAIN;37|42
DBE49376;1;GPH;IP;Kestane;MAIN;44|48
DBE49376;2;GPH;GMAG;Kestane;MAIN;44
DBE7AA4A;1;GPH;AMAG;Dodger Zone;MAIN;37
DBE7AA4A;2;GPH;EM;Dodger Zone;MAIN;37
DC3C5F93;1;GPH;GPR;Dyke #5;MAIN;46
DC3C5F93;2;GPH;IP;Dyke #5;MAIN;46
DC3C5F93;3;GPH;AMAG;Dyke #5;MAIN;48
DC3C5F93;4;GPH;RAD;Dyke #5;MAIN;48
DC5BC608;1;GPH;IP;Lorraine Main Zone;MAIN;23|47|50
DC5BC608;2;GPH;GMAG;Lorraine Main Zone;MAIN;23
DC5BC608;3;GPH;AMAG;Lorraine Main Zone;MAIN;23
DC5BC608;4;GPH;RAD;Lorraine Main Zone;MAIN;23
DC2562F3;1;GPH;WLOG;Conda Projects;MAIN;78|79
DC7F02B3;1;GPH;MT;HMN Project;MAIN;106|107|108
DC7F02B3;2;GPH;EM;HMN Project;MAIN;109|110|111|112|113
DC147127;1;GPH;RES;Nariin Sukhait Coal Deposit;MAIN;89|90
DC147127;2;GPH;GRV;Nariin Sukhait Coal Deposit;MAIN;89
DC147127;3;GPH;AMAG;Nariin Sukhait Coal Deposit;MAIN;89
DC147127;4;GPH;RAD;Nariin Sukhait Coal Deposit;MAIN;89
DCA29778;1;GPH;UNS;Royal vein;MAIN;10
DC883373;1;GPH;AMAG;Spinifex Ridge;MAIN;35
DC883373;2;GPH;WLOG;Spinifex Ridge;MAIN;35
DC883373;3;GPH;RAD;Spinifex Ridge;MAIN;35
DC883373;4;GPH;RES;Spinifex Ridge;MAIN;35
DCAB3CAC;1;GPH;GMAG;Granby Zone;MAIN;14
DCAB3CAC;2;GPH;VLF;Granby Zone;MAIN;14
DCAB3CAC;3;GPH;IP;Granby Zone;MAIN;26
DCAB3CAC;4;GPH;MT;Granby Zone;MAIN;26
DC9090E0;1;GPH;AMAG;War Springs Platreef;MAIN;21|35|36|38
DC9090E0;2;GPH;GRV;War Springs Platreef;MAIN;35|37
DC9090E0;3;GPH;WLOG;War Springs Platreef;MAIN;30|35|38
DCAD26E5;1;GPH;EM;Pinchazo;MAIN;20
DCAD26E5;2;GPH;IP;Pinchazo;MAIN;20
DCD64A8D;1;GPH;SES;Lanigan;MAIN;29|34
DCD64A8D;2;GPH;WLOG;Lanigan;MAIN;34
DCF6C827;1;GPH;GRV;Black Diamond Coal Deposits;MAIN;21|56
DCF6C827;2;GPH;EM;Black Diamond Coal Deposits;MAIN;56
DCF6C827;3;GPH;AMAG;Black Diamond Coal Deposits;MAIN;56
DD0598A4;1;GPH;SES;Robinsons River Salt;MAIN;32|33
DD0598A4;2;GPH;GRV;Robinsons River Salt;MAIN;32|33
DCDC00C5;1;GPH;AMAG;Dotson Zone;MAIN;82
DCDC00C5;2;GPH;RAD;Dotson Zone;MAIN;82
DCDC00C5;3;GPH;GMAG;Dotson Zone;MAIN;82
DD07290A;1;GPH;AMAG;Tolita;MAIN;53
DD07290A;2;GPH;IP;Tolita;MAIN;54|69
DD25A5D1;1;GPH;AMAG;Hopes Advance Main Zone;MAIN;62
DD25A5D1;2;GPH;EM;Hopes Advance Main Zone;MAIN;90
DD210208;1;GPH;RAD;Kuriskova;MAIN;60
DD210208;2;GPH;AMAG;Kuriskova;MAIN;60
DD33805F;1;GPH;EM;Gonneville;MAIN;36
DD33805F;2;GPH;AMAG;Gonneville;MAIN;36
DD33805F;3;GPH;GRV;Gonneville;MAIN;36
DD3B8437;1;GPH;EM;West Bear Cobalt-Nickel Deposit;MAIN;35
DD3B8437;2;GPH;AMAG;West Bear Cobalt-Nickel Deposit;MAIN;35|36
DD3B8437;3;GPH;RAD;West Bear Cobalt-Nickel Deposit;MAIN;36
DD4B734E;1;GPH;RAD;EPL-8084;MAIN;26
DD5DB49F;1;GPH;AMAG;Trairão;MAIN;64
DD5DB49F;2;GPH;GMAG;Trairão;MAIN;56
DD73E387;1;GPH;EM;Philadelphia;MAIN;16
DD73E387;2;GPH;GMAG;Philadelphia;MAIN;16
DD5A958F;1;GPH;AMAG;Ban Phuc;MAIN;52
DD5A958F;2;GPH;EM;Ban Phuc;MAIN;52
DD5A958F;3;GPH;GMAG;Ban Phuc;MAIN;52
DD77775A;1;GPH;RAD;Wonewoc Formation;MAIN;52
DD77775A;2;GPH;RES;Wonewoc Formation;MAIN;52
DD7C3BB9;1;GPH;IP;Opemiska;MAIN;57
DD7C3BB9;2;GPH;AMAG;Opemiska;MAIN;58
DD7C3BB9;3;GPH;MALM;Opemiska;MAIN;58|59
DD7C3BB9;4;GPH;WLOG;Opemiska;MAIN;57|59
DD818F5D;1;GPH;GRV;Santo Domingo Sur;MAIN;170
DD818F5D;2;GPH;AMAG;Santo Domingo Sur;MAIN;170
DD818F5D;3;GPH;IP;Santo Domingo Sur;MAIN;172
DD803BFA;1;GPH;RAD;Lac 50;MAIN;109
DD803BFA;2;GPH;AMAG;Lac 50;MAIN;109
DD803BFA;3;GPH;VLF;Lac 50;MAIN;109
DDDD5105;1;GPH;RES;São Manuel and São Rubens;MAIN;67|68
DDCEE77E;1;GPH;RAD;Los Azules breccia pipes;MAIN;24
DDCEE77E;2;GPH;IP;Los Azules breccia pipes;MAIN;24
DDE5B5CE;1;GPH;EM;Molo;MAIN;85|95|96
DDE5B5CE;2;GPH;AMAG;Molo;MAIN;85
DDAECF87;1;GPH;GRV;Santo Domingo;MAIN;65|71|72|73
DDAECF87;2;GPH;AMAG;Santo Domingo;MAIN;65|71|72|73
DDAECF87;3;GPH;IP;Santo Domingo;MAIN;70|73|74
DDE6AE48;1;GPH;IP;Captain;MAIN;36|37
DDE71293;1;GPH;MT;Groundhog;MAIN;43|45
DDE71293;2;GPH;IP;Groundhog;MAIN;43|46|47
DDE71293;3;GPH;AMAG;Groundhog;MAIN;44|50
DDE71293;5;GPH;EM;Groundhog;MAIN;50
DDFEB922;1;GPH;EM;Aripuanã Deposits;MAIN;55|57
DDFEB922;2;GPH;AMAG;Aripuanã Deposits;MAIN;55|57
DDFEB922;3;GPH;RAD;Aripuanã Deposits;MAIN;55
DDFEB922;4;GPH;GRV;Aripuanã Deposits;MAIN;55
DDFEB922;5;GPH;GMAG;Aripuanã Deposits;MAIN;55|57
DDFEB922;6;GPH;IP;Aripuanã Deposits;MAIN;55
DDFEB922;7;GPH;VLF;Aripuanã Deposits;MAIN;55
DE168EA3;1;GPH;GRV;Lagoa Salgada;MAIN;50|51|52
DE168EA3;2;GPH;IP;Lagoa Salgada;MAIN;50|51|53|54|58|62
DE168EA3;3;GPH;MALM;Lagoa Salgada;MAIN;51
DE483BE5;1;GPH;GRV;Robelin Property;MAIN;17
DE483BE5;2;GPH;AMAG;Robelin Property;MAIN;17
DE483BE5;3;GPH;RAD;Robelin Property;MAIN;17
DE483BE5;4;GPH;GMAG;Robelin Property;MAIN;29
DE505EB3;1;GPH;MT;Josemaría;MAIN;49
DE505EB3;2;GPH;GMAG;Josemaría;MAIN;50|63
DE505EB3;3;GPH;IP;Josemaría;MAIN;50|64
DE505EB3;5;GPH;SWIR;Josemaría;MAIN;36
DE8579C0;1;GPH;EM;Nash Creek Deposit;MAIN;17|29|30
DE8579C0;2;GPH;RES;Nash Creek Deposit;MAIN;17|30
DE8579C0;3;GPH;GRV;Nash Creek Deposit;MAIN;17|29|30
DE8579C0;4;GPH;AMAG;Nash Creek Deposit;MAIN;17|29
DE8579C0;5;GPH;IP;Nash Creek Deposit;MAIN;30
DE8F646E;1;GPH;GRV;Elk Creek Carbonatite;MAIN;122|126
DE8F646E;2;GPH;AMAG;Elk Creek Carbonatite;MAIN;126
DE8F646E;3;GPH;WLOG;Elk Creek Carbonatite;MAIN;114
DE99352E;1;GPH;GMAG;Copper Hill;MAIN;28
DE99352E;2;GPH;IP;Copper Hill;MAIN;28
DE9162DE;1;GPH;UNS;Sunnyside;MAIN;14
DEBD4B2A;1;GPH;IP;Chu mineral zone;MAIN;25
DEC08722;1;GPH;AMAG;Warintza Central;MAIN;60|67
DEC08722;2;GPH;EM;Warintza Central;MAIN;60|67
DEC60DC6;1;GPH;AMAG;Joyce Lake;MAIN;60
DEC60DC6;2;GPH;RAD;Joyce Lake;MAIN;60
DEC60DC6;3;GPH;VLF;Joyce Lake;MAIN;60
DEC60DC6;4;GPH;GRV;Joyce Lake;MAIN;61|64
DED9A278;3;GPH;IP;Los Helados;MAIN;77
DED9A278;4;GPH;GMAG;Los Helados;MAIN;77
DED9A278;6;GPH;AMAG;Los Helados;MAIN;77
DED9A278;7;GPH;MT;Los Helados;MAIN;77
DEEF758A;1;GPH;IP;Grid BC Copper Gold Project;MAIN;34
DEEF758A;4;GPH;RAD;Grid BC Copper Gold Project;MAIN;47
DEF3C856;1;GPH;IP;Haib;MAIN;42
DEF3C856;2;GPH;MT;Haib;MAIN;42
DEF8E0BB;1;GPH;EM;Pele Mountain Property;MAIN;47|48
DEF8E0BB;2;GPH;IP;Pele Mountain Property;MAIN;47
DEF8E0BB;3;GPH;GMAG;Pele Mountain Property;MAIN;49|50
DF028E9F;1;GPH;RAD;Kuriskova;MAIN;62
DF028E9F;2;GPH;AMAG;Kuriskova;MAIN;62
DF395213;1;GPH;IP;Cobre Grande;MAIN;24|34|35
DF395213;2;GPH;GMAG;Cobre Grande;MAIN;24|35
DF395213;3;GPH;EM;Cobre Grande;MAIN;24|35
DF395213;4;GPH;AMAG;Cobre Grande;MAIN;35
DF7D85C1;1;GPH;IP;Charon zone;MAIN;22
DF6F34C1;1;GPH;IP;Sierra Gorda;MAIN;91|94
DF6F34C1;2;GPH;RES;Sierra Gorda;MAIN;91|94
DF6F34C1;3;GPH;GMAG;Sierra Gorda;MAIN;91|94
DF7FB0F9;1;GPH;SWIR;Arctic deposit;MAIN;104|108
DF7FB0F9;2;GPH;EM;Arctic deposit;MAIN;108|112|113
DF7FB0F9;3;GPH;AMAG;Arctic deposit;MAIN;113
DFAF9211;1;GPH;EM;South Zone;MAIN;21
DFAF9211;2;GPH;GMAG;South Zone;MAIN;21
DFAF9211;3;GPH;IP;South Zone;MAIN;21
DFAF9211;4;GPH;RES;South Zone;MAIN;21
DFBAECDD;1;GPH;IP;Phoenix;MAIN;60|61|62
DFBAECDD;2;GPH;EM;Phoenix;MAIN;61
DFBAECDD;3;GPH;GRV;Phoenix;MAIN;61
DFBAECDD;4;GPH;AMAG;Phoenix;MAIN;62
DFBAECDD;5;GPH;RAD;Phoenix;MAIN;62
DFD972F1;1;GPH;UNS;Lothar Project;MAIN;24|27|30|33
DFD73801;1;GPH;SES;Paradox North Lithium Project;MAIN;33|35|43|47|49|51
DFD495D1;1;GPH;GRV;Salar de Diablillos;MAIN;33|35
DFD495D1;2;GPH;SES;Salar de Diablillos;MAIN;33|37
DFD495D1;3;GPH;UNS;Salar de Diablillos;MAIN;33|34
DFD67319;1;GPH;EM;Lemieux Dome;MAIN;86
DFF76359;1;GPH;AMAG;Lone Mountain;MAIN;43
DFF76359;2;GPH;IP;Lone Mountain;MAIN;43
DFF76359;3;GPH;GMAG;Lone Mountain;MAIN;43
DFF76359;4;GPH;GRV;Lone Mountain;MAIN;45
DFF76359;5;GPH;SP;Lone Mountain;MAIN;45
E02A4A91;1;GPH;MT;Lik deposit;MAIN;46
E00C5A1D;1;GPH;UNS;Cayenne-Chili;MAIN;22
E00C5A1D;2;GPH;EM;Cayenne-Chili;MAIN;22
E04E0F0D;1;GPH;RES;Chvaletice Manganese Project;MAIN;49
E04E0F0D;2;GPH;SES;Chvaletice Manganese Project;MAIN;49|51
E03B412F;1;GPH;IP;Sierra Gorda;MAIN;91|94
E03B412F;2;GPH;RES;Sierra Gorda;MAIN;91|94
E03B412F;3;GPH;GMAG;Sierra Gorda;MAIN;91|94
E04F6179;1;GPH;AMAG;Yerington Mine;MAIN;53
E04F6179;2;GPH;GMAG;Yerington Mine;MAIN;53
E04F6179;3;GPH;IP;Yerington Mine;MAIN;53
E04F6179;4;GPH;GRV;Yerington Mine;MAIN;53
E052A0D8;1;GPH;AMAG;E Zone;MAIN;17
E052A0D8;2;GPH;UNS;E Zone;MAIN;17
E052A0D8;3;GPH;EM;E Zone;MAIN;26
E052A0D8;4;GPH;GMAG;E Zone;MAIN;26
E04351CA;2;GPH;GRV;Nash Creek Deposit;MAIN;68
E04351CA;3;GPH;EM;Nash Creek Deposit;MAIN;69
E05563C9;1;GPH;GPR;Bom Futuro Tailings;MAIN;62|63
E05563C9;2;GPH;IP;Bom Futuro Tailings;MAIN;63
E05563C9;3;GPH;GMAG;Bom Futuro Tailings;MAIN;63
E05563C9;4;GPH;GRV;Bom Futuro Tailings;MAIN;63
E0989DC8;1;GPH;MT;Pocitos Salar;MAIN;58|59|60|61|62|63
E0989DC8;2;GPH;RES;Pocitos Salar;MAIN;64
E0989DC8;3;GPH;EM;Pocitos Salar;MAIN;64
E0D9DEE0;1;GPH;MT;Texas Springs;MAIN;26
E0C7847A;1;GPH;GMAG;Canyon Creek Skarn;MAIN;18
E0DF2251;1;GPH;AMAG;Montagne Showing;MAIN;38|39
E0DF2251;2;GPH;EM;Montagne Showing;MAIN;38
E0C61071;3;GPH;GMAG;Jiaogenma;MAIN;47|48|49
E0C61071;4;GPH;IP;Jiaogenma;MAIN;47|49
E0D43095;1;GPH;RAD;Double S trend;MAIN;36|44
E0F9A148;1;GPH;IP;Haquira East;MAIN;73|75|79
E0F9A148;2;GPH;RES;Haquira East;MAIN;73|75
E0F9A148;3;GPH;GMAG;Haquira East;MAIN;73|75
E142FC11;1;GPH;AMAG;Tony Block;MAIN;45|46
E142FC11;2;GPH;EM;Tony Block;MAIN;45|46|52|54
E145DD06;1;GPH;AMAG;Okohongo;MAIN;33
E145DD06;2;GPH;RAD;Okohongo;MAIN;33
E148BDC6;1;GPH;AMAG;Central Zone;MAIN;43
E148BDC6;2;GPH;RAD;Central Zone;MAIN;43
E148BDC6;3;GPH;GMAG;Central Zone;MAIN;43
E148BDC6;4;GPH;IP;Central Zone;MAIN;43|44
E148BDC6;5;GPH;EM;Central Zone;MAIN;43
E15F5F68;1;GPH;EM;SMDI 2455;MAIN;26
E15F5F68;2;GPH;AMAG;SMDI 2455;MAIN;26
E169E9E4;1;GPH;EM;Zara Property;MAIN;16|17
E169E9E4;2;GPH;AMAG;Zara Property;MAIN;16
E17BFE23;1;GPH;UNS;NorthMet Deposit;MAIN;51
E1A0B9A3;1;GPH;EM;Shebandowan West;MAIN;50|51
E1A0B9A3;2;GPH;AMAG;Shebandowan West;MAIN;50
E1A0B9A3;3;GPH;GMAG;Shebandowan West;MAIN;50
E1A0B9A3;4;GPH;GRV;Shebandowan West;MAIN;51
E1B0914E;1;GPH;UNS;Araguaia Nickel Project;MAIN;85
E1B0914E;2;GPH;AMAG;Araguaia Nickel Project;MAIN;113|117
E1B0914E;3;GPH;GMAG;Araguaia Nickel Project;MAIN;116
E1B0914E;4;GPH;RAD;Araguaia Nickel Project;MAIN;117
E1B0914E;5;GPH;EM;Araguaia Nickel Project;MAIN;117
E1AE2297;1;GPH;EM;Mine Block Intrusion;MAIN;77
E1AE2297;2;GPH;GMAG;Mine Block Intrusion;MAIN;106|107|109
E1B3048F;1;GPH;GMAG;No. 2 Zone;MAIN;24
E1B3048F;2;GPH;AMAG;No. 2 Zone;MAIN;23|24
E1B3048F;3;GPH;GRV;No. 2 Zone;MAIN;23|24
E1C5CE72;1;GPH;AMAG;Eagle's Nest;MAIN;57|58|59
E1C5CE72;2;GPH;EM;Eagle's Nest;MAIN;57|58|59|60|61|63
E1C5CE72;3;GPH;GRV;Eagle's Nest;MAIN;57|58|60|61
E1C5CE72;4;GPH;VLF;Eagle's Nest;MAIN;59|61
E1C5CE72;5;GPH;GMAG;Eagle's Nest;MAIN;59|60|61
E1C5CE72;6;GPH;IP;Eagle's Nest;MAIN;60|62
E1C5CE72;7;GPH;RES;Eagle's Nest;MAIN;62
E228A84C;1;GPH;AMAG;Candelaria;MAIN;61
E228A84C;2;GPH;RAD;Candelaria;MAIN;61
E1C6776A;1;GPH;AMAG;Laura;MAIN;60
E1C6776A;2;GPH;RAD;Laura;MAIN;60|61
E23A28D3;1;GPH;AMAG;Copper Mountain;MAIN;38|40
E1D1F756;1;GPH;RAD;Wicheeda Carbonatite;MAIN;48
E1D1F756;2;GPH;GMAG;Wicheeda Carbonatite;MAIN;48
E223AF4F;1;GPH;EM;Coulon Lenses;MAIN;37|38|39|40|41
E223AF4F;2;GPH;AMAG;Coulon Lenses;MAIN;37|38|39
E223AF4F;3;GPH;GMAG;Coulon Lenses;MAIN;39|40|42
E23C096D;1;GPH;GRV;Trill Offset;MAIN;33
E23C096D;2;GPH;EM;Trill Offset;MAIN;33|57|58
E23C096D;3;GPH;GMAG;Trill Offset;MAIN;33|58
E23C096D;4;GPH;MT;Trill Offset;MAIN;33|57
E23C096D;6;GPH;IP;Trill Offset;MAIN;57
E24475A9;2;GPH;RAD;Carina Project;MAIN;96|97
E24475A9;3;GPH;AMAG;Carina Project;MAIN;97
E248E4FF;1;GPH;VLF;Pie Property;MAIN;32
E248E4FF;2;GPH;EM;Pie Property;MAIN;33
E2822EB9;1;GPH;AMAG;Mount Weir;MAIN;19|37
E2822EB9;2;GPH;GMAG;Mount Weir;MAIN;28|37|39
E2B5E930;1;GPH;RES;Coal Project;MAIN;73|75
E2B5E930;2;GPH;GRV;Coal Project;MAIN;73
E2B5E930;3;GPH;AMAG;Coal Project;MAIN;73
E2B5E930;4;GPH;RAD;Coal Project;MAIN;73
E309F5AC;1;GPH;AMAG;Firebag Silica Sand;MAIN;34|35
E309F5AC;2;GPH;GRV;Firebag Silica Sand;MAIN;34|36|37
E28D0A34;1;GPH;GMAG;Caraiba Mine;MAIN;80|81
E28D0A34;2;GPH;GRV;Caraiba Mine;MAIN;80|81|85|88
E28D0A34;3;GPH;IP;Caraiba Mine;MAIN;80|81
E28D0A34;4;GPH;AMAG;Caraiba Mine;MAIN;80
E28D0A34;5;GPH;RAD;Caraiba Mine;MAIN;80
E28D0A34;6;GPH;EM;Caraiba Mine;MAIN;85
E2BB138D;1;GPH;GMAG;Bugaboo;MAIN;30
E2BB138D;2;GPH;AMAG;Bugaboo;MAIN;30
E2C53BB5;1;GPH;AMAG;Kamoa-Kakula;MAIN;150|151
E2C53BB5;2;GPH;RAD;Kamoa-Kakula;MAIN;150|151
E2C53BB5;5;GPH;EM;Kamoa-Kakula;MAIN;151
E2C53BB5;6;GPH;GMAG;Kamoa-Kakula;MAIN;151
E2C53BB5;7;GPH;GRV;Kamoa-Kakula;MAIN;151
E2C53BB5;8;GPH;SES;Kamoa-Kakula;MAIN;151
E2C53BB5;9;GPH;IP;Kamoa-Kakula;MAIN;151
E2C53BB5;10;GPH;RES;Kamoa-Kakula;MAIN;151
E314E2F4;1;GPH;AMAG;West Zone;MAIN;70|72|73
E314E2F4;2;GPH;EM;West Zone;MAIN;70|72|73
E318D4EF;1;GPH;GMAG;Tortigny Deposit;MAIN;30
E318D4EF;2;GPH;EM;Tortigny Deposit;MAIN;30|31
E318D4EF;3;GPH;GRV;Tortigny Deposit;MAIN;30
E318D4EF;4;GPH;IP;Tortigny Deposit;MAIN;31
E31B9E4C;1;GPH;SES;Wynyard Carnallite Project;MAIN;51|57|58|65
E30DC839;1;GPH;GRV;Sal de Vida;MAIN;100
E30DC839;2;GPH;RES;Sal de Vida;MAIN;100
E30DC839;3;GPH;EM;Sal de Vida;MAIN;100
E31D84C7;2;GPH;GMAG;Red Chris;MAIN;106
E31D84C7;3;GPH;IP;Red Chris;MAIN;106
E31D84C7;4;GPH;VLF;Red Chris;MAIN;106
E31D84C7;5;GPH;MT;Red Chris;MAIN;106
E31D84C7;6;GPH;AMAG;Red Chris;MAIN;106
E31D84C7;7;GPH;EM;Red Chris;MAIN;106
E31D84C7;8;GPH;GRV;Red Chris;MAIN;106
E31D84C7;9;GPH;SWIR;Red Chris;MAIN;108
E348F7F5;1;GPH;GMAG;Unkur;MAIN;81
E348F7F5;2;GPH;IP;Unkur;MAIN;82
E3471FA8;1;GPH;WLOG;Sage Plain Project;MAIN;22|25
E3589421;1;GPH;EM;Bornite;MAIN;59|69
E3589421;2;GPH;AMAG;Bornite;MAIN;59|62|69
E3589421;3;GPH;RAD;Bornite;MAIN;59
E3589421;4;GPH;IP;Bornite;MAIN;62|64
E3589421;5;GPH;MT;Bornite;MAIN;62
E3589421;6;GPH;GRV;Bornite;MAIN;66|68
E3589421;7;GPH;SES;Bornite;MAIN;67
E3AEA508;1;GPH;RAD;Anomaly A;MAIN;40|41
E3AEA508;2;GPH;AMAG;Anomaly A;MAIN;40
E3AFD56D;1;GPH;AMAG;Granduc deposit;MAIN;39|40
E3AFD56D;2;GPH;EM;Granduc deposit;MAIN;39|40|42
E3BF0711;1;GPH;IP;Vizcachitas;MAIN;63
E3BF0711;2;GPH;SP;Vizcachitas;MAIN;63
E3D448C4;2;GPH;EM;Ruby Graphite Project;MAIN;63
E3D448C4;3;GPH;IP;Ruby Graphite Project;MAIN;64
E3D448C4;4;GPH;VLF;Ruby Graphite Project;MAIN;69
E40CF8E6;1;GPH;GRV;Salar del Hombre Muerto - Western Subbasin;MAIN;58|60|62
E40CF8E6;2;GPH;UNS;Salar del Hombre Muerto - Western Subbasin;MAIN;68
E3EC30DE;1;GPH;AMAG;Matoush;MAIN;44
E3EC30DE;3;GPH;WLOG;Matoush;MAIN;56|57|58|59
E41CD349;1;GPH;AMAG;Valk Property;MAIN;51
E452C232;1;GPH;GMAG;Comstock/Mountain Lion;MAIN;38
E452C232;2;GPH;AMAG;Comstock/Mountain Lion;MAIN;38
E454BF1A;1;GPH;EM;Wellgreen Deposit;MAIN;110|111
E454BF1A;2;GPH;AMAG;Wellgreen Deposit;MAIN;110
E454BF1A;3;GPH;IP;Wellgreen Deposit;MAIN;110|111
E454BF1A;4;GPH;GMAG;Wellgreen Deposit;MAIN;110
E454BF1A;5;GPH;VLF;Wellgreen Deposit;MAIN;110
E475A152;1;GPH;GMAG;Kahuna Kimberlite;MAIN;32
E475A152;2;GPH;GRV;Kahuna Kimberlite;MAIN;36
E4A863BC;1;GPH;AMAG;Husab Uranium Project;MAIN;49|52
E496695D;1;GPH;EM;McCart Contact Zone;MAIN;42
E496695D;2;GPH;UNS;McCart Contact Zone;MAIN;35
E4833DD7;1;GPH;GMAG;Shymanivske Deposit;MAIN;114
E4833DD7;2;GPH;GRV;Shymanivske Deposit;MAIN;114
E4A76116;1;GPH;GMAG;Kombat Mine;MAIN;103
E4A76116;2;GPH;AMAG;Kombat Mine;MAIN;103
E4A76116;3;GPH;IP;Kombat Mine;MAIN;103
E4A76116;4;GPH;SES;Kombat Mine;MAIN;103
E4967BA5;1;GPH;GRV;WBJV Project 1;MAIN;65|75|76
E4967BA5;2;GPH;AMAG;WBJV Project 1;MAIN;65|75|78
E4967BA5;3;GPH;GMAG;WBJV Project 1;MAIN;75|77
E4967BA5;7;GPH;WLOG;WBJV Project 1;MAIN;80|82
E4D5B03C;1;GPH;AMAG;Matoush;MAIN;47|60
E4D5B03C;2;GPH;VLF;Matoush;MAIN;60
E4D5B03C;3;GPH;WLOG;Matoush;MAIN;57|58|59
E4B1D4A7;1;GPH;GRV;Pellivuoma;MAIN;40
E4B1D4A7;2;GPH;GMAG;Pellivuoma;MAIN;40
E4B1D4A7;3;GPH;EM;Pellivuoma;MAIN;40
E4B1D4A7;5;GPH;RES;Pellivuoma;MAIN;40
E4B1D4A7;6;GPH;IP;Pellivuoma;MAIN;40
E4DB992F;1;GPH;EM;McArthur River deposit;MAIN;75
E4DB992F;2;GPH;GRV;McArthur River deposit;MAIN;75
E4DB992F;3;GPH;RES;McArthur River deposit;MAIN;75
E4DB992F;4;GPH;MT;McArthur River deposit;MAIN;75
E4DB992F;5;GPH;AMAG;McArthur River deposit;MAIN;75
E4D8902C;1;GPH;UNS;Lorraine;MAIN;36
E4D8902C;2;GPH;IP;Lorraine;MAIN;36|52
E4D8902C;3;GPH;GMAG;Lorraine;MAIN;36|55
E4D8902C;4;GPH;VLF;Lorraine;MAIN;55
E4D8902C;5;GPH;SWIR;Lorraine;MAIN;36|38
E5063514;1;GPH;WLOG;Lazlo Project Potash;MAIN;23|28|32
E4EF135E;1;GPH;AMAG;Timber Property;MAIN;15|36
E4EF135E;2;GPH;EM;Timber Property;MAIN;15|36
E52892BE;1;GPH;WLOG;New Elk Mine;MAIN;64
E52825CF;1;GPH;SES;Kansanshi;MAIN;13
E52825CF;2;GPH;WLOG;Kansanshi;MAIN;13|53
E52825CF;3;GPH;MT;Kansanshi;MAIN;13|52|53
E52825CF;4;GPH;GRV;Kansanshi;MAIN;13
E52825CF;5;GPH;EM;Kansanshi;MAIN;52|53
E52825CF;7;GPH;AMAG;Kansanshi;MAIN;52
E52825CF;8;GPH;RAD;Kansanshi;MAIN;52
E52825CF;9;GPH;IP;Kansanshi;MAIN;52
E52825CF;10;GPH;RES;Kansanshi;MAIN;53
E52825CF;11;GPH;GMAG;Kansanshi;MAIN;53
E52A0DDF;1;GPH;EM;Lola Graphite;MAIN;51|53
E5528962;1;GPH;GRV;Santo Domingo Sur;MAIN;130
E5528962;2;GPH;AMAG;Santo Domingo Sur;MAIN;130
E5528962;3;GPH;IP;Santo Domingo Sur;MAIN;132
E5CE21B4;1;GPH;EM;Philippe Showing;MAIN;51|52|53
E5CE21B4;2;GPH;AMAG;Philippe Showing;MAIN;53
E59A6E83;3;GPH;AMAG;Alacran;MAIN;118
E59A6E83;4;GPH;RAD;Alacran;MAIN;118
E59A6E83;5;GPH;GMAG;Alacran;MAIN;120
E59A6E83;6;GPH;IP;Alacran;MAIN;125
E59A6E83;7;GPH;EM;Alacran;MAIN;125
E59C8B74;1;GPH;IP;Cerro Las Mulas;MAIN;90
E5E01FB6;1;GPH;AMAG;Marimaca;MAIN;102
E5E9BB13;1;GPH;EM;Ford Lake;MAIN;37
E5E9BB13;2;GPH;AMAG;Ford Lake;MAIN;37
E5EC93FD;1;GPH;AMAG;Clinton Lenses;MAIN;31|32
E5EC93FD;2;GPH;EM;Clinton Lenses;MAIN;31|32|33
E5EC93FD;3;GPH;IP;Clinton Lenses;MAIN;31|34|35
E5EC93FD;4;GPH;GRV;Clinton Lenses;MAIN;33
E61845E7;1;GPH;GRV;Jackson Wash;MAIN;19|21|22
E61845E7;3;GPH;MT;Jackson Wash;MAIN;23|24
E5EFF27C;1;GPH;UNS;Luz del Cobre;MAIN;53
E5F6840E;1;GPH;IP;Escalones;MAIN;15|21
E5F6840E;2;GPH;SP;Escalones;MAIN;19|20|21
E5F6840E;3;GPH;EM;Escalones;MAIN;15|21|22
E5F6840E;4;GPH;AMAG;Escalones;MAIN;15|21|22
E6520BF7;1;GPH;GMAG;Aguila;MAIN;23|32
E6520BF7;3;GPH;RAD;Aguila;MAIN;32
E6520BF7;4;GPH;IP;Aguila;MAIN;32
E64653CB;3;GPH;RAD;Eco Ridge;MAIN;58
E642014C;1;GPH;AMAG;Kamoa-Kakula Project;MAIN;135|136
E642014C;2;GPH;RAD;Kamoa-Kakula Project;MAIN;135
E642014C;5;GPH;EM;Kamoa;MAIN;136
E642014C;6;GPH;GMAG;Kamoa;MAIN;136
E67559AD;1;GPH;RAD;Goanikontes;MAIN;39|40|43
E67559AD;2;GPH;AMAG;Goanikontes;MAIN;39
E677A889;1;GPH;EM;Løkken Property;MAIN;29
E677A889;2;GPH;AMAG;Løkken Property;MAIN;29
E677A889;3;GPH;IP;Løkken Property;MAIN;29
E677A889;4;GPH;VLF;Løkken Property;MAIN;29
E677A889;5;GPH;GMAG;Løkken Property;MAIN;45|46
E6C25396;1;GPH;EM;Redstone;MAIN;45
E6C25396;2;GPH;GMAG;Redstone;MAIN;45
E6C25396;3;GPH;AMAG;Redstone;MAIN;45|46
E6A7C987;1;GPH;GRV;Sahavaara;MAIN;33
E6D74E6B;1;GPH;GRV;Tapuli;MAIN;35
E6D74E6B;2;GPH;UNS;Tapuli;MAIN;37|43
E677856F;1;GPH;IP;Malpica;MAIN;75
E677856F;2;GPH;EM;Malpica;MAIN;78
E677856F;3;GPH;AMAG;Malpica;MAIN;78
E720D9E1;1;GPH;GMAG;Johan Beetz Feldspar deposit;MAIN;43
E720D9E1;2;GPH;RAD;Johan Beetz Feldspar deposit;MAIN;43
E6E001A5;1;GPH;AMAG;Marimaca;MAIN;99
E6E58F1C;1;GPH;SES;Guayatayoc;MAIN;40|41|42|44|45
E721A89A;3;GPH;GRV;Sal de Vida;MAIN;93
E721A89A;4;GPH;RES;Sal de Vida;MAIN;93
E721A89A;5;GPH;EM;Sal de Vida;MAIN;93
E743E646;1;GPH;RAD;Charley Creek;MAIN;39
E7312474;1;GPH;RAD;Deep Gold;MAIN;37|38|40
E7312474;2;GPH;SP;Deep Gold;MAIN;38|40
E7312474;3;GPH;RES;Deep Gold;MAIN;38|40
E773E100;1;GPH;EM;Graphene-Battery Zone;MAIN;56
E773E100;2;GPH;AMAG;Graphene-Battery Zone;MAIN;56
E77091B8;1;GPH;GMAG;Mckenzie Deposit;MAIN;37
E78305F5;1;GPH;AMAG;Nemegosenda Lake Complex;MAIN;44|45
E78305F5;2;GPH;GMAG;Nemegosenda Lake Complex;MAIN;44
E78305F5;3;GPH;RAD;Nemegosenda Lake Complex;MAIN;44
E78305F5;4;GPH;EM;Nemegosenda Lake Complex;MAIN;44|45
E7DAB68E;1;GPH;EM;Falcon;MAIN;12|14
E7DAB68E;2;GPH;AMAG;Falcon;MAIN;14
E81769F7;1;GPH;RAD;San Antonio;MAIN;26
E81769F7;2;GPH;WLOG;San Antonio;MAIN;26
E81769F7;3;GPH;RES;San Antonio;MAIN;26
E80C95C3;5;GPH;AMAG;Três Estradas;MAIN;15
E80C95C3;6;GPH;RAD;Três Estradas;MAIN;15
E80C95C3;7;GPH;GMAG;Três Estradas;MAIN;15
E827CECC;1;GPH;AMAG;Churchill Copper / Magnum Vein;MAIN;99
E827CECC;2;GPH;GRV;Churchill Copper / Magnum Vein;MAIN;99
E80D5AAD;1;GPH;EM;Dumitru Potok;MAIN;71
E80D5AAD;2;GPH;AMAG;Dumitru Potok;MAIN;71
E80D5AAD;3;GPH;IP;Dumitru Potok;MAIN;71
E80D5AAD;4;GPH;GRV;Dumitru Potok;MAIN;71
E80D5AAD;5;GPH;MT;Dumitru Potok;MAIN;71
E80D5AAD;6;GPH;SES;Dumitru Potok;MAIN;71
E80D5AAD;7;GPH;RAD;Dumitru Potok;MAIN;72
E82A0735;1;GPH;RAD;Itafós Arraias;MAIN;31
E82A0735;4;GPH;GPR;Itafós Arraias;MAIN;31
E82A0735;5;GPH;RES;Itafós Arraias;MAIN;31
E82A0735;6;GPH;SES;Itafós Arraias;MAIN;31
E840966D;1;GPH;AMAG;UG2 Reef;MAIN;75|77
E840966D;2;GPH;SES;UG2 Reef;MAIN;77
E8320E84;4;GPH;RAD;Area 4;MAIN;88|96
E8320E84;5;GPH;AMAG;Area 4;MAIN;88
E8320E84;6;GPH;GMAG;Area 4;MAIN;88
E8320E84;7;GPH;GRV;Area 4;MAIN;88
E8320E84;8;GPH;IP;Area 4;MAIN;96
E8320E84;9;GPH;RES;Area 4;MAIN;96
E85602D6;1;GPH;UNS;Maureen;MAIN;23
E85B2728;1;GPH;GMAG;Tres Cerros;MAIN;65
E85B2728;2;GPH;IP;Tres Cerros;MAIN;53|65
E85B2728;4;GPH;SWIR;Tres Cerros;MAIN;63|65
E85FC976;1;GPH;EM;Graphene-Battery Zone;MAIN;56
E85FC976;2;GPH;AMAG;Graphene-Battery Zone;MAIN;56
E8555EDC;1;GPH;AMAG;Aranzazu;MAIN;74|76
E8555EDC;2;GPH;IP;Aranzazu;MAIN;78
E8834A8C;1;GPH;AMAG;Lamêlée;MAIN;29|31|47
E8834A8C;3;GPH;UNS;Lamêlée;MAIN;49|50
E88206F7;1;GPH;UNS;Hannukainen;MAIN;233
E88F6762;1;GPH;RAD;Holbrook Basin Potash;MAIN;10
E8B54782;1;GPH;UNS;South Big Smoky Valley;MAIN;87|88
E8A8804F;1;GPH;RAD;Palangana;MAIN;39|41
E8A8804F;2;GPH;SP;Palangana;MAIN;41
E8A8804F;3;GPH;RES;Palangana;MAIN;41
E8A8804F;4;GPH;WLOG;Palangana;MAIN;39
E8943C4F;3;GPH;AMAG;Kraken Pegmatite Field;MAIN;33|35
E8943C4F;4;GPH;VLF;Kraken Pegmatite Field;MAIN;33|35
E887168C;1;GPH;AMAG;Florence deposit;MAIN;104|105
E887168C;2;GPH;GMAG;Florence deposit;MAIN;104|105
E887168C;3;GPH;IP;Florence deposit;MAIN;105
E887168C;4;GPH;EM;Florence deposit;MAIN;105
E887168C;5;GPH;RES;Florence deposit;MAIN;105
E8EAC890;1;GPH;EM;Lac Iron showing;MAIN;18
E8E6B932;1;GPH;AMAG;Ambatovy;MAIN;63
E8E6B932;2;GPH;RAD;Ambatovy;MAIN;63
E8E6AFEA;1;GPH;IP;Pebble deposit;MAIN;109
E8E6AFEA;2;GPH;GMAG;Pebble deposit;MAIN;109
E8E6AFEA;3;GPH;AMAG;Pebble deposit;MAIN;109
E8E6AFEA;4;GPH;MT;Pebble deposit;MAIN;109
E8E6AFEA;5;GPH;EM;Pebble deposit;MAIN;109|110
E8E6AFEA;6;GPH;RAD;Pebble deposit;MAIN;109
E8E6AFEA;7;GPH;GRV;Pebble deposit;MAIN;110
E92230E0;1;GPH;SES;Rocanville;MAIN;27|30|33
E92230E0;2;GPH;WLOG;Rocanville;MAIN;33
E92152B0;1;GPH;AMAG;Poplar Deposit;MAIN;52
E92152B0;2;GPH;EM;Poplar Deposit;MAIN;52
E9416A91;1;GPH;GMAG;Authier pegmatite;MAIN;80
E93B3598;1;GPH;EM;CAT Property;MAIN;56|57|65|68
E93B3598;2;GPH;AMAG;CAT Property;MAIN;57|65
E93B3598;3;GPH;GRV;CAT Property;MAIN;57
E93B3598;4;GPH;RAD;CAT Property;MAIN;58|67
E93B3598;5;GPH;VLF;CAT Property;MAIN;73
E94CC181;1;GPH;IP;Rayfield Zone;MAIN;38|47|51
E94CC181;2;GPH;GMAG;Rayfield Zone;MAIN;47|51
E94CC181;3;GPH;AMAG;Rayfield Zone;MAIN;38|47
E94CC181;4;GPH;RAD;Rayfield Zone;MAIN;38
E96B2971;1;GPH;EM;Star Kimberlite;MAIN;41
E96B2971;2;GPH;AMAG;Star Kimberlite;MAIN;41
E97AC1E7;1;GPH;RAD;Lake Maitland Uranium Deposit;MAIN;224
E970C138;1;GPH;EM;Chug-Chug project;MAIN;20
E970C138;2;GPH;IP;Chug-Chug project;MAIN;20
E9856331;1;GPH;EM;Empire State Mines;MAIN;56
E989A447;1;GPH;AMAG;Nak;MAIN;22|23
E989A447;2;GPH;RAD;Nak;MAIN;22
E989A447;3;GPH;EM;Nak;MAIN;22|23
E989A447;4;GPH;IP;Nak;MAIN;23
E9A45DBE;1;GPH;GMAG;Chubb;MAIN;37|38|39
E9A45DBE;2;GPH;IP;Chubb;MAIN;37|38|39
E9B9023F;1;GPH;IP;Kaukua;MAIN;52
E9871E7D;1;GPH;RAD;Triple R;MAIN;69|72|73|78
E9871E7D;2;GPH;EM;Triple R;MAIN;71|72|77|78|79|80
E9871E7D;3;GPH;AMAG;Triple R;MAIN;71|72|73
E9871E7D;5;GPH;GMAG;Triple R;MAIN;74
E9871E7D;6;GPH;SP;Triple R;MAIN;77
E9871E7D;7;GPH;RES;Triple R;MAIN;77|78
E9871E7D;8;GPH;GPR;Triple R;MAIN;78
E9871E7D;9;GPH;SES;Triple R;MAIN;79|80|81
E9F132FC;1;GPH;UNS;Deloro Deposit;MAIN;67|68
E9D3D8D6;1;GPH;RAD;Gurvanbulag;MAIN;41
E9D3D8D6;2;GPH;GMAG;Gurvanbulag;MAIN;41
EA233F38;3;GPH;SES;Feature 19;MAIN;11
EA253FD7;1;GPH;AMAG;Dolomite Ore Formation (DOF);MAIN;34|35
EA253FD7;2;GPH;GMAG;Dolomite Ore Formation (DOF);MAIN;34
EA253FD7;3;GPH;EM;Dolomite Ore Formation (DOF);MAIN;49
EA31D140;1;GPH;EM;Maskwa deposit;MAIN;51|52
EA31D140;2;GPH;GMAG;Maskwa deposit;MAIN;51
EA31D140;3;GPH;IP;Maskwa deposit;MAIN;51
EA4EF066;1;GPH;GRV;Ashram;MAIN;36
EA4EF066;2;GPH;GMAG;Ashram;MAIN;36
EA9A7FE5;1;GPH;MT;Salar de Río Grande;MAIN;13
EA9A7FE5;2;GPH;SP;Salar de Río Grande;MAIN;13
EA9A7FE5;3;GPH;RES;Salar de Río Grande;MAIN;13|77
EA7D6F84;1;GPH;UNS;Monte Cristo;MAIN;30
EA7D6F84;2;GPH;IP;Monte Cristo;MAIN;30
EA7D6F84;3;GPH;EM;Monte Cristo;MAIN;30
EA7D6F84;4;GPH;GMAG;Monte Cristo;MAIN;30
EAB9E21F;1;GPH;AMAG;Copper Canyon;MAIN;33
EAB9E21F;2;GPH;IP;Copper Canyon;MAIN;33
EAB9E21F;3;GPH;GMAG;Copper Canyon;MAIN;33
EAB9E21F;4;GPH;VLF;Copper Canyon;MAIN;33
EAB9E21F;5;GPH;RES;Copper Canyon;MAIN;33
EAB9E21F;6;GPH;RAD;Copper Canyon;MAIN;33
EA58E2B9;1;GPH;AMAG;Alpala;MAIN;104|113
EA58E2B9;2;GPH;RAD;Alpala;MAIN;104|113
EA58E2B9;3;GPH;GMAG;Alpala;MAIN;106|114
EA58E2B9;4;GPH;IP;Alpala;MAIN;116
EA58E2B9;5;GPH;MT;Alpala;MAIN;116|117
EABBECA2;3;GPH;GMAG;Agata North Laterite Project;MAIN;28
EABBECA2;4;GPH;IP;Agata North Laterite Project;MAIN;28
EAD3A3B7;1;GPH;GMAG;Breccia showings;MAIN;13
EAD3A3B7;2;GPH;IP;Breccia showings;MAIN;13
EACBD263;1;GPH;RAD;Sheffield Zone;MAIN;30|37
EAD37880;1;GPH;RAD;Purple Onion Property;MAIN;24
EAD37880;2;GPH;AMAG;Purple Onion Property;MAIN;24
EAE84203;1;GPH;GMAG;Gulçari A;MAIN;42
EAE84203;2;GPH;IP;Gulçari A;MAIN;42
EAE84203;3;GPH;VLF;Gulçari A;MAIN;43
EB061D88;1;GPH;AMAG;Tumpangpitu;MAIN;25|64|68|69
EB061D88;2;GPH;GMAG;Tumpangpitu;MAIN;65
EB061D88;3;GPH;IP;Tumpangpitu;MAIN;65|70
EB061D88;4;GPH;RAD;Tumpangpitu;MAIN;68
EB061D88;6;GPH;SWIR;Tumpangpitu;MAIN;69
EB289D34;1;GPH;EM;Corner Bay;MAIN;130
EB295478;3;GPH;GPR;Moa deposits;MAIN;43|44
EB65BEF8;1;GPH;AMAG;Mavres Petres;MAIN;19
EB65BEF8;2;GPH;RAD;Mavres Petres;MAIN;19
EB65BEF8;3;GPH;EM;Mavres Petres;MAIN;19
EB617D22;1;GPH;AMAG;Altar;MAIN;77
EB617D22;2;GPH;GMAG;Altar;MAIN;77|81|82
EB617D22;3;GPH;IP;Altar;MAIN;77|78|79|80|84
EB617D22;4;GPH;MALM;Altar;MAIN;78
EB617D22;5;GPH;MT;Altar;MAIN;79|80|84
EB85B3A8;1;GPH;UNS;Suquash No.2 coal bed;MAIN;75
EB815564;4;GPH;GMAG;Langmuir No. 2;MAIN;68|69
EB815564;5;GPH;EM;Langmuir No. 2;MAIN;68|69|73
EB815564;7;GPH;AMAG;Langmuir No. 2;MAIN;73
EB870FA0;2;GPH;GMAG;Pitman;MAIN;25
EB96BF3A;1;GPH;AMAG;Johnny Showing;MAIN;16
EB96BF3A;2;GPH;EM;Johnny Showing;MAIN;16
EBAB56CE;1;GPH;RAD;Kopper Glo Property;MAIN;31
EBAB56CE;2;GPH;RES;Kopper Glo Property;MAIN;31
EBAB56CE;3;GPH;WLOG;Kopper Glo Property;MAIN;31
EBA37A03;1;GPH;AMAG;Alpala;MAIN;104|113
EBA37A03;2;GPH;RAD;Alpala;MAIN;104|113
EBA37A03;3;GPH;GMAG;Alpala;MAIN;106|114
EBA37A03;4;GPH;IP;Alpala;MAIN;116
EBA37A03;5;GPH;MT;Alpala;MAIN;116|117
EBA59A82;1;GPH;AMAG;CE Lithium Property;MAIN;43|50
EBA59A82;2;GPH;RAD;CE Lithium Property;MAIN;43
EBA59A82;3;GPH;VLF;CE Lithium Property;MAIN;43
EBA59A82;7;GPH;EM;CE Lithium Property;MAIN;50
EBA9B8CC;1;GPH;GMAG;Gulçari A (Campbell);MAIN;102|103|106
EBA9B8CC;2;GPH;IP;Gulçari A (Campbell);MAIN;102|103
EBA9B8CC;3;GPH;VLF;Gulçari A (Campbell);MAIN;103
EBA9B8CC;4;GPH;AMAG;Gulçari A (Campbell);MAIN;108
EBA9B8CC;5;GPH;RAD;Gulçari A (Campbell);MAIN;108
EBC5CE7D;1;GPH;AMAG;Snaefell;MAIN;103|105|111|112|113|114
EBC5CE7D;2;GPH;GMAG;Snaefell;MAIN;105|112|114
EBC5CE7D;3;GPH;IP;Snaefell;MAIN;112
EBC5CE7D;4;GPH;GRV;Snaefell;MAIN;112|113
EBB9158C;1;GPH;WLOG;Willhunt;MAIN;14
EBC63467;1;GPH;EM;Triple M Property;MAIN;38
EBDAB1B4;1;GPH;AMAG;Howells Taconite;MAIN;29|36
EBE9A96F;1;GPH;RAD;Iron Lake complex;MAIN;17
EBE9A96F;2;GPH;AMAG;Iron Lake complex;MAIN;17|18
EBE9A96F;3;GPH;EM;Iron Lake complex;MAIN;18
EBE9A96F;5;GPH;IP;Iron Lake complex;MAIN;18
EBE85D32;3;GPH;UNS;Quebrada Blanca;MAIN;78
EBE85D32;5;GPH;IP;Quebrada Blanca;MAIN;78|79
EBE85D32;6;GPH;GMAG;Quebrada Blanca;MAIN;78
EBE85D32;8;GPH;EM;Quebrada Blanca;MAIN;79
EBEF839A;1;GPH;EM;Red Dog Mine Deposits;MAIN;55
EBEF839A;2;GPH;IP;Red Dog Mine Deposits;MAIN;55
EBEF839A;3;GPH;MT;Red Dog Mine Deposits;MAIN;55
EBEF839A;4;GPH;GRV;Red Dog Mine Deposits;MAIN;55
EBF867AE;1;GPH;UNS;Cerro Verde;MAIN;53|55
EC17BFF6;1;GPH;VLF;PAK Pegmatite;MAIN;81|97
EC17BFF6;2;GPH;GMAG;PAK Pegmatite;MAIN;81|97
EC17BFF6;3;GPH;MT;PAK Pegmatite;MAIN;98
EC17BFF6;4;GPH;AMAG;PAK Pegmatite;MAIN;98
EC1C6391;1;GPH;GPR;Ramu;MAIN;38
EC2913FA;1;GPH;IP;Zone III;MAIN;35
EC4020EE;1;GPH;EM;Bastuträsk;MAIN;19
EC1F3347;1;GPH;GRV;Waterberg Project;MAIN;49|52
EC1F3347;2;GPH;GMAG;Waterberg Project;MAIN;52
EC1F3347;3;GPH;AMAG;Waterberg Project;MAIN;49
EC2433E2;1;GPH;IP;Mantoverde;MAIN;84|85
EC2433E2;2;GPH;RES;Mantoverde;MAIN;84|85
EC2433E2;3;GPH;MT;Mantoverde;MAIN;84
EC2433E2;4;GPH;GRV;Mantoverde;MAIN;84
EC2433E2;5;GPH;GMAG;Mantoverde;MAIN;84
EC2433E2;6;GPH;AMAG;Mantoverde;MAIN;84|85
EC2433E2;7;GPH;EM;Mantoverde;MAIN;85
EC7A948F;1;GPH;GMAG;Chu;MAIN;34
EC7A948F;2;GPH;VLF;Chu;MAIN;34
EC7A948F;3;GPH;IP;Chu;MAIN;42|47
EC8DB635;1;GPH;IP;Gate Zone;MAIN;90
EC8DB635;2;GPH;MT;Gate Zone;MAIN;90
EC8DB635;3;GPH;EM;Gate Zone;MAIN;94
EC8DB635;4;GPH;AMAG;Gate Zone;MAIN;94
ECC223E0;1;GPH;AMAG;Malo lake uranium occurrence;MAIN;34
ECC223E0;2;GPH;RAD;Malo lake uranium occurrence;MAIN;34
ECC223E0;3;GPH;VLF;Malo lake uranium occurrence;MAIN;34
EC969864;1;GPH;EM;Magusi;MAIN;85|92
EC969864;3;GPH;AMAG;Magusi;MAIN;92
ECC9F4E9;1;GPH;UNS;Dansey Project;MAIN;49|53
ECE776D7;1;GPH;AMAG;EL 23874 and EL 31402 Gold Prospects;MAIN;38|42
ECE776D7;2;GPH;RAD;EL 23874 and EL 31402 Gold Prospects;MAIN;38|42
ECE776D7;3;GPH;GRV;EL 23874 and EL 31402 Gold Prospects;MAIN;38|42
EC9AB428;1;GPH;WLOG;FAB Trend;MAIN;47
ECFD4D7A;1;GPH;AMAG;Bloom Lake;MAIN;47
ECFD4D7A;2;GPH;GMAG;Bloom Lake;MAIN;37|41|47
ED049017;1;GPH;AMAG;Crawford Ultramafic Complex;MAIN;58
ED049017;2;GPH;EM;Crawford Ultramafic Complex;MAIN;58
ED049017;3;GPH;GRV;Crawford Ultramafic Complex;MAIN;58
ED1F3CA0;1;GPH;EM;Salar de Pastos Grandes;MAIN;71|74
ED1F3CA0;2;GPH;RES;Salar de Pastos Grandes;MAIN;71|74|81
ED1F3CA0;3;GPH;MT;Salar de Pastos Grandes;MAIN;77
ED1F3CA0;4;GPH;SES;Salar de Pastos Grandes;MAIN;84
ED0EE2B1;1;GPH;RAD;Middle and TJ Zones;MAIN;27|30|32
ED25E4E2;1;GPH;AMAG;Lac Cinquante;MAIN;46|47
ED25E4E2;2;GPH;EM;Lac Cinquante;MAIN;46|47
ED25E4E2;3;GPH;RAD;Lac Cinquante;MAIN;46|47|57
ED25E4E2;4;GPH;GMAG;Lac Cinquante;MAIN;46|47|49|51
ED25E4E2;5;GPH;VLF;Lac Cinquante;MAIN;46|47|49|51
ED25E4E2;6;GPH;GRV;Lac Cinquante;MAIN;47|49
ED25E4E2;7;GPH;RES;Lac Cinquante;MAIN;48|51|56
ED25E4E2;8;GPH;SES;Lac Cinquante;MAIN;48|56
ED6E97F8;1;GPH;EM;Solwara 1;MAIN;87|93|106|108
ED6E97F8;2;GPH;GMAG;Solwara 1;MAIN;106
ED6E97F8;7;GPH;SES;Solwara 1;MAIN;89
EDB6D0D7;1;GPH;EM;Orion South;MAIN;17
EDBD70F1;1;GPH;GRV;Zara properties;MAIN;16|32
EDBD70F1;2;GPH;AMAG;Zara properties;MAIN;16|33|34
EDBD70F1;3;GPH;EM;Zara properties;MAIN;16|33|34
EDA83B31;1;GPH;AMAG;Chlore stock;MAIN;28|43
EDA83B31;2;GPH;RAD;Chlore stock;MAIN;43
EDA83B31;3;GPH;GRV;Chlore stock;MAIN;28
EDA83B31;5;GPH;EM;Chlore stock;MAIN;28
EDA83B31;6;GPH;IP;Chlore stock;MAIN;33
EDDBDDB7;1;GPH;UNS;Sisson Brook Deposit;MAIN;8
EDE58C39;1;GPH;UNS;Marathon PGM-Cu deposit;MAIN;53
EDF22CA0;1;GPH;RES;La Salada;MAIN;32
EE0159EB;3;GPH;EM;Yellowknife Lithium Project;MAIN;72
EE0159EB;4;GPH;AMAG;Yellowknife Lithium Project;MAIN;72
EE0159EB;5;GPH;IP;Yellowknife Lithium Project;MAIN;72
EE0A208C;1;GPH;AMAG;Cuatro Ciénegas Project;MAIN;39
EE234A97;1;GPH;GRV;Kyak Block;MAIN;10
EE234A97;2;GPH;EM;Kyak Block;MAIN;14|16
EE234A97;3;GPH;AMAG;Kyak Block;MAIN;16
EE1F7925;1;GPH;GMAG;Mala Noche Vein;MAIN;47
EE1F7925;2;GPH;AMAG;Mala Noche Vein;MAIN;48
EE1F7925;3;GPH;MT;Mala Noche Vein;MAIN;48
EE1F7925;4;GPH;IP;Mala Noche Vein;MAIN;48
EE47E996;1;GPH;RAD;Favel Oil Shale;MAIN;19|20|21
EE47E996;2;GPH;RES;Favel Oil Shale;MAIN;19|20
EE47E996;3;GPH;WLOG;Favel Oil Shale;MAIN;20|21
EE27C959;1;GPH;AMAG;Star Kimberlite;MAIN;81|83
EE27C959;2;GPH;GMAG;Star Kimberlite;MAIN;83
EE27C959;3;GPH;SES;Star Kimberlite;MAIN;81
EE27C959;4;GPH;EM;Star Kimberlite;MAIN;81
EE27C959;5;GPH;GRV;Star Kimberlite;MAIN;83
EE27C959;7;GPH;UNS;Star Kimberlite;MAIN;82
EE5DA701;1;GPH;AMAG;Deep Fox;MAIN;30|43|48
EE5DA701;2;GPH;RAD;Deep Fox;MAIN;30|43
EE5DA701;3;GPH;GMAG;Deep Fox;MAIN;43|46
EE545C8A;1;GPH;AMAG;Cree East Project;MAIN;110|111|114
EE545C8A;2;GPH;EM;Cree East Project;MAIN;110|111
EE545C8A;3;GPH;MT;Cree East Project;MAIN;110|111
EE545C8A;4;GPH;IP;Cree East Project;MAIN;110|111
EE545C8A;5;GPH;RES;Cree East Project;MAIN;110|111
EE545C8A;6;GPH;SES;Cree East Project;MAIN;111|126
EE545C8A;7;GPH;SWIR;Cree East Project;MAIN;101
EE73BD87;1;GPH;GMAG;Sarfartoq Carbonatite Complex;MAIN;54|67|68
EE73BD87;2;GPH;EM;Sarfartoq Carbonatite Complex;MAIN;54|67|68
EE73BD87;3;GPH;GRV;Sarfartoq Carbonatite Complex;MAIN;54|67|68
EE73BD87;4;GPH;RAD;Sarfartoq Carbonatite Complex;MAIN;42|43|55|70
EE73BD87;5;GPH;AMAG;Sarfartoq Carbonatite Complex;MAIN;70
EE908E7D;1;GPH;AMAG;Kerouane BIF;MAIN;32
EE908E7D;2;GPH;RAD;Kerouane BIF;MAIN;32
EE94C711;1;GPH;GMAG;Deposit No. 1;MAIN;97
EE94C711;2;GPH;AMAG;Deposit No. 1;MAIN;99
EEB68D08;1;GPH;IP;Gays River Deposit;MAIN;69
EEB68D08;2;GPH;EM;Gays River Deposit;MAIN;75
EEB68D08;3;GPH;AMAG;Gays River Deposit;MAIN;75
EEABAA97;1;GPH;IP;Haquira;MAIN;69|71
EEABAA97;2;GPH;GMAG;Haquira;MAIN;69
EEABAA97;3;GPH;RES;Haquira;MAIN;69
EE7D4E74;1;GPH;EM;Mckenzie Lake Property;MAIN;24
EE7D4E74;2;GPH;AMAG;Mckenzie Lake Property;MAIN;24
EEC8B610;1;GPH;GMAG;Warren Property;MAIN;25
EEC8B610;2;GPH;VLF;Warren Property;MAIN;25
EEC8B610;3;GPH;EM;Warren Property;MAIN;25
EEC8B610;4;GPH;IP;Warren Property;MAIN;25
EECBEC9A;1;GPH;VLF;Lynx Lake;MAIN;17
EECBEC9A;2;GPH;AMAG;Lynx Lake;MAIN;22|25
EEF6491B;1;GPH;IP;Zone III;MAIN;40
EF1337E3;1;GPH;EM;Chester deposit;MAIN;32
EF1337E3;2;GPH;GMAG;Chester deposit;MAIN;34
EF1337E3;3;GPH;VLF;Chester deposit;MAIN;34
EF1337E3;4;GPH;GRV;Chester deposit;MAIN;28
EF1EE08B;1;GPH;IP;Endako;MAIN;23
EF17279D;1;GPH;GMAG;Glacier Zone;MAIN;24|25
EF1F5113;1;GPH;IP;Rio Grande;MAIN;45|49
EF1F5113;2;GPH;GMAG;Rio Grande;MAIN;45|47|50
EF1F5113;3;GPH;RES;Rio Grande;MAIN;45|46|48|49
EF1F5113;4;GPH;MT;Rio Grande;MAIN;49
EF7BA4FF;1;GPH;GRV;Plymouth deposit;MAIN;28
EF7BA4FF;2;GPH;GMAG;Plymouth deposit;MAIN;34
EF6102E3;1;GPH;IP;Hugo Dummett;MAIN;95
EF6102E3;2;GPH;AMAG;Hugo Dummett;MAIN;95
EF6102E3;3;GPH;GMAG;Hugo Dummett;MAIN;95
EF6102E3;4;GPH;GRV;Hugo Dummett;MAIN;95
EF6102E3;5;GPH;EM;Hugo Dummett;MAIN;95
EF6102E3;6;GPH;MT;Hugo Dummett;MAIN;95
EFB89B86;1;GPH;GMAG;Lac Virot;MAIN;64
EFB469FC;1;GPH;RAD;Frosty-Ox;MAIN;24|25|26|31
EFB8D131;1;GPH;MT;Bonnie Claire;MAIN;43|45|46|47
EFB8D131;2;GPH;GRV;Bonnie Claire;MAIN;43|47
EFEA3F40;1;GPH;AMAG;Moonshine;MAIN;30|31
F011F120;1;GPH;SES;No. 1 Seam;MAIN;21|22
F011F120;2;GPH;RAD;No. 1 Seam;MAIN;22
F011F120;3;GPH;RES;No. 1 Seam;MAIN;22
F00921BE;1;GPH;SES;Chatham Rise Phosphorite;MAIN;65|75
F00921BE;5;GPH;GMAG;Chatham Rise Phosphorite;MAIN;75
F027CCD0;1;GPH;UNS;Margaret Lake Property Kimberlites;MAIN;33
F02594A5;1;GPH;EM;Fox Lake deposit;MAIN;17|20|22
F030B774;1;GPH;AMAG;Eureka Complex;MAIN;38|41
F030B774;2;GPH;MT;Eureka Complex;MAIN;50
F028010D;1;GPH;AMAG;Cisco Pegmatites;MAIN;22|78
F028010D;2;GPH;RAD;Cisco Pegmatites;MAIN;22|78
F028010D;3;GPH;SES;Cisco Pegmatites;MAIN;22|80
F028010D;4;GPH;GRV;Cisco Pegmatites;MAIN;22|80
F0770326;1;GPH;WLOG;Doughstick Project;MAIN;18|19
F07BDA88;1;GPH;AMAG;Paul zone;MAIN;99|108
F07BDA88;2;GPH;EM;Paul zone;MAIN;107
F07BDA88;3;GPH;GRV;Paul zone;MAIN;114
F042A153;1;GPH;AMAG;Bouro Dykes;MAIN;44
F042A153;2;GPH;EM;Bouro Dykes;MAIN;44
F03D8E4A;1;GPH;RAD;Triple R deposit;MAIN;71|75|78|85
F03D8E4A;2;GPH;EM;Triple R deposit;MAIN;75|76|84|85
F03D8E4A;3;GPH;AMAG;Triple R deposit;MAIN;75|76|78
F03D8E4A;9;GPH;SP;Triple R deposit;MAIN;83
F03D8E4A;10;GPH;RES;Triple R deposit;MAIN;84|85
F03D8E4A;13;GPH;GPR;Triple R deposit;MAIN;85
F09528F9;1;GPH;IP;Opemiska;MAIN;68
F09528F9;2;GPH;AMAG;Opemiska;MAIN;69
F09528F9;3;GPH;MALM;Opemiska;MAIN;69
F09528F9;4;GPH;WLOG;Opemiska;MAIN;70
F09A0662;1;GPH;RAD;Alta Mesa;MAIN;36
F09A0662;2;GPH;SES;Alta Mesa;MAIN;36|39
F084D4DA;1;GPH;GMAG;Pumpkin Hollow Project;MAIN;87
F084D4DA;2;GPH;IP;Pumpkin Hollow Project;MAIN;87
F0FC6AD2;1;GPH;GRV;Témiscouata Property;MAIN;13
F0FC6AD2;3;GPH;RES;Témiscouata Property;MAIN;54
F0FC6AD2;4;GPH;IP;Témiscouata Property;MAIN;61
F0EAF355;1;GPH;AMAG;Emily deposit;MAIN;31
F0EAF355;2;GPH;GRV;Emily deposit;MAIN;31
F0BDB0FF;1;GPH;AMAG;Silicon Ridge Quartzite;MAIN;64|65
F0BDB0FF;2;GPH;VLF;Silicon Ridge Quartzite;MAIN;64|65
F0BDB0FF;3;GPH;EM;Silicon Ridge Quartzite;MAIN;65
F0BDB0FF;5;GPH;GPR;Silicon Ridge Quartzite;MAIN;65
F0E469A9;1;GPH;AMAG;Joyce Lake;MAIN;51
F0E469A9;2;GPH;RAD;Joyce Lake;MAIN;51
F0E469A9;3;GPH;VLF;Joyce Lake;MAIN;51
F0E469A9;4;GPH;GRV;Joyce Lake;MAIN;51
F10EF160;1;GPH;MT;Bonnie Claire;MAIN;52
F10EF160;2;GPH;GRV;Bonnie Claire;MAIN;52
F0E9F475;1;GPH;EM;Alexo-Dundonald Deposits;MAIN;120|125
F0E9F475;2;GPH;AMAG;Alexo-Dundonald Deposits;MAIN;120
F147FB56;1;GPH;EM;Hersjø;MAIN;29
F147FB56;2;GPH;UNS;Hersjø;MAIN;29
F147FB56;3;GPH;SP;Hersjø;MAIN;29
F147FB56;4;GPH;VLF;Hersjø;MAIN;29
F1303FBB;1;GPH;MT;Sierra Mojada deposit;MAIN;41
F1303FBB;2;GPH;IP;Sierra Mojada deposit;MAIN;41
F1303FBB;3;GPH;AMAG;Sierra Mojada deposit;MAIN;41
F1303FBB;4;GPH;RAD;Sierra Mojada deposit;MAIN;41
F117745F;1;GPH;AMAG;Hayot Lake;MAIN;40|43
F117745F;2;GPH;RAD;Hayot Lake;MAIN;40|43
F117745F;3;GPH;VLF;Hayot Lake;MAIN;40
F117745F;4;GPH;EM;Hayot Lake;MAIN;43
F117745F;5;GPH;GRV;Hayot Lake;MAIN;44
F144A864;1;GPH;GRV;Riotinto;MAIN;50
F144A864;2;GPH;AMAG;Riotinto;MAIN;50
F144A864;3;GPH;EM;Riotinto;MAIN;50|52|53
F144A864;6;GPH;MT;Riotinto;MAIN;50
F158FE12;1;GPH;AMAG;Paul Zone;MAIN;99|102|112
F158FE12;2;GPH;GRV;Paul Zone;MAIN;107|117
F158FE12;3;GPH;EM;Paul Zone;MAIN;110
F197A761;2;GPH;SES;Carbon Creek;MAIN;32|34
F164129A;1;GPH;GMAG;Kombat Mine;MAIN;67
F164129A;2;GPH;AMAG;Kombat Mine;MAIN;67
F164129A;3;GPH;IP;Kombat Mine;MAIN;67
F164129A;4;GPH;SES;Kombat Mine;MAIN;67
F16479E6;1;GPH;IP;Bronson Slope deposit;MAIN;85
F1995CE4;1;GPH;SES;Allan;MAIN;28
F1A3F0DD;1;GPH;AMAG;J Zone;MAIN;42|43
F1A3F0DD;2;GPH;EM;J Zone;MAIN;20|42|43
F1A3F0DD;3;GPH;IP;J Zone;MAIN;20|42
F1A3F0DD;4;GPH;GRV;J Zone;MAIN;42
F1A3F0DD;5;GPH;RES;J Zone;MAIN;20|42|43
F1A3F0DD;6;GPH;RAD;J Zone;MAIN;45
F1BEAE43;1;GPH;SES;Cauchari-Olaroz Project;MAIN;45|46|48
F1BEAE43;2;GPH;GRV;Cauchari-Olaroz Project;MAIN;45|50
F1BEAE43;3;GPH;EM;Cauchari-Olaroz Project;MAIN;45|52
F1BEAE43;4;GPH;RES;Cauchari-Olaroz Project;MAIN;57
F1D7A717;1;GPH;EM;Cumpie Hill Project;MAIN;25
F1D7A717;2;GPH;AMAG;Cumpie Hill Project;MAIN;25
F1D0BD32;1;GPH;AMAG;Johnny Lee Deposit;MAIN;62
F1D0BD32;2;GPH;RES;Johnny Lee Deposit;MAIN;62
F1B9DDD4;2;GPH;AMAG;Come By Chance;MAIN;39|41
F1FECF28;1;GPH;RAD;Blair Property;MAIN;52|53
F1FECF28;2;GPH;RES;Blair Property;MAIN;52|53
F1D99F0C;1;GPH;RAD;Kings Valley;MAIN;62
F1EC5737;1;GPH;AMAG;Taysan;MAIN;25
F1EC5737;2;GPH;GMAG;Taysan;MAIN;32
F1FF7BAA;4;GPH;AMAG;Konkola North;MAIN;30
F1FF7BAA;5;GPH;GRV;Konkola North;MAIN;30
F20EC9E2;1;GPH;SES;Duperow Formation Brine;MAIN;27
F20EC9E2;2;GPH;WLOG;Duperow Formation Brine;MAIN;24|25
F21D0093;3;GPH;EM;Gahcho Kue;MAIN;73|74
F21D0093;4;GPH;AMAG;Gahcho Kue;MAIN;74
F21D0093;5;GPH;GRV;Gahcho Kue;MAIN;74
F2232342;1;GPH;UNS;Osborne;MAIN;90
F2232342;2;GPH;EM;Osborne;MAIN;90
F2232342;3;GPH;AMAG;Osborne;MAIN;90
F22FF408;1;GPH;SES;East Zhagabulak Field;MAIN;12|14
F235821D;1;GPH;AMAG;Casino;MAIN;51
F235821D;3;GPH;IP;Casino;MAIN;64
F235821D;4;GPH;RES;Casino;MAIN;64
F235821D;5;GPH;GMAG;Casino;MAIN;64
F235821D;6;GPH;MT;Casino;MAIN;64
F25D37B8;1;GPH;WLOG;Brule deposit;MAIN;53
F25D37B8;2;GPH;RAD;Brule deposit;MAIN;53
F25D37B8;5;GPH;RES;Brule deposit;MAIN;53
F25E77C4;1;GPH;RAD;Marquez-Juan Tafoya;MAIN;37
F2521DB2;1;GPH;IP;Miller;MAIN;44|50
F2521DB2;2;GPH;EM;Miller;MAIN;44|45|47|48
F2521DB2;3;GPH;VLF;Miller;MAIN;44
F2521DB2;4;GPH;AMAG;Miller;MAIN;45
F28C7084;1;GPH;GMAG;Dobie Township;MAIN;33
F28C7084;2;GPH;VLF;Dobie Township;MAIN;33
F28C7084;3;GPH;AMAG;Dobie Township;MAIN;37
F28C7084;4;GPH;EM;Dobie Township;MAIN;37
F2617703;1;GPH;AMAG;Central Zone;MAIN;16|60
F2617703;2;GPH;RAD;Central Zone;MAIN;16|60
F2617703;3;GPH;GMAG;Central Zone;MAIN;16|60
F2617703;4;GPH;IP;Central Zone;MAIN;16|60|61
F2617703;5;GPH;EM;Central Zone;MAIN;16|60
F27C3979;1;GPH;WLOG;Deep Gold;MAIN;37|38
F2A60736;1;GPH;AMAG;Prairie Lake Carbonatite Complex;MAIN;41
F2A60736;2;GPH;RAD;Prairie Lake Carbonatite Complex;MAIN;51
F27C19E3;2;GPH;GMAG;Galore Creek;MAIN;104|105|108
F27C19E3;3;GPH;AMAG;Galore Creek;MAIN;104|105|108
F27C19E3;4;GPH;IP;Galore Creek;MAIN;104|105|108
F27C19E3;5;GPH;RES;Galore Creek;MAIN;105|108
F27C19E3;6;GPH;VLF;Galore Creek;MAIN;104|105|108
F27C19E3;7;GPH;EM;Galore Creek;MAIN;105|108
F27C19E3;8;GPH;MT;Galore Creek;MAIN;106
F27C19E3;10;GPH;RAD;Galore Creek;MAIN;108
F27C19E3;11;GPH;SES;Galore Creek;MAIN;108
F2A64971;1;GPH;IP;P Zone;MAIN;11
F2A64971;2;GPH;GRV;P Zone;MAIN;11
F2BE92F7;1;GPH;RES;James Bay Lithium Project;MAIN;32
F2B2E865;1;GPH;RAD;Songwe;MAIN;37|39
F2CDF99B;1;GPH;GMAG;Aguila;MAIN;36
F2CDF99B;2;GPH;RAD;Aguila;MAIN;36
F2CDF99B;3;GPH;IP;Aguila;MAIN;36
F2C4018B;1;GPH;MT;Las Cruces;MAIN;40
F2C4018B;2;GPH;EM;Las Cruces;MAIN;40|42|44
F2C4018B;3;GPH;SES;Las Cruces;MAIN;40|41
F2C4018B;4;GPH;GRV;Las Cruces;MAIN;40|43
F2DFA6AA;1;GPH;SES;Cauchari-Olaroz Salar;MAIN;107
F2DFA6AA;2;GPH;GRV;Cauchari-Olaroz Salar;MAIN;110
F2DFA6AA;3;GPH;EM;Cauchari-Olaroz Salar;MAIN;114|121
F2DFA6AA;4;GPH;RES;Cauchari-Olaroz Salar;MAIN;122|129|133|138
F2E2C614;1;GPH;EM;Gnome Property;MAIN;47
F2E2C614;2;GPH;AMAG;Gnome Property;MAIN;47
F2FC3875;1;GPH;GMAG;Cactus;MAIN;82
F2FC3875;2;GPH;IP;Cactus;MAIN;82
F3025E26;1;GPH;RAD;Reno Creek Property;MAIN;45
F3025E26;2;GPH;SP;Reno Creek Property;MAIN;45
F3025E26;3;GPH;RES;Reno Creek Property;MAIN;45
F2FCC9F9;1;GPH;IP;Kaukua;MAIN;54|55|56
F2FCC9F9;2;GPH;AMAG;Kaukua;MAIN;54|56
F2FCC9F9;3;GPH;GRV;Kaukua;MAIN;47
F3437F81;1;GPH;SES;Allan;MAIN;28
F3437F81;3;GPH;UNS;Allan;MAIN;34
F33A5FAD;1;GPH;RAD;Agdz Project;MAIN;20
F33A5FAD;2;GPH;GMAG;Agdz Project;MAIN;20
F3338382;1;GPH;SES;Prospect 8;MAIN;13|14|35|36
F35AF9BB;2;GPH;WLOG;Matoush deposit;MAIN;51|52
F35AF9BB;3;GPH;VLF;Matoush deposit;MAIN;52
F35AF9BB;4;GPH;AMAG;Matoush deposit;MAIN;52
F37DEB99;1;GPH;AMAG;Mont Sorcier;MAIN;70
F37DEB99;2;GPH;GMAG;Mont Sorcier;MAIN;70
F36423EA;3;GPH;GMAG;Kiseljak;MAIN;57
F388405D;1;GPH;IP;Huachi;MAIN;52
F3D9724B;1;GPH;GRV;DME;MAIN;33|34
F3D9724B;2;GPH;SES;DME;MAIN;33|35
F3D9724B;3;GPH;EM;DME;MAIN;33|39
F3D9724B;4;GPH;MT;DME;MAIN;33|41
F3D635E3;1;GPH;GMAG;MNV system;MAIN;57
F3D635E3;2;GPH;AMAG;MNV system;MAIN;58
F3D635E3;3;GPH;MT;MNV system;MAIN;58
F3D635E3;4;GPH;IP;MNV system;MAIN;58
F3EC5B23;1;GPH;RAD;Clarkson Hill;MAIN;27
F3E7F022;1;GPH;SES;Vanguard Potash;MAIN;34|35
F3E7F022;2;GPH;RAD;Vanguard Potash;MAIN;33
F43A8F78;1;GPH;IP;Blue Moon;MAIN;33
F43A8F78;2;GPH;EM;Blue Moon;MAIN;33|34
F43A8F78;3;GPH;GRV;Blue Moon;MAIN;33|34
F3F3E9B7;1;GPH;UNS;Discovery property;MAIN;32
F3F57814;1;GPH;IP;Chapada;MAIN;81
F3F57814;2;GPH;GMAG;Chapada;MAIN;81
F43DB3AA;1;GPH;EM;Amy Lake Trend;MAIN;32|47|48|49
F43DB3AA;2;GPH;IP;Amy Lake Trend;MAIN;32|46|48
F43DB3AA;3;GPH;MT;Amy Lake Trend;MAIN;32|46|48
F43D54FF;2;GPH;AMAG;Kamoa;MAIN;146|147
F43D54FF;3;GPH;RAD;Kamoa;MAIN;146
F43D54FF;5;GPH;EM;Kamoa;MAIN;147
F43D54FF;6;GPH;GMAG;Kamoa;MAIN;147
F44994FC;1;GPH;UNS;Los Santos;MAIN;28
F4463682;1;GPH;EM;Molo;MAIN;68|77|78
F4463682;2;GPH;AMAG;Molo;MAIN;68
F454392B;1;GPH;EM;Ford Lake Property;MAIN;38
F454392B;2;GPH;AMAG;Ford Lake Property;MAIN;38
F483F918;1;GPH;AMAG;Tiros;MAIN;48
F483F918;2;GPH;RAD;Tiros;MAIN;48
F4C0996B;1;GPH;GMAG;Mabilo;MAIN;45|47
F4A800EF;1;GPH;AMAG;Camp Zone;MAIN;30
F4A800EF;2;GPH;EM;Camp Zone;MAIN;30
F4A800EF;3;GPH;IP;Camp Zone;MAIN;30|31
F47B7802;1;GPH;GMAG;El Espino;MAIN;88
F4DE1893;1;GPH;AMAG;Warintza Central;MAIN;44|61
F4DE1893;2;GPH;EM;Warintza Central;MAIN;44|61
F4C23D61;1;GPH;IP;Escalones;MAIN;75
F4C23D61;2;GPH;SP;Escalones;MAIN;75
F4C23D61;3;GPH;EM;Escalones;MAIN;75
F4C23D61;4;GPH;AMAG;Escalones;MAIN;75
F4E2ECA7;1;GPH;AMAG;Marimaca;MAIN;47
F507B73E;1;GPH;RAD;Fraser Lakes Zone B;MAIN;40
F507B73E;2;GPH;EM;Fraser Lakes Zone B;MAIN;40
F507B73E;3;GPH;AMAG;Fraser Lakes Zone B;MAIN;40|42
F507B73E;4;GPH;VLF;Fraser Lakes Zone B;MAIN;40
F507B73E;5;GPH;GMAG;Fraser Lakes Zone B;MAIN;40
F507B73E;6;GPH;GRV;Fraser Lakes Zone B;MAIN;42
F4FBD3B0;1;GPH;EM;North Range Project;MAIN;22|35|36|37|38|39|40
F4FBD3B0;2;GPH;IP;North Range Project;MAIN;22|35|36|37|38|39
F4FBD3B0;3;GPH;MT;North Range Project;MAIN;35|36|37|38|39
F4FBD3B0;4;GPH;GMAG;North Range Project;MAIN;35|36|37|38|39
F4FBD3B0;5;GPH;AMAG;North Range Project;MAIN;35|36|37|38|39
F4FBD3B0;6;GPH;VLF;North Range Project;MAIN;35
F523010F;1;GPH;SES;Tugaske Project;MAIN;57|58
F523010F;3;GPH;RAD;Tugaske Project;MAIN;54|56
F517C784;1;GPH;GMAG;Expo Property;MAIN;27
F517C784;2;GPH;AMAG;Expo Property;MAIN;45|51
F517C784;3;GPH;RAD;Expo Property;MAIN;45
F517C784;4;GPH;EM;Expo Property;MAIN;51
F52796C0;1;GPH;EM;Rosh Pinah;MAIN;83|84
F52796C0;2;GPH;AMAG;Rosh Pinah;MAIN;83
F533DF42;1;GPH;AMAG;Santa Rita Pit;MAIN;23|24
F5664AB0;2;GPH;AMAG;Solwara 1;MAIN;75
F5664AB0;3;GPH;RES;Solwara 1;MAIN;75
F5664AB0;4;GPH;SP;Solwara 1;MAIN;75
F5664AB0;5;GPH;GRV;Solwara 1;MAIN;75
F5664AB0;7;GPH;EM;Solwara 1;MAIN;75
F5664AB0;8;GPH;SES;Solwara 1;MAIN;75|77
F575225E;1;GPH;SES;Cauchari-Olaroz Salars;MAIN;81
F575225E;2;GPH;GRV;Cauchari-Olaroz Salars;MAIN;85
F575225E;3;GPH;EM;Cauchari-Olaroz Salars;MAIN;87
F57E863C;1;GPH;AMAG;Zackly;MAIN;29
F5A8C719;2;GPH;GMAG;American Tunnels;MAIN;27|28
F5A8C719;3;GPH;IP;American Tunnels;MAIN;28|29
F5A1AF94;1;GPH;AMAG;Montviel Core Zone;MAIN;34
F5A1AF94;2;GPH;EM;Montviel Core Zone;MAIN;34
F5A1AF94;3;GPH;RAD;Montviel Core Zone;MAIN;34
F5B0C28B;2;GPH;IP;Getty North;MAIN;18
F5B0C28B;3;GPH;GMAG;Getty North;MAIN;18
F5E9F61C;1;GPH;SES;La Francia C/D;MAIN;33|36|38
F5E2015F;1;GPH;IP;Ore Fault Zone;MAIN;62
F5E2015F;2;GPH;EM;Ore Fault Zone;MAIN;60|66
F5E2015F;4;GPH;AMAG;Ore Fault Zone;MAIN;60
F617A56B;1;GPH;IP;Casino;MAIN;72|74
F617A56B;2;GPH;RES;Casino;MAIN;72
F617A56B;3;GPH;MT;Casino;MAIN;72
F617A56B;4;GPH;GMAG;Casino;MAIN;72|74
F617A56B;5;GPH;SWIR;Casino;MAIN;82
F6A63087;1;GPH;AMAG;Três Estradas;MAIN;72
F6A63087;2;GPH;RAD;Três Estradas;MAIN;72
F6A63087;3;GPH;GMAG;Três Estradas;MAIN;72
F698B138;1;GPH;AMAG;Tthe Heldeth Tué;MAIN;86
F698B138;2;GPH;EM;Tthe Heldeth Tué;MAIN;86|87
F698B138;3;GPH;IP;Tthe Heldeth Tué;MAIN;86|87
F698B138;4;GPH;GRV;Tthe Heldeth Tué;MAIN;86
F698B138;5;GPH;RAD;Tthe Heldeth Tué;MAIN;93|94
F6A91A6D;1;GPH;EM;Mckenzie Deposit;MAIN;40
F6A91A6D;2;GPH;GMAG;Mckenzie Deposit;MAIN;45
F62F93E1;1;GPH;GRV;Valea Leucii;MAIN;52
F62F93E1;2;GPH;IP;Valea Leucii;MAIN;72|73|76
F62F93E1;3;GPH;RES;Valea Leucii;MAIN;72|73|76
F62F93E1;4;GPH;GMAG;Valea Leucii;MAIN;73
F62F93E1;5;GPH;RAD;Valea Leucii;MAIN;73
F62F93E1;6;GPH;AMAG;Valea Leucii;MAIN;73
F664585C;1;GPH;GMAG;Okeover;MAIN;36|38|39
F664585C;2;GPH;VLF;Okeover;MAIN;36
F664585C;3;GPH;SP;Okeover;MAIN;36
F664585C;4;GPH;IP;Okeover;MAIN;36|38|39
F664585C;5;GPH;EM;Okeover;MAIN;36
F664585C;6;GPH;AMAG;Okeover;MAIN;36|37
F664585C;7;GPH;RAD;Okeover;MAIN;36|37
F6894B98;1;GPH;AMAG;Ban Phuc;MAIN;32|39
F6894B98;2;GPH;EM;Ban Phuc;MAIN;32|33|39
F6894B98;3;GPH;GMAG;Ban Phuc;MAIN;32|39
F6DCE999;1;GPH;GMAG;Authier Pegmatite;MAIN;24
F6FDC209;1;GPH;UNS;Gilgai;MAIN;16
F6F8925B;1;GPH;IP;Unkur;MAIN;41|42
F7046012;1;GPH;GMAG;Azulcocha Cuerpo;MAIN;44
F7046012;2;GPH;IP;Azulcocha Cuerpo;MAIN;44
F737D28D;1;GPH;EM;Lac de la Chlorite;MAIN;41
F77EA2DE;1;GPH;GMAG;Authier;MAIN;42
F7AAA3F1;1;GPH;GRV;Olaroz Salar;MAIN;132|142|144
F7AAA3F1;2;GPH;MT;Olaroz Salar;MAIN;132|140|141
F7AAA3F1;3;GPH;GMAG;Olaroz Salar;MAIN;132|144|145
F7AAA3F1;4;GPH;RES;Olaroz Salar;MAIN;132|146
F7AC4EF1;1;GPH;RAD;Thacker Pass deposit;MAIN;70
F7AC4EF1;4;GPH;SES;Thacker Pass deposit;MAIN;70
F7AC4EF1;5;GPH;RES;Thacker Pass deposit;MAIN;72
F7AC4EF1;6;GPH;EM;Thacker Pass deposit;MAIN;72
F7D602D8;1;GPH;UNS;Nyota;MAIN;36
F7D31CEA;1;GPH;EM;Miller;MAIN;80
F7D31CEA;2;GPH;IP;Miller;MAIN;80|88
F7D31CEA;3;GPH;AMAG;Miller;MAIN;80
F7F1A2C5;1;GPH;EM;Roughrider Zone;MAIN;63|65|74
F7F1A2C5;2;GPH;AMAG;Roughrider Zone;MAIN;63|64|65|74
F7F1A2C5;6;GPH;GRV;Roughrider Zone;MAIN;66
F7F1A2C5;7;GPH;RES;Roughrider Zone;MAIN;69
F7F1A2C5;8;GPH;SES;Roughrider Zone;MAIN;73
F88A4659;1;GPH;AMAG;Hart;MAIN;44|45
F88BFE96;1;GPH;AMAG;Crawford Ultramafic Complex;MAIN;61
F88BFE96;2;GPH;EM;Crawford Ultramafic Complex;MAIN;61
F88BFE96;3;GPH;GRV;Crawford Ultramafic Complex;MAIN;61
F897309D;1;GPH;AMAG;Iron Horse;MAIN;24
F897309D;2;GPH;EM;Iron Horse;MAIN;24
F897309D;3;GPH;RAD;Iron Horse;MAIN;24
F89F506D;1;GPH;MT;Accha;MAIN;127
F89F506D;2;GPH;IP;Accha;MAIN;127
F89F506D;3;GPH;GMAG;Accha;MAIN;127
F89F506D;5;GPH;AMAG;Accha;MAIN;130
F89F506D;6;GPH;RAD;Accha;MAIN;130
F8CB4A6A;1;GPH;AMAG;White Pelican;MAIN;13
F8B2FA32;1;GPH;SWIR;Yecora;MAIN;23
F8EB6513;1;GPH;AMAG;Tumpangpitu;MAIN;23|31
F8EB6513;2;GPH;GMAG;Tumpangpitu;MAIN;31
F8EB6513;3;GPH;RAD;Tumpangpitu;MAIN;31
F8EB6513;5;GPH;IP;Tumpangpitu;MAIN;31|33
F93E66D7;1;GPH;AMAG;Rondonia / Mato Grosso Manganese Mineralization;MAIN;19
F8FA8BB7;1;GPH;GMAG;German Creek seam;MAIN;48
F8FF2D79;1;GPH;AMAG;Crawford Ultramafic Complex;MAIN;133
F8FF2D79;2;GPH;EM;Crawford Ultramafic Complex;MAIN;133|138
F8FF2D79;3;GPH;GRV;Crawford Ultramafic Complex;MAIN;133
F8ECCCE3;1;GPH;AMAG;La Verde;MAIN;43
F8ECCCE3;2;GPH;EM;La Verde;MAIN;43
F8ECCCE3;3;GPH;GMAG;La Verde;MAIN;43
F8ECCCE3;4;GPH;IP;La Verde;MAIN;43|51
F9954E5A;1;GPH;AMAG;Cowley Park;MAIN;32|33
F9954E5A;2;GPH;RAD;Cowley Park;MAIN;32|33
F963842D;1;GPH;AMAG;Elk Creek Carbonatite;MAIN;58|60|70|71
F963842D;2;GPH;GRV;Elk Creek Carbonatite;MAIN;70|72|73
F9BDAFE6;1;GPH;SES;Paris Hills;MAIN;64
F9BDAFE6;2;GPH;RAD;Paris Hills;MAIN;64
F955C6E5;1;GPH;RAD;Uskawanis;MAIN;44|45
F955C6E5;2;GPH;AMAG;Uskawanis;MAIN;44
F96432E8;2;GPH;GMAG;Lookout Zone;MAIN;51|52
F96432E8;3;GPH;EM;Lookout Zone;MAIN;51
F96432E8;4;GPH;AMAG;Lookout Zone;MAIN;51
F96432E8;5;GPH;MALM;Lookout Zone;MAIN;51|52
F96432E8;6;GPH;VLF;Lookout Zone;MAIN;51
F96432E8;7;GPH;RAD;Lookout Zone;MAIN;51
F96432E8;8;GPH;IP;Lookout Zone;MAIN;51
F96432E8;9;GPH;WLOG;Lookout Zone;MAIN;51
F96A2FA2;1;GPH;RAD;Sagar;MAIN;38|64
F96A2FA2;2;GPH;AMAG;Sagar;MAIN;63|64
F96A2FA2;3;GPH;GMAG;Sagar;MAIN;63
F96A2FA2;4;GPH;EM;Sagar;MAIN;64
F96A2FA2;6;GPH;IP;Sagar;MAIN;65
F9D51337;1;GPH;GMAG;Lac Ducharme REE Pegmatites;MAIN;40|41
F9D51337;2;GPH;RAD;Lac Ducharme REE Pegmatites;MAIN;40|41
F9D51337;3;GPH;AMAG;Lac Ducharme REE Pegmatites;MAIN;24|33
F9CA1AFD;1;GPH;AMAG;Namew Lake Property;MAIN;40|41
F9DFD7C3;1;GPH;GMAG;Weasua kimberlites;MAIN;45
F9DFD7C3;2;GPH;GRV;Weasua kimberlites;MAIN;45
FA2E762F;1;GPH;IP;Lundberg Zone;MAIN;61
FA2E762F;2;GPH;MT;Lundberg Zone;MAIN;61
FA2E762F;3;GPH;EM;Lundberg Zone;MAIN;58
FA2E762F;4;GPH;AMAG;Lundberg Zone;MAIN;58
FA600244;1;GPH;EM;Wabassi Intrusive Complex;MAIN;14|20|32
FA600244;2;GPH;AMAG;Wabassi Intrusive Complex;MAIN;14|16|32
FA49F581;1;GPH;GRV;Lagoa Salgada;MAIN;45|46
FA49F581;2;GPH;IP;Lagoa Salgada;MAIN;45|46|48|52
FA49F581;3;GPH;MALM;Lagoa Salgada;MAIN;45
FA49F581;4;GPH;RES;Lagoa Salgada;MAIN;46|48
FA60779E;1;GPH;EM;Gnome Property;MAIN;39
FA659EC1;1;GPH;AMAG;Mutanga;MAIN;67|68
FA659EC1;2;GPH;RAD;Mutanga;MAIN;63|67|68
FA71E1AD;1;GPH;SES;UG2 Chromitite;MAIN;35
FA71E1AD;2;GPH;AMAG;UG2 Chromitite;MAIN;36|37
FA78A76B;1;GPH;RAD;Dewey-Burdock;MAIN;49
FA78A76B;2;GPH;RES;Dewey-Burdock;MAIN;35|47
FA89CC8F;1;GPH;RAD;Charley Creek;MAIN;37|39
FA878DDA;1;GPH;EM;Fir Island;MAIN;12|15|16
FA878DDA;2;GPH;AMAG;Fir Island;MAIN;15|16
FA878DDA;5;GPH;MT;Fir Island;MAIN;19
FA878DDA;6;GPH;RES;Fir Island;MAIN;24
FA878DDA;7;GPH;IP;Fir Island;MAIN;24
FA9808AA;1;GPH;IP;Casino;MAIN;46
FA9808AA;2;GPH;MT;Casino;MAIN;46
FAA79C63;1;GPH;AMAG;Fusion Zone;MAIN;42
FAA79C63;2;GPH;EM;Fusion Zone;MAIN;42
FAA79C63;3;GPH;WLOG;Fusion Zone;MAIN;44
FAC35410;2;GPH;IP;Josemaria;MAIN;78
FAC35410;3;GPH;UNS;Josemaria;MAIN;78
FAC35410;4;GPH;MT;Josemaria;MAIN;78
FAE2A83C;1;GPH;AMAG;Ndjole Property;MAIN;40
FAE2A83C;2;GPH;RAD;Ndjole Property;MAIN;40
FB25748D;1;GPH;RAD;DASA;MAIN;62
FB35CC48;1;GPH;AMAG;Manono Lithium Tailings;MAIN;36
FB763568;1;GPH;EM;Lola Graphite occurrence;MAIN;38|39|40
FB49761E;1;GPH;GRV;K-Hill;MAIN;49
FB49761E;2;GPH;GMAG;K-Hill;MAIN;49
FB49761E;3;GPH;IP;K-Hill;MAIN;49
FB7398BF;1;GPH;UNS;Ajax;MAIN;59|60
FB9E391F;2;GPH;GMAG;Bolobolo and Karihatag;MAIN;26|27
FB9E391F;3;GPH;IP;Bolobolo and Karihatag;MAIN;27
FBA102A5;1;GPH;AMAG;Sun;MAIN;40|47
FBA102A5;2;GPH;EM;Sun;MAIN;47
FC02CCE8;1;GPH;EM;Falco7 Zone;MAIN;55|56
FC02CCE8;2;GPH;AMAG;Falco7 Zone;MAIN;56
FC02CCE8;4;GPH;GMAG;Falco7 Zone;MAIN;56
FBA3A3C2;1;GPH;AMAG;Platreef;MAIN;152
FBA3A3C2;2;GPH;GRV;Platreef;MAIN;152
FBA3A3C2;3;GPH;SP;Platreef;MAIN;152
FBA3A3C2;4;GPH;RES;Platreef;MAIN;152
FBA3A3C2;5;GPH;GMAG;Platreef;MAIN;152
FBA3A3C2;6;GPH;SES;Platreef;MAIN;147|152
FBA3A3C2;7;GPH;IP;Platreef;MAIN;152
FBA3A3C2;8;GPH;RAD;Platreef;MAIN;152
FBA3A3C2;9;GPH;EM;Platreef;MAIN;152
FC0AE584;1;GPH;SES;CLC;MAIN;80|81
FC0AE584;2;GPH;MT;CLC;MAIN;80
FC0AE584;3;GPH;EM;CLC;MAIN;80|81
FC0AE584;4;GPH;GRV;CLC;MAIN;80
FC5CEAE9;1;GPH;SES;Milestone Project;MAIN;48|49
FC49B31D;1;GPH;AMAG;Crescent Lake Pegmatite Group;MAIN;34
FC50192B;1;GPH;RES;Bomfim Hill;MAIN;49|53|54
FC3A4CCE;1;GPH;AMAG;Nisk Deposit;MAIN;58
FC3A4CCE;2;GPH;EM;Nisk Deposit;MAIN;58
FC3A4CCE;5;GPH;SES;Nisk Deposit;MAIN;60|61
FC901F38;1;GPH;IP;Silu;MAIN;22|25
FCD987FE;1;GPH;UNS;Mustavaara;MAIN;56
FCD987FE;2;GPH;AMAG;Mustavaara;MAIN;56
FCD987FE;3;GPH;GMAG;Mustavaara;MAIN;56|57
FCDA8CB9;1;GPH;IP;Banana Zone;MAIN;31
FCDA8CB9;2;GPH;EM;Banana Zone;MAIN;31
FCDA8CB9;3;GPH;AMAG;Banana Zone;MAIN;31
FCC2AA1B;1;GPH;RAD;Green Lake Property;MAIN;17
FCC2AA1B;2;GPH;AMAG;Green Lake Property;MAIN;17|25
FCC2AA1B;3;GPH;EM;Green Lake Property;MAIN;17|25
FCC2AA1B;4;GPH;UNS;Green Lake Property;MAIN;17
FCC2AA1B;5;GPH;GMAG;Green Lake Property;MAIN;17
FCC2AA1B;6;GPH;GRV;Green Lake Property;MAIN;17
FCDC000B;1;GPH;RES;Chvaletice Manganese Project;MAIN;71
FCDC000B;2;GPH;SES;Chvaletice Manganese Project;MAIN;71|73
FCE77674;1;GPH;AMAG;Nickel Project;MAIN;29
FCE77674;2;GPH;EM;Nickel Project;MAIN;29
FCE77674;3;GPH;GRV;Nickel Project;MAIN;29
FCF86249;1;GPH;UNS;Mequillon;MAIN;28|30
FD070D5B;1;GPH;UNS;NorthMet;MAIN;32
FD13A92F;1;GPH;EM;Osborne;MAIN;67
FD13A92F;2;GPH;AMAG;Osborne;MAIN;67
FD15F90A;1;GPH;IP;Bolivar;MAIN;61|62
FD3E5ABE;1;GPH;AMAG;Hawkwood;MAIN;20|22|23|25
FD3E5ABE;2;GPH;EM;Hawkwood;MAIN;31
FD17ACE9;1;GPH;SES;North Target;MAIN;56
FD7A57E4;1;GPH;VLF;Karasnagala;MAIN;69
FDAC8AF4;1;GPH;EM;Rail Deposit;MAIN;4|35|36
FDAC18D1;1;GPH;IP;Rogers Creek;MAIN;9|38|42|48|73
FDAC18D1;2;GPH;AMAG;Rogers Creek;MAIN;42|48|75|78
FDAC18D1;3;GPH;GMAG;Rogers Creek;MAIN;42|48|76
FDBCC18F;1;GPH;EM;Adi Nefas;MAIN;38|39
FDBCC18F;2;GPH;AMAG;Adi Nefas;MAIN;38|39
FDBCC18F;3;GPH;GRV;Adi Nefas;MAIN;38|39
FDBCC18F;4;GPH;GMAG;Adi Nefas;MAIN;38|39
FDBCC18F;5;GPH;IP;Adi Nefas;MAIN;38
FE01336F;1;GPH;UNS;Serule Project;MAIN;49
FE01336F;2;GPH;RAD;Serule Project;MAIN;52
FE0CCA8C;1;GPH;RAD;Gas Hills;MAIN;41
FE173B1E;1;GPH;AMAG;Toe;MAIN;24
FE173B1E;2;GPH;RAD;Toe;MAIN;24
FE173B1E;3;GPH;IP;Toe;MAIN;24
FE75933D;1;GPH;SES;Galhak Formation Reservoirs;MAIN;40|82
FE3329A3;1;GPH;SES;Atlantis II Deep;MAIN;13|23
FE62FAE4;1;GPH;RAD;Valencia;MAIN;33
FE761438;1;GPH;GMAG;Montagne showing;MAIN;24|34
FE761438;2;GPH;EM;Montagne showing;MAIN;34|37
FE97086D;1;GPH;EM;El Azufral;MAIN;50
FEDBE744;1;GPH;AMAG;Oropesa;MAIN;35|38
FEDBE744;2;GPH;EM;Oropesa;MAIN;35|38
FEDBE744;3;GPH;VLF;Oropesa;MAIN;35
FEDBE744;4;GPH;IP;Oropesa;MAIN;35|37
FEDBE744;5;GPH;GMAG;Oropesa;MAIN;35|38
FEBAA79E;1;GPH;MT;Bonnie Claire;MAIN;66
FEBAA79E;2;GPH;GRV;Bonnie Claire;MAIN;66|70
FEBAA79E;3;GPH;WLOG;Bonnie Claire;MAIN;73|76
FEBAA79E;4;GPH;RES;Bonnie Claire;MAIN;73|77
FEBAA79E;6;GPH;NMR;Bonnie Claire;MAIN;73|74
FE972C42;1;GPH;GMAG;Copper Hills prospect;MAIN;43|44
FEF2A887;1;GPH;AMAG;Nasarawa Project;MAIN;39
FEF2A887;2;GPH;RAD;Nasarawa Project;MAIN;39|41|47
FEF2A887;3;GPH;GMAG;Nasarawa Project;MAIN;39|45
FF10018A;1;GPH;EM;Carbon Project Coal;MAIN;19
FF002A52;1;GPH;SES;Picadilly;MAIN;27|28|29|33|34
FF002A52;2;GPH;EM;Picadilly;MAIN;33|34
FF002A52;3;GPH;RAD;Picadilly;MAIN;29|39
FF002A52;4;GPH;WLOG;Picadilly;MAIN;29|39
FF002A52;6;GPH;RES;Picadilly;MAIN;39
FF0A9ADF;1;GPH;AMAG;Allies Showing;MAIN;22|28
FF0A9ADF;2;GPH;IP;Allies Showing;MAIN;24|25
FF0A9ADF;3;GPH;RES;Allies Showing;MAIN;24|25
FF0A9ADF;4;GPH;SP;Allies Showing;MAIN;26
FF0A9ADF;5;GPH;GMAG;Allies Showing;MAIN;28
FF2215B0;1;GPH;AMAG;Crest Iron Deposit;MAIN;31|37
FF2215B0;2;GPH;GMAG;Crest Iron Deposit;MAIN;31
FF3883F2;1;GPH;EM;Kazhiba Main;MAIN;56
FF3883F2;2;GPH;MT;Kazhiba Main;MAIN;56
FF2B6330;1;GPH;RAD;FPA (Saliquinhé);MAIN;124|125
FF42380C;1;GPH;IP;El Domo;MAIN;50
FF42380C;2;GPH;GMAG;El Domo;MAIN;50
FF50172B;1;GPH;RAD;Blue Streak Complex;MAIN;32|33
FF5B4C63;1;GPH;EM;Scott Lake;MAIN;13|35
FF5B4C63;2;GPH;AMAG;Scott Lake;MAIN;13|35
FF5C30A9;1;GPH;GRV;Las Cruces;MAIN;39
FF612E7D;1;GPH;AMAG;Lost Sheep Mine;MAIN;59
FF6F50D3;1;GPH;SES;Cauchari-Olaroz Salars;MAIN;107
FF6F50D3;2;GPH;GRV;Cauchari-Olaroz Salars;MAIN;110
FF6F50D3;3;GPH;EM;Cauchari-Olaroz Salars;MAIN;115
FF6F50D3;4;GPH;RES;Cauchari-Olaroz Salars;MAIN;119
FFB6DB73;1;GPH;UNS;GBRM;MAIN;35
FFB6DB73;3;GPH;EM;GBRM;MAIN;35|36
FFB6DB73;4;GPH;AMAG;GBRM;MAIN;35
FFB6DB73;5;GPH;VLF;GBRM;MAIN;35
FFB6DB73;6;GPH;GRV;GBRM;MAIN;32
FFB6DB73;7;GPH;IP;GBRM;MAIN;36
FFBCA4C5;2;GPH;EM;Furnas deposit;MAIN;72
FFBCA4C5;3;GPH;AMAG;Furnas deposit;MAIN;72
FFBCA4C5;4;GPH;RAD;Furnas deposit;MAIN;72
FFBCA4C5;5;GPH;GMAG;Furnas deposit;MAIN;72
FFBCA4C5;6;GPH;IP;Furnas deposit;MAIN;72
FFE079F5;1;GPH;IP;Sinchao;MAIN;29
FFE079F5;2;GPH;GMAG;Sinchao;MAIN;29
FFB9E70F;1;GPH;UNS;Keeley-Frontier;MAIN;74
FFB9E70F;2;GPH;WLOG;Keeley-Frontier;MAIN;75
FFE840CE;1;GPH;IP;Vizcachitas;MAIN;62
FFE840CE;2;GPH;RES;Vizcachitas;MAIN;62
FFE840CE;3;GPH;SP;Vizcachitas;MAIN;62
FFF39DA7;1;GPH;IP;Ridley Creek Zone;MAIN;52
FFF39DA7;3;GPH;AMAG;Ridley Creek Zone;MAIN;53
FFF39DA7;4;GPH;RAD;Ridley Creek Zone;MAIN;53
FFFEF4D9;3;GPH;AMAG;Ann Mason;MAIN;109
FFFEF4D9;4;GPH;EM;Ann Mason;MAIN;109
FFFEF4D9;5;GPH;IP;Ann Mason;MAIN;111|113
FFFEF4D9;6;GPH;MT;Ann Mason;MAIN;111|113
