pdf_hash;vein_id;vein_type;target_name;target_role;evidence_pages
FD64CF5F;1;QCC;Valley;MAIN;101
4750D4CD;1;QSF;Tesorito;MAIN;93
87B9E570;1;QSF;Marmato;MAIN;54|57
FA58FAB1;1;QCC;Oko West;MAIN;27|89|93|98
FA58FAB1;2;SHV;Oko West;MAIN;93
FA58FAB1;3;EXT;Oko West;MAIN;93
FA58FAB1;4;QSF;Oko West;MAIN;98
9E271921;1;QCC;Buritica;MAIN;75
6DA3A8C6;1;QSF;Batman;MAIN;83
DA092AD8;1;QSF;Friday Zone;MAIN;14|15
0492F4DB;1;QSF;Last Hope;MAIN;21
0A396A2D;1;SHV;Sabodala;MAIN;55
0A396A2D;2;EXT;Sabodala;MAIN;55
0A396A2D;3;QCC;Sabodala;MAIN;55
0A396A2D;4;MUL;Sabodala;MAIN;55
125AB95B;1;QCC;Bullard Pass;MAIN;12|13|15|17
1B9D30ED;1;QSF;Radcliff Mine;MAIN;35
2139C2AB;1;QCC;Fosterville;MAIN;46|49
2139C2AB;2;SHV;Fosterville;MAIN;42|46
2139C2AB;3;QSF;Fosterville;MAIN;49
2139C2AB;4;EXT;Fosterville;MAIN;52
2A0A2B40;1;QSF;Croesus Vein;MAIN;70
30CC4B45;1;QCC;EMZ deposit;MAIN;74|80
30CC4B45;2;SHV;EMZ deposit;MAIN;78
30CC4B45;3;EXT;EMZ deposit;MAIN;78
380F1D68;1;AUR;Main Showing;MAIN;57
402B13C7;1;QCC;Esaase;MAIN;88|93
402B13C7;2;EXT;Esaase;MAIN;88|97
4A526D0C;1;MUL;Sukari;MAIN;44|45|46
4A526D0C;3;SHV;Sukari;MAIN;45|46
4A526D0C;4;EXT;Sukari;MAIN;45|46
51D252D0;1;QSF;Tres Cruces;MAIN;39|47|49|51
51D252D0;2;QCC;Tres Cruces;MAIN;51
5BC3C16A;1;QSF;Vumba Project;MAIN;32|34
68234CED;1;QSF;Jinfeng;MAIN;43
68234CED;2;QCC;Jinfeng;MAIN;43
780353ED;1;SHV;Rebel Gold Deposit;MAIN;34
780353ED;2;QCC;Rebel Gold Deposit;MAIN;36
780353ED;3;QSF;Rebel Gold Deposit;MAIN;34|36
7E18DD11;1;QSF;Hammerdown;MAIN;56
841D480D;1;QCC;Lingman Lake Gold Mine;MAIN;71
8BABD205;1;QSF;903 Zone;MAIN;69
93FA687C;1;EXT;Umwelt;MAIN;107|108
93FA687C;2;SHV;Umwelt;MAIN;107
A6A47485;1;QFV;Kibi Gold Project;MAIN;45
A6A47485;2;EXT;Kibi Gold Project;MAIN;45|65
A6A47485;3;SHV;Kibi Gold Project;MAIN;65
AE63D9BE;1;AUR;Roça Grande;MAIN;61
B433B884;1;QCC;Adumbi;MAIN;66
BD896B47;1;QCC;VG Deposit;MAIN;45|47
C3803153;1;QTU;San Francisco;MAIN;65|68
CCDD8792;1;QCC;Cariboo Gold Project;MAIN;141|142
CCDD8792;2;FLT;Cariboo Gold Project;MAIN;141|153
DAE236F6;1;AUR;Natougou;MAIN;73
E9B4DA19;1;AUR;Touquoy;MAIN;34|37|39
834A4A8A;1;QSF;Samira;MAIN;17
0F38B052;1;QSF;Agbaou;MAIN;26
20818BCD;1;QSF;Elvenei;MAIN;36|37
20818BCD;2;QCC;Elvenei;MAIN;27|37
4001F43E;1;QCC;Bissa;MAIN;40|42
55429E2C;1;QSF;Bingo;MAIN;44
664AF00F;1;QSF;Island Gold Zone;MAIN;49|59
664AF00F;2;QCC;Island Gold Zone;MAIN;49|59
664AF00F;3;AUR;Island Gold Zone;MAIN;59
664AF00F;4;QTU;Island Gold Zone;MAIN;59
772AF4A8;1;QCC;Uzboy;MAIN;20|30
772AF4A8;2;QSF;Uzboy;MAIN;28|29
8E2502C1;1;AUR;Marudi Property;MAIN;21|26|28
ACECE34B;1;QSF;Stephen Lake Stock;MAIN;29
C1C45B8C;1;QCC;Tiriganiaq;MAIN;46
C1C45B8C;2;SHV;Tiriganiaq;MAIN;46
C1C45B8C;3;EXT;Tiriganiaq;MAIN;46
D9B74825;1;QCC;Yellowjacket Zone;MAIN;23|27|28|35
E8AE8CD8;1;QSF;Jean-Gobelé;MAIN;35|36
E8AE8CD8;2;SHV;Jean-Gobelé;MAIN;36
F6ECFE72;1;SUV;Tucano;MAIN;80|81
633DD464;1;QCC;Esaase Gold Deposit;MAIN;36
C84466C0;1;QSF;Sangdong;MAIN;53|54
DCEA8E11;1;QCC;Parbec deposit;MAIN;29|30
DCEA8E11;2;EXT;Parbec deposit;MAIN;29
7C209994;1;SBV;Rupice;MAIN;59
070004F2;1;QSF;Chelopech;MAIN;57
87133BE3;1;AUR;New Liberty;MAIN;72
B97652A4;1;QCC;Island Gold;MAIN;74
B97652A4;2;QTU;Island Gold;MAIN;74
C536FA47;1;QFV;Antenna;MAIN;63
0E07E1B2;1;AUR;Bigar Hill;MAIN;56
37CEB943;1;QSF;Avino Vein;MAIN;51|52
D08CA9F8;1;FLT;Illinois Creek deposit;MAIN;43|49
D08CA9F8;2;AUR;Illinois Creek deposit;MAIN;50|54
56CB96EA;1;QCC;Lihir;MAIN;73|75
411C394B;1;QCC;Adumbi;MAIN;96
B19547C4;1;QSF;Rowan Vein System;MAIN;60
C2786F94;1;QSF;Yalea;MAIN;74
F35C4D59;1;QSF;Cameron gold deposit;MAIN;59|60|61
F35C4D59;2;QCC;Cameron gold deposit;MAIN;61
FE7D05AB;1;SBV;Rupice;MAIN;59
A0BBE8E8;1;QCC;MacLellan;MAIN;67|71
29C81FCF;1;QCC;Kamoa-Kakula;MAIN;95
521FAF13;1;QCC;KCD;MAIN;59
D88A1001;1;QSF;Golpu;MAIN;26|29
D88A1001;2;QAD;Golpu;MAIN;26
B1616B6B;1;QSF;Hammerdown;MAIN;125
1325D1F5;1;QFV;Antenna;MAIN;46
13DF74CC;1;QCC;Rosebel;MAIN;80|90|93
13DF74CC;2;SHV;Rosebel;MAIN;80|86|87|88|90|91|92|93
13DF74CC;3;EXT;Rosebel;MAIN;80|87|88|90|91|92|93
2582F5BA;1;QSF;Aurora;MAIN;38|42
677E8CBF;1;QCC;Waterpump Creek;MAIN;73
E8647371;2;MGV;Copper Mountain;MAIN;72
E8647371;3;SKV;Copper Mountain;MAIN;69
E8647371;4;CAV;Copper Mountain;MAIN;72
18CB7D7A;1;QSF;Apollo;MAIN;73|76|79
18CB7D7A;2;PMV;Apollo;MAIN;75|79
00152F71;1;AUR;Turmalina;MAIN;40
002FAB5B;1;QCC;Ice prospect;MAIN;25
002FAB5B;2;MGV;Ice prospect;MAIN;25
002FAB5B;3;SBV;Ice prospect;MAIN;25
002FAB5B;4;AUR;Ice prospect;MAIN;25
003AE947;1;QCC;Bralorne-Pioneer;MAIN;40|43
003AE947;2;SHV;Bralorne-Pioneer;MAIN;40
003AE947;3;EXT;Bralorne-Pioneer;MAIN;40
0060BD8A;1;AUR;Main Shear Zone;MAIN;16
00182970;1;QCC;Red Lake-Campbell Complex;MAIN;57|67|69|70|72|73
00C4C85B;1;QCC;Divide prospect;MAIN;17
00C4C85B;2;QSF;Divide prospect;MAIN;17
011575D4;1;QCC;Dome Property;MAIN;35
0147858E;1;QCC;Daniel's Creek;MAIN;19|22
00F4C6A7;1;MUL;Pilar;MAIN;80
00FCBB2D;1;QSF;Fenelon;MAIN;52|57|61
01C81C7E;1;AUR;Kwandege;MAIN;28
01CE8F0B;1;QSF;Bantou;MAIN;50|54
01A94018;1;EXT;Bonanza Ledge;MAIN;48
01A94018;2;SHV;Bonanza Ledge;MAIN;48
01A94018;3;FLT;Bonanza Ledge;MAIN;48
01A94018;4;QCC;Bonanza Ledge;MAIN;48|70
01A94018;5;QSF;Bonanza Ledge;MAIN;70
02147C90;1;QCC;Opawica;MAIN;17
027C740E;1;QCC;Apomakisie (Randy);MAIN;47
027C740E;2;SHV;Apomakisie (Randy);MAIN;49|68
027C740E;3;EXT;Apomakisie (Randy);MAIN;49|68
029A004A;1;QCC;Pamour;MAIN;148|155|156
029A004A;2;EXT;Pamour;MAIN;153|155|156
029A004A;3;FLT;Pamour;MAIN;153
032AC653;1;QCC;Jau prospect;MAIN;22
02A093E0;1;QSF;Coringa;MAIN;72
02A093E0;2;EXT;Coringa;MAIN;68|72
02A093E0;3;FLT;Coringa;MAIN;68|72
0336D2AC;1;QCC;Turnberry;MAIN;33|34
0336D2AC;2;QTU;Turnberry;MAIN;33
0336D2AC;3;QSF;Turnberry;MAIN;34
033B0EC7;1;SHV;Kiena Deep A Zone;MAIN;141
033B0EC7;2;QCC;Kiena Deep A Zone;MAIN;141
0398B964;1;SHV;Sabodala deposit;MAIN;51
0398B964;2;QCC;Sabodala deposit;MAIN;51
03430331;1;MUL;Main Zone;MAIN;55
03497A9B;1;QCC;Central;MAIN;96
03497A9B;2;QSF;Central;MAIN;96
040010B9;1;QCC;Dingman;MAIN;43
041313E5;1;QSF;Windfall;MAIN;21
03E5E738;1;SHV;True North deposit;MAIN;69
03E5E738;2;FLT;True North deposit;MAIN;69
03E5E738;3;EXT;True North deposit;MAIN;69
03E5E738;4;QCC;True North deposit;MAIN;72
041A6F51;1;QSF;Otjikoto;MAIN;35|38
041A6F51;2;SKV;Otjikoto;MAIN;38
041A6F51;3;QCC;Otjikoto;MAIN;38
044F99B5;1;AUR;Riacho dos Machados;MAIN;48
044F99B5;2;QTU;Riacho dos Machados;MAIN;48
0464602C;1;AUR;Cléopâtre showing;MAIN;10
044475BA;1;QCC;Hardrock deposit;MAIN;127|138|141
044475BA;2;SHV;Hardrock deposit;MAIN;141
04546B27;1;QCC;Assafou;MAIN;147|148
049DA365;1;AUR;Taunus;MAIN;33
04B0BFA3;1;SHV;Main Stripped Zone;MAIN;16|35|36
04B0BFA3;2;EXT;Main Stripped Zone;MAIN;16
04B0BFA3;3;AUR;Main Stripped Zone;MAIN;16
04B86048;1;SHV;Bombore;MAIN;107
04B86048;2;EXT;Bombore;MAIN;108
04B86048;3;QCC;Bombore;MAIN;112
04F33E01;1;QFV;Canadian Malartic;MAIN;50
04C5563D;1;QSF;Cerro de Oro;MAIN;53
04C5563D;2;MGV;Cerro de Oro;MAIN;53
04D722E3;1;QCC;Gordon-Ven Lake;MAIN;46|47|48
052FD466;1;QSF;Hammerdown;MAIN;33|34
0527E792;1;QCC;Fayolle deposit;MAIN;49
05419167;1;QCC;Granada;MAIN;60|64
05151973;1;QSF;Fortnum Gold Project;MAIN;65|66
0573AFD8;1;EXT;Colomac Main;MAIN;78|119
0573AFD8;2;SHV;Colomac Main;MAIN;78
0573AFD8;3;FLT;Colomac Main;MAIN;119
0573AFD8;4;QCC;Colomac Main;MAIN;78|119
062C08C1;1;QSF;Touquoy;MAIN;90
0613D036;1;QSF;Diabarou;MAIN;24|25
0645D8D4;1;QCC;Adumbi;MAIN;70|84
0695EA16;1;AUR;Solona;MAIN;26|39|45
06950BED;1;MGV;Madsen;MAIN;66
06950BED;2;SKV;Madsen;MAIN;67
06C30B18;1;QSF;Paddy's Flat;MAIN;89
06C30B18;2;FLT;Paddy's Flat;MAIN;89|101|102
06C30B18;3;QCC;Paddy's Flat;MAIN;103|104
07095F68;1;SHV;Magdala;MAIN;52|56|57
07095F68;2;EXT;Magdala;MAIN;52|53|56
0723F78A;1;QCC;Turnberry;MAIN;33|34
0723F78A;2;QTU;Turnberry;MAIN;33
06D32B92;1;QCC;Moss Lake deposit;MAIN;36
0736472B;1;QCC;Idaho-Maryland Deposit;MAIN;93|101
081D24CD;1;QSF;Great Fingall;MAIN;78|85
07EA6630;1;QCC;Hardrock deposit;MAIN;127|138|141
082DBCC0;1;QSF;Main Gold Zone;MAIN;33
082DBCC0;2;QCC;Main Gold Zone;MAIN;33
0842E5D2;1;QCC;Magino;MAIN;52|58|59
0842E5D2;2;QTU;Magino;MAIN;55
085F4CC2;1;QSF;Jethro Structure;MAIN;12
085F4CC2;2;QCC;Jethro Structure;MAIN;16
085F4CC2;3;MUL;Jethro Structure;MAIN;16
084BA32A;1;QSF;El Huacal District;MAIN;57|73
084BA32A;2;SHV;El Huacal District;MAIN;74
088BAB7A;1;QSF;Golden Horseshoe Reef;MAIN;31
08E407A0;1;QCC;A8 3200 vein system;MAIN;33|36
08E407A0;2;QSF;A8 3200 vein system;MAIN;33
094023F6;1;QCC;Pine Cove Mine;MAIN;65
094023F6;2;QSF;Pine Cove Mine;MAIN;65
095529B3;1;QSF;Tay-LP;MAIN;25
0965B1B3;1;QSF;Batman;MAIN;72
096E99E8;1;AUR;Imperial;MAIN;52|53|54
0987FD5B;1;QCC;Little Stull Lake;MAIN;66
09F70DBA;1;QTU;West Branch;MAIN;63
09F70DBA;2;AUR;West Branch;MAIN;63
09F70DBA;3;QSF;West Branch;MAIN;63
09F70DBA;4;QCC;West Branch;MAIN;63
0A06CB49;1;QSF;Thor Trend;MAIN;26|28
0A06CB49;2;QCC;Thor Trend;MAIN;28
0A29219A;1;MUL;Cachoeira;MAIN;32
0A5EE568;1;AUR;Imperial Gold Deposit;MAIN;53|54|55
0A783087;1;QSF;Posse;MAIN;49|52
0A6DB12A;1;QSF;Marathon;MAIN;66
0AA90EBC;1;QSF;Anatacau Project;MAIN;15|20|25|26|29
0B7EB4D0;1;QSF;Buckreef Prospect;MAIN;29
0B05B43E;1;QCC;EMZ;MAIN;94|98|101
0B05B43E;2;QSF;EMZ;MAIN;101
0B05B43E;3;SHV;EMZ;MAIN;97|98
0B05B43E;4;EXT;EMZ;MAIN;97|98
0BABAA77;1;QAD;Gold Road Mine;MAIN;49
0B016195;1;QSF;Burnakura;MAIN;55
0C01BBE0;1;QSF;3 Aces;MAIN;28|30
0C314901;1;QCC;Nelligan;MAIN;44|46
0BB1A012;1;QCC;O'Brien Project;MAIN;65|68
0C44E46A;1;QCC;Main Structural Corridor (MSC);MAIN;22|24|27
0CA19FF7;1;QCC;Hislop Property;MAIN;22
0CA3FEC4;1;AUR;Kofi C;MAIN;25
0CB5C5C9;1;QCC;KCD;MAIN;56
0CEB7E63;1;QCC;Esaase;MAIN;33
0D0DF078;1;QSF;Herbert Veins;MAIN;19|20
0D138A33;1;QSF;BT deposit;MAIN;24|25
0D138A33;2;QCC;BT deposit;MAIN;25
0D1BA604;1;QSF;Havelock Project;MAIN;45|46
0D1BA604;2;SHV;Havelock Project;MAIN;45|46
0D1BA604;3;FLT;Havelock Project;MAIN;46|49
0DBC95C9;1;QSF;Batman deposit;MAIN;88|90
0E09DB1B;1;QCC;Monique Gold Zones;MAIN;27|28
0E09DB1B;2;MUL;Monique Gold Zones;MAIN;28
0E182762;1;QSF;Gatsuurt;MAIN;77
0E182762;2;QCC;Gatsuurt;MAIN;77
0E182762;3;AUR;Gatsuurt;MAIN;77
0E681B6E;1;QSF;Kiryan;MAIN;36
0EC27446;1;QCC;Masato;MAIN;46
0E3A1F62;1;QCC;Goose Site;MAIN;71|72
0F4CC9B9;1;QSF;Santo Antonio;MAIN;31
0F7248E2;1;QCC;Lafigue;MAIN;74|75
0F825C4A;1;AUR;Youga;MAIN;94|95
0FD3508E;1;QCC;Morro do Ouro;MAIN;40|42
0FD3508E;2;QSF;Morro do Ouro;MAIN;42
0FD3508E;3;MUL;Morro do Ouro;MAIN;40
0FB9B301;1;QFV;Canadian Malartic;MAIN;34
0FE25F31;1;QTU;Lac Herbin;MAIN;25|26
104A5E9E;1;QCC;Lacoma;MAIN;28
104F165D;1;QCC;Sissingué;MAIN;338
10B0ED67;1;QCC;Raven;MAIN;18|19
10D8F3A3;1;QCC;Zone Est;MAIN;28
10D4734D;1;QCC;New Britannia Mine;MAIN;70
112BAE17;1;QSF;Island Gold;MAIN;71
112BAE17;2;QCC;Island Gold;MAIN;71|87
112BAE17;3;QTU;Island Gold;MAIN;71
116130B5;1;AUR;Omega Group;MAIN;27
11873F4A;1;AUR;Butiá;MAIN;34
11661848;1;QSF;Venice Complex;MAIN;47|48
11E61ECF;1;QSF;Lone Star;MAIN;53
11B1508F;1;QSF;Rajapalot;MAIN;26
119A11D5;1;QSF;Fifteen Mile Stream;MAIN;53
119A11D5;2;SHV;Fifteen Mile Stream;MAIN;53|54
11EE97BD;1;QCC;Golden Saddle;MAIN;57
1228157A;1;QCC;Tabakoto Deposit;MAIN;72|95
1228157A;2;QSF;Tabakoto Deposit;MAIN;96
125F6C94;1;QCC;Cristina;MAIN;49
12F3C89C;1;QCC;AMAX Area;MAIN;18
12F3C89C;2;QSF;AMAX Area;MAIN;18
134FCCD2;1;QCC;Wassa;MAIN;43|45|48
1339F97C;1;FLT;Detour Lake and West Detour;MAIN;70
1339F97C;2;EXT;Detour Lake and West Detour;MAIN;70|71
1339F97C;3;QCC;Detour Lake and West Detour;MAIN;71
1339F97C;4;SHV;Detour Lake and West Detour;MAIN;71
138A9603;1;QCC;Golden Saddle;MAIN;49|55
13CCF8B6;1;QSF;Twangiza;MAIN;41
13CCF8B6;2;QCC;Twangiza;MAIN;41
13EA550C;1;QFV;Antenna deposit;MAIN;32
13FE50E7;1;SHV;Butia;MAIN;60|61
149016FB;1;QCC;Faina;MAIN;55|61|70
14160ED1;1;QCC;Kobada;MAIN;98
14DE3D9A;1;QCC;Asuogya;MAIN;22
14BDF6F7;1;QSF;Pinson;MAIN;54
14BDF6F7;2;QCC;Pinson;MAIN;58
14E5F379;1;SBV;Star Lake;MAIN;39
14D7CA01;1;QCC;Queensway Project;MAIN;19|93|96
14D7CA01;2;MUL;Queensway Project;MAIN;19|93
14FE1F17;1;QSF;RZ;MAIN;40
15AF8D4C;1;QCC;Triangle Deposit;MAIN;80
158B14EB;1;QSF;Zone 2;MAIN;38
159672F0;1;QCC;Rattling Brook Gold Deposit;MAIN;71|73
159672F0;2;QSF;Rattling Brook Gold Deposit;MAIN;73
15D04CB0;1;QCC;DAC Deposit;MAIN;38
15D04CB0;2;QSF;DAC Deposit;MAIN;38|39
15CB45F5;1;QSF;Pitt Gold;MAIN;29
15E968D0;1;QCC;Linkwood;MAIN;21
15E968D0;2;QSF;Linkwood;MAIN;24
15D484D9;1;QSF;Reward;MAIN;57
16683AD0;1;QSF;Tabakoroni;MAIN;23|24
16683AD0;2;QCC;Tabakoroni;MAIN;24
16BBCB94;1;SHV;Big Hill;MAIN;43|47|48
16BBCB94;2;QSF;Big Hill;MAIN;43|44
16BBCB94;3;EXT;Big Hill;MAIN;43|44
16C7BB46;1;QSF;Kone;MAIN;60|67
1737DA07;1;QSF;Island Zone;MAIN;61|65
1737DA07;2;QCC;Island Zone;MAIN;61|65
1737DA07;3;AUR;Island Zone;MAIN;65
16ECE394;1;QSF;Chaminé;MAIN;42|43|50
16D979D3;1;QCC;Duparquet;MAIN;59
17E27C66;1;QCC;Jefferson Gold Project;MAIN;34
17DC7EE4;1;QCC;Omega;MAIN;28|29
17EF89A8;1;SHV;Storø;MAIN;28
17EF89A8;2;EXT;Storø;MAIN;28
17DA2760;1;ALS;Amulsar;MAIN;33
17F98519;1;QCC;Golouma West;MAIN;45
1866E001;1;QCC;Doropo Deposits;MAIN;22
182BC15E;1;QCC;Timmins West Mine;MAIN;62|65|70
182BC15E;2;QSF;Timmins West Mine;MAIN;62|65|66
182BC15E;3;EXT;Timmins West Mine;MAIN;63|65|66
182BC15E;4;SHV;Timmins West Mine;MAIN;65
182BC15E;5;QTU;Timmins West Mine;MAIN;62
18821E32;1;QCC;Choco 10;MAIN;51|56
18B8525E;1;QSF;Tocantinzinho;MAIN;34
1905889A;1;QSF;Netiana;MAIN;91|98|103
19BC2616;1;QSF;Table Mountain Vein Systems;MAIN;32|39
1A09A6C5;1;QCC;Flordin deposit;MAIN;32|33|37
1A1CA32E;1;SHV;Kobada;MAIN;38|39
1A1CA32E;2;EXT;Kobada;MAIN;38|39
1A1CA32E;3;QCC;Kobada;MAIN;40|41
1A6CFF70;1;QSF;North Lake deposit;MAIN;84|86
1A7B38F8;1;AUR;Nalunaq;MAIN;5|61|65
1A7B38F8;2;EXT;Nalunaq;MAIN;5|61
1A7C389B;1;QSF;Goingoindougou;MAIN;35|36|49
1A8140D3;1;QCC;Bellechasse-Timmins deposit;MAIN;28|30
1AC556B7;1;SHV;Gourbassi West;MAIN;60
1B737743;1;QCC;Borborema deposit;MAIN;87
1B737743;2;AUR;Borborema deposit;MAIN;83
1B2900EE;1;QCC;Bomboré;MAIN;43|44
1B2900EE;2;SHV;Bomboré;MAIN;44
1B76BEA9;1;QCC;Donchester Mine;MAIN;24|26|27
1B999829;1;QSF;Marudi Property;MAIN;31
1B84EA2F;1;AUR;Nkran;MAIN;85|86|90
1B84EA2F;2;SHV;Nkran;MAIN;83
1BBCE5C2;1;AUR;Mosquito Hill;MAIN;77|83
1BEAFCFB;1;QCC;55 Zone;MAIN;31|33
1BC9BB63;1;QCC;Taurus Deposit;MAIN;28
1BC9BB63;2;QSF;Taurus Deposit;MAIN;29
1BFE7520;1;QCC;Mankarga 5;MAIN;54
1BFE7520;2;QSF;Mankarga 5;MAIN;66
1BEE6489;1;QCC;Frankfield East Deposit;MAIN;41
1C01C09B;1;QSF;Pilar;MAIN;60
1C5D0682;1;QCC;Tassawini;MAIN;32
1C3385F6;1;QCC;Choco 10;MAIN;49|53
1C08D521;1;QSF;Massawa;MAIN;73|75
1C08D521;2;QCC;Massawa;MAIN;78
1C08D521;3;EXT;Massawa;MAIN;73|78
1C08D521;4;SHV;Massawa;MAIN;73
1CD9BB53;1;QCC;Mt Clifford;MAIN;87
1CA3A079;1;AUR;Long Canyon;MAIN;48
1CA3A079;2;CAV;Long Canyon;MAIN;48
1CAE0FC0;1;QCC;Santa Gertrudis;MAIN;64|65
1CAE0FC0;2;MUL;Santa Gertrudis;MAIN;64
1CEBFF59;1;QCC;Oko Main Zone;MAIN;70|76|79
1CEBFF59;2;QSF;Oko Main Zone;MAIN;71|74
1D25010B;1;QSF;Natougou;MAIN;36
1D2D184E;1;QSF;Paciência Mining Complex;MAIN;39|43
1D2D184E;2;QCC;Paciência Mining Complex;MAIN;39|43
188135F4;1;QCC;Francoeur Deposit;MAIN;25
1D9455F0;1;SBV;Pan Project;MAIN;48
1D9455F0;2;CAV;Pan Project;MAIN;48
1DAEC218;1;QCC;Björkdal;MAIN;58
1DB78EE7;1;QSF;Hemlo;MAIN;68
1DD36FDF;1;QCC;Gold Pick;MAIN;4|55
1DFA2C0F;1;QCC;Apankrah;MAIN;38
1DFA2C0F;2;EXT;Apankrah;MAIN;38
1E022488;1;SHV;Orenada;MAIN;90|91
1E022488;2;FLT;Orenada;MAIN;91
1E0A2A78;1;AUR;Detour Lake;MAIN;96
1E0A2A78;2;QCC;Detour Lake;MAIN;97|100
1E0A2A78;3;SHV;Detour Lake;MAIN;100
1E0A2A78;4;EXT;Detour Lake;MAIN;100
1E11A67B;1;QCC;Madsen Deposit;MAIN;51|66|75
1E11A67B;2;AUR;Madsen Deposit;MAIN;51|67
1E1F8F66;1;QCC;Mankouke South;MAIN;51
1E319B80;1;QCC;Malikoundi;MAIN;61
1E319B80;2;QSF;Malikoundi;MAIN;63
1E75A335;1;QCC;Côté Gold deposit;MAIN;179
1E75A335;2;SHV;Côté Gold deposit;MAIN;180
1E99CAC7;1;QSF;Paiol;MAIN;46
1EA4BB1E;1;QSF;São Vicente;MAIN;34|36|37
1EA4BB1E;2;SHV;São Vicente;MAIN;34|35
1EA4BB1E;3;EXT;São Vicente;MAIN;34|35
1ED86FA6;1;SHV;Eagle River;MAIN;22
1EB76791;1;QTU;Sergeevskoe;MAIN;41|42|44|45|46
1EB76791;2;QSF;Sergeevskoe;MAIN;41|43
1EB76791;3;QCC;Sergeevskoe;MAIN;43
1EE33807;1;QCC;HBJ;MAIN;40
1EF43E4D;1;QCC;San Juan Vein Swarm;MAIN;53
1F0751C3;1;QAD;Florida Canyon Mine;MAIN;45|46
1F0751C3;2;MUL;Florida Canyon Mine;MAIN;45
1F0751C3;3;AUR;Florida Canyon Mine;MAIN;45
1F0EE9E9;1;QCC;Carolin Mine;MAIN;43
1F1DC537;1;QCC;Relief Canyon;MAIN;63|64|65
1F1DC537;2;QAD;Relief Canyon;MAIN;66|68
1F1DC537;3;SHV;Relief Canyon;MAIN;67
1F458B48;1;SHV;Kalana;MAIN;114|116
1F458B48;2;EXT;Kalana;MAIN;114|117
1F630381;1;QCC;Golden Harker;MAIN;44
1FC92E68;1;QCC;South Bullfrog Property;MAIN;62|64
2010BE16;1;QCC;Triangle;MAIN;83
2010BE16;2;SHV;Triangle;MAIN;83
2010BE16;3;EXT;Triangle;MAIN;83
202807F1;1;QCC;Kouroussa;MAIN;36
1FFDF094;1;EXT;Trident;MAIN;52|53|54|60
1FFDF094;2;SHV;Trident;MAIN;45|53|55|56|60
20D3D36E;1;QSF;Goldboro;MAIN;39
20D3D36E;2;MUL;Goldboro;MAIN;40
20D3D36E;3;QCC;Goldboro;MAIN;44
20F6CE4D;1;QSF;Providence Mine;MAIN;37
20F6CE4D;2;QCC;Providence Mine;MAIN;41
213027CF;1;QCC;Aurora Gold Project;MAIN;59|61|62|63|65|66|67
20E2443B;1;QTU;Lamaque;MAIN;53|58|67|76
2187A358;1;QSF;Reward Zone;MAIN;56|58
217876A7;1;QSF;Björkdal;MAIN;62|69
21F50592;1;QSF;Maud Creek deposit;MAIN;53|55
21EC804B;1;QSF;Paredones;MAIN;44
21ACC570;1;QSF;Boroo;MAIN;58
221226CF;1;AUR;Satinoco;MAIN;17
2235BE82;1;QCC;Black Fox;MAIN;56|58|59|61
2247EB88;1;QCC;Blanket Mine;MAIN;49|50
2298CBFE;1;QCC;Beattie-Donchester;MAIN;23|24|25
229E58E2;1;QCC;Alexander Property;MAIN;30|37
233AFC1B;1;QSF;Björkdal;MAIN;59
233AFC1B;2;MUL;Björkdal;MAIN;59|65
2340AEB1;1;QSF;Eldorado;MAIN;27
22DBA216;1;QCC;Tower Gold Project;MAIN;105|107|108|110|114
23472CCD;1;QCC;São Sebastião;MAIN;37
2394D734;1;QSF;Kone;MAIN;42|49
236B651A;1;QSF;Bilboes;MAIN;60
235457EF;1;QSF;Los Planes and Las Colinas;MAIN;25
239DB373;1;QCC;Merian II;MAIN;57
24B9A082;1;AUR;Mankarga;MAIN;76
24BD37C9;1;QCC;Sam Otto;MAIN;64
25CA4953;1;QSF;Corner Lake Gold Deposit;MAIN;25|26
25CA4953;2;QCC;Corner Lake Gold Deposit;MAIN;25
25B1C7D2;1;QCC;Beattie-Donchester;MAIN;24|25|26
25B1C7D2;2;MUL;Beattie-Donchester;MAIN;27
2624ABED;1;QCC;SREP deposits;MAIN;23
25F92493;1;QCC;Lafigué;MAIN;194|199
26305346;1;QCC;Black Pine;MAIN;40
2640ABDA;1;QCC;Bralorne-Pioneer;MAIN;60|63
26519CE6;1;QSF;Midway Project;MAIN;48
26519CE6;2;QCC;Midway Project;MAIN;46
265A3824;1;QCC;M Zone;MAIN;37
266494E0;1;QCC;Obotan;MAIN;38
266494E0;2;QSF;Obotan;MAIN;38
26906D0E;1;QSF;Lunch Pond South Extension;MAIN;39
26EE263C;1;AUR;Touquoy West;MAIN;80
275CD4A0;1;QCC;Cecil R;MAIN;43|46
27014924;1;SHV;Helen Zone;MAIN;43
275840FC;1;SHV;C1;MAIN;75
275840FC;2;FLT;C1;MAIN;75
275840FC;3;MUL;C1;MAIN;75
275840FC;4;QCC;C1;MAIN;75|80
2785C445;1;QSF;Beaver Dam deposit;MAIN;32|33
27651010;1;AUR;Bell Creek;MAIN;51|52
278FF823;1;QCC;Detour Lake;MAIN;96|102
278FF823;2;QSF;Detour Lake;MAIN;107
279D99F2;1;AUR;Hislop Deposit;MAIN;46|48
27E5F10F;1;QCC;Marriott Gold Zone;MAIN;22|23
27E5F10F;2;QTU;Marriott Gold Zone;MAIN;22
27B398CE;1;SHV;True North;MAIN;55|56
27B398CE;3;EXT;True North;MAIN;56
27B398CE;4;FLT;True North;MAIN;56
27A3E693;1;QCC;Cristina;MAIN;60
27CA4DDC;1;AUR;Young-Davidson;MAIN;69
27CA4DDC;2;EXT;Young-Davidson;MAIN;69
2814182A;1;QSF;Zone 1B;MAIN;30
2814182A;2;QCC;Zone 1B;MAIN;30
282061E6;1;SHV;PL Deposit;MAIN;84
282061E6;2;EXT;PL Deposit;MAIN;84
282061E6;3;QSF;PL Deposit;MAIN;84
282061E6;4;SUV;PL Deposit;MAIN;86
282D08DE;1;QCC;O'Brien Project;MAIN;58|59|60|61
2853C4DA;1;QCC;Uluktau;MAIN;77
28865668;1;QCC;New Alger Mine;MAIN;12
285E1E79;1;QCC;F2 Gold System;MAIN;34|38|41
28CD2641;1;QSF;Julian Property;MAIN;19|25
28D0ECAF;1;QCC;Granada;MAIN;55|57
28E283FF;1;QCC;Grey Fox;MAIN;49
28E283FF;2;MUL;Grey Fox;MAIN;49|50
28E283FF;3;SHV;Grey Fox;MAIN;52
28EAFB9C;1;QSF;Cape Spencer;MAIN;71|77
28EAFB9C;2;QCC;Cape Spencer;MAIN;69|71
293AB836;1;QCC;New Amalga deposit;MAIN;37
28F0A9C8;1;QAD;North Stock;MAIN;44|53|54
28F0A9C8;2;QCC;North Stock;MAIN;43|44|54
28F91901;1;QCC;Bombore Gold Project;MAIN;99|103
294CBDBB;1;QCC;Cipoeiro;MAIN;29
2A1026DE;1;AUR;Main Zone;MAIN;25
2A1026DE;2;QAD;Main Zone;MAIN;25
2A176A30;1;QSF;Sugar Zone;MAIN;13|15
29E2F3C6;1;QCC;BGP gold deposit;MAIN;45
2A228DAA;1;QCC;Oko West;MAIN;63|67
2A228DAA;2;SHV;Oko West;MAIN;63
2A228DAA;3;EXT;Oko West;MAIN;63
2A62A33F;1;SUV;Kiniero;MAIN;87
2A62A33F;2;QSF;Kiniero;MAIN;87|91
2A62A33F;3;AUR;Kiniero;MAIN;87
2A62A33F;4;QCC;Kiniero;MAIN;91
2A8F8F9C;1;QCC;Monique;MAIN;73
2A8F8F9C;2;SHV;Monique;MAIN;73
2A8F8F9C;3;EXT;Monique;MAIN;73
2A763673;1;QSF;Magdala;MAIN;62|63
2A763673;2;SHV;Magdala;MAIN;62
2A763673;3;EXT;Magdala;MAIN;62|63
2A90BFB0;1;QCC;Kittila deposit;MAIN;46|47|48
2A9895A6;1;QSF;Beartrack;MAIN;50
2AC512B5;1;QSF;Sao Vicente;MAIN;22|24
2AADF6FE;1;QSF;Upper Antino;MAIN;59|63
2AADF6FE;2;SHV;Upper Antino;MAIN;70
2AADF6FE;3;EXT;Upper Antino;MAIN;70
2BC67572;1;QCC;Bear Mountain;MAIN;41
2B92CA7E;1;TLD;Huronian Zone;MAIN;68
2B95FE2E;1;QCC;Chevrier;MAIN;34|35
2BB40988;1;QSF;Nicholas Main Zone;MAIN;23
2C16173B;1;QFV;Antenna;MAIN;73
2C2FE588;1;QCC;Gladiator;MAIN;56|57
2C2FE588;2;QSF;Gladiator;MAIN;57
2BF34292;1;AUR;Granada;MAIN;33
2C17B3D5;1;QCC;Uzboy;MAIN;25|26|36|46
2C17B3D5;2;QSF;Uzboy;MAIN;34|35
2C73DB73;1;QSF;55 Zone;MAIN;49|50
2C73DB73;2;QCC;55 Zone;MAIN;50
2C73DB73;3;QFV;55 Zone;MAIN;50
2C44109C;1;QCC;La Escarcha;MAIN;37|40|46
2C765245;1;QSF;Trixie;MAIN;92
2C765245;2;TLD;Trixie;MAIN;95
2C7D7C7E;1;SHV;55 Zone;MAIN;48|51
2C7D7C7E;2;QCC;55 Zone;MAIN;49
2C85BF9F;1;MUL;Sewum;MAIN;42
2C85BF9F;2;QSF;Sewum;MAIN;43
2CB5A3A2;1;QAD;Gold Road Mine;MAIN;36
2CCA1630;1;QSF;Oro Brillante;MAIN;44
2CC1CE54;1;QCC;Chimo Mine;MAIN;89
2CC1CE54;2;QSF;Chimo Mine;MAIN;93
2CCC9CD5;1;QCC;New Beliveau;MAIN;64|65
2CCC9CD5;2;QSF;New Beliveau;MAIN;64|65
2D1F88BB;1;QSF;Cajueiro;MAIN;62|66
2D6E23C2;1;QTU;San Francisco;MAIN;60|61
2D45BA4D;1;AUR;Golden Saddle;MAIN;48|49
2D8C98CC;1;QSF;Dorothy Main Zone;MAIN;41|45
2DCCA471;1;QCC;Madsen Deposit;MAIN;86|101
2DCCA471;2;QSF;Madsen Deposit;MAIN;86|101
2DE403FE;1;QCC;Nyanzaga;MAIN;89|90|92
2DE403FE;2;QSF;Nyanzaga;MAIN;90
2DE403FE;3;EXT;Nyanzaga;MAIN;89
2DD158F8;1;MUL;Box-Athona;MAIN;74
2ED1333E;1;SHV;True North;MAIN;67
2ED1333E;2;EXT;True North;MAIN;67
2ED1333E;3;QCC;True North;MAIN;70
2F27DD2C;1;QCC;Cosmo Mine;MAIN;104|108
2F27DD2C;2;QSF;Cosmo Mine;MAIN;104
2FC7E142;1;QCC;Massawa;MAIN;105|109
2FC7E142;2;QSF;Massawa;MAIN;107
2FD5202A;1;QAD;Grassy Mountain;MAIN;38|42
2FDA8907;1;QCC;Mishi Main zone;MAIN;41|43
2FDA8907;2;QSF;Mishi Main zone;MAIN;43
2FE561F3;1;QSF;Callie;MAIN;55|59
300BD65E;1;QCC;Dufferin;MAIN;60|61|64
3055A584;1;QSF;Fortnum Wedge;MAIN;69|70
306C6FD3;1;QSF;Florida Canyon Mine;MAIN;45
306C6FD3;2;MUL;Florida Canyon Mine;MAIN;45
306C6FD3;3;QAD;Florida Canyon Mine;MAIN;46
30764FDD;1;SHV;True North;MAIN;69
30764FDD;2;FLT;True North;MAIN;69
30764FDD;3;EXT;True North;MAIN;69
307C60FF;1;QCC;Munro Project;MAIN;39|40
308915A6;1;QCC;Fayolle;MAIN;40
3091DA28;1;QSF;Corcoesto;MAIN;39|42|47|48
30C5FD5F;1;QSF;Southern Cross North Project;MAIN;40|41
30C5FD5F;2;QCC;Southern Cross North Project;MAIN;40
30C14E1F;1;MUL;Buckreef;MAIN;27
30C14E1F;2;QCC;Buckreef;MAIN;27
30E2DB35;1;QCC;Florin;MAIN;33
30E2DB35;2;MUL;Florin;MAIN;33
30E2DB35;3;QSF;Florin;MAIN;37
30EFD2F3;1;SHV;Kobada;MAIN;93
30EFD2F3;2;EXT;Kobada;MAIN;93
30EFD2F3;3;QCC;Kobada;MAIN;94
3181F270;1;QCC;Bjorkdal;MAIN;32
3181F270;2;TLD;Bjorkdal;MAIN;32|33
3181F270;3;AUR;Bjorkdal;MAIN;32|33
315147D9;1;QCC;Triangle Zone;MAIN;101|105|107|110|112
315147D9;2;FLT;Triangle Zone;MAIN;101|107
315147D9;3;EXT;Triangle Zone;MAIN;102|107
314BDAAB;1;QCC;Goldboro Deposit;MAIN;14|59
314BDAAB;2;QSF;Goldboro Deposit;MAIN;53|54
314BDAAB;3;SHV;Goldboro Deposit;MAIN;55
314BDAAB;4;MUL;Goldboro Deposit;MAIN;55
311C247E;1;QCC;Greenstone Mine;MAIN;74|80|82|94|95|98
318D10F5;1;QCC;Chimo Mine Deposit;MAIN;110
318D10F5;2;QSF;Chimo Mine Deposit;MAIN;112|113|114
320E96A4;1;QCC;Fawakhir;MAIN;50
3221B416;1;QCC;EMZ;MAIN;48|55
3221B416;2;SHV;EMZ;MAIN;48|62
3221B416;3;EXT;EMZ;MAIN;48|62
3221B416;4;QSF;EMZ;MAIN;55
31A667DE;1;QSF;Beartrack;MAIN;43|45
32698830;1;QSF;Three Bluffs;MAIN;40|41
322585EE;1;QSF;Wharf Operation;MAIN;63|67
322585EE;2;QCC;Wharf Operation;MAIN;69
32425CED;1;QCC;Nordeau West;MAIN;46|91
329566C5;1;QCC;Yellowjacket Gold Zone;MAIN;30|37|40
32DA3B1C;1;QCC;Maligreen;MAIN;38
32DA3B1C;2;QSF;Maligreen;MAIN;39|42
337B5C66;1;QSF;Florida Canyon;MAIN;32
337B5C66;2;MUL;Florida Canyon;MAIN;32
337B5C66;3;QAD;Florida Canyon;MAIN;34
32EB9E26;1;QSF;Thor Deposit;MAIN;75
32EB9E26;2;QFV;Thor Deposit;MAIN;75
339AF256;1;QAD;Tonopah;MAIN;35|41
340A0A9C;1;QSF;Main Zone (South Wood Lake Zone);MAIN;16
33C33FF7;1;QCC;Saramacca;MAIN;67
34119D76;1;QCC;West Branch;MAIN;42|49|54
34119D76;2;EXT;West Branch;MAIN;49|55
34119D76;3;SHV;West Branch;MAIN;49|55
3473A14D;1;QCC;Pine Cove;MAIN;64
346313EF;1;QCC;F2 Gold System;MAIN;49
346313EF;2;AUR;F2 Gold System;MAIN;48|49
347302C7;1;QCC;Lamaque Mine;MAIN;53|58|59|67
347302C7;2;SHV;Lamaque Mine;MAIN;58|64|65
347302C7;3;EXT;Lamaque Mine;MAIN;58|65|68|70
34D00683;1;QSF;Piment Zone;MAIN;34|35
34A885E5;1;SHV;Croinor;MAIN;243
34A885E5;2;EXT;Croinor;MAIN;243|245
34A885E5;3;QCC;Croinor;MAIN;243|244
34A885E5;4;QTU;Croinor;MAIN;245
353CDC8B;1;QCC;Granada;MAIN;52|54|56|64
34F19419;1;QFV;Discovery Zone;MAIN;95
34F19419;2;SHV;Discovery Zone;MAIN;97
354F4AB3;1;QSF;Ouest Balan;MAIN;40
355174D9;1;QSF;Fondaway Canyon;MAIN;53
359BBE7E;1;EXT;Swanson deposit;MAIN;70
359BBE7E;2;QCC;Swanson deposit;MAIN;71|82|91
35C5507F;1;QCC;Apensu;MAIN;69|70
35C5507F;2;AUR;Apensu;MAIN;69|70
35CA7341;1;QCC;Otter Creek / Godkin Pit;MAIN;23|27
35CA8622;1;QCC;Lincoln-Comet;MAIN;26
35CA8622;2;EXT;Lincoln-Comet;MAIN;24
35D1D06F;1;QCC;Detour Lake Mine;MAIN;63
35D1D06F;2;EXT;Detour Lake Mine;MAIN;61|62|64
35D1D06F;3;FLT;Detour Lake Mine;MAIN;62
35D1D06F;4;SHV;Detour Lake Mine;MAIN;62|63|64
35DF18D6;1;EXT;Piaba;MAIN;68
35DF18D6;2;QSF;Piaba;MAIN;62|68|71
35F4BD47;1;QCC;Bomboré;MAIN;43
35F4BD47;2;SHV;Bomboré;MAIN;44
361A4CFA;1;QCC;Gold Ridge;MAIN;22
361A4CFA;2;MUL;Gold Ridge;MAIN;22
36984740;1;QSF;Turmalina;MAIN;48|50
36963686;1;QSF;Triangle Zone;MAIN;56
3670F402;1;QCC;Namdini;MAIN;60
36A9E451;1;QSF;Wona-Kona;MAIN;51
36AF8027;1;QSF;Tamarack;MAIN;11|12
36A0B51D;1;QSF;Magambazi;MAIN;49|51
3708266F;1;QCC;Wenot;MAIN;61|65|82
3746E4F1;1;QSF;Big Pit;MAIN;27
3748A596;1;QSF;Malikoundi/Boto 2;MAIN;61|62
3748A596;2;MUL;Malikoundi/Boto 2;MAIN;62
377E3A04;1;QCC;Black Fox Mine;MAIN;121|128
37D3B9CE;1;QFV;Canadian Malartic deposit;MAIN;56
3793CDFC;1;QAD;Fire Creek;MAIN;18
381F5C02;1;QSF;Central Manitoba Zone;MAIN;26
37E2AA01;1;QCC;La Martinière;MAIN;42|44
37E2AA01;2;QSF;La Martinière;MAIN;42
385AC5EA;1;SHV;Mankarga 5;MAIN;45
3875829E;1;CAV;Gold Pick;MAIN;69
38A85FAF;1;QSF;Eagle Zone;MAIN;48|51
38B9C7D6;1;QCC;Rory's Knoll;MAIN;63|65|71
38D95CC8;1;QSF;Magambazi;MAIN;28|29
39CB6561;1;QCC;Kenogami Lake Project;MAIN;31
38E7868C;1;QCC;Bombore;MAIN;84
38E7868C;2;SHV;Bombore;MAIN;80
39E79654;1;QSF;Côté Gold;MAIN;95
39E79654;2;QCC;Côté Gold;MAIN;95
39E79654;3;QTU;Côté Gold;MAIN;95
39E79654;4;SKV;Côté Gold;MAIN;95
39FFEDD8;1;QCC;Carolin Mine;MAIN;41|42
39FFEDD8;2;MUL;Carolin Mine;MAIN;42
3A3F8692;1;QSF;CAS (Central, Avan and Skiråsen);MAIN;55
3A3F8692;2;QCC;CAS (Central, Avan and Skiråsen);MAIN;55
3A3F8692;3;AUR;CAS (Central, Avan and Skiråsen);MAIN;55
3A3F8692;4;QTU;CAS (Central, Avan and Skiråsen);MAIN;51|55
3A6340B3;1;CAV;RHN Property;MAIN;37|38
3A6340B3;2;TLD;RHN Property;MAIN;35|37
3AAEF04C;1;QSF;Zone 1B;MAIN;25
3B3D85B1;1;QSF;São Sebastião;MAIN;27
3B3D85B1;2;EXT;São Sebastião;MAIN;27
3B581E7D;1;QCC;Nampala;MAIN;71|82
3B99FAA6;1;QCC;Wenot;MAIN;91|96
3BB02B86;1;QCC;Spanish Mountain;MAIN;28
3BAA85BA;1;FLT;Cariboo Gold Project;MAIN;73|80
3BAA85BA;2;EXT;Cariboo Gold Project;MAIN;73|80
3BAA85BA;3;SHV;Cariboo Gold Project;MAIN;73|80
3BC14498;1;AUR;Nkran;MAIN;81
3C255A9C;1;QCC;Spanish Mountain;MAIN;28|29
3C3CEF6E;1;QCC;Ronguen gold deposit;MAIN;31
3C68B17F;1;QCC;Montagne d'Or;MAIN;58
3C68B17F;2;QSF;Montagne d'Or;MAIN;59|61
3CAF48B5;1;SHV;Seabee;MAIN;28
3CAF48B5;2;QTU;Seabee;MAIN;28
3CA02F87;1;QSF;Haile;MAIN;27|28
3CB96C60;1;QSF;Gameta;MAIN;31
3CB96C60;2;CAV;Gameta;MAIN;31
3CB4917F;1;QCC;Tower Gold Project;MAIN;151|153|159|160
3CB4917F;2;QSF;Tower Gold Project;MAIN;160
3CB4917F;3;SHV;Tower Gold Project;MAIN;151
3CF19190;1;QSF;Pitt Gold;MAIN;45
3D3CB8E4;1;AUR;Satinoco;MAIN;15
3D1189B3;1;AUR;Bell Creek;MAIN;51|52|54
3D49ABF8;1;QTU;Marathon Deposit;MAIN;99
3D6CB99C;1;QSF;Valentine Gold Camp;MAIN;47
3D6CB99C;2;EXT;Valentine Gold Camp;MAIN;47
3D6CB99C;3;SHV;Valentine Gold Camp;MAIN;47
3D76F7D4;1;QSF;Tovshir;MAIN;55
3D920261;1;SHV;Noseno;MAIN;36
3D920261;2;QSF;Noseno;MAIN;36
3DA4178D;1;QSF;Gameta;MAIN;31
3DA4178D;2;CAV;Gameta;MAIN;31
3D7B3B36;1;QSF;Nasedkino;MAIN;45
3D7B3B36;2;SHV;Nasedkino;MAIN;41
3DF03E1F;1;QCC;Amizmiz;MAIN;7
3E5657A2;1;QCC;Kao;MAIN;72
3E712733;1;QCC;Bullard Pass;MAIN;15|16|18|20
3E783295;1;QCC;O'Brien Project;MAIN;67|69
3E8E4AE5;1;QCC;Mooseland;MAIN;43
3E8E4AE5;2;QSF;Mooseland;MAIN;43|44
3EC0CCD3;1;QSF;47 PMLs;MAIN;52|56|57
3EC7D618;1;AUR;Imperial gold deposit;MAIN;12|45|46|47
3EB0D4FB;1;QTU;Lamaque Mine;MAIN;46|59|68
3EB0D4FB;2;SHV;Lamaque Mine;MAIN;51
3EB0D4FB;3;EXT;Lamaque Mine;MAIN;51|52
3F0B38F9;1;QCC;Kao;MAIN;72
3F28C976;1;QSF;Buffalo Reef;MAIN;19
3F2D988D;1;QSF;Goingoindougou;MAIN;30|33|40
3F2EBD38;1;QCC;Eleonore;MAIN;40|41
3F2EBD38;2;QSF;Eleonore;MAIN;41
3F2EBD38;3;SHV;Eleonore;MAIN;43
3F82F406;1;QCC;La Cruz;MAIN;20|21
3F91D044;1;QSF;ACMA-Lewis;MAIN;76|83|84
3F91D044;2;QCC;ACMA-Lewis;MAIN;76|83|84
3FAEB13F;1;QCC;Garrcon Deposit;MAIN;47
3FBC5CEF;1;AUR;Swanson;MAIN;111|117|119
3FBC5CEF;2;QCC;Swanson;MAIN;115
403E39A4;1;SHV;Surluga Deposit;MAIN;115
403E39A4;2;QSF;Surluga Deposit;MAIN;115
403E39A4;3;QTU;Surluga Deposit;MAIN;112|116
403EAB29;1;QCC;Golden Valley;MAIN;24
403EAB29;2;SHV;Golden Valley;MAIN;24
407CA08D;1;QSF;Hangar Flats Deposit;MAIN;26|30
4080CBE2;1;QCC;Douay;MAIN;57|60
408EE15F;1;QCC;Sleepy Zone;MAIN;26
408EE15F;2;QSF;Sleepy Zone;MAIN;26
4112CF24;1;QCC;Parallel Vein Zone;MAIN;28
4124125B;1;QCC;Buziba Busolwa;MAIN;46
4170107C;1;AUR;Spruce Hills;MAIN;18
413F247E;1;QSF;Gourbassi West;MAIN;87
41BCA767;1;QCC;Duquesne-Ottoman;MAIN;36|38
414E89A7;1;QCC;Pine Cove Mine;MAIN;60
4230CEAC;1;CAV;Afgan;MAIN;32
4268C1D1;1;SHV;Golden Gift 6;MAIN;43
4268C1D1;2;EXT;Golden Gift 6;MAIN;44
42875527;1;QSF;Twin Hills;MAIN;54
4289B025;1;QSF;ACMA-Lewis;MAIN;98
4289B025;2;QCC;ACMA-Lewis;MAIN;98|101
4289B025;3;SUV;ACMA-Lewis;MAIN;98
42C56158;1;QSF;San Francisco deposit;MAIN;79|83
42C8CCFD;1;QSF;CMD Gold Mine;MAIN;47|48
42D01EF0;1;QSF;F2 Zone;MAIN;44
42D01EF0;2;QCC;F2 Zone;MAIN;44
438D7AD7;1;QSF;Twangiza Main;MAIN;31
433F4FB3;1;SKV;Butte Highlands;MAIN;41
433F4FB3;2;AUR;Butte Highlands;MAIN;41
39B14617;1;QSF;Kearney and Joshua vein systems;MAIN;50|55
44671CF4;1;QCC;West Zone;MAIN;31
44464205;1;AUR;New Liberty;MAIN;64
44645AE1;1;QCC;F2;MAIN;48
44645AE1;2;QSF;F2;MAIN;46
44645AE1;3;SHV;F2;MAIN;46
44645AE1;4;EXT;F2;MAIN;46
44734636;1;AUR;Big Hurrah;MAIN;29
449D2B76;1;QCC;Duquesne West;MAIN;65|66
44B07C36;1;QCC;A8 3200 vein system;MAIN;41|42
44B84233;1;QCC;Wenot;MAIN;82|85|88
45A25C9E;1;QCC;Peninsula;MAIN;27|31|37
45D5398B;1;QCC;Lac Pelletier Gold Zones;MAIN;29
45D5398B;2;SHV;Lac Pelletier Gold Zones;MAIN;29
461BC7FE;1;QAD;TR-UE Vein System;MAIN;57|62|71
461BC7FE;2;MUL;TR-UE Vein System;MAIN;68
4658EFA7;1;QSF;Goldlund Deposit;MAIN;50|52
4658EFA7;2;QCC;Goldlund Deposit;MAIN;47|48
4659B4DE;1;QCC;Galaxy Orebody;MAIN;73
465DA569;1;QSF;Goulagou;MAIN;12
462243E7;1;QCC;Sigma-Lamaque;MAIN;98|102|104
462243E7;2;SHV;Sigma-Lamaque;MAIN;101|104
462243E7;3;EXT;Sigma-Lamaque;MAIN;101|105|106
46829863;1;AUR;Kabaya;MAIN;40
467154B4;1;QCC;Fayolle deposit;MAIN;34
46AA2282;1;SHV;Kobada;MAIN;21|22
46AA2282;2;EXT;Kobada;MAIN;21|22
46AA2282;3;QCC;Kobada;MAIN;25
46E15A6C;1;EXT;Central Zone;MAIN;28
46E15A6C;2;SHV;Central Zone;MAIN;28
472E4DAE;1;QSF;Napoleon;MAIN;42|44
4803D5C0;1;QSF;ACMA-Lewis;MAIN;58|59|61|62
4803D5C0;2;QCC;ACMA-Lewis;MAIN;58|59|62
486DB1EF;1;QSF;Penman Vein;MAIN;16|18
486A1A8B;1;MUL;Money Knob;MAIN;18
48727141;1;QSF;West End Deposit;MAIN;30
48727141;2;QCC;West End Deposit;MAIN;29
489D2664;1;QSF;Dreadnought;MAIN;17
489DD9BE;1;SHV;Tiriganiaq;MAIN;40|42|44
489DD9BE;2;QSF;Tiriganiaq;MAIN;42
489DD9BE;3;QCC;Tiriganiaq;MAIN;42
49F3D6C3;1;AUR;Anumso;MAIN;34
48C76AE7;1;QCC;Upper Canada;MAIN;37
48C76AE7;2;QSF;Upper Canada;MAIN;38
491496E5;1;QAD;Bayan Khundii;MAIN;42|44|45
491496E5;2;MGV;Bayan Khundii;MAIN;42
491496E5;3;MUL;Bayan Khundii;MAIN;42|44|45
49A5620F;1;SHV;Surluga;MAIN;66
49A5620F;2;EXT;Surluga;MAIN;66|70
49A5620F;3;QCC;Surluga;MAIN;70
49A5620F;4;QSF;Surluga;MAIN;70
4A0070E3;1;SHV;Seabee;MAIN;28
4A5902D2;1;AUR;Ndablama;MAIN;24
4A5E0712;1;QSF;Ana Paula;MAIN;87
4A5E0712;2;QCC;Ana Paula;MAIN;88
4A5E0712;3;QAD;Ana Paula;MAIN;90|91
4A5E0712;4;SHV;Ana Paula;MAIN;81|82|88
4AA854DA;1;AUR;Tabakoto;MAIN;53|54
4ADA2DD3;1;QCC;DAC Deposit;MAIN;62
4ADA2DD3;2;QSF;DAC Deposit;MAIN;62
4ADB686A;1;QTU;Main Zone;MAIN;22|25|27
4ADC15B3;1;QCC;Sam Otto;MAIN;59
4B2AC66A;1;AUR;João Neves;MAIN;19|25|26
4B442F77;1;SHV;Croinor;MAIN;72
4B442F77;2;EXT;Croinor;MAIN;72
4BD59709;1;QCC;Leahy Property;MAIN;34
4BB2238D;1;QCC;Taurus;MAIN;57
4BB2238D;2;SHV;Taurus;MAIN;56|57
4BB2238D;3;EXT;Taurus;MAIN;56|57
4B551F33;1;QSF;Tiba;MAIN;45
4B551F33;2;AUR;Tiba;MAIN;46
4BAAA14A;1;MUL;Boin Zone;MAIN;41
4C02412F;1;QCC;Gladiator Gold Deposit;MAIN;61|62|83
4C02412F;2;QSF;Gladiator Gold Deposit;MAIN;63
4C9F1D58;1;AUR;New Liberty;MAIN;40
4C03F531;1;QCC;Chirano;MAIN;47|49|50
4D300284;1;QSF;Guiro;MAIN;31|32
4D371C61;1;QCC;Buckreef;MAIN;52
4D37D7F2;1;AUR;Canadian Malartic deposit;MAIN;37
4D37D7F2;2;QFV;Canadian Malartic deposit;MAIN;37
4E33B29F;1;AUR;A1 Zone;MAIN;24
4DA69315;1;QSF;Tocantinzinho;MAIN;34|36|39
4DE69D51;1;QCC;Lacoma;MAIN;34
4E90FB64;1;QCC;Pine Tree-Josephine;MAIN;38|39
4EDAE032;1;QSF;Tamakay;MAIN;33
4EDAE032;2;SHV;Tamakay;MAIN;33
4EDAE032;3;EXT;Tamakay;MAIN;33
4F2F493A;1;QSF;Buracão;MAIN;31|33
4F6C8837;1;QSF;Ndablama;MAIN;27|41
4FBFD962;1;QSF;Fazenda Brasileiro Mine;MAIN;47
4F8EA52E;1;EXT;Cariboo Gold Project;MAIN;80|88
4F8EA52E;2;SHV;Cariboo Gold Project;MAIN;80
4F8EA52E;3;FLT;Cariboo Gold Project;MAIN;80|89
4F8EA52E;4;QCC;Cariboo Gold Project;MAIN;81|88
4FA5858E;1;QCC;Selinsing;MAIN;38
4FC0C955;1;SHV;C1;MAIN;73
4FC0C955;2;FLT;C1;MAIN;73
4FC0C955;3;MUL;C1;MAIN;73
4FC0C955;4;QCC;C1;MAIN;73|78
4FC0C955;5;QSF;C1;MAIN;73|78
4FDA705C;1;QCC;Increible 6;MAIN;18|21
4FF8E18B;1;QSF;Hosco;MAIN;81|83|84|85
4FF0260A;1;QSF;Paredones Amarillos;MAIN;44
50BB75A6;1;SHV;Sunace;MAIN;54|57
50BB75A6;2;MUL;Sunace;MAIN;57
50BB75A6;3;EXT;Sunace;MAIN;55
50C75552;1;QSF;Segilola;MAIN;47|48|61|66
50C75552;2;QCC;Segilola;MAIN;48|61|65
50F7D718;1;QCC;SREP;MAIN;44
50E3E689;1;QSF;Three Bluffs;MAIN;59
510C8A7F;1;QCC;Stadacona-Est;MAIN;19
5134DB4C;1;QSF;Marathon;MAIN;83|84
5146BBA0;1;QSF;Youga Gold Deposits;MAIN;33|34
51886858;1;QCC;Assafou;MAIN;127
51886858;2;EXT;Assafou;MAIN;127
51BFB0C5;1;QSF;Croinor deposit;MAIN;22
51BFB0C5;2;EXT;Croinor deposit;MAIN;23
51BE8C2A;1;QSF;Brewery Creek;MAIN;66|69|70
51BE8C2A;2;QCC;Brewery Creek;MAIN;69
51EC133C;1;QSF;Malikoundi;MAIN;52|53|55
520E75E1;1;QCC;Magino Mine;MAIN;76|77
520226E2;1;QCC;Lamaque Mine;MAIN;46|68
520226E2;2;SHV;Lamaque Mine;MAIN;51
520226E2;3;EXT;Lamaque Mine;MAIN;51|52
52337385;1;QCC;Duquesne Mine;MAIN;49
52337385;2;MUL;Duquesne Mine;MAIN;49
52AE5621;1;QCC;Marban;MAIN;55
527BDF27;1;QCC;Kao;MAIN;52
527BDF27;2;MUL;Kao;MAIN;52
52B6DA76;1;AUR;Awak Mas;MAIN;45
52FE227C;1;QSF;Butarni;MAIN;15|18|19
5318FA58;1;QSF;Flood Zone;MAIN;36
53316880;1;AUR;Dormaa;MAIN;32
534C99A3;1;QSF;Agbaou;MAIN;31|33
53CBD8B4;1;SHV;Macraes;MAIN;59
53CBD8B4;2;QSF;Macraes;MAIN;59
53EEA937;1;QSF;Fazenda Brasileiro;MAIN;50
5349073B;1;QSF;Kiniero Deposits;MAIN;89
5349073B;2;QCC;Kiniero Deposits;MAIN;93
5349073B;3;SHV;Kiniero Deposits;MAIN;102
53F73656;1;QSF;Touquoy;MAIN;90|95
5435D022;1;QSF;Twangiza Main;MAIN;46|47
54BFD40A;1;QSF;La Golondrina;MAIN;38|39
54BFD40A;2;QCC;La Golondrina;MAIN;33
5578E4A8;1;QSF;Rowan Vein System;MAIN;31
552EE81D;1;QAD;Gameta;MAIN;27
552EE81D;2;QSF;Gameta;MAIN;27
552EE81D;3;QCC;Gameta;MAIN;27
552EE81D;4;QSF;La Veta Vera;MAIN;38
55784CBD;1;QCC;Kimoukro;MAIN;66|68|70|73|125
55784CBD;2;EXT;Kimoukro;MAIN;68
55784CBD;3;SHV;Kimoukro;MAIN;68
558671B0;1;QCC;Marban;MAIN;95|102
55A531DD;1;QSF;Portageur;MAIN;12|16
55A985E0;1;QCC;Durba;MAIN;64
55F3C33D;1;QCC;Jethro Structure gold resource;MAIN;14
563EE2C4;1;SHV;Frasergold Zone;MAIN;29
563EE2C4;2;FLT;Frasergold Zone;MAIN;29|30
563EE2C4;3;EXT;Frasergold Zone;MAIN;30
563EE2C4;4;QCC;Frasergold Zone;MAIN;29
563EE2C4;5;QSF;Frasergold Zone;MAIN;29
563684EA;1;QSF;Amisk gold deposit;MAIN;47|49
56DD90DC;1;AUR;Venice Mine;MAIN;21|22|23
56780E26;1;AUR;Turmalina deposit;MAIN;51|52
5656D941;1;QCC;Central Ashanti Gold Project;MAIN;45
5656D941;2;QSF;Central Ashanti Gold Project;MAIN;45
5656D941;3;MUL;Central Ashanti Gold Project;MAIN;45
56E89552;1;QCC;Yaouré;MAIN;65
56E89552;2;QTU;Yaouré;MAIN;66|75
573048C7;1;QSF;Blanket Mine;MAIN;55|59
573048C7;2;QCC;Blanket Mine;MAIN;58
57430F77;1;QSF;Haile;MAIN;30|32
5794CE78;1;AUR;Samira Hill Mine;MAIN;35
57B797C1;1;QCC;Lone Star;MAIN;59
57B797C1;2;EXT;Lone Star;MAIN;55|56
576924E6;1;QSF;Obuasi;MAIN;38
576924E6;2;QCC;Obuasi;MAIN;38|40
58447449;1;QCC;KCD;MAIN;79|81
5860A5DD;1;QCC;Dorozhni;MAIN;16|19
59065AC5;1;QCC;Discovery;MAIN;41
5916094D;1;QCC;Hicks Prospect;MAIN;71
592F1DFA;1;QSF;Turmalina Mine;MAIN;47|49
596BC2FF;1;QSF;Raven;MAIN;42|45
596BC2FF;2;QCC;Raven;MAIN;42|45
596BC2FF;3;SKV;Raven;MAIN;45
596BC2FF;4;MGV;Raven;MAIN;45
596DB7FF;1;SHV;Bomboré;MAIN;49
59F73E9C;1;SHV;Mooseland;MAIN;26|28
5A28BCD8;1;QSF;Hammerdown;MAIN;68
5A28BCD8;2;QCC;Hammerdown;MAIN;69|91
5A2ADB42;1;AUR;Tasiast;MAIN;51
5A2ADB42;2;QTU;Tasiast;MAIN;51
5A2ADB42;3;QCC;Tasiast;MAIN;51
5A2ADB42;4;QFV;Tasiast;MAIN;51
5A2ADB42;5;MGV;Tasiast;MAIN;52
5A4E5E23;1;AUR;San Francisco;MAIN;67|72
5A88D39D;1;QTU;San Francisco;MAIN;72|76
5AD51C12;1;QCC;Nogbele;MAIN;77|86
5AC8F516;1;QCC;Tiriganiaq Deposit;MAIN;35
5AC8F516;2;SHV;Tiriganiaq Deposit;MAIN;34|35|37
5AC8F516;3;EXT;Tiriganiaq Deposit;MAIN;35
5B354157;1;AUR;Haute Mana;MAIN;31|33|35
5B4B0A1D;1;QCC;Blanket Mine;MAIN;45
5B4B0A1D;2;QSF;Blanket Mine;MAIN;45
5BC24E80;1;QCC;Wassa Mine;MAIN;50|51|55
5C2FAFC4;1;QFV;Barry deposit;MAIN;63|69
5C2FAFC4;2;QCC;Barry deposit;MAIN;63
5C2FAFC4;3;EXT;Barry deposit;MAIN;63|69
5CBF0D41;1;QSF;Elder;MAIN;52
5CB16A9D;1;SHV;Glenfine Project;MAIN;41
5CB16A9D;2;QCC;Glenfine Project;MAIN;42
5CB16A9D;3;EXT;Glenfine Project;MAIN;43
5C5725C5;1;QCC;Tabakoto;MAIN;67
5C5725C5;2;QSF;Tabakoto;MAIN;91
5CA2EE7C;1;QCC;Kibi Project (Zones 1-3);MAIN;76|77|78|79|80
5CF76CF1;1;AUR;Mount Jamie;MAIN;28|30
5D12B24F;1;QCC;Mckenzie Break;MAIN;26
5D12B24F;2;SHV;Mckenzie Break;MAIN;27
5D6F749D;1;QCC;Duparquet deposit;MAIN;200
5D6F749D;2;QSF;Duparquet deposit;MAIN;200
5D89B1BF;1;QSF;Last Hope Deposit;MAIN;22
5E1AD8D5;1;QCC;Wind Mountain;MAIN;40|41
5ED743CB;1;QCC;PEN zone;MAIN;21
5ED743CB;2;AUR;PEN zone;MAIN;17
5ECCA30D;1;QSF;Dolphin;MAIN;65|66
5EE3D8D5;1;QAD;Tonopah;MAIN;36|42
5EE3D8D5;2;EXT;Tonopah;MAIN;40|42
5EECCA5D;1;CAV;Conrad;MAIN;36
5F330DE2;1;QSF;Chinese 1, 2, 3;MAIN;24
5EF5A67B;1;QCC;Curraghinalt;MAIN;85
5EF5A67B;2;SHV;Curraghinalt;MAIN;85
5EF5A67B;3;EXT;Curraghinalt;MAIN;85
5F6DA05D;1;QTU;Ushirombo Gold Corridor;MAIN;67
5F6DA05D;2;QSF;Ushirombo Gold Corridor;MAIN;67
5FEB5964;1;QSF;Akyanga;MAIN;49|51
5FD37BC6;1;QCC;Frasergold;MAIN;37
6099012B;1;QCC;Belvedere Mine;MAIN;51
618807F8;1;QSF;Volta Grande;MAIN;76|79|80
61C07D6E;1;QSF;FAT deposit;MAIN;100
61C07D6E;2;QCC;FAT deposit;MAIN;100
61D3056B;1;AUR;Kekoro;MAIN;43|44
61F2DB6B;1;MUL;Glen Hume;MAIN;39
622578A0;1;QCC;Herbert Gold Project;MAIN;20
622578A0;2;MUL;Herbert Gold Project;MAIN;20
621D6369;1;QCC;Granada;MAIN;63
625E0AE9;1;MUL;Boin Zone;MAIN;38|39
634658BD;1;AUR;Taunas;MAIN;39|41
62343AA5;1;QCC;Grey Fox;MAIN;105|115
62343AA5;2;MUL;Grey Fox;MAIN;105|106
62C69989;1;QCC;São Jorge;MAIN;72
62C69989;2;QSF;São Jorge;MAIN;75
6392CC6F;1;QCC;Marban;MAIN;51
6379C4D5;1;QSF;Hemlo deposit;MAIN;58
63CC23C1;1;QSF;Robertson;MAIN;81|93|94
63CC23C1;2;QCC;Robertson;MAIN;81|93|94
6401842D;1;AUR;Segala-Ouest artisanal workings;MAIN;90
642C85B9;1;QCC;New Britannia Mine;MAIN;86
64EE5B85;1;QCC;Duquesne-Ottoman Property;MAIN;31
64CFFC82;1;QSF;Ängesneva;MAIN;77|80
6491D10E;1;AUR;Geita Mine;MAIN;53|57|64|67
652EDC48;1;QCC;Chimo Mine;MAIN;43|44|46
652EDC48;2;QSF;Chimo Mine;MAIN;37|38|39|44
65550427;1;SHV;Mankarga;MAIN;38
65F7031F;1;QSF;Sugar Zone;MAIN;14|16
660EB2E0;1;SHV;Tiriganiaq;MAIN;23|24|28
660EB2E0;2;QSF;Tiriganiaq;MAIN;33
666A8409;1;QCC;Tabakoto;MAIN;83
6704FD5F;1;QCC;Martinière;MAIN;24|25|27
666F9FD0;1;QAD;Bayan Khundii;MAIN;28|30
666F9FD0;2;MUL;Bayan Khundii;MAIN;28|30
67109CC9;1;QSF;Property Veins;MAIN;70|71
6725EE59;1;QSF;Surluga Deposit;MAIN;105
6725EE59;2;QCC;Surluga Deposit;MAIN;106
6739449C;1;QSF;North Lake;MAIN;98|100
676C4284;1;QCC;Philibert Deposit;MAIN;37|41|46
676C4284;2;QTU;Philibert Deposit;MAIN;37
6789ACA5;1;QCC;Golden Ridge Deposit;MAIN;37|39
6860032D;1;QSF;Happy Valley Mine;MAIN;30
6860032D;2;QCC;Happy Valley Mine;MAIN;30
678EEECF;1;QCC;Black Fox;MAIN;56|58|59|61
678EEECF;2;MUL;Black Fox;MAIN;63
68A12C12;1;QSF;Eureka Project;MAIN;25
68C45217;1;QCC;Haile;MAIN;66
68C45217;2;QSF;Haile;MAIN;66
695E073D;1;QSF;Clarence Stream North;MAIN;36
69617396;1;AUR;Hyde Lake;MAIN;15|18
69655620;1;QSF;Maud Creek deposit;MAIN;12|66|68
696F7F76;1;AUR;Ironwood;MAIN;33
696F7F76;2;CAV;Ironwood;MAIN;33
697812A5;1;QCC;Norlartic and Kierens;MAIN;46|50
697812A5;2;AUR;Norlartic and Kierens;MAIN;48|50
69F2C853;1;QAD;Tonopah;MAIN;37|42|44
6A06CDBD;1;QSF;Sukari;MAIN;57
6A06CDBD;2;SHV;Sukari;MAIN;57|58
6A06CDBD;3;EXT;Sukari;MAIN;58
6A4C8B30;1;QSF;Mosquito Hill;MAIN;19
6A4C8B30;2;QCC;Mosquito Hill;MAIN;14|23
6A5AF28E;1;QAD;North Stock;MAIN;52|53|54
6A5AF28E;2;CAV;North Stock;MAIN;52|53
6A7BE8EF;1;QCC;Jugan;MAIN;107|130|139
6A3F7761;1;QSF;Kiniero Gold Project;MAIN;114|152
6A3F7761;2;QCC;Kiniero Gold Project;MAIN;129
6AA0DBC8;1;QCC;Hardrock Project;MAIN;51|53|54
6AF199F8;1;AUR;Canadian Malartic deposit;MAIN;40
6ACDC74E;1;QCC;Nogbele;MAIN;84|93|96
6B259C73;1;QCC;AK;MAIN;34
6B2169A6;1;QCC;Madsen Deposit;MAIN;52
6B2169A6;2;QSF;Madsen Deposit;MAIN;52|67
6B2169A6;3;QTU;Madsen Deposit;MAIN;52|76
6B9D203D;1;QCC;Morro do Ouro;MAIN;44|46
6BD405F8;1;QSF;MEG Artisanal Workings;MAIN;22|26
6B821FE0;1;QSF;Kiniero;MAIN;45
6B2FDE09;1;QCC;Kiena Mine;MAIN;135
6B2FDE09;2;SHV;Kiena Mine;MAIN;135|143|150
6B2FDE09;3;QTU;Kiena Mine;MAIN;135|150
6B2FDE09;4;EXT;Kiena Mine;MAIN;145|150|151
6B2FDE09;5;FLT;Kiena Mine;MAIN;151
6BE8DF66;1;QSF;Dorado Oeste;MAIN;51
6BE8DF66;2;SHV;Dorado Oeste;MAIN;51
6BF5AC4B;1;QCC;Black Fox;MAIN;53
6BF5AC4B;2;EXT;Black Fox;MAIN;53
6BF5AC4B;3;FLT;Black Fox;MAIN;53
6BF5AC4B;4;MUL;Black Fox;MAIN;55
6BF9922E;1;QSF;Big Pit area;MAIN;35
6BF9922E;2;QCC;Big Pit area;MAIN;33
6BFE3777;1;QCC;Southern Corridor;MAIN;37|38
6BFE3777;2;SHV;Southern Corridor;MAIN;37
6BFE3777;3;EXT;Southern Corridor;MAIN;37
6BFE3777;4;QFV;Southern Corridor;MAIN;37
6C109EBD;1;AUR;Niaouleni;MAIN;71|72|74
6C6300AC;1;QSF;Fenelon;MAIN;115|117|119|120
6C747B95;1;QCC;Doropo;MAIN;81|82
6C747B95;2;MUL;Doropo;MAIN;81
6CBEAF45;1;QCC;M Zone;MAIN;35
6C77E8AD;1;QTU;Lac Herbin;MAIN;25|27
6CD79FAF;1;QCC;DAC Deposit;MAIN;61
6CD79FAF;2;QSF;DAC Deposit;MAIN;61
6CE77E02;1;QSF;North Lake;MAIN;98|100
6CE77E02;2;SHV;North Lake;MAIN;99
6CE77E02;3;EXT;North Lake;MAIN;99
6D202926;1;QCC;Magino;MAIN;50|51
6D01CD34;1;QTU;Timmins West Mine;MAIN;62
6D01CD34;2;QSF;Timmins West Mine;MAIN;62|64
6D01CD34;3;EXT;Timmins West Mine;MAIN;62|63|64
6D01CD34;4;QCC;Timmins West Mine;MAIN;64|75
6D23B2FB;1;QCC;Grey Fox;MAIN;49|50
6D869212;1;QCC;Tully Gold Project;MAIN;15|16|19
6D8B600C;1;QCC;Vindaloo;MAIN;95
6D96F4DE;1;QCC;Paddy's Flat;MAIN;89|100|104
6D96F4DE;2;QSF;Paddy's Flat;MAIN;89|100|103
6D96F4DE;3;AUR;Paddy's Flat;MAIN;101
6DA43296;1;SHV;Scottie Gold Mine;MAIN;45
6DA43296;2;EXT;Scottie Gold Mine;MAIN;45
6DDBB287;1;QSF;Butte Highlands;MAIN;32|33
6DF34354;1;QCC;New Britannia Mine;MAIN;72
6E38C3DE;1;QSF;Baomahun;MAIN;78|79
6F3547BE;1;QCC;C1;MAIN;65|70
6F3547BE;2;QSF;C1;MAIN;65|70
6F3547BE;3;SHV;C1;MAIN;65
6F3547BE;4;FLT;C1;MAIN;65|70
6F551C51;1;QSF;Pilar;MAIN;28|83|84|85
6F5ECDE7;1;EXT;Esaase;MAIN;90|96
6F7BB91E;1;QCC;Wassa;MAIN;61|62|66|72
6F9686AF;1;QCC;Dingman;MAIN;46|49
6FC78198;1;QCC;Discovery;MAIN;50
6FC78198;2;EXT;Discovery;MAIN;50
6FC78198;3;SHV;Discovery;MAIN;50
6FD5480A;1;QCC;Rosebel Property;MAIN;23|24|25|26|28
6FD5480A;2;EXT;Rosebel Property;MAIN;25|26
6FF5E69D;1;QSF;Magdala;MAIN;42|43
6FDC2E91;1;QCC;Kiyuk Lake;MAIN;32
7023B205;1;QSF;Haile;MAIN;26|27
704EB070;1;SHV;Croinor;MAIN;29
704EB070;2;EXT;Croinor;MAIN;29
70B26ECE;1;QSF;Gounkoto;MAIN;21
70B26ECE;2;QCC;Gounkoto;MAIN;21
7104559C;1;QCC;Buckreef;MAIN;64|68
7030CDA5;1;QCC;North Stock;MAIN;60|62
7030CDA5;2;QAD;North Stock;MAIN;61
71158618;1;QCC;Lincoln-Comet;MAIN;72|74
71158618;2;SHV;Lincoln-Comet;MAIN;71|72
71665082;1;AUR;Tongon;MAIN;24
7166C010;1;QCC;Otjikoto;MAIN;87|90|91
71DC7BE1;1;QSF;Wolf Mine;MAIN;39
71DC7BE1;2;EXT;Wolf Mine;MAIN;40
719754FA;1;SHV;Macraes;MAIN;56
719754FA;2;QSF;Macraes;MAIN;56
71910876;1;QSF;Seabee Gold Operation;MAIN;44
71910876;2;SKV;Seabee Gold Operation;MAIN;44
71910876;3;AUR;Seabee Gold Operation;MAIN;45
7251E8D6;1;QCC;Nkran;MAIN;114|115|124
7251E8D6;2;SHV;Nkran;MAIN;101
724B99AF;1;SHV;New Liberty;MAIN;40
72E110A9;1;QSF;NOA 2;MAIN;43|51
72E110A9;2;SHV;NOA 2;MAIN;50|52
72E110A9;3;EXT;NOA 2;MAIN;51
72E110A9;4;FLT;NOA 2;MAIN;43|52
72FE57B6;1;QCC;Bissa Hill;MAIN;25
72FE57B6;2;SHV;Bissa Hill;MAIN;26
72E9A431;1;QCC;Valley;MAIN;100
73073CD7;1;QCC;Smarts;MAIN;76
737412AA;1;QCC;Nampala;MAIN;67
737412AA;2;QSF;Nampala;MAIN;5|67
737412AA;3;EXT;Nampala;MAIN;6|68|69
73F53024;1;QSF;Youga;MAIN;75|76
73A1CF5D;1;QSF;Valentine Gold Project;MAIN;91|92
73A1CF5D;2;EXT;Valentine Gold Project;MAIN;91|92|105
73A1CF5D;3;SHV;Valentine Gold Project;MAIN;91|92|105
7458F834;1;QCC;Croinor;MAIN;27
7458F834;2;SHV;Croinor;MAIN;29
7458F834;3;EXT;Croinor;MAIN;29
7429765A;1;CAV;Afgan-Kobeh;MAIN;35
74128A9D;1;QCC;Triangle Zone;MAIN;109|116
74651CB4;1;QCC;Marban;MAIN;52
74E1F665;1;QCC;West Timmins Project;MAIN;24
74E1F665;3;QTU;West Timmins Project;MAIN;24
753BA548;1;QCC;South Zone;MAIN;26|31
7595F084;1;QCC;Parbec;MAIN;13|18
75993931;1;QCC;Eleonore;MAIN;38
75520C79;1;QSF;Yalea;MAIN;19|74
759F18C9;1;QAD;Tuvatu;MAIN;44|45
759F18C9;2;TLD;Tuvatu;MAIN;38
75A8D886;1;AUR;Ma Structural Complex;MAIN;40
75E2F53A;1;QCC;Rusk Zone;MAIN;19|20
75A406F3;1;MGV;Madsen;MAIN;67
75A406F3;2;SKV;Madsen;MAIN;68
76FEDE55;1;QSF;Decade;MAIN;32
77611353;1;QCC;Namdini;MAIN;117
779F32E1;1;QCC;Chevrier Main and South Zones;MAIN;65|72
77C5BC08;1;QCC;Goose Site;MAIN;66
77DAE8BA;1;AUR;Pistol Lake;MAIN;32|53|57
7826B6E8;1;QCC;Marban;MAIN;73|80
789BB62E;1;QCC;Monument Bay;MAIN;56|57
789BB62E;2;QFV;Monument Bay;MAIN;57
789BB62E;3;QSF;Monument Bay;MAIN;57
783A69CA;1;AUR;West Branch;MAIN;52
783A69CA;2;QTU;West Branch;MAIN;52
783A69CA;3;QSF;West Branch;MAIN;52
783A69CA;4;QCC;West Branch;MAIN;52
7875C8CA;1;QCC;Chirano Deposits;MAIN;51|54
7875C8CA;2;QSF;Chirano Deposits;MAIN;57
79495307;1;QSF;Barani East Prospect;MAIN;45
79273E2A;1;QCC;Goldboro Deposit;MAIN;83|88
79948E2F;1;QCC;Oko West;MAIN;93|98
79948E2F;2;MUL;Oko West;MAIN;93
79BC10AE;1;QSF;Lac Pau Porphyry;MAIN;28|29|38|56
79969106;1;QCC;Oko Main Zone;MAIN;78|83|84|85|107|134
79969106;2;QSF;Oko Main Zone;MAIN;81|85
79CC8F76;1;QCC;Road Cut Zone;MAIN;46|68
79F23F30;1;EXT;Golden Highway Project;MAIN;62|67|80
79F23F30;2;QSF;Golden Highway Project;MAIN;67|75|77|78
79F23F30;3;QCC;Golden Highway Project;MAIN;78|80
7A0F56CD;1;QSF;São Jorge;MAIN;27|30
7A37F40F;1;QSF;Goldboro;MAIN;50
7A37F40F;2;MUL;Goldboro;MAIN;51
7A431D56;1;QCC;325-Megane Zone;MAIN;100
7A431D56;2;QSF;325-Megane Zone;MAIN;89|94
7AE997A9;1;QSF;Riacho dos Machados;MAIN;48
7AE997A9;2;QTU;Riacho dos Machados;MAIN;48
7A8698DE;1;QCC;Bombore;MAIN;108|112
7AE0F887;1;QSF;Union Reefs;MAIN;57|58
7B02C19A;1;AUR;Netiana;MAIN;52
7B304863;1;QCC;Golden Jacket;MAIN;41
7B5CC5EE;1;QCC;Golden Heart deposit;MAIN;21
7BAF7051;1;QSF;Turmalina Mine;MAIN;72|76
7B74252B;1;QCC;Douay;MAIN;58|59|60
7B74252B;2;EXT;Douay;MAIN;58
7B74252B;3;AUR;Douay;MAIN;72
7BFB999E;1;QCC;Union Reefs;MAIN;72|73|84
7C123F4D;1;QCC;Nelligan;MAIN;62|67|68
7C4B666F;1;QSF;Paddy's Flat;MAIN;88|99|102
7C4B666F;2;AUR;Paddy's Flat;MAIN;88|100
7C4B666F;3;QCC;Paddy's Flat;MAIN;87|102|103
7CB904F3;1;SKV;Plutonic Gold Mine;MAIN;44
7CB904F3;2;QCC;Plutonic Gold Mine;MAIN;44|59
7CB904F3;3;QSF;Plutonic Gold Mine;MAIN;49
7CF011E7;1;AUR;Goose Lake;MAIN;73
7D21C08F;1;QSF;Puffy Lake deposit;MAIN;49|50
7D423785;1;QCC;Kairuni;MAIN;68|70|73
7D423785;2;SHV;Kairuni;MAIN;68|70
7D423785;3;EXT;Kairuni;MAIN;68|70
7D50E8A5;1;SHV;Bralorne;MAIN;73
7D50E8A5;2;EXT;Bralorne;MAIN;73
7D50E8A5;3;FLT;Bralorne;MAIN;73
7D50E8A5;4;QCC;Bralorne;MAIN;74
7D680F8C;1;QSF;Casa Berardi Mine;MAIN;81
7D680F8C;2;MUL;Casa Berardi Mine;MAIN;81
7D75E4FE;1;QCC;Hardrock Project;MAIN;57|63
7D78246F;1;QSF;Kunche;MAIN;38|39
7DB23736;1;QCC;Nogbele;MAIN;79|88|92
7D8BE393;1;QSF;Vindaloo-Madras;MAIN;48|62
7DEA6E13;1;QSF;White Foil;MAIN;25
7E4EB03F;1;QCC;Taurus Deposit;MAIN;33
7E4EB03F;2;QSF;Taurus Deposit;MAIN;34
7E02C244;1;QCC;Mooseland;MAIN;44
7E3E37E4;1;QSF;Spring Valley;MAIN;37
7E3E37E4;2;SHV;Spring Valley;MAIN;34
7E3E37E4;3;QTU;Spring Valley;MAIN;34|37
7E556C09;1;QCC;Green Hill;MAIN;30|37
7E5A88DE;1;QCC;Haile;MAIN;55
7E5A88DE;2;QSF;Haile;MAIN;55
7E757898;1;QSF;Kiniero Gold Project;MAIN;88
7E757898;2;SHV;Kiniero Gold Project;MAIN;88|102
7E757898;3;QCC;Kiniero Gold Project;MAIN;93
7E9A94A0;1;QSF;Goldex Extension Zone (GEZ);MAIN;45|46|49
7EC51181;1;QSF;Sao Chico;MAIN;21|27
7EEFB943;1;AUR;Loulo;MAIN;28
7F0BDC11;1;QSF;Ikungu Structure;MAIN;40
7F0BDC11;2;QCC;Ikungu Structure;MAIN;40
7F324BB5;1;QSF;Touquoy;MAIN;116
7F39C734;1;AUR;Mckinnon Gold Deposit;MAIN;28
80114425;1;QSF;Thor Trend;MAIN;26|28|30
80114425;2;QCC;Thor Trend;MAIN;28|30
80408762;1;AUR;Golden Mile;MAIN;40
80408762;2;EXT;Golden Mile;MAIN;40
800FB2F8;1;QSF;Casa Berardi;MAIN;42
800FB2F8;2;QCC;Casa Berardi;MAIN;42|49|51
800FB2F8;3;MUL;Casa Berardi;MAIN;42
808240DD;1;QCC;Namdini;MAIN;18|20
8081B6AB;1;QSF;Pilar;MAIN;62|66
8095CF13;1;QCC;Fekola;MAIN;99|106
8095CF13;2;SBV;Fekola;MAIN;99
80E786B4;1;QCC;Timmins Deposit;MAIN;78|86
80E786B4;2;QSF;Timmins Deposit;MAIN;79
80E786B4;3;EXT;Timmins Deposit;MAIN;79
81822B04;1;QCC;Yono Property;MAIN;54|58
81D899FA;1;QSF;Elder gold deposit;MAIN;25
81DB418B;1;QCC;EL-21081 Property;MAIN;26
81EEC22E;1;QSF;Apankrah;MAIN;22|23|26
821237C9;1;QSF;Cochrane Hill;MAIN;30|31|32
8220299D;1;QCC;Cuiú Cuiú;MAIN;98|109|127
8220299D;2;QSF;Cuiú Cuiú;MAIN;98|127
829E4AA9;1;AUR;Principal Vein;MAIN;23|28
82AFB9EC;1;QCC;Cisneros Project;MAIN;45
82F12653;1;QFV;Canadian Malartic;MAIN;91
82CA2476;1;QCC;Fondaway Canyon;MAIN;45
837032B3;1;SHV;Croinor;MAIN;58
837032B3;2;EXT;Croinor;MAIN;58
838AA14E;1;SHV;Storø;MAIN;45
838AA14E;2;EXT;Storø;MAIN;45
83D59111;1;AUR;Eleonore;MAIN;35|37
83EC5998;1;QCC;Campbell Shear;MAIN;68
8462C848;1;QCC;Moroy;MAIN;44
8423BBED;1;QCC;Salerno Zone;MAIN;22|23
846009BD;1;QCC;Santa Luz Project;MAIN;69|74
846009BD;2;QSF;Santa Luz Project;MAIN;69|74
846009BD;3;MUL;Santa Luz Project;MAIN;69
846C02C9;1;QTU;TM Deposit;MAIN;33|34|37
846C02C9;2;QCC;TM Deposit;MAIN;37
84ADA513;1;QSF;Old Nic Mine;MAIN;21|24
84A967CE;1;QSF;Box;MAIN;78
84A967CE;2;SHV;Box;MAIN;81
84B4E1EA;1;AUR;Casas de Don Pedro-Talarrubias;MAIN;26|27|29
84CB9C73;1;QSF;Iron Point Carlin-type system;MAIN;17
84CB9C73;2;QCC;Iron Point Carlin-type system;MAIN;40|41
8504EF1A;1;QSF;Massawa;MAIN;148
8504EF1A;2;QCC;Massawa;MAIN;183
8513ED08;1;SHV;Brewery Creek;MAIN;80|83|84|85
8513ED08;2;QSF;Brewery Creek;MAIN;83|85|86
8513ED08;3;QCC;Brewery Creek;MAIN;85
8531D015;1;QCC;Croinor;MAIN;55|58
8531D015;2;SHV;Croinor;MAIN;58
8531D015;3;EXT;Croinor;MAIN;58
85695E25;1;QSF;Colomac;MAIN;72
85695E25;2;SHV;Colomac;MAIN;72
85695E25;3;AUR;Colomac;MAIN;72
85695E25;4;QCC;Colomac;MAIN;72
858873F5;1;QCC;Thunder Creek;MAIN;36|48|50|52
858873F5;2;QSF;Thunder Creek;MAIN;48
858873F5;3;MUL;Thunder Creek;MAIN;52
85B1B079;1;QSF;Björkdal;MAIN;58|61
85BAF4CE;1;QSF;Cheechoo;MAIN;74
85BAF4CE;2;EXT;Cheechoo;MAIN;74
85BCFAB4;1;QCC;Carolin Mine;MAIN;40
85DE96E3;1;QCC;Tabakoto;MAIN;82|89
85DE96E3;2;QSF;Tabakoto;MAIN;89
864BE9C2;1;QSF;Vindaloo;MAIN;37
86326632;1;QSF;Detour Lake deposit;MAIN;49|50|57
86326632;2;QCC;Detour Lake deposit;MAIN;46|57
86326632;3;FLT;Detour Lake deposit;MAIN;53
86326632;4;SHV;Detour Lake deposit;MAIN;53|56
86326632;5;EXT;Detour Lake deposit;MAIN;50|53|56
8653EB43;1;QCC;Esaase;MAIN;28|31
86A78487;1;QCC;Massawa;MAIN;23|24
86A78487;2;MGV;Massawa;MAIN;23
867880EB;1;QSF;A-Zone;MAIN;47
86F3E796;1;QSF;Akyanga;MAIN;47|49
87171932;1;AUR;Zone 36 East;MAIN;41
8702D053;1;FLT;Cariboo Gold Project;MAIN;75|84
8702D053;2;EXT;Cariboo Gold Project;MAIN;76|83
8702D053;3;SHV;Cariboo Gold Project;MAIN;73|76
87698305;1;EXT;Nampala;MAIN;52|59|65
87698305;2;QCC;Nampala;MAIN;52|54|58
88053624;1;QCC;Herbert Vein System;MAIN;21|23
883A2FB8;1;QCC;Mankouke South;MAIN;52
880CDD66;1;QSF;Siribaya;MAIN;39
880CDD66;2;QCC;Siribaya;MAIN;39
880CDD66;3;AUR;Siribaya;MAIN;40
88C771C0;1;QSF;Samira;MAIN;13
893BB876;1;QSF;Riacho dos Machados Mine;MAIN;87
89630760;1;QCC;Oko West;MAIN;100|102|105
89630760;2;EXT;Oko West;MAIN;100|102
89630760;3;SHV;Oko West;MAIN;100|102
89630760;4;MUL;Oko West;MAIN;100
8987466D;1;QSF;Colomac;MAIN;68
8987466D;2;SHV;Colomac;MAIN;68
8987466D;3;EXT;Colomac;MAIN;93
8987466D;4;FLT;Colomac;MAIN;93
8987466D;5;QCC;Colomac;MAIN;93
89C7421F;1;SHV;Riacho dos Machados;MAIN;39|48
89C7421F;2;QTU;Riacho dos Machados;MAIN;48
89F06694;1;QSF;CAS (Central, Avan and Skiråsen);MAIN;63
89F06694;2;QCC;CAS (Central, Avan and Skiråsen);MAIN;63
89F06694;3;QTU;CAS (Central, Avan and Skiråsen);MAIN;57|61|63|64
8A4FA71C;1;QSF;Roberto;MAIN;34
8AA0A671;1;QSF;São Francisco;MAIN;27
8AA0A671;2;SHV;São Francisco;MAIN;27
89F8A68D;1;QCC;Zone 2 - Zone 3;MAIN;64|65|70
8B56DDC5;1;QSF;BT deposit;MAIN;22|24
8AE0C17A;1;SBV;Pan Project;MAIN;65
8B488D5A;1;SHV;OMZ and Ghanie;MAIN;85|91
8B5026A6;1;QCC;Agar Property;MAIN;33|35|38|51
8BB3D77D;1;QCC;Salman Trend;MAIN;49
8B9B43A9;1;QSF;Volta Grande;MAIN;35|36
8BBC2BBF;1;QSF;Akyanga Deposit;MAIN;44|45
8BCB8526;1;MUL;Sukari;MAIN;51|52
8BCB8526;2;SHV;Sukari;MAIN;52
8BCB8526;3;EXT;Sukari;MAIN;52
8BFE8678;1;QSF;Box Mine;MAIN;61|63|64
8C39B349;1;QSF;Eagle Zone;MAIN;48|49|51
8C7DD9B4;1;QSF;Kestane Beleni Vein;MAIN;49|50
8C7DD9B4;2;QCC;Kestane Beleni Vein;MAIN;50
8CC5FD99;1;QSF;Leprechaun Pond;MAIN;40|41|44
8CC5FD99;2;QCC;Leprechaun Pond;MAIN;40|41
8CE7E4E3;1;AUR;Discovery Ridge;MAIN;20
8CE7E4E3;2;SUV;Discovery Ridge;MAIN;20
8CE7E4E3;3;QSF;Discovery Ridge;MAIN;20
8CE7E4E3;4;QCC;Discovery Ridge;MAIN;21
8D9956C6;1;AUR;Puruni Project;MAIN;15|17
8D1F94DD;1;QCC;Labola Project;MAIN;54|55
8D1F94DD;2;QSF;Labola Project;MAIN;51|54
8DB13E5A;1;QSF;Zone 2;MAIN;48
8DB93C68;1;QSF;Bonikro;MAIN;23|24|26
8DDA7C66;1;QCC;Marban;MAIN;79
8DD0A408;1;QCC;Lac Pelletier gold zones;MAIN;32
8DF571FF;1;QCC;Trident;MAIN;66
8E0D8ECE;1;QCC;Fosterville;MAIN;27
8E420C30;1;QSF;Perseverance;MAIN;25
8E36E5BB;1;QSF;Boin Zone;MAIN;35
8EA53853;1;QCC;Luciana Prospect;MAIN;22|23
8EA53853;2;QSF;Luciana Prospect;MAIN;22
8ED14601;1;QCC;Trident;MAIN;66
8E92ED18;1;QCC;Taurus;MAIN;51
8E92ED18;2;SHV;Taurus;MAIN;52
8E92ED18;3;EXT;Taurus;MAIN;52
8E92ED18;4;QSF;Taurus;MAIN;52
8EEFC560;1;AUR;Choco 10;MAIN;25|29
8EF6465E;1;QSF;Rowan Vein System;MAIN;32|33
8F5B6D61;1;AUR;Torniella;MAIN;27
8F3D3425;1;QCC;Tiriganiaq;MAIN;52
8F3D3425;2;SHV;Tiriganiaq;MAIN;51|54
8F3D3425;3;EXT;Tiriganiaq;MAIN;52
8FB1481A;1;QCC;Fatou Main;MAIN;36
8FB1481A;2;MUL;Fatou Main;MAIN;36|37
8F6C23B9;1;SHV;Beaufort Goldfield;MAIN;40|42
8F6C23B9;2;QCC;Beaufort Goldfield;MAIN;50
903C9F16;1;QTU;Main Zone;MAIN;27
908959C9;1;AUR;Sissingue;MAIN;36|37
908959C9;2;QCC;Sissingue;MAIN;37
90F7335D;1;QCC;Nkran;MAIN;151
911C49D5;1;QCC;Pejiru;MAIN;10
9113DC5B;1;QSF;Pine Channel Property;MAIN;33|34|35|36|45
9113DC5B;2;QCC;Pine Channel Property;MAIN;35|37
911FF53C;1;QCC;Paiol;MAIN;66
912208F9;1;QCC;Trident;MAIN;64
9132E4F3;1;QCC;Bonnefond South Intrusive;MAIN;60|62|63|64|65
9132E4F3;2;MUL;Bonnefond South Intrusive;MAIN;64
916ADBAE;1;QSF;Ängesneva;MAIN;47
917D44BD;1;AUR;Cyclopic;MAIN;31|37
91878AB3;1;SHV;Rice Lake Mine;MAIN;19
91878AB3;2;EXT;Rice Lake Mine;MAIN;19
919F1D9C;1;QSF;São Jorge;MAIN;43|45|46
91BC6010;1;MUL;Sukari;MAIN;52
91BC6010;2;SHV;Sukari;MAIN;52
91BC6010;3;EXT;Sukari;MAIN;52|54
921AF600;1;QCC;Ollachea Prospect;MAIN;27
9209F4F0;1;EXT;Coringa;MAIN;64
9209F4F0;2;FLT;Coringa;MAIN;64
9209F4F0;3;QSF;Coringa;MAIN;68
922506BB;1;QCC;Piment Zone;MAIN;36
921DBF88;1;MUL;Box Mine;MAIN;73
921DBF88;2;QSF;Box Mine;MAIN;72|73
9230A009;1;QSF;Spring Valley;MAIN;46
9230A009;2;QCC;Spring Valley;MAIN;40
9230A009;3;SHV;Spring Valley;MAIN;42
9230A009;4;QTU;Spring Valley;MAIN;42
924038A9;1;QTU;Chieftain Zone;MAIN;70
92629A50;1;QCC;Sangqu;MAIN;32
9267144A;1;QSF;Boto 2-4-6 and Malikoundi;MAIN;42|45
9267144A;2;QCC;Boto 2-4-6 and Malikoundi;MAIN;42|45
928520AF;1;QSF;Dorado;MAIN;54
928520AF;2;ALS;Dorado;MAIN;56
930A7888;1;AUR;Pan;MAIN;63
92D072EE;1;QSF;Copperstone;MAIN;67|73|74
92D072EE;2;QAD;Copperstone;MAIN;73|74
92D072EE;3;SBV;Copperstone;MAIN;73|74
935AF0F2;1;QSF;Lincoln-Comet;MAIN;82
9350BB9A;1;QSF;Salave;MAIN;48|49
9350BB9A;2;QCC;Salave;MAIN;51
93BA9B75;1;QSF;Twin Hills;MAIN;120
9394C65E;1;QCC;Tres Cruces;MAIN;32|35|37
9394C65E;2;AUR;Tres Cruces;MAIN;23|35
94723305;1;QCC;Wona;MAIN;18
9462DE07;1;AUR;Salave;MAIN;32
9462DE07;2;QCC;Salave;MAIN;35
94220B2C;1;QSF;Big Hill Project;MAIN;41|43
94220B2C;2;QCC;Big Hill Project;MAIN;41|43
94A977CA;1;QSF;Batman deposit;MAIN;66|68
94E183EC;1;QCC;Dingman;MAIN;43|45
94E44468;1;QSF;Starlight Group;MAIN;66
95809DC8;1;QCC;Frasergold;MAIN;37|41
95809DC8;2;SHV;Frasergold;MAIN;37
95809DC8;3;EXT;Frasergold;MAIN;37
95A74683;1;QSF;Batman;MAIN;74|76
9601DA54;1;QCC;Kone;MAIN;21|22
9601DA54;2;QSF;Kone;MAIN;21|22
9630EB19;1;QSF;Cajueiro;MAIN;46|49|50|51
95F3EDED;1;QCC;Konkera;MAIN;46
95BBFD37;1;QCC;Higginsville Gold Operations;MAIN;66
95BBFD37;2;AUR;Higginsville Gold Operations;MAIN;53|61
969DF0BC;1;QSF;Seabee mine;MAIN;52|54
96ECAF31;1;MUL;Box Mine;MAIN;75
96ECAF31;2;QSF;Box Mine;MAIN;74|75
96FB8A08;1;QCC;Murra area;MAIN;25
96FB8A08;2;SHV;Murra area;MAIN;26
96FB8A08;3;MUL;Murra area;MAIN;26
97002E49;1;QCC;Fondaway Canyon;MAIN;63
97002E49;2;QSF;Fondaway Canyon;MAIN;64
97002E49;3;SHV;Fondaway Canyon;MAIN;66
9723275C;1;QSF;El Tambo;MAIN;27
9740EF13;1;AUR;Jaurdi Mining Center;MAIN;25
97714478;1;QCC;FK-Shawn trend;MAIN;51
97B083BC;1;QSF;Goldenville;MAIN;49
98607E39;1;QCC;Main Zone;MAIN;35|37
98607E39;2;QTU;Main Zone;MAIN;36
97D13D45;1;QCC;Detour Lake deposit;MAIN;70
97D13D45;2;SHV;Detour Lake deposit;MAIN;70
97D13D45;3;EXT;Detour Lake deposit;MAIN;69|70
97D13D45;4;FLT;Detour Lake deposit;MAIN;69
97ECCE93;1;QCC;Montagne d'Or;MAIN;84
97ECCE93;2;QSF;Montagne d'Or;MAIN;90
98DC83BF;1;QSF;Doña Amelia;MAIN;21|22
98FE24FC;1;QSF;Rory's Knoll;MAIN;62
98FE24FC;2;QCC;Rory's Knoll;MAIN;62
98FE24FC;3;EXT;Rory's Knoll;MAIN;62
98FE24FC;4;SHV;Rory's Knoll;MAIN;62
98F56814;1;QCC;Flint Rock-Mantis;MAIN;21|24
98F56814;2;FLT;Flint Rock-Mantis;MAIN;24
98F963DF;1;QSF;Haile;MAIN;59
98F963DF;2;QCC;Haile;MAIN;59
990E183E;1;QCC;Wyatt Property;MAIN;18|21
990E183E;2;QSF;Wyatt Property;MAIN;21|22
990E183E;3;AUR;Wyatt Property;MAIN;22
9932B17D;1;QCC;Bibiani Main Pit;MAIN;54|59
9956C0DB;1;QCC;Croinor;MAIN;39|42|43
9956C0DB;2;SHV;Croinor;MAIN;42|43
9956C0DB;3;EXT;Croinor;MAIN;42|43
9954087A;1;QSF;Fortnum Gold Project;MAIN;61|65|66
995E5B96;1;SHV;Hwini-Butre;MAIN;39
995E5B96;2;QCC;Hwini-Butre;MAIN;40
99764D95;1;AUR;Vena property;MAIN;18|22
9982E844;1;QCC;Main Zone;MAIN;49
9982E844;2;QSF;Main Zone;MAIN;49
9964D9E8;1;QSF;Beartrack;MAIN;78|79|96
99C1F9A5;1;QCC;New Polaris;MAIN;26|28
99916B3F;1;QCC;Bachelor Lake;MAIN;45|49
99CFEA05;1;AUR;Kavola East;MAIN;18|24
9A506E87;1;QSF;Bidgood;MAIN;32|38|39
9A506E87;2;TLD;Bidgood;MAIN;38|39
9AB71FE4;1;QSF;Monte Carlo Zone;MAIN;32
9A9C188C;1;QCC;Fosterville Gold Mine;MAIN;37
9A9C188C;2;SHV;Fosterville Gold Mine;MAIN;31|35
9A9C188C;3;SUV;Fosterville Gold Mine;MAIN;37
9ABD5293;1;QCC;St. Anthony Mine;MAIN;26|27|28
9B061C25;1;QCC;Mars NE;MAIN;31
9B16E9AD;1;QSF;Idaho-Maryland;MAIN;61
9B16E9AD;2;TLD;Idaho-Maryland;MAIN;61
9B104FC5;1;QSF;Montagne d'Or;MAIN;41
9B104FC5;2;QCC;Montagne d'Or;MAIN;41
9B797D5A;1;QSF;Bilboes;MAIN;148
9B447AF9;1;QSF;Leprechaun gold deposit;MAIN;42|44
9BC1D822;1;QSF;Goldex;MAIN;45|48|51|52|57
9BC1D822;2;EXT;Goldex;MAIN;49|52
9BC1D822;3;SHV;Goldex;MAIN;48
9BC264F4;1;SHV;Invincible;MAIN;39
9BC264F4;2;EXT;Invincible;MAIN;39
9BDA0D46;1;QCC;Rahill-Bonanza deposit;MAIN;33
9BF00ED2;1;QCC;Golden Mile;MAIN;5|37|38|40|41|43|46|48
9BEF86B8;1;QCC;Black Fox Mine;MAIN;62|65
9BEF86B8;2;MUL;Black Fox Mine;MAIN;67
9BFB7D2A;1;QCC;Bug Deposit;MAIN;19|22
9C0BDBB7;1;SHV;Mankarga;MAIN;67|69
9C0A2D17;1;QSF;Magistral;MAIN;36
9C0A2D17;2;QCC;Magistral;MAIN;36
9C36AEB0;1;QSF;Mosquito Hill;MAIN;21|22
9C36AEB0;2;QCC;Mosquito Hill;MAIN;25
9CFEC781;1;QAD;White Caps Mine;MAIN;32
9D074C5F;1;QSF;Malartic Hygrade;MAIN;26
9CBAEF52;1;QSF;147 Zone;MAIN;45|46
9CBAEF52;2;QCC;147 Zone;MAIN;46|47
9D197E03;1;QCC;G and J zones;MAIN;23|24
9D197E03;2;MUL;G and J zones;MAIN;24
9DB861D4;1;QSF;White Foil;MAIN;25
9D8FC72E;1;QSF;Chega Tudo;MAIN;59|61|75
9D4C1D94;1;AUR;Imperial;MAIN;50|51|52
9D5814B3;1;QTU;Timmins Deposit;MAIN;73
9D5814B3;2;QSF;Timmins Deposit;MAIN;73
9D5814B3;3;EXT;Timmins Deposit;MAIN;73|74
9D5814B3;4;QCC;Timmins Deposit;MAIN;72|78
9DFA236C;1;MUL;Sukari;MAIN;46|48
9DFA236C;2;SHV;Sukari;MAIN;48
9DFA236C;3;EXT;Sukari;MAIN;47|48
9E63EDF1;1;QSF;Tabakoroni;MAIN;21|22|23
9E63EDF1;2;QCC;Tabakoroni;MAIN;21|22
9EA19217;1;QCC;Zone IV;MAIN;18|19
9E9AA1A1;1;QSF;Nabanga;MAIN;32|36
9EA5792D;1;QCC;Golden Saddle;MAIN;61
9EFF9BAB;1;QCC;Piaba;MAIN;75|78
9F00DF8F;1;QSF;Pinson deposit;MAIN;54
9F0870DD;1;AUR;Kavola East;MAIN;18|24
9F5BEAE5;1;QSF;Batman deposit;MAIN;85
9F7B5CE1;1;QSF;Samira Hill;MAIN;20
9FDF7843;1;QCC;Esaase;MAIN;36
9FDF7843;2;QSF;Esaase;MAIN;36
9FDF7843;3;CAV;Esaase;MAIN;36
9FDF7843;4;EXT;Esaase;MAIN;36
A02BED1A;1;QSF;Leprechaun gold deposit;MAIN;45|47|48
9FA9D5C1;1;QSF;Enchi Gold Project;MAIN;63
9FA9D5C1;2;MUL;Enchi Gold Project;MAIN;58|64
9FA9D5C1;3;QCC;Enchi Gold Project;MAIN;66|70
9FA9D5C1;4;AUR;Enchi Gold Project;MAIN;68|71
A14456D4;1;QSF;Uncle Sam;MAIN;28
A14456D4;2;QCC;Uncle Sam;MAIN;29
A15D5349;1;QCC;Côté Gold deposit;MAIN;98
A15D5349;2;SHV;Côté Gold deposit;MAIN;92|98
A036F348;1;SHV;Brewery Creek Reserve Trend;MAIN;64|66|69
A036F348;2;QSF;Brewery Creek Reserve Trend;MAIN;66|70
A036F348;3;QCC;Brewery Creek Reserve Trend;MAIN;69
A1F3946B;1;QTU;Ollier Workings;MAIN;33
A22B8198;1;QCC;Nampala;MAIN;26
A18155F4;1;SHV;Rice Lake Mine;MAIN;25
A18155F4;2;EXT;Rice Lake Mine;MAIN;25
A296B63E;1;QSF;El Castillo;MAIN;51
A296B63E;2;QCC;El Castillo;MAIN;51
A286EBB1;1;CAV;Helen Zone;MAIN;45
A29A9527;1;QCC;Higginsville Gold Operations;MAIN;64|65
A29A9527;2;EXT;Higginsville Gold Operations;MAIN;64|65
A2DDC81F;1;QSF;Sela Creek;MAIN;33|49
A2DE93E8;1;QCC;Resenor Zone;MAIN;12|13
A2DE93E8;2;QSF;Resenor Zone;MAIN;14
A2E50205;1;QCC;Beattie;MAIN;32|33|38
A2F23AD6;1;MUL;Central Deposit;MAIN;71
A2F23AD6;2;QCC;Central Deposit;MAIN;73
A31EFA0D;1;QCC;Duparquet deposit;MAIN;38
A31EFA0D;2;MUL;Duparquet deposit;MAIN;39
A3329256;1;QSF;Kiouène;MAIN;41|42
A33EB979;1;AUR;Madsen;MAIN;62
A34636C2;1;QAD;Muir's Project;MAIN;18|19|21|23|24
A34636C2;2;MUL;Muir's Project;MAIN;24|39
A35963CA;1;QTU;Lac Herbin;MAIN;25|27
A3769907;1;QSF;North Lake deposit;MAIN;57
A3769907;2;MUL;North Lake deposit;MAIN;59
A37F9586;1;QCC;East and West zones;MAIN;28|36
A3F4D1FD;1;QCC;Beaufor;MAIN;22
A3ABD07B;1;QAD;Castle Zone;MAIN;41
A3D0537B;1;QSF;Borubai;MAIN;42
A48808D5;1;SHV;Salman Trend;MAIN;56
A48808D5;2;EXT;Salman Trend;MAIN;56
A48808D5;3;QCC;Salman Trend;MAIN;56
A4777FAE;1;QSF;Enchi Gold Project;MAIN;62
A4777FAE;2;QCC;Enchi Gold Project;MAIN;65|69
A497133B;1;AUR;Canadian Malartic;MAIN;77
A4F88886;1;QSF;Maud Creek;MAIN;84
A5EFF2AE;1;QCC;Dachang Main Zone (DMZ);MAIN;25|32|33
A5EFF2AE;2;QSF;Dachang Main Zone (DMZ);MAIN;28
A58D5997;1;QSF;Cosmo Deeps;MAIN;68
A5071C58;1;QSF;Bell Creek Complex;MAIN;44|45
A5F94713;1;QCC;JB Zone;MAIN;32|33|35
A64511D8;1;QCC;Fosterville;MAIN;30
A63A6604;1;QCC;Monique;MAIN;110
A68B3368;1;SHV;Mankarga;MAIN;67|69
A69743AE;1;QFV;Segilola;MAIN;24
A69743AE;2;EXT;Segilola;MAIN;24
A694BDFA;1;QCC;Magino Mine;MAIN;66|67|72|73
A694BDFA;2;QTU;Magino Mine;MAIN;69
A6CD78DF;1;QCC;Beattie-Donchester;MAIN;26|27|28
A70C3763;1;AUR;Wona;MAIN;16
A6FEEE1C;1;QCC;A-Zone;MAIN;70|71
A71201AB;1;SKV;Mesquite Mine;MAIN;40
A71201AB;2;QAD;Mesquite Mine;MAIN;37|40
A71201AB;3;QCC;Mesquite Mine;MAIN;37|40
A785C4B0;1;QCC;Namdini;MAIN;83|87
A7E54DAA;1;QCC;West Branch;MAIN;48|53|57|58
A7E54DAA;2;EXT;West Branch;MAIN;53|58
A7A69ABF;1;QSF;Brewery Creek;MAIN;61|63
A7A69ABF;2;QCC;Brewery Creek;MAIN;64
A81BA610;1;QCC;Antenna;MAIN;90
A8489E1D;1;QCC;Kao;MAIN;66
A8956D7D;1;QCC;Esaase;MAIN;33
A866A0A0;1;QSF;Pereira Velho;MAIN;41|44
A8676C2E;1;QSF;Elder;MAIN;24|27
A944AF32;1;SHV;Taurus;MAIN;52|53
A944AF32;2;EXT;Taurus;MAIN;52|53
A944AF32;3;FLT;Taurus;MAIN;52
A944AF32;4;QCC;Taurus;MAIN;52|53
A8AA18B4;1;QSF;Tres Cruces;MAIN;41|49|51|53
A8A85A51;1;QSF;Fenelon;MAIN;101
A8A85A51;2;AUR;Fenelon;MAIN;101
A99881E7;1;QCC;Cariboo Gold Project;MAIN;107
A99881E7;2;EXT;Cariboo Gold Project;MAIN;108
A99881E7;3;SHV;Cariboo Gold Project;MAIN;108|112
A9B960E7;1;MUL;Serra Alta;MAIN;89|90|93
A9B960E7;2;QSF;Serra Alta;MAIN;89|93
AA2DF1BA;1;QCC;Borborema;MAIN;87
AAA822C0;1;QSF;Kiniero;MAIN;45
AAA822C0;2;SHV;Kiniero;MAIN;45
AAC7B60B;1;QSF;Anoki;MAIN;20
AAEDC527;1;QCC;Salerno Zone;MAIN;20|22
AB663345;1;QSF;Haile;MAIN;45
AB805834;1;QSF;Sugar Zone;MAIN;14|16
AB8E030E;1;QSF;Dead Mouse grid;MAIN;12|13|14
AB8E030E;2;MUL;Sous-Marin grid;MAIN;13|15
AB7CE6D2;1;QSF;Cuiú Cuiú;MAIN;50
AB7CE6D2;2;QCC;Cuiú Cuiú;MAIN;50|63
ABB43E78;1;QCC;Inata;MAIN;62
ABB43E78;2;QFV;Inata;MAIN;62
AB9F47AF;1;QCC;Obuasi Gold Project;MAIN;43|44
ABE25893;1;QAD;Jabali;MAIN;26|27|28
ABB86238;1;QSF;Nixon Fork;MAIN;48|49
ABE56CFC;1;QSF;Otjikoto gold deposit;MAIN;19|21
ABDD77E6;1;QCC;Larder Lake Property;MAIN;37
ABF2E182;1;QSF;Main Zone;MAIN;40
AC02949D;1;QSF;Enterprise;MAIN;84
AC02949D;2;SHV;Enterprise;MAIN;84
AC00A43A;1;QCC;Magino mine;MAIN;46|49
AC00A43A;2;QTU;Magino mine;MAIN;51
AC3D4582;1;QCC;Zone F17;MAIN;35
AC3D4582;2;QCC;Zone F51;MAIN;35
AC490391;1;QCC;Hasenfuss Gold Zone;MAIN;42
AC917C42;1;QSF;Starlight;MAIN;70
ACB24D44;1;QCC;Marban;MAIN;69
ACB8940A;1;QSF;Island Gold;MAIN;27
ACB8940A;2;AUR;Island Gold;MAIN;27
ACB8940A;3;QCC;Island Gold;MAIN;27
ACFE6332;1;QSF;Last Hope Deposit;MAIN;27
ACC7C364;1;QCC;Kimoukro Project;MAIN;49|51
ACC7C364;2;SHV;Kimoukro Project;MAIN;64
AD2CE3B1;1;SHV;Kobada;MAIN;32|33
AD2CE3B1;2;EXT;Kobada;MAIN;32|33
AD2CE3B1;3;QCC;Kobada;MAIN;34|35
ADC33B96;1;QSF;Pitt Gold;MAIN;45
ADA8A633;1;QCC;Rory's Knoll;MAIN;60|61|69
ADBC9C6C;1;QCC;Fornieri Bay;MAIN;18
ADBC9C6C;2;EXT;Fornieri Bay;MAIN;18
AE0BFC85;1;QSF;Discovery Zone;MAIN;71|74
AE0BFC85;2;SHV;Discovery Zone;MAIN;73
AE3059BE;1;QCC;Granada;MAIN;68|77
AE5E32AD;1;QCC;Kensington;MAIN;44|47
AE86B644;1;QSF;Buckreef;MAIN;27
AE6C2453;1;QCC;Bombore Gold Project;MAIN;82|87
AEC48455;1;AUR;M2 trend;MAIN;48|54
AEBA6A8C;1;QCC;Golden Highway Project;MAIN;49|50
AEBA6A8C;2;QFV;Golden Highway Project;MAIN;50
AEBA6A8C;3;EXT;Golden Highway Project;MAIN;50
AEBA6A8C;4;SHV;Golden Highway Project;MAIN;50
AF0C2B30;1;QCC;Eleonore;MAIN;51
AF0C2B30;2;QSF;Eleonore;MAIN;51|70
AF0C2B30;3;SHV;Eleonore;MAIN;53
AEF2B8AA;1;QCC;Tower Gold Project;MAIN;60|62|63|64|65|68|70
AEF2B8AA;2;EXT;Tower Gold Project;MAIN;62|63|64|69|70
AF2B8C9B;1;SHV;Puffy Lake;MAIN;66
AF2B8C9B;2;QSF;Puffy Lake;MAIN;59
AF362E82;1;QCC;Marban;MAIN;69
AF30E6EF;1;QCC;325-Megane Zone;MAIN;85
AF8C01B6;1;QSF;Paiol;MAIN;60
AF8C3415;1;QSF;G1N;MAIN;25
AFB48894;1;AUR;Sissingue;MAIN;39
AFB48894;2;QCC;Sissingue;MAIN;39
AFD8D6E4;1;QCC;Duport deposit;MAIN;55|56
AFD1AEE8;1;QSF;Bomboré;MAIN;68|71
AFD1AEE8;2;QCC;Bomboré;MAIN;68|71
B0445BA1;1;QSF;Ludevelo Prospect;MAIN;17
B0461EAC;1;QSF;Elder;MAIN;26
B0461EAC;2;QFV;Elder;MAIN;27
B0727ABA;1;QSF;Nabanga;MAIN;44
B0448DDE;1;EXT;Parbec;MAIN;29
B0448DDE;2;AUR;Parbec;MAIN;32|33
B057C26D;1;QSF;Karankasso Deposits;MAIN;24|26|27
B0A1C299;1;QSF;Côté;MAIN;107
B0A1C299;2;QCC;Côté;MAIN;112
B0B1AC4F;1;QSF;Chimo Mine;MAIN;39|40
B0B1AC4F;2;QCC;Chimo Mine;MAIN;44
B0A54871;1;QCC;Goose Site;MAIN;73|74
B0E768ED;1;QCC;EMZ deposit;MAIN;54|60|65
B0E768ED;2;SHV;EMZ deposit;MAIN;58|65
B0E768ED;3;EXT;EMZ deposit;MAIN;58|65|66
B0E768ED;4;QSF;EMZ deposit;MAIN;60
B0FA67DF;1;SHV;Beaver Dam;MAIN;25
B0FA67DF;2;QSF;Beaver Dam;MAIN;26
B0FA67DF;3;EXT;Beaver Dam;MAIN;26
B10AFF42;1;AUR;Hansen Showing;MAIN;39|41|43
B109A2AD;1;QCC;Surselva;MAIN;42
B109A2AD;2;QSF;Surselva;MAIN;42|52
B120C61F;1;MUL;Pilar;MAIN;88
B14BD2DA;1;EXT;Coringa;MAIN;65
B14BD2DA;2;FLT;Coringa;MAIN;65
B14BD2DA;3;SHV;Coringa;MAIN;65
B14BD2DA;4;QSF;Coringa;MAIN;69
B167925F;1;QSF;Côté;MAIN;110
B1A42887;1;QCC;Fosterville;MAIN;37|40
B1A42887;2;SHV;Fosterville;MAIN;37|44
B1A42887;3;EXT;Fosterville;MAIN;42|51
B1CFD5EC;1;QSF;Buffalo Reef;MAIN;25|26
B1CFD5EC;2;QCC;Buffalo Reef;MAIN;24
B1CFD5EC;3;SHV;Buffalo Reef;MAIN;25|26
B1F14489;1;QSF;Berezitovy;MAIN;49|52
B23BB8C3;1;QSF;Twangiza Main;MAIN;31|32
B21D23C3;1;QSF;Pepas;MAIN;101
B2779983;1;QAD;Mesquite Mine;MAIN;56
B2779983;2;QCC;Mesquite Mine;MAIN;56
B27CAB04;1;QCC;New Britannia Mine;MAIN;64
B2D7C395;1;QSF;São Jorge;MAIN;30|34
B28457DE;1;QCC;Beattie-Donchester;MAIN;21|22
B28457DE;2;MUL;Beattie-Donchester;MAIN;23
B2EBD0B7;1;QCC;Zone Ouest;MAIN;25|26
B284AA97;1;SBV;Pan;MAIN;52|57|58
B284AA97;2;AUR;Pan;MAIN;50
B334D4CC;1;SKV;Wallaby;MAIN;37
B334D4CC;2;CAV;Wallaby;MAIN;37
B334D4CC;3;SHV;Wallaby;MAIN;37
B334D4CC;5;EXT;Wallaby;MAIN;37
B334D4CC;6;QCC;Wallaby;MAIN;38
B34DF577;1;QCC;Lamarche prospect;MAIN;61
B34DF577;2;QSF;Lamarche prospect;MAIN;66
B34716A2;1;AUR;Tucano;MAIN;65|67
B36B1AFC;1;QCC;Yellowjacket Zone;MAIN;23|27|28|33
B3B71F20;1;QFV;Barry deposit;MAIN;75|81
B3B71F20;2;QCC;Barry deposit;MAIN;75
B3B71F20;3;EXT;Barry deposit;MAIN;75
B40E15DD;1;QSF;Sugar Zone;MAIN;65
B4469060;1;AUR;Roça Grande;MAIN;62
B47C5F48;1;QCC;Miminiska Property;MAIN;54|57
B4E144C0;1;QCC;Packsack-CUPP Vein System;MAIN;61
B4E144C0;2;QSF;Packsack-CUPP Vein System;MAIN;59|61|62
B4E36595;1;SHV;Butiá Prospect;MAIN;62|63
B512043C;1;QCC;Bellechasse-Timmins;MAIN;48|52|54|56
B5311437;1;AUR;Three Bluffs;MAIN;44|45
B5761C32;1;QCC;Cow Mountain;MAIN;28
B597DBA0;1;QCC;KCD Trend;MAIN;75
B597DBA0;2;QSF;KCD Trend;MAIN;63
B5C13869;1;QSF;Karenda-Murehe;MAIN;21|25|26
B59C8CDE;1;QCC;Galat Sufar South (GSS);MAIN;59
B6331EBD;1;QSF;São Jorge;MAIN;50|52
B6331EBD;2;QCC;São Jorge;MAIN;50
B645E047;1;MUL;Galat Sufar South;MAIN;39
B6AE081D;1;QCC;Nivré;MAIN;73|74
B71D484D;1;QSF;Sleeping Giant Mine;MAIN;16
B72958B4;1;QSF;Blackjack Zone;MAIN;37|41
B6C15F1E;1;QSF;Hasaga Property;MAIN;42|44
B6C15F1E;2;QCC;Hasaga Property;MAIN;47
B6C15F1E;3;QTU;Hasaga Property;MAIN;44
B74230FB;1;AUR;Fayunkuang;MAIN;17|18
B737EAFE;1;QCC;Fenelon deposit;MAIN;76
B737EAFE;2;QSF;Fenelon deposit;MAIN;84|85
B79F4D5C;1;AUR;Songjiagou;MAIN;8|55|59
B7C3BB3E;1;QSF;Ikkari;MAIN;35
B7C3BB3E;2;QCC;Ikkari;MAIN;40
B8954892;1;SBV;Ladolam Deposit;MAIN;29
B8DAFEB7;1;QSF;Baomahun;MAIN;20
B82BC835;1;SHV;Brewery Creek Project;MAIN;64|66|69
B82BC835;2;QSF;Brewery Creek Project;MAIN;62|66|69|70
B82BC835;3;QCC;Brewery Creek Project;MAIN;69
B8FDCDBB;1;AUR;Kiaka Main Zone (KMZ);MAIN;21|25
B90C9139;1;QCC;Garrcon Deposit;MAIN;62|63
B9360098;1;QSF;Maria Bonita;MAIN;33|39
B9360098;2;QFV;Maria Bonita;MAIN;33
B97AE5D3;1;QSF;Haputilik shear zone;MAIN;25|31
B97AE5D3;2;QCC;Haputilik shear zone;MAIN;24
B9E51129;1;QCC;Thunder Creek;MAIN;36|48|50|52
B9E51129;2;QSF;Thunder Creek;MAIN;48
B9E74A56;1;QSF;Kunche;MAIN;55
BA07D9A3;1;QSF;Tartan Lake Gold Deposit;MAIN;53|55
BA07D9A3;2;QCC;Tartan Lake Gold Deposit;MAIN;53|56
BA25F17F;1;QSF;Island Gold Mine;MAIN;42
BA25F17F;2;SHV;Island Gold Mine;MAIN;42
BA25F17F;3;QCC;Island Gold Mine;MAIN;42
BA25F17F;4;EXT;Island Gold Mine;MAIN;42
BA3EA4BF;1;QSF;Turmalina deposit;MAIN;76
BA699B5E;1;QSF;Edikan Gold Deposits;MAIN;54|56|57
BA699B5E;2;QCC;Edikan Gold Deposits;MAIN;56
BA699B5E;3;SHV;Nkosuo;MAIN;59
BA78CC5C;1;AUR;Machado Project;MAIN;34|35
BAF925F5;1;AUR;Yup River;MAIN;13
BAE54749;1;SHV;Seabee;MAIN;31
BB20E870;1;QSF;Bibiani;MAIN;31
BB07643E;1;QSF;Az Zone;MAIN;50
BB07643E;2;QCC;Az Zone;MAIN;50
BB0A1FDB;1;QSF;Blanket Mine;MAIN;44
BB61CF6C;1;QSF;Buckreef Prospect;MAIN;42
BB54CCFF;1;QSF;Pilar;MAIN;88
BB54CCFF;2;EXT;Pilar;MAIN;88
BBD4160D;1;QCC;Esaase Project;MAIN;37
BBD4160D;2;QSF;Esaase Project;MAIN;37
BB800A73;1;QSF;Mazoa Hill;MAIN;40
BC6B4EAF;1;AUR;Cléopâtre showing;MAIN;13
BBF7A9A5;1;QCC;Mankarga 5;MAIN;42
BC8D1F34;1;QCC;5 Zone;MAIN;55|56
BC91902F;1;QSF;São Francisco;MAIN;41|42
BCB7A348;1;AUR;Yup River Area;MAIN;11|13
BCDBB437;1;QSF;New Liberty;MAIN;8|37
BCF11E6D;1;QCC;Bombore;MAIN;63|68
BD1E509D;1;QCC;Granada;MAIN;46
BD57FDE1;1;QCC;Hammond Reef;MAIN;11|41|44
BD65CEC3;1;QSF;Nyamakwenge;MAIN;65|99|103
BD8653CE;1;QSF;Ollachea;MAIN;54
BDB6688C;1;QSF;Fair Bride;MAIN;13|37
BD9051AE;1;QFV;Antenna;MAIN;59|72
BDCCD1E2;1;SHV;LP Zone;MAIN;91|96|99
BDB99643;1;QCC;Magino;MAIN;55|58
BDB99643;2;QTU;Magino;MAIN;61
BDE46F76;1;QAD;Midway;MAIN;28|33
BDE3CFA2;1;QCC;Goldboro Deposit;MAIN;14|59
BDDB9C5A;1;QCC;Appleton Fault Zone Mineralized Envelope;MAIN;79
BDDB9C5A;2;MUL;Appleton Fault Zone Mineralized Envelope;MAIN;79
BE5D51CB;1;QCC;Namdini;MAIN;18
BF549C0A;1;QSF;Piment Zone;MAIN;52|53
BF549C0A;2;QCC;Piment Zone;MAIN;56
BE698931;1;QCC;Central Deposit;MAIN;102
BE698931;2;QSF;Central Deposit;MAIN;102
BF8AF30F;1;MUL;North Bullion;MAIN;72
BFC3FB35;1;QTU;San Francisco;MAIN;75
BFC3FB35;2;QFV;San Francisco;MAIN;71
BFCD3766;1;QSF;Ludevelo;MAIN;14|17
BFCB44FB;1;QSF;Siwash North;MAIN;32|34
C0363DD0;1;QCC;Fenn-Gib Deposit;MAIN;77
C0739ED0;1;AUR;Boyd's Dam;MAIN;49|51
C0739ED0;2;SHV;Boyd's Dam;MAIN;50
C0739ED0;3;EXT;Boyd's Dam;MAIN;50
C0BF2AE2;1;QCC;Bishop's Break;MAIN;21
C0C0F83C;1;QCC;Buckreef Deposit;MAIN;92
C0C0F83C;2;AUR;Buckreef Deposit;MAIN;74|90
C11F39B2;1;QCC;New Alger;MAIN;40
C0D2D3EE;1;QSF;Sidikila;MAIN;46|47
C16CE521;1;SHV;Kiena Deep A Zone;MAIN;101
C16CE521;2;QCC;Kiena Deep A Zone;MAIN;101
C1BB00D4;1;AUR;LP Fault Zone;MAIN;41
C1CCE8F2;1;QSF;Sugar Zone;MAIN;34
C1CCE8F2;2;SHV;Sugar Zone;MAIN;34|36|40
C1AF351F;1;QCC;Dolphin;MAIN;33|47
C1AF351F;2;QSF;Dolphin;MAIN;35|36
C1AF351F;3;SHV;Dolphin;MAIN;39
C1ED958B;1;AUR;New Liberty;MAIN;121
C240D3FA;1;QSF;Janet Ivy Porphyry;MAIN;30
C215F9C2;1;QSF;CSH217;MAIN;39|40|42
C1F18075;1;QCC;Timmins Gold Project Deposit;MAIN;14|18
C20B6EBF;1;QSF;San Francisco;MAIN;61|65
C2737FEA;1;AUR;Peters mine;MAIN;50|51
C2853B2A;1;QTU;Malartic West;MAIN;30
C2ADB7A0;1;QCC;Lipton Gold Zones;MAIN;22
C2CBF098;1;QCC;Hardrock deposit;MAIN;100|101|103|120|121
C2F224F2;1;EXT;Island Gold Deposit;MAIN;48
C2F224F2;2;SHV;Island Gold Deposit;MAIN;48
C2F224F2;3;QTU;Island Gold Deposit;MAIN;48
C2F224F2;4;QCC;Island Gold Deposit;MAIN;48
C3431E1B;1;SHV;Magdala;MAIN;39|41|48
C3431E1B;2;EXT;Magdala;MAIN;39|41|42
C3431E1B;3;QSF;Magdala;MAIN;39|41
C3431E1B;4;QCC;Magdala;MAIN;47
C3A20AC5;1;QCC;Monument Bay;MAIN;25|28|33
C3A6371F;1;QTU;Buffalo-Ankerite;MAIN;24
C3B278EC;1;QCC;Hicks;MAIN;79
C3D8742E;1;QSF;Jubilee Deposit;MAIN;74
C3D8742E;2;QCC;Jubilee Deposit;MAIN;78
C3D8742E;3;SHV;Jubilee Deposit;MAIN;78
C3D8742E;4;EXT;Jubilee Deposit;MAIN;79|82
C3D8742E;5;QTU;Jubilee Deposit;MAIN;79|82
C4423E04;1;QCC;Long Canyon;MAIN;63
C4423E04;2;CAV;Long Canyon;MAIN;63
C40FA5C9;1;QCC;Dolphin;MAIN;49
C40FA5C9;2;QSF;Dolphin;MAIN;51
C48C1D1F;1;QSF;Bibra;MAIN;39
C48C1D1F;2;QCC;Bibra;MAIN;39
C4F27B1D;1;QSF;Democrat;MAIN;38|44|50
C4FB6F35;1;QSF;Buster Zone;MAIN;27
C4F75258;1;QCC;Bombore gold deposit;MAIN;69
C4F75258;2;SHV;Bombore gold deposit;MAIN;64
C515FA0D;1;AUR;Mougnina Project;MAIN;26|27
C553E382;1;QSF;Paddy's Flat;MAIN;88|99|102|103
C553E382;2;FLT;Paddy's Flat;MAIN;88|100|101|102
C57DC080;1;QSF;Skvoznoy;MAIN;28|33
C57DC080;2;QCC;Skvoznoy;MAIN;28
C57DC080;3;EXT;Skvoznoy;MAIN;33
C5A13681;1;QCC;Beaufor Mine;MAIN;69|72|75
C5A13681;2;QSF;Beaufor Mine;MAIN;69
C5B70A38;1;QCC;Hump Vein;MAIN;20
C61AC28A;1;QCC;Kone;MAIN;25
C5EF24DD;1;QSF;Volta Grande Project;MAIN;77|78
C5EF24DD;2;QCC;Volta Grande Project;MAIN;75
C5F091DE;1;SHV;Komahun;MAIN;16
C5FC035D;1;QCC;Fazenda;MAIN;55
C6EFD2B3;1;QCC;Garrcon Deposit;MAIN;93
C69A15A2;1;QSF;Box;MAIN;56|57
C698C158;1;QCC;Lac Herbin;MAIN;23|25|155
C628DB78;1;EXT;Jacobina;MAIN;47|51
C628DB78;2;AUR;Jacobina;MAIN;51
C72312B6;1;AUR;Hirsikangas;MAIN;27|28
C77B79FA;1;QTU;Lac Herbin;MAIN;25|27|28
C7BF4D7A;1;QSF;Colomac Main;MAIN;108
C7BF4D7A;2;SHV;Colomac Main;MAIN;108
C7BF4D7A;3;EXT;Colomac Main;MAIN;108|145
C7BF4D7A;4;FLT;Colomac Main;MAIN;145
C7BF4D7A;5;QCC;Colomac Main;MAIN;145
C7F84FF8;1;QSF;Bell Creek Complex;MAIN;33
C7F84FF8;2;SHV;Bell Creek Complex;MAIN;33
C7F84FF8;3;EXT;Bell Creek Complex;MAIN;28|33
C7F84FF8;4;QCC;Bell Creek Complex;MAIN;29
C81E3145;1;QCC;Kerboulé;MAIN;32|33
C8A4E7EC;1;QCC;East-West Zones;MAIN;27|28|29
C911F441;1;QCC;Flordin deposit;MAIN;30|33|34
C990DF67;1;QSF;Gramalote;MAIN;38
C92602D0;2;AUR;New Liberty;MAIN;34|36
C9AC7B54;1;QSF;Björkdal;MAIN;46|47
C9AC7B54;2;MUL;Björkdal;MAIN;47
C9F2FBCF;1;QCC;Kalsaka Hill;MAIN;22
C9E06435;1;QSF;Valentine Gold Project;MAIN;99|118
C9E06435;2;EXT;Valentine Gold Project;MAIN;99|100|101|118
C9E06435;3;SHV;Valentine Gold Project;MAIN;99|100|101|118
C9E06435;4;QCC;Valentine Gold Project;MAIN;102
C9E215E5;1;QCC;O'Brien Project;MAIN;48
CA35DFE5;1;QSF;Orenada Zones 2 and 4;MAIN;70|72
CA35DFE5;2;FLT;Orenada Zones 2 and 4;MAIN;70|73
CA78E21C;1;QCC;Aarnivalkea;MAIN;38
CA78E21C;2;MUL;Aarnivalkea;MAIN;37
CA7AA11B;1;QCC;Eureka;MAIN;17
CA8EC060;1;QSF;Twin Hills;MAIN;54
CA66A9C6;1;QAD;North Stock;MAIN;46|52
CA66A9C6;2;MUL;North Stock;MAIN;53
CAD87282;1;QSF;Kinyambwiga;MAIN;31|43
CB92F51F;1;SHV;True North;MAIN;52
CB92F51F;2;EXT;True North;MAIN;52
CAE1178D;1;QCC;Kerr-Addison deposit;MAIN;69
CAE1178D;2;QSF;Kerr-Addison deposit;MAIN;70
CAE1178D;3;MUL;Kerr-Addison deposit;MAIN;69
CAE1178D;4;SKV;Kerr-Addison deposit;MAIN;71
CB3D8DD3;1;SHV;Sugar Zone;MAIN;59
CB3D8DD3;2;QSF;Sugar Zone;MAIN;59
CBB4692B;1;QCC;Tachamek;MAIN;40
CBC22B53;1;QCC;Solomon's Pillars;MAIN;21
CBBEF9F4;1;QSF;Sleeping Giant Mine;MAIN;17
CC915B90;1;QSF;Coffee deposits;MAIN;55
CC915B90;2;QCC;Coffee deposits;MAIN;55
CCAEFFBA;1;QCC;Koka;MAIN;35
CCAEFFBA;2;QSF;Koka;MAIN;37
CD16102D;1;QSF;La Pointe / La Pointe Extension;MAIN;36|37
CD26F728;1;QSF;Puffy Lake Deposit;MAIN;49|53|54
CD26F728;2;SUV;Puffy Lake Deposit;MAIN;54
CD570B87;1;AUR;Mineral Ridge;MAIN;62|63
CDA590EA;1;QSF;Goldlund;MAIN;44|47
CD7EC930;1;QCC;Main Zone;MAIN;32
CD7EC930;2;QTU;Main Zone;MAIN;33
CD8A2D36;1;EXT;Island Mountain;MAIN;129|137|138
CD8A2D36;2;SHV;Island Mountain;MAIN;126|129
CD8A2D36;3;FLT;Island Mountain;MAIN;129|138
CDBA83AE;1;SHV;Monique Gold Trend;MAIN;67
CDBA83AE;2;EXT;Monique Gold Trend;MAIN;67
CDBA83AE;3;QFV;Monique Gold Trend;MAIN;67
CE1FC5A0;1;QSF;Sickle;MAIN;48|97
CE412BAB;1;QSF;PL Deposit;MAIN;63|66|67|71
CE412BAB;2;SUV;PL Deposit;MAIN;67
CE5CDB4D;1;QSF;Gramalote Ridge;MAIN;31
CE5CDB4D;2;QCC;Gramalote Ridge;MAIN;28|31
CE9ACC7E;1;QSF;Egerton-MacLean Area;MAIN;54
CE9ACC7E;2;QCC;Egerton-MacLean Area;MAIN;55
CE68C2B3;1;QSF;Volta Grande;MAIN;73|74
CE9116AC;1;EXT;Augmitto;MAIN;56
CE9116AC;2;QSF;Augmitto;MAIN;58
CE9116AC;3;AUR;Augmitto;MAIN;58
CEA758A5;1;AUR;Salave;MAIN;52
CEA758A5;2;QCC;Salave;MAIN;54|59
CF3A5002;1;AUR;Pan;MAIN;52
CF3A5002;2;SBV;Pan;MAIN;53
CF158E4D;1;QCC;Hardrock;MAIN;100|103|120|123
CF1EADF4;1;QCC;Black Pine;MAIN;64
CF1EADF4;2;MUL;Black Pine;MAIN;64
CEBC60EF;1;QTU;Sigma-Lamaque;MAIN;101|104|105|107|117
CEBC60EF;2;SHV;Sigma-Lamaque;MAIN;104|107
CEBC60EF;3;EXT;Sigma-Lamaque;MAIN;104|108|109
CEBC60EF;4;FLT;Sigma-Lamaque;MAIN;104
CF8E26D1;1;QAD;Mesquite;MAIN;47
CFB4B1ED;1;QSF;Marathon Gold Deposit;MAIN;66|67
CFC06040;1;QSF;Daling Prospect;MAIN;21|22|23
CFE63D30;1;AUR;Bonikro;MAIN;41|43
CFC97564;1;QSF;Volta Grande;MAIN;33|34
CFC97564;2;QCC;Volta Grande;MAIN;32
D01DBB01;1;QCC;New Beliveau;MAIN;82|86|88
D01DBB01;2;EXT;New Beliveau;MAIN;87
D01DBB01;3;SHV;New Beliveau;MAIN;87
D03502D8;1;QCC;Fenn-Gib Deposit;MAIN;48
D03FA90B;1;QCC;Agbaou;MAIN;37
D03FA90B;2;QSF;Agbaou;MAIN;37
D07DE927;1;QCC;Amaruq;MAIN;67|68
D09B7FF2;1;QSF;Lunch Pond South Extension;MAIN;37
D0A8A5F3;1;QSF;Twangiza Main;MAIN;45|46
D1310779;1;QSF;Minapampa;MAIN;48
D10D204F;1;QSF;Paiol;MAIN;74
D10D204F;2;QCC;Paiol;MAIN;75
D1733401;1;QCC;Diakha;MAIN;44
D1733401;2;CAV;Diakha;MAIN;44
D1733401;3;QTU;Diakha;MAIN;44
D180F7DA;1;AUR;West Branch;MAIN;57
D180F7DA;2;QTU;West Branch;MAIN;57
D180F7DA;3;QSF;West Branch;MAIN;57
D180F7DA;4;QCC;West Branch;MAIN;58
D1DED693;1;QCC;Eastern Extension;MAIN;24|32
D1C7DCAE;1;QCC;Cosmo;MAIN;73|76
D200A2DF;1;QCC;Kibali-Durba-Karagba Trend;MAIN;59
D200A2DF;2;QSF;Kibali-Durba-Karagba Trend;MAIN;51
D229183F;1;QSF;Corcoesto;MAIN;43|49
D202B950;1;QCC;Tin Cup zone;MAIN;29
D213D0EA;1;QCC;Duparquet deposit;MAIN;79|86
D245FB2F;1;QCC;Alexander Mine;MAIN;33
D248E3F0;1;QCC;325-Megane Zone;MAIN;99|100
D248E3F0;2;QSF;325-Megane Zone;MAIN;88|93
D248DF2B;1;QSF;Volta Grande;MAIN;37|38
D25C0E75;1;QCC;Diba;MAIN;70|71
D281449C;1;SHV;Luhwaika;MAIN;63
D281449C;2;EXT;Luhwaika;MAIN;63
D2BA22F7;1;QCC;South West;MAIN;62
D2C39319;1;QCC;Ronguen gold deposit;MAIN;35|36
D2C39319;2;SHV;Ronguen gold deposit;MAIN;35
D2C39319;3;EXT;Ronguen gold deposit;MAIN;36
D38C5804;1;QTU;Eau Claire;MAIN;65|66
D38C5804;2;MUL;Eau Claire;MAIN;67
D3E94EA4;1;QSF;F2 Gold System;MAIN;29|30
D3BD1C31;1;QSF;ACMA-Lewis;MAIN;65|72|73
D3BD1C31;2;QCC;ACMA-Lewis;MAIN;65|66|72|73
824A53D2;1;QCC;No. 4 Plug;MAIN;49
824A53D2;2;EXT;No. 4 Plug;MAIN;36
824A53D2;3;SHV;No. 4 Plug;MAIN;36
485334B3;1;AUR;Perron;MAIN;15
76AE6E21;1;AUR;Solona;MAIN;48|49
50EA2105;1;AUR;BM Property;MAIN;16|19
4CF7B3C4;1;QCC;Tower Gold Project;MAIN;104|106|109|113
860C3667;1;QSF;Gounkoto;MAIN;39
860C3667;2;QCC;Gounkoto;MAIN;39
524A25F5;1;QSF;Montagne d'Or;MAIN;41|43
524A25F5;2;QCC;Montagne d'Or;MAIN;43
7FA769BE;1;QCC;Jean Gobele;MAIN;13|19
7C84371F;1;SHV;Piaba;MAIN;69
7C84371F;2;EXT;Piaba;MAIN;69
809339BA;1;QCC;Juby Zone;MAIN;49
809339BA;2;QSF;Juby Zone;MAIN;49
809339BA;3;EXT;Juby Zone;MAIN;54
80BE5D2B;1;QSF;Valentine Lake Deposits;MAIN;58
80BE5D2B;2;EXT;Valentine Lake Deposits;MAIN;65
80BE5D2B;3;FLT;Valentine Lake Deposits;MAIN;65
4F7B85A8;1;QSF;Spring Valley;MAIN;58|60|61
7EEAF943;1;SHV;Piaba;MAIN;58
7EEAF943;2;EXT;Piaba;MAIN;50|58
7EEAF943;3;MUL;Piaba;MAIN;58
6405EAA9;1;QSF;Friday Zone;MAIN;14|15
7E9A60AF;1;QSF;Mineral Ridge;MAIN;3|51|52|58
4ABEB133;1;QCC;Tabakoto Deposit;MAIN;73
7D6F399F;1;SHV;Holloway-Holt Project;MAIN;65
7D6F399F;2;EXT;Holloway-Holt Project;MAIN;58|64
7246F25E;1;QCC;Kunsu;MAIN;43|45
8574DCE9;1;AUR;Madsen Deposit;MAIN;90|102
8574DCE9;2;SKV;Madsen Deposit;MAIN;90|92
7A0689E5;1;QSF;Ity Gold Mine;MAIN;54|63
5457D9C0;1;QCC;Cuiú Cuiú;MAIN;62
5457D9C0;2;QSF;Cuiú Cuiú;MAIN;49
8AA26423;1;QSF;Valley;MAIN;72
5D6EA3D4;1;QSF;Orenada Zone 4;MAIN;21
5D6EA3D4;2;QCC;Orenada Zone 4;MAIN;21
5D6EA3D4;3;MUL;Orenada Zone 4;MAIN;22
56560B53;1;QSF;Noseno;MAIN;35
56560B53;2;SHV;Noseno;MAIN;34|35
56560B53;3;MUL;Noseno;MAIN;34
68961915;1;QSF;Bigar Hill;MAIN;77
65C913B8;1;QSF;Radcliff Mine;MAIN;36
43C943BC;1;QSF;Pilar;MAIN;54|57|60|61
691CA9D5;1;MUL;Kumtor;MAIN;57
7D444D82;1;QCC;Frankfield East Deposit;MAIN;50
7D444D82;2;QSF;Frankfield East Deposit;MAIN;51
69D92AD9;1;SKV;Mesquite Mine;MAIN;57
69D92AD9;3;QAD;Mesquite Mine;MAIN;57
69D92AD9;4;CAV;Mesquite Mine;MAIN;57
81F1CA0D;1;QSF;Brewery Creek Project;MAIN;66|68|69
81F1CA0D;2;QCC;Brewery Creek Project;MAIN;68
81F1CA0D;3;SHV;Brewery Creek Project;MAIN;63|64|66|67|68
488CB3E5;1;AUR;Cheechoo B-West;MAIN;64|65
44B2CDE0;1;QCC;Goldboro;MAIN;100|105
60AC8A90;1;CAV;West Pequop;MAIN;38|40
71519F7B;1;AUR;White Foil;MAIN;27|31
8C4B1AEA;1;SHV;São Francisco Mine;MAIN;34|35
8C4B1AEA;2;AUR;São Francisco Mine;MAIN;34|35
675A8CD2;1;AUR;Boyer Lake;MAIN;19|21
8094542A;1;QCC;Queensway;MAIN;72|75|79|85
50C9D795;1;QCC;Frankfield Deposit;MAIN;26
50C9D795;2;QSF;Frankfield Deposit;MAIN;27
8370D55A;1;QCC;O'Brien Project;MAIN;78
7514C5D7;1;QSF;Powerline;MAIN;85|87
7514C5D7;2;PMV;Powerline;MAIN;87
45129AC2;1;QSF;Doris Deposit;MAIN;90
73BB641B;1;QCC;Piment Zone;MAIN;38|39
86F5DCCA;1;QFV;Canadian Malartic deposit;MAIN;54
D40A379A;1;QFV;Fazenda Brasileiro;MAIN;46
D4CF8324;1;QSF;Central Zone;MAIN;15
D4CF8324;2;SUV;Central Zone;MAIN;15
D4806B81;1;CAV;Mexican Hat;MAIN;42
D4806B81;2;QSF;Mexican Hat;MAIN;42
D4F918AC;1;QSF;Whirlwind Jack Property;MAIN;21
D4F918AC;2;QFV;Whirlwind Jack Property;MAIN;21
D54E165D;1;QCC;EMZ;MAIN;48|55
D54E165D;2;SHV;EMZ;MAIN;48|62
D54E165D;3;EXT;EMZ;MAIN;48|62
D54E165D;4;QSF;EMZ;MAIN;55
D5FB67AD;1;QCC;KGP Project;MAIN;52|53
D602984C;1;QSF;Elizabeth Gold;MAIN;56
D60E5A09;1;QSF;Twangiza;MAIN;43
D64CDE97;1;AUR;Taparko;MAIN;42|44
D67719DD;1;QSF;Island Gold;MAIN;38
D67719DD;2;AUR;Island Gold;MAIN;34|38
D67719DD;3;QCC;Island Gold;MAIN;34|38
D67719DD;4;QTU;Island Gold;MAIN;42
D69A69BB;1;QSF;Farabakoura;MAIN;40|42|46|52
D6B0A632;1;QSF;Buckreef Prospect;MAIN;43
D6B0A632;2;MUL;Buckreef Prospect;MAIN;43
D7506DA8;1;QCC;Central;MAIN;100|113
D7506DA8;2;QSF;Central;MAIN;100
D7AC088D;1;QCC;Main Zone;MAIN;9|17
D7AC8406;1;QSF;55 Zone;MAIN;47|49
D7AC8406;2;QCC;55 Zone;MAIN;47
D7AC8406;3;QFV;55 Zone;MAIN;47
D7C25EB0;1;QSF;Surluga Deposit;MAIN;102|103
D7C25EB0;2;QTU;Surluga Deposit;MAIN;103
D7CF2CD9;1;QSF;Cerro de Oro;MAIN;68
D7E7A302;1;QSF;Dachang Main Zone (DMZ);MAIN;40
D7E7A302;2;QCC;Dachang Main Zone (DMZ);MAIN;45
D854EE8F;1;QCC;Goldboro;MAIN;111
D85EB4BF;1;QCC;Chimo Mine;MAIN;49|52
D835C902;1;QCC;Kiena Mine;MAIN;131|140
D835C902;2;SHV;Kiena Mine;MAIN;131|140|157
D835C902;3;QTU;Kiena Mine;MAIN;131|157
D835C902;4;EXT;Kiena Mine;MAIN;142|157
D8661928;1;QSF;Lunch Pond South Extension;MAIN;37
D87093B7;1;AUR;Riacho dos Machados;MAIN;49
D87093B7;2;QTU;Riacho dos Machados;MAIN;49
D8AC936D;1;QSF;Bilboes;MAIN;63|65
D902558E;1;AUR;Gruyere;MAIN;32
D902558E;2;QCC;Gruyere;MAIN;32
D902558E;3;SHV;Gruyere;MAIN;32
D8CED400;1;QSF;West Cache;MAIN;17|108
D8CED400;2;QCC;West Cache;MAIN;98|106
D8B7B091;1;QCC;Bonanza;MAIN;22
D96C6BD7;1;QSF;Neal Vein Zone;MAIN;37
D97FA297;1;QSF;Posse Deposit;MAIN;47|50
D9EF1BAF;1;QSF;Farley Lake deposit;MAIN;23
D9EF1BAF;2;QCC;Farley Lake deposit;MAIN;23
D9C5382E;1;QSF;Massawa;MAIN;73|74
D9C5382E;2;QCC;Massawa;MAIN;76
DA13E52C;1;SHV;Piaba;MAIN;78
DA13E52C;2;EXT;Piaba;MAIN;78
DA39C6FD;1;QCC;Nampala;MAIN;32
DAA5F488;1;EXT;Adelemont;MAIN;29
DAA5F488;2;SHV;Adelemont;MAIN;29
DAA56F2A;1;QSF;Surluga;MAIN;27
DA6A34ED;1;QAD;Smoking Pipe;MAIN;27|33
DB36BE35;1;QCC;Paiol;MAIN;72
DB61F4E9;1;QSF;Macraes;MAIN;60
DB71FEB1;1;SHV;Sabodala;MAIN;55
DB71FEB1;2;QCC;Sabodala;MAIN;55
DB845579;1;SHV;Osbell deposit;MAIN;44
DB845579;2;EXT;Osbell deposit;MAIN;44
DBA782B7;1;SHV;Sabodala;MAIN;50
DBA782B7;2;EXT;Sabodala;MAIN;50
DBC6F8F7;1;QSF;Vickers;MAIN;48|56
DBD344C8;1;FLT;Lookout Mountain;MAIN;48
DBDBEA12;1;QCC;Duquesne Mine;MAIN;49
DBF1243D;1;QCC;Dufferin Property;MAIN;40|45
DBF78A67;1;QSF;Main Discovery Zone;MAIN;36
DBF78A67;2;QCC;Main Discovery Zone;MAIN;36
DC34EA7F;1;AUR;Main Zone;MAIN;33
DC34EA7F;2;QAD;Main Zone;MAIN;33
DC299AC1;1;QSF;Tocantinzinho;MAIN;106
DC299AC1;2;QCC;Tocantinzinho;MAIN;106|107
DCD15115;1;QCC;Bellechasse-Timmins;MAIN;29|35
DCD15115;2;MUL;Bellechasse-Timmins;MAIN;29
DCF1261C;1;QCC;Appleton Fault Zone Mineralized Envelope;MAIN;90|96
DD14C27F;1;QFV;Canadian Malartic;MAIN;77
DD275AB6;1;QCC;Dora;MAIN;45
DD156BE8;1;QSF;Çöpler;MAIN;47
DD156BE8;2;SHV;Çöpler;MAIN;47|49
DD156BE8;3;SBV;Çöpler;MAIN;50
DD156BE8;4;CAV;Çöpler;MAIN;47
DD5658C5;1;QCC;Omai;MAIN;78
DD5658C5;2;QSF;Omai;MAIN;78
DD5658C5;3;EXT;Omai;MAIN;78
DD5658C5;4;SHV;Omai;MAIN;78
DD5658C5;5;MUL;Omai;MAIN;73|77|78
DD864CCE;1;QSF;Bissa Hill;MAIN;41
DD81B988;1;QCC;Serra Grande;MAIN;58|61
DD81B988;2;SHV;Serra Grande;MAIN;59
DD9C2A12;1;EXT;Sabodala;MAIN;51|55
DD9C2A12;2;SHV;Sabodala;MAIN;51|55
DDCB1D4D;1;AUR;Beauce Placer;MAIN;52
DDE332B0;1;QCC;Ceiba II deposit;MAIN;21
DE320208;1;FLT;Bonnefond South Intrusive;MAIN;61|62
DE320208;2;EXT;Bonnefond South Intrusive;MAIN;61
DE320208;3;QCC;Bonnefond South Intrusive;MAIN;59|62
DE37C87E;1;QCC;Discovery;MAIN;25|29|31
DE27B6DA;1;QSF;Holy Terror Gold Project;MAIN;43
DE27B6DA;2;AUR;Holy Terror Gold Project;MAIN;46
DE27B6DA;3;QCC;Holy Terror Gold Project;MAIN;43
DE3E7CC5;1;QCC;Lefa Gold Project;MAIN;52|57
DE3E7CC5;2;SHV;Lefa Gold Project;MAIN;52|57|64
DE3E7CC5;3;QSF;Lefa Gold Project;MAIN;61
DE3E7CC5;4;AUR;Lefa Gold Project;MAIN;61|64
DE3E7CC5;5;MUL;Lefa Gold Project;MAIN;65
DE71AB4D;1;QCC;Adumbi;MAIN;76|105
DE4BC606;1;QSF;Coringa;MAIN;42|56
DE4BC606;2;QCC;Coringa;MAIN;42
DE4BC606;3;EXT;Coringa;MAIN;52
DE4BC606;4;FLT;Coringa;MAIN;52
DE4BC606;5;SHV;Coringa;MAIN;52
DE73E093;1;QCC;Flordin;MAIN;59
DE7D5D7C;1;MUL;Black Fox Mine;MAIN;62
DE7D5D7C;2;SHV;Black Fox Mine;MAIN;62
DE7D5D7C;3;QCC;Black Fox Mine;MAIN;67|68
DEB77CBD;1;QSF;Wapolu;MAIN;27
DED0FE3A;1;QSF;Happy Valley Mine;MAIN;32
DED0FE3A;2;QCC;Happy Valley Mine;MAIN;32
DEC7E039;1;SHV;Scottie Gold Mine;MAIN;29|31|32
DEC7E039;2;QCC;Scottie Gold Mine;MAIN;32|33
DF894344;1;QSF;Caribou;MAIN;30|32
DF58885D;1;QSF;Thor Trend;MAIN;67|68
DF58885D;2;QCC;Thor Trend;MAIN;68
DF7D0B06;1;QSF;Corcoesto;MAIN;32|35|40|41
DF73E986;1;QCC;Lugushwa Project;MAIN;18|21
DF73E986;2;QSF;Lugushwa Project;MAIN;16|18
DF73E986;3;SHV;Lugushwa Project;MAIN;19
DF73E986;4;AUR;Lugushwa Project;MAIN;19
DFAB527F;1;FLT;Prestea;MAIN;43
DFC4DE4E;1;QCC;Pascalis Gold Trend;MAIN;73|77
DFC4DE4E;2;EXT;Pascalis Gold Trend;MAIN;73|77
DFC4DE4E;3;SHV;Pascalis Gold Trend;MAIN;73|77
DFBB3334;1;QCC;Magino mine;MAIN;33|36|39
DFDA0576;1;QCC;Rory's Knoll;MAIN;80
DFDA0576;2;QSF;Rory's Knoll;MAIN;80|90
DFDA0576;3;EXT;Rory's Knoll;MAIN;80|81
E019EE04;1;AUR;Sorowar;MAIN;52
E0673033;1;AUR;Swanson;MAIN;52|55
E0982BE2;1;MUL;Sukari;MAIN;47|49
E0982BE2;2;SHV;Sukari;MAIN;49
E0982BE2;3;EXT;Sukari;MAIN;49
E0E0185A;1;MUL;Pilar;MAIN;62
E0A92E12;1;QCC;Nyamebekyere Zone;MAIN;37
E0C00FAD;1;AUR;Nkran;MAIN;105
E0FC81FB;1;QCC;Magino Mine;MAIN;38
E11ABD21;1;QSF;Main Zone;MAIN;38|39
E11ABD21;2;QCC;Main Zone;MAIN;41
E134EDE7;1;QSF;Golden Gift;MAIN;54|55
E134EDE7;2;SHV;Golden Gift;MAIN;54
E134EDE7;3;EXT;Golden Gift;MAIN;55
E19EA265;1;QCC;McGarry Project;MAIN;28|30
E197597B;1;QSF;Marathon Deposit;MAIN;45
E197597B;2;QCC;Marathon Deposit;MAIN;45
E197597B;3;EXT;Marathon Deposit;MAIN;45|46
E197597B;4;SHV;Marathon Deposit;MAIN;46
E13FC7B9;1;QCC;Clavos;MAIN;35|39|40|41
E13FC7B9;2;QFV;Clavos;MAIN;35
E13FC7B9;3;AUR;Clavos;MAIN;39|41
E1DE0FD8;1;QCC;EMZ;MAIN;48|56
E1DE0FD8;2;SHV;EMZ;MAIN;50|61
E1DE0FD8;3;EXT;EMZ;MAIN;50|61
E1DE0FD8;5;QSF;EMZ;MAIN;56
E201A112;1;AUR;Riacho dos Machados;MAIN;50
E201A112;2;QTU;Riacho dos Machados;MAIN;50
E1E4E38F;1;QSF;Beartrack;MAIN;74|75|76
E1E4E38F;2;SHV;Beartrack;MAIN;76
E20A3737;1;QCC;Yaouré;MAIN;89|91
E20A3737;2;QTU;Yaouré;MAIN;89|91
E2C4B3B2;1;QSF;Turmalina deposit;MAIN;48|50
E27BEE16;1;QCC;New Polaris;MAIN;43|47|49
E27BEE16;2;MUL;New Polaris;MAIN;47
E2C9C2F8;1;AUR;Kofi Project Area;MAIN;22
E33A6659;1;SUV;Fayunkuang;MAIN;20
E34704A5;1;QSF;AurMac;MAIN;62
E34704A5;2;PMV;AurMac;MAIN;62
E34704A5;3;SHV;AurMac;MAIN;63
E2D1E072;1;QAD;Sandman Deposits;MAIN;45|53|54
E2D1E072;2;AUR;Sandman Deposits;MAIN;49
E3870BFB;1;QSF;Wesdome property;MAIN;32
E3870BFB;2;QCC;Wesdome property;MAIN;32
E3833EC8;1;QSF;Tumannoye;MAIN;26|27
E38808FF;1;QSF;Aprelkovo Gold Project;MAIN;50|53
E38808FF;2;AUR;Aprelkovo Gold Project;MAIN;47|50|53
E430E199;1;QSF;Sierra Alta;MAIN;44
E48E1688;1;QSF;B and WD Vein Complex;MAIN;38|39
E476DAA9;1;QCC;C1;MAIN;68
E476DAA9;2;SHV;C1;MAIN;68
E476DAA9;3;FLT;C1;MAIN;68
E476DAA9;4;MUL;C1;MAIN;68
E45E49B2;1;QSF;Segovia Project;MAIN;44|45|52
E4C57CDD;1;QCC;Great Bear;MAIN;59
E4C57CDD;2;AUR;Great Bear;MAIN;61|62
E4C57CDD;3;MUL;Great Bear;MAIN;65
E4E6C189;1;QSF;Las Pepas;MAIN;33
E4E6C189;2;TLD;Las Pepas;MAIN;33
E51EE1AB;1;QAD;San Andres;MAIN;27|29
E51EE1AB;2;QCC;San Andres;MAIN;26|29
E5619F06;1;QSF;Santo Antonio;MAIN;23|24
E5668683;1;QCC;Tiriganiaq;MAIN;49
E5668683;2;SHV;Tiriganiaq;MAIN;49|54
E5668683;3;MUL;Tiriganiaq;MAIN;49
E5668683;4;EXT;Tiriganiaq;MAIN;49
E53974E1;1;QCC;Kittila;MAIN;37|38
E53974E1;2;QSF;Kittila;MAIN;40|41
E5690B86;1;QSF;Pitt Gold;MAIN;29
E5B621B8;1;QCC;Monique;MAIN;88
E56FAD20;1;QSF;Zun-Holba;MAIN;63|65|67|70|72|73
E56FAD20;2;QCC;Zun-Holba;MAIN;75
E60C3006;1;QSF;Young-Davidson;MAIN;37
E60C3006;2;EXT;Young-Davidson;MAIN;37
E63BC6A4;1;QSF;Mandiana Gold Project;MAIN;28
E675A5F4;1;QSF;Tabakoroni;MAIN;28|29
E675A5F4;2;QCC;Tabakoroni;MAIN;28
E672616D;1;QCC;Kiena Mine;MAIN;78|79|80|83|84|85|86
E672616D;2;SHV;Kiena Mine;MAIN;86
E672616D;3;EXT;Kiena Mine;MAIN;87
E6F0BD40;1;AUR;Auclair;MAIN;10
E71454A8;1;QAD;Manhattan Deposit;MAIN;45
E6B4B7AE;1;QSF;Cachoeira;MAIN;67|69|70
E6B4B7AE;2;AUR;Cachoeira;MAIN;67|69
E6B4B7AE;3;EXT;Cachoeira;MAIN;67|69
E6CA62A8;1;QSF;Island Gold Mine;MAIN;36
E6CA62A8;2;AUR;Island Gold Mine;MAIN;31|36
E6CA62A8;3;QCC;Island Gold Mine;MAIN;31|37
E6CA62A8;4;QTU;Island Gold Mine;MAIN;36|37
E7698A6B;1;QSF;Golden Saddle;MAIN;67|68
E7FA0985;1;QSF;Goldboro;MAIN;47
E7FA0985;2;SHV;Goldboro;MAIN;36|46|49
E7FA0985;3;EXT;Goldboro;MAIN;46|49|50
E7FA0985;4;AUR;Goldboro;MAIN;41|46
E8138E0B;1;QSF;Piaba;MAIN;77
E8138E0B;2;QCC;Piaba;MAIN;77
E850B4F1;1;QCC;Aremu-Oko;MAIN;68|76|94|101
E850B4F1;2;QSF;Aremu-Oko;MAIN;72
E8CA9DD2;1;QCC;West Cache;MAIN;90|98
E8CA9DD2;2;QSF;West Cache;MAIN;100
E8CA9DD2;3;QTU;West Cache;MAIN;100
E8EA8E24;1;QCC;Bradshaw Deposit;MAIN;70
E8EA8E24;2;QSF;Bradshaw Deposit;MAIN;70
E92D245C;1;QSF;Sleepy Zone;MAIN;12|13
E998A776;1;QSF;Tankoro;MAIN;69|70|71
E998A776;2;QCC;Tankoro;MAIN;70|71
E998A776;3;SHV;Tankoro;MAIN;71
E998A776;4;EXT;Tankoro;MAIN;71
E93ABCBE;1;AUR;Meadowbank Deposits;MAIN;59|60
E93ABCBE;2;QCC;Meadowbank Deposits;MAIN;61|65
E9948280;1;AUR;Mankouké;MAIN;74|75|81
E99E0023;1;QCC;Suzdal Gold Mine;MAIN;52
E99E0023;2;AUR;Suzdal Gold Mine;MAIN;47
EA0B28B0;1;QCC;Madsen Mine;MAIN;74|76
EA331C93;1;QSF;Kundusuyulskaya;MAIN;40|41
EAA49D4A;1;QCC;Beposo;MAIN;31
EAA49D4A;2;EXT;Beposo;MAIN;31
EA3E93F3;1;QCC;Taurus Deposit;MAIN;28
EA3E93F3;2;QSF;Taurus Deposit;MAIN;28|29
EA9690E0;1;QSF;São Jorge;MAIN;43|46
EA9690E0;2;QCC;São Jorge;MAIN;42
EAC6088E;1;QCC;Uzboy;MAIN;26|27|37|40
EAC6088E;2;QSF;Uzboy;MAIN;35|36
EAC6088E;3;SBV;Uzboy;MAIN;36
EAD060EE;1;QCC;Kaburi;MAIN;21
EAD90A22;1;SHV;Serra Paraíso;MAIN;58|65
EAE5B1DE;1;AUR;Paracatu;MAIN;46
EAF9D86C;1;QSF;Alder Showing;MAIN;31
EAF9D86C;2;SHV;Alder Showing;MAIN;31
EAF9D86C;3;EXT;Alder Showing;MAIN;32
EAE4DEF8;1;QSF;Sewum;MAIN;47|48
EAF1BA97;1;QSF;FAT deposit;MAIN;95
EAF1BA97;2;QCC;FAT deposit;MAIN;95
EAFBC480;1;QCC;Gold Range Project;MAIN;16|17
EAFBC480;2;QSF;Gold Range Project;MAIN;17
EAFEEC78;1;QCC;Chirano;MAIN;33|35
EB2980D5;1;QSF;Ormsby zone;MAIN;49
EB05E215;1;QCC;Galat Sufar South (GSS);MAIN;54
EB05E215;2;MUL;Galat Sufar South (GSS);MAIN;54
EB05E215;3;AUR;Galat Sufar South (GSS);MAIN;51|54
EB33574D;1;QSF;Bingo;MAIN;17|20
EB7FFC5E;1;QSF;Laiva;MAIN;38
EB7FFC5E;2;QCC;Laiva;MAIN;38
EB7FFC5E;3;EXT;Laiva;MAIN;38
EB903EB6;1;QSF;Fifteen Mile Stream;MAIN;29|32|34
EB90939E;1;QFV;Antenna;MAIN;66|76
EB90939E;2;QCC;Antenna;MAIN;83
EBE240D8;1;EXT;Cariboo Mine Trend;MAIN;41
EBE240D8;2;SHV;Cariboo Mine Trend;MAIN;41
EBE240D8;3;FLT;Cariboo Mine Trend;MAIN;41
EBE240D8;4;QCC;Cariboo Mine Trend;MAIN;41
EC016AF8;1;QCC;Diakha;MAIN;47
EC016AF8;2;CAV;Diakha;MAIN;47
EC016AF8;3;QTU;Diakha;MAIN;47
EC39A737;1;QSF;Cuiú Cuiú;MAIN;56
EC39A737;2;QCC;Cuiú Cuiú;MAIN;56|69
EBFEE21F;1;QCC;Coffee;MAIN;47
ECB4852E;1;QCC;Black Pine;MAIN;75
ECBB1C94;1;EXT;Santa Gertrudis;MAIN;26|28
ECBB1C94;2;FLT;Santa Gertrudis;MAIN;28
ECBB1C94;3;MUL;Santa Gertrudis;MAIN;29
ECBB1C94;4;QCC;Santa Gertrudis;MAIN;29
ED1F0DF6;1;QSF;Bissa Hill;MAIN;33|34
ED0E95F4;1;QSF;Ollachea;MAIN;59
ED0E95F4;2;SHV;Ollachea;MAIN;59
ED53DCA7;1;QSF;Livengood;MAIN;81|83|86
ED8AACF2;1;QCC;Kunche;MAIN;40
ED486301;1;QCC;Madsen;MAIN;53|76
ED486301;2;SKV;Madsen;MAIN;53
ED486301;3;AUR;Madsen;MAIN;53|68
ED8D7B35;1;CAV;Goldstrike;MAIN;66|69|72
EDA02954;1;QSF;Dome Property;MAIN;34
EE23AA66;1;QSF;FAT deposit;MAIN;100
EE23AA66;2;QCC;FAT deposit;MAIN;100
EE890F08;1;AUR;Omega;MAIN;27
EE890F08;2;QCC;Omega;MAIN;28
EE7FB3B4;1;AUR;Nalunaq;MAIN;68|82
EE89D592;1;QSF;Sukari;MAIN;57|58
EE89D592;2;EXT;Sukari;MAIN;58
EE89D592;3;SHV;Sukari;MAIN;58
EF3C5D57;1;QSF;Agbaou;MAIN;67
EF236ED0;1;QSF;Leprechaun;MAIN;42
EF236ED0;2;EXT;Leprechaun;MAIN;38
EF4D26F4;1;QSF;Gold Crest zone;MAIN;29|40|41
EF4D26F4;2;QCC;Gold Crest zone;MAIN;40
EFA02577;1;QSF;Koné;MAIN;43|49
F04446A8;1;QSF;TW Deposit;MAIN;35|36|38
F04446A8;2;QCC;TW Deposit;MAIN;38
F025A671;1;QCC;Santa Gertrudis;MAIN;36
F01EC15D;1;QCC;Paddy's Flat;MAIN;88
F01EC15D;2;AUR;Paddy's Flat;MAIN;100
F01EC15D;3;QSF;Paddy's Flat;MAIN;102
F06AE8EB;1;QCC;Goose Property;MAIN;42
F0467946;1;QCC;Nkran;MAIN;71
F0E4420C;1;QCC;Borborema;MAIN;85
F0D4E8AA;1;AUR;Bell Creek;MAIN;45|46|49
F0F6AE0A;1;AUR;Nkran;MAIN;5|64
F1028D67;1;SHV;Macraes;MAIN;48|55
F1028D67;2;QSF;Macraes;MAIN;48|55
F0FFABE5;1;QAD;Tuvatu;MAIN;49
F0FFABE5;2;TLD;Tuvatu;MAIN;52
F0FFABE5;3;MGV;Tuvatu;MAIN;49
F124F58C;1;QCC;Bomboré Gold Project;MAIN;95
F124F58C;2;QSF;Bomboré Gold Project;MAIN;95
F124F58C;3;AUR;Bomboré Gold Project;MAIN;91|93
F147FDEE;1;QSF;Leprechaun gold deposit;MAIN;39|42
F147FDEE;2;EXT;Leprechaun gold deposit;MAIN;39|40
F147FDEE;3;SHV;Leprechaun gold deposit;MAIN;39|40
F13BC453;1;QCC;Black Fox deposit;MAIN;56|58|59|61
F14D4193;1;AUR;VG1;MAIN;19|23
F179040A;1;QCC;Quartz Zone;MAIN;49
F18DC39A;1;QCC;Brookbank Deposit;MAIN;16|55|57
F1DCDB02;1;QCC;Mantis;MAIN;29
F2370A54;1;FLT;Pine Tree-Josephine;MAIN;73
F2370A54;3;EXT;Pine Tree-Josephine;MAIN;73
F2370A54;4;QCC;Pine Tree-Josephine;MAIN;70|71
F239538A;1;QSF;Blackjack Zone;MAIN;29|33
F25494AE;1;QSF;Batman Deposit;MAIN;101|104
F26FE41D;1;QCC;F2 gold system;MAIN;60|64
F2C945F2;1;QCC;Doropo Project;MAIN;127|129
F2C945F2;2;MUL;Doropo Project;MAIN;127|128
F2EB37B6;1;QSF;Cape Spencer Gold Deposit;MAIN;63
F2EB37B6;2;QCC;Cape Spencer Gold Deposit;MAIN;60|63
F2EE6B65;1;QSF;Buckreef Prospect;MAIN;41
F2EE6B65;2;AUR;Buckreef Prospect;MAIN;41
F32EB5C6;1;QCC;Pine Tree-Josephine;MAIN;87
F32EB5C6;2;FLT;Pine Tree-Josephine;MAIN;88
F32EB5C6;3;EXT;Pine Tree-Josephine;MAIN;88
F32EB5C6;4;SHV;Pine Tree-Josephine;MAIN;91
F33E9D09;1;QFV;Segilola;MAIN;25
F33E9D09;2;QSF;Segilola;MAIN;25
F335DE39;1;QSF;Rowan Vein System;MAIN;48
F34730EA;1;QCC;Drevniy;MAIN;27
F34730EA;2;QSF;Drevniy;MAIN;27|36
F3A46575;1;QSF;Mustajärvi;MAIN;19|21
F3A46575;2;QCC;Mustajärvi;MAIN;19|21
F38C3B41;1;QCC;Island Gold Mine;MAIN;29|32|35
F38C3B41;2;QSF;Island Gold Mine;MAIN;32
F38C3B41;3;AUR;Island Gold Mine;MAIN;32
F38C3B41;4;EXT;Island Gold Mine;MAIN;33|36
F3C856C9;1;QCC;Yaoure Central;MAIN;69|76|79
F3D531C6;1;CAV;Long Canyon;MAIN;53
F3E65CCA;1;QAD;Santa Pancha;MAIN;61
F3C34589;1;QCC;Timmins West Mine;MAIN;59|62|72
F3C34589;2;QSF;Timmins West Mine;MAIN;60|62|72
F3C34589;3;EXT;Timmins West Mine;MAIN;60|61|62
F422A46A;1;QSF;Rosa de Maio;MAIN;45
F40F1B12;1;SBV;Pan;MAIN;44
F4181C31;1;MUL;Björkdal;MAIN;69
F444C8A8;1;QSF;Spring Valley;MAIN;50
F444C8A8;2;QCC;Spring Valley;MAIN;44
F444C8A8;3;QTU;Spring Valley;MAIN;46
F4692D75;1;QSF;Yellow Pine Deposit;MAIN;33
F4740DAB;1;QCC;Fosterville;MAIN;36|38|44
F4740DAB;2;SHV;Fosterville;MAIN;32|36|37
F4740DAB;3;EXT;Fosterville;MAIN;38
F4740DAB;4;QSF;Fosterville;MAIN;38|42|44
F46A958C;1;SHV;Fako;MAIN;53
F4793E47;1;SHV;Triangle Deposit;MAIN;77
F4793E47;2;EXT;Triangle Deposit;MAIN;77
F4AB20D7;1;QCC;Triangle Zone;MAIN;115|124
F4E5D753;1;QSF;Batman Deposit;MAIN;98|101
F4A1BCC5;1;QCC;Goose Project;MAIN;60
F4CA6FFF;1;QSF;VG1;MAIN;23
F4CA6FFF;2;QCC;VG1;MAIN;27
F5728A60;1;QCC;Clavos;MAIN;70|72
F5728A60;2;AUR;Clavos;MAIN;70
F5C91823;1;QCC;Pahtavaara;MAIN;27|28
F5C91823;2;SBV;Pahtavaara;MAIN;28
F5C91823;3;AUR;Pahtavaara;MAIN;28
F5C91823;5;SKV;Pahtavaara;MAIN;28
F5FFF466;1;CAV;Long Canyon;MAIN;61|72
F643084B;1;MUL;Serra Alta;MAIN;82|83|86
F6113CDC;1;QSF;ACMA-Lewis;MAIN;75|82|83
F6113CDC;2;QCC;ACMA-Lewis;MAIN;75|76|82|83
F6834415;1;QCC;Bourkes Mine;MAIN;34|36|37|40|41
F6BA10B9;1;QSF;Tankoro Deposit;MAIN;95|96|97
F6BA10B9;2;QCC;Tankoro Deposit;MAIN;97
F6BA10B9;3;SHV;Tankoro Deposit;MAIN;97
F6892A92;1;MUL;Sukari;MAIN;52
F6892A92;2;QSF;Sukari;MAIN;52
F6892A92;3;SHV;Sukari;MAIN;52
F6892A92;4;EXT;Sukari;MAIN;52
F6892A92;5;QCC;Sukari;MAIN;54
F70494FF;1;QCC;Kouroussa Project;MAIN;46
F70494FF;2;QSF;Kouroussa Project;MAIN;46
F6EF0F46;1;QCC;Enchi Gold Project;MAIN;56|58|60|65
F6EF0F46;2;QSF;Enchi Gold Project;MAIN;56
F70C7BCE;1;AUR;LP Fault Zone;MAIN;40
F72342F1;1;QSF;Clear Creek;MAIN;29|32
F748F22F;1;QCC;True North;MAIN;44
F748F22F;2;SHV;True North;MAIN;47
F748F22F;3;EXT;True North;MAIN;47
F748F22F;4;FLT;True North;MAIN;47
F748F22F;5;MUL;True North;MAIN;46
F7D0929F;1;QCC;Golden Saddle;MAIN;56
F7B300C1;1;QCC;Bombore Gold Project;MAIN;100|104
F7EED46F;1;QCC;Dufferin;MAIN;36|40
F834F3A7;1;SHV;Croinor;MAIN;40|41
F834F3A7;2;EXT;Croinor;MAIN;40|41
F834F3A7;3;QCC;Croinor;MAIN;37|40
F7F7E8B5;1;QCC;La Cruz;MAIN;22
F7F70B97;1;QSF;Detour Lake deposit;MAIN;53
F7F70B97;2;SHV;Detour Lake deposit;MAIN;53|54
F7F70B97;3;EXT;Detour Lake deposit;MAIN;53
F7F70B97;4;FLT;Detour Lake deposit;MAIN;53|54
F7F70B97;5;QCC;Detour Lake deposit;MAIN;58
F8490AA6;1;QSF;Kunche;MAIN;41
F85E04D8;1;QSF;Taparko;MAIN;37|53
F8DD52B0;1;QCC;Garrcon Deposit;MAIN;39
F8A00485;1;QSF;Beaufor Mine;MAIN;76
F8A00485;2;EXT;Beaufor Mine;MAIN;76
F8674A45;1;QSF;Kubi Main;MAIN;38
F8674A45;2;EXT;Kubi Main;MAIN;38
F97EA634;1;QSF;São Vicente;MAIN;31|32|34|35
F97EA634;2;SHV;São Vicente;MAIN;32|33|34|35
F97EA634;3;EXT;São Vicente;MAIN;31|33|34
F96369C3;1;QCC;Yellowjacket Zone;MAIN;30|37
F96369C3;2;EXT;Yellowjacket Zone;MAIN;49
F97E7872;1;QSF;Rowan Vein System;MAIN;38
F9C49D3C;1;QSF;Preview SW;MAIN;31
F9C49D3C;2;SHV;Preview SW;MAIN;31
F9F9BCE1;1;QCC;Assafou;MAIN;147|148
F9F9BCE1;2;QSF;Assafou;MAIN;148
FA48F5DE;1;QCC;Garrison Project;MAIN;95
FA1D6159;1;QSF;Pilar Ore Body;MAIN;60|65|67|68
FB130253;1;QCC;Mckinnon Gold Deposit;MAIN;30
FB130253;2;QSF;Mckinnon Gold Deposit;MAIN;29
FAAD172E;1;AUR;Zone 1;MAIN;30|34|35
FAAD172E;2;QCC;Zone 1;MAIN;37
FB3022CA;1;QSF;Mwendamboko;MAIN;25|26
FB3022CA;2;SHV;Mwendamboko;MAIN;25|31
FB3022CA;3;MUL;Mwendamboko;MAIN;25
FB4E10A8;1;MUL;Sewum;MAIN;65
FB4E10A8;2;QSF;Sewum;MAIN;67
FB6D6179;1;QSF;South Woods Lake Zone;MAIN;38|39
FB78EEA9;1;QCC;Rosebel Deposits;MAIN;58
FB78EEA9;2;SHV;Rosebel Deposits;MAIN;59|60
FB78EEA9;3;EXT;Rosebel Deposits;MAIN;59|60
FBC06772;1;QCC;Nkran;MAIN;159
FBC06772;2;QSF;Nkran;MAIN;177|184
FB790C6D;1;AUR;Duparquet deposit;MAIN;64
FB790C6D;2;QCC;Duparquet deposit;MAIN;64
FBB8F3E2;1;QCC;Kairuni;MAIN;59|63
FBB8F3E2;2;SHV;Kairuni;MAIN;59
FBB8F3E2;3;EXT;Kairuni;MAIN;59
FBB8F3E2;4;MUL;Kairuni;MAIN;59|60
FBE703A4;1;QFV;Parbec;MAIN;12
FBE703A4;2;QCC;Parbec;MAIN;16
FC25554A;1;QCC;Nangodi;MAIN;49
FBCDB331;1;QCC;Main Zone;MAIN;49
FBCDB331;2;MUL;Main Zone;MAIN;45|49
FC2893E4;1;QCC;Clavos deposit;MAIN;36|37|40|41|42|43
FC2893E4;2;QFV;Clavos deposit;MAIN;36|37
FC2893E4;3;EXT;Clavos deposit;MAIN;40
FC2893E4;4;FLT;Clavos deposit;MAIN;40
FC2893E4;5;AUR;Clavos deposit;MAIN;42
FC7B752C;1;QSF;Florida Canyon Mine;MAIN;45
FC7B752C;2;MUL;Florida Canyon Mine;MAIN;45
FC7B752C;3;QAD;Florida Canyon Mine;MAIN;46
FC8F1865;1;QCC;Bibiani;MAIN;49
FC8F1865;2;SHV;Bibiani;MAIN;49|57
FD1806A2;1;QCC;EMZ deposit;MAIN;60|66|73
FD1806A2;2;SHV;EMZ deposit;MAIN;64
FD1806A2;3;EXT;EMZ deposit;MAIN;64
FD1806A2;4;QSF;EMZ deposit;MAIN;66
FD1806A2;5;MUL;EMZ deposit;MAIN;60|64|66
FD06011C;1;QCC;Massawa;MAIN;22|27
FD06011C;2;MGV;Massawa;MAIN;23
FD30C9AE;1;QSF;Touquoy;MAIN;117|118|121|126
FD27493E;1;EXT;South West deposit;MAIN;42|45
FD27493E;2;QCC;South West deposit;MAIN;45
FD27493E;3;QSF;South West deposit;MAIN;45
FD27493E;4;QSF;Discovery deposit;MAIN;58
FD27493E;5;QSF;Windjammer North deposit;MAIN;50
FD27493E;6;QCC;Windjammer South deposit;MAIN;55
FD27493E;7;QSF;55 deposit;MAIN;47
FD27493E;8;QCC;Windjammer Central deposit;MAIN;53
FD27919B;1;QCC;Plutonic Gold Mine;MAIN;50|57
FD27919B;2;QSF;Plutonic Gold Mine;MAIN;56
FD27919B;3;SKV;Plutonic Gold Mine;MAIN;50|55
FD65A15C;1;QAD;Tuvatu;MAIN;30
FD65A15C;2;MGV;Tuvatu;MAIN;30
FD65A15C;3;TLD;Tuvatu;MAIN;32
FD7FE0FA;1;SHV;Sabodala Deposit;MAIN;153
FD7FE0FA;2;EXT;Sabodala Deposit;MAIN;153
FE2C2EB3;1;QCC;Golden Extension Showing;MAIN;16|17
FD86E7DB;1;QSF;MacLellan;MAIN;87|92
FD86E7DB;2;QCC;MacLellan;MAIN;87|89|92
FD86E7DB;3;SKV;MacLellan;MAIN;89|92
FD952206;1;QCC;Golden Ridge;MAIN;29
FD952206;2;MUL;Golden Ridge;MAIN;31
FDBFC22D;1;AUR;Cosmo;MAIN;68|71
FE3C33ED;1;QCC;Wassa;MAIN;49|54|63
FE544976;1;CAV;Rusty Zone;MAIN;83
FE655C5A;1;QSF;Sugar Zone;MAIN;77
FE41E283;1;QSF;Jubilee Deposit;MAIN;117
FE41E283;2;QCC;Jubilee Deposit;MAIN;123
FE41E283;3;QTU;Jubilee Deposit;MAIN;123|128|131|133
FE6EF162;1;QSF;Coleman Zone;MAIN;33|43|49
FE77C988;1;QCC;Fenn-Gib Deposit;MAIN;64|71
FEBB4E99;1;QAD;Mesquite;MAIN;42
FEC127DD;1;QCC;Noomut Property;MAIN;24|25|26|27
FEC127DD;2;EXT;Noomut Property;MAIN;24
FEFBD7AD;1;QCC;West Branch;MAIN;42|49|53
FF0E3756;1;QCC;Matheson Gold Corridors;MAIN;40|51|54|55
FF0E3756;2;EXT;Matheson Gold Corridors;MAIN;40|54
FF0E3756;3;SHV;Matheson Gold Corridors;MAIN;54
FF3D4B92;1;SHV;Duvay Zone Principal;MAIN;34
FF3D4B92;2;FLT;Duvay Zone Principal;MAIN;34|39
FF3D4B92;3;EXT;Duvay Zone Principal;MAIN;34|39
FF7D2FB0;1;QCC;Pine Cove Mine;MAIN;59
FF7D2FB0;2;QSF;Pine Cove Mine;MAIN;59
FFF0B9E7;1;QCC;Galaxy Ore Body;MAIN;53
FF95A43D;1;QSF;Leprechaun Gold deposit;MAIN;43|44|47|48
FF95A43D;2;QCC;Leprechaun Gold deposit;MAIN;43|44
FF95A43D;3;EXT;Leprechaun Gold deposit;MAIN;44|47|48
FF95A43D;4;SHV;Leprechaun Gold deposit;MAIN;47|48
01321B03;1;QCC;Galena Mine;MAIN;39|40|41|42
00DAFCDF;1;QSF;Santa Rosa;MAIN;45
001E2D7D;1;QCC;Prince Mine;MAIN;23
00A1A571;1;QSF;San Sebastian Vein system;MAIN;47
00A1A571;2;QCC;San Sebastian Vein system;MAIN;47
00A1A571;3;QAD;San Sebastian Vein system;MAIN;47
0270F3E6;1;QCC;Bellekeno;MAIN;5|34
02D3DA57;1;QSF;Cabin Lake;MAIN;28
02D3DA57;2;QCC;Cabin Lake;MAIN;28
019F2339;1;QCC;La Frazada and La Jabalina Veins;MAIN;89|92
031AFC14;1;QSF;Pino de Plata;MAIN;31
03F2649D;1;QSF;Martha;MAIN;26|27
03E07518;1;CAV;El Milagro;MAIN;41
046BD206;1;QCC;Main Zone;MAIN;27|40
046BD206;2;QSF;Main Zone;MAIN;40
05401CDC;1;QSF;Guia Antigua;MAIN;37|43
05401CDC;2;MUL;Guia Antigua;MAIN;37
05795C80;1;MUL;Pallancata Vein;MAIN;34
05795C80;2;QAD;Pallancata Vein;MAIN;36
05795C80;3;QSF;Pallancata Vein;MAIN;34
056AE52A;1;QCC;Promontorio;MAIN;51
0605E838;1;QCC;Esquilache;MAIN;46
0605E838;2;QAD;Esquilache;MAIN;46
06CFC817;1;PMV;Kerr Property;MAIN;21
06A5797B;1;QCC;Claudia Project;MAIN;41
06BA8F25;1;QAD;La Guitarra;MAIN;75
06D8AEF3;1;QAD;Guanajuato Mine;MAIN;47|66
07B2F0E3;1;QCC;Ober-Zeiring;MAIN;52|57|65
0A03757D;1;QAD;Copala;MAIN;79|83
0A28D8FC;1;QSF;Cerro Las Minitas;MAIN;33
0AB7494C;1;QSF;Dolly Varden Project;MAIN;49|71
0AB7494C;2;QCC;Dolly Varden Project;MAIN;49|71|73
0C2C7E71;1;QSF;San Javier;MAIN;19|30
0CA176D1;1;AUR;Avino Vein;MAIN;77
0E160D96;1;QSF;Cusi Vein System;MAIN;37|41|48
0E160D96;2;MUL;Cusi Vein System;MAIN;42
0E5401CF;1;QAD;El Tigre;MAIN;101
0E6CC902;1;QSF;Zgounder;MAIN;72|73|74
0F479B3A;1;QSF;Corani Project Resource;MAIN;65
0F331AAE;1;QSF;El Tajo;MAIN;25
1028ABF3;1;QSF;Cerro Las Minitas;MAIN;39
0FF17669;1;QAD;Caylloma Mine;MAIN;58
110EE561;1;CAV;Silverknife;MAIN;34
11793906;1;CAV;Waterpump Creek;MAIN;97
11D8614E;1;QCC;Mangazeisky North;MAIN;49
109879D1;1;QAD;El Cubo;MAIN;61|62|63
120440D7;1;QCC;Vertikalny;MAIN;89
1282E4F3;1;QSF;Zgounder;MAIN;74
1282E4F3;2;QCC;Zgounder;MAIN;77|78
132F6092;1;QSF;Cusi;MAIN;33|38
1260DD24;1;CAV;Cinco de Mayo;MAIN;30
1260DD24;2;QSF;Cinco de Mayo;MAIN;30
13D157B4;1;FLT;Bilbao;MAIN;40|53
13C217FA;1;QSF;Washington Silver;MAIN;15
153B0FD8;1;QAD;Guanajuato Mine;MAIN;50
144D6953;1;QCC;Morococha Mine;MAIN;30
157322E0;1;QCC;La Frazada Vein;MAIN;35|37
157322E0;2;MUL;La Frazada Vein;MAIN;37
15754DC4;1;QSF;Yauricocha;MAIN;65|66
15754DC4;2;QCC;Yauricocha;MAIN;66
15754DC4;3;AUR;Yauricocha;MAIN;72
15C63AB6;1;QSF;Princesa;MAIN;26
15D76947;1;QSF;San Marcial;MAIN;82
15D76947;2;QCC;San Marcial;MAIN;72|82
16B61D86;1;AUR;Zone I;MAIN;29|30
16CC9925;1;AUR;San Rafael;MAIN;41
17672025;1;QSF;Oculto;MAIN;51
182A0272;1;QCC;Silver Queen Deposit;MAIN;41
17DE001A;1;QAD;Cerro Bayo District;MAIN;54|56|57
17DE001A;2;QSF;Cerro Bayo District;MAIN;52
185D7FE9;1;QCC;Margarita;MAIN;32|33
18A2027C;1;QCC;La Encantada;MAIN;57|65
18E4B5BD;1;QSF;Zgounder;MAIN;80|82
18E4B5BD;2;QCC;Zgounder;MAIN;82
195BFEF8;1;QSF;La Cigarra;MAIN;48|52
195BFEF8;2;CAV;La Cigarra;MAIN;49
19724E16;1;QSF;Las Bolas Structure;MAIN;37|39
1A976CD9;1;QCC;Silveria;MAIN;29|31
1A976CD9;2;QSF;Silveria;MAIN;33
1AFFD8D7;1;QSF;Cusi;MAIN;77
1B0CE8FB;1;QCC;La Preciosa;MAIN;42|49
1B0CE8FB;2;MUL;La Preciosa;MAIN;45
1B0CE8FB;3;QAD;La Preciosa;MAIN;49
1B475F9E;1;QAD;La Preciosa;MAIN;52|57
1B475F9E;2;QCC;La Preciosa;MAIN;52|53
1B475F9E;3;MUL;La Preciosa;MAIN;46
1B475F9E;4;QSF;La Preciosa;MAIN;46
1B7A92AF;1;QSF;Bermingham;MAIN;81
1B7A92AF;2;QCC;Bermingham;MAIN;82
1B91159D;1;QAD;Panuco Vein System;MAIN;23
1B91159D;2;QCC;Panuco Vein System;MAIN;28
1B91159D;3;MUL;Panuco Vein System;MAIN;22|23
1C09C399;1;QCC;Upper Manto deposit;MAIN;34
1C402986;1;QSF;Chinchillas;MAIN;40|44|46|47
1CAF3C71;1;QCC;Guitarra;MAIN;52|61
1CAF3C71;2;QAD;Guitarra;MAIN;52
1CAF3C71;3;QSF;Guitarra;MAIN;52|58|59
1E379AB8;1;QSF;Dankoe Property;MAIN;16
1DBA200E;1;QCC;San Ignacio;MAIN;68
1E7D5BF4;1;QSF;Cusi;MAIN;35|39
1EC34635;1;FLT;Shafter deposit;MAIN;59
1F54D35B;1;QSF;Magdalena;MAIN;43|44|45
20068DFD;1;QSF;Margarita;MAIN;33
1FC287A7;1;QAD;Milagros;MAIN;93|94
22F42F4C;1;FLT;Shafter deposit;MAIN;26
2135519C;1;QCC;Kisgegas Property;MAIN;14|15|34|35
2135519C;2;QSF;Kisgegas Property;MAIN;14|15|34|35|36|37|38
2135519C;3;SHV;Kisgegas Property;MAIN;15
2135519C;4;EXT;Kisgegas Property;MAIN;20
2302A68F;1;QAD;Guanajuato Mine;MAIN;48
22DDFDDF;1;QSF;Chinchillas;MAIN;56|60|62|63
2385F77C;1;QSF;San José;MAIN;38|40
2385F77C;2;QCC;San José;MAIN;38|40
24134C1F;1;QSF;Santas Gloria;MAIN;32
24134C1F;2;QCC;Santas Gloria;MAIN;32|35
24134C1F;3;AUR;Santas Gloria;MAIN;36
23CFCB82;1;QCC;Velardeña Mines;MAIN;56|58|59
2443BAA1;1;QSF;Namiquipa Mine;MAIN;32
2443BAA1;2;MUL;Namiquipa Mine;MAIN;32
245BB4C2;1;QCC;Nizhny Endybal;MAIN;58|61
250EFC2A;1;QCC;Main Silver King Vein;MAIN;18|20
255F2CFA;1;QSF;Silver Sand;MAIN;39|40
255F2CFA;2;SHV;Silver Sand;MAIN;40
288CA85E;1;QCC;Finlandia vein system;MAIN;35
288CA85E;2;QSF;Finlandia vein system;MAIN;36
288CA85E;3;MUL;Finlandia vein system;MAIN;35
29072287;1;QAD;Silver Reef;MAIN;25
288D2C3D;1;QCC;Queen Structure;MAIN;54|57
288D2C3D;2;QAD;Queen Structure;MAIN;54|57
2957E15D;1;QAD;Martha;MAIN;23|24|26
2957E15D;2;QSF;Martha;MAIN;26
2928503D;1;QSF;Waterloo;MAIN;107|110
299A33E1;1;QSF;Pulacayo;MAIN;57|58
29C562B1;1;QAD;El Cubo;MAIN;53|55
29C562B1;2;QSF;El Cubo;MAIN;53
2A5B7D32;1;QSF;Escondida;MAIN;23|26
2A816F9A;1;QSF;Vertikalny;MAIN;71
2A816F9A;2;QCC;Vertikalny;MAIN;71
2AE97DC0;1;QCC;Veta Grande Vein System;MAIN;42
2C99F92A;1;QSF;Cerro Las Minitas;MAIN;47
2CCA379B;1;QSF;Catarina;MAIN;60
2CA4F9B9;1;QSF;El Horcon;MAIN;18
2CA4F9B9;2;FLT;El Horcon;MAIN;23
2D284444;1;QCC;La Colorada;MAIN;20
2DE24955;1;QSF;Rainbow Block;MAIN;38
2DECC0A8;1;QCC;Redline Minerals Property Group;MAIN;101|104
2E6FB28A;1;QSF;Carolay Vein;MAIN;26
2F3A6A54;1;QSF;Clemens-El Muerto;MAIN;26|27
2F159771;1;MUL;Lolon Vein;MAIN;11|39
2FF65738;1;QCC;Evolución Project;MAIN;36|41|42
2FF65738;2;QSF;Evolución Project;MAIN;41|43
2F9972B3;1;QCC;Santa Edwiges;MAIN;32
301B741C;1;QSF;San Vicente;MAIN;22
3020BCFC;1;QCC;Castle;MAIN;54|55|56
312BC69D;1;QSF;Bayhorse Mine;MAIN;28|30
30DD47D8;1;QCC;Plata Vein System;MAIN;24
30DD47D8;2;QSF;Plata Vein System;MAIN;24
313796B0;1;QCC;Salvador-Sambalay Area;MAIN;58
313796B0;2;QSF;Salvador-Sambalay Area;MAIN;58
313796B0;3;QAD;Salvador-Sambalay Area;MAIN;44|47
3172FA35;1;QSF;Treasure Mountain;MAIN;25
3172FA35;2;QCC;Treasure Mountain;MAIN;25|27
34BA8EB5;1;QCC;Veta Madre;MAIN;50|54
3475BDFD;1;QCC;San Diego;MAIN;45
32DB68AF;1;AUR;Iska Iska;MAIN;32|34
34CF4581;1;QAD;Topia Vein System;MAIN;56|59
34F323DB;1;QCC;San Acacio;MAIN;50
36606EFA;1;QCC;San Andrés;MAIN;14
36606EFA;2;AUR;San Andrés;MAIN;15
36CC9994;1;QSF;Cordero;MAIN;46|48
36CC9994;2;QCC;Cordero;MAIN;46|48
36D4C92B;1;QSF;Cachinal;MAIN;38
36D4C92B;2;QAD;Cachinal;MAIN;38
37617794;1;QCC;Wonderful vein system;MAIN;23|26
384ECF54;1;QCC;Ying Vein System;MAIN;53
38925A06;1;QSF;San Ignacio;MAIN;26
389E582B;1;QCC;DVT Exhalite Horizon;MAIN;37|47
3ACF6E1B;1;QCC;Galena Mine;MAIN;30|32|33
3B57C7E0;1;QCC;San José vein;MAIN;24|30
3C1BDBE1;1;QCC;Miguel Auza;MAIN;49
3AF14E20;1;QSF;Platosa;MAIN;35|36|41|44
3C805E8B;1;QSF;Martha;MAIN;27
3C805E8B;2;QAD;Martha;MAIN;27|28
3DB4603B;1;SUV;Caledonia;MAIN;44
3CC20B2D;1;QCC;Nizhny Endybal;MAIN;85|88
3D025485;1;QSF;Arthurs Seat;MAIN;27|28|33
3E71680C;1;QSF;Flame & Moth;MAIN;33
3E71680C;2;CAV;Flame & Moth;MAIN;33
3DE238EC;1;QSF;Cerro Las Minitas;MAIN;30
3E19CE93;1;QAD;Cerro Bayo;MAIN;22
3F15923D;1;EXT;Zgounder;MAIN;66|67
3F15923D;2;QSF;Zgounder;MAIN;68
3F3F8FB8;1;QSF;Valdecañas vein system;MAIN;44
3F3F8FB8;2;QCC;Valdecañas vein system;MAIN;45
3F3F8FB8;3;QAD;Valdecañas vein system;MAIN;45
3FB35B92;1;QCC;Galena mine complex;MAIN;32|34
3FB35B92;2;FLT;Galena mine complex;MAIN;32|33
407170A7;1;QSF;Treasure Mountain;MAIN;24
407170A7;2;QCC;Treasure Mountain;MAIN;24
3F5BC8C7;1;QCC;San Marcial Vein;MAIN;43
3FEF94CF;1;QFV;Hector Property;MAIN;39
3FEF94CF;2;QCC;Hector Property;MAIN;40
3FEF94CF;3;QSF;Hector Property;MAIN;40
4098286B;1;QSF;Treasure Mountain;MAIN;20
4098286B;2;QCC;Treasure Mountain;MAIN;20
426B7D5E;1;QSF;Corani;MAIN;70|72
42A849D3;1;QSF;Tangana Sector;MAIN;70
42A849D3;2;QCC;Tangana Sector;MAIN;70
40D526D1;1;QAD;Trinidad Deposit;MAIN;50|51|70
40D526D1;2;QCC;Trinidad Deposit;MAIN;47|50|51|66
437AC06E;1;QSF;Santa Ana Project;MAIN;54|56
437AC06E;2;QCC;Santa Ana Project;MAIN;56
437AC06E;3;QAD;Santa Ana Project;MAIN;56|57
431A790D;1;QCC;Mogollon District Veins;MAIN;73|76
43909512;1;MUL;San José;MAIN;23
431186BA;1;QSF;Yauricocha Mine;MAIN;51|55|78
431186BA;2;QCC;Yauricocha Mine;MAIN;78
43BF37D3;1;QCC;Bermingham;MAIN;36
43BF37D3;2;QSF;Bermingham;MAIN;36
43E7C21F;1;QSF;Pirquitas;MAIN;60|62
458B4AB9;1;QCC;XHP;MAIN;43
458B4AB9;2;QSF;XHP;MAIN;43
458B4AB9;3;SBV;XHP;MAIN;43
459D1214;1;QSF;Avino Vein;MAIN;61
45A8DF79;1;QCC;SGX Area;MAIN;20|24
45BD3392;1;QCC;BTG Property Veins;MAIN;25|26
4676EFB9;1;QCC;Cinco Minas;MAIN;47
45E9C93A;1;QCC;Cerro Hermoso;MAIN;43|44
4736BA91;1;QCC;SGX;MAIN;54|56
48939B79;1;AUR;Silver Sand;MAIN;29
4B44DC34;1;QCC;La Colorada;MAIN;22
4B50AB72;1;QSF;Tangana;MAIN;64|74
4B50AB72;2;QCC;Tangana;MAIN;64|74
4D098F54;1;QCC;Morococha Veins and Mantos;MAIN;38|40
4D14C7BF;1;SUV;Pingüino;MAIN;35|36
4D14C7BF;2;QCC;Pingüino;MAIN;35|36|37
4D81389E;1;QSF;Avino Vein;MAIN;62
4DC04EA8;1;SHV;San Bartolomé;MAIN;45|49
4DC04EA8;2;QSF;San Bartolomé;MAIN;54
4DED7A68;1;FLT;Bellekeno;MAIN;50|54|58
4DDC8DC4;1;QSF;Rochester;MAIN;65|68
4DDC8DC4;2;EXT;Rochester;MAIN;67
4DDC8DC4;3;SHV;Rochester;MAIN;67
4DF7115C;1;QSF;Quiruvilca;MAIN;37
4DF7115C;2;QCC;Quiruvilca;MAIN;37
4DF7115C;3;MUL;Quiruvilca;MAIN;36|37
4E29AE2A;1;QAD;Cerro Cubilete-Cerro de la Mina;MAIN;30|34
4E29AE2A;2;QSF;Cerro Cubilete-Cerro de la Mina;MAIN;29|30
4E29AE2A;3;SBV;Cerro Cubilete-Cerro de la Mina;MAIN;22|29
4EE12A65;1;QAD;Nivloc;MAIN;55
4EE12A65;2;QCC;Nivloc;MAIN;53
4F013677;1;FLT;Shafter deposit;MAIN;54
50348641;1;QCC;Tonopah Vein System;MAIN;36|37
50537971;1;QCC;Castle No. 3;MAIN;40|42|43
50B20583;1;QAD;Tonopah Camp;MAIN;38|39
508A7C06;1;QCC;Columba;MAIN;32|36
508A7C06;2;MGV;Columba;MAIN;32|36
50ED3629;1;QTU;Yecora;MAIN;31
51B64878;1;MUL;Lolón Vein;MAIN;36|37
51B64878;2;QCC;Lolón Vein;MAIN;37
51F9CC3A;1;QAD;Veta Madre;MAIN;48|53|67
50FC937D;1;QSF;Madre Sierra;MAIN;42|45|57|58|59
50FC937D;2;SBV;Madre Sierra;MAIN;46
511369AA;1;QSF;Bilbao;MAIN;32|36|37
52A18DBD;1;QAD;Veta Madre;MAIN;42|43
526C65BD;1;QSF;Candelaria;MAIN;47|50
526C65BD;2;QCC;Candelaria;MAIN;47|48|50
53CA862B;1;QCC;Silver Crown 6;MAIN;13
53505AEF;1;QSF;San José;MAIN;43|44
54216D3E;1;AUR;Oculto;MAIN;52
54471F95;1;QCC;SGX;MAIN;29|30
54A7F99C;1;QCC;Onek;MAIN;28
54A7F99C;2;QSF;Onek;MAIN;28
54A9B2B4;1;QCC;Lucky Queen;MAIN;27|28
54A9B2B4;2;QSF;Lucky Queen;MAIN;27
54BDF594;1;QAD;Los Ricos South;MAIN;99|102
54D1D272;1;QCC;Rosario Veins;MAIN;39
54D1D272;2;QAD;Rosario Veins;MAIN;42
54D4910E;1;QCC;Galena Complex;MAIN;36|37|38
55B2C8D7;1;MUL;Alamos Project;MAIN;60
55B2C8D7;2;QCC;Alamos Project;MAIN;60|75
55F51666;1;QCC;Galena Mine;MAIN;30|32|33
55F0D648;1;AUR;Chinchillas;MAIN;47|51|52|53
564952D6;1;QSF;San Felipe;MAIN;33
575F47F3;1;QCC;Palmarejo;MAIN;61
575F47F3;2;QSF;Palmarejo;MAIN;49|61
57885F08;1;QSF;Flame & Moth;MAIN;35
57885F08;2;CAV;Flame & Moth;MAIN;35
57D0F0DB;1;QCC;SGX;MAIN;37
57E80CB7;1;QCC;Nizhny Endybal;MAIN;60|63
57BC916D;1;CAV;Chinchillas;MAIN;43|45|47|48|49
581AE3F0;1;QAD;Valdecañas;MAIN;33
581AE3F0;2;QCC;Valdecañas;MAIN;33
5898E011;1;QSF;Oculto;MAIN;72|73
588FE3AD;1;QSF;Rochester;MAIN;60|62
58C4DD83;1;QAD;Caylloma Vein System;MAIN;48
58C4DD83;2;QCC;Caylloma Vein System;MAIN;42|43|44|46|47|48
58C4DD83;3;QSF;Caylloma Vein System;MAIN;42|43|44|45|46|47
590631F1;1;QCC;SGX;MAIN;26
59C7704D;1;QCC;Montanore;MAIN;67
5AB22A95;1;QAD;Topia Mine;MAIN;36|37
5B078456;1;QCC;Huaron;MAIN;24
5AB31092;1;MUL;Loma de La Plata;MAIN;62
5B5CC1DC;1;QSF;GC deposit;MAIN;51|59
5BA3C63D;1;QCC;Black Bear;MAIN;23|24
5BA3C63D;2;QSF;Black Bear;MAIN;23
5B8CF6D0;1;QSF;Miguel Auza;MAIN;37|38|39
5B8CF6D0;2;QCC;Miguel Auza;MAIN;38|39|40
5C82C1B7;1;QCC;Tonopah Vein System;MAIN;48|49
5CB1D360;1;QCC;SGX;MAIN;62|63|64
5CEF4D2C;1;QSF;Huevos Verdes;MAIN;42
5DCAB176;1;PMV;Kate Deposit;MAIN;34
5D6C5834;1;QCC;INCA;MAIN;26|29|30
5D6C5834;2;QSF;INCA;MAIN;26|30
5DFED308;1;QCC;Boleras;MAIN;34
5E004A8D;1;QCC;Taylor Silver Deposit;MAIN;26
5E139FC6;1;QAD;El Gallo;MAIN;61
5E139FC6;2;MUL;El Gallo;MAIN;61
5E811606;1;QCC;Yauricocha;MAIN;61
5E811606;2;QSF;Yauricocha;MAIN;61
5F20F717;1;MUL;San José;MAIN;14
5F44E547;1;QCC;Tonopah District Veins;MAIN;42|43
5F29A178;1;QAD;Veta Madre;MAIN;24|32
5FA24C09;1;QCC;El Capitan;MAIN;20
5FE34BA8;1;QSF;Silver Strand Mine;MAIN;39|47|52|53|54
5F4D6005;1;QAD;Trinidad deposit;MAIN;51|52|71
5F4D6005;2;QCC;Trinidad deposit;MAIN;48|51|52|68
5F4D6005;3;MUL;Trinidad deposit;MAIN;51
5F4D6005;4;SHV;Trinidad deposit;MAIN;51
5FE4E88C;1;QSF;Cusi;MAIN;42
6088827B;1;QCC;Tangana 1 vein;MAIN;58|69|73
5FF16F51;1;QAD;Huevos Verdes;MAIN;46|47
5FF35E27;1;QCC;Boleras;MAIN;34
609F4840;1;QCC;Cerro Los Gatos;MAIN;68
609F4840;2;QSF;Cerro Los Gatos;MAIN;68|70
609F4840;3;CAV;Cerro Los Gatos;MAIN;68
611C00CE;1;MUL;Judith Property;MAIN;21
611C00CE;2;EXT;Judith Property;MAIN;21
611C00CE;3;FLT;Judith Property;MAIN;21
611C00CE;4;SBV;Judith Property;MAIN;22
60C19677;1;QCC;Tonopah District Veins;MAIN;46|47
61CC4A16;1;QAD;Veta Madre;MAIN;22|25
60C1B2DF;1;QCC;Silver Dollar Property;MAIN;46|52|53|54
60C1B2DF;2;QSF;Silver Dollar Property;MAIN;46|48|49|50
62526412;1;QSF;Virginius Vein;MAIN;50|54
62B43023;1;QAD;El Gallo;MAIN;63
63879AFE;1;QSF;Namiquipa;MAIN;28|29
63879AFE;2;MUL;Namiquipa;MAIN;29
63A7FC59;1;AUR;La Morocha;MAIN;19
64624C9D;1;QSF;Pulacayo;MAIN;56|57|60|62
64064A2B;1;QSF;Oculto;MAIN;60
64C6BC8C;1;QSF;Calico Project;MAIN;89|91
6561831E;1;MGV;Malku Khota;MAIN;28|29|33
647516EE;1;QSF;Sierra Mojada Deposit;MAIN;67|71
647516EE;2;QCC;Sierra Mojada Deposit;MAIN;68
65D5A052;1;QAD;San Ignacio;MAIN;21
65EC8380;1;ALS;Oculto;MAIN;85|87|88
6688BDDB;1;QAD;Cachinal;MAIN;39
660E8711;1;CAV;Promontorio;MAIN;33|46|47
668D5810;1;SKV;La Negra;MAIN;95
671244DF;1;QSF;Rochester;MAIN;63|64|66
67279493;1;QAD;Topia Vein Systems;MAIN;29|30
6752E4BB;1;QTU;San Marcial;MAIN;42
6752E4BB;2;QAD;San Marcial;MAIN;42
6752E4BB;3;SBV;San Marcial;MAIN;42
672F0ABE;1;QAD;El Tigre Vein System;MAIN;56
68927087;1;QCC;Margarita Vein;MAIN;59
67FA7676;1;QAD;El Gallo;MAIN;53
68F20B2E;1;QSF;Cordero;MAIN;40
69FDB1BB;1;AUR;Virginia;MAIN;64|67
69EFC851;1;QAD;San José;MAIN;56|59
6A593C99;1;QAD;Dolores;MAIN;51
6A593C99;2;QSF;Dolores;MAIN;50
6A94CCF4;1;QAD;Topia Vein System;MAIN;27|28
6BB2ACC5;1;QCC;Panuco deposit;MAIN;47
6BB2ACC5;2;MUL;Panuco deposit;MAIN;48
6B61FFE6;1;QSF;RBZ;MAIN;26|37
6B61FFE6;2;QAD;RBZ;MAIN;26|37
6BE55D6E;1;QSF;Rochester;MAIN;64|67
6BE55D6E;2;EXT;Rochester;MAIN;66
6BE55D6E;3;SHV;Rochester;MAIN;66
6BE22D12;1;MUL;Huaron;MAIN;34
6D6939AF;1;PMV;Bayhorse Mine;MAIN;31|33
6BF378FD;1;QSF;Virginius Vein;MAIN;73
6ED9BA42;1;QCC;TLP and LM Mines;MAIN;27|28
6DBEFD2B;1;PMV;Bilbao;MAIN;115|117
711CF0D1;1;QCC;Vertikalny;MAIN;38|39
711CF0D1;2;QSF;Vertikalny;MAIN;38|39
715ADF7E;1;QAD;Cachinal;MAIN;37|38
6FB38943;1;QSF;Breccia Ridge Zone;MAIN;25|26|27
717BE15E;1;QCC;Escobal;MAIN;46
717BE15E;2;QSF;Escobal;MAIN;46
717BE15E;3;MUL;Escobal;MAIN;46
71D35E22;1;QSF;Tombstone South;MAIN;39|41
71D35E22;2;QCC;Tombstone South;MAIN;39
73D65578;1;QCC;Mann Property;MAIN;73
746501DF;1;QCC;Mangazeisky North;MAIN;66
746501DF;2;QSF;Mangazeisky North;MAIN;66
73B835CA;1;QAD;Veta Madre;MAIN;65|72
74E484C3;1;PMV;Bowdens Silver Project;MAIN;41
74B7884D;1;QCC;Taylor Silver Deposit;MAIN;28
758046AC;1;QSF;Santa Ana;MAIN;59|75
758046AC;2;QAD;Santa Ana;MAIN;79|82
758046AC;3;QCC;Santa Ana;MAIN;79
759ED94E;1;QSF;Fox Deposit;MAIN;45
76526F74;1;QCC;Gold Hunter Vein System;MAIN;65
767CB622;1;QSF;Yauricocha;MAIN;61|62
773CB520;1;QCC;Copala;MAIN;57|58
773CB520;2;QAD;Copala;MAIN;57|62|63
775CD317;1;QCC;Silver Queen Vein System;MAIN;62
775CD317;2;QSF;Silver Queen Vein System;MAIN;62|63
77DBA796;1;QAD;Topia;MAIN;11|30|31
783446A6;1;QSF;Promontorio;MAIN;31
783446A6;2;QAD;Promontorio;MAIN;35
78D29B42;1;AUR;Avino Vein;MAIN;53
78DFDF5C;1;QCC;MR prospect;MAIN;22
789D44C6;1;CAV;Langis;MAIN;28
78B4D312;1;EXT;Cordero Main;MAIN;72
78B4D312;2;QSF;Cordero Main;MAIN;72
78B4D312;3;QCC;Cordero Main;MAIN;89
78B4D312;4;ALS;Cordero Main;MAIN;84
7A1F969E;1;QCC;Galena Mine;MAIN;37|38
796EA41D;1;QCC;Thor Deposit;MAIN;61|75|80|113
796EA41D;2;AUR;Thor Deposit;MAIN;76|112
796EA41D;3;QSF;Thor Deposit;MAIN;76
7BEA4BCB;1;QAD;El Gallo;MAIN;74
7DFB3ACA;1;QCC;MR zone;MAIN;29
7DFB3ACA;2;SUV;MR zone;MAIN;30
7DBD1840;1;QSF;Clemens-El Muerto;MAIN;27|28
7E1A65EB;1;QSF;Mount Reed;MAIN;19
7E0CFDDD;1;QCC;Columba;MAIN;31|35
7E47A196;1;QAD;Tonopah Vein Systems;MAIN;71|72|74
7E47A196;2;QCC;Tonopah Vein Systems;MAIN;74
7E856578;1;QSF;Silver Sand;MAIN;73
8014108F;1;QSF;La Preciosa;MAIN;21|26
8014108F;2;MUL;La Preciosa;MAIN;21|26
7F399953;1;MUL;Toruel Vein;MAIN;23
80A19EB4;1;QSF;La Preciosa;MAIN;21|22|27
80A19EB4;2;MUL;La Preciosa;MAIN;22|27
80D3B12D;1;MUL;Veta Grande vein system;MAIN;55|56
80E36A8A;1;QCC;San José;MAIN;23|28
81669912;1;SBV;Platosa;MAIN;37
81669912;2;QSF;Platosa;MAIN;41|42
82D5D419;1;QSF;Rochester;MAIN;62|64
82B46E0C;1;QSF;Recuperada;MAIN;58|64|73|77|82|85|87|89
82B46E0C;2;QCC;Recuperada;MAIN;58|64|73|77|82|85|87|89
81F15181;1;QSF;GC;MAIN;32
83276ED3;1;FLT;Parlozi;MAIN;35
83276ED3;2;QCC;Parlozi;MAIN;35
8342696B;1;QSF;La Negra;MAIN;24
8330A8F6;1;QCC;Cusi Project;MAIN;38|49
8330A8F6;2;QSF;Cusi Project;MAIN;50
8389644F;1;SBV;Upper Manto;MAIN;25|30
8480ABDA;1;QCC;Barbara Zone;MAIN;25|26|29
83CC8088;1;ALS;Oculto;MAIN;51|54
84F8D52B;1;QCC;Sill Lake Mine;MAIN;28|30
8500664D;1;QSF;San Diego;MAIN;57
8500664D;2;EXT;San Diego;MAIN;56
8500664D;3;FLT;San Diego;MAIN;56
858228D7;1;QCC;Hewitt-Van Roi;MAIN;14|15
858228D7;2;SHV;Hewitt-Van Roi;MAIN;14
85403850;1;QCC;Glavnoye;MAIN;60|61|66|67|76|80
85403850;2;QSF;Glavnoye;MAIN;60|61|66|67|76|80
85CB7AC6;1;FLT;Sierra Mojada;MAIN;59
85CB7AC6;2;QSF;Sierra Mojada;MAIN;57
85CB7AC6;3;CAV;Sierra Mojada;MAIN;58
865EC94A;1;QCC;Galena mine complex;MAIN;31|32|34
865EC94A;2;EXT;Galena mine complex;MAIN;31
865EC94A;3;FLT;Galena mine complex;MAIN;31|32
85EDC974;1;QSF;Oculto;MAIN;45
85CA84DF;1;QSF;GC;MAIN;42|45
86A44542;1;QCC;Bermingham;MAIN;80|86|87
86A44542;2;QSF;Bermingham;MAIN;86
86C92387;1;QCC;Santa María;MAIN;41
86ACF563;1;QCC;Palmarejo;MAIN;60|68|69
87E39EC6;1;SBV;Cerro Punapuna;MAIN;25|30
8827EB3B;1;QSF;Zgounder Silver Deposit;MAIN;77|78
8827EB3B;2;QCC;Zgounder Silver Deposit;MAIN;89
88D10E9D;1;SHV;Tahuehueto;MAIN;37
88D10E9D;2;QCC;Tahuehueto;MAIN;42
88D10E9D;3;QAD;Tahuehueto;MAIN;45
895D183E;1;QSF;San Diego;MAIN;45
8A5FA8EB;1;QAD;El Tigre;MAIN;76
8A5FA8EB;2;QSF;El Tigre;MAIN;69|70
8AB8920B;1;QSF;Prosperity - Porter Idaho;MAIN;17
8B6F1CA0;1;QCC;Taylor;MAIN;48
8B4AC7E6;1;QSF;San Diego;MAIN;57
8B4AC7E6;2;EXT;San Diego;MAIN;56
8B4AC7E6;3;FLT;San Diego;MAIN;56
8B8E59AB;1;QSF;Treasure Mountain;MAIN;21
8C86581A;1;QSF;Corani;MAIN;88|91
8CCC3450;1;QCC;Cordero;MAIN;38|49
8CD9B03E;1;QSF;Silver Sand;MAIN;66
8D9F2942;1;QAD;San Dimas District;MAIN;42|43
8D2C871B;1;QSF;Gavilanes;MAIN;60
8D2C871B;2;QCC;Gavilanes;MAIN;60
8DA35522;1;QSF;Carangas;MAIN;34|40
8DA35522;2;QCC;Carangas;MAIN;33|34|40
8DD3D287;1;QSF;Avino Vein;MAIN;52|53|56
8E1DB40A;1;QAD;Veta Madre;MAIN;39|42
8E2BF70A;1;QSF;Joaquin;MAIN;22|28|30|31
8DD851E6;1;QSF;San Sebastián Project;MAIN;42
8DD851E6;2;QCC;San Sebastián Project;MAIN;43|46|47|55
8F02EA34;1;MUL;Valdecañas vein;MAIN;28|31|32
8EA38632;1;QSF;Main Zone;MAIN;37
8EA38632;2;QCC;Main Zone;MAIN;39|40
8F06F987;1;QSF;Silver Cord;MAIN;81|85
8F777DB1;1;QAD;Nivloc Vein;MAIN;61
8F777DB1;2;QCC;Nivloc Vein;MAIN;62
8FFED014;1;QSF;San Miguel;MAIN;58
8FFED014;2;MUL;San Miguel;MAIN;58
9094C1B3;1;QCC;Ramsey Mine;MAIN;30|31
90B0CA01;1;QAD;Silver Reef Zone;MAIN;27
90F399C7;1;QAD;Valdecañas Vein;MAIN;33
90F399C7;2;QCC;Valdecañas Vein;MAIN;33
90F399C7;3;QSF;Valdecañas Vein;MAIN;35
912CC739;1;QCC;HPG Mine Area;MAIN;27
9130AE3B;1;QAD;Pearce Hill;MAIN;114
90D3F37A;1;QAD;Caylloma Vein System;MAIN;45
90D3F37A;2;QCC;Caylloma Vein System;MAIN;39|40|41|42|43|44|45|50
928888E6;1;MUL;Lachiguiri;MAIN;19
91F892EC;1;QCC;Zimapan Deposits;MAIN;76|78|81
91F892EC;2;QSF;Zimapan Deposits;MAIN;72
92D77946;1;QAD;Topia;MAIN;23
94862B1D;1;QSF;Hackberry;MAIN;37|38|39
9383B217;1;FLT;Soracaya;MAIN;57|65
948C43F8;1;QCC;Trinidad deposit;MAIN;34|36|37|48
949DBD25;1;QCC;Velardeña;MAIN;47
94A32C48;1;QSF;Coyote;MAIN;19
94DC48E0;1;SUV;Pingüino;MAIN;39|40
94DC48E0;2;QCC;Pingüino;MAIN;39|40
95B8DD31;1;QAD;Tonopah West;MAIN;51|52
95BE0E2E;1;MUL;Las Bolas - Los Hilos;MAIN;26
95F4CD00;1;QSF;Dos Naciones;MAIN;18|19
9635B545;1;MUL;Lachiguiri;MAIN;21
9635B545;2;QSF;Lachiguiri;MAIN;21|22
96978FB6;1;MUL;Loma de la Plata;MAIN;57
975CAC40;1;QSF;San José;MAIN;28
976AA2FB;1;QSF;Zgounder;MAIN;76|78
976AA2FB;2;QCC;Zgounder;MAIN;79|80
976D6FAC;1;QSF;Cachi Laguna;MAIN;74|76
976D6FAC;2;ALS;Cachi Laguna;MAIN;76
97A55712;1;QSF;La Preciosa;MAIN;23|28
97A55712;2;MUL;La Preciosa;MAIN;23|28
97F6E398;1;QCC;Trinidad deposit;MAIN;33|35|36|45
98A113B1;1;QCC;Crescent;MAIN;53|59
99FA0953;1;QAD;El Carmen-El Pinguico Vein;MAIN;49
99199393;1;QCC;San Diego;MAIN;47
99199393;2;QSF;San Diego;MAIN;47
99199393;3;QAD;San Diego;MAIN;44|47
99FCD831;1;QSF;Bethania Mine;MAIN;46
9A55B07C;1;QAD;Terronera Vein;MAIN;43|44
9A949783;1;QCC;La Colorada;MAIN;30
9B16F26A;1;QSF;San Vicente;MAIN;21
9ABE054B;1;QSF;Panuco Project;MAIN;58
9ABE054B;2;QAD;Panuco Project;MAIN;74
9ABE054B;3;MUL;Panuco Project;MAIN;58|74
9BE53572;1;QSF;El Gallo;MAIN;37
9BA6B8DE;1;QAD;Caylloma Vein System;MAIN;42
9C491D9A;1;QCC;Candelaria;MAIN;47
9C491D9A;2;QSF;Candelaria;MAIN;50
9C491D9A;3;QTU;Candelaria;MAIN;48
9C74240D;1;QCC;Palmarejo;MAIN;52
9C74240D;2;MUL;Palmarejo;MAIN;52
9D1A9D4B;1;QAD;Viridiana vein;MAIN;17
9E9AA7DD;1;QCC;La Preciosa;MAIN;50|52|55
9E9AA7DD;2;MUL;La Preciosa;MAIN;50|55
9F00342B;1;QAD;Dolores;MAIN;51
9F00342B;2;QSF;Dolores;MAIN;50
9F12079E;1;QCC;Galena Mine Complex;MAIN;29|30|32
9FCD4617;1;QSF;Rochester;MAIN;17|19|22
9FCD4617;2;MUL;Rochester;MAIN;19
9F35F305;1;QSF;Yauricocha;MAIN;53|55
A007F06A;1;QAD;El Cubo;MAIN;55|56
A007F06A;2;QCC;El Cubo;MAIN;55
9FDB6E07;1;AUR;Oculto;MAIN;44
A05DDCDA;1;AUR;Oculto-JAC;MAIN;94
A0B321B4;1;QAD;Bolañitos;MAIN;47|49
A0E7E132;1;QAD;Cerro Bayo;MAIN;25
A0C4641E;1;CAV;Skarn Project;MAIN;51
A1284453;1;QSF;Homestake;MAIN;23|54
A1284453;2;QCC;Homestake;MAIN;23|31|55
A23AA06E;1;QSF;Virginius Vein;MAIN;71
A192206D;1;QSF;Metates Mine;MAIN;43|53
A218CB28;1;QCC;Glavnoye;MAIN;56|57|71|73|74|81|84
A218CB28;2;QSF;Glavnoye;MAIN;56|57
A3483715;1;QCC;Valdecañas vein system;MAIN;56|57
A35CD35C;1;QSF;Waterloo;MAIN;98|101
A3AE69C3;1;QCC;Beaverdell Property;MAIN;42|44|52|53
A37FB899;1;QSF;Plomosas Mine Area;MAIN;87|88|91
A37FB899;2;QCC;Plomosas Mine Area;MAIN;129
A41361A8;1;QCC;TLP-LM;MAIN;23
A41361A8;2;CAV;TLP-LM;MAIN;24
A45480C9;1;QSF;Vertikalny;MAIN;63|73
A45480C9;2;QCC;Vertikalny;MAIN;63|73
A49625D4;1;QCC;Sill Lake Mine;MAIN;28|30
A4E16B89;1;QAD;Martha System;MAIN;23|24|26
A4F4DF55;1;QCC;Trinidad deposit;MAIN;38|40|53
A5ACB7A6;1;QCC;Silver Kings Project;MAIN;79|83|101
A5ACB7A6;2;QFV;Silver Kings Project;MAIN;83
A68F7BB7;1;QCC;Veta Grande system;MAIN;37|38
A61AEFCA;1;MUL;Pirquitas;MAIN;31
A78BCE1A;1;ALS;Concordia;MAIN;44
A78BCE1A;2;QCC;Concordia;MAIN;44
A78BCE1A;3;QSF;Concordia;MAIN;44
A7AEB573;1;QAD;Terronera Vein;MAIN;49|50
A6A46B3D;1;QSF;Los Ricos North;MAIN;109|110
A6A46B3D;2;FLT;Los Ricos North;MAIN;122
A7640B36;1;QAD;Bolañitos;MAIN;44|45
A82B50AC;1;QCC;Cruz de Mayo;MAIN;36
A85EEF5B;1;QCC;Bellekeno;MAIN;70
A8978715;1;QAD;Pacococha;MAIN;51
AA52A686;1;QAD;Veta Madre Vein System;MAIN;21
A92E2EA8;1;QSF;Yauricocha;MAIN;50|55
A92E2EA8;2;QCC;Yauricocha;MAIN;61|65|77
AABC4E82;1;QSF;Pingüino;MAIN;39
AABC4E82;2;PMV;Pingüino;MAIN;39
AABC4E82;3;MUL;Pingüino;MAIN;39
AAE8DCD4;1;QAD;San Dimas District;MAIN;43
AB1DE9C1;1;QSF;Yauliyacu;MAIN;39|40
AB1DE9C1;2;QCC;Yauliyacu;MAIN;39|40
AB1DE9C1;3;MUL;Yauliyacu;MAIN;39|40
AB0C17F9;1;QCC;La Parrilla;MAIN;72|73|74
AB0C17F9;2;QSF;La Parrilla;MAIN;73
AC035AEA;1;QSF;Dos Naciones occurrence area;MAIN;18|19
AB835FFD;1;QAD;Caylloma Mine;MAIN;53
AB835FFD;2;QCC;Caylloma Mine;MAIN;46|47|48|49|50|51|53
AB835FFD;3;QSF;Caylloma Mine;MAIN;46|47|48|49|50|51|53
AB835FFD;4;MUL;Caylloma Mine;MAIN;46|48|50
AC115D7D;1;QSF;Silver Hart Main Zone;MAIN;51
AC115D7D;2;QCC;Silver Hart Main Zone;MAIN;52
AC115D7D;3;QAD;Silver Hart Main Zone;MAIN;54
AC195CB6;1;QSF;Rochester;MAIN;29|31|32|33
AC195CB6;2;MUL;Rochester;MAIN;31
ADD2773F;1;QCC;San Ignacio Mine;MAIN;36
ADD2773F;2;QAD;San Ignacio Mine;MAIN;44
AE892668;1;QCC;Mogollon Vein System;MAIN;55|57|58
AE892668;2;QAD;Mogollon Vein System;MAIN;55
AE892668;3;MUL;Mogollon Vein System;MAIN;55
AEC62657;1;QSF;Ptarmigan Mine;MAIN;62|67
AEC62657;2;QCC;Ptarmigan Mine;MAIN;62|67|81
AEDE097F;1;QSF;Roosevelt;MAIN;28
AF0E2537;1;QCC;Castle Silver;MAIN;34|35|39
AF375661;1;QSF;American Boy;MAIN;22|34
AF375661;2;QCC;American Boy;MAIN;22|34
AFBBF88F;1;QCC;Castle Silver;MAIN;34|35
B0788E21;1;QSF;Silverado;MAIN;44|46
B0788E21;2;SHV;Silverado;MAIN;44|46
B0788E21;3;FLT;Silverado;MAIN;46
B0DA6A8E;1;QCC;Fuwan Silver Deposit;MAIN;33
B11C6920;1;QAD;San Acacio;MAIN;33
B14BF980;1;FLT;San Ignacio Vein System;MAIN;20|21
B1CD9E57;1;QCC;Alamos Vein System;MAIN;47|58
B1CD9E57;2;MUL;Alamos Vein System;MAIN;47
B20AA41F;1;QAD;San Ignacio;MAIN;60
B2662BEB;1;QAD;Urumalqui Vein;MAIN;44|49
B2662BEB;2;MUL;Urumalqui Vein;MAIN;45
B2662BEB;3;QSF;Urumalqui Vein;MAIN;45
B2792D9E;1;QSF;Avino Vein;MAIN;47|52
B3C1271B;1;QSF;GC deposit;MAIN;45
B4246353;1;QSF;Pulacayo;MAIN;45|48|51
B42FD0A8;1;QAD;Topia;MAIN;40|44
B44B70E6;1;QCC;Santa Cruz vein;MAIN;67
B473D9B7;1;QCC;Escobal;MAIN;58
B473D9B7;2;QSF;Escobal;MAIN;58
B473D9B7;3;MUL;Escobal;MAIN;58
B55DD6D0;1;MUL;Toruel Vein;MAIN;26
B55DD6D0;2;QSF;Toruel Vein;MAIN;26
B5313239;1;QCC;La Parrilla;MAIN;72
B564FBA4;1;MGV;Peñasco Quemado;MAIN;82
B5B1D3B7;1;QSF;Reliquias;MAIN;47|48|49
B62FFF51;1;MUL;Huaron Mine;MAIN;52
B79543E6;1;MUL;Valdecañas Vein;MAIN;36|37
B633368A;1;MUL;Nueva Recuperada;MAIN;88
B633368A;2;QSF;Nueva Recuperada;MAIN;82
B633368A;3;QCC;Nueva Recuperada;MAIN;82
B6A4B5EE;1;QSF;Torny Mine;MAIN;100|105|107
B7B44A78;1;QAD;El Tigre;MAIN;121|122
B79D70A4;1;QAD;La Preciosa;MAIN;52
B79D70A4;2;QCC;La Preciosa;MAIN;52
B79D70A4;3;MUL;La Preciosa;MAIN;49
B824689C;1;QAD;La Guitarra;MAIN;42
B834D581;1;SUV;Breccia Ridge Zone;MAIN;32|34
B8A666B8;1;QCC;Coneto;MAIN;26
B8A666B8;2;QSF;Coneto;MAIN;26
B8A666B8;3;SBV;Coneto;MAIN;26
B8A666B8;4;CAV;Coneto;MAIN;32
B91F00DC;1;QSF;Corani;MAIN;77|78
B91F00DC;2;FLT;Corani;MAIN;77|83
B998B4A1;1;AUR;oxide tailings deposit;MAIN;21
B920A044;1;QCC;Escobal;MAIN;50|55
B920A044;2;QSF;Escobal;MAIN;55
B920A044;3;MUL;Escobal;MAIN;55
B920A044;4;CAV;Escobal;MAIN;55
B9E5E01D;1;QSF;Cordero;MAIN;73|75
B9E5E01D;2;QCC;Cordero;MAIN;75
BAAC12F5;1;SBV;Langtry;MAIN;51|52|53
BAAC12F5;2;QCC;Langtry;MAIN;51|53
BACF859B;1;QSF;May Mac Mine;MAIN;42|43|44|45|57
BB2D22D0;1;QSF;Pulacayo;MAIN;39
BC03D0FA;1;QSF;Rochester;MAIN;29|32
BC03D0FA;2;MUL;Rochester;MAIN;31
BC7A0433;1;QSF;Santa Ana;MAIN;41|45
BC7A0433;2;QCC;Santa Ana;MAIN;45
BC7A0433;3;QAD;Santa Ana;MAIN;45|46
BCBE101A;1;MUL;Martha Vein;MAIN;37
BCBE101A;2;QSF;Martha Vein;MAIN;37
BD1790FC;1;QCC;La Frazada Vein;MAIN;89
BD1790FC;2;QSF;La Frazada Vein;MAIN;89
BB3D6672;1;QCC;Ying;MAIN;43
BD27F1F9;1;QAD;Pallancata Vein System;MAIN;36
BD27F1F9;2;MUL;Pallancata Vein System;MAIN;34|35|36
BD27F1F9;3;QCC;Pallancata Vein System;MAIN;35|36
BD27F1F9;4;QSF;Pallancata Vein System;MAIN;35
BDA43C38;1;QSF;Cordero Resource;MAIN;44|47|48
BDB23EF4;1;QSF;Higo Blanco Project;MAIN;30|32
BDB23EF4;2;QAD;Higo Blanco Project;MAIN;38
BDB23EF4;3;SBV;Higo Blanco Project;MAIN;35
BDDFCD30;1;CAV;Cordero;MAIN;15|16
BDCC218F;1;QSF;Iska Iska;MAIN;60|61
BDCC218F;2;QTU;Iska Iska;MAIN;61|75
BDE07C79;1;QAD;Guanajuato Mine;MAIN;48
BDF6AAF0;1;QSF;Rochester;MAIN;35|39|42
BDF6AAF0;2;MUL;Rochester;MAIN;37
BDE5F5A3;1;QCC;Mangazeisky North;MAIN;56|68
BDE5F5A3;2;QSF;Mangazeisky North;MAIN;56|68
BE3FBD1D;1;QCC;Strieborná Vein;MAIN;34|37
BEAF1530;1;QSF;Santa Rosa East Skarn;MAIN;25|29
BEFD845B;1;MUL;San Miguel Vein;MAIN;80
BEFD845B;2;QSF;San Miguel Vein;MAIN;80
C0008121;1;QAD;Hardshell deposit;MAIN;39
BFECADF2;1;QCC;Dolores;MAIN;38
BFECADF2;2;QAD;Dolores;MAIN;38
C009D3E5;1;QSF;Fireweed;MAIN;34
C009D3E5;2;MUL;Fireweed;MAIN;35
C009D3E5;3;QCC;Fireweed;MAIN;37
BFE6587D;1;QSF;GC deposit;MAIN;35
C06D7BD0;1;QCC;Santa Cruz;MAIN;16|23
C08FB663;1;PMV;Bilbao;MAIN;57|58
C0A1A196;1;QSF;Gavilanes Vein System;MAIN;28|32
C2B312DD;1;QCC;Concordia-San Gregorio-Dolores;MAIN;41
C2B312DD;2;QSF;Concordia-San Gregorio-Dolores;MAIN;42
C2EF5887;1;QSF;Cordero;MAIN;69
C31C2198;1;QSF;Elura;MAIN;34
C31EF976;1;QCC;Hercules Silver Project;MAIN;43|44
C31EF976;2;QSF;Hercules Silver Project;MAIN;44
C3DF665F;1;QAD;Dolores;MAIN;33
C3DF665F;2;QCC;Dolores;MAIN;33
C4194CAB;1;QSF;El Favor;MAIN;92|98|111
C418CDDB;1;QCC;JBZ 1;MAIN;20|37|38
C431BAFB;1;QCC;Nuestra Señora;MAIN;46|47
C44653FF;1;PMV;Galena Complex;MAIN;46|47
C4877518;1;QSF;Keg Main Zone;MAIN;32|33
C5C50961;1;MUL;San José;MAIN;29
C6504EDC;1;QSF;Capoose;MAIN;41
C6DFCB14;1;SKV;San Felipe;MAIN;85|91
C71B4EAF;1;QSF;Rose showing;MAIN;33|39
C71B4EAF;2;QCC;Rose showing;MAIN;39
C72D8240;1;QSF;Carangas;MAIN;34|40
C72D8240;2;QCC;Carangas;MAIN;33|34|40
C84951F8;1;QCC;Valdecañas;MAIN;27
C84951F8;2;QAD;Valdecañas;MAIN;27
C8FF050D;1;QSF;Salvador-Zacatecas;MAIN;17
C92F9F6A;1;QSF;Pulacayo;MAIN;76|85
CAEBC7CE;1;QSF;International;MAIN;53|68
CAE73B69;1;QSF;Corani;MAIN;24|25
C945B219;1;QAD;Cerro Bayo District;MAIN;49|50
CBEEA1DC;1;SBV;Santa Matilde;MAIN;12
CC3A1407;1;QCC;Bellekeno;MAIN;5|37|39
CB5FA96C;1;QSF;Bräunsdorf Project;MAIN;39|40
CB5FA96C;2;QCC;Bräunsdorf Project;MAIN;39|40|42
CB5FA96C;3;SBV;Bräunsdorf Project;MAIN;39
C97E5B37;1;QSF;GC;MAIN;44
CC71A3D6;1;QSF;Silver Strand Mine;MAIN;40|41|43|46
CE6A2C33;1;QSF;Corani;MAIN;71
CEBE17F0;1;QCC;El Capitan;MAIN;36|37
D04CE6A2;1;QSF;Tejamen Deposits;MAIN;32
D05E51ED;1;QSF;Keg Zone;MAIN;42
D06D341C;1;QSF;Nueva Recuperada Vein System;MAIN;82|85|104
D06D341C;2;QCC;Nueva Recuperada Vein System;MAIN;82|104
D06D341C;3;FLT;Nueva Recuperada Vein System;MAIN;104
D1DA0B31;1;QCC;Nizhny Endybal;MAIN;52|55
D2462677;1;AUR;Yaxtché;MAIN;45|57
D25BE80C;1;CAV;Keg Main Zone;MAIN;32|33|34
D3003921;1;QSF;Santa Teresita;MAIN;41
D3003921;2;QCC;Santa Teresita;MAIN;42
D347CF71;1;QCC;Velardeña Mines;MAIN;61
D41BB448;1;QAD;San Dimas District;MAIN;43|44
D3ABB0DB;1;AUR;Homestake;MAIN;86
D3ABB0DB;2;QCC;Homestake;MAIN;85
D481B02E;1;QSF;Moonlight Project;MAIN;29|35|42
D481B02E;2;QTU;Moonlight Project;MAIN;26
D542CF53;1;PMV;Medicine Springs;MAIN;32
D0B97A7B;1;QSF;Gaocheng;MAIN;25|31|35
D55D25D4;1;QCC;Deer Trail Mine;MAIN;43
D55D25D4;2;QSF;Deer Trail Mine;MAIN;42
D5577F32;1;QSF;Cerro Las Minitas;MAIN;73
D5F4342C;1;QSF;Cusi;MAIN;35
D5AB036D;1;QSF;Silver City Project;MAIN;43|46|47
D5AB036D;2;QCC;Silver City Project;MAIN;43|46|47|50
D5AB036D;3;SBV;Silver City Project;MAIN;43
D5AB036D;4;MUL;Silver City Project;MAIN;44|47
D6AC7610;1;QAD;La Preciosa;MAIN;80|84
D6AC7610;2;QCC;La Preciosa;MAIN;81
D6AC7610;3;MUL;La Preciosa;MAIN;75|80
D7713E06;1;QCC;Vein Madre;MAIN;56|59
D7086C57;1;QCC;Greens Creek;MAIN;90|91|99
D8E4C720;1;QSF;Pulacayo;MAIN;31
D7FFB9F0;1;QCC;Promontorio;MAIN;40
D91354DB;1;QCC;Trinidad;MAIN;40|42|45|46
D9387042;1;QSF;Waterloo;MAIN;59|60
D9387042;2;QCC;Waterloo;MAIN;60
D98775AB;1;QSF;Moonlight mine;MAIN;19
D984DC83;1;QAD;Virginia Veins;MAIN;28|31
D984DC83;2;MUL;Virginia Veins;MAIN;28
D98E3E2C;1;QCC;Santa Cruz;MAIN;41
D98E3E2C;2;MUL;Santa Cruz;MAIN;41|42
DA04925F;1;QCC;Trinidad deposit;MAIN;35|38|43|44|46
DA04925F;2;QAD;Trinidad deposit;MAIN;55
DA1DC507;1;QSF;Santa Teresita;MAIN;40
D999D770;1;QCC;San Diego;MAIN;45
DA4A4583;1;QSF;Rochester;MAIN;51|57
DA4A4583;2;MUL;Rochester;MAIN;54
DA69AFEB;1;QAD;Guanajuato Mine;MAIN;45|46
DA69AFEB;2;QCC;Guanajuato Mine;MAIN;45
DB4CC708;1;QSF;Silver Chalice;MAIN;15|16|18
DC231F38;1;QAD;Topia;MAIN;31|32
DCCFDAEF;1;AUR;Virginia;MAIN;29
DC13A69E;1;QSF;Toruel Vein;MAIN;25|26
DC13A69E;2;FLT;Toruel Vein;MAIN;21
DCE5B18F;1;PMV;Bilbao;MAIN;31|33
DE2778D6;1;QAD;Animas Vein;MAIN;31
DEB97775;1;QSF;Yauricocha;MAIN;48|72|73
DEC4B047;1;QSF;Boumadine Deposit;MAIN;60
DEC4B047;2;QCC;Boumadine Deposit;MAIN;55|60
DEFB4D5C;1;QSF;Cusi;MAIN;56
DF2DED58;1;QSF;Cusi Mine;MAIN;50|54|55|56|61
DF3AAF5F;1;QCC;Valdecañas Vein;MAIN;48
DF3AAF5F;2;QAD;Valdecañas Vein;MAIN;48
E06D416F;1;AUR;Fuwan silver deposit;MAIN;58
DF699786;1;QAD;El Cubo;MAIN;73|76
DF699786;2;QSF;El Cubo;MAIN;73
E07409D1;1;QSF;Tangana;MAIN;94
E07409D1;2;QCC;Tangana;MAIN;94
E118A1B4;1;QSF;Silver Sand;MAIN;47
E11F3A58;1;QAD;Topia Mine;MAIN;31|32
E0D69416;1;QCC;Galena Complex;MAIN;42|44
E24350AF;1;QCC;Santo Domingo;MAIN;26|27
E281BC8A;1;QTU;Candelaria;MAIN;20
E286629C;1;QAD;Veta Madre;MAIN;76|82
E215642A;1;QAD;Coigues Este;MAIN;47|54|56
E2D610AB;1;QSF;Arqueros;MAIN;33
E349DC6F;1;QCC;Los Ricos South;MAIN;69
E38F8E9D;1;QCC;Alhambra and South Veins;MAIN;31|32|33
E3BEED43;1;QCC;Fuwan Silver Deposit;MAIN;29
E4403BC5;1;QCC;Cerro Los Gatos;MAIN;68
E4403BC5;2;MUL;Cerro Los Gatos;MAIN;69
E44BEF4D;1;QAD;Topia;MAIN;51|54
E5ADEDFD;1;QAD;Pallancata Vein;MAIN;26
E48DC13A;1;PMV;Malku Khota;MAIN;45|47
E61C4E72;1;AUR;Pallancata Vein;MAIN;14
E61C4E72;2;MUL;Pallancata Vein;MAIN;14
E5B34DF0;1;QCC;Santa María;MAIN;43
E73DA26E;1;QCC;Mann Property;MAIN;38
E7A7F4C3;1;QSF;Metates;MAIN;25
E7FB2605;1;QSF;La Escondida Vein System;MAIN;24|27
E826A8E7;1;QSF;Ptarmigan Mine;MAIN;42|47|86
E826A8E7;2;QCC;Ptarmigan Mine;MAIN;42|47|64|70
EA408EFD;1;AUR;La Negra;MAIN;29|30
E851ED32;1;CAV;Keeley-Frontier;MAIN;109|120
E9478493;1;QCC;Cusi Project;MAIN;47
E9478493;2;QSF;Cusi Project;MAIN;48
EA7AFCF1;1;QSF;Pulacayo;MAIN;52
EA4D7F59;1;QCC;Bellekeno;MAIN;61|62
EAEF64B9;1;QSF;Reliquias Mine;MAIN;73|74|77|78
EAEF64B9;2;QCC;Reliquias Mine;MAIN;73|74
EB9365BB;1;QAD;Pertenencia vein system;MAIN;56|62|67
EB5527A1;1;QCC;Valdecañas;MAIN;36
EB5527A1;2;QAD;Valdecañas;MAIN;36
EB41AC63;1;QAD;Guanajuato Mine;MAIN;58
EC9A56DC;1;QCC;South (Heimdall) Zone;MAIN;27
EC9A56DC;2;SHV;South (Heimdall) Zone;MAIN;27
EC9A56DC;3;EXT;South (Heimdall) Zone;MAIN;27
EC9A56DC;4;MUL;South (Heimdall) Zone;MAIN;27
EC570198;1;QSF;El Tigre;MAIN;44|45
ECB67C2D;1;EXT;Zgounder Silver Deposit;MAIN;94|95|100
ECB67C2D;2;FLT;Zgounder Silver Deposit;MAIN;96
ECB67C2D;3;QSF;Zgounder Silver Deposit;MAIN;99
ED7B381F;1;SUV;Platosa;MAIN;37|38|40|48
EDA500D4;1;QAD;Valenciana Mines Complex;MAIN;64|70
EDA500D4;2;QCC;Valenciana Mines Complex;MAIN;64
EE445029;1;QCC;Bayhorse;MAIN;46|49
EE445029;2;AUR;Bayhorse;MAIN;47|54
EFC3178F;1;QSF;Aho Zone;MAIN;25
F01B8862;1;QSF;Gavilanes;MAIN;35|36
F01B8862;2;QCC;Gavilanes;MAIN;36
F06BD793;1;QCC;San Diego;MAIN;44
F06BD793;2;QSF;San Diego;MAIN;44
F06BD793;3;QAD;San Diego;MAIN;41|44
F0F02838;1;QSF;Nuestra Señora;MAIN;55
F10B48EF;1;QAD;Valdecañas Vein;MAIN;37
F10B48EF;2;QCC;Valdecañas Vein;MAIN;37
F1322970;1;QSF;Los Chorrillos;MAIN;36
F20D1557;1;QCC;Cameron occurrence;MAIN;49|50
F16D00CE;1;QSF;Silver Hart Main Zone;MAIN;44|45
F16D00CE;2;QCC;Silver Hart Main Zone;MAIN;45
F16D00CE;3;MUL;Silver Hart Main Zone;MAIN;45
F1EFEAA2;1;QCC;Nieves Vein Systems;MAIN;57
F21EEC6C;1;QCC;Taylor Silver Deposit;MAIN;31
F4B95E4B;1;QSF;Judith Property;MAIN;20
F4B95E4B;2;SBV;Judith Property;MAIN;20
F4CBDDAB;1;QCC;Copala;MAIN;59
F4CBDDAB;2;QSF;Copala;MAIN;48
F4CBDDAB;3;QAD;Copala;MAIN;63
F4DA40EB;1;FLT;Shafter deposit;MAIN;61
F4DA40EB;2;QCC;Shafter deposit;MAIN;61|62
F7D56502;1;QCC;Castle Silver;MAIN;44|45
F89FA822;1;QSF;Gavilanes;MAIN;53|59
F89FA822;2;QCC;Gavilanes;MAIN;53|59
F9075644;1;QSF;La Negra;MAIN;29|30
F8C00475;1;QSF;Zgounder;MAIN;81
F8C00475;2;QCC;Zgounder;MAIN;89
F94132F5;1;QSF;Zimapan;MAIN;44
F94132F5;2;QCC;Zimapan;MAIN;48
F94132F5;3;CAV;Zimapan;MAIN;47
FA321C2A;1;FLT;Parlozi;MAIN;33
FA321C2A;2;QCC;Parlozi;MAIN;33
F9597F7E;1;QSF;Animas-Refugio Corridor;MAIN;28
FA179EBC;1;QSF;Boumadine;MAIN;57
FA179EBC;2;QCC;Boumadine;MAIN;57
FB036D67;1;QAD;Guanajuato Mine;MAIN;50
FB250354;1;QCC;SGX;MAIN;40
FBA23E07;1;QSF;La Joya;MAIN;71|74|75
FBA23E07;2;QCC;La Joya;MAIN;75
FBC813C9;1;QSF;Oculto;MAIN;65|66
FC10A137;1;QCC;Crescent Mine;MAIN;29|31
FBEF6507;1;QCC;Palmarejo;MAIN;82
FBEF6507;2;QSF;Palmarejo;MAIN;82
FCD2939E;1;SBV;Arroyo Seco;MAIN;13
FCB043A6;1;QAD;San Dimas;MAIN;66
FCB043A6;2;QCC;San Dimas;MAIN;66
FD7770D8;1;QAD;Los Ricos South;MAIN;84|87
FD7770D8;2;MUL;Los Ricos South;MAIN;84
FCD81FFC;1;QAD;Mogollon District Veins;MAIN;52
FCD81FFC;2;QCC;Mogollon District Veins;MAIN;54
FCD81FFC;3;MUL;Mogollon District Veins;MAIN;52
FDEA31D6;1;QCC;Los Ricos South;MAIN;56
FF6D816E;1;QSF;Arlington property;MAIN;29|31|33
FF6D816E;2;QCC;Arlington property;MAIN;30|31
FF6D816E;3;QFV;Arlington property;MAIN;29
FF446EFD;1;QSF;Panuco Project;MAIN;86
FF446EFD;2;MUL;Panuco Project;MAIN;85|86
FF446EFD;3;QCC;Panuco Project;MAIN;96
FF446EFD;4;QAD;Panuco Project;MAIN;100
FFCDF978;1;QSF;Yaxtché;MAIN;57|71
011DB75B;1;QSF;McIlvenna Bay Deposit;MAIN;116
004A897C;1;QSF;Jasperoide;MAIN;91|96
004A897C;2;AUR;Jasperoide;MAIN;100
004A897C;3;SBV;Jasperoide;MAIN;101
012CDCE7;1;QSF;Filo del Sol;MAIN;43
012CDCE7;2;SHV;Filo del Sol;MAIN;44
0188D460;1;QSF;Kismet;MAIN;73|74
01B9F6FB;1;ALS;Filo del Sol;MAIN;45
01B9F6FB;2;QSF;Filo del Sol;MAIN;46|57
01FFC76A;1;SKV;Bolivar;MAIN;52
01F80D49;1;QSF;Nacho Zone;MAIN;22|27
02F063C7;1;QCC;Bend;MAIN;50
033C22C1;1;SHV;Gibraltar Deposits;MAIN;58
033C22C1;2;QSF;Gibraltar Deposits;MAIN;58|61
034D4472;1;QSF;Yerington Mine;MAIN;49|55
03878B61;1;MUL;Berg Deposit;MAIN;20
038DC810;1;QSF;Northwest and Southeast Zones;MAIN;42|43|45
038DC810;2;QCC;Northwest and Southeast Zones;MAIN;41|46
035BDD76;1;QSF;Seel;MAIN;62|63|64
035BDD76;2;QCC;Seel;MAIN;62|73|74
038E5924;1;QCC;Chapais Property;MAIN;32
038E5924;2;SHV;Chapais Property;MAIN;32
0393E6D0;1;QCC;Whipsaw target area;MAIN;23|27|34
03B26F28;1;SHV;American Eagle;MAIN;37
03EBBDC3;1;QSF;Allard Zone;MAIN;49
03EBBDC3;2;QCC;Allard Zone;MAIN;49
04210A89;1;QCC;Kipoi Central;MAIN;65
04547E4D;1;QSF;Sheep Creek;MAIN;35|39
04547E4D;2;SBV;Sheep Creek;MAIN;35
04547E4D;3;QCC;Sheep Creek;MAIN;39
045DB693;1;QCC;Macktush Veins;MAIN;20|21|22
045DB693;2;QSF;Macktush Veins;MAIN;20|21|22
0532FBF5;1;QSF;Ox Lake;MAIN;22|23
0513BF95;1;SHV;MacArthur;MAIN;55
05732007;1;MGV;Tumpangpitu;MAIN;36
05732007;2;SUV;Tumpangpitu;MAIN;45
057D9138;2;QSF;Zafranal Main zone;MAIN;71
057D9138;3;QCC;Zafranal Main zone;MAIN;71
057D9138;4;SBV;Zafranal Main zone;MAIN;72
057B3714;1;SKV;Billiken;MAIN;33
05FEDF01;1;QSF;Allard;MAIN;54
05FEDF01;2;QCC;Allard;MAIN;54|56
062FFCAA;1;QSF;Main Zone;MAIN;39|53|61|62
062FFCAA;2;AUR;Main Zone;MAIN;39
063F8436;1;QSF;Chitigua;MAIN;22
066FD738;1;QTU;Malpica deposit;MAIN;29|32
069EC672;1;MUL;Tenke Fungurume;MAIN;48|50
0688A054;1;QSF;Cactus;MAIN;85
067DEA1B;1;QSF;Cerro Fraga Mineralized System;MAIN;66|67|68
07095125;1;QSF;Delta;MAIN;26|30
07095125;3;QCC;Delta;MAIN;35
078FBA34;1;QCC;Yellowhead Copper Deposit;MAIN;58|60|68
0818F537;1;QSF;Cañariaco Norte;MAIN;50|54
0820DDBD;1;QSF;Poplar Deposit;MAIN;35
087C2CF4;1;QSF;Sierra Gorda;MAIN;80|88
087C2CF4;2;EXT;Sierra Gorda;MAIN;88
08FB93DB;1;FLT;Lunahuasi;MAIN;37|42
08FB93DB;2;EXT;Lunahuasi;MAIN;37|42
08FB93DB;3;ALS;Lunahuasi;MAIN;37|39|42
092C4670;2;QSF;Santo Tomás;MAIN;102
092C4670;3;QCC;Santo Tomás;MAIN;102
092DB49E;1;QSF;Aranzazu;MAIN;48|52
0947B6A3;1;AUR;Tucumã Gold Deposits;MAIN;37
09A00C34;1;QCC;Switchback Copper Silver;MAIN;36
0978B4D0;1;QSF;Marimaca;MAIN;62|63|70
09A137BC;1;QSF;Ilovitza;MAIN;55|56
0A160972;1;QCC;Mount Copper;MAIN;84
0A160972;2;QSF;Mount Copper;MAIN;84
0A95289F;1;QSF;Zonia;MAIN;40|43
0B22154C;1;QSF;Contact Copper Project;MAIN;31|32
0B439B21;1;ALS;Longshot Ridge;MAIN;23
0B292532;1;FLT;Superior;MAIN;66|68
0B5508B1;1;QCC;Mazamorras;MAIN;32|37
0B5508B1;2;QSF;Mazamorras;MAIN;33|37
0B5508B1;3;SBV;Mazamorras;MAIN;33|37
0B5508B1;4;CAV;Mazamorras;MAIN;34
0BD36908;1;QSF;Eaglehead;MAIN;16|49|51|52
0BFE1648;1;QSF;Lordsburg District;MAIN;62
0BFE1648;2;MUL;Lordsburg District;MAIN;63
0C0338B9;1;QSF;La Tuna;MAIN;14|18
0C43256D;1;QSF;Lillefjell;MAIN;22|23
0C51FC2C;1;QSF;Chitigua Porphyry System;MAIN;22
0C1FDC7E;1;FLT;Marimaca;MAIN;66
0C1FDC7E;2;MGV;Marimaca;MAIN;66
0C65B5C2;1;AUR;Caldera Project;MAIN;22
0DA16AA6;1;QSF;Anomaly Creek;MAIN;15
0DA16AA6;2;QCC;Anomaly Creek;MAIN;14
0C689604;1;QSF;Mont de la Brèche;MAIN;89
0C689604;2;FLT;Mont de la Brèche;MAIN;91
0C689604;3;QCC;Mont de la Brèche;MAIN;72
0DA4B3D0;1;QCC;Gunnison Deposit;MAIN;73|76
0E6A3FF7;1;QSF;Casino;MAIN;37
0E6A3FF7;2;PMV;Casino;MAIN;38
0EA1B563;1;AUR;Espiritu Porphyry System;MAIN;23|31
0EA1B563;2;QFV;Espiritu Porphyry System;MAIN;23
0EA1B563;3;QSF;Espiritu Porphyry System;MAIN;23|31
0EA1B563;4;PMV;Espiritu Porphyry System;MAIN;23
0EA1B563;5;QCC;Espiritu Porphyry System;MAIN;23|31|33|34
0EA1B563;6;QAD;Espiritu Porphyry System;MAIN;31|36
0EF8E232;1;QSF;Maricate-Cobremani;MAIN;19
0EAF3CF7;1;QCC;Kansanshi;MAIN;38|40
0FB6513F;1;QCC;Chibougamau Camp Veins;MAIN;92|95|96|97
0FD0621B;1;QSF;Elder Creek;MAIN;31|32|33|36
1067EA99;1;QAD;El Cobre;MAIN;20
1067EA99;2;QSF;El Cobre;MAIN;17
10AC1323;1;QSF;San Mateo;MAIN;22|23|25
10AC1323;2;QCC;San Mateo;MAIN;27|28|29
10BDC441;1;QSF;East Taurus Zone;MAIN;39
10BDC441;2;SBV;East Taurus Zone;MAIN;41
10C3D3EB;1;QSF;Rio Grande;MAIN;41|42
10C3D3EB;2;MGV;Rio Grande;MAIN;42
10C3D3EB;3;SBV;Rio Grande;MAIN;43|44
10C3D3EB;4;QAD;Rio Grande;MAIN;44
10D3A212;1;QSF;Santa Rita pit;MAIN;29
10D3A212;2;AUR;Santa Rita pit;MAIN;27|29
112FFB6F;1;QSF;Paiute;MAIN;30
112FFB6F;2;QCC;Paiute;MAIN;31
1141E160;1;QCC;Vernon Mine;MAIN;31
11F4AC10;1;QCC;Kamoa;MAIN;131|153
1248633F;1;QSF;Seel;MAIN;37|39|43
1248633F;2;SBV;Seel;MAIN;39
1248633F;3;CAV;Seel;MAIN;37|48
1248633F;4;QAD;Seel;MAIN;48
12897B47;1;QSF;Kiseljak;MAIN;22
12897B47;2;SHV;Kiseljak;MAIN;33
126DFDE2;1;QSF;Jean;MAIN;26
12875E35;1;QSF;La Verde;MAIN;42|43
12875E35;2;SHV;La Verde;MAIN;41|45
12875E35;3;QCC;La Verde;MAIN;41
12875E35;4;QTU;La Verde;MAIN;48
136DEF90;1;QSF;Copper Flat;MAIN;68|71
136DEF90;2;QCC;Copper Flat;MAIN;68|70
12EEDC5C;1;QSF;Cobre Panamá;MAIN;55|58|59|65
12EEDC5C;2;SBV;Cobre Panamá;MAIN;58
13D66F48;1;QSF;AntaKori;MAIN;36
13A3D518;1;QSF;Haib;MAIN;37|38
14019B27;6;QSF;Ann Mason;MAIN;89|93
1466E530;1;QSF;Wildcat Property;MAIN;25
1466E530;2;QCC;Wildcat Property;MAIN;22|24|25
140607B1;2;MGV;Valeriano;MAIN;54
140607B1;4;QSF;Valeriano;MAIN;54
140607B1;5;QAD;Valeriano;MAIN;54
140607B1;6;ALS;Valeriano;MAIN;54
1421A64E;1;EXT;Munshiwemba;MAIN;31|32
1421A64E;2;QSF;Munshiwemba;MAIN;32
156C1FC6;1;QSF;Mabilo;MAIN;116|118
15757D71;1;QSF;Coxheath;MAIN;42|44|45
158DFD00;1;QSF;McIlvenna Bay;MAIN;48|49|51
15BAB1F2;1;QSF;Highland Valley Property;MAIN;39
166695F6;1;QSF;EBL;MAIN;26
166695F6;2;QCC;EBL;MAIN;27
166695F6;3;AUR;EBL;MAIN;25
16EC5B80;1;QCC;Triangle d'Argent;MAIN;43
16E5B84D;1;QSF;La Fortuna;MAIN;55
169FD19D;1;QSF;Chelopech;MAIN;56|57
17194073;1;QSF;Maria Luisa;MAIN;30|36
1761897E;1;QSF;Star;MAIN;54|55
179EF479;1;QSF;Aguila;MAIN;13|14
179EF479;2;MUL;Aguila;MAIN;14
17A2D48B;1;QSF;Bolivar;MAIN;33
17CE9C2D;1;QSF;Corner Bay;MAIN;115|120|127
17CE9C2D;2;QCC;Corner Bay;MAIN;115|120
17CE9921;1;MGV;Pilot;MAIN;19|20
17CE9921;4;QSF;Pilot;MAIN;19|20
1874E12A;1;QSF;Main Zone Porphyry;MAIN;39
1874E12A;2;SHV;Main Zone Porphyry;MAIN;39
1976C515;1;QSF;Central Porphyry Zone;MAIN;29|33
195E0531;1;QSF;Lottie;MAIN;14|15|18
195E0531;2;SBV;Lottie;MAIN;18
195AFFD3;1;QSF;Star;MAIN;54|55
195AFFD3;2;CAV;Star;MAIN;55
195AFFD3;3;SBV;Star;MAIN;55
195AFFD3;4;QFV;Star;MAIN;55
19D97606;1;QCC;Toro Vein System;MAIN;19|24|25
1987828B;1;QAD;El Cobre;MAIN;20|21|22
1987828B;2;QSF;El Cobre;MAIN;17|21|44
1A0CB299;1;QSF;Khavchig Yargait (KY);MAIN;41
1A65FA88;1;QSF;Central Zone;MAIN;37|49
1A65FA88;2;QFV;Central Zone;MAIN;43
1A844DEC;1;QSF;Lennac Lake;MAIN;49|50
1B1B83C5;1;QSF;Majuba Hill;MAIN;44|45
1B49E2D0;1;MUL;Lustdust System;MAIN;24
1B49E2D0;2;QSF;Lustdust System;MAIN;20|22|32
1B49E2D0;3;PMV;Lustdust System;MAIN;24
1B9D624D;1;QSF;North Zone;MAIN;35
1B9D624D;2;SHV;North Zone;MAIN;42
1BB0D9F1;1;CAV;Golcuk;MAIN;46
1C33021F;1;QSF;Olgal;MAIN;40
1BD47F85;1;MGV;Don Beno;MAIN;20
1BD47F85;2;AUR;Don Beno;MAIN;20
1BD47F85;3;QCC;Don Beno;MAIN;28
1BF83342;1;QSF;Siwash Property;MAIN;38|39
1BF83342;2;QCC;Siwash Property;MAIN;39
1BF233CE;1;QSF;Zafranal Main Zone;MAIN;63
1BF233CE;2;QCC;Zafranal Main Zone;MAIN;64
1BF233CE;3;SHV;Zafranal Main Zone;MAIN;64
1C8A1908;1;QTU;Gnat Pass;MAIN;82
1C4271A5;1;QSF;Mal-Wen Porphyry System;MAIN;29|36
1C4271A5;2;QCC;Mal-Wen Porphyry System;MAIN;29|36
1D0D4AC6;1;MGV;Farellon;MAIN;28|35|50
1CE1A525;1;QSF;Santa Rita pit;MAIN;29
1D7816FA;1;QCC;Kuke;MAIN;16|17
1D8A274B;1;QSF;Skouries;MAIN;64
1D8A274B;2;QCC;Skouries;MAIN;64
1E0F7C02;1;QSF;Rex;MAIN;39
1E641D70;1;QSF;Defesa das Mercês;MAIN;44
1E641D70;2;CAV;Defesa das Mercês;MAIN;41
1EFEF5B2;1;QSF;Mantle;MAIN;49|50
1F57D1D6;1;QSF;American Eagle/Keel;MAIN;64
1F7FA1A5;1;QSF;Zonia;MAIN;68|71
1FE0D1CF;1;QSF;Copper Mountain;MAIN;53
1FE0D1CF;2;QCC;Copper Mountain;MAIN;53
1FFED8AF;1;QCC;T-1 Copper Deposit;MAIN;48
1FE59C52;1;QSF;Thompson Knolls;MAIN;48|74
20A1FA8D;1;QSF;Thompson Knolls;MAIN;51|78
20A89ED6;1;QSF;Poplar Deposit;MAIN;36
21506A3E;1;QSF;Rio Grande;MAIN;38|39
21F453E1;1;QSF;Bayugo;MAIN;24|26
21D7121A;1;QSF;Chinchillones Complex;MAIN;74|81
21D7121A;2;ALS;Chinchillones Complex;MAIN;74|83
222391FF;1;QSF;Zonia;MAIN;38|41|42
229AE0D0;1;QSF;Hugo North Extension;MAIN;98|99
23137982;1;QSF;Taca Taca;MAIN;51|53|55
237A5A29;1;QSF;Tomtebo Mine;MAIN;36
23C43C3D;1;MGV;Copper Mountain;MAIN;46
23C43C3D;3;QFV;Copper Mountain;MAIN;46
240A358E;1;QSF;Johnny Lee;MAIN;66|70
240A358E;2;SBV;Johnny Lee;MAIN;66|67
240A358E;3;QCC;Johnny Lee;MAIN;70
241453AB;1;QSF;Southeast Zone;MAIN;30
241453AB;2;SBV;Southeast Zone;MAIN;30
241453AB;4;PMV;Southeast Zone;MAIN;31
23EB0062;1;QSF;Lansdowne House Igneous Complex;MAIN;90|91|102
23EB0062;2;QCC;Lansdowne House Igneous Complex;MAIN;90|91|102
24367B87;1;QSF;Arroyos Azules;MAIN;45|48
24C70B17;1;QSF;Kay Mine;MAIN;26
24902640;1;QSF;Yerington Deposit;MAIN;99|102
254E646D;1;AUR;Salobo;MAIN;36
248354B2;1;QSF;Cañariaco Norte;MAIN;69|78
25CBE541;1;QSF;Taca Taca;MAIN;35|37|39
256FDE04;1;QCC;Mount Milligan;MAIN;81|82|83
256FDE04;2;QSF;Mount Milligan;MAIN;83
256FDE04;3;AUR;Mount Milligan;MAIN;82
26197CAF;1;QCC;Beskauga;MAIN;40
26197CAF;2;CAV;Beskauga;MAIN;40
26197CAF;3;QSF;Beskauga;MAIN;40
266EF03A;1;SBV;El Corral;MAIN;23|25
26C06FC9;1;QSF;Southeast Zone;MAIN;32
26C06FC9;2;SBV;Southeast Zone;MAIN;32
26C06FC9;3;PMV;Southeast Zone;MAIN;32
26EA3216;1;QCC;Ghanzi;MAIN;25
27461FA9;1;QSF;Valley deposit;MAIN;21
270360D0;1;AUR;Empire Mine;MAIN;45
2742A5BB;1;QSF;Central Zone;MAIN;72
2742A5BB;2;QFV;Central Zone;MAIN;69
273AFB3A;1;AUR;Empire Mine;MAIN;44
27C5C4F5;1;QSF;Johnson Camp Mine;MAIN;55
27F8E9FB;1;AUR;UMZ;MAIN;32
279FF237;1;QSF;Valeriano;MAIN;45
2850466D;2;MGV;Alpala;MAIN;124
2850466D;6;SBV;Alpala;MAIN;124
28784297;1;QSF;Oyu Tolgoi deposits;MAIN;114|116|133|135
28BA8081;1;QCC;Amy Lake Zone;MAIN;38
28BA8081;2;QSF;Amy Lake Zone;MAIN;41
28BA8081;3;CAV;Amy Lake Zone;MAIN;43
28BA8081;4;SKV;Amy Lake Zone;MAIN;43
28E547C3;1;FLT;Cathedral Area;MAIN;43
28E547C3;2;QSF;Cathedral Area;MAIN;43
28E547C3;3;SHV;Cathedral Area;MAIN;48
291D03B0;1;FLT;Vaquillas Mine;MAIN;61
29C62E19;1;FLT;La Guanaca;MAIN;19
2A893C12;1;FLT;Cozamin;MAIN;67
2A893C12;2;QCC;Cozamin;MAIN;69|71
2A08A0D0;1;QSF;Iron Mountain Fault Zone;MAIN;70|79
2A08A0D0;2;QFV;Iron Mountain Fault Zone;MAIN;72
2A93AEFC;1;QSF;Dos Amigos;MAIN;74|80
2A93AEFC;2;MGV;Dos Amigos;MAIN;71|74|75
2B09FC0B;1;QSF;Sombrero Main/Nioc Project;MAIN;51|53|54|79
2A99EB42;1;QSF;Hugo Dummett;MAIN;150
2B258E75;1;MGV;Santo Domingo;MAIN;52|68
2B74DF9A;1;SHV;Gibraltar Mine;MAIN;63
2B74DF9A;2;EXT;Gibraltar Mine;MAIN;63
2B74DF9A;3;QSF;Gibraltar Mine;MAIN;66
2C8B78F3;1;QCC;Marymac;MAIN;29|30
2C8B78F3;2;QSF;Marymac;MAIN;29
2BA6DA0A;1;QSF;Cortadera;MAIN;117|127
2BA6DA0A;3;SBV;Cortadera;MAIN;117|127
2BA6DA0A;4;CAV;Cortadera;MAIN;117|127
2BF77B51;1;QSF;Lansdowne House Igneous Complex;MAIN;90
2BF77B51;2;QCC;Lansdowne House Igneous Complex;MAIN;90
2CBCDE37;1;QSF;B26 deposit;MAIN;52|53
2CBCDE37;2;QCC;B26 deposit;MAIN;52|53
2CBCDE37;3;PMV;B26 deposit;MAIN;53
2D2353D4;1;QAD;Crunchy Hill;MAIN;67|71
2E7C4864;1;QSF;Ann Mason;MAIN;88|92
2F48CA8E;1;QSF;Buckhorn;MAIN;27
2F701B56;2;QSF;Pinto Valley;MAIN;37|43|44
3099DE4F;1;QSF;Jiama;MAIN;31
30BB8DD6;1;QSF;Mocoa;MAIN;34
30750494;1;QCC;Nicolet Property;MAIN;68|70
30750494;3;QSF;Nicolet Property;MAIN;68|70|71
309B8140;1;QSF;Lagalochan;MAIN;50|51
309B8140;2;QCC;Lagalochan;MAIN;39|51
30E1D533;1;AUR;Bolivar;MAIN;28
313B0DE0;1;QSF;Hushamu;MAIN;41
313B0DE0;2;CAV;Hushamu;MAIN;41
31B6E7C4;1;QSF;3C deposit;MAIN;30
31D1916C;1;QSF;Samalayuca;MAIN;37
31D1916C;2;QCC;Samalayuca;MAIN;45
31FB98BD;1;QSF;Josemaría;MAIN;67|70|71
31FD91FE;1;QCC;Sentinel;MAIN;57
3208250A;1;AUR;Rattlesnake Creek Target;MAIN;68
321FCB96;1;QSF;Mount Milligan;MAIN;57|59
321FCB96;2;AUR;Mount Milligan;MAIN;58
321FCB96;3;QCC;Mount Milligan;MAIN;59
327289CF;1;QCC;Yauricocha;MAIN;70
327289CF;2;QSF;Yauricocha;MAIN;70
310B90D0;1;QSF;Harper Creek;MAIN;59|60
310B90D0;2;QCC;Harper Creek;MAIN;67
310B90D0;3;EXT;Harper Creek;MAIN;67
33B27A47;1;QSF;Warintza Central;MAIN;44
33B2BE91;1;QSF;Valley;MAIN;44|49
33B2BE91;2;QCC;Valley;MAIN;48
33BF1AD1;2;CAV;Minto Deposit;MAIN;54
33BF1AD1;3;AUR;Minto Deposit;MAIN;54
33E3DC0A;1;QSF;Copper Prince;MAIN;17|19|21
3400CC6F;7;QFV;Main Zone;MAIN;64
3400CC6F;8;QCC;Main Zone;MAIN;66
34144819;1;QSF;Donnelly;MAIN;31|33
34144819;2;SHV;Donnelly;MAIN;32
34144819;3;CAV;Donnelly;MAIN;30|32
34BB78F2;1;QSF;Mt. Milligan;MAIN;36|37
34BB78F2;2;QCC;Mt. Milligan;MAIN;37
3462679A;1;CAV;Kay Deposit;MAIN;110
3462679A;2;QSF;Kay Deposit;MAIN;110
34B15861;1;QSF;Dick Creek;MAIN;39
3523D2F6;1;QSF;Cobrasco-Comita;MAIN;50|51|61
3523D2F6;2;MGV;Cobrasco-Comita;MAIN;51
359722A2;1;QCC;Sase Project;MAIN;35
357554E9;1;QSF;Jewelry Box;MAIN;39
357554E9;2;QCC;Jewelry Box;MAIN;40
35C7958E;1;QSF;Cañariaco Norte;MAIN;30|34
36B53299;1;QSF;Haquira;MAIN;50|57
3642F95C;1;QSF;Hill 1835;MAIN;34|35|41
3642F95C;2;AUR;Hill 1835;MAIN;35
3637053E;1;QSF;Sierra Gorda;MAIN;51|57
36E1FFB8;1;QSF;OK Intrusive Complex;MAIN;26
36E1FFB8;2;MUL;OK Intrusive Complex;MAIN;26
3752223A;1;QSF;Vizcachitas;MAIN;30
371DA4F2;1;QSF;El Domo;MAIN;61
371DA4F2;2;SBV;El Domo;MAIN;56
371DA4F2;3;CAV;El Domo;MAIN;59
37E5FB33;1;MGV;Copper Mountain;MAIN;25|27|28
37E5FB33;3;QFV;Copper Mountain;MAIN;28
383E6CFF;1;CAV;Cerro Verde;MAIN;35
38696906;1;QSF;Rudnitza;MAIN;18
385644EB;1;MGV;Sue-Dianne;MAIN;38
385644EB;3;SUV;Sue-Dianne;MAIN;39
3883E73D;1;QSF;Regalito;MAIN;69|75|77
3883E73D;2;MGV;Regalito;MAIN;74|76
38A14904;1;QSF;Los Helados;MAIN;50
38A14904;2;SHV;Los Helados;MAIN;50
38B826DA;1;SBV;Solwara 1;MAIN;48
38F2CC99;1;QSF;Cerro Barco;MAIN;72|75
3935D41A;1;MUL;Planalto;MAIN;66
39463288;1;QSF;Taca Taca Bajo;MAIN;36
390CFBF7;1;QSF;Kwanika Central;MAIN;58
390CFBF7;2;QCC;Kwanika Central;MAIN;58
397B0570;1;QSF;Berta;MAIN;80|82|95
39BB80BB;1;QSF;Hushamu Deposit;MAIN;18
3A8DFB21;1;QSF;Los Helados;MAIN;61
3A8DFB21;2;QTU;Los Helados;MAIN;61
3A8DFB21;3;AUR;Los Helados;MAIN;63
3A96C0F2;1;QSF;Central Aguila Zone;MAIN;24
3AB613B6;1;MGV;Saddle North;MAIN;87
3AB613B6;2;QSF;Saddle North;MAIN;87|88|89
3AB613B6;3;QCC;Saddle North;MAIN;89
3AB0BC78;1;QSF;La Fortuna;MAIN;55
3AB0BC78;2;QFV;La Fortuna;MAIN;55
3AB0BC78;3;MGV;La Fortuna;MAIN;55
3ACBCEA7;1;CAV;Kay Mine;MAIN;5|23|28
3ADD0C5C;1;QCC;El Alacran;MAIN;44
3B4571E3;1;QSF;Katie prospect;MAIN;22|24
3BF3D3B6;1;QSF;Deerhorn;MAIN;37
3B80118F;1;QSF;Chita Porphyry;MAIN;45|61
3B80118F;2;QAD;Chita Porphyry;MAIN;44|61
3CD78E97;1;QSF;Mahab 4;MAIN;37
3CB1D357;1;QSF;Berg Deposit;MAIN;37
3CB1D357;2;QCC;Berg Deposit;MAIN;37
3C01B775;1;QSF;Cortadera;MAIN;164
3CF28AF9;1;QSF;Los Helados;MAIN;55
3CF28AF9;2;SHV;Los Helados;MAIN;55
3CF3A5AA;1;QSF;Pebble deposit;MAIN;66|67|68
3CF3A5AA;2;QCC;Pebble deposit;MAIN;67|68
0295D9BC;1;QSF;Eaglehead Project;MAIN;57|62|63|78
0295D9BC;2;SBV;Eaglehead Project;MAIN;57|68|73|90
0295D9BC;3;QFV;Eaglehead Project;MAIN;67
128E3DD7;1;AUR;Sugarloaf;MAIN;32|34
2DC58281;1;QSF;Arroyos Azules;MAIN;39|42|50
C8AFD621;1;QSF;Reliquias Mine;MAIN;47|48
C8AFD621;2;QCC;Reliquias Mine;MAIN;47|48
CCFE7D7E;1;QSF;Cerro Las Minitas;MAIN;29
DD09D7E2;1;QCC;Randy;MAIN;47
DD09D7E2;2;SHV;Randy;MAIN;60|68|71
DD09D7E2;3;FLT;Randy;MAIN;71
DD09D7E2;4;EXT;Randy;MAIN;68|71
EE9A3FAA;1;SHV;Surluga;MAIN;63
EE9A3FAA;2;EXT;Surluga;MAIN;63|67
EE9A3FAA;3;QCC;Surluga;MAIN;67
EE9A3FAA;4;QSF;Surluga;MAIN;67
30FF3DB6;1;QSF;Arroyos Azules;MAIN;60|63
360D735B;1;QCC;Peterson Lake Veins;MAIN;31
360D735B;2;QSF;Peterson Lake Veins;MAIN;35
00A34F0F;1;QCC;Skynner Lake;MAIN;36
00A34F0F;2;QSF;Skynner Lake;MAIN;36
00B1F975;1;QCC;Laura Lake property;MAIN;66|67|68
00B1F975;2;QSF;Laura Lake property;MAIN;66|67|68
01606B63;1;MGV;Whistler deposit;MAIN;30
01606B63;2;QSF;Whistler deposit;MAIN;30
01606B63;3;SUV;Whistler deposit;MAIN;30
01606B63;4;CAV;Whistler deposit;MAIN;30
017966EB;1;SUV;Las Aguilas;MAIN;35
017C755D;1;QSF;North Zone;MAIN;59|63
01A35857;1;QCC;Redstone;MAIN;32|37
01859F86;1;SUV;Cieneguita;MAIN;23|27
01B7CE1F;1;QSF;Bonsai;MAIN;17
0190ECEE;1;SUV;Santa Rita;MAIN;53|54|60
02A73698;1;QSF;Cerro del Gallo;MAIN;34
02A73698;2;QCC;Cerro del Gallo;MAIN;34
02A73698;3;EXT;Cerro del Gallo;MAIN;28
02F4CBC5;1;QSF;Woodlawn deposit;MAIN;68
03E61789;1;AUR;Mavres Petres;MAIN;17
032BD052;1;QSF;Agi Dagi;MAIN;32
04583154;1;QCC;Jam - Bell Lake Zone;MAIN;14|53|60|61|64|69
04583154;2;QSF;Jam - Bell Lake Zone;MAIN;60|68|69|70
04583154;3;SHV;Jam - Bell Lake Zone;MAIN;75|76
0487AD30;1;QSF;Marmato;MAIN;67|70
04C2B186;1;QSF;Solomon Shear;MAIN;36|39
04C2B186;2;QCC;Solomon Shear;MAIN;53
04A302F6;1;QSF;Cannivan Gulch;MAIN;19|23
0517112B;1;QSF;Ulo Ulo;MAIN;14|17
055152ED;1;QAD;Kamila;MAIN;70|78|90|92
060C9CFF;1;QAD;Fortuna;MAIN;40|44|45
055F5372;1;QSF;Nixon Fork;MAIN;45|46
06499911;1;QCC;Rodeo;MAIN;29|31|38
06499911;2;QAD;Rodeo;MAIN;38
05F6A6C1;1;SBV;Santa Cecilia;MAIN;31
05F6A6C1;2;ALS;Santa Cecilia;MAIN;31
05F6A6C1;3;QTU;Santa Cecilia;MAIN;31
075A8E2A;1;QCC;Briggs;MAIN;35
06D57437;1;MUL;Money Knob;MAIN;21
06D57437;2;QCC;Money Knob;MAIN;20|23
06D57437;3;QSF;Money Knob;MAIN;23
0766109B;1;QAD;Topacio Vein System;MAIN;17
075931F5;1;SKV;David;MAIN;20
075931F5;2;EXT;David;MAIN;17|20|31
0772A3C4;1;QSF;Main Breccia Zone;MAIN;28
0772A3C4;2;EXT;Main Breccia Zone;MAIN;27
0800D1A5;1;QAD;San Dimas District;MAIN;42|43
07F24680;1;SHV;Groete Creek;MAIN;27|28|29
08A89ACA;1;QCC;Timginn;MAIN;19|21
08A73147;1;QAD;Vein Zone;MAIN;28|32
0887207E;1;QSF;Pinaya;MAIN;32|33|36|37
08ED6686;1;QSF;Anatacau property;MAIN;14|15
08ED6686;2;QCC;Anatacau property;MAIN;15
08FC930A;1;QSF;Jenner Stock;MAIN;38|39
0965C0FF;1;QSF;Milnet Mine;MAIN;61
096C8780;1;QSF;Mt. Haskin;MAIN;23|24|30
09B8FBCA;1;QSF;Middle Ridge;MAIN;21|24|25|28
0A84B78A;1;QCC;San Juan veins;MAIN;47|59
09D8A764;2;MUL;Las Carolinas;MAIN;25
09D8A764;3;QSF;Las Carolinas;MAIN;25|26
0A140538;1;QCC;Montgomery Pass;MAIN;10|11|12
0A9F151C;1;SHV;Hakkari Zinc Project;MAIN;41
0ACC5BBB;1;AUR;Atlanta Mine;MAIN;22
0B13B013;1;QSF;Lac Escale Project;MAIN;18|25
0B2EF4CE;1;QTU;Uncle Sam;MAIN;31
0B2EF4CE;2;SUV;Uncle Sam;MAIN;31
0B41D8B1;1;QCC;Tex-Sol Showing;MAIN;20|22
0B41D8B1;2;AUR;Tex-Sol Showing;MAIN;20
0BAD8452;1;QCC;Silver Bell-St. Lawrence;MAIN;18|19
0B3CE050;1;QAD;La Josefina;MAIN;33|40|44|46
0B3CE050;2;MUL;La Josefina;MAIN;35
0B8D3E5F;1;QCC;Little River Prospect;MAIN;64|66|67|69|73
0B8D3E5F;2;QSF;Little River Prospect;MAIN;64|73|75
0BD632CA;1;QSF;Carla Licences;MAIN;28|29|32
0BD632CA;2;QCC;Carla Licences;MAIN;28|33
0CB801BD;1;AUR;Severance Property;MAIN;15
0C4D5621;1;QSF;Deep River;MAIN;31|36
0D134149;1;QCC;Lac Anctil;MAIN;24|31
0CBB8F6D;1;QSF;Victory Lake;MAIN;30
0D26D02E;1;QTU;Franto;MAIN;16
0D26D02E;2;QSF;Franto;MAIN;16
0CFDD828;1;QSF;Calerita;MAIN;21|22
0CEA718C;1;CAV;Sahavaara;MAIN;53
0CC8407C;1;QSF;Lac Pau;MAIN;12|13|24|26
0D4C0FF7;1;QSF;Surdulica;MAIN;39
0D531FB9;1;AUR;Kargysh;MAIN;26
0E3371F6;1;QSF;Echandia;MAIN;70|71
0E62BCCC;1;CAV;QDD;MAIN;80
0DCBCD9D;1;AUR;Dombraly;MAIN;30|31
0EBA9A06;1;QSF;JJ Main;MAIN;35|37|38
0F3D8A6E;1;QSF;Northern Zone;MAIN;28
0F480F07;1;SUV;Bucko Deposit;MAIN;32
0FF02422;1;QSF;Slumach Zone;MAIN;21
10463E22;1;QAD;East Manhattan Project;MAIN;13
104F4913;1;AUR;Graben;MAIN;78
104F4913;2;QSF;Graben;MAIN;78
10751597;1;SUV;Turnagain;MAIN;59
110A6947;1;QSF;Main Zone;MAIN;21
110A6947;2;QCC;Main Zone;MAIN;23|28
10F6855D;1;QSF;American Tunnels;MAIN;61
117638C7;1;QSF;Franto showing;MAIN;13|14
113DC4E0;1;QSF;Ballarat;MAIN;24
113DC4E0;2;QCC;Ballarat;MAIN;38
113DC4E0;3;AUR;Ballarat;MAIN;15|19|24|38
11D70AF0;1;QCC;Cossette vein;MAIN;23|26
11D44AF8;1;QCC;Molejón;MAIN;49|52|54
123AA614;1;QSF;La Luz;MAIN;26
123DABD9;1;EXT;Main vein;MAIN;30|32
123DABD9;2;FLT;Contact zone;MAIN;30|32
13B5E359;1;QAD;Eureka;MAIN;41|44
13B5E359;2;QSF;Eureka;MAIN;41|44
146D2D82;1;AUR;La Arena;MAIN;52
146D2D82;2;QSF;La Arena;MAIN;52
146D2D82;3;SUV;La Arena;MAIN;52
15555452;1;QSF;Gold Hill;MAIN;15|18
14A6C77A;1;QCC;Cristal Prospect;MAIN;70|87
158F2CCF;1;QSF;Posse;MAIN;52
156FCCBA;1;QCC;New Alger;MAIN;21
156FCCBA;2;QSF;New Alger;MAIN;21
15FA17EF;1;QSF;Creighton South;MAIN;58
15C419E4;1;QSF;Border;MAIN;37|40|43|45
1633F823;1;SBV;Lundberg deposit;MAIN;28
167C4A24;1;QSF;New Pass;MAIN;12
16965990;1;QSF;Cerro Jumil;MAIN;30|36
16965990;2;ALS;Cerro Jumil;MAIN;31
171B1106;1;SUV;Mystery;MAIN;40|67
1737010A;1;CAV;Prairie Lake Carbonatite Complex;MAIN;24
1750C917;1;AUR;Attikamagen Iron Property;MAIN;42|47
17EB8306;1;QCC;Malartic-Midway;MAIN;40|41
1810741B;1;QCC;Pb-U showing;MAIN;51
180E0E9F;1;AUR;Powell Zone;MAIN;28
18D32CF4;1;QAD;Eureka;MAIN;59|62
18D32CF4;2;QSF;Eureka;MAIN;59
18437C2D;1;QCC;Brisas;MAIN;55|58
18437C2D;2;QSF;Brisas;MAIN;60
1997C103;1;QSF;Woodlawn deposit;MAIN;48
18D42717;1;QCC;Fruta del Norte;MAIN;52|59|65
18D42717;2;QAD;Fruta del Norte;MAIN;59|65
18D42717;3;MUL;Fruta del Norte;MAIN;58|59|64
18D42717;4;QSF;Fruta del Norte;MAIN;58|64
193148F4;1;QSF;Bracemac-McLeod;MAIN;77|89|90
193148F4;2;QCC;Bracemac-McLeod;MAIN;76|83|91
19FA1AE4;1;AUR;Corihuarmi;MAIN;34
19F39BFE;1;QSF;Tad/Toro;MAIN;20|21
1A37B23F;1;QSF;Encanto Zone;MAIN;36|38
1A37B23F;2;MUL;Encanto Zone;MAIN;36|37
1A71B529;1;QSF;Westwood Project;MAIN;43|44
1A71B529;2;QTU;Westwood Project;MAIN;44
1A92FAF9;1;QCC;Okalla;MAIN;40
1A92FAF9;2;QSF;Okalla;MAIN;40
1ACB6C83;1;QSF;Bajo Negro;MAIN;34|40|41
1B00CA76;1;QSF;Deflector;MAIN;105|110
1B5496FF;1;QSF;Tom's Gully;MAIN;17|18|19
1BB7FAC9;1;QCC;Briggs;MAIN;40
1BECFFD4;1;QSF;San Albino;MAIN;37|41
1BC0A09A;1;QSF;Nucleus Deposit;MAIN;29
1BC0A09A;2;SUV;Nucleus Deposit;MAIN;29
1C78C457;1;QSF;Augusta;MAIN;36|38
1CCCE002;1;QSF;Liberty deposit;MAIN;57
1D7BD560;1;AUR;Zone OL12;MAIN;28
1D9FA677;1;MGV;Minas-Rio;MAIN;41
1DD79530;1;QCC;Mactung;MAIN;54
1DD79530;2;QSF;Mactung;MAIN;60
1DF57209;1;QCC;Daniels Pond;MAIN;30|31
1FD7DC63;1;MUL;Yura Shear Zones;MAIN;15
1FD7DC63;2;QSF;Yura Shear Zones;MAIN;16
1F38F0A8;1;QSF;Pembroke;MAIN;78
1FE28C68;1;QSF;Chimu Project;MAIN;14|16
2019F5EB;1;SUV;Crowflight Properties;MAIN;36
2019F5EB;2;QCC;Crowflight Properties;MAIN;36
2076D146;1;QAD;Main Zone;MAIN;20|21|22
201FB2E5;1;QSF;Marmato;MAIN;106|107
20B08AD4;1;QSF;PII Colorado;MAIN;24
20FDB1F0;1;QSF;Upper Beaver;MAIN;42|43
20FDB1F0;2;QCC;Upper Beaver;MAIN;43
20FDB1F0;3;AUR;Upper Beaver;MAIN;43
214F8B57;1;QSF;Playter Mo-Re Deposit;MAIN;39|42
217FF1DB;1;QAD;Escondida;MAIN;34|36
217FF1DB;2;MUL;Escondida;MAIN;35|36
21939920;1;QSF;JJ Main;MAIN;39|42
21DD692A;1;QSF;Torlon;MAIN;45|47
230AE34F;1;EXT;Deer Horn vein system;MAIN;28|30
230AE34F;2;FLT;Deer Horn vein system;MAIN;28|30
22CDB52A;1;QCC;Road and Creek showings;MAIN;39|44|46|48
241BEEC2;1;SUV;Premiere Ridge deposit;MAIN;38
2387B45D;1;QSF;Crypto deposit;MAIN;50
23733695;1;QCC;Golden Mile Zone;MAIN;40|45
24C82287;1;AUR;Valentine Mountain Project;MAIN;27|28
252594A1;1;QSF;36 Zone;MAIN;20
24F9E55E;1;QCC;Maybrun;MAIN;30
247B9D83;1;AUR;241NC zone;MAIN;20|21
241F4BFB;1;CAV;Volta Grande;MAIN;40
25293461;1;QSF;Metates;MAIN;29
2546659F;1;QSF;Caspiche Central;MAIN;36|37
2546659F;2;MUL;Caspiche Central;MAIN;36
258459D8;1;QAD;Pinos Altos;MAIN;103|106
258459D8;2;QCC;Pinos Altos;MAIN;107
25CE35A1;1;QSF;Mount Hope;MAIN;53|55
25A3B465;1;QSF;Mitchell Zone;MAIN;109
25A3B465;2;SBV;Mitchell Zone;MAIN;109
25A3B465;3;QCC;Mitchell Zone;MAIN;110
259A2B56;1;QSF;Pascua-Lama;MAIN;71
259A2B56;2;ALS;Pascua-Lama;MAIN;71|72
262BBA58;1;QSF;Piedra Rodante;MAIN;20
26611B2B;1;QSF;Koval zone;MAIN;45
269780FC;1;QCC;Orion Gold Deposit;MAIN;15|16|21
269780FC;2;QSF;Orion Gold Deposit;MAIN;25
269D92B2;1;QCC;Cerro Prieto;MAIN;40
26AEFA94;1;QSF;Thunder Lake Deposit;MAIN;53|54|56
26AEFA94;2;AUR;Thunder Lake Deposit;MAIN;53|57
26E2E779;1;QCC;El Urf;MAIN;20|22|24
26E2E779;2;MGV;El Urf;MAIN;19|22|24
27A57F06;1;EXT;Tesoros Fault Zone;MAIN;18
2760CB43;1;QSF;Cerro Moro;MAIN;59
2760CB43;2;MUL;Cerro Moro;MAIN;59
275349AD;1;QSF;North Zone;MAIN;40|41
27E23882;1;MUL;Santa Lucia North;MAIN;33
27E23882;2;QAD;Santa Lucia North;MAIN;34
27B385F5;1;QSF;CUMO;MAIN;41
27B385F5;2;SKV;CUMO;MAIN;46
27B385F5;3;MUL;CUMO;MAIN;42
27E84AFC;1;QCC;Duggan Zone;MAIN;31
281F107D;1;QSF;Spinifex Ridge;MAIN;32|33
281F107D;2;MUL;Spinifex Ridge;MAIN;33
282F8A45;1;QCC;Herrick Deposit;MAIN;21|39
2842D028;1;QSF;Zun-Holba;MAIN;59|67|73
28954D2F;1;QCC;Mina Verde;MAIN;38
289E6193;1;SHV;South Kivu-Maniema Gold Belt;MAIN;80|81
289E6193;2;QSF;South Kivu-Maniema Gold Belt;MAIN;80|81|86
292AB7DA;1;AUR;Zone 12;MAIN;28
291B758B;1;AUR;Massey Silica;MAIN;18|20|21
29B261FB;1;EXT;Bella Rica;MAIN;31
29B261FB;2;SHV;Bella Rica;MAIN;31
29C2A89A;1;QCC;Bonanza Project;MAIN;25|26|27
2A54B25B;1;QSF;Grouse Hill Intrusion;MAIN;54|60|79
2A9F6CC7;1;QCC;West Zone;MAIN;75|76|79
2A9F6CC7;2;EXT;West Zone;MAIN;76
2A9F6CC7;3;SHV;West Zone;MAIN;79
2B1688B9;1;QSF;Jerome Mine;MAIN;23
2B1688B9;2;QCC;Jerome Mine;MAIN;21|23
29FB97CD;1;QAD;Alhué;MAIN;54
29FB97CD;2;MUL;Alhué;MAIN;59
2B6FE9DD;1;SUV;Santa Rita;MAIN;59
2B5E21D7;1;AUR;Ace;MAIN;53|54
2B5E21D7;2;QSF;Ace;MAIN;53|54|63
2B5E21D7;3;TLD;Ace;MAIN;54
2B8AF20C;1;QSF;Wilds Creek;MAIN;24
2C748DFB;1;QSF;Tocantinzinho;MAIN;35
2C748DFB;2;QCC;Tocantinzinho;MAIN;35|36
2CADE4FB;1;QSF;La Cumbre;MAIN;31|36|37
2DFF335E;1;QSF;CP Hill;MAIN;19
2DFF335E;2;AUR;CP Hill;MAIN;19
2E56F98B;1;QSF;Kişladağ;MAIN;39
2E6EDADA;1;SHV;Frog's Leg;MAIN;35|39
2E6EDADA;2;QSF;Frog's Leg;MAIN;35|39|40|41
2E95F8F5;1;QCC;San Lucas Property;MAIN;50|53|54
2E95F8F5;2;QSF;San Lucas Property;MAIN;53
2E95F8F5;3;MUL;San Lucas Property;MAIN;52
2E95F8F5;4;EXT;San Lucas Property;MAIN;50|51
2E95F8F5;5;FLT;San Lucas Property;MAIN;50|51
2EDDC8E6;1;QCC;Jojay deposit;MAIN;48
2EDDC8E6;2;CAV;Jojay deposit;MAIN;45
2EDDC8E6;3;AUR;Jojay deposit;MAIN;45
2EFAF8F5;1;AUR;Golden Eagle;MAIN;41|42
2F5F525C;1;SUV;Langmuir W4;MAIN;5|40|41
2F8030C6;1;SBV;REE Zone;MAIN;31|33|34|39
2F5FCA28;1;QCC;Tyranite;MAIN;40
2FEDFD7B;1;AUR;La Ventosa;MAIN;18|20
30658289;1;QSF;Frontino Vein System;MAIN;9|50|53
306DC5B4;1;QSF;Ulo Ulo;MAIN;17
30B9ACCC;1;QFV;Canadian Malartic deposit;MAIN;42
30909EA6;1;QAD;Blackdome Veins;MAIN;21
30FC6E54;1;QSF;Marmato;MAIN;77|78
3103C58F;1;QSF;Cerro del Gallo;MAIN;29|32
3188BA5D;1;QSF;Paredones Amarillos;MAIN;63
32176DA3;1;QSF;Jenner Stock;MAIN;33|34
3253025F;1;QCC;Co-O;MAIN;88|163
32E58FC9;1;SKV;Wels Property;MAIN;10|14
32ECC8C5;1;SHV;Two Mile Hill;MAIN;44|46|51|99
32ECC8C5;2;QSF;Two Mile Hill;MAIN;95
338815FD;1;QCC;Palmarejo;MAIN;63
338815FD;2;MUL;Palmarejo;MAIN;63
34DFE572;1;QAD;Escondida;MAIN;21
34DFE572;2;MUL;Escondida;MAIN;21
34FAB120;1;QSF;Hachey and Shaft zones;MAIN;38
35311A04;1;AUR;Mayaniquel Project;MAIN;22
35311A04;2;SKV;Mayaniquel Project;MAIN;24
3532C373;1;QCC;A Zone;MAIN;50
3532C373;2;EXT;A Zone;MAIN;50
354E9E24;1;QSF;Chapalota;MAIN;12|15
35D703C8;1;QAD;Columbia;MAIN;36|40|41|43
361552D6;1;SUV;Qarqasiaq;MAIN;11
364075B4;1;EXT;Coringa;MAIN;67|71
364075B4;2;FLT;Coringa;MAIN;67|71
364075B4;3;SHV;Coringa;MAIN;67
364075B4;4;QSF;Coringa;MAIN;71
36771BF7;1;QAD;San Luis vein system;MAIN;66
366C4134;1;QCC;Santa Maria vein system;MAIN;15|17|18|19
366C4134;2;QAD;Santa Maria vein system;MAIN;17|18
366C4134;3;MUL;Santa Maria vein system;MAIN;15
3695C0DC;1;QAD;Santo Niño Vein;MAIN;39|40
37134B02;1;QSF;Rainy River Gold Project;MAIN;51|54
37134B02;2;QCC;Rainy River Gold Project;MAIN;43|44|57
37134B02;3;SHV;Rainy River Gold Project;MAIN;44|57
37134B02;4;EXT;Rainy River Gold Project;MAIN;46|57
37B70E58;1;AUR;KGL Masters Project;MAIN;97|102|105|106|111
37FCC300;1;QAD;Alisitos;MAIN;22
381ABA47;1;QSF;Kitsault;MAIN;54
381ABA47;2;QCC;Kitsault;MAIN;54
3857D313;1;QSF;Simkar Gold Zones;MAIN;25|26|27|29
3857D313;2;QCC;Simkar Gold Zones;MAIN;27|30
3872681E;1;QSF;Clear Lake;MAIN;35
3872681E;2;QCC;Clear Lake;MAIN;35
396A18CA;1;EXT;Nkout;MAIN;37
3948CD49;1;SBV;Mountain Lake Deposit;MAIN;29
3948CD49;2;FLT;Mountain Lake Deposit;MAIN;29
39C99DA9;1;QSF;Back Forty;MAIN;35
3AE210F6;1;ALS;Pantanillo North;MAIN;17|21
3AE210F6;2;SHV;Pantanillo North;MAIN;21
3B07C310;1;QCC;Cheminis;MAIN;40
3B0BBBDC;1;QSF;Unter Tolgoi Project;MAIN;17|18|20|21
3B29874E;1;QSF;Charlotte Vein System;MAIN;39
3B29874E;2;QCC;Charlotte Vein System;MAIN;42|45
3BF52CD9;1;QSF;Skukum Creek;MAIN;27
3C104A73;1;QSF;Cerro del Gallo;MAIN;40|41
3C104A73;2;QAD;Cerro del Gallo;MAIN;42
3C2395A9;1;QCC;Rosebel deposits;MAIN;40|51|56|57
3C2395A9;2;SHV;Rosebel deposits;MAIN;41
3C2395A9;3;EXT;Rosebel deposits;MAIN;41|42
3C36C8CB;1;QCC;Lac Anctil;MAIN;24|31
3C492CDB;1;QCC;Turnberry Prospect;MAIN;38|39
3C492CDB;2;QTU;Turnberry Prospect;MAIN;38
3C492CDB;3;QSF;Turnberry Prospect;MAIN;40
3C492CDB;4;SUV;Turnberry Prospect;MAIN;40
3C4EB3F6;1;QCC;Gold Hill;MAIN;12|13|24
3CA547F1;1;QCC;Briggs;MAIN;36
3C59D89C;1;QSF;Little Granite;MAIN;51|64
3D14AC78;1;QCC;South Dolly Claims;MAIN;14
3CC9AA96;2;QSF;Horseshoe Deposit;MAIN;63
3CC9AA96;3;AUR;Horseshoe Deposit;MAIN;50
3D3F4276;1;QSF;Boyongan;MAIN;17
3D61A42F;1;QCC;Dash;MAIN;24|25
3D6EAF45;1;QAD;Don Sixto;MAIN;30|32
3D6EAF45;2;SHV;Don Sixto;MAIN;30
3D6EAF45;3;EXT;Don Sixto;MAIN;30
3D78C237;1;QCC;Bald Hill;MAIN;21
3DD97DB5;1;QSF;Nueva California;MAIN;36
3DD97DB5;2;AUR;Nueva California;MAIN;36|38
3DED1FE0;1;SUV;Souker;MAIN;5|36
3D769D3A;1;QSF;Pine Grove;MAIN;30|31
3D769D3A;2;SHV;Pine Grove;MAIN;30
3D769D3A;3;FLT;Pine Grove;MAIN;31|32
3DBE94B9;1;QSF;San Albino;MAIN;23|29|30|33|34
3DBE94B9;2;QAD;San Albino;MAIN;29|38
3E0CF062;1;SBV;Tres Cruces Project;MAIN;20
3E3286CD;1;QAD;Alisitos;MAIN;21
3E3286CD;3;PMV;Alisitos;MAIN;26|27|30
3E3E6925;1;QCC;Busitema;MAIN;55
3E8664FC;1;QCC;Anillo;MAIN;14|20
3EB2D3A1;1;QSF;Caspiche Porphyry;MAIN;43|44|45
3F33B170;1;ALS;La Cuaba Lithocap;MAIN;18
3FDD5F6C;1;QCC;Burton;MAIN;22
403B56DE;1;QSF;Wild Rose - Deadwood Zone;MAIN;36|41
403B56DE;2;QCC;Wild Rose - Deadwood Zone;MAIN;38
403B56DE;3;SHV;Wild Rose - Deadwood Zone;MAIN;38
40301917;1;QCC;MacLellan deposit;MAIN;30|31|35|36
40301917;2;QSF;MacLellan deposit;MAIN;30|36
40301917;3;SKV;MacLellan deposit;MAIN;31|36
4080F888;1;QCC;La Nueva Escondida;MAIN;13|20
40F05832;1;AUR;Neville-Potier Property;MAIN;59
418A74BE;1;QSF;Thompson Creek;MAIN;32|33
40FA379E;1;QSF;CUMO;MAIN;31
40FA379E;2;QCC;CUMO;MAIN;32
41648E5F;1;QSF;Pasto Bueno;MAIN;57|58
41BFB874;1;QCC;Spider Mine;MAIN;23
42040425;1;QAD;Imwauna;MAIN;50|52|65
422C890C;1;MGV;Los Azules;MAIN;60
422C890C;2;QSF;Los Azules;MAIN;60
42AB181B;1;QSF;San Pedro / Los Churumbelos;MAIN;38
42935EE9;1;QFV;L;MAIN;44
42935EE9;2;PMV;L;MAIN;44
42373668;1;QSF;Tres Hermanos Veins;MAIN;19|22
4273A7A2;1;QCC;Banana Zone;MAIN;47|48|52
42C7DBED;1;EXT;Main Breccia Zone;MAIN;32
42C7DBED;2;QSF;Main Breccia Zone;MAIN;33
42DAECFA;1;QCC;Goat Yard Prospect;MAIN;18
42DAECFA;2;AUR;Goat Yard Prospect;MAIN;18
42D5DCD3;1;QSF;Cevizlidere;MAIN;32|37|40
42F60873;1;QSF;Kirazlı;MAIN;47
4345F35D;1;FLT;Tantamaco;MAIN;41|43
4321C418;1;QSF;El Zancudo;MAIN;37
43C525A6;1;QSF;Valja Strz;MAIN;30|31|34
4466355F;1;MUL;Zone III;MAIN;73|74
44BD18C7;1;QCC;Kipoï Central;MAIN;56
44BD18C7;2;MUL;Kipoï Central;MAIN;33
44BF994C;1;QCC;Zone 3;MAIN;17
44D10935;1;QAD;Šturec;MAIN;39
44F08FBA;1;QCC;Discovery Zone;MAIN;29
44F18370;1;QCC;Guadalupe Property;MAIN;26
44F18370;2;QSF;Guadalupe Property;MAIN;28
45102086;1;QSF;ROK;MAIN;22
45102086;2;QCC;ROK;MAIN;22
4541D08B;2;AUR;Otter Project;MAIN;20|23
45A337B0;1;QSF;Thompson Creek;MAIN;32
45D4A481;1;QCC;Ondundu Main Zone;MAIN;26
45D4A481;2;EXT;Ondundu Main Zone;MAIN;26
45D4A481;3;AUR;Ondundu Main Zone;MAIN;26
45602BB9;1;QSF;Sinchao;MAIN;38|39
45602BB9;2;SBV;Sinchao;MAIN;28
466DE97A;1;QCC;Two Mile Creek;MAIN;15
465B99D2;1;QSF;Porphyry Pearl;MAIN;25
465B99D2;2;QCC;Porphyry Pearl;MAIN;26
468F76DA;1;QSF;Main Molybdenite Zone;MAIN;41|42
46D0ABED;1;QSF;Workman's Bench - Pringle Bench;MAIN;38|39
46D0ABED;2;QCC;Workman's Bench - Pringle Bench;MAIN;38|47
47AD5F97;1;QSF;El Paredon;MAIN;18
471799A3;1;QSF;Inmachuk Prospect;MAIN;17
471799A3;2;AUR;Inmachuk Prospect;MAIN;16|17
471799A3;3;SBV;Inmachuk Prospect;MAIN;16
47B12DBA;1;QSF;Panantza;MAIN;23
48400570;1;QSF;Bunker Hill Mine area;MAIN;24|27
4820F8E9;1;MGV;Blackbird deposits;MAIN;43
483EF80A;1;QAD;Alisitos;MAIN;22
483EF80A;3;PMV;Alisitos;MAIN;24|28|30
483EF80A;4;QCC;Alisitos;MAIN;27|28
481C8DD1;1;QSF;Haile;MAIN;28|172
4897439E;1;QSF;La Verde;MAIN;41
4897439E;2;SHV;La Verde;MAIN;44
4897439E;3;QTU;La Verde;MAIN;47
489FE526;1;QSF;Mt. Milligan;MAIN;66
489FE526;2;AUR;Mt. Milligan;MAIN;66
48A38FDF;1;QSF;Porphyry Knob;MAIN;17|18
48A38FDF;2;CAV;Porphyry Knob;MAIN;18
49206A9E;1;AUR;Ho Ray and Thac Trang;MAIN;41
48BC2F60;2;SKV;Las Carolinas;MAIN;27
48BC2F60;3;QFV;Las Carolinas;MAIN;27
48BC2F60;5;QTU;Las Carolinas;MAIN;27
48BC2F60;6;CAV;Las Carolinas;MAIN;27
49261CF4;1;QSF;Vetas;MAIN;44
49F95FF6;1;QSF;Wahemen;MAIN;10
49C553E3;1;QAD;Kamila;MAIN;63
49C553E3;2;QCC;Kamila;MAIN;70
49C553E3;3;AUR;Kamila;MAIN;52|70
49FECE74;1;QCC;Hat;MAIN;29|32
49FECE74;2;QSF;Hat;MAIN;29|32
49FECE74;3;SHV;Hat;MAIN;31|32
49FECE74;4;EXT;Hat;MAIN;32
4A041DC6;1;QSF;Hercules showing;MAIN;15
4A156B50;1;AUR;Ample-Goldmax zone;MAIN;23|25
4A5D0194;1;QSF;South Corridor Deposit;MAIN;22
4AB2E7AF;1;QSF;Snowfield;MAIN;62|84
4AB2E7AF;3;CAV;Snowfield;MAIN;84
4AF50809;1;QCC;Mooseland;MAIN;48
4B0432B2;1;QSF;Trieste prospect;MAIN;10|12|15|16
4B700DD3;1;QCC;Thierry deposit;MAIN;33|34
4BB57FF6;1;QSF;Central Quartz Vein Zone;MAIN;15|19
4B9ACD89;1;MUL;El Creston;MAIN;34|35
4B9ACD89;2;QSF;El Creston;MAIN;35
4B9ACD89;3;QCC;El Creston;MAIN;35
4BB2761D;1;QCC;Maybrun;MAIN;37
4C50DC0B;1;QCC;Velvet Mine;MAIN;33
4C23972A;1;SKV;Pumpkin Hollow;MAIN;75
4CE09B61;1;QSF;Ba Dinh area;MAIN;11
4CD384BB;1;QCC;Rocmec 1;MAIN;32
4CD384BB;2;CAV;Rocmec 1;MAIN;32
4CCAA08A;1;QSF;Kitsault;MAIN;115
4CCAA08A;2;QCC;Kitsault;MAIN;115|116
4D20499A;1;QSF;Belleterre Mine;MAIN;18|19|20
4D20499A;2;SHV;Belleterre Mine;MAIN;18|20
4D20B895;1;QSF;Palanog-Kambalantong;MAIN;45|52
4D649093;1;QCC;Spanish Mountain;MAIN;38
4D649093;2;QSF;Spanish Mountain;MAIN;38|43
4D726E55;1;QSF;JOY East Property;MAIN;17|18|19
4DAC653D;1;QAD;Orosi;MAIN;57|60
4DB85FF3;1;QSF;Northwest and Southeast Zones;MAIN;33|36|37
4DB85FF3;2;QCC;Northwest and Southeast Zones;MAIN;39
4DC2B587;1;SUV;Allammaq;MAIN;23|28
4E5C34BB;1;QSF;Main Breccia Zone;MAIN;32
4ECB7CDB;1;QSF;Ryan Lake;MAIN;16
4ECB7CDB;2;MUL;Ryan Lake;MAIN;16|17
4E5C9E35;1;QCC;Çöpler;MAIN;61
4E6C8BE2;1;QCC;MacCormack;MAIN;33|34
4E6C8BE2;2;QSF;MacCormack;MAIN;34
4EE95E8E;1;QSF;El Tesoro;MAIN;23
4EE95E8E;2;SHV;El Tesoro;MAIN;20|23|24
4EE95E8E;3;AUR;El Tesoro;MAIN;23|24
4F4C89B2;1;QSF;Spring Valley;MAIN;36|37
4F4C89B2;2;QTU;Spring Valley;MAIN;38
4F000A95;1;QCC;MacCormack Showing;MAIN;35|36
4F217738;1;MUL;Rocher Deboule Mine;MAIN;25|35
4F217738;2;QSF;Rocher Deboule Mine;MAIN;27|33
4F217738;3;QCC;Rocher Deboule Mine;MAIN;35
4F247081;1;QSF;Matala;MAIN;30
4FB4F60D;1;QSF;Gralheira;MAIN;33
4F59691F;1;FLT;Isabelle zone;MAIN;13
4F83AEF5;1;QSF;Central Zone;MAIN;15|45|58
4F4DBB42;1;QSF;Zun-Holba;MAIN;51|55|57|59|65
4F929CF0;1;QSF;Copaquire;MAIN;41|44
4FC2EB2F;1;QSF;Caspiche Porphyry;MAIN;69|70
5079DA0F;1;AUR;Greywacke Lake;MAIN;27|28
512CAAE6;1;AUR;Anomaly Area E-13;MAIN;40|41
5138B3DB;1;QCC;Duggan Zone;MAIN;34
51A832CB;1;MUL;Kipoi Central;MAIN;34
51A832CB;2;QSF;Kipoi Central;MAIN;56
51A832CB;3;QCC;Kipoi Central;MAIN;56
51AD892A;1;AUR;Zinc Zone;MAIN;29|30|32
51B8AA5D;1;SHV;Astorius-Babine Project;MAIN;18
5240418D;1;QSF;Mirador;MAIN;46
52834053;1;QSF;Marietta Project;MAIN;12|13
52D26047;1;QCC;Hamelin zone;MAIN;16|20
52D00515;1;QSF;Los Loros;MAIN;19
52FE566E;1;QSF;Malrobic Zone;MAIN;23
52FE566E;2;QCC;Malrobic Zone;MAIN;23
52A45118;1;AUR;Capoose deposit;MAIN;18
52A45118;2;QCC;Capoose deposit;MAIN;18
5394FE2A;1;QSF;Sleeping Giant Mine;MAIN;17
53770FD2;1;QSF;Goldfield West;MAIN;19|20
537E1BD9;1;QSF;Lalor;MAIN;49
53F0413F;1;QSF;Yanamina;MAIN;50
53FB08B4;1;QSF;Hope Brook deposit;MAIN;90|94
53FB08B4;2;TLD;Hope Brook deposit;MAIN;94
540FEB06;2;QSF;Tocantinzinho;MAIN;33|34
5449228E;1;QCC;Duggan Zone;MAIN;30
54859A14;1;QAD;Discovery Zones;MAIN;33|36|41
54859A14;2;QSF;Discovery Zones;MAIN;36
54859A14;3;MUL;Discovery Zones;MAIN;35|36|37
54859A14;4;QCC;Discovery Zones;MAIN;38
55E99D58;1;QSF;Endako;MAIN;23|29
570E3DAF;1;QSF;Zone 4;MAIN;51
570E3DAF;2;SUV;Zone 4;MAIN;51
575D71A5;1;QSF;Cañariaco Norte;MAIN;50|60
578CDB17;1;QCC;Prince Mine;MAIN;15
57B18007;1;CAV;Descubridora Prospect;MAIN;19
57B18007;2;QTU;Descubridora Prospect;MAIN;18
5829398A;1;QCC;Pozo Seco;MAIN;34
580577A0;1;QSF;Thunder Lake Deposit;MAIN;41|42|44
580577A0;2;AUR;Thunder Lake Deposit;MAIN;41|43|45
582A88EE;1;QSF;Fire Tower Zone;MAIN;59
582A88EE;2;SBV;Fire Tower Zone;MAIN;61
585C9200;1;QSF;Achachucani;MAIN;69|73|76|81
58953429;1;QSF;Addison occurrence;MAIN;32
5895D0DD;1;QCC;Scadding Property;MAIN;23
58F0383D;1;QSF;Taysan Copper-Gold Deposit;MAIN;69|70
58F0383D;2;AUR;Taysan Copper-Gold Deposit;MAIN;67
58F0383D;3;QFV;Taysan Copper-Gold Deposit;MAIN;70|71
5966C49E;1;SBV;Grand Calumet;MAIN;33
5966C49E;2;QCC;Grand Calumet;MAIN;33|39
59669023;1;QCC;Maybrun;MAIN;42
59172B3E;1;MGV;San Gabriel Zone;MAIN;28|29|39|40
59172B3E;2;SHV;San Gabriel Zone;MAIN;28|29|39|40
598A65B0;1;QSF;NMC Moland Molybdenum Deposit;MAIN;26|27|28
598EE8D2;1;QTU;Gossan Prospect;MAIN;17
598EE8D2;2;QSF;Gossan Prospect;MAIN;18
598EE8D2;3;QCC;Gossan Prospect;MAIN;18
59AFD4A4;1;QSF;Toordogiin Shil;MAIN;41
59D91001;1;SHV;Whitemouth Lake;MAIN;15
5ACD5B76;1;QSF;Angela vein;MAIN;32
5A275BC5;1;QCC;Fruta del Norte;MAIN;48|49|51|54|55
5A275BC5;2;QSF;Fruta del Norte;MAIN;48|49|51|54|55
5A275BC5;3;QAD;Fruta del Norte;MAIN;49
5A275BC5;4;SHV;Fruta del Norte;MAIN;54
5A275BC5;5;MUL;Fruta del Norte;MAIN;48
5AF2E239;1;QSF;Hope Brook;MAIN;88|92
5AF2E239;2;TLD;Hope Brook;MAIN;92
5B0AE221;1;QSF;Coffee Can zone;MAIN;18|19|22|37|38
5B0AE221;2;QCC;Coffee Can zone;MAIN;18|19|22|37
5BA26F6A;1;QCC;Two Mile Creek;MAIN;16
5BEA515E;1;QSF;Algún Día;MAIN;42|43
5C38CD0D;1;QSF;Dardenelles;MAIN;20
5C38CD0D;2;MUL;Dardenelles;MAIN;20
5C3C3490;1;QSF;Northern Dancer;MAIN;32|35
5BB1C78B;1;QSF;Emigrant District;MAIN;31|35|40|60|63
5BB1C78B;2;QCC;Emigrant District;MAIN;64
5D6E947F;1;QCC;Palmarejo;MAIN;51|56|57
5D6E947F;2;QSF;Palmarejo;MAIN;51|59
5DA361A7;1;SUV;Minago deposit;MAIN;54
5E0E3CD8;1;QSF;Chelopech;MAIN;41
5DFB4E11;1;QCC;Dorset Zone;MAIN;21
5DFB4E11;2;QSF;Dorset Zone;MAIN;22
5F6ED191;1;QCC;Kuriskova;MAIN;22|24
5EAB4DF7;1;MGV;Bronson Slope;MAIN;69|72
5EAB4DF7;2;QSF;Bronson Slope;MAIN;70|72
5EAB4DF7;3;QCC;Bronson Slope;MAIN;70|72
5F2C8A26;1;QSF;Atenea Structure;MAIN;24|26
5FE73988;1;QCC;Coffee Can;MAIN;18|19|22|40
5FE73988;2;QSF;Coffee Can;MAIN;18|19|22|37
5EE2AA97;1;QSF;Kestane;MAIN;27
5EE2AA97;2;MUL;Kestane;MAIN;41
60B564EB;1;QCC;Main Homestake deposit;MAIN;61
6048C966;1;SHV;Noseno;MAIN;41|42
6048C966;2;QSF;Noseno;MAIN;42
60B605C2;1;QSF;Zone III;MAIN;29
60B605C2;2;MUL;Zone III;MAIN;30
60A9D336;1;QSF;Red Chris;MAIN;48|49
60F256FC;1;AUR;Bolivar;MAIN;29
6119D321;1;QSF;Imperial Zone;MAIN;28|35
6119D321;2;QCC;Imperial Zone;MAIN;35
6119D321;3;MUL;Imperial Zone;MAIN;35
614A35FE;1;QSF;Broken Hammer;MAIN;24
611E8AEC;1;QSF;Toldafria;MAIN;30
612C9CDE;1;QCC;Farellon Shear Zone;MAIN;38
616F5B1A;1;SUV;Norton Zone;MAIN;41|42|99
61BB88E9;1;QSF;Mocoa;MAIN;29|45
61BB88E9;2;CAV;Mocoa;MAIN;30
626458B7;1;AUR;Jubilee zone;MAIN;23|24|27
61F7971A;1;SHV;V9;MAIN;11|13|14
624D4989;1;QCC;Lac Colombet Property;MAIN;33|35|39|41|44
62CAF0E7;1;QSF;Ormsby Zone;MAIN;51
628C3C6B;1;QSF;Kay Tanda - Pulang Lupa;MAIN;66|74|84
628C3C6B;2;QCC;Kay Tanda - Pulang Lupa;MAIN;66|81
628C3C6B;3;SBV;Kay Tanda - Pulang Lupa;MAIN;66|90
63040973;2;QCC;Rosia Montana;MAIN;57
63040973;3;TLD;Rosia Montana;MAIN;57
63469DD0;1;QSF;Foster Ledge;MAIN;18|22
635CE6A4;1;AUR;Lely Project;MAIN;22
63837C75;1;QAD;Sleeper;MAIN;28
63C0B76C;1;MUL;Curraghinalt;MAIN;34|35
63C0B76C;2;QSF;Curraghinalt;MAIN;33|34
64813AC9;1;MGV;Copper Mountain;MAIN;47
64813AC9;3;QFV;Copper Mountain;MAIN;47
64813AC9;5;SHV;Copper Mountain;MAIN;47
64EA51A8;1;QCC;San Rafael vein;MAIN;19|20|23
65CADEDD;1;QSF;Premier;MAIN;30
662210F5;1;QCC;Seal Lake Property;MAIN;29|30|31
65A64156;1;QSF;Cosmo-Howley;MAIN;106|116
66399C79;1;QSF;Point 1;MAIN;31
66587CE2;1;QSF;Kenville Gold Mine;MAIN;30
66587CE2;2;EXT;Kenville Gold Mine;MAIN;30|31
666CAF4E;1;QCC;Cerro Vetas;MAIN;27
666CAF4E;2;QSF;Cerro Vetas;MAIN;29
66C84DAF;1;QAD;Discovery Zone;MAIN;20|22|23
673059A9;1;QSF;Carmen;MAIN;40|42
6766A028;1;QSF;Mac;MAIN;35|38
675F7BA2;1;QSF;Ruby Creek deposit;MAIN;30|31|33|34
67E22585;1;QCC;Haultain Property;MAIN;39
67E22585;2;EXT;Haultain Property;MAIN;39
67E22585;3;SHV;Haultain Property;MAIN;39
684E7FDA;1;AUR;Cariboo Hudson;MAIN;37|46|49
6971E2C4;1;AUR;No. 2 Gold Zone;MAIN;19
69D643D9;1;QCC;Royal vein;MAIN;11
6996ADED;1;AUR;Detour Lake deposit;MAIN;46|51|54|59
6996ADED;2;QSF;Detour Lake deposit;MAIN;55
6996ADED;3;EXT;Detour Lake deposit;MAIN;55|57|60
6996ADED;4;FLT;Detour Lake deposit;MAIN;57|59
6996ADED;5;SHV;Detour Lake deposit;MAIN;57|60
6996ADED;6;QCC;Detour Lake deposit;MAIN;61
698D9636;1;MUL;Northumberland;MAIN;43
698D9636;2;QCC;Northumberland;MAIN;43|44
69E4392C;1;SUV;Jackie Rastall Prospect;MAIN;17
69F7FCA7;1;QCC;Dubenski Gold Deposit;MAIN;53
6AB3BF73;1;QSF;Barsele Central;MAIN;52
6AB3BF73;2;QCC;Barsele Central;MAIN;52
6A689039;1;SUV;Allammaq Deposit;MAIN;24|25|32
6A53BA73;1;QSF;Sphinx;MAIN;32
6AD8E9EB;1;QSF;Inmachuk Prospect;MAIN;22|23|25
6AD8E9EB;2;SBV;Inmachuk Prospect;MAIN;21|23
6AFBA6B3;1;QSF;Wolverine Deposit;MAIN;35|45
6AFBA6B3;2;QCC;Wolverine Deposit;MAIN;42
6AE50D41;1;QCC;Madsen Mine;MAIN;62|65
6B682711;1;QSF;Los Loros;MAIN;18
6B78E5F3;1;QSF;Mt. Milligan;MAIN;64|65
6B78E5F3;2;QCC;Mt. Milligan;MAIN;65
6BC4FE74;1;QAD;Alisitos;MAIN;22
6BC4FE74;3;PMV;Alisitos;MAIN;28
6BE038D3;1;SUV;Hudvam deposit;MAIN;39
6B933B91;1;QSF;Tepal;MAIN;22
6B933B91;2;QCC;Tepal;MAIN;22|23
6B933B91;3;AUR;Tepal;MAIN;23
6BFEF01A;1;QCC;Sagar Property;MAIN;45|46|48
6BFEF01A;2;QFV;Sagar Property;MAIN;45
6BFEF01A;3;QSF;Sagar Property;MAIN;47
6C86B488;1;QSF;New Occidental;MAIN;67
6C86B488;2;QCC;New Occidental;MAIN;67
6CAFC46E;1;AUR;Terakimti;MAIN;41
6CAFC46E;2;QTU;Terakimti;MAIN;41
6D0751E9;1;QSF;El Castillo;MAIN;33|39
6D0751E9;2;QAD;El Castillo;MAIN;38
6D4938D6;1;QSF;Mandé Norte;MAIN;33
6D2BB01A;2;CAV;Minto Deposit;MAIN;53
6D2BB01A;3;AUR;Minto Deposit;MAIN;53
6E8A615E;1;QSF;Gold Ridge;MAIN;24
6E8A615E;2;QCC;Gold Ridge;MAIN;24
6E8A615E;3;MUL;Gold Ridge;MAIN;24
6E00086B;1;QSF;Hackett River deposits;MAIN;63|65|66
6E00086B;2;FLT;Hackett River deposits;MAIN;62
6EB8E8E5;1;QSF;Bunker Hill Mine area;MAIN;24|27
6F3789C9;1;QSF;Howard Lake Showings;MAIN;39|40
6F3789C9;2;QCC;Howard Lake Showings;MAIN;40|73
6F94257F;1;QCC;Palmarejo;MAIN;62
6FC6C6E6;1;QSF;Taysan;MAIN;25|27|28|29
6FC6C6E6;2;QFV;Taysan;MAIN;28|29
6FC7A47C;1;QSF;Casino;MAIN;62
6FC7A47C;2;PMV;Casino;MAIN;63
70681CDD;1;QAD;El Zapote;MAIN;29|41
70681CDD;2;MUL;El Zapote;MAIN;41
70D225A9;1;QSF;Qarqasiaq complex;MAIN;11
710CEB3E;2;AUR;Santa Maria de Itabira;MAIN;17
70C26776;1;QSF;Chita Valley Project;MAIN;41|42|43
70C26776;2;QCC;Chita Valley Project;MAIN;43
70B6862A;1;QSF;Zuun Mod;MAIN;28
7131A434;1;QSF;Opinaca Project;MAIN;15
7131A434;2;QCC;Opinaca Project;MAIN;15
7131A434;3;QTU;Opinaca Project;MAIN;15
719E033E;1;QSF;SE Project;MAIN;21|23
71C826E6;1;QSF;Kestane;MAIN;26|27|39
720F3471;1;QSF;Grey River tungsten veins;MAIN;23|24
71EFBF85;1;QSF;Main/North/Tache Zone;MAIN;44
71EFBF85;2;QCC;Main/North/Tache Zone;MAIN;44
7215DE77;1;QSF;Carmi deposit;MAIN;23|24|30
722F5D46;1;QCC;Elizabeth;MAIN;53|54
725B5AE1;1;SHV;Isabelle showing;MAIN;13|16
725B5AE1;2;FLT;Isabelle showing;MAIN;13|15
7250A3E8;1;QSF;Gold Vein Zone;MAIN;45
7250A3E8;2;SHV;Gold Vein Zone;MAIN;45
7250A3E8;3;AUR;Gold Vein Zone;MAIN;36
72ABFCE2;1;QAD;Shovelnose;MAIN;21|22
74E75537;1;MUL;Montoros Vein Systems;MAIN;19|22
751F3A17;1;SUV;Qarqasiaq Complex;MAIN;13|14
75C428C7;1;QSF;Fire & Brimstone;MAIN;54
75EB03D4;1;QSF;Moly Brook Zone;MAIN;19
761E246F;1;QSF;Chant Saddle zone;MAIN;21|23
762B706C;1;QSF;Los Verdes;MAIN;50
762B706C;2;SBV;Los Verdes;MAIN;46
768B89DD;1;QSF;Lorraine;MAIN;37|39
764E4670;1;QAD;Escondida;MAIN;40|42
764E4670;2;QSF;Escondida;MAIN;41|42
764E4670;3;MUL;Escondida;MAIN;41|42
768ADE26;1;QCC;Summit Mine;MAIN;27|32|33
768ADE26;2;AUR;Summit Mine;MAIN;31|32|33|35
76F79B3B;1;QSF;Hugo North Extension;MAIN;97
777286BF;1;QCC;Kuriskova;MAIN;22|24
77351411;1;QSF;Scroggie;MAIN;26|27
77792022;1;QCC;El Capitan;MAIN;37
779F007F;1;QSF;Rovina;MAIN;62
779F007F;2;MGV;Rovina;MAIN;62
78A36A30;1;QCC;Vidette Mine;MAIN;15|16
77F9D475;1;SHV;Willa deposit;MAIN;34
78392E73;1;QCC;Cerro Prieto;MAIN;30
78ACF3B3;1;SHV;D Vein;MAIN;21
793734C8;1;QSF;Bunker Hill Mine Project;MAIN;15
793734C8;2;QCC;Bunker Hill Mine Project;MAIN;14|15
7945C233;1;AUR;Grid 3;MAIN;17
78FD4F5B;1;QSF;Santo Domingo;MAIN;16
78FD4F5B;2;MUL;Santo Domingo;MAIN;16
7958E771;1;QSF;'main' showing;MAIN;15|19
799FFDD4;1;SHV;Blustry zone;MAIN;35
79AA019C;1;QSF;Back Forty;MAIN;49|50
7AC87CEA;1;QCC;Main Zone;MAIN;24|25
7AA0AF90;1;QSF;Centennial deposit;MAIN;34|37
79E2469B;1;QSF;Grizzly Vein;MAIN;42|56|61
7B3C76B9;1;QCC;Kipoi Central;MAIN;59
7B3C76B9;2;QSF;Kipoi Central;MAIN;59
7B451FB9;1;QSF;Lac Herbin;MAIN;23|24
7B4D55D5;1;FLT;Detour Lake deposit;MAIN;54|57
7B4D55D5;2;SHV;Detour Lake deposit;MAIN;54|57|62
7B4D55D5;3;EXT;Detour Lake deposit;MAIN;54|57|62
7B4D55D5;4;QCC;Detour Lake deposit;MAIN;63
7BA02A84;1;QCC;Burnt Stump;MAIN;46
7BA02A84;2;QSF;Burnt Stump;MAIN;46
7C1DE6FF;1;SBV;St. Lawrence Veins;MAIN;37|38|43|44
7BEA592C;1;QSF;Upper Beaver;MAIN;39|40
7BEA592C;2;AUR;Upper Beaver;MAIN;40
7BEA592C;3;QCC;Upper Beaver;MAIN;40
7D14DA41;1;QSF;Golden Zone Mine (Breccia Pipe);MAIN;36
7D14DA41;2;QCC;Golden Zone Mine (Breccia Pipe);MAIN;38
7D0887BE;1;QSF;San Jorge;MAIN;99|100|101
7D0887BE;2;QCC;San Jorge;MAIN;100|101
7D0887BE;3;QTU;San Jorge;MAIN;99|100
7D0887BE;4;QFV;San Jorge;MAIN;100
7D514E08;1;QSF;Florence;MAIN;60
7D5BF33B;1;QAD;El Valle-Boinás;MAIN;72|74
7D8D224D;1;MUL;Reid Prospect;MAIN;18
7D8D224D;2;QSF;Reid Prospect;MAIN;17|18
7E14AFCE;1;QCC;WC Property;MAIN;15|16
7E2FEB3B;1;QSF;Abu Marawat;MAIN;26|28|29|31
7EA9F9C8;1;QSF;Rovina;MAIN;95|96
7EA9F9C8;2;QCC;Rovina;MAIN;96
7ECB9FA4;2;PMV;Bear Canyon;MAIN;29
7F3BB6B2;1;MUL;PR7811;MAIN;39
7F3BB6B2;2;QSF;PR7811;MAIN;40
7FB73326;1;QSF;Bingo;MAIN;28
806BB670;1;QSF;Thunder Lake Deposit;MAIN;34|44
801A975A;1;QCC;Cerro Prieto;MAIN;59
805A06FF;1;QSF;Toral;MAIN;32|33
8073F5AB;1;QSF;Detour Lake;MAIN;41|45|46
8073F5AB;2;SHV;Detour Lake;MAIN;45
8073F5AB;3;EXT;Detour Lake;MAIN;45
8073F5AB;4;QCC;Detour Lake;MAIN;45
80D6B7F8;1;QSF;Indian Lake Sulphide Iron Formation;MAIN;27
814D5C5C;1;QCC;Busitema;MAIN;30|41
8162FDBF;1;QCC;Shunsby;MAIN;77
81C0DAE9;1;EXT;Socorro Mine;MAIN;20|21
81E2B1F5;1;QAD;Bálsamo - Cerro Alto;MAIN;47|49
81E2B1F5;2;QCC;Bálsamo - Cerro Alto;MAIN;47
81E2B1F5;3;MUL;Bálsamo - Cerro Alto;MAIN;47
81F90E3D;1;CAV;OG Property;MAIN;15|17
820FC594;1;CAV;Sperrgebiet Project;MAIN;18
820FC594;2;SUV;Sperrgebiet Project;MAIN;18
8222727D;1;QSF;Mt. Milligan;MAIN;38|39
8222727D;2;QCC;Mt. Milligan;MAIN;39
825D14A4;1;QSF;Ten Grid Target;MAIN;14
82F721C3;1;SUV;Geordie Lake;MAIN;25
82F721C3;2;SKV;Geordie Lake;MAIN;25
82F721C3;3;MGV;Geordie Lake;MAIN;25
82E04501;1;SKV;Nahmint Property;MAIN;17|18|19
8320CC3E;1;QSF;Pickle Lake Property;MAIN;72
8320CC3E;2;QCC;Pickle Lake Property;MAIN;70|71
8363E591;1;AUR;Bisha Main Zone;MAIN;78
838DE7A4;1;QCC;Banana Zone;MAIN;25
83B281ED;1;QAD;Southeast Pediment;MAIN;47
0006F2F8;1;QSF;Bleikvassli;MAIN;13
0097A9F2;1;AUR;Driftwood Creek;MAIN;40
00A7E870;1;MGV;Gunflint Iron Formation;MAIN;38
00A1F635;1;QCC;Nama;MAIN;30
01D13B6D;1;CAV;Lomonosovsky;MAIN;55
01F15D09;1;QSF;Haynes Cobalt Project;MAIN;29
01F15D09;2;CAV;Haynes Cobalt Project;MAIN;29
023AF742;1;SUV;Dasa;MAIN;69
02B352B1;1;AUR;Bujagali Property;MAIN;31
0368B2A0;1;QSF;Aripuanã Deposits;MAIN;58|61
0387FAD0;1;CAV;Area 4;MAIN;87|93
03D67450;1;SUV;Greenland Norite Belt;MAIN;5|49|51|52
03E21B6F;1;QSF;AurMac;MAIN;96|97|98
03E21B6F;2;QCC;AurMac;MAIN;97|99
045E49B5;1;QSF;No Name Zone;MAIN;20
04C2D505;1;QCC;Property;MAIN;29
04960122;1;QSF;Liberty;MAIN;45
05B0ED18;1;QCC;Grass Mountain Area;MAIN;27|30|32
05B0ED18;2;QSF;Grass Mountain Area;MAIN;31
05B41AF6;1;QCC;Windfall Lake;MAIN;96|100|101|129
060F2FCC;1;QSF;CUMO;MAIN;36
060F2FCC;2;SKV;CUMO;MAIN;39|41
06161257;1;SKV;NRJV Project;MAIN;46
06161257;2;QCC;NRJV Project;MAIN;47
06161257;3;MGV;NRJV Project;MAIN;48
06161257;4;PMV;NRJV Project;MAIN;48
06161257;5;SUV;NRJV Project;MAIN;48|51
06ECA127;1;QSF;Nepisiguit A;MAIN;41
06ECA127;2;QCC;Nepisiguit A;MAIN;37
06ECA127;3;SKV;Nepisiguit A;MAIN;37
07AFBC2A;1;QSF;Jiama;MAIN;48|49
085FFD15;1;QSF;Ackley Property;MAIN;64|66
08C3E831;1;SUV;Wisner South and Southwest zones;MAIN;25|26
08B5659D;1;QCC;Kevitsa;MAIN;34|35
09093878;1;MUL;Roncevaux vein;MAIN;26|30
0901BE92;1;SBV;TAM;MAIN;37|56
0977F12A;1;SBV;Atlantis II Deep;MAIN;12|15
09963E99;1;CAV;Pine Point;MAIN;168|171
0A283EB0;1;QCC;Kipushi;MAIN;129
0A9030E4;1;SKV;Josette;MAIN;98
0ACCCFB8;1;QCC;South Mountain;MAIN;52
0B2CB724;1;SUV;Dundonald North;MAIN;104
0B3B6496;1;URV;Shea Creek Deposits;MAIN;40
0B3B6496;2;QTU;Shea Creek Deposits;MAIN;40
0B3B6496;3;MGV;Shea Creek Deposits;MAIN;42
0BD1E991;1;QSF;Main deposit;MAIN;36|37|38
0BD1E991;2;AUR;Main deposit;MAIN;34|36
0BEA9FFD;1;QCC;Main Zone;MAIN;51
0BEA9FFD;2;QSF;Main Zone;MAIN;53|57
0DD61F59;1;QCC;Silverside;MAIN;37|42|43
0E298D31;1;QSF;Covas;MAIN;35|42|43|47
0ECD3D07;1;QCC;Beta Hunt Gold Deposits;MAIN;56
105DB0E8;1;QSF;El Porvenir;MAIN;81
105DB0E8;2;QCC;El Porvenir;MAIN;81
10C49368;1;AUR;Walker Gossan;MAIN;57
11A0B4E8;1;SUV;Bucko Lake Deposit;MAIN;78
11F70411;1;URV;Canning;MAIN;89|90
1203AD40;1;CAV;Puerto Rico Property;MAIN;36|38
1203AD40;2;SHV;Puerto Rico Property;MAIN;31
1203AD40;3;EXT;Puerto Rico Property;MAIN;31
12C69A24;1;QSF;Cahuilla;MAIN;46
12CAEF3E;1;AUR;Fox Tungsten Project;MAIN;41|43
13314440;2;QCC;Vazante Operation;MAIN;78|79
13E60A22;1;QSF;Ima;MAIN;56|59|60|61
14E5F476;1;AUR;Duddridge Lake;MAIN;24
15CA0586;1;QSF;Bolivar;MAIN;82|89
176E726B;1;QSF;Goatfell;MAIN;50
176E726B;2;QCC;Goatfell;MAIN;50
17BB3CC7;1;QSF;Sweet Spot;MAIN;35
17BC7C26;1;MUL;Eagle Island;MAIN;63
1819B106;1;MUL;Bolivar;MAIN;86|89|90
18FEF4EB;1;CAV;Bunker Hill Mine;MAIN;64|67|69
18FEF4EB;2;QSF;Bunker Hill Mine;MAIN;64|67|69
1934B780;1;AUR;Nkout;MAIN;44
1934B780;3;EXT;Nkout;MAIN;46|47
1A3AB6E6;1;QSF;Caballo Blanco;MAIN;83|84|85|86|87
1AF3CD67;1;AUR;Versant REE showing;MAIN;26
1B78F635;1;QSF;Santa Helena Breccia;MAIN;77|82
1C67D681;1;QSF;Silver Crown;MAIN;28|63
1C67D681;2;QTU;Silver Crown;MAIN;61
1C9C7A33;1;QCC;Hector Property;MAIN;36|37
1D0ECCE2;1;URV;Arrow deposit;MAIN;77
1D0ECCE2;3;AUR;Arrow deposit;MAIN;75
1E2ADF41;1;AUR;RC Zone;MAIN;21
1E60FFA4;1;EXT;Joyce Lake;MAIN;33
1EB63A90;1;MGV;Snettisham;MAIN;37
1F578809;1;QSF;Song Toh;MAIN;81
21A5C67E;1;URV;SMDI 2455;MAIN;52
224FB7CE;1;QCC;Blende;MAIN;28|32
2293996D;1;QSF;Kaukua;MAIN;58
22E1794D;1;QTU;Mpama North;MAIN;30
22E1794D;2;QSF;Mpama North;MAIN;32
243BC874;1;QSF;Porco;MAIN;84|88|92
24C6289B;1;QCC;Kipushi;MAIN;94
259165E8;1;QSF;Lundberg;MAIN;64|68
25BA7D43;1;URV;Workman Creek;MAIN;31
26089936;1;QCC;Bloom Lake;MAIN;71
264F5D83;1;SUV;Minago Deposit;MAIN;54
26A3C924;1;QCC;Lac 50;MAIN;49|50
26A3C924;2;EXT;Lac 50;MAIN;50
26C374D9;1;QCC;C-Zone;MAIN;72|74
26F8B33E;1;QSF;N/A;MAIN;18
28AC3209;1;SUV;Samapleu;MAIN;55|57
29CC70E4;1;QSF;Endako deposit;MAIN;23
2A9BC58F;1;SUV;Aguablanca;MAIN;50|60
2ADAA145;1;SUV;Selebi;MAIN;56
2C00F9BD;1;QSF;Caballo Blanco;MAIN;99|100|101|102|103
2CA0B028;1;QCC;Wolf deposit;MAIN;32
2CC8BACF;1;EXT;Osprey;MAIN;21
2D0C1F0D;1;QSF;Calico Peak;MAIN;38
2D27342E;1;SKV;San Felipe;MAIN;41|45
2D27342E;2;QSF;San Felipe;MAIN;43
2E163372;1;FLT;Pinargozu;MAIN;54|56
2E214388;1;CAV;Pine Point;MAIN;77
2E20DBAA;1;QCC;Velardeña;MAIN;44|45
2EBE2D61;1;SUV;LS deposit;MAIN;52|56
2F64AA5B;1;QSF;MEGA tungsten deposit;MAIN;40|41
2F64AA5B;2;AUR;MEGA tungsten deposit;MAIN;41
2FC95BCE;1;QCC;Namew Lake Property;MAIN;35
2FC95BCE;2;SUV;Namew Lake Property;MAIN;35
2FAC6171;1;QCC;Kuriskova;MAIN;30|31|38
2FAC6171;2;QSF;Kuriskova;MAIN;31|40
2FCB5B15;1;QCC;VTM Deposit;MAIN;138
2FEB72F8;1;SUV;Norton Zone;MAIN;95
308DF9AC;1;QSF;Cerro Lindo;MAIN;79
3122220F;1;AUR;Tanjiachang Phosphorite Mine;MAIN;18
31E78B27;1;QSF;JR and RJ Properties;MAIN;26
32EEF6EF;1;QSF;Shakespeare deposit;MAIN;65
331F1BD4;1;QCC;Estrades;MAIN;52
3355F00C;1;QCC;Matthews Ridge;MAIN;90
33D044CE;1;QSF;Pasto Bueno;MAIN;54
33F99105;1;QSF;Shakespeare;MAIN;81|82
3419322B;1;QSF;Trojárová;MAIN;46
3419322B;2;QCC;Trojárová;MAIN;46
34AC54F3;1;SKV;JAK Zone;MAIN;33
3535A0B1;1;AUR;Nkout;MAIN;48|49
36B4E9B4;1;QFV;L deposit;MAIN;51
36B4E9B4;2;PMV;L deposit;MAIN;51
36DC188E;1;AUR;Main barite showing;MAIN;24
370DD731;1;QCC;Blende Deposit;MAIN;32|36
37843E72;1;AUR;Old Nick;MAIN;27|28
37A5654A;1;EXT;Nimpkish Property;MAIN;25
38052B44;1;SBV;Lost Sheep Property;MAIN;54|55|56|59|61
383450AB;1;QCC;Purple Onion;MAIN;42
38DEFB0B;1;SBV;Main Vein;MAIN;33
39076350;1;QCC;Full Moon;MAIN;65
3945D54D;2;SBV;B Zone;MAIN;71
3969C56A;1;QSF;Newtown Creek showing;MAIN;9|12|15
39E0387B;1;QSF;Kitsault;MAIN;94
39E0387B;2;QCC;Kitsault;MAIN;94
39E0387B;3;SBV;Kitsault;MAIN;94
3A0E1D2F;1;QSF;Porco;MAIN;80|83
3A5BE1BB;1;QCC;Tom;MAIN;36|39
3A8A0060;1;AUR;Duncan Lake;MAIN;17
3B69F757;1;EXT;Joyce Lake DSO;MAIN;72
3BA6359D;2;FLT;Zinnwald;MAIN;95
3C54FF62;1;QSF;Aripuanã;MAIN;13|33|37
3C886328;1;QCC;Bloom Lake;MAIN;62
3C886328;2;MNV;Bloom Lake;MAIN;65
3C9703AD;1;QCC;Great Pyramid;MAIN;50
3C9703AD;2;QSF;Great Pyramid;MAIN;50
3CB4AA26;1;QSF;Costerfield;MAIN;61|62
3CC973C2;1;AUR;K-Hill;MAIN;37
3CC973C2;2;MNV;K-Hill;MAIN;37
3D054248;1;SUV;Alexo-Dundonald Deposits;MAIN;55|56|57|61|63
3D0A2D24;1;PMV;Wildcat Property;MAIN;26
3D0621FD;1;QSF;La Loutre;MAIN;44
3D5A5152;1;QCC;Dufferin Project;MAIN;27
3DB1CC58;1;MGV;Manto Negro Deposit;MAIN;136|137
3DC8CD46;1;QSF;Yuma King;MAIN;70|95|118
3DE39002;1;QSF;Cairn Hill Phase II;MAIN;36|38
3DEBEE4D;1;QSF;El Chiqui;MAIN;72
3E152A7B;1;QSF;Filo del Sol;MAIN;64
3E152A7B;2;AUR;Filo del Sol;MAIN;65
3EAC504C;1;QCC;Bellechasse-Timmins;MAIN;30|36
3EAC504C;2;MUL;Bellechasse-Timmins;MAIN;30|31
3EF972DB;1;QSF;Blue Clay Gold;MAIN;15|22
3F0C29FE;1;QSF;Taysan;MAIN;22|23
3F0C29FE;2;QFV;Taysan;MAIN;23
3F056825;1;AUR;Covette Property;MAIN;22
3F58DA06;1;QSF;Cobalt Mountain Porphyry System;MAIN;44
3F58DA06;2;SKV;Cobalt Mountain Porphyry System;MAIN;46
3F786796;1;QSF;OGK Property;MAIN;23
3F761042;1;QSF;Piuquenes Central;MAIN;42|47
3F827B64;1;QSF;Lake George Antimony deposit;MAIN;49|54
3F827B64;2;QCC;Lake George Antimony deposit;MAIN;53
3FD61476;1;MNV;BMC Manganese Project;MAIN;11|41
3FE2702A;1;CAV;Carbo Carbonatite;MAIN;47
3FFE491F;1;MGV;Mont Sorcier;MAIN;44|45
40417446;1;CAV;Daniels Harbour;MAIN;14|16
406D3B2C;1;SKV;Bolivar;MAIN;58|59
40A15C94;1;QSF;Altar;MAIN;51|52|58
40A15C94;2;ALS;Altar;MAIN;57|58
40A15C94;3;QTU;Altar;MAIN;49
40D6F716;1;CAV;Baptiste;MAIN;66
40D6F716;2;EXT;Baptiste;MAIN;66
40FA78F5;1;QCC;Corner Bay;MAIN;51|54
40FA78F5;2;QSF;Corner Bay;MAIN;54|59
40FA78F5;3;SHV;Corner Bay;MAIN;59
4168346A;1;QCC;Thierry Deposit;MAIN;40
416CE453;1;QCC;Wicheeda North;MAIN;21|38|40
4171AED7;1;QTU;Pegmont;MAIN;47
417DEDBE;1;QSF;Point Leamington;MAIN;36|40
417DEDBE;2;QCC;Point Leamington;MAIN;40
42080586;1;QSF;Warintza Central;MAIN;29
423AF4E9;1;QSF;Hushamu;MAIN;47|48
423AF4E9;2;CAV;Hushamu;MAIN;47
42552F92;1;CAV;Kombat Mine;MAIN;63
42552F92;2;PMV;Kombat Mine;MAIN;63
428F6F09;1;QSF;El Domo;MAIN;42
428F6F09;2;SBV;El Domo;MAIN;38
42A1670B;1;SKV;Bolivar;MAIN;47
42B44492;1;QSF;Rosemont Deposit;MAIN;46
42B44492;2;QCC;Rosemont Deposit;MAIN;46
42BEA23D;1;SBV;Valle del Jabali;MAIN;45|46|55
42F9D074;1;QSF;Max;MAIN;14
42F01D19;1;QSF;Taylor Deposit;MAIN;42
43549FB4;1;QSF;Main Zone;MAIN;22
43549FB4;2;QCC;Main Zone;MAIN;22|25
43D5F613;1;QCC;South Mountain Skarn;MAIN;41
43E593E4;2;MNV;Songwe Hill;MAIN;77
43E593E4;3;CAV;Songwe Hill;MAIN;79
447A1985;1;AUR;Letain;MAIN;22
447A1985;2;CAV;Letain;MAIN;27
44B18724;1;QCC;Mariposa geothermal system;MAIN;25
44ECC5ED;1;EXT;Joyce Lake;MAIN;93
44FA2385;1;QSF;Alpala;MAIN;96|97
451B631B;1;SHV;Copper Mountain Mine;MAIN;66
451B631B;3;MGV;Copper Mountain Mine;MAIN;65
451B631B;4;QFV;Copper Mountain Mine;MAIN;65
451B631B;6;CAV;Copper Mountain Mine;MAIN;65
45686464;1;AUR;Ntem;MAIN;34|35
4569E613;1;QSF;Hushamu Deposit;MAIN;47|48
4569E613;2;QCC;Hushamu Deposit;MAIN;47
45921A2F;1;CAV;Berlin;MAIN;64
45FD9620;1;AUR;Beruang Kanan Main Zone;MAIN;36
45FD9620;2;SBV;Beruang Kanan Main Zone;MAIN;36
460006B8;1;AUR;Tilden Mine;MAIN;51
463D81B8;1;QSF;Warintza Central;MAIN;29
461B70C0;1;QSF;Hugo North Extension;MAIN;98
465EA7FC;1;QSF;Cañariaco Norte;MAIN;72|89
46885460;1;QSF;Ann Mason;MAIN;66|67
46885460;2;SBV;Ann Mason;MAIN;64
46F1278E;1;QSF;Sully;MAIN;20|23|34
46F1278E;2;AUR;Sully;MAIN;21
46E7B038;1;QCC;Moran Lake C-Zone;MAIN;186|187|188
4717D848;1;QCC;Plymouth deposit;MAIN;30
4701241E;1;QSF;Taca Taca Bajo;MAIN;73
4724A4F8;1;QSF;Sapeena Property;MAIN;29|31|32|34
4724A4F8;2;QCC;Sapeena Property;MAIN;34
47491955;1;QSF;Duncan Lake Project Mineralization;MAIN;44
475A0261;1;QSF;Kemess North;MAIN;63
475A0261;2;SBV;Kemess North;MAIN;61|63
475A0261;3;CAV;Kemess North;MAIN;62|63
47E46A45;1;QCC;Boda;MAIN;38|43
47D1677B;1;QSF;Yauricocha;MAIN;37|38
47D1677B;2;QCC;Yauricocha;MAIN;38
48C8F36D;1;QFV;Ajax;MAIN;80
48C8F36D;4;CAV;Ajax;MAIN;80
48C8F36D;5;SKV;Ajax;MAIN;80
48C8F36D;6;MGV;Ajax;MAIN;80
48C8F36D;8;AUR;Ajax;MAIN;80
48C8F36D;11;SBV;Ajax;MAIN;80
48C8F36D;12;QCC;Ajax;MAIN;80
494AE66D;1;QCC;Main Zone;MAIN;40
494AE66D;2;EXT;Main Zone;MAIN;42
494F28DD;1;QSF;Florence deposit;MAIN;77
494F9E42;1;MGV;Mountain Lake;MAIN;47
49BAD639;1;QSF;Burn;MAIN;39
4A15D2BB;1;QSF;Panasqueira;MAIN;43|44|49
4A2072F6;1;QCC;Mallawa;MAIN;15
4A2072F6;2;QSF;Mallawa;MAIN;15
4A565C76;1;SHV;Nickel Project;MAIN;25
4A565C76;2;AUR;Nickel Project;MAIN;25
4A7AAA86;1;QSF;Rio Grande;MAIN;42|43
4A7AAA86;3;MGV;Rio Grande;MAIN;43
4A7AAA86;4;SBV;Rio Grande;MAIN;44|45
4A7AAA86;5;QAD;Rio Grande;MAIN;45
4AA8AA2C;1;SKV;Bolivar;MAIN;39
4A9DCEA4;1;QCC;Matthews Ridge;MAIN;60
4AC7CA06;1;QSF;Cacharposa;MAIN;47|50|80
4AC7CA06;2;CAV;Cacharposa;MAIN;47
4AC7CA06;4;SBV;Cacharposa;MAIN;47|80
4AC7CA06;5;QFV;Cacharposa;MAIN;47|81
4AC7CA06;6;QTU;Cacharposa;MAIN;47|81
4AF9D48F;1;QSF;Borys Lake deposit;MAIN;25
4AF46D59;1;QSF;Lookout Deposit;MAIN;49
4B305E04;1;QCC;Davis-Keays Eagle Vein;MAIN;42|47|56
4B305E04;2;QSF;Davis-Keays Eagle Vein;MAIN;54
4B305E04;3;QFV;Davis-Keays Eagle Vein;MAIN;54
4B529A03;1;QSF;Taca Taca;MAIN;29
4B529A03;2;AUR;Taca Taca;MAIN;29
4B82AFE9;1;QCC;Corner Bay;MAIN;64|66
4B82AFE9;2;AUR;Corner Bay;MAIN;66
4B9FC69D;1;SBV;Jubilee Mountain Project;MAIN;39|41|42
4BA80228;1;AUR;Granby/Cuba Zone;MAIN;28|36
4BA80228;2;SBV;Granby/Cuba Zone;MAIN;33
4BB6A66B;1;QSF;Panteria Zone;MAIN;50|51
4BFF82EA;1;QCC;Kamoa;MAIN;134
4C1B14A8;1;QAD;Springer Mine;MAIN;41
4C1B14A8;2;QSF;Springer Mine;MAIN;42
4C4C7756;1;QSF;Taysan;MAIN;51|52|53
4C4C7756;2;QFV;Taysan;MAIN;53
4C6DF9CB;1;QSF;Yauricocha;MAIN;53|54
4C6DF9CB;2;QCC;Yauricocha;MAIN;54
4C954EE4;1;QSF;Seel deposit;MAIN;30|31|33
4C954EE4;2;QCC;Seel deposit;MAIN;34
4C911E95;1;QCC;CSZ (Central Structural Zone);MAIN;24
4CAFDF91;1;QSF;Goynuk Mine;MAIN;45
4CFC6EA2;1;AUR;Vizcachitas;MAIN;62
4CFC6EA2;2;SBV;Vizcachitas;MAIN;62
4D0E1DB1;1;SUV;Tamarack North Project;MAIN;89|99
4D261410;1;MGV;Cerro Verde;MAIN;47
4D261410;4;QSF;Cerro Verde;MAIN;47
4D261410;5;CAV;Cerro Verde;MAIN;47
4D261410;7;SBV;Cerro Verde;MAIN;47
4D26CA6A;1;MGV;Marimaca;MAIN;59|61
4D26CA6A;2;FLT;Marimaca;MAIN;59|61
4D30D41F;1;QSF;Altar;MAIN;52|53
4D30D41F;2;ALS;Altar;MAIN;58|59
4D30D41F;3;QTU;Altar;MAIN;50
4D5B59DA;1;AUR;Vendôme Sud;MAIN;38
4D5B59DA;2;QCC;Vendôme Sud;MAIN;41
4DAEE0CE;1;QSF;Florence;MAIN;67|68
4DBDC18D;1;QSF;Burnt Hill Tungsten;MAIN;32
4DE48856;1;QSF;GC deposit;MAIN;50|51|61
4E24E8B7;1;AUR;Victorio molybdenum-tungsten deposit;MAIN;30
4E0FFB11;1;QCC;Ruby Lake Zone;MAIN;29
4E266F3B;1;QCC;Harper Creek;MAIN;112
4E7C9F05;1;CAV;C-Zone;MAIN;34
4E98AB6B;1;SUV;North Hitura;MAIN;22
4EBEB34F;1;QCC;Beaver Block;MAIN;20|22
4EBEB34F;2;AUR;Beaver Block;MAIN;21|34
4EF2F6B6;1;QSF;Santo Tomás;MAIN;73|82
4F1F9EA7;1;SBV;St. Lawrence Veins;MAIN;54|59|60
4F2C3B21;1;SKV;JAK Zone;MAIN;27|28
4F53DDEF;1;QSF;Chinchillones Complex;MAIN;64|68|73|75
4F87769D;1;QSF;Cukaru Peki;MAIN;61
4F87769D;2;SBV;Cukaru Peki;MAIN;61
505808FC;1;QTU;Mt Cattlin;MAIN;64
509EA8DF;1;QSF;Santa Cruz Deposit;MAIN;59
50B23D17;1;MGV;Kok Moinok;MAIN;29
50B23D17;2;QCC;Kok Moinok;MAIN;29
510AE9A3;1;SUV;Skyline Project;MAIN;35|39
510AE9A3;2;MGV;Skyline Project;MAIN;33|36
514A0244;1;AUR;Berlin;MAIN;56
51591DAF;1;AUR;St-Onge Wollastonite deposit;MAIN;47|48
515EBF87;1;QCC;GL2 Target Area;MAIN;61|64|65|88
515EBF87;2;QSF;GL2 Target Area;MAIN;60|61
515EBF87;3;SBV;GL2 Target Area;MAIN;65
515F5B3E;1;AUR;Bisha Main Zone;MAIN;74
51D4E191;1;QCC;Touro;MAIN;70
51D71B7F;1;QSF;Tungstonia Mine Area;MAIN;59
51EACB34;1;SUV;McCreedy West;MAIN;39|41
51EBC0FB;1;AUR;Luanga;MAIN;93
520B92DC;1;SUV;Levack Mine;MAIN;52|55|78
5245F6DD;1;QSF;Cotabambas;MAIN;39|41
52545397;1;QSF;Northwest and Southeast Zones;MAIN;42|47
52545397;2;QCC;Northwest and Southeast Zones;MAIN;51
52841E2B;2;QSF;Haib;MAIN;42
52C4F563;1;QSF;Casino;MAIN;62|63|64
53320848;1;QCC;Rosa Maria;MAIN;32
53305A3C;1;QCC;Monster Property;MAIN;36|37|40|41
53305A3C;2;QSF;Monster Property;MAIN;36|39
53386372;1;AUR;Dean;MAIN;44
539F228F;1;QCC;Central Project;MAIN;58|64
539F228F;2;EXT;Central Project;MAIN;58|63|64
5390CB82;1;QCC;Ralleau Property;MAIN;28
53F2909B;1;QSF;Kemess North;MAIN;64
5461CBE6;1;AUR;Beruang Kanan Main Zone;MAIN;69
5461CBE6;2;SBV;Beruang Kanan Main Zone;MAIN;69
549B7F9B;1;QSF;York Harbour;MAIN;39|41
54D06D56;1;BOV;Piskanja;MAIN;29
54DF8DA9;1;SUV;Tamarack North Project;MAIN;78|88
54F1EC6C;1;QCC;Harper Creek;MAIN;78|111
55202EC2;1;QSF;Toral;MAIN;34|36
552B1677;1;QSF;Chita Porphyry;MAIN;53|82
552B1677;2;AUR;Chita Porphyry;MAIN;82
55A7313D;1;QSF;Kingking;MAIN;78|81
568125EC;1;QSF;Chelopech;MAIN;65|66
56BB3052;1;QSF;Beruang Kanan Main Zone;MAIN;31
56DA9C1B;1;AUR;Cantung;MAIN;34|39
573524EB;1;QSF;Cortadera;MAIN;104|107
57D2AA73;1;QSF;Hannah;MAIN;31|32
57D2AA73;2;QCC;Hannah;MAIN;32|37
57D2AA73;3;SHV;Hannah;MAIN;44|45
5848CB6D;1;QSF;Lookout zone;MAIN;41|50
58810EDD;1;QSF;Lang Lake Prospect;MAIN;38
588F96C7;1;QSF;Santander Pipe;MAIN;101
58998203;1;QSF;Fortuna Concessions Property;MAIN;48|51
58A311FD;1;QSF;Taylor Deposit;MAIN;66
58CF9AF6;1;QSF;Cristal-Charlita;MAIN;48
5900E020;1;QCC;Drazhnje;MAIN;50
5903608D;1;TLD;Bend;MAIN;52
5903608D;2;QCC;Bend;MAIN;52
5915A358;1;QSF;Cairn Hill;MAIN;58
594883D8;1;QSF;Panantza;MAIN;62
59AD85CE;1;QCC;Minorca;MAIN;57
59CA082B;1;QCC;Kipushi;MAIN;74
5A19F28F;1;MNV;Manganese Clast Deposits;MAIN;22
5A10189C;1;QSF;Alwin;MAIN;50
5A23F144;1;CAV;Dikulushi;MAIN;50
5A35443A;1;QSF;CuMo;MAIN;57
5A35443A;2;SKV;CuMo;MAIN;60
5AA99061;3;QSF;Ricardo Herrera;MAIN;27|30|61
5AE95B60;1;BOV;Piskanja;MAIN;34|37|40
5B2D74BC;1;QSF;Ram;MAIN;64|67|68
5B3D2A7C;1;QSF;Alacran;MAIN;70
5B3D2A7C;2;CAV;Alacran;MAIN;70
5B58F653;1;QSF;Cajon Grande;MAIN;69|70|85
5BA8D17A;1;QSF;Lynx Target Area;MAIN;38
5BA8D17A;2;QCC;Lynx Target Area;MAIN;37
5BB2F1FA;1;QSF;Cerro Lindo;MAIN;60
5BCA0AF1;1;PMV;Alacran;MAIN;97
5BCA0AF1;2;CAV;Alacran;MAIN;97
5BE399BE;1;QSF;Berta;MAIN;76|78|90
5C1A2B5D;1;QSF;Central Zone;MAIN;96
5C1A2B5D;2;QCC;Central Zone;MAIN;96
5C22FD3F;1;QSF;Copper Mountain;MAIN;52
5C22FD3F;2;QCC;Copper Mountain;MAIN;52
5C2FD0D9;2;MNV;Songwe Hill;MAIN;88|89
5C2FD0D9;4;CAV;Songwe Hill;MAIN;88
5C3AE63A;1;SUV;Nowa Sól;MAIN;95|99
5CB02049;1;QSF;Los Azules;MAIN;115|117|122
5D536714;1;AUR;Oropesa;MAIN;39
5D704D63;1;QSF;Kemess North;MAIN;28
5D704D63;2;SBV;Kemess North;MAIN;26|28
5D704D63;3;CAV;Kemess North;MAIN;27|28
5D704D63;4;MGV;Kemess North;MAIN;26|28
5DAA7A99;1;QSF;Kharmagtai;MAIN;36|40
5DAA7A99;2;SUV;Kharmagtai;MAIN;36|40
5DAA7A99;3;PMV;Kharmagtai;MAIN;41|44
5DDA4E86;1;QFV;Moss Lake deposit;MAIN;48
5DE3FC39;1;QSF;Kiseljak;MAIN;38|40
5DE3FC39;2;QCC;Kiseljak;MAIN;39|40
5E774B73;1;QSF;Kharmagtai;MAIN;46|47|54
5E774B73;2;SUV;Kharmagtai;MAIN;47|54
5E774B73;3;PMV;Kharmagtai;MAIN;49
5E7A54F5;1;QSF;Stockwork Hill;MAIN;109|117
5E7A54F5;2;QCC;Stockwork Hill;MAIN;113
5E7DC840;1;QCC;Kamoa;MAIN;101|120
5EAD903D;1;QSF;Mount Turner;MAIN;37|39
5EAEA8CA;2;QSF;Mitchell;MAIN;53
5EAEA8CA;3;SUV;Mitchell;MAIN;53
5EAEA8CA;4;QCC;Mitchell;MAIN;53
5EAEA8CA;5;CAV;Mitchell;MAIN;53
5EDC71C5;1;QCC;Kamoa-Kakula;MAIN;134|139|158
5EF3E966;2;CAV;Songwe Hill;MAIN;101
5EF3E966;3;MNV;Songwe Hill;MAIN;101
5F4BD4AA;1;QSF;Main Zone porphyry;MAIN;38
5F63B9C3;1;QCC;Noranda trend;MAIN;35
5F63B9C3;2;AUR;Noranda trend;MAIN;35
5F7EFC07;1;EXT;Elk Creek Carbonatite;MAIN;63
5F7EFC07;2;SHV;Elk Creek Carbonatite;MAIN;63
5F7EFC07;3;MGV;Elk Creek Carbonatite;MAIN;68
5FB13E93;1;SUV;M2 Deposit;MAIN;32
5FEAE59B;1;SUV;Frontier;MAIN;44
5FFF0FB6;1;AUR;Beruang Kanan Main Zone;MAIN;40
5FFF0FB6;2;SBV;Beruang Kanan Main Zone;MAIN;40
60B0A237;1;AUR;Driftwood Creek magnesite deposit;MAIN;27|28
60B3561E;1;AUR;Encanto Zone;MAIN;62|68
60B1F38F;1;QCC;Gunnison;MAIN;65|66
60CD33FA;1;CAV;Wicheeda Carbonatite;MAIN;37
60D8EE5D;1;CAV;Wicheeda Carbonatite;MAIN;62
60F134C7;1;QSF;Redonda;MAIN;39
61205525;1;QSF;Point Leamington deposit;MAIN;37|38
61205525;2;QCC;Point Leamington deposit;MAIN;38
616809BD;1;QSF;Golpu;MAIN;88|96
618E5023;1;MGV;La Granja;MAIN;45
618E5023;3;QSF;La Granja;MAIN;47
618E5023;4;ALS;La Granja;MAIN;48
61C4BDD1;1;AUR;Blue Jack;MAIN;8
62409C35;1;AUR;Holt Property;MAIN;41
62476046;1;QSF;Sinchao;MAIN;36
62497404;1;QSF;Sangdong;MAIN;49|53|54
62802DEE;1;AUR;Duddridge Lake;MAIN;25
627BB023;1;SUV;Hawk Ridge Deposits;MAIN;62|75
6292767F;1;ALS;AntaKori;MAIN;85|91
6292767F;2;QSF;AntaKori;MAIN;86|94
62B9A6A1;1;QSF;Nepisiguit A;MAIN;42
630833B8;1;ALS;Papomono;MAIN;94
630833B8;2;SUV;Papomono;MAIN;93|96|98
635F4B04;1;QCC;Hook Bay;MAIN;32|34
635F4B04;2;SKV;Hook Bay;MAIN;32
635F4B04;4;QSF;Hook Bay;MAIN;34
635F4B04;5;SHV;Hook Bay;MAIN;34
6372BEDE;1;SUV;Ntaka Hill;MAIN;64
646FC9B3;1;SUV;Maturi;MAIN;105
64A8E5A6;1;QSF;Josemaría;MAIN;99
64D25266;1;MGV;Chilling Project;MAIN;22
64E55CFA;1;QSF;Song Toh and Boh Yai;MAIN;68
64E55CFA;2;CAV;Song Toh and Boh Yai;MAIN;71
64ECA01A;1;QSF;La Verde;MAIN;47|49|53
64ECA01A;2;SHV;La Verde;MAIN;49|53
64ECA01A;3;QTU;La Verde;MAIN;51
64ECA01A;4;QCC;La Verde;MAIN;53
64F302FD;1;QCC;Cobalt Zone - McAra Project;MAIN;98|100
6547CF29;1;AUR;El Chato;MAIN;24|26
65347EFC;1;AUR;Ram;MAIN;60
658FE38B;1;QCC;Nash Creek Deposit;MAIN;39
656257D7;1;QSF;Kabba;MAIN;35|41|42|43|45
6595B2B6;1;SUV;Kaukua;MAIN;35
6595B2B6;2;QSF;Kaukua;MAIN;38
659A4EA7;1;QSF;Pasto Bueno;MAIN;37|38|39
65D52BE5;1;MNV;Los Pumas;MAIN;24
65E9EE1E;1;QCC;Topley Property;MAIN;28
65E35C17;1;MNV;241NC zone;MAIN;22|34
65E35C17;2;AUR;241NC zone;MAIN;23|24
66051765;1;CAV;Wicheeda Carbonatite;MAIN;59
661C48C8;1;QSF;Santa Cruz Deposit;MAIN;58
66322829;1;QSF;Nithi Mountain;MAIN;21|22
6775C27B;1;QSF;Čukaru Peki;MAIN;38
677A09E4;1;QSF;Central Zone;MAIN;139
677A09E4;2;QCC;Central Zone;MAIN;138|139|141
67BCDE90;1;QSF;Kaukua;MAIN;39
68058B9F;1;QCC;AGS Vein;MAIN;41
68058B9F;2;MUL;AGS Vein;MAIN;41
683A1FD9;1;QCC;Wolf;MAIN;31
68404F20;1;QSF;Back Forty Deposit;MAIN;94|106
6854627B;1;QSF;Oropesa;MAIN;55|63
6854627B;2;QCC;Oropesa;MAIN;60|63
6854627B;3;AUR;Oropesa;MAIN;44|63
688D99A1;1;QCC;Main Trenched Area;MAIN;21
688D99A1;2;QSF;Main Trenched Area;MAIN;29
6916662A;1;CAV;Bégin-Lamarche Phosphate Deposit;MAIN;78
691AB887;1;MUL;Adi Rassi;MAIN;32
69F2C1A5;1;QSF;Broken Hammer;MAIN;70
69F336B7;1;QSF;Taylor Deposit;MAIN;65
6A1921F6;1;MGV;Yath Project;MAIN;30
6A1921F6;2;QCC;Yath Project;MAIN;30|31
6A1921F6;3;CAV;Yath Project;MAIN;31
6A1921F6;4;EXT;Yath Project;MAIN;31
6A239756;2;QFV;Adriana Hill;MAIN;26
6A239756;3;QSF;Adriana Hill;MAIN;27
6A6CE8BA;1;QSF;American Eagle/Keel;MAIN;37
6A6CE6A5;1;QSF;Red Dog Zone;MAIN;26
6A854654;1;QSF;Jasperoide;MAIN;98
6A854654;2;QAD;Jasperoide;MAIN;91
6A854654;3;ALS;Jasperoide;MAIN;91
6A854654;4;CAV;Jasperoide;MAIN;91
6AC563EB;1;QSF;Bald Hill;MAIN;39|60
6B04057C;1;QSF;Broken Hammer Zone;MAIN;22
6B2796C0;1;SUV;Alexo-Dundonald Project;MAIN;56|57|62|64
6B4A3D20;1;QCC;Nickel Project;MAIN;28
6BC22AC7;1;QSF;Kopsa;MAIN;43
6BDC02DB;1;SKV;Bolívar;MAIN;38
6C479DE7;1;EXT;Elk Creek Carbonatite;MAIN;77|78
6C479DE7;2;SHV;Elk Creek Carbonatite;MAIN;77|78
6C8EF2FC;1;QSF;Main Zone;MAIN;51|56
6C8EF2FC;2;QCC;Main Zone;MAIN;51|56
6C958093;1;CAV;Bornite;MAIN;69
6CCAC3D6;1;SBV;REE Zone;MAIN;41|45
6CDA2B5F;1;QSF;Alpala;MAIN;84|88|89
6CEE450B;1;AUR;Abitibi Properties;MAIN;20
6D3768EC;1;CAV;Bégin-Lamarche;MAIN;80|83
6D5F4FE4;1;QSF;Jogran Porphyry;MAIN;67
6D60AD77;1;QSF;Middle Lake;MAIN;32
6DACF892;1;QCC;Valk Property;MAIN;34|40|50
6D9305F0;1;MGV;Dieter Lake;MAIN;17
6D9305F0;2;CAV;Dieter Lake;MAIN;18
6DB69E64;1;QSF;Eaglehead;MAIN;55|61|76
6DF35E04;1;QSF;ABM;MAIN;62|71
6DF35E04;2;QCC;ABM;MAIN;62
6E06C0C2;1;QCC;Coppercorp Mine;MAIN;43|45
6E06C0C2;2;QSF;Coppercorp Mine;MAIN;43|45
6E06C0C2;3;MUL;Coppercorp Mine;MAIN;49
6F0D104E;1;QSF;Hobbes Zone;MAIN;20|22
6F0D104E;2;QFV;Hobbes Zone;MAIN;22
6F56E2D6;1;QSF;CuMo;MAIN;57
6F9E8B78;1;QCC;Galaxy deposit;MAIN;19
6F9E8B78;2;QFV;Galaxy deposit;MAIN;21
7010C112;1;QCC;West Gore Deposit;MAIN;15
706D7B7B;1;MGV;Key Lake South;MAIN;26
708C65C4;1;PMV;Constancia;MAIN;83
70AAEFFF;1;QSF;Poplar Deposit;MAIN;39
7110A45C;1;QSF;Davidson deposit;MAIN;70|71
7110A45C;2;QCC;Davidson deposit;MAIN;71|72
7110A45C;3;CAV;Davidson deposit;MAIN;71|72
71663D15;1;QSF;Sunnyside Porphyry;MAIN;33
717A8CD2;1;MGV;Puddy-Chrome;MAIN;49
71C8B766;1;SUV;Tell Gossan Corridor;MAIN;16
71D9BEA3;1;QCC;Hibbing Taconite Deposit;MAIN;52|55
71DF8369;1;QCC;Kansanshi;MAIN;56
71FD9257;1;QTU;Mt Cattlin;MAIN;115
72782BB0;1;QSF;Lorna Stock;MAIN;33|34
72C11ED5;1;SUV;Samapleu and Grata;MAIN;77|78
72F81930;1;QSF;Huckleberry;MAIN;40
7330FD25;1;SUV;Serpentine Deposit;MAIN;52
7336FA0A;1;QSF;Davidson deposit;MAIN;40|41
7336FA0A;2;QCC;Davidson deposit;MAIN;40|41
735B5019;1;CAV;Grid Nickel Project;MAIN;24
735B5019;2;EXT;Grid Nickel Project;MAIN;24
735B5019;3;AUR;Grid Nickel Project;MAIN;28
73645790;1;CAV;Skarn Zone;MAIN;14|45|46
73645790;2;QSF;Skarn Zone;MAIN;47
73B08540;1;QCC;Porcupine Property;MAIN;15
73B08540;2;SBV;Porcupine Property;MAIN;16
73B08540;3;AUR;Porcupine Property;MAIN;15|16
73EB463E;1;PMV;Kharmagtai;MAIN;12
74B3AAF0;1;QSF;Yerington Deposit;MAIN;99|100
74B3AAF0;2;QCC;Yerington Deposit;MAIN;102
75188515;1;CAV;Kitumba;MAIN;58
75188515;2;MGV;Kitumba;MAIN;59|62
75188515;3;QSF;Kitumba;MAIN;69
75188515;4;SUV;Kitumba;MAIN;69
75314B31;1;QSF;Poplar Deposit;MAIN;40
75336171;1;QSF;Mabilo;MAIN;33
75336171;2;QFV;Mabilo;MAIN;32
753CA283;1;QSF;Yerington Copper Deposit;MAIN;94
75520CA6;2;QSF;Chirsposo Zone;MAIN;84
75A0E7AE;1;QCC;Elsiar Porphyry System;MAIN;18
75A0E7AE;2;QSF;Elsiar Porphyry System;MAIN;19|20
75A0E7AE;3;MUL;Elsiar Porphyry System;MAIN;20
75D9726B;1;QCC;Kamoa;MAIN;154|173
75E37186;1;QCC;Neil;MAIN;38|40
75DE50E1;1;QSF;Donje Nevlje;MAIN;16|18
75DE50E1;2;CAV;Donje Nevlje;MAIN;16
75DE50E1;3;SKV;Donje Nevlje;MAIN;18
7606CB22;1;QSF;Moland deposit;MAIN;31
7701D950;1;QSF;East Kemptville;MAIN;68|69
77A56F69;1;QCC;Ayawilca;MAIN;74
77A56F69;2;QSF;Ayawilca;MAIN;74
77F6F0D5;1;QSF;Plymouth deposit;MAIN;76
77F6F0D5;2;QCC;Plymouth deposit;MAIN;76
78108767;1;SHV;Ballard Lake Shear Zone;MAIN;42
78108767;2;QSF;Ballard Lake Shear Zone;MAIN;36|42|43
78590450;1;QSF;Cominco Zone;MAIN;64
785978AD;1;QSF;Alpala;MAIN;88|89|90|97
789CAA28;1;CAV;Grid Nickel Project;MAIN;24
789CAA28;2;EXT;Grid Nickel Project;MAIN;24
789CAA28;3;AUR;Grid Nickel Project;MAIN;28
7953C0A1;1;QCC;Sting Property VMS;MAIN;45
79F8225E;1;AUR;Florália BIFs;MAIN;20
79FB664C;1;AUR;BamaStar Graphite Deposit;MAIN;73
7A4C07BC;1;QSF;Aranzazu;MAIN;59|63
7B6633A6;1;QSF;Constancia;MAIN;106|107
7B6633A6;2;SBV;Constancia;MAIN;107
7B801024;1;QCC;ABM Deposit;MAIN;88
7B8CA394;1;QSF;Blue Cariboo Copper Zone;MAIN;35
7BAAABF0;1;QSF;Southern Spectrum Zone;MAIN;28|32
7BDFADC8;1;QSF;Aripuanã;MAIN;58|61|62
7C292B9D;2;MNV;Songwe Hill;MAIN;55
7C2A4B7B;1;QSF;Integration Zone;MAIN;120|121
7C2A4B7B;2;QAD;Integration Zone;MAIN;121
7C2BDEF7;1;SHV;Copper Creek;MAIN;62|68|70
7C2BDEF7;2;QSF;Copper Creek;MAIN;68|71
7C2BDEF7;3;PMV;Copper Creek;MAIN;68|75
7C31A917;1;BOV;Tincalayu;MAIN;39|40
7C3DA6DD;1;QSF;Panasqueira;MAIN;41|46|48
7C689C90;1;QSF;McIlvenna Bay;MAIN;115|121
7C71AA5A;1;QSF;Back Forty;MAIN;62|73|75
7CA9871C;1;QSF;Copper Creek;MAIN;36
7D0C5AF8;1;FLT;Luishia Sud;MAIN;31
7D467084;1;MGV;Chrome Puddy;MAIN;46
7D467084;3;AUR;Chrome Puddy;MAIN;54
7D85BADE;1;QSF;Connors;MAIN;74
7D85BADE;2;MUL;Connors;MAIN;74
7D800C90;1;QCC;Santo Domingo Sur;MAIN;132
7DD78235;1;QSF;Van Dyke;MAIN;81|83
7DF841E0;1;QCC;Ricardo;MAIN;20|27
7DF841E0;2;QSF;Ricardo;MAIN;26
7E02B69D;1;SUV;Alexo-Dundonald Deposits;MAIN;99|104
7E577BAE;1;AUR;Mineral Ridge;MAIN;101|122
7E5934BA;1;QSF;Chelopech;MAIN;58|59
7E68EE11;1;SHV;Placeton;MAIN;32|34
7E68EE11;3;QSF;Placeton;MAIN;32|34|35|37
7E83C46B;1;AUR;Luanga;MAIN;119
7EEDE017;1;QSF;Ilovitza;MAIN;22|24
7F2E8CF5;1;QSF;Kestane;MAIN;64|70
7F3D198B;1;MGV;New Afton;MAIN;65
802A3DB6;1;QSF;Bleikvassli;MAIN;13
8033B266;1;QSF;Southeast occurrence;MAIN;38
8033B266;2;QCC;Southeast occurrence;MAIN;38
80C5098E;1;MGV;Port Hope Simpson REE Project;MAIN;46
80E92208;1;QSF;Rio Grande;MAIN;38|39
81863108;1;QSF;Vizcachitas;MAIN;82|83
81863108;2;QCC;Vizcachitas;MAIN;83
81863108;3;QTU;Vizcachitas;MAIN;83
8247EDE1;1;QSF;Gilda Project;MAIN;15
82C1A145;1;AUR;Zafranal Main Zone;MAIN;31
82E13281;1;SBV;Central Mining Area;MAIN;84|91
82E58F56;1;QCC;Main Zone;MAIN;52
83201DA9;1;MGV;Mont Sorcier;MAIN;51|52|56
83974339;1;QCC;Kittson-Cobalt Property;MAIN;41|42|43
83974339;2;MUL;Kittson-Cobalt Property;MAIN;43
83EAC9B4;1;MGV;Taysan;MAIN;32
83EAC9B4;2;QFV;Taysan;MAIN;32|34
8424A688;1;AUR;Weese-Luella;MAIN;33
8458D005;1;SUV;Pea Ridge;MAIN;26
846600A9;1;SUV;A Zone;MAIN;28
8483B231;1;QCC;Thunderbird deposits;MAIN;50|52
8532523B;1;QSF;Cuprita;MAIN;44
85294548;1;SUV;Pants Lake Intrusions;MAIN;30
855F8B60;1;QSF;Schaft Creek;MAIN;64
856CEB39;1;QCC;Hopkins North;MAIN;54|55
85C74B3B;1;CAV;P Zone;MAIN;14|16
85BB1167;1;QSF;Santa Cruz deposit;MAIN;101
85D36D8D;1;PMV;Fox River Sill;MAIN;72|86
85F87323;1;QSF;Redonda;MAIN;34|41
8646BB2C;1;QSF;Ann Mason;MAIN;46|50
86240715;1;QSF;Mount Milligan;MAIN;60|62|63
86240715;2;QCC;Mount Milligan;MAIN;60|61|63
86E3991F;1;URV;Horseshoe;MAIN;74
86DE0042;1;QCC;La Verde;MAIN;33
86DE0042;2;QSF;La Verde;MAIN;33
86DE0042;3;SHV;La Verde;MAIN;37
86DE0042;4;QTU;La Verde;MAIN;39
86E67ED9;1;AUR;Nkout;MAIN;54
8726B4E2;1;QSF;Cerro de Pasco;MAIN;56|61
8726B4E2;2;ALS;Cerro de Pasco;MAIN;56|61
8732C72F;1;QSF;Trojárová;MAIN;35
8752C520;1;QCC;Mount Tacho Breccia Complex;MAIN;23
8752C520;2;QSF;Mount Tacho Breccia Complex;MAIN;22
874FF68A;1;QCC;Vulcan;MAIN;25
87693F39;1;QSF;Southern Spectrum;MAIN;38|39
87DA3FD7;1;QSF;Trek South;MAIN;46|57|59
87DA3FD7;2;SKV;Trek South;MAIN;46|56|64
87EA5AFA;1;QCC;Thierry Deposit;MAIN;87
87EA5AFA;2;EXT;Thierry Deposit;MAIN;89
87EA5AFA;3;QSF;Thierry Deposit;MAIN;89
88391FFD;1;QCC;Southwest and Armitage;MAIN;132
88709D29;2;SBV;Ashram Deposit;MAIN;46|47
887BBE5F;1;CAV;Getty deposit;MAIN;28
888C6906;1;QSF;Marcahui;MAIN;40|41|42
888C6906;3;QCC;Marcahui;MAIN;41
88B94784;1;MGV;Titan;MAIN;24
88B2DAE3;1;QSF;Cerro Lindo;MAIN;60
88ECED89;1;QCC;Santo Domingo - Iris Norte;MAIN;101
88ECED89;2;SKV;Santo Domingo - Iris Norte;MAIN;100
88ECED89;3;QFV;Santo Domingo - Iris Norte;MAIN;100
89099A3D;1;QSF;Atacocha;MAIN;64
89099A3D;2;QCC;Atacocha;MAIN;64
89099A3D;3;QAD;Atacocha;MAIN;64
89099A3D;4;AUR;Atacocha;MAIN;72
892625BE;1;QSF;Boyongan;MAIN;27|28|29
8913DD3D;1;SHV;Copper Creek;MAIN;34|35
8968268E;1;QSF;Shan South;MAIN;16
8968268E;2;SHV;Shan South;MAIN;17
89A8D288;1;QCC;South Mountain;MAIN;51
89B08996;2;SUV;Seagull Intrusion;MAIN;20
89EC9C9A;1;QSF;Zone III;MAIN;31|33
89EC9C9A;2;MUL;Zone III;MAIN;34
8A0C60BE;1;MUL;San Antonio-Gonzalez Zone;MAIN;34|35
8A28E1F6;1;QSF;Lillefjell;MAIN;22|23
8A7614B5;1;AUR;Carol Project Skarns;MAIN;23
8A701106;1;AUR;El Chato;MAIN;23|25
8A9BBA1E;1;QSF;Chu;MAIN;21|24
8AB962E8;1;QSF;Florence deposit;MAIN;67|68
8ABA96E7;1;AUR;Des Zone;MAIN;41|42
8AC1D209;1;QSF;Robinson;MAIN;41|47
8AC4FC46;1;QCC;Koocanusa Project;MAIN;32
8AC4FC46;2;AUR;Koocanusa Project;MAIN;29
8ACA8AB9;1;QCC;C-Zone;MAIN;151|152|153
8AD34E3D;1;QSF;Feitais;MAIN;35|37|44|45
8AE49F7F;2;MNV;Songwe Hill;MAIN;59
8AF38AFA;1;QSF;Mengapur;MAIN;30|31
8AF38AFA;2;PMV;Mengapur;MAIN;31
8B112876;1;QSF;CUMO;MAIN;54
8B112876;2;SKV;CUMO;MAIN;60
8B250894;1;QCC;Angie;MAIN;16
8B250894;2;QSF;Angie;MAIN;18
8B289B70;1;QCC;Kuriskova;MAIN;31|32|39
8B289B70;2;QSF;Kuriskova;MAIN;41
8B521C09;1;QCC;Crean Hill;MAIN;47|48
8B521C09;2;SKV;Crean Hill;MAIN;47
8B521C09;3;QSF;Crean Hill;MAIN;50|52
8B5A162F;1;QSF;Peuco;MAIN;79|85
8B5A162F;2;SBV;Peuco;MAIN;84
8BC8B1CD;1;QCC;Sase;MAIN;24
8BCB1F79;1;QCC;Sentinel;MAIN;31
8BCB1F79;2;QFV;Sentinel;MAIN;34
8C020B41;1;SHV;Kombat Mine;MAIN;64
8C020B41;2;EXT;Kombat Mine;MAIN;64
8C020B41;3;QCC;Kombat Mine;MAIN;64
8C020B41;4;PMV;Kombat Mine;MAIN;64
8C29196E;1;QSF;Poplar Deposit;MAIN;48
8C32276F;1;QCC;Kamoa-Kakula;MAIN;143
8C85B67E;1;QSF;Zealand Property;MAIN;16|19
8C967BE3;1;QSF;Kio;MAIN;58|62|64
8C967BE3;2;MGV;Kio;MAIN;65
8C967BE3;3;CAV;Kio;MAIN;65
8D1017CE;1;CAV;Little Eva;MAIN;112
8D35A77F;1;FLT;Quebrada Honda I & II;MAIN;41
8DA75A37;1;QCC;Kamoa;MAIN;91
8DAAA75F;1;EXT;Nonda Formation Quartzite;MAIN;23
8DB45DF8;1;QSF;Mantoverde;MAIN;58|67|70
8DB45DF8;2;QCC;Mantoverde;MAIN;63|65|66
8DEF7839;1;QFV;Haquira East;MAIN;75
8DEF7839;2;SKV;Haquira East;MAIN;75
8DEF7839;4;QSF;Haquira East;MAIN;75
8DEF7839;5;SUV;Haquira East;MAIN;75
8DEA59C0;1;QSF;Oropesa;MAIN;67|74
8DEA59C0;2;QCC;Oropesa;MAIN;72|75
8DEA59C0;3;MUL;Oropesa;MAIN;66
8DF8BAB0;1;QSF;Mt. Milligan;MAIN;66|67
8DF8BAB0;2;QCC;Mt. Milligan;MAIN;67
8E1849D0;1;PMV;Main Zone;MAIN;60
8E2ABCA4;1;QSF;Hill 1835;MAIN;33|34|40
8E535E18;1;QSF;Southeast Zone;MAIN;34
8E567A46;1;SUV;Expo Deposit;MAIN;113|114
8E6C4F35;1;ALS;Quiulacocha Tailings and Excelsior Mineral Pile;MAIN;89
8EC5A19F;1;MUL;Allard;MAIN;53|54
8EC5A19F;2;QSF;Allard;MAIN;53
8EC5A19F;3;QCC;Allard;MAIN;53|54
8EF66AF2;1;QCC;Main Mineralized Trend;MAIN;56|60
8F2CB4A2;1;QSF;MacVicar Lake;MAIN;15|16
8F14211D;1;QCC;Carpenter Lake Property;MAIN;39
8F308DC2;1;QCC;Kuriskova;MAIN;45|48|54|57
8F308DC2;2;QSF;Kuriskova;MAIN;48|57
8F5D77AB;1;SUV;Nantianmen;MAIN;22
8F8AD2D3;1;QSF;Constancia;MAIN;31
8F8AD2D3;2;SBV;Constancia;MAIN;32
8F84439E;1;QSF;San Pietro;MAIN;53|54|55
8FD8A16F;1;QSF;Rio Grande;MAIN;31
8FE073D5;1;EXT;White Pine;MAIN;51
8FF53B5A;1;AUR;Snow White;MAIN;31|35
90061087;1;MGV;Mont Sorcier;MAIN;44|45
90429412;1;QCC;Samalayuca;MAIN;26
90429412;2;EXT;Samalayuca;MAIN;29
90429412;3;AUR;Samalayuca;MAIN;26|27
905898D4;1;QSF;Hugo North Extension;MAIN;137
90AB0487;1;QSF;Bienaventurada;MAIN;65
910F3237;1;QAD;Rosario vein;MAIN;46
9190D3B4;1;AUR;Mayaniquel Project;MAIN;43
91A8F1BC;1;QSF;Whistler;MAIN;31|37
91A8F1BC;2;PMV;Whistler;MAIN;37
91B24DC3;2;SBV;Ashram;MAIN;64
91B84A82;1;QSF;Ruby Creek;MAIN;23
91AC5627;1;QSF;Mount Milligan;MAIN;79
91AC5627;2;QCC;Mount Milligan;MAIN;77
91CA8F3B;1;QCC;Miguel Vacas;MAIN;21
91BA5FEE;1;QCC;New Afton;MAIN;49
91CA0E48;1;QSF;King-king;MAIN;50|60
920AAEFC;1;QSF;Relincho;MAIN;44|46
923EBCA0;1;QFV;Main Zone;MAIN;39|49
926903F3;1;QSF;Chu;MAIN;13|15|17
9265F01A;1;QCC;A Zone;MAIN;81
9265F01A;2;EXT;A Zone;MAIN;81
9275A3E8;1;QCC;Ram;MAIN;35
9275A3E8;2;AUR;Ram;MAIN;36
9281A791;1;QSF;Ram;MAIN;35|40
92FAEF46;1;SBV;Lone Mountain;MAIN;51|52
92E514C6;1;SUV;Tamarack North Project;MAIN;76|85
93626B41;1;QSF;Ann Mason;MAIN;86|87
9371D065;1;URV;Horseshoe;MAIN;70
937C96CD;1;QSF;Iron Creek;MAIN;37
93B194B5;1;PMV;Oropesa;MAIN;28
93DD1DD0;1;QSF;Palmer Deposit;MAIN;50
942D6189;1;QSF;Magistral Deposits;MAIN;120|121
944A3632;1;AUR;Okohongo;MAIN;36
94B096A2;1;QCC;Craigmont;MAIN;39
94B096A2;2;QTU;Craigmont;MAIN;46
94B096A2;3;QSF;Craigmont;MAIN;57
95A72BF3;1;QSF;Kitsault;MAIN;96
95A72BF3;2;QCC;Kitsault;MAIN;96
95ED6F93;1;QCC;Redstone;MAIN;34|39
95F760E6;1;QSF;Southeast Zone;MAIN;31
95F760E6;2;SBV;Southeast Zone;MAIN;31
95F760E6;3;PMV;Southeast Zone;MAIN;31
963853B7;1;QSF;Yanapallaca;MAIN;31
963A2C69;1;AUR;Riley Brook;MAIN;39|43|45
9684E2F4;1;QSF;Norte Zone;MAIN;44|46
96751119;1;QSF;Xcite Project;MAIN;66
9695C618;1;QSF;Mengapur;MAIN;51
96B15845;1;QSF;Aranzazu;MAIN;45|53
96B68B63;1;MGV;Nakalakwana Hill;MAIN;60
9715D04A;1;EXT;Elk Creek Carbonatite;MAIN;109|110
9715D04A;2;SHV;Elk Creek Carbonatite;MAIN;109|110
9715D04A;3;MGV;Elk Creek Carbonatite;MAIN;116
9736FBC7;1;SUV;Kaukua;MAIN;41
9736FBC7;2;QSF;Kaukua;MAIN;45
9796180C;1;QSF;Cañariaco Norte;MAIN;80|96
97C20683;1;QSF;MAX Molybdenum Deposit;MAIN;46
9884B392;1;AUR;Lac Pauline;MAIN;26
986E118B;1;QCC;Wernecke Project;MAIN;34|35
986E118B;2;EXT;Wernecke Project;MAIN;34
986E118B;3;QFV;Wernecke Project;MAIN;33|36
98C3F915;1;QSF;Redonda;MAIN;38|40
98CE236F;1;EXT;RH Zone;MAIN;37
98CE236F;2;QCC;RH Zone;MAIN;37
99141E60;1;QCC;Madison;MAIN;43
99141E60;2;CAV;Madison;MAIN;45
993620FE;1;QCC;Campbell Shear System;MAIN;59|60
993620FE;2;QSF;Campbell Shear System;MAIN;59|62
993620FE;3;MUL;Campbell Shear System;MAIN;60|61
99BFF0A3;1;URV;Apex Uranium Mine;MAIN;38
9A1AFDD8;1;QCC;Lac Cinquante;MAIN;42
9A1AFDD8;2;QSF;Lac Cinquante;MAIN;42
9A1AFDD8;3;EXT;Lac Cinquante;MAIN;42
9A5BBF9D;1;QSF;Falls Creek;MAIN;17|18|19
9A4DF22B;2;MGV;Sarfartoq REE;MAIN;57
9A9AAD48;3;MGV;Santo Tomás;MAIN;101
9A9AAD48;4;QSF;Santo Tomás;MAIN;101
9A9AAD48;5;QCC;Santo Tomás;MAIN;102
9A9AAD48;6;PMV;Santo Tomás;MAIN;102
9A9AAD48;7;QTU;Santo Tomás;MAIN;102
9ADE935D;1;QCC;Nash Creek Deposit;MAIN;32
9B1CE757;1;CAV;Arrieros;MAIN;54
9B1CE757;2;QTU;Arrieros;MAIN;55
9B4016E8;1;SUV;Rainbow deposit;MAIN;57
9B6BFB41;1;QSF;Cactus;MAIN;110|111
9B88CC75;1;QSF;Alpala;MAIN;79|87|88
9B88CC75;3;SBV;Alpala;MAIN;79|87|88
9BB3F711;1;MGV;Copper Mountain;MAIN;64|65
9BB3F711;3;QFV;Copper Mountain;MAIN;64
9BB3F711;5;CAV;Copper Mountain;MAIN;64
9BC6E57A;5;QSF;Los Azules;MAIN;62|64
9BC6E57A;6;SBV;Los Azules;MAIN;61
9BD28732;1;SBV;TAM;MAIN;37|56
9C069FCC;1;QSF;Taysan;MAIN;57|58
9C069FCC;2;QFV;Taysan;MAIN;58
9C1C9C44;1;SUV;Alexo-Dundonald Deposits;MAIN;90|92|98|102
9C2FBD76;1;QSF;Tom;MAIN;40|44
9C2FBD76;2;QCC;Tom;MAIN;44
9C4055BA;1;QCC;Ruby Zone;MAIN;29
9C4055BA;2;QSF;Ruby Zone;MAIN;29
9C766145;1;QSF;Swan prospect;MAIN;10|11
9CCCF0A3;1;QSF;Alpala;MAIN;43|44
9CCCF0A3;2;MGV;Alpala;MAIN;43|44
9CCCF0A3;3;SBV;Alpala;MAIN;44
9CCCF0A3;4;CAV;Alpala;MAIN;44
9CCCF0A3;5;PMV;Alpala;MAIN;44
9CF65568;1;QSF;Monument Peak;MAIN;36|38|39
9D0150E8;1;QSF;Cotabambas;MAIN;28
9D066465;1;QSF;Coles Creek Porphyry;MAIN;18
9D1E262C;1;QSF;Mt. Haskin;MAIN;23
9D26DEE4;1;QSF;San Jorge;MAIN;118
9D26DEE4;2;QCC;San Jorge;MAIN;118
9D26DEE4;3;QFV;San Jorge;MAIN;118
9D26DEE4;4;QTU;San Jorge;MAIN;118
9D26DEE4;6;CAV;San Jorge;MAIN;118
9D6862CA;1;QSF;Endako deposit;MAIN;56
9D85554E;1;QCC;DD Zone;MAIN;28
9DDC3FC0;1;CAV;Frog;MAIN;29
9DE8EF53;1;QSF;Valley;MAIN;28
9E3C2FCA;1;QSF;Hushamu Deposit;MAIN;19
9E401194;1;QSF;Alpala;MAIN;43|44|63
9E401194;2;MGV;Alpala;MAIN;43|63
9E401194;3;SBV;Alpala;MAIN;44|63
9E401194;4;CAV;Alpala;MAIN;44
9E401194;5;PMV;Alpala;MAIN;44
9E48F237;1;QSF;Berezski mineralization trend;MAIN;42|44|45|46
9E48F237;2;SHV;Berezski mineralization trend;MAIN;45|46
9E48F237;3;MGV;Berezski mineralization trend;MAIN;45|46
9E48F237;4;QAD;Berezski mineralization trend;MAIN;48
9E80DA82;1;AUR;Plymouth Deposit;MAIN;45
9E80DA82;2;QCC;Plymouth Deposit;MAIN;45
9E80DA82;4;SUV;Plymouth Deposit;MAIN;45
9ED4851E;1;MGV;Dieter Lake;MAIN;16
9ED4851E;2;CAV;Dieter Lake;MAIN;17
9F26E895;1;QSF;South Zone;MAIN;77
9F60CC81;1;QSF;Tomichi;MAIN;43
9F80D5D7;1;QSF;South Contact Zone;MAIN;61|62|65
9F8795E3;1;QSF;Filo del Sol;MAIN;58|61
9FB40438;1;QSF;Vondenblue;MAIN;38
9FB88E7B;1;QCC;Carpenter Lake;MAIN;45
9FC8C088;1;QSF;Bruce showing;MAIN;26|38|39
9FC8C088;2;QCC;Bruce showing;MAIN;26|38
9FD08DC1;1;QCC;Glencore Bucke Property;MAIN;19
9FEBE1B0;1;QSF;Back Forty Deposit;MAIN;67|69
9FF03821;1;QSF;Opemiska;MAIN;44
9FF03821;2;MGV;Opemiska;MAIN;44
9FF03821;3;AUR;Opemiska;MAIN;44
9FF03821;4;URV;Opemiska;MAIN;45
A028D7D0;1;QCC;Two Mile Creek Vein System;MAIN;10
A00BBD0F;1;QSF;Hugo North Extension;MAIN;89|92
A035EB9B;1;QTU;Mwelushi;MAIN;25|26
A066F59F;1;QSF;MacArthur Deposit;MAIN;42
A066F59F;2;SHV;MacArthur Deposit;MAIN;42
A066F59F;3;QCC;MacArthur Deposit;MAIN;39
A0E1A38F;1;QSF;Pasto Bueno;MAIN;58|59|63
A0E1A38F;2;QCC;Pasto Bueno;MAIN;59|62
A10021F3;1;QSF;Maloney prospect;MAIN;25
A157EEF2;1;AUR;Zafranal Main Zone;MAIN;49
A16DEC62;1;QSF;Megabuck;MAIN;25
A174AA9F;1;QSF;Borsko Jezero;MAIN;27|30
A188AE3E;1;QSF;Kemess Underground;MAIN;80
A188AE3E;2;SHV;Kemess Underground;MAIN;78
A188AE3E;3;CAV;Kemess Underground;MAIN;80
A1B0C754;1;SUV;Lac Rocher Pluton;MAIN;65
A21E94BC;1;QSF;Golden Ivan;MAIN;26|27
A20F966C;1;QCC;Cozamin;MAIN;74|76
A20F966C;2;QSF;Cozamin;MAIN;72|74
A2282DA5;1;QSF;Bunker Hill Mine;MAIN;38|39|40
A2282DA5;2;QCC;Bunker Hill Mine;MAIN;38|40
A257A6D6;1;QSF;Cerro Corona;MAIN;35
A257A6D6;2;MGV;Cerro Corona;MAIN;35
A2556106;1;QSF;Red Dog;MAIN;21|26
A25DD6A8;3;MGV;Santo Tomás;MAIN;76
A25DD6A8;4;QSF;Santo Tomás;MAIN;76
A25DD6A8;5;QCC;Santo Tomás;MAIN;76
A25DD6A8;6;SUV;Santo Tomás;MAIN;76
A25DD6A8;7;QTU;Santo Tomás;MAIN;76
A2A60E03;1;QCC;Kipushi;MAIN;121
A2F374DA;1;SUV;Broken Hammer;MAIN;47
A3110B12;1;SUV;Kaukua;MAIN;32
A3110B12;2;QSF;Kaukua;MAIN;35
A33A291C;1;QSF;Rogers Creek Porphyry System;MAIN;29|32|45
A345FBFE;1;QSF;Los Azules;MAIN;69|72
A3864B8C;1;QSF;Van Dyke;MAIN;65|67
A389A75B;1;QCC;El Espino;MAIN;55|56|61
A392774E;1;SHV;Kemess Underground;MAIN;93
A392774E;2;QSF;Kemess Underground;MAIN;95
A392774E;3;SBV;Kemess Underground;MAIN;93|95
A392774E;4;CAV;Kemess Underground;MAIN;95
A3ABE5B4;1;SUV;Levack Footwall Deposit (LFD);MAIN;56|57
A3ABE5B4;2;QCC;Levack Footwall Deposit (LFD);MAIN;56
A3ABE5B4;4;PMV;Levack Footwall Deposit (LFD);MAIN;57
A3B489B5;1;QSF;Santa Rita;MAIN;29
A3D21C42;1;QCC;Crean Hill;MAIN;72|74|75
A3D21C42;2;SKV;Crean Hill;MAIN;74
A3D21C42;4;QSF;Crean Hill;MAIN;77|79
A4152B9D;1;MNV;241NC zone;MAIN;32
A4121183;1;QSF;Chlore stock;MAIN;57|63|64
A45BBF58;1;QCC;Kaznovice Prospects;MAIN;46
A45BBF58;2;QSF;Kaznovice Prospects;MAIN;46
A4772E51;1;QFV;L deposit;MAIN;38
A4772E51;2;PMV;L deposit;MAIN;38
A47E39A3;1;QSF;Boa Esperança;MAIN;74
A47E39A3;2;SUV;Boa Esperança;MAIN;70
A4C2DFFF;1;QSF;Ilovitza;MAIN;57|58
A4CEE926;1;SKV;Bolivar;MAIN;32
A4DF3C5B;1;AUR;Black Horse;MAIN;25|27
A4F77645;1;QSF;Domeyko Sulfuros;MAIN;60|63|69
A509F3E6;1;QSF;Chacay;MAIN;21|26
A51C0C68;1;QSF;Dolcoath;MAIN;55
A51C0C68;2;MUL;Dolcoath;MAIN;55
A5352F5D;1;QTU;Mt. Cattlin;MAIN;33
A595EEC5;1;QAD;Springer Mine;MAIN;40
A595EEC5;2;QSF;Springer Mine;MAIN;41
A5B44B1D;2;QSF;Warintza Central;MAIN;47
A5B44B1D;3;QCC;Warintza Central;MAIN;48
A5A5F218;1;QSF;Eaglehead;MAIN;42|43|45
A5BCB475;1;CAV;Lawn;MAIN;23
A5BCB475;2;SBV;Lawn;MAIN;20|31|32
A5F527B7;1;URV;Cigar Lake;MAIN;71
A5F0210B;1;QSF;Back Forty;MAIN;48|49|50
A631EAAE;1;QSF;Hugo North Extension;MAIN;79
A64A24B2;1;QSF;Point Leamington deposit;MAIN;36|40
A64A24B2;2;QCC;Point Leamington deposit;MAIN;40
A632D55A;1;QSF;Delta;MAIN;27
A632D55A;3;QCC;Delta;MAIN;37
A65B3AD5;1;QSF;Cotabambas;MAIN;81
A65D4675;1;MGV;Copper Mountain;MAIN;28
A65D4675;3;QFV;Copper Mountain;MAIN;28
A676CFC0;1;QSF;Thompson Creek;MAIN;30|31
A67AFC0A;1;SKV;Bolivar;MAIN;40
A67AFC0A;2;QFV;Bolivar;MAIN;40|42
A70CFEDD;1;QSF;Lagoa Salgada;MAIN;36|39
A729AA54;1;QSF;Ram;MAIN;72|75|97
A71DFC99;1;QSF;Ak-Sug;MAIN;61
A731169C;2;SUV;Coosa Project;MAIN;43
A7D7CA12;1;QSF;South Corridor Deposit;MAIN;25
A7CA604E;1;QSF;Hushamu Deposit;MAIN;23
A7B284D4;1;URV;Triple R deposit;MAIN;75
A7DF62FA;1;SKV;Upper Fir;MAIN;40
A824E5BE;1;QCC;STAFFORD;MAIN;21|23
A82AC386;1;QSF;Redonda;MAIN;34|35
A8860B05;1;QSF;Cortadera;MAIN;119
A8860B05;2;SUV;Cortadera;MAIN;119
A87C0DD2;1;SBV;Central Cocha;MAIN;25
A87C0DD2;2;QSF;Central Cocha;MAIN;27
A8BA3900;1;QSF;Yandera Central;MAIN;40
A98B1BB4;1;QSF;Hugo North Extension;MAIN;88
A9AEBAED;1;QSF;Main Molybdenite Zone;MAIN;46|47
AA14D964;1;QSF;Raft prospect;MAIN;21|22
AA773E1A;1;CAV;Crevier Nb-Ta Dyke;MAIN;45
AA842807;1;QSF;Kitsault;MAIN;72
AA842807;2;QCC;Kitsault;MAIN;72
AA842807;3;SBV;Kitsault;MAIN;72
AAD485AB;1;QSF;American Antimony Project;MAIN;29|30|40|47|48|50
AAD485AB;2;QCC;American Antimony Project;MAIN;44|48|49
AAF63265;1;QSF;Santa Cruz deposit;MAIN;75|76
AB285A7F;1;FLT;Frances Creek;MAIN;36|37
AB339713;1;QSF;Los Azules;MAIN;25|26|30
AB339713;2;QTU;Los Azules;MAIN;30
ABF95DD6;1;QSF;Okanjande deposit;MAIN;44
AC48C7F7;1;SKV;Oracle Ridge;MAIN;49|50
AC837CFB;1;QSF;Keg;MAIN;15|20
AC96B3E1;1;QSF;Workman's Bench - Pringle Bench;MAIN;43|44
AC96B3E1;2;QCC;Workman's Bench - Pringle Bench;MAIN;43|44
ACA90286;1;QCC;Fairview showing;MAIN;18|25
ACBCA74A;1;SHV;Beutong;MAIN;43
ACBCA74A;3;QSF;Beutong;MAIN;39|44
ACBCA74A;4;ALS;Beutong;MAIN;52
ACCF9466;1;QSF;Yauricocha;MAIN;55|61
ACDDBED9;1;QSF;Kitsault;MAIN;92
ACDDBED9;2;QCC;Kitsault;MAIN;92
ACFDD41D;1;MGV;Ilo Norte;MAIN;76
ACFDD41D;2;CAV;Ilo Norte;MAIN;76
AD25104C;1;SKV;Santo Domingo Sur;MAIN;148
AD25104C;2;QFV;Santo Domingo Sur;MAIN;148
AD25104C;3;QCC;Santo Domingo Sur;MAIN;148
AD2AA475;1;EXT;Munshiwemba;MAIN;32
AD422E66;1;QSF;Mount Hope;MAIN;21|22|51|52|53|54
AD84BA6F;1;QSF;Hugo North Extension;MAIN;103|104
ADF393D5;1;SUV;Ntaka Hill;MAIN;79
ADF33E23;1;QSF;Stardust;MAIN;33|42
ADF33E23;2;QCC;Stardust;MAIN;35
AE5F3787;1;QSF;Ruby Creek;MAIN;34|35
AE741CEA;1;SUV;Ajax;MAIN;39
AE857EC9;1;QCC;Pampacancha;MAIN;72
AE952CC8;1;QSF;Tennyson;MAIN;98|105
AE952CC8;2;QCC;Tennyson;MAIN;105
AE9C1032;1;QSF;Lorraine;MAIN;29
AE9C1032;2;QFV;Lorraine;MAIN;32
AE9C1032;3;MGV;Lorraine;MAIN;32
AEDE62D6;1;MGV;Copper Mountain;MAIN;67|68
AEDE62D6;3;QFV;Copper Mountain;MAIN;67
AEDE62D6;5;CAV;Copper Mountain;MAIN;67
AEE48967;1;QCC;Teledyne Property Mineralization;MAIN;29
AF1720C8;1;QSF;Lorraine;MAIN;26
AF1720C8;2;QFV;Lorraine;MAIN;32
AF1720C8;3;MGV;Lorraine;MAIN;32
AF30B60F;1;QSF;Storie Deposit;MAIN;46
AF30B60F;2;AUR;Storie Deposit;MAIN;46
AF3CB523;1;QSF;Geroe Creek;MAIN;17
AF3CB523;2;QCC;Geroe Creek;MAIN;17
AF6028C1;1;URV;Patterson Lake South;MAIN;32
AF72B583;1;QSF;Kimagai;MAIN;36
AF72B583;2;QCC;Kimagai;MAIN;48
AF826833;1;MGV;Guerrero Zone;MAIN;45
AF91961A;1;QSF;Oyu Tolgoi;MAIN;107|125|127
AFBBFAEF;1;CAV;FLV Project;MAIN;24
AFBBFAEF;2;AUR;FLV Project;MAIN;24
AFA6403B;1;QSF;McIlvenna Bay;MAIN;58|60
AFC876ED;1;QCC;Hopkins Prospect;MAIN;23|28
AFE4A1C8;1;QCC;Hopper Property;MAIN;18|21
AFE4A1C8;2;QSF;Hopper Property;MAIN;20
AFFC5ED9;1;QSF;Tortigny;MAIN;58|59
B01D7225;1;SHV;Bisie North;MAIN;18
B01784A1;1;QSF;Pima Zinc;MAIN;14|15|18|23
B097015C;1;QSF;Johnny Lee deposit;MAIN;71|75
B097015C;2;SBV;Johnny Lee deposit;MAIN;71
B097015C;3;QCC;Johnny Lee deposit;MAIN;75
B0A9EC0E;1;QSF;Hautalampi;MAIN;19
B0A441D3;1;AUR;DASA;MAIN;48|52
B0B21297;1;QSF;Silver Creek Deposit;MAIN;29
B0C5A51C;1;QCC;Errington-Vermilion;MAIN;59|68
B0D6D6E4;1;URV;Shea Creek deposits;MAIN;32
B0D6D6E4;2;QTU;Shea Creek deposits;MAIN;33
B0D6D6E4;3;MGV;Shea Creek deposits;MAIN;34
B0F3C9AE;1;SHV;Copper Creek;MAIN;117
B0F3C9AE;2;QSF;Copper Creek;MAIN;117
B0F3C9AE;4;PMV;Copper Creek;MAIN;117
B0F3C9AE;5;MUL;Copper Creek;MAIN;112
B10F2073;1;CAV;Accha;MAIN;33
B11780DB;1;QSF;Morgan Peak;MAIN;21|27|30
B11780DB;2;QFV;Morgan Peak;MAIN;18
B11780DB;3;SKV;Morgan Peak;MAIN;18
B134AABA;1;AUR;K-Hill;MAIN;39
B147148F;1;QCC;Andrade;MAIN;31
B1531D4A;1;QCC;Estrades deposit;MAIN;46
B1729D54;1;SBV;Kapulo Copper Project;MAIN;54
B1729D54;2;QAD;Kapulo Copper Project;MAIN;54
B17E887B;2;QSF;Yuby-Gabriela;MAIN;23|25
B17E887B;3;QTU;Yuby-Gabriela;MAIN;23|25
B17E887B;4;ALS;Yuby-Gabriela;MAIN;21|22
B17E887B;5;MGV;Yuby-Gabriela;MAIN;21|22
B17E887B;6;SBV;Yuby-Gabriela;MAIN;21|22
B1A13818;1;MUL;Fraser Lakes Zone B;MAIN;28
B1AF399D;1;QCC;Mountain Lake deposit;MAIN;26
B1AF399D;2;SBV;Mountain Lake deposit;MAIN;26
B1AF399D;3;MGV;Mountain Lake deposit;MAIN;38
B1AF399D;4;URV;Mountain Lake deposit;MAIN;38
B1DAFF4C;1;QSF;Rosario;MAIN;30|35
B1DAFF4C;2;ALS;Rosario;MAIN;33|35
B1DAFF4C;3;QFV;Rosario;MAIN;35
B20E7A14;1;AUR;Carmacks Copper deposit;MAIN;23|27
B21CC707;1;QSF;Lagoa Salgada;MAIN;105|110|111
B2395BAB;1;QCC;Sullipek Deposit;MAIN;32
B2395BAB;2;QSF;Sullipek Deposit;MAIN;43
B275021F;1;QCC;Phyllis Central;MAIN;37|38
B275021F;2;QSF;Phyllis Central;MAIN;22
B2A16363;1;QSF;Storie Deposit;MAIN;32
B2AC365C;1;QSF;Antilla;MAIN;41|46
B2D6E492;1;SUV;Broken Hammer Zone;MAIN;31
B3208D52;1;QSF;West Desert;MAIN;56|63
B3217946;1;CAV;NH showing;MAIN;21
B326B41E;1;CAV;Bégin-Lamarche;MAIN;56
B37A5E5C;1;QCC;HD Property;MAIN;36|37|38
B392A0D9;1;QSF;Valley deposit;MAIN;27
B3A48A7F;1;QCC;Bull River Mine;MAIN;46
B3E4969B;1;QSF;Twin Peaks Project;MAIN;46|56
B3E1F3DA;1;QCC;Ralleau VMS System;MAIN;31
B3FBCDC8;1;QSF;MGT zone;MAIN;26
B40EF808;1;QSF;South Corridor;MAIN;23
B41933B9;1;QSF;Sulfato South;MAIN;39|48
B42D570E;1;QSF;Rosemont;MAIN;36
B44DAC75;1;QSF;Schaft Creek;MAIN;82|86
B44DAC75;2;QCC;Schaft Creek;MAIN;83
B473E3C9;1;CAV;Getty deposit;MAIN;28
B4865FE5;1;QSF;Kharmagtai;MAIN;50|54|55
B4865FE5;2;QCC;Kharmagtai;MAIN;57
B521070F;1;QSF;Burnt Hill;MAIN;40|43
B52A6CA8;1;QSF;Cobrasco;MAIN;66|67
B52A6CA8;2;MGV;Cobrasco;MAIN;67
B52A6CA8;3;SBV;Cobrasco;MAIN;72
B568B923;2;QSF;Kili Teke;MAIN;40
B568B923;3;SUV;Kili Teke;MAIN;40
B5B10CA3;1;QFV;Dotson Zone;MAIN;55|56
B5CEF9A7;1;QCC;Bloom Lake;MAIN;88
B616D0D8;1;QSF;Fabie Bay;MAIN;46|48
B63B2749;1;QCC;Kombat Mine;MAIN;81
B63B2749;2;EXT;Kombat Mine;MAIN;81
B63B2749;3;PMV;Kombat Mine;MAIN;81
B65BC1F6;1;QCC;Tshifufia;MAIN;51
B657FEB6;1;QCC;San Agustin;MAIN;84
B65E74AD;1;QSF;Elura/Endeavor deposit;MAIN;28
B666BDD8;1;QCC;Cooke Mine;MAIN;57|59|68|69
B67BBB81;1;QCC;Tshifufia;MAIN;64
B69EDB30;1;SKV;Bolívar;MAIN;51
B6BA16BD;1;QCC;Kipoi Central;MAIN;58
B6B13FC0;1;QSF;Main Zone;MAIN;41
B6B13FC0;2;QCC;Main Zone;MAIN;41
B6B13FC0;3;CAV;Main Zone;MAIN;41
B710F221;1;QCC;Denison;MAIN;47
B710F221;2;SKV;Denison;MAIN;47
B710F221;3;QSF;Denison;MAIN;50
B727CF37;1;QSF;Southeast Zone;MAIN;128
B727CF37;2;SBV;Southeast Zone;MAIN;128
B784E50F;1;QSF;Sunnyside;MAIN;41
B78852D5;1;QSF;Kitsault;MAIN;37|38
B78852D5;2;QCC;Kitsault;MAIN;37|38
B7CD00DD;1;URV;Macusani Property;MAIN;25|27
B7E02F2E;1;QSF;Kaukua;MAIN;47
B7E02F2E;2;SUV;Kaukua;MAIN;40
845F3235;1;AUR;Fisher Canyon;MAIN;31
844A5C94;1;QSF;La Escandalosa;MAIN;44|45|48
844A5C94;2;QCC;La Escandalosa;MAIN;45|46|50
844A5C94;3;SBV;La Escandalosa;MAIN;45
844FA4D4;1;QAD;Sandman;MAIN;52|53
84A51183;1;QSF;Pimenton Porphyry;MAIN;32|38
84A51183;2;ALS;Pimenton Porphyry;MAIN;32|38
8564C241;1;QSF;EP-006;MAIN;22
85EBE620;1;QSF;Laowangshan;MAIN;16
85EBE620;2;QCC;Laowangshan;MAIN;16
84FD331A;1;QSF;Centennial;MAIN;37|39
84FD331A;2;QCC;Centennial;MAIN;38
85FE3856;1;QSF;Cerro Casale;MAIN;58|72|80
860C79C1;1;AUR;Long Canyon;MAIN;53
860C79C1;2;CAV;Long Canyon;MAIN;53
870281D2;1;QSF;Didipio;MAIN;49|52|57
870281D2;2;SKV;Didipio;MAIN;49|57
87AFFC35;1;QSF;Boulevard;MAIN;14
87AFFC35;2;CAV;Boulevard;MAIN;14
8849EFD6;1;QSF;Balabag;MAIN;10|39|41
884B9751;1;QSF;Hi Property;MAIN;39|46
8A404367;1;QSF;Irokindinskoye deposit;MAIN;43|46
896CC7B8;1;QSF;Karakartal;MAIN;23
8955567C;1;QSF;Sugarloaf Peak;MAIN;47|55
8955567C;2;EXT;Sugarloaf Peak;MAIN;47|55
8955567C;3;ALS;Sugarloaf Peak;MAIN;36|37|40|41|75
8A66B276;1;QSF;Wishbone Project;MAIN;30
8AC94999;1;QCC;Black Dog and SRV;MAIN;23
8B378B3D;1;QSF;17 Zone;MAIN;35|38|39
8AC4046D;1;QCC;Bug Lake;MAIN;25|26
8AC4046D;2;QSF;Bug Lake;MAIN;25|26|28|29|30|31
8ACA41EE;1;QCC;Guayabito;MAIN;23
8ACA41EE;2;QSF;Guayabito;MAIN;20|24
8B567DBA;1;QCC;Bachelor Lake;MAIN;44|48
8B59A824;1;QSF;Çorak;MAIN;59
8B59A824;2;QCC;Çorak;MAIN;59
8B7D478D;1;AUR;Taunus;MAIN;42|43
8BA0D36D;1;QCC;Sandeb Property;MAIN;58|69|71
8BA0D36D;2;SHV;Sandeb Property;MAIN;42|69
8BECD458;1;QCC;Bonanza Ledge;MAIN;41
8BECD458;2;QSF;Bonanza Ledge;MAIN;42
8BECD458;3;FLT;Bonanza Ledge;MAIN;42
8C3BC820;1;QAD;San Andres;MAIN;47|49
8DAD68E8;1;QAD;Regent;MAIN;34
8F5CFF24;1;QSF;Tad Porphyry;MAIN;23|24
8E13042B;1;QSF;Bulagou;MAIN;35|42|47
8E13042B;2;QCC;Bulagou;MAIN;35
8FF1F45B;1;QSF;Rainy River Gold Project;MAIN;43|49
91384B58;1;QCC;Divide Prospect;MAIN;15
907966F2;1;QSF;Igwageta Prospect;MAIN;20
907966F2;2;QAD;Igwageta Prospect;MAIN;27
909923A1;1;QSF;Caspiche Porphyry;MAIN;43|44|47
91497175;1;QSF;Vein No. 12;MAIN;21
9188BA5D;1;QCC;El Yujo;MAIN;31
92155D9C;1;QCC;Tabakoto;MAIN;84|91
92155D9C;2;QSF;Tabakoto;MAIN;93
91D65855;1;QCC;Cerro Prieto;MAIN;36
92D3E9E4;1;QSF;Wikieup Project;MAIN;21|22|23
92D3E9E4;2;QCC;Wikieup Project;MAIN;22|23
92ED96D6;1;QSF;Jake Showing;MAIN;15|18
92ED96D6;2;QCC;Jake Showing;MAIN;15|18|19
9314485E;1;QSF;Napoleon;MAIN;21|25
9351EB0A;1;QCC;Iskut Deposit;MAIN;22
9351EB0A;2;QSF;Iskut Deposit;MAIN;22
9421460D;1;QCC;Dingman;MAIN;36|38
94432E33;1;QCC;Swordfish zone;MAIN;23|24
95473CE7;1;QSF;Batman Deposit;MAIN;64|67
95577C17;1;QSF;Hall Lake felsic dyke mineralization;MAIN;19
9576C90F;1;QSF;Hirsikangas;MAIN;43|52
95B9BF9E;1;QAD;San Dimas District;MAIN;43
95B9BF9E;2;QCC;San Dimas District;MAIN;43
95EC4583;1;QSF;Masbate;MAIN;56|57
95EC4583;2;QCC;Masbate;MAIN;57|58
95EC4583;3;QAD;Masbate;MAIN;57
95EC4583;4;CAV;Masbate;MAIN;57
96880E39;1;AUR;La Arena;MAIN;56
96880E39;2;QSF;La Arena;MAIN;56
96880E39;3;SUV;La Arena;MAIN;56
952859A9;1;QSF;Wolf Property;MAIN;24
96A7F58A;1;QCC;El Compas;MAIN;45
98E7B17D;1;QSF;Bong Mieu East;MAIN;80|82
98D32EC9;1;SKV;Didipio Gold-Copper Deposit;MAIN;57|60
98D32EC9;2;QSF;Didipio Gold-Copper Deposit;MAIN;57|60
98D32EC9;3;QCC;Didipio Gold-Copper Deposit;MAIN;57|60
98D32EC9;4;QFV;Didipio Gold-Copper Deposit;MAIN;60
98D32EC9;5;CAV;Didipio Gold-Copper Deposit;MAIN;60
9A55BCB1;1;QSF;Descubridora;MAIN;36
9B3C4EEB;1;QSF;Cross Mine;MAIN;45|46|47
9B3C4EEB;2;QCC;Cross Mine;MAIN;46|47
9B509116;1;QSF;JJ Main;MAIN;28
9B449107;1;AUR;La India;MAIN;47
9BEF8EE6;1;QCC;El Capitan;MAIN;42
9C45E05D;1;AUR;Bullard Pass Property;MAIN;12
9C45E05D;2;QCC;Bullard Pass Property;MAIN;12
9C829B6E;1;QSF;North Deposit (Bai Go);MAIN;44
9D3D5C3B;1;QCC;Rob Property;MAIN;10
9D3D5C3B;2;QSF;Rob Property;MAIN;11
9D3D5C3B;3;MUL;Rob Property;MAIN;15|19
9D3D5C3B;4;SHV;Rob Property;MAIN;11
9D5FCF42;1;QCC;Auden Property Gold;MAIN;30
9D5FCF42;2;QSF;Auden Property Gold;MAIN;33
9C83427A;1;QCC;Cleary Hill;MAIN;14|21|25
9C83427A;2;QSF;Cleary Hill;MAIN;21|38
9C83427A;3;MUL;Cleary Hill;MAIN;24
9D9CB47D;1;QCC;Elizabeth Vein System;MAIN;27|29
9E069746;1;QCC;Mitoma;MAIN;45
9E75C3FF;1;QCC;EMZ;MAIN;56
9E75C3FF;2;QSF;EMZ;MAIN;56
9E75C3FF;3;SHV;EMZ;MAIN;50|61
9E75C3FF;4;EXT;EMZ;MAIN;50|61
9E54A327;1;QSF;Buzzard Prospect;MAIN;24|25
9EFA5D28;1;QCC;San Rafael vein;MAIN;13|14|15
9FA0906C;1;QSF;Titan;MAIN;18|25
A0D0B12A;1;QSF;CSH Mine;MAIN;26|27
9FC4FC49;1;QSF;Robertson;MAIN;44|45|49
9FC4FC49;2;QCC;Robertson;MAIN;44|45|49
A026CFAE;1;QSF;Cerro Quema;MAIN;34|37
A1918878;1;QSF;Golden Gap;MAIN;9|12
A15AA5BD;1;QAD;El Valle-Boinás;MAIN;72|74
A2955C3F;1;QCC;Pickle Crow;MAIN;67|68|71
A2955C3F;2;MUL;Pickle Crow;MAIN;71|72
A36D4C9A;1;QSF;Isabella Gold Silver Project;MAIN;23|26
A36D4C9A;2;MUL;Isabella Gold Silver Project;MAIN;26
A36D6A11;1;QSF;Pucamayo East;MAIN;7
A36D6A11;2;QCC;Pucamayo East;MAIN;7
A3D16B47;1;QCC;Detour Lake deposit;MAIN;45
A3D16B47;2;SHV;Detour Lake deposit;MAIN;45
A3D16B47;3;EXT;Detour Lake deposit;MAIN;45
A4E46E62;1;EXT;Leprechaun gold deposit;MAIN;45|47|48
A4E46E62;2;SHV;Leprechaun gold deposit;MAIN;45|47|48
A5B0BFB3;1;AUR;Osbell deposit;MAIN;44|45
A5B0BFB3;2;SKV;Osbell deposit;MAIN;44
A5B0BFB3;3;QSF;Osbell deposit;MAIN;45
A5041C14;1;QSF;Tumpangpitu;MAIN;65|69
A5041C14;2;MGV;Tumpangpitu;MAIN;33|42
A5041C14;3;SUV;Tumpangpitu;MAIN;68
A66D3126;1;QSF;Lucky Shot;MAIN;27|28
A67ED057;1;SHV;Camp Zone;MAIN;19
A67ED057;2;QSF;Camp Zone;MAIN;19
A67ED057;3;AUR;Camp Zone;MAIN;19|26
A67ED057;4;CAV;Camp Zone;MAIN;19
A67ED057;5;QCC;Camp Zone;MAIN;25
A68EC82E;1;AUR;Black Point;MAIN;16
A7373918;1;QSF;Boundary Zone;MAIN;25|26
A776B866;1;QCC;Angovia 1;MAIN;20
A746F9F0;1;QCC;Cariboo Goldfields Property;MAIN;33|34|35|36|37
A746F9F0;2;SHV;Cariboo Goldfields Property;MAIN;33|34
A746F9F0;3;FLT;Cariboo Goldfields Property;MAIN;33|34
A8633680;1;QCC;San Rafael Vein;MAIN;21|24|29|30
A8C0B23A;1;QSF;Amadeus Zone;MAIN;30
A8BEF1DD;1;QCC;Campamento;MAIN;27
A8BEF1DD;2;MUL;Campamento;MAIN;27
A8BEF1DD;3;QFV;Campamento;MAIN;29
A8BEF1DD;4;SUV;Campamento;MAIN;29
A9B830E1;1;QSF;Nuevo Milenio Project;MAIN;31|34
AA15D6D5;1;QSF;Augusta;MAIN;42|46
AB6D0D58;1;FLT;Isabelle showing;MAIN;15
AB6D0D58;2;SHV;Isabelle showing;MAIN;15
AB43744A;1;QCC;Rosebel deposits;MAIN;40|41|51|56|57
AB43744A;2;SHV;Rosebel deposits;MAIN;41|42|46|47|48|50|52|53|56|57
AB43744A;3;EXT;Rosebel deposits;MAIN;41|42|47|48|50|52|53|54|56|57
AB72D5CD;1;QAD;Golden Arrow;MAIN;47|48|124
AD1D8999;1;SHV;Isabelle zone;MAIN;16
AD1D8999;2;FLT;Isabelle zone;MAIN;16
AD755402;1;QCC;Kenwest Property;MAIN;29
ADFF5BE7;1;AUR;Pico Machay;MAIN;28|33|35
AE1345E6;1;QCC;El Compas;MAIN;64
AF27AF85;1;QSF;Greater Cangrejos;MAIN;39|40
AFDA41AB;1;QCC;West Zone;MAIN;60|61
AFDA41AB;2;QSF;West Zone;MAIN;60|61
AFDA41AB;3;SHV;West Zone;MAIN;61
AFDA41AB;4;EXT;West Zone;MAIN;60
B0005694;1;QSF;Metates;MAIN;62
AF987718;1;QSF;Graben deposit;MAIN;67
AF987718;2;MUL;Graben deposit;MAIN;67
B036B185;1;QSF;Eagle Zone;MAIN;63|69
B036B185;2;EXT;Eagle Zone;MAIN;63|69
B06AB8F9;1;QSF;Saunders Vein System;MAIN;25|26|32
B0CF53B9;1;QCC;Moosehead;MAIN;24
B0CF53B9;2;QSF;Moosehead;MAIN;26
B0CF53B9;3;SHV;Moosehead;MAIN;24
B0CF53B9;4;QAD;Moosehead;MAIN;33
B0EF340D;1;AUR;La Suerte;MAIN;17|18|21
B10BD979;1;QSF;Baseline-Nugget Block;MAIN;33
B18A083A;1;QSF;Wabamisk;MAIN;10|13
B337A761;1;QSF;88-60 Zone;MAIN;30|34|37
B337A761;2;QCC;88-60 Zone;MAIN;30|34|37
B1D94769;1;QSF;Brimstone;MAIN;58
B2DFD2FE;1;QSF;Gaby Main;MAIN;42|47
B3EC2427;1;QSF;Isidora Mine;MAIN;31
B38E1E11;1;QCC;Silver Queen;MAIN;28|39
B38E1E11;2;QSF;Silver Queen;MAIN;39
B42BE601;1;QSF;HNK;MAIN;24
B44E9D9D;1;QSF;Angela vein;MAIN;55
B5C1A5B6;1;QSF;Cerro Casale;MAIN;76|77
B5C1A5B6;2;QFV;Cerro Casale;MAIN;76|77
B5C1A5B6;3;MGV;Cerro Casale;MAIN;76|77
B5C1A5B6;4;PMV;Cerro Casale;MAIN;76
B647CCEC;1;QAD;Dolores;MAIN;29
B6EA8AE6;1;QCC;Cerro Vetas;MAIN;27
B6EA8AE6;2;QSF;Cerro Vetas;MAIN;29
B532D621;1;QCC;Brucejack Property;MAIN;56|59|60
B532D621;2;SBV;Brucejack Property;MAIN;59
B7E47AD9;1;SHV;Groete Creek;MAIN;11|12
B7E47AD9;2;MUL;Groete Creek;MAIN;11|12
B866216D;1;QSF;Red Cliff;MAIN;17|18
B73F3E59;1;QSF;Mitchell Zone;MAIN;60|61
B73F3E59;2;QCC;Mitchell Zone;MAIN;61
B73F3E59;3;SBV;Mitchell Zone;MAIN;61
B8B774DD;1;QCC;Link-Catherine;MAIN;38|39|65
B8B774DD;2;QSF;Link-Catherine;MAIN;36|65
B8B774DD;3;MUL;Link-Catherine;MAIN;65
B9036F20;1;QSF;Snowfield Deposit;MAIN;25
B9AFBCEF;1;SHV;Eagle Mountain;MAIN;44
B9AFBCEF;2;AUR;Eagle Mountain;MAIN;39|44
B990FE83;1;QSF;Binebase-Bawone;MAIN;42
B9E61A61;1;QSF;Certej;MAIN;34
BA5CF869;1;QCC;Madoc Project Gold System;MAIN;40
BA5CF869;2;QSF;Madoc Project Gold System;MAIN;40
BA24F5CF;1;QSF;Caramanta Project;MAIN;44
BA24F5CF;2;CAV;Caramanta Project;MAIN;44
BB28A77A;1;QCC;Eau Claire;MAIN;33
BC8BC891;1;QCC;Duggan Zone;MAIN;47
BB34ACC5;1;SHV;Alimonie South;MAIN;27|53
BB34ACC5;2;EXT;Alimonie South;MAIN;27|53|54
BB34ACC5;3;QSF;Alimonie South;MAIN;53
BB534F3E;1;QSF;Porphyry Knob;MAIN;20|21
BB534F3E;2;QCC;Porphyry Knob;MAIN;21
BC910AB0;1;QCC;Rossmere Property;MAIN;20
BC910AB0;2;QSF;Rossmere Property;MAIN;26
BD98CCFF;1;AUR;Tekem;MAIN;19
BE000072;1;AUR;New Pass;MAIN;52|53
BCB749DB;1;QCC;Headway Project;MAIN;36
C00E85A6;1;MUL;San Miguel Vein;MAIN;36
C00E85A6;2;QSF;San Miguel Vein;MAIN;36
BEDF1012;1;QSF;Atlanta lode;MAIN;45
BFC971A6;1;QSF;Cerro Quema;MAIN;37
BFC971A6;2;AUR;Cerro Quema;MAIN;34
C012B9BB;1;MUL;El Padre Vein;MAIN;11|12
C07CD186;1;QCC;Barry I Main Zone;MAIN;85|90
C1432194;1;QCC;Green Camp;MAIN;19
C0811712;1;QCC;MacCormack;MAIN;19|21|30|33
C2141697;1;QSF;Eagle Zone;MAIN;25
C1F2CCE7;1;QSF;Limão;MAIN;16
C33C24B7;1;QSF;Cuiú Cuiú;MAIN;11|14
C2BC4720;1;QCC;Cerro Prieto;MAIN;54|59
C37A67A5;1;QCC;Bachelor Lake;MAIN;37|176
C379E321;1;QAD;Kupol;MAIN;31|57
C37DE96C;1;QSF;Casino B;MAIN;27
C429625A;1;QTU;Marco Zone;MAIN;14
C42A2034;1;QCC;South Block;MAIN;31
C3B6F355;1;QCC;Silver Coin;MAIN;41|42|43|49|52
C3B6F355;2;QSF;Silver Coin;MAIN;51
C3B6F355;4;AUR;Silver Coin;MAIN;49
C432E9BA;1;QAD;Golden Arrow;MAIN;47|48|124
C432E9BA;2;QCC;Golden Arrow;MAIN;48|51
C5584557;1;QSF;Nyakona Hill;MAIN;35|46|55|56
C514F42D;1;QCC;Orion Gold Deposit;MAIN;15|16|21
C575A2B4;1;QSF;Nambija;MAIN;21|22
C607C0F3;1;QSF;Kanweaken;MAIN;14|18
C607C0F3;2;AUR;Kanweaken;MAIN;14|18
C657A340;1;QSF;Caspiche;MAIN;32
C77D38C3;1;MUL;Cerro Vetas-NW Breccia-Chisperos;MAIN;47
C77D38C3;2;QSF;Cerro Vetas-NW Breccia-Chisperos;MAIN;51
C77D38C3;3;QAD;Cerro Vetas-NW Breccia-Chisperos;MAIN;51
C75ABF3C;1;CAV;Marmato;MAIN;45
C85C2176;1;QSF;Orfée and Orfée East;MAIN;12|17
C9613727;1;QAD;Topacio Vein;MAIN;16
C99F1F1B;1;QCC;Busitema;MAIN;41
CA72ACFB;1;QSF;Doctors Point;MAIN;36
CAD9258E;1;QSF;025 Zone;MAIN;22|24
CB4755CE;1;QAD;Easter vein;MAIN;20|22|24
CBE4DF2F;1;QSF;Bernadette-Dubeau;MAIN;26|29|49
CBD804E3;1;QSF;Main Homestake deposit;MAIN;17|46
CBD804E3;2;QCC;Main Homestake deposit;MAIN;17|46
CD153874;1;QCC;Kangaroo;MAIN;26
CD153874;2;QSF;Kangaroo;MAIN;26
CCA7034A;1;QAD;El Valle-Boinás;MAIN;70|72
CCA7034A;2;QCC;El Valle-Boinás;MAIN;70|72
CC8B4105;1;QCC;Cat Mountain;MAIN;31|36|37|38
CC8B4105;2;MGV;Cat Mountain;MAIN;31|36|37
CD63339B;1;AUR;Cerro Moro;MAIN;33
CD63339B;2;QSF;Cerro Moro;MAIN;33
CD1C8D29;1;QSF;Hammond Reef;MAIN;54|57
CD1C8D29;2;SHV;Hammond Reef;MAIN;55
CD1C8D29;3;EXT;Hammond Reef;MAIN;55
CDBA2F7E;1;QCC;La Bolsa;MAIN;29|32
CDBA2F7E;2;QAD;La Bolsa;MAIN;29
CDFBE139;1;QSF;Main Homestake deposit;MAIN;47
CDFBE139;2;QCC;Main Homestake deposit;MAIN;47
CDE3E1E7;1;QSF;Mt. Kare;MAIN;45
CDE3E1E7;3;EXT;Mt. Kare;MAIN;45
CEB3E4AC;1;QAD;La Josefina;MAIN;34
CEC900AC;1;QSF;Marmato;MAIN;79
CF443FC8;1;QSF;Sapuchi;MAIN;40
CF0E2D71;1;QCC;Noche Buena;MAIN;31|33
CF0E2D71;2;MUL;Noche Buena;MAIN;31
CF8293FF;1;QCC;Ogden Property;MAIN;20|22
CF8293FF;2;AUR;Ogden Property;MAIN;20
CFD844C8;1;QSF;Los Planes;MAIN;83|85
CFA15E85;1;QSF;Falcons showings;MAIN;17|18|21|22
D009E1D7;1;QSF;Blustry zone;MAIN;35
D0768ABA;1;AUR;Kirkland Creek;MAIN;17
D119AEAB;1;QSF;Beregovo;MAIN;16
D119AEAB;2;SBV;Beregovo;MAIN;16
D119AEAB;3;QCC;Beregovo;MAIN;17
D0FF3B2E;1;QSF;Nyakagwe Hill Area;MAIN;32|68
D19C5BAA;1;EXT;Coringa;MAIN;57|62
D19C5BAA;2;FLT;Coringa;MAIN;57|62
D19C5BAA;3;QSF;Coringa;MAIN;62
D1F75137;1;QSF;Cerro Ventanas;MAIN;42|43
D1A5AD6B;1;QSF;Irokindinskoye deposit;MAIN;51|55
D242AA3F;1;QSF;Belleterre Mine Vein System;MAIN;21|23
D28F3EDE;1;QCC;Dingman;MAIN;39|41
D291A6D6;1;QCC;San Jorge vein system;MAIN;40|41
D2B04EBC;1;QSF;Aği Daği;MAIN;32
D372704D;1;QSF;Shear-related gold-quartz veins;MAIN;18|19|29
D372704D;2;EXT;Shear-related gold-quartz veins;MAIN;19
D3D80FCE;1;QCC;Rocmec 1;MAIN;35|40
D4131525;1;AUR;El Castillo;MAIN;32|33
D3EF86A9;1;QSF;Volta Grande;MAIN;44
D4140642;1;QSF;Norris Shaft;MAIN;20|29
D42F7FC2;1;SHV;Main Zone;MAIN;22
D42F7FC2;2;EXT;Main Zone;MAIN;22
D42F7FC2;3;QCC;Main Zone;MAIN;35
D52A70A8;1;QCC;Triple Lake;MAIN;27|28
D4F4FFB3;1;QSF;Alphonso Property;MAIN;38
D4F4FFB3;2;QCC;Alphonso Property;MAIN;43
D4F4FFB3;3;QTU;Alphonso Property;MAIN;39
D482FE0A;1;QSF;FAT deposit;MAIN;57
D482FE0A;2;QCC;FAT deposit;MAIN;57
D5449FF6;1;QSF;Los Planes;MAIN;78
D5C5FB83;1;QCC;Main Zone;MAIN;12
D5C5FB83;2;QSF;Main Zone;MAIN;12|13
D5E910DD;1;QCC;Montgolfier Project;MAIN;25|26
D5E910DD;2;QTU;Montgolfier Project;MAIN;27
D5E910DD;3;QSF;Montgolfier Project;MAIN;28
D5F9E1F9;1;QCC;St. Eugene;MAIN;24
D59F4F9D;1;QCC;Aït Bou-Haddou;MAIN;41|74
D7763843;1;QSF;Apanao;MAIN;23|27
D6B1889F;1;QSF;Atenea Structure;MAIN;23|24
D68A71F7;1;QAD;Eureka West;MAIN;53|54|56
D68A71F7;2;QCC;Eureka West;MAIN;45|62
D70C1D65;1;QAD;Eureka;MAIN;67|68|69
D7865667;1;QSF;Batman Deposit;MAIN;48|51
D892BB6F;1;QAD;Ayelen Vein;MAIN;30|34|37
D7DFE69B;1;QCC;Orion Gold Deposit;MAIN;16|17|22
D7DFE69B;2;QSF;Orion Gold Deposit;MAIN;26
D8DBF1CF;1;QCC;Fuller deposit;MAIN;31
D96498B4;1;QCC;Laverty Dyke Gold Zone;MAIN;37
DA05D426;1;AUR;Rainbow Canyon;MAIN;13
D97520D5;1;QAD;Don Sixto;MAIN;30|32
DA37339A;1;QSF;Kopsa;MAIN;33
DA37339A;2;AUR;Kopsa;MAIN;33
DA7664F4;1;QCC;Star-Toughnut;MAIN;26|27|29
DB3B6C25;1;QCC;McBean deposit;MAIN;42
DB61E235;1;QSF;F2 Zone;MAIN;36
DB61E235;2;QCC;F2 Zone;MAIN;36
DB61E235;3;AUR;F2 Zone;MAIN;36
DB659181;1;QCC;Main Zone;MAIN;23|24
DBC6B9F8;1;QSF;Tay-LP;MAIN;28|31
DBC8E681;1;QSF;Lucas Gold Project;MAIN;15|18
DBDB90FA;1;QCC;Çöpler;MAIN;29
DBDB90FA;2;QSF;Çöpler;MAIN;29|30
DC1F96FD;1;SUV;Changkeng;MAIN;23
DCA2781C;1;QSF;Batman Deposit;MAIN;60|63
DCA7E6BA;1;QSF;Santo Antonio;MAIN;29|31
DC7B20F9;1;QAD;Burro Vein;MAIN;35|37
DD432179;1;QCC;MacLellan;MAIN;42|44|51|54|55|56|58
DD432179;2;QSF;MacLellan;MAIN;42|44|46|51|56|57|59
DD432179;3;SKV;MacLellan;MAIN;42|46|50|56|58
DD8FA44A;1;QCC;Rosy;MAIN;14
DD806847;1;QSF;Snowfield zone;MAIN;25
DD806847;2;CAV;Snowfield zone;MAIN;28
DD806847;3;PMV;Snowfield zone;MAIN;28
DD5ECD21;1;QSF;Graben deposit;MAIN;71
DDBF2231;1;QCC;Birch Crossing;MAIN;12|16
DDBF2231;2;QSF;Birch Crossing;MAIN;17
DDBF2231;3;MGV;Birch Crossing;MAIN;17
DE18640B;1;QSF;Becker Vein Systems;MAIN;13|19
DE18640B;2;MUL;Becker Vein Systems;MAIN;13
DE622E7A;1;QCC;Alcourt Veins;MAIN;34|35
DE934319;1;QSF;El Creston;MAIN;43|49
DE934319;2;QCC;El Creston;MAIN;57
DEE906E8;1;QAD;El Valle-Boinás;MAIN;70|72
DEE906E8;2;QCC;El Valle-Boinás;MAIN;70|72
DF0E95A3;1;QCC;Ondundu Main Zone (OMZ);MAIN;33|34|37
DF0E95A3;2;EXT;Ondundu Main Zone (OMZ);MAIN;37
DF0E95A3;3;AUR;Ondundu Main Zone (OMZ);MAIN;37
E0265740;1;QSF;La India;MAIN;93|98
E096C27A;1;QAD;Puma de Oro;MAIN;14|15
E244D956;1;QSF;Blue Hill Creek;MAIN;20|25
E244D956;2;MUL;Blue Hill Creek;MAIN;26
E306B2B5;1;QCC;West Gabbro Zone;MAIN;25
E34B9DC0;1;QCC;Main Zone;MAIN;27|28
E3415F45;1;QAD;Cahuilla;MAIN;37|38
E428745C;1;QSF;Zlata;MAIN;19|22
E428745C;2;QCC;Zlata;MAIN;22
E4F43CED;1;QSF;La Bodega;MAIN;24|25|26
E53F0408;1;QCC;Main Zone;MAIN;42|44|45
E53F0408;2;QSF;Main Zone;MAIN;45
E6925B4D;1;QSF;Mount Hinton;MAIN;23
E54C83EA;1;QSF;Coricancha;MAIN;27|31|32|33|34
E769BEE1;1;QCC;Ateba;MAIN;26
E72427A1;1;QSF;I-Zone;MAIN;34
E7F8F883;1;QSF;Los Candelones;MAIN;21|22|36
E7F8F883;2;QCC;Los Candelones;MAIN;36
E7F8F883;3;QAD;Los Candelones;MAIN;25
E83C7661;1;QAD;Golden Arrow;MAIN;47|48|51
E8FC8109;1;QSF;Fish Property;MAIN;20|21
E84C0091;1;QAD;D Reef;MAIN;37
E84C0091;2;SHV;D Reef;MAIN;37|39
E9CEC9B0;1;QCC;Troy Zone;MAIN;13
E9DE2373;1;QCC;Modoc;MAIN;29
EA21F35C;1;QCC;Varga;MAIN;39|41|42
EA21F35C;2;QAD;Varga;MAIN;37
EB349854;1;QCC;Friday-Petsite Zone;MAIN;29|33
EAF4D01E;1;QSF;Certej;MAIN;33
EAF4D01E;2;TLD;Certej;MAIN;33|34|36
EB63F1A3;1;QSF;Fruta del Norte;MAIN;54|55
EB63F1A3;2;QCC;Fruta del Norte;MAIN;54|55
EB63F1A3;3;QAD;Fruta del Norte;MAIN;54|55|64
EB80D0D4;1;QCC;Susana-Alaska system;MAIN;20
EC1110B3;1;QSF;Ester Dome vein system;MAIN;37|42|44
ED0D8854;1;QSF;First Hit Vein;MAIN;40
EDB3E167;1;QAD;Escondida;MAIN;30
ECF2A850;1;QCC;Surface Zone;MAIN;22
ED6AD103;1;QSF;Thorn Stock;MAIN;24
ED6AD103;2;QCC;Oban breccia;MAIN;35
ED6AD103;3;SBV;Thorn Stock;MAIN;37
ED6AD103;4;QCC;Thorn Stock;MAIN;36
EECB6360;1;QSF;Golden Gap;MAIN;12
EDD885A8;1;QCC;Golden Ridge;MAIN;30
EDD0735A;1;AUR;Central Deposit;MAIN;51|53
EF8526F4;1;SBV;Perama Hill;MAIN;29
EF8526F4;2;QAD;Perama Hill;MAIN;32
EF8D5275;1;QSF;Cerro Casale;MAIN;79
EFACCDBF;1;AUR;Tekem;MAIN;19
F01C0559;1;QSF;Cerro Jumil;MAIN;35
F0235C28;1;QSF;Hope Brook deposit;MAIN;74|78
F0235C28;2;TLD;Hope Brook deposit;MAIN;78
F0307E0F;1;SHV;Groete Creek;MAIN;25|26|27
F0307E0F;2;MUL;Groete Creek;MAIN;26|27
F11F5097;1;QSF;Miwah;MAIN;38
F11F5097;2;AUR;Miwah;MAIN;42
F13893C9;1;AUR;Tesoro;MAIN;16
F14E7308;1;QAD;Pinos Altos;MAIN;94|98
F21C5ABE;1;QSF;Cerro Agujerado;MAIN;32|34
F29A8005;1;QAD;Kamila;MAIN;35|47
F29A8005;2;QCC;Kamila;MAIN;54
F2DD2EB6;1;SHV;Frog's Leg;MAIN;34
F2DD2EB6;2;QSF;Frog's Leg;MAIN;34
F2F2F5CE;1;QAD;Columbia;MAIN;32|36|37|39
F397F527;1;QSF;Skukum Creek;MAIN;37
F3C5FEDC;1;QSF;Metates;MAIN;60
F406F12F;1;AUR;Discovery zone;MAIN;20
F4010243;1;QSF;Amisk gold deposit;MAIN;45|48
F5E68A5A;1;QSF;Kirazlı;MAIN;25|30|32
F71B3E2F;1;QSF;SE Project area;MAIN;26|28
F721E8C9;1;QCC;San Francisco vein system;MAIN;20|25|27
F721E8C9;2;QSF;San Francisco vein system;MAIN;24|25
F721E8C9;3;MUL;San Francisco vein system;MAIN;25
F7D5A8C4;1;QSF;Animas/Del Norte;MAIN;49
F7D5A8C4;2;MUL;Animas/Del Norte;MAIN;48
F85ECE1C;1;QCC;Belleterre Extrême Est;MAIN;27|30
F80880A3;1;QSF;Fire & Brimstone;MAIN;53
F7EB5EFC;1;QCC;Kitsault Gold Property;MAIN;29
F8CB326C;1;SHV;Mashonga;MAIN;25|38
F91B0330;1;AUR;Gillis;MAIN;15
F9A3218C;1;QSF;Ida-Oro;MAIN;17
F9A3218C;2;QCC;Ida-Oro;MAIN;16
F9AC91A6;1;QSF;Igwageta;MAIN;20
F9AC91A6;2;QAD;Igwageta;MAIN;27
FA5C9791;1;QCC;Jerome;MAIN;33
FA18D444;1;QAD;Carlos Zone;MAIN;12|15|16
FA61928D;1;QSF;Gold Hill;MAIN;15|16|18
FA383E37;1;QCC;Watershed Gold Property;MAIN;41|44|45|47
FA383E37;2;AUR;Watershed Gold Property;MAIN;43|46|47
FB25C1D9;1;SHV;Frog's Leg;MAIN;34
FB25C1D9;2;QSF;Frog's Leg;MAIN;34
FB439803;1;QCC;Elizabeth Gold Project;MAIN;35
FA8F27BC;1;QSF;Iskut Project;MAIN;47
FC856E19;1;QSF;Shotgun Ridge;MAIN;24|26|28
FC856E19;2;QTU;Shotgun Ridge;MAIN;28
FC856E19;3;QCC;Shotgun Ridge;MAIN;28
FC997059;1;QSF;San Miguel Vein;MAIN;27
FC997059;2;MUL;San Miguel Vein;MAIN;27
FCC198F8;1;QCC;Briggs Mine;MAIN;42
FCFD9271;1;QSF;California-Vetas property;MAIN;14
FCC59FF3;1;QSF;Porphyry Knob;MAIN;24|31|32
FCC59FF3;2;QCC;Porphyry Knob;MAIN;24|32
FD911BC0;1;QSF;Snip North;MAIN;22
FE50E8ED;1;QAD;Bell Mountain;MAIN;37
FE50E8ED;2;QCC;Bell Mountain;MAIN;37|39
FF402B99;1;QCC;El Capitan Property;MAIN;29
FF402B99;2;QSF;El Capitan Property;MAIN;31
FE10B9C9;1;QAD;Dora Property;MAIN;17|19|20|27
FECD7CE5;1;QAD;Kupol;MAIN;30|56|57
FECD7CE5;2;QSF;Kupol;MAIN;34
FECD7CE5;3;QCC;Kupol;MAIN;34
0090144A;1;QSF;Callanquitas;MAIN;40|41
00A9A277;1;QCC;55 Zone;MAIN;39
00B0C2F1;1;QSF;Middle Zone;MAIN;52|53
00B0C2F1;2;QCC;Middle Zone;MAIN;52
00B0D222;1;QCC;Argentite prospect;MAIN;44
00C30D07;1;QCC;Hardrock;MAIN;121|122|127|142|143|145
016672B1;1;QCC;San Martin;MAIN;25|27
013D8CC1;1;QCC;Windfall Lake;MAIN;64|65|66
013D8CC1;2;EXT;Windfall Lake;MAIN;64|66
0170454B;1;QCC;Boulder Vein;MAIN;25
0166BC15;1;QSF;Montrose Zone;MAIN;20|21|22
0166BC15;2;MGV;Montrose Zone;MAIN;20|21
0166BC15;3;PMV;Montrose Zone;MAIN;20|21
01CA1361;1;QCC;Forge Lake Deposit;MAIN;15|16
01CA1361;2;QTU;Forge Lake Deposit;MAIN;15
01AFB15B;1;QTU;Troilus;MAIN;71
01AFB15B;2;QSF;Troilus;MAIN;71
01AFB15B;3;TLD;Troilus;MAIN;71
01AFB15B;4;SKV;Troilus;MAIN;73
02306CAA;1;QSF;Twin Hills;MAIN;139
023430FA;1;QCC;Frasergold;MAIN;35
01D19BB8;1;QAD;Gold Springs Project;MAIN;39|44|46|62
01D19BB8;2;QCC;Gold Springs Project;MAIN;46|55
029660AD;1;QSF;La Cantera;MAIN;51|52|53
029660AD;2;QCC;La Cantera;MAIN;54
0279E153;1;QCC;POW Zone;MAIN;34
0279E153;2;QSF;POW Zone;MAIN;35|59
02B21F25;1;SHV;Choquelimpie;MAIN;38|46
02B21F25;2;ALS;Choquelimpie;MAIN;42
02B21F25;3;QSF;Choquelimpie;MAIN;37|41|42
02E98515;1;QCC;Gold Peak Property;MAIN;24
02D89418;1;QSF;La Escandalosa;MAIN;41|42|43
02D89418;2;QCC;La Escandalosa;MAIN;41
02D89418;3;SBV;La Escandalosa;MAIN;41
03061867;1;QSF;Augusta Deposit;MAIN;50
033158EF;1;QAD;El Tigre;MAIN;142|143
033158EF;2;QSF;El Tigre;MAIN;136|143
031BA6F8;1;AUR;Tulawaka East Zone;MAIN;30|33
03597D79;1;QCC;Bell Mountain;MAIN;55|56|63
03A01950;1;QSF;Callanquitas;MAIN;45|46
03B89F30;1;QSF;Tahuehueto;MAIN;43|44
039FCB2B;1;QCC;Condor Sector;MAIN;61
039FCB2B;2;QSF;Condor Sector;MAIN;57
03BDD6E1;1;QCC;Golden Gate Gold Project;MAIN;56
046864C9;1;QSF;Copperstone;MAIN;133|137
046864C9;2;SBV;Copperstone;MAIN;136
0495C2EE;1;QAD;Jumbo;MAIN;25|34|51
0495C2EE;2;QCC;Jumbo;MAIN;36
047A999E;1;QSF;Burns Block;MAIN;32
047A999E;2;QCC;Burns Block;MAIN;32
047A999E;3;MGV;Burns Block;MAIN;32
04B24AFC;1;QCC;Upper Beaver;MAIN;43
04B24AFC;2;QSF;Upper Beaver;MAIN;43
05154BA4;1;QSF;Calandria Sur;MAIN;44|45
052B63C5;1;QAD;Fire Creek;MAIN;52
052B63C5;2;QCC;Fire Creek;MAIN;50|51|52
0573E684;1;AUR;Gold Mountain Project;MAIN;31
05B5D7FA;1;QSF;Ngoy;MAIN;49|50
05922523;1;QAD;Axel Ridge;MAIN;29
05BA8848;1;QCC;3Ts Vein System;MAIN;31|32|35
05F3B962;1;QCC;Clam Lake area;MAIN;65|67
05F3B962;2;QSF;Clam Lake area;MAIN;65|66
0674B1F3;1;QSF;Black Jack;MAIN;33
0674B1F3;2;QCC;Black Jack;MAIN;30|33
062010FB;1;QSF;Atenea vein;MAIN;59|60
062010FB;2;FLT;Atenea vein;MAIN;59
062010FB;3;MUL;Atenea vein;MAIN;61
068974C7;1;QCC;Ana Paula;MAIN;50
068974C7;2;QAD;Ana Paula;MAIN;50|55
0689C572;1;QSF;La Reyna Project;MAIN;32
0689C572;2;MUL;La Reyna Project;MAIN;28
0689C572;3;FLT;La Reyna Project;MAIN;45
068E4453;1;QCC;Moosehead;MAIN;24
068E4453;2;QSF;Moosehead;MAIN;24
068E4453;3;CAV;Moosehead;MAIN;24
068E4453;4;SHV;Moosehead;MAIN;24|26
068E4453;5;EXT;Moosehead;MAIN;26
069F5FC8;1;ALS;Küçükdağ;MAIN;66
06A28094;1;QCC;New Polaris;MAIN;65|68|70
06A28094;2;MUL;New Polaris;MAIN;68
06F660C3;1;QSF;Selodong;MAIN;36
06E6A106;1;QCC;Condor Sector Complex;MAIN;61
06E6A106;2;QSF;Condor Sector Complex;MAIN;57
06E6A106;3;QAD;Condor Sector Complex;MAIN;51
06E6A106;4;ALS;Condor Sector Complex;MAIN;51
06F87064;1;QSF;Laiva;MAIN;112
06F87064;2;QCC;Laiva;MAIN;113
06F87064;3;EXT;Laiva;MAIN;113
073C278B;1;QSF;Lourdes;MAIN;36
073C278B;2;MGV;Lourdes;MAIN;38|48
07004442;1;QCC;Brucejack;MAIN;74|82|87
07004442;2;QAD;Brucejack;MAIN;74|78|87
07004442;3;QSF;Brucejack;MAIN;74
07004442;4;SBV;Brucejack;MAIN;83
077C76E7;1;QAD;San Martín;MAIN;24|27
0783A166;1;QSF;Vetas Gold Project;MAIN;35
0783A166;2;MUL;Vetas Gold Project;MAIN;42
0788E096;1;QSF;Badger vein;MAIN;16
079C95C9;1;ALS;Soto Norte;MAIN;60|61
08469733;1;QCC;Red Carbonate Zone;MAIN;39
07DC9C2A;1;QSF;Costerfield;MAIN;73|74|78
07DC9C2A;2;QCC;Costerfield;MAIN;73|78
07DC9C2A;3;SHV;Costerfield;MAIN;66
0803DCF1;1;SHV;Eagle Mountain;MAIN;64
0803DCF1;2;MUL;Eagle Mountain;MAIN;63|64|66
08EBA161;1;QCC;Gosselin Zone;MAIN;18|30
090B0117;1;AUR;Aureus West;MAIN;18|19
090B0117;2;SHV;Aureus West;MAIN;19
090B0117;3;EXT;Aureus West;MAIN;19
091B24D9;1;QCC;Copper Hill;MAIN;27
091FFD0F;1;QSF;Candelones;MAIN;80
092A4067;1;QSF;Golden Eagle IRGS;MAIN;36|50
092A4067;2;QCC;Golden Eagle IRGS;MAIN;36|50|51
09B66E85;1;QSF;Saddle Zone;MAIN;20|22|23
09B66E85;2;QCC;Saddle Zone;MAIN;24
097F0B3D;1;QCC;Island Gold;MAIN;52
097F0B3D;2;SHV;Island Gold;MAIN;52
097F0B3D;3;EXT;Island Gold;MAIN;52
097F0B3D;4;QTU;Island Gold;MAIN;52
098F7942;1;QCC;Monument Bay;MAIN;44
098F7942;2;QSF;Monument Bay;MAIN;45|49
0A18D534;1;QSF;Los Filos;MAIN;100
0A18D534;2;QCC;Los Filos;MAIN;100
0A515F5C;1;QAD;Kamila-Mercado;MAIN;45
0A515F5C;2;QCC;Kamila-Mercado;MAIN;55
0A515F5C;3;AUR;Kamila-Mercado;MAIN;35
0A585AE6;1;QCC;Ogama-Rockland Zone;MAIN;32
0ABBEB42;1;QCC;Galloway;MAIN;54|55|58|59
0ABBEB42;2;QSF;Galloway;MAIN;58
0AEBC0CC;1;QSF;Zancudo;MAIN;55
0AEBC0CC;2;QCC;Zancudo;MAIN;55
0B15FD08;1;QCC;JD Property;MAIN;45|49
0B15FD08;2;QAD;JD Property;MAIN;46
0B15FD08;3;AUR;JD Property;MAIN;49|89
0B15FD08;4;SKV;JD Property;MAIN;49
0B15FD08;5;MGV;JD Property;MAIN;50|91
0B15FD08;6;QSF;JD Property;MAIN;66|90
0B21F826;1;QAD;Golden Arrow;MAIN;56|58|62|63
0B481036;1;QCC;Herbert Gold Project;MAIN;20|21
0B88EF46;1;QSF;Miller Gold Property;MAIN;25
0B88EF46;2;TLD;Miller Gold Property;MAIN;25
0B846CED;1;QCC;Madison;MAIN;43
0B6B9060;1;QCC;Fairholme Igneous Complex;MAIN;33
0B6B9060;2;QSF;Fairholme Igneous Complex;MAIN;33
0C13C7BE;1;QSF;Belmont Prospect;MAIN;40
0C13C7BE;2;EXT;Belmont Prospect;MAIN;47
0BA8AEA8;1;QCC;Zancudo;MAIN;49
0BA8AEA8;2;QSF;Zancudo;MAIN;49
0BF218AA;1;QSF;Premier;MAIN;60|61|62
0BF218AA;2;QCC;Premier;MAIN;61|62|63
0BF218AA;3;MUL;Premier;MAIN;59|60|61|62|63
0C1AEB36;1;QSF;Westwood Mine;MAIN;44|46|47
0C2935B6;1;QSF;Jaclyn;MAIN;44
0C2935B6;2;QCC;Jaclyn;MAIN;44|45
0C216B91;1;QSF;Trixie;MAIN;70
0C5C2E37;1;QSF;Calandria Sur;MAIN;35
0C45B083;1;QAD;Cerro Blanco;MAIN;67|82|83
0C936992;1;QCC;Ironwood Gold Deposit;MAIN;35
0C76FD02;1;MUL;Björkdal;MAIN;67
0C8731C4;1;QSF;Rainy River Project;MAIN;153|158
0C8731C4;2;QCC;Rainy River Project;MAIN;153|157
0CBA6B7E;1;QSF;Clarence Stream;MAIN;45|47|54
0D11D818;1;QCC;TUG;MAIN;49|51
0D4C3901;1;QSF;Blackhawk;MAIN;59
0D970162;1;AUR;Silver Coin;MAIN;37
0DA00248;1;MUL;Abong Prospect;MAIN;28
0DAD3FF2;1;QSF;Rey Salomon Vein System;MAIN;27|28
0EA784A2;1;QSF;Red Mountain;MAIN;48|49
0DBFD9F8;1;QSF;Trixie;MAIN;87
0DBFD9F8;2;TLD;Trixie;MAIN;87|90
0E44C032;1;QSF;Rainy River Gold Project;MAIN;4|56
0E44C032;2;QCC;Rainy River Gold Project;MAIN;55
0E44C032;3;SHV;Rainy River Gold Project;MAIN;55
0E44C032;4;EXT;Rainy River Gold Project;MAIN;55
0EB42FA7;1;QCC;Magino;MAIN;77|83|84
0ED1D1A1;1;QSF;Atlanta lode;MAIN;29|30
0EB7F341;1;QCC;Plutonic Gold Mine;MAIN;44|50
0EB7F341;2;SKV;Plutonic Gold Mine;MAIN;44
0EB7F341;3;QSF;Plutonic Gold Mine;MAIN;50
0EB7F341;4;EXT;Plutonic Gold Mine;MAIN;49
0EDEE13A;1;QAD;Golden Arrow;MAIN;56|57|58|62|63
0EE4F079;1;QSF;Sleeping Giant;MAIN;86|89
0F7BF77D;1;QSF;Hod Maden;MAIN;131|134
0FAD2F80;1;QSF;Troilus;MAIN;43
0FAD2F80;2;TLD;Troilus;MAIN;43
0F87030B;1;EXT;Reedy Creek Goldfield;MAIN;34|35
0F87030B;2;SHV;Reedy Creek Goldfield;MAIN;34
100C4575;1;QSF;Kora;MAIN;62|69
100C8CDF;1;AUR;Mega Gold;MAIN;63|65
101CC79F;1;QSF;La Fortuna Mine;MAIN;14
105EBA36;1;QSF;Pat's Pond Veins;MAIN;18
10564A41;1;QAD;Escondida;MAIN;53|62
10564A41;2;QSF;Escondida;MAIN;51|53
109F30F9;1;QSF;Cameron Gold Deposit;MAIN;79|81
109F30F9;3;QCC;Cameron Gold Deposit;MAIN;79|80|83
10BE7C73;1;QSF;Cabaçal;MAIN;120|121|123
10BE7C73;2;SHV;Cabaçal;MAIN;120|125
10BE7C73;3;EXT;Cabaçal;MAIN;120
11348800;1;AUR;Laiva;MAIN;75
11348800;2;QSF;Laiva;MAIN;75
11348800;3;QCC;Laiva;MAIN;75
11348800;4;EXT;Laiva;MAIN;76
11A9E9B0;1;QCC;Aurtois block;MAIN;41|43
10DC6D99;1;QCC;Perron Gold Zones;MAIN;114|122
10DC6D99;2;QSF;Perron Gold Zones;MAIN;122|126|135
10DC6D99;3;SHV;Perron Gold Zones;MAIN;123|128|130|132
10DC6D99;4;EXT;Team Zone;MAIN;114|129|130
11CE4691;1;QCC;Gold Peak;MAIN;25
11C8D15F;1;QSF;Atygai;MAIN;27|32
11DCC9C7;1;QCC;Dutch Flats shear zone;MAIN;46
11DCC9C7;2;QSF;Dutch Flats shear zone;MAIN;49
11F421F6;1;QSF;Eagle Zone;MAIN;72|81
11FC537F;1;QAD;Amsel;MAIN;36|43
11FC537F;2;QSF;Amsel;MAIN;36|43
12432632;1;QAD;Fire Creek;MAIN;77|83
124A02F6;1;QCC;Cerro Prieto;MAIN;80
130E9807;1;SKV;Lullwitz-Kaeppeli;MAIN;30
125E9D58;1;QCC;Magino Deposit;MAIN;94|95
13211486;1;QFV;Canadian Malartic deposit;MAIN;68
13297E8F;1;QSF;Norwalk Gold Mine;MAIN;21
138EFA1B;1;QSF;Golden Girl;MAIN;37
14024B88;1;SHV;Ernesto Complex;MAIN;99|100
14024B88;2;QSF;Ernesto Complex;MAIN;99|100|102
14024B88;3;EXT;Ernesto Complex;MAIN;100
14024B88;4;QCC;Ernesto Complex;MAIN;100
13D0D1BF;1;QSF;Altan Nar;MAIN;36
13D0D1BF;2;CAV;Altan Nar;MAIN;36
13DEC4A7;1;QSF;Eskay Creek;MAIN;107
13DEC4A7;2;CAV;Eskay Creek;MAIN;104
142921A8;1;QSF;Cabaçal;MAIN;75|77
142921A8;2;SHV;Cabaçal;MAIN;75|79
144E8ECF;1;QSF;NX Gold Mine;MAIN;41|42
144E8ECF;2;SHV;NX Gold Mine;MAIN;42|44
1450D427;1;QCC;Soocana Vein System;MAIN;26
14BF89B8;1;QSF;Golden Chest;MAIN;39|41
1457F229;1;QCC;Florin;MAIN;33
1457F229;2;MUL;Florin;MAIN;33
154B5B73;1;QCC;Cossette vein;MAIN;36|42
151315D2;1;QSF;Santa Rita;MAIN;28
157D2EAE;1;QSF;Santa Rita;MAIN;39
157D2EAE;2;AUR;Santa Rita;MAIN;39
162B8BDD;1;QCC;Hercules Project;MAIN;22|24|29|32|61|62|63|64
162B8BDD;2;FLT;Hercules Project;MAIN;61|62|63|64
15CB25BF;1;QSF;White Pass zone;MAIN;61|65
16307F04;1;QSF;Main Veins;MAIN;62|67
164F80DA;1;QCC;Brett;MAIN;26|28
164F80DA;2;QSF;Brett;MAIN;29
164098C0;1;QSF;El Gallo Gold;MAIN;60
165C4EB3;1;QSF;Blue Lake;MAIN;27
165C4EB3;2;MGV;Blue Lake;MAIN;27
165C4EB3;3;ALS;Blue Lake;MAIN;26|27
16735AF5;1;QSF;San Albino Gold Deposit;MAIN;22|25
16735AF5;2;QAD;San Albino Gold Deposit;MAIN;24|25|27
16735AF5;3;SHV;San Albino Gold Deposit;MAIN;39
173E4FE1;1;QCC;Daye;MAIN;35
176CDDD8;1;QSF;Apex Zone;MAIN;57|61
176CDDD8;2;SHV;Apex Zone;MAIN;59|60|62
176CDDD8;3;MUL;Apex Zone;MAIN;61
17A7657B;1;QSF;Centennial;MAIN;65|67
17FED0B1;1;QSF;Mary K vein;MAIN;26|28
18046CF4;1;QAD;San Martin;MAIN;35|36
182A77F2;1;AUR;Wharf Operation;MAIN;64|68|73
1875EA2E;1;AUR;Songjiagou;MAIN;45|48
187223DE;1;QCC;Ixtaca Zone;MAIN;25|28|29
18AF4275;1;QCC;Golden Culvert;MAIN;41
18996BFA;1;QSF;Brucejack;MAIN;42
18996BFA;2;QCC;Brucejack;MAIN;42
18996BFA;3;QAD;Brucejack;MAIN;42
18A27718;1;SHV;Beta Hunt Gold;MAIN;61
18A27718;2;EXT;Beta Hunt Gold;MAIN;61|62
18B2B74A;1;QSF;Sergeevskoe;MAIN;44|45|46|48
18B2B74A;2;QTU;Sergeevskoe;MAIN;44|45|47|49
18B2B74A;4;SUV;Sergeevskoe;MAIN;45
18B2B74A;6;SBV;Sergeevskoe;MAIN;46
18C5AEE0;1;QCC;LG Vein;MAIN;39
190643E7;1;QSF;Omui;MAIN;38
18E9987B;1;QSF;Springpole;MAIN;33
18E9987B;2;QAD;Springpole;MAIN;33
18E1E02B;1;AUR;New Brenda Property;MAIN;21|22
19607763;1;QSF;Didipio;MAIN;74
19607763;2;SKV;Didipio;MAIN;74
19D4F2E9;1;QCC;Central Zone;MAIN;53
19D4F2E9;2;FLT;Central Zone;MAIN;52
19CF3B1D;1;QSF;Upper Beaver;MAIN;39
19CF3B1D;2;QCC;Upper Beaver;MAIN;39
19EF2469;1;QCC;San Martin;MAIN;65
1A2229BD;1;AUR;Cangrejos;MAIN;102
1A2229BD;2;CAV;Cangrejos;MAIN;102
1A574C70;1;QCC;Ixtaca Zone;MAIN;41|45
1A574C70;2;MUL;Ixtaca Zone;MAIN;41|42
1AE07940;1;QSF;Cape Ray Gold Deposits;MAIN;54|58|59
1AE07940;2;QCC;Cape Ray Gold Deposits;MAIN;54
1AE07940;3;FLT;Cape Ray Gold Deposits;MAIN;58|59
1AE07940;4;SHV;Cape Ray Gold Deposits;MAIN;58
1B10FAEE;1;QCC;Briggs;MAIN;64|65
1AF4088F;1;QCC;Windfall Lake deposit;MAIN;173|179|192|219
1AF4088F;2;EXT;Windfall Lake deposit;MAIN;173|192|219
1B1A8060;1;MUL;Cerro Vetas;MAIN;51
1B49D637;1;QAD;Kutel;MAIN;45|47|51|53
1B71569A;1;QSF;Santa Fe Project;MAIN;80
1B9A16FA;1;QCC;Boulder Vein System;MAIN;22|23
1BC95D00;1;FLT;Wabamisk;MAIN;22
1BC95D00;2;MUL;Wabamisk;MAIN;32
1BC95D00;3;SHV;Wabamisk;MAIN;22|33|38|49|51
1BD506C8;1;MUL;Bonanza Vein System;MAIN;92|94
1C6E570E;1;QSF;Main/North/Taché Zone;MAIN;46
1C6E570E;2;QCC;Main/North/Taché Zone;MAIN;46
1BE83F27;1;QSF;Boddington;MAIN;55|56
1BE83F27;2;QCC;Boddington;MAIN;56
1C7B2281;1;AUR;SB Property;MAIN;21
1C7B2281;2;QAD;SB Property;MAIN;19|20
1CC0CA90;1;QSF;Gold Mountain Zone;MAIN;40|44|45
1CD4D304;1;QCC;N.A Timmins/Rochelom showings;MAIN;49
1CE1CCFC;1;QSF;Young Buck Showing;MAIN;49|63
1D09873A;1;QCC;Gossey Deposit;MAIN;37|46
1D09873A;2;SHV;Gossey Deposit;MAIN;37
1D2BE6F4;1;QSF;Palito Mine;MAIN;44
1D57A947;1;QCC;Çöpler;MAIN;98
1D57A947;2;QSF;Çöpler;MAIN;86|98
1D57CAA7;1;QSF;Blue Hill Creek;MAIN;32
1D57CAA7;2;MUL;Blue Hill Creek;MAIN;37
1D3F8062;1;QSF;La Colorada;MAIN;29|30
1D3F8062;2;QCC;La Colorada;MAIN;30
1D75DDF7;1;ALS;Radar Project;MAIN;34|35
1DBED587;1;QSF;Blue and Berry;MAIN;33|35
1D79DBC9;1;QCC;Dupont/Baker;MAIN;43|45
1DA52531;1;QSF;JT Deposit;MAIN;65
1DD4D24B;1;QSF;Baner Project;MAIN;32|34|37
1DF91E24;1;SHV;Lac Arsenault;MAIN;39
1DF91E24;2;EXT;Lac Arsenault;MAIN;39
1DF91E24;3;QCC;Lac Arsenault;MAIN;44
1E3A6496;1;AUR;Pinion Deposit;MAIN;57
1E4DAD52;1;QSF;Hot Maden;MAIN;44|54|55
1E65C3E3;1;TLD;Mayflower Mine;MAIN;36|42|43
1E65C3E3;2;MUL;Mayflower Mine;MAIN;43
1EEEBD3C;1;QTU;Passendro Project;MAIN;23
1EA15EAC;1;QAD;Tuscarora Property;MAIN;26|32
1F674879;1;QCC;Bachelor Deposit;MAIN;46
1F5496B5;1;QAD;Breznik;MAIN;17|19
1F6554D6;1;QSF;Discovery Zone;MAIN;20|32
1F6554D6;2;QCC;Discovery Zone;MAIN;32
1F837F3A;1;QSF;Big Missouri Area;MAIN;25|28
1FCDC14D;1;QCC;Electrum;MAIN;69|80|98
1FCDC14D;2;QSF;Electrum;MAIN;70
1FE17C15;1;QCC;Moss Vein;MAIN;45|49|51|52
202DCEFC;1;QSF;Savant Lake Vein System;MAIN;35
202DCEFC;2;QCC;Savant Lake Vein System;MAIN;33
20120D5E;1;QSF;Red Mountain;MAIN;54
206B2194;1;QSF;Centennial;MAIN;58
208C4578;1;AUR;Main Stripped area;MAIN;21
20E70C31;1;QCC;Curraghinalt;MAIN;5|49
20E70C31;2;SHV;Curraghinalt;MAIN;48
20E70C31;3;EXT;Curraghinalt;MAIN;48
20F73A15;1;QTU;Lamaque Mine;MAIN;70|73|78
21397674;1;AUR;Vila Nova;MAIN;33|42
21232535;1;QAD;Kostilkovo Gold Project;MAIN;53|61
215FF174;1;QSF;Hope Brook;MAIN;97
215FF174;2;TLD;Hope Brook;MAIN;97
2180DC51;1;QCC;Kirana Break;MAIN;54|59|76
21616C27;1;QSF;Grayson Property;MAIN;59
21CD3C3F;1;QSF;Goldfield Main;MAIN;57|58
21889E1D;1;QAD;La Libertad vein system;MAIN;39|48
22003F2D;1;QSF;MOP-II;MAIN;34
22003F2D;3;AUR;MOP-II;MAIN;35
220B3C8E;1;QSF;Project Concession;MAIN;18|21|23|24|25|26
220B3C8E;2;QCC;Project Concession;MAIN;21|25
2236ED25;1;QSF;Goose Site;MAIN;81|82|83
2236ED25;2;MUL;Goose Site;MAIN;88
22158B32;1;QCC;Efemçukuru;MAIN;53
22158B32;2;QSF;Efemçukuru;MAIN;53|54
227384AB;1;QSF;Eagle River;MAIN;56|59
227384AB;2;SHV;Eagle River;MAIN;57
227384AB;3;QCC;Eagle River;MAIN;67
2247650C;1;QSF;Costerfield;MAIN;57|58
2247650C;2;QCC;Costerfield;MAIN;58|62
22AD3A96;1;QTU;Buffalo Ankerite;MAIN;90
22A21F9B;1;QSF;Segovia;MAIN;64|68|69|72|79
22A21F9B;2;QCC;Segovia;MAIN;69|79
22A21F9B;3;MUL;Segovia;MAIN;70|71
22B0F479;1;CAV;Goldstrike;MAIN;73|76|78
22EE8AF2;1;QSF;Springpole;MAIN;79
22EE8AF2;2;QAD;Springpole;MAIN;79
23E2AB4F;1;QSF;Gramalote Ridge;MAIN;82|83
23E2AB4F;2;QCC;Gramalote Ridge;MAIN;82|83
23E2AB4F;3;SUV;Gramalote Ridge;MAIN;82|83
23E2AB4F;4;CAV;Gramalote Ridge;MAIN;83
236C70C8;1;QCC;Pickle Crow;MAIN;77|78
236C70C8;2;MUL;Pickle Crow;MAIN;77|78
23A8303F;1;QTU;Black Rock Canyon;MAIN;36
2300FDF5;1;QSF;Gramalote Ridge;MAIN;79|82|83
2300FDF5;2;QCC;Gramalote Ridge;MAIN;79|82|83
23FDF32D;1;QSF;Sullivan;MAIN;100
23E75060;1;QCC;Rice Lake Mining Complex;MAIN;22
23E75060;2;SHV;Rice Lake Mining Complex;MAIN;21|22
23E75060;3;EXT;Rice Lake Mining Complex;MAIN;21
23EF2460;1;QSF;Kışladağ;MAIN;52|53
23FB6FA3;1;QAD;El Zapote;MAIN;37|38
2403233F;1;QCC;Main Zone;MAIN;39
2403233F;2;QTU;Main Zone;MAIN;35
2403233F;3;AUR;Main Zone;MAIN;35
246B6C08;1;QCC;Zone 18;MAIN;43
2489595B;1;AUR;Plumas Property;MAIN;27|30
244E33F1;1;SHV;Tirokave;MAIN;51
244E33F1;2;AUR;Tirokave;MAIN;52|68
244E33F1;3;QSF;Tirokave;MAIN;67|80
244E33F1;4;CAV;Tirokave;MAIN;73
248A80DD;1;QSF;Wildcat;MAIN;107
24B6ED4E;1;AUR;historic Shakespeare mine;MAIN;29
24AC8644;1;QSF;Rio Grande;MAIN;36
24AC8644;2;MGV;Rio Grande;MAIN;36|37
24AC8644;3;SBV;Rio Grande;MAIN;37
24AC8644;4;QAD;Rio Grande;MAIN;38
24AE47D4;1;QCC;Coneto Project;MAIN;12|37|38
2599A162;1;QSF;La Lechoza;MAIN;31
254D5EBC;1;QSF;Kilgore deposit;MAIN;65
254D5EBC;2;QAD;Kilgore deposit;MAIN;67
254D5EBC;3;SHV;Kilgore deposit;MAIN;65
250164CA;1;QSF;Shahuindo;MAIN;94
25A7823F;1;QAD;Bayan Khundii;MAIN;89|91
25A7823F;2;MGV;Bayan Khundii;MAIN;89|91
25C0ABB4;1;SHV;Cheechoo;MAIN;59
25C0ABB4;2;EXT;Cheechoo;MAIN;59|60
25C0ABB4;3;QSF;Cheechoo;MAIN;59
25E7B8DC;1;QSF;Çöpler;MAIN;92
25E7B8DC;2;SBV;Çöpler;MAIN;92
25E7B8DC;3;PMV;Çöpler;MAIN;93
25EF814D;1;QSF;Hope Brook;MAIN;56|60
25EF814D;2;TLD;Hope Brook;MAIN;61
26140A92;1;QSF;Nucleus Zone;MAIN;34|38
269058A8;1;QCC;SMG deposit;MAIN;52|53
26D7FC67;1;QCC;Boulder and Argillite Veins;MAIN;35|37
26AF7232;1;QSF;Blackwater;MAIN;106
26DAD65A;1;QCC;Montagne d'Or;MAIN;42
26DAD65A;2;QSF;Montagne d'Or;MAIN;43
26F4B236;1;QSF;Montauban deposit;MAIN;99
26EED897;1;QAD;North Jumbo;MAIN;51|58|120
26EED897;2;QCC;North Jumbo;MAIN;51|58|63
26F52283;1;AUR;Macassa Mine;MAIN;30|31|32
26F52283;2;MUL;Macassa Mine;MAIN;30
2733C2DC;1;QSF;Costerfield;MAIN;61|62
2733C2DC;2;QCC;Costerfield;MAIN;61|62
2733C2DC;3;SHV;Costerfield;MAIN;60
277066F5;1;QAD;Ishkoday;MAIN;39
277066F5;2;SHV;Ishkoday;MAIN;39|40
277066F5;3;EXT;Ishkoday;MAIN;39|40
278777FD;1;QAD;Kabang;MAIN;28
278777FD;2;AUR;Kabang;MAIN;30
27A66A82;1;QCC;Rollo Property;MAIN;16
278C5D9A;1;QSF;Cerro Vetas-NW Breccia-Chisperos;MAIN;49
278C5D9A;2;QCC;Cerro Vetas-NW Breccia-Chisperos;MAIN;53
278C5D9A;3;QAD;Cerro Vetas-NW Breccia-Chisperos;MAIN;53
2798BB0A;1;QCC;Springpole;MAIN;34
2798BB0A;2;TLD;Springpole;MAIN;34|37
27B1AD13;1;QSF;Cape Ray Gold Deposit;MAIN;56|60|61
27B1AD13;2;QCC;Cape Ray Gold Deposit;MAIN;59
27B1AD13;3;FLT;Cape Ray Gold Deposit;MAIN;60|61
285CAFFC;1;MGV;Whistler Deposit;MAIN;50
285CAFFC;2;QSF;Whistler Deposit;MAIN;51|52|53
285CAFFC;3;QCC;Whistler Deposit;MAIN;54|60
285CAFFC;4;CAV;Whistler Deposit;MAIN;55
285CAFFC;5;SBV;Whistler Deposit;MAIN;53
2882AA24;1;QCC;Jethro Structure;MAIN;16
2882AA24;3;MUL;Jethro Structure;MAIN;16
28D949DC;1;AUR;Los Venados;MAIN;42
28D949DC;2;QCC;Los Venados;MAIN;43
27E713E8;1;QCC;Las Pampas;MAIN;51|53|57|58
27E713E8;2;SHV;Las Pampas;MAIN;55|59
292E65F4;1;QSF;Whistler Deposit;MAIN;51|53
292E65F4;2;QCC;Whistler Deposit;MAIN;54|60
292E65F4;3;CAV;Whistler Deposit;MAIN;55
28EBC9F8;1;QCC;Serra Alta;MAIN;97
28EBC9F8;2;MUL;Serra Alta;MAIN;97
28F8F5BC;1;QSF;Costerfield;MAIN;64|65
28F8F5BC;2;QCC;Costerfield;MAIN;64
28F8F5BC;3;SHV;Costerfield;MAIN;62
298F6B30;1;QCC;Dickens Lake Property;MAIN;23
298F6B30;2;AUR;Dickens Lake Property;MAIN;24
296FB1D8;1;QCC;Perron Orogenic Gold System;MAIN;70|77
296FB1D8;2;SHV;Perron Orogenic Gold System;MAIN;78|85
296FB1D8;3;EXT;Perron Orogenic Gold System;MAIN;70|83
298B9AB6;1;QSF;Detour Lake deposit;MAIN;60|64|69|70
298B9AB6;2;QCC;Detour Lake deposit;MAIN;65|73
298B9AB6;3;EXT;Detour Lake deposit;MAIN;70|71|73
298B9AB6;4;FLT;Detour Lake deposit;MAIN;71|72
298B9AB6;5;SHV;Detour Lake deposit;MAIN;71|72|73
2A211886;1;QAD;Pavon;MAIN;30
2A29512B;1;QCC;Trun;MAIN;46|47|48
2A29512B;2;QSF;Trun;MAIN;46|47|48
2A4816C3;1;QAD;Moss Mine;MAIN;30|32|36
2A8EBAD3;1;QSF;Salmon Property;MAIN;14
2AB98F65;1;QAD;Ada Tepe;MAIN;53|54
2AB98F65;2;QCC;Ada Tepe;MAIN;54
2AD8235A;1;QSF;Red Mountain;MAIN;49
2B197A7F;1;QSF;Philibert-I Showing;MAIN;30
2AEF1702;1;QSF;Valley;MAIN;40|48
2AEF1702;2;QCC;Valley;MAIN;62
2B556A56;1;QSF;Monster Lake Shear Zone;MAIN;31|32|33|36
2B1BF487;1;QSF;Brucejack Deposit;MAIN;44
2B1BF487;2;QCC;Brucejack Deposit;MAIN;44
2B1BF487;3;QAD;Brucejack Deposit;MAIN;44
2BA444DA;1;AUR;A-1 Zone;MAIN;28
2BD6A010;1;QSF;White Pass zone;MAIN;58
2BE274E7;1;QSF;Alotta;MAIN;38
2C085221;1;QSF;San José de Gracia;MAIN;27|28
2C085221;2;QCC;San José de Gracia;MAIN;27|28
2CA3F481;1;QSF;Pozo del Gringo;MAIN;39
2CA3F481;2;QCC;Pozo del Gringo;MAIN;43
2C0C0C0B;1;QSF;Main Zone;MAIN;25
2C0C0C0B;2;QCC;Main Zone;MAIN;25
2CCC1EE3;1;QCC;Irokindinskoye;MAIN;32|34|35|37
2C130F0E;1;QSF;Blackwater;MAIN;83
2C130F0E;2;QCC;Blackwater;MAIN;83
2CEFBFD8;1;AUR;Black Horse;MAIN;33
2D09CD8D;1;QSF;Nuevo Milenio;MAIN;19
2CE8BABD;1;QAD;Bayan Khundii;MAIN;22|26
2CE8BABD;4;MUL;Bayan Khundii;MAIN;26
2CE8BABD;5;MGV;Bayan Khundii;MAIN;26
2D0095C7;1;QSF;ATO;MAIN;44|46|48|54
2D3D88F8;1;QSF;Big Missouri Deposit;MAIN;27
2D5553AA;1;QCC;Nelligan;MAIN;47|51
2DC6AF0E;1;QSF;Main Zone (Viking Zone);MAIN;27|28|30
2D6CE2F9;1;QCC;Granada;MAIN;46
2D90773D;1;QSF;San Miguel;MAIN;41
2DE101D3;1;QSF;Coricancha Mine Complex;MAIN;71|74|75|77|79|80
2DF2297F;1;SHV;Lac Arsenault;MAIN;38
2DF2297F;2;EXT;Lac Arsenault;MAIN;38
2DF2297F;3;QCC;Lac Arsenault;MAIN;40
2DF06B23;1;QCC;Klaza Deposit;MAIN;32
2DF06B23;2;QSF;Klaza Deposit;MAIN;32
2E2ADB8A;1;QCC;Boda;MAIN;38|43
2DF1505C;1;QSF;Candelones;MAIN;81
2E57C9C0;1;SHV;Martinetas;MAIN;82|98
2E57C9C0;2;AUR;Martinetas;MAIN;82|98
2E95520C;1;QSF;Preview SW;MAIN;115
2E95520C;2;SHV;Preview SW;MAIN;115|118
2ED64B88;1;QCC;Selinsing;MAIN;62
2EC929DB;1;QSF;Romero;MAIN;62|63
2EC929DB;2;QCC;Romero;MAIN;63|65
2EC929DB;3;CAV;Romero;MAIN;63
2F09AAC5;1;QSF;Las Juntas area veins;MAIN;19|20
2F5E8D68;1;AUR;Koster Dam;MAIN;10
2F6D3B65;1;QSF;Elizabeth;MAIN;78
2F6D3B65;2;QCC;Elizabeth;MAIN;82
2F6D3B65;3;SHV;Elizabeth;MAIN;78|83
2F7EBA4A;1;QSF;Cerro Porfiro;MAIN;32
2F7468E3;1;QCC;Pluto Property;MAIN;26|27|36|37|44
2F7468E3;2;QTU;Pluto Property;MAIN;36
2F7468E3;3;SHV;Pluto Property;MAIN;45
2F7468E3;4;EXT;Pluto Property;MAIN;45
2FC72C40;1;QAD;Wires Prospect;MAIN;57|59
30053B98;1;QSF;Palito;MAIN;42|44
305FCE81;1;QSF;Vernal;MAIN;21|22
300FEDE7;1;QSF;Lawyers Trend;MAIN;92|94|95|98|99
300FEDE7;2;MUL;Lawyers Trend;MAIN;92|94
3022F210;1;QCC;Ikkari;MAIN;89|90|104|105|108
30929FCC;1;QSF;Zancudo;MAIN;47
30929FCC;2;QCC;Zancudo;MAIN;47
3085E31C;1;QCC;Condor breccia, dyke and dome complex;MAIN;45|46|49|55|57
30BF9789;1;QCC;Perron Gold Zones;MAIN;95
30BF9789;2;QSF;Perron Gold Zones;MAIN;95
30BF9789;3;SHV;Perron Gold Zones;MAIN;97|100|104
30BF9789;4;EXT;Perron Gold Zones;MAIN;101|102
30EAF13D;1;QAD;Sleeper;MAIN;58
313F913F;1;QCC;El Gualtal;MAIN;21
3150297D;1;EXT;Biricu Property;MAIN;40
3150297D;2;MGV;Biricu Property;MAIN;40
3150297D;3;QSF;Biricu Property;MAIN;40
311404CD;1;QSF;Rainy River Gold Project;MAIN;149|150|154
311404CD;2;QCC;Rainy River Gold Project;MAIN;149|154
3167CC26;1;AUR;Middle River Gold Zone;MAIN;57
3182039A;1;QSF;Big Missouri;MAIN;43
31B2F2EE;1;QSF;La Fortuna;MAIN;49|54
3185C8FC;1;QCC;Klaza;MAIN;60
3185C8FC;2;QSF;Klaza;MAIN;60
31F34736;1;QSF;Golden Chest;MAIN;36|38
31D4C581;1;QCC;Los Filos;MAIN;57
322B4273;1;SBV;Wings Point;MAIN;20
322B4273;2;QSF;Wings Point;MAIN;28
3279BA52;1;QSF;Chibougamau property;MAIN;34|37
323E790F;1;QSF;Berens River;MAIN;29|32
323E790F;2;QCC;Berens River;MAIN;33
32F18F09;1;QSF;Back Forty Deposit;MAIN;93|95
333B3B57;1;QSF;Boyden;MAIN;28|33
333B3B57;2;CAV;Boyden;MAIN;29
33701C20;1;QAD;Drumlummon;MAIN;48
33701C20;2;QCC;Drumlummon;MAIN;48
3322F5C1;1;QSF;Mt. Hamilton;MAIN;65|67
33D98D15;1;QSF;Kodiak Project;MAIN;15
33D98D15;2;QCC;Kodiak Project;MAIN;29
34397D2A;1;QCC;Lira;MAIN;39|41|63
33A279AE;1;QCC;Umuna;MAIN;49|50|51
33A279AE;2;MUL;Umuna;MAIN;49|50
3425C690;1;QAD;Sleeper deposit;MAIN;40
34508369;1;QCC;San Pablo vein;MAIN;24
34C16155;1;QAD;Drumlummon;MAIN;46|48
3457AC4E;1;SKV;Rompas;MAIN;30
34C796AC;1;QSF;Cloud Drifter Trend;MAIN;32|39
34C796AC;2;QCC;Cloud Drifter Trend;MAIN;39
34C6D6FF;1;SHV;Tahuehueto;MAIN;43
34C6D6FF;2;SBV;Tahuehueto;MAIN;44
34C6D6FF;3;QAD;Tahuehueto;MAIN;44
350075F2;1;QSF;Dime Project;MAIN;21
34DE2D6A;1;QCC;VOK Zone;MAIN;51
34DE2D6A;2;QAD;VOK Zone;MAIN;51|54|61
34DE2D6A;3;QSF;VOK Zone;MAIN;51|52|55
34DE2D6A;4;SBV;VOK Zone;MAIN;57
35060722;1;QCC;Springpole;MAIN;47
35060722;2;QAD;Springpole;MAIN;47
34D6E9CB;1;QAD;Mercedes;MAIN;69|74|75|78|79
34D6E9CB;2;QCC;Mercedes;MAIN;74|78|79
35206A63;1;QSF;Björkdal;MAIN;59|67
356BDF5C;1;QCC;Yaoure Central;MAIN;59
356BDF5C;2;QSF;Yaoure Central;MAIN;50
356BDF5C;3;AUR;Yaoure Central;MAIN;49
357F2DBF;1;QCC;Troy Zone;MAIN;29
3592CC1C;1;QSF;Saddle Zone;MAIN;22|23|25|37|38
3592CC1C;2;QCC;Saddle Zone;MAIN;25|46
3598970A;1;QAD;Lovitt Mine;MAIN;26|28
35AD2016;1;QAD;San Andrés;MAIN;48|51
35AD2016;2;QCC;San Andrés;MAIN;45|46
35EF186E;1;QAD;Tonopah West;MAIN;40
35EF186E;2;QSF;Tonopah West;MAIN;40
35EF186E;3;QCC;Tonopah West;MAIN;40
363AA7C2;1;AUR;Golden Reward;MAIN;14|16|18
362E520F;1;QCC;Nelligan;MAIN;47|51
364A028C;1;AUR;Breccia Zone (BZ);MAIN;45|46|51
36660BA9;1;QCC;Croinor;MAIN;71|72
36660BA9;2;EXT;Croinor;MAIN;71|73
36660BA9;3;QTU;Croinor;MAIN;72
3731FD4F;1;AUR;Hot Spring Range Project;MAIN;21|23
3719C95B;1;QAD;Maiz Azul;MAIN;54|58
3719C95B;2;MUL;Maiz Azul;MAIN;54|55
37B8CB8D;1;QSF;Main Zone;MAIN;47
37B8CB8D;2;QCC;Main Zone;MAIN;47
37C5771C;1;SHV;Advene Prospect;MAIN;40|41|42
37C5771C;2;QSF;Advene Prospect;MAIN;42
37CFC744;1;QSF;Vetas Gold Project;MAIN;56|59|61
37CFC744;2;SHV;Vetas Gold Project;MAIN;61
37CFC744;3;MUL;Vetas Gold Project;MAIN;61
37DBB67D;1;QCC;Omai;MAIN;68|69
37F32166;1;SHV;Taurus;MAIN;47
37F32166;2;EXT;Taurus;MAIN;47
37F32166;3;QCC;Taurus;MAIN;48
38072A1F;1;AUR;Lagunas Norte;MAIN;56
386A2167;1;QCC;Florin gold deposit;MAIN;33
386A2167;2;MUL;Florin gold deposit;MAIN;33
37EEBE47;1;MUL;Madison Project;MAIN;49
37EEBE47;2;QSF;Madison Project;MAIN;76
37EEBE47;3;QCC;Madison Project;MAIN;76
3870A7FF;1;QCC;Diba;MAIN;81|83
38D8C5E3;1;SKV;Luna Roja;MAIN;21|24
38BE749E;1;QCC;US Grant vein;MAIN;35
38BE749E;2;MUL;US Grant vein;MAIN;37
394489CC;1;QSF;Prosperity Trend;MAIN;29|32
3919A867;1;QSF;Camino Rojo;MAIN;79|80
39213E42;1;QSF;Newman Todd Structure;MAIN;72|73
39213E42;2;SHV;Newman Todd Structure;MAIN;72
39213E42;3;QCC;Newman Todd Structure;MAIN;80
39213E42;4;AUR;Newman Todd Structure;MAIN;73
39755FE7;1;QCC;Bullfrog;MAIN;78|79|83
39FB1932;1;QSF;Twin Hills;MAIN;142
39BA4386;1;QSF;Eastmain Mine Gold Deposit;MAIN;35
39BA4386;2;SHV;Eastmain Mine Gold Deposit;MAIN;35
39BA4386;3;QCC;Eastmain Mine Gold Deposit;MAIN;44
39F25E45;1;SHV;Groete Gold Copper Deposit;MAIN;28
39F25E45;2;QSF;Groete Gold Copper Deposit;MAIN;28
39F25E45;3;QCC;Groete Gold Copper Deposit;MAIN;28
39ABBA49;1;QSF;Altan Nar;MAIN;24
39ABBA49;2;MUL;Altan Nar;MAIN;6|22|24
39FD989F;1;AUR;QV Project;MAIN;18|21
3AAD1633;1;QCC;Frasergold;MAIN;32|36
3A620AFE;1;QSF;Dolphin;MAIN;30|31|32
3A620AFE;2;QCC;Dolphin;MAIN;35
3A6BCC4A;1;QSF;Rainy River gold project;MAIN;72
3A6BCC4A;2;QCC;Rainy River gold project;MAIN;65|67|72|75
3A6BCC4A;3;EXT;Rainy River gold project;MAIN;67|75
3AE4029C;1;QSF;Sullivan;MAIN;100
3AE4029C;2;CAV;Sullivan;MAIN;100
3B88DE37;1;QTU;Cangrejos Zone;MAIN;20
3AF05E90;1;QCC;A8 3200 vein system;MAIN;40|43
3BBB00A1;1;QAD;Grassy Mountain;MAIN;81
3BDD510E;1;QSF;Friday Zone;MAIN;34
3BDD510E;2;QCC;Friday Zone;MAIN;33|34|40
3C15D2C0;1;SHV;Cap Oeste;MAIN;49
3C15D2C0;2;QSF;Cap Oeste;MAIN;49
3BEF5C5D;1;QSF;Pinion;MAIN;59|60
3BEF5C5D;2;SBV;Pinion;MAIN;60
3C2708C6;1;QAD;La Libertad;MAIN;83|93
3C2EA033;1;QSF;Didipio Gold-Copper Deposit;MAIN;49|52|56
3C2EA033;2;SKV;Didipio Gold-Copper Deposit;MAIN;49|56
3C2EA033;3;QCC;Didipio Gold-Copper Deposit;MAIN;56
3C2EA033;4;CAV;Didipio Gold-Copper Deposit;MAIN;56
3C417403;1;QCC;Velardeña;MAIN;46
3C2FD135;1;QCC;Las Casas Structural Corridor;MAIN;32|37|38
3C2FD135;2;QAD;Las Casas Structural Corridor;MAIN;38|42
3C670972;1;QSF;Zun-Holba;MAIN;33|36|38|41|43
3C8E966A;1;QAD;Kabang;MAIN;31|33
3C8E966A;2;QSF;Kabang;MAIN;30
3C95B7B3;1;QAD;Goldstorm;MAIN;51
3CE2B9E0;1;QSF;Pinion;MAIN;100
3CEFECB0;1;QSF;Ranch Property;MAIN;63
3CF80026;1;QCC;Ikkari;MAIN;55|56|72|75
3D2058D1;1;QCC;Angela Vein;MAIN;42
3D6BB6CE;1;QCC;Instant Pond Zone;MAIN;25
3D811AC2;1;QSF;Atenea Vein;MAIN;52
3D840C52;1;QSF;Côté Lake;MAIN;15|56|62
3DEAA3DE;1;QCC;Qiriyaga Hill;MAIN;84
3DED1690;1;QCC;Glen Morrison Goldfield;MAIN;26
3DFA7D26;1;QSF;Qiriyaga Hill;MAIN;77|78
3DFA7D26;2;QCC;Qiriyaga Hill;MAIN;77
3E129F62;1;QAD;Comstock Lode;MAIN;83|87
3DF016AA;1;AUR;CNRG Project;MAIN;44
3DF016AA;2;EXT;CNRG Project;MAIN;44
3DF016AA;3;SHV;CNRG Project;MAIN;44
3E290B9E;1;QCC;Mckenzie Break Deposit;MAIN;53
3F048ECD;1;QSF;Caribe;MAIN;22|23|25
3F31C6FF;1;QSF;Goldkuppe;MAIN;43
3E525573;1;CAV;Mexican Hat;MAIN;40
3E525573;2;QAD;Mexican Hat;MAIN;40
3F442383;1;QCC;Komis;MAIN;33
3F442383;2;FLT;Komis;MAIN;32
3F442383;3;EXT;Komis;MAIN;32
3F4AA2EA;1;QSF;Carmen Deposit;MAIN;24|28|29
3F5CB0D2;1;QSF;Mt. Anderson;MAIN;38|40|44
3F5CB0D2;2;PMV;Mt. Anderson;MAIN;38
3F5CB0D2;4;QAD;Mt. Anderson;MAIN;48|55
3E327028;1;QSF;Premier;MAIN;63
3E327028;2;QCC;Premier;MAIN;64|66
3FB632CD;1;QCC;Shajinba;MAIN;35
3FB632CD;2;AUR;Shajinba;MAIN;30|35
3FBE81E2;1;AUR;Horne 5 deposit;MAIN;173|176
402299AD;1;QSF;San Agustin;MAIN;48
404DD998;1;QSF;Chaminé;MAIN;61|62|64
402406AC;1;QAD;Cristina Vein System;MAIN;32|33
402406AC;2;QCC;Cristina Vein System;MAIN;32|36
402406AC;3;QSF;Cristina Vein System;MAIN;30|32|33|34
40A39DC1;1;QCC;Springpole;MAIN;46
40A39DC1;2;QAD;Springpole;MAIN;46
40C52936;1;QAD;El Limón;MAIN;53
40C52936;2;QCC;El Limón;MAIN;53
40E9B945;1;QSF;Koné;MAIN;48|52|55
40F9D281;1;AUR;BYP Gold Mineralization;MAIN;42
40F0189F;1;QSF;Sarita Este Gold Zone;MAIN;14
414D5F62;1;EXT;La Mina;MAIN;76
414D5F62;2;QSF;La Mina;MAIN;83
41B2CA62;1;QCC;Quebrada Grande Project;MAIN;42
41D7AD7F;1;PMV;Independence Shallow;MAIN;57
41DC0465;1;QAD;Mina Real;MAIN;26|29
42224C5C;1;QCC;Tide North;MAIN;17
421A2FEB;1;QSF;Copperstone;MAIN;60|64
421A2FEB;2;SBV;Copperstone;MAIN;63
42526E81;1;QAD;Commonwealth;MAIN;59|60
4258E8C9;1;QCC;Beta Hunt Gold;MAIN;68|69|70
4258E8C9;2;SHV;Beta Hunt Gold;MAIN;60|61
4258E8C9;3;EXT;Beta Hunt Gold;MAIN;60|61
42BC01F5;1;AUR;Ormsby Zone;MAIN;41|42
42A14A11;1;QSF;Soledad Breccia Pipes;MAIN;46|49
4299A264;1;QSF;Yellow Giant;MAIN;46|47|48
4299A264;2;QCC;Yellow Giant;MAIN;45
4329AA96;1;QCC;Queensway Project;MAIN;64
4342F063;1;QCC;Vezza;MAIN;39|40
4366213D;1;QSF;Tres Cerros;MAIN;64|66|68
432EB1F7;1;QSF;Alto Quemado Vein System;MAIN;34
4378DF47;1;QSF;Novo Mundo;MAIN;64
437D4597;1;QSF;RRMZ;MAIN;90|102|103|108
437D4597;2;QCC;RRMZ;MAIN;108|109
43CE03C8;1;QSF;Main Zone;MAIN;34
43CE03C8;2;QCC;Main Zone;MAIN;34
43CD2CEF;1;QSF;Binebase-Bawone;MAIN;36
43CD2CEF;2;SHV;Binebase-Bawone;MAIN;46
43CD2CEF;3;AUR;Binebase-Bawone;MAIN;47
44319179;1;QSF;Durusu;MAIN;19
44319179;2;QAD;Durusu;MAIN;21
43FD9B63;1;QAD;Sandman;MAIN;37|44|45
4458DADE;1;SHV;NX Gold Mine;MAIN;52
4458DADE;2;QSF;NX Gold Mine;MAIN;48
44678F79;1;AUR;Amulsar;MAIN;33
447CF32A;1;QSF;Panama Group;MAIN;96|98
447CF32A;2;QCC;Panama Group;MAIN;96|98
447CF32A;3;MUL;Panama Group;MAIN;96|98|99
446C98BF;1;QCC;Brucejack Deposit;MAIN;79
446C98BF;2;QSF;Brucejack Deposit;MAIN;79
446C98BF;3;SHV;Brucejack Deposit;MAIN;76|78
446C98BF;4;EXT;Brucejack Deposit;MAIN;76
449C624A;1;QAD;Main Zone;MAIN;39|44
449C624A;2;QSF;Main Zone;MAIN;36|44
447790DE;1;QSF;Segovia;MAIN;74|85
447790DE;2;SHV;Segovia;MAIN;74
44AC1D7E;1;SKV;Heino-Money Zone;MAIN;39
44AC1D7E;2;QSF;Heino-Money Zone;MAIN;41
44B237CE;1;QSF;Pozo del Gringo;MAIN;46
44B237CE;2;QCC;Pozo del Gringo;MAIN;47
44BF137C;1;QCC;Homestake Zone;MAIN;58|62
44BF137C;2;QSF;Homestake Zone;MAIN;58
44C869B7;1;QAD;El Volcan Mine;MAIN;40
44C869B7;2;MUL;El Volcan Mine;MAIN;41
44CDCB65;1;QCC;Barry;MAIN;64
44EDF40C;1;QSF;Costerfield;MAIN;51|52
44EDF40C;2;QCC;Costerfield;MAIN;52|56
44EDF40C;3;SHV;Costerfield;MAIN;48|51
4514DE89;1;QSF;Goldhawk;MAIN;47|71|76
45196AE8;1;QSF;Clarence Stream;MAIN;36
4525C531;1;QCC;Eastmain Mine Deposit;MAIN;62
4525C531;2;QSF;Eastmain Mine Deposit;MAIN;52|58|78
4525C531;3;FLT;Eastmain Mine Deposit;MAIN;78
453DE368;1;QSF;Palito Mine;MAIN;44
45777B56;1;QAD;Casposo;MAIN;49|54
45777B56;2;QCC;Casposo;MAIN;50
4582D235;1;SHV;COSE;MAIN;42
45A2A397;1;AUR;AurMac;MAIN;51
45A2A397;2;QSF;AurMac;MAIN;47|51|52|53|54
45A2A397;3;QCC;AurMac;MAIN;47|50|51|52|53|54
45A2A397;4;SHV;AurMac;MAIN;53
4601278E;1;QTU;Laverty Main Zone;MAIN;35
45DEA277;1;QSF;Mt. Hinton;MAIN;46
45DEA277;2;QCC;Mt. Hinton;MAIN;46
45AAB2FD;1;ALS;Guanaco;MAIN;84|101
4626F827;1;QCC;Revenue;MAIN;44
46414CCB;1;FLT;Mexican Hat;MAIN;49|54
46414CCB;2;CAV;Mexican Hat;MAIN;50
46414CCB;3;QAD;Mexican Hat;MAIN;50
46771F7C;1;QCC;Hammond Reef;MAIN;32|36|37
46771F7C;2;EXT;Hammond Reef;MAIN;41
46952A22;1;QSF;Arthington;MAIN;74|75
46B175EA;1;QSF;Northumberland;MAIN;45
46D9512A;1;SHV;Lac Arsenault;MAIN;38
46D9512A;2;EXT;Lac Arsenault;MAIN;38
46D9512A;3;QCC;Lac Arsenault;MAIN;40
46D9512A;4;FLT;Lac Arsenault;MAIN;42
4752C21D;1;QAD;Rodeo;MAIN;29|30
4752C21D;2;QSF;Rodeo;MAIN;32|34
47B7A938;1;QSF;Three Bluffs;MAIN;42|43
4765DC3B;1;EXT;Millen Mountain;MAIN;53
4765DC3B;2;SHV;Millen Mountain;MAIN;53
4765DC3B;3;QCC;Millen Mountain;MAIN;52
47FDCB65;1;QSF;San Rafael Mine;MAIN;54
483D984A;1;QSF;Camino Rojo;MAIN;65|66
483D984A;2;QAD;Camino Rojo;MAIN;66
484BAD57;1;AUR;Mt Sidney Williams Gold;MAIN;27
48145CD9;1;QCC;Ixtaca Zone;MAIN;42|43|45
48480F23;1;QSF;Sugarloaf Peak;MAIN;33
48480F23;2;MGV;Sugarloaf Peak;MAIN;33
48480F23;3;QTU;Sugarloaf Peak;MAIN;33
48480F23;4;EXT;Sugarloaf Peak;MAIN;33|34
48480F23;5;ALS;Sugarloaf Peak;MAIN;33|34
48480F23;6;QCC;Sugarloaf Peak;MAIN;36
48BDE0C6;1;QCC;SLNE;MAIN;20|21
492E419F;1;QCC;Guaico;MAIN;29
494766BE;1;QCC;Summit Mine;MAIN;52|57
487ACEA4;1;QAD;Jerusalem;MAIN;30
487ACEA4;2;QSF;Jerusalem;MAIN;33
487ACEA4;3;QCC;Jerusalem;MAIN;34
49530B27;1;QSF;Pueblo Viejo;MAIN;56
49745783;1;ALS;Fortuna Zone;MAIN;23|29
497F3FA9;1;QCC;Muus Property;MAIN;44
497F3FA9;2;QTU;Muus Property;MAIN;44
497F3FA9;3;QSF;Muus Property;MAIN;44
497F3FA9;4;AUR;Muus Property;MAIN;45|46
49B77313;1;QAD;El Zapote;MAIN;22|24
49CB5570;1;AUR;Arch Prospect;MAIN;28
49E75B40;1;QAD;Castle Mountain;MAIN;69|71
49F2722A;1;QSF;Santa Fe deposit;MAIN;69
4A0065EE;1;QCC;Foley Mine;MAIN;28
4A0065EE;2;EXT;Foley Mine;MAIN;27|28
4A0065EE;3;FLT;Foley Mine;MAIN;28
4A0065EE;4;SHV;Foley Mine;MAIN;28
49F5DF6B;1;QCC;Tartan gold deposit;MAIN;65|68
49F5DF6B;2;SHV;Tartan gold deposit;MAIN;65
49F5DF6B;3;EXT;Tartan gold deposit;MAIN;65
49F5DF6B;4;QFV;Tartan gold deposit;MAIN;65
49F5DF6B;5;QTU;Tartan gold deposit;MAIN;65
4A194370;1;QCC;Brussels Creek;MAIN;25|27|29
4A194370;2;QAD;Brussels Creek;MAIN;25
4A194370;3;QSF;Brussels Creek;MAIN;27
4A1A891A;1;QSF;Vein No. 1;MAIN;44|45
4A1A891A;2;QCC;Vein No. 1;MAIN;45|47|50|51
4A3DE6E6;1;QSF;Sulphurets;MAIN;105|108
4A24ED87;1;AUR;Shahuindo;MAIN;56
4A24ED87;2;ALS;Shahuindo;MAIN;56
4A51ABFD;1;QAD;Soledad Mountain;MAIN;44|49
4A582253;1;AUR;San Diego North;MAIN;33|35
4B2F65B3;1;QSF;Durusu;MAIN;18
4B11A53A;1;QCC;Peter Lake Property;MAIN;43|47
4ACEE954;1;QCC;Brucejack Deposit;MAIN;78|79
4ACEE954;2;QSF;Brucejack Deposit;MAIN;78|79
4ACEE954;3;EXT;Brucejack Deposit;MAIN;78|79
4ACEE954;4;QFV;Brucejack Deposit;MAIN;79
4B404928;1;QSF;Los Pavitos;MAIN;49
4BCC3385;1;QSF;San Ramon shear zone;MAIN;46
4BCC3385;2;QCC;San Ramon shear zone;MAIN;46|48
4BAFDB09;1;QAD;Eastside;MAIN;33
4BAFDB09;2;CAV;Eastside;MAIN;34
4BCE6BF1;1;AUR;Green Mountain Property;MAIN;48
4BCE6BF1;2;QSF;Green Mountain Property;MAIN;48|49
4BE33A66;1;QAD;Kato;MAIN;57|61
4C0E165A;1;QSF;Costerfield;MAIN;78|79
4C0E165A;2;QCC;Costerfield;MAIN;78|79
4C0E165A;3;SHV;Costerfield;MAIN;73|78
4C297EA7;1;QCC;Tommy Vein;MAIN;11
4C3EFC1C;1;QSF;Antonella Daniella;MAIN;58
4C3EFC1C;2;QAD;Antonella Daniella;MAIN;59
4C62B887;1;QSF;Normetal South Property;MAIN;36
4C62B887;2;AUR;Normetal South Property;MAIN;36
4CA128AD;1;QSF;Dynasty Goldfield Vein System;MAIN;25
4CA128AD;2;QCC;Dynasty Goldfield Vein System;MAIN;28|32
4CA128AD;3;QAD;Dynasty Goldfield Vein System;MAIN;27
4CADB521;1;QAD;Talapoosa;MAIN;42
4CADB521;2;QSF;Talapoosa;MAIN;42
4CADB521;3;EXT;Talapoosa;MAIN;42
4CDBC165;1;QCC;Toroparu;MAIN;90|100
4D1DDD7C;1;QAD;Imwauna;MAIN;44
4D20518F;1;QSF;Sleeping Giant mine;MAIN;31|34
4D26B20C;1;QAD;Eden;MAIN;51
4D32E4ED;1;QSF;Romero;MAIN;66
4D32E4ED;2;QCC;Romero;MAIN;67
4D4E3E0C;1;QAD;El Zapote;MAIN;29|31
4D4E3E0C;2;MUL;El Zapote;MAIN;31
4D52E0B2;1;QSF;Pinaya;MAIN;45|48
4D52E0B2;2;AUR;Pinaya;MAIN;48
4D52E0B2;3;SUV;Pinaya;MAIN;48
4D22017F;1;QSF;Revenue;MAIN;24
4D22017F;2;CAV;Revenue;MAIN;24
4D778E96;1;QCC;Union Target;MAIN;60
4D977DA5;1;QSF;Graben;MAIN;73
4D977DA5;2;MUL;Graben;MAIN;73
4DA051EA;1;QSF;La Nueva Victoria;MAIN;24
4E10FD23;1;QSF;Eskay Creek;MAIN;63|64
4E10FD23;2;CAV;Eskay Creek;MAIN;60
4DF99FB9;1;QAD;Fire Creek;MAIN;67|73
4DF99FB9;2;QCC;Fire Creek;MAIN;67
4E2B762B;1;QAD;Discovery Zone;MAIN;22|23
4E3EAABC;1;QAD;South Zone;MAIN;79|84
4E3EAABC;2;MUL;South Zone;MAIN;79|86
4E2F1FED;1;QSF;Segovia Vein System;MAIN;74|79|80|90
4E2F1FED;2;QCC;Segovia Vein System;MAIN;74|79|90
4E2F1FED;3;SHV;Segovia Vein System;MAIN;80|81
4E2F1FED;4;MUL;Segovia Vein System;MAIN;81
4E35FE65;1;QAD;Shovelnose;MAIN;53|93
4E35FE65;2;QSF;Shovelnose;MAIN;93
4E9D0BFA;1;QSF;Côté Gold;MAIN;97
4E9C53E0;1;QSF;Lajitas;MAIN;49|50|51
4E9C53E0;2;SBV;Lajitas;MAIN;50
4E9C53E0;3;SKV;Lajitas;MAIN;50
4E9C53E0;4;ALS;Lajitas;MAIN;51
4E9EF1C0;1;SKV;Guintar-Niverengo;MAIN;21
4E9EF1C0;2;SHV;Guintar-Niverengo;MAIN;21
4E9EF1C0;3;QCC;Guintar-Niverengo;MAIN;21
4E9EF1C0;4;MUL;Guintar-Niverengo;MAIN;21
4EB3A1D6;1;QSF;SBU Property;MAIN;40
4F099788;1;QSF;KCR occurrence;MAIN;24
4EFD20D4;1;QSF;Sugarloaf Peak;MAIN;33
4EFD20D4;2;MGV;Sugarloaf Peak;MAIN;33
4EFD20D4;3;QTU;Sugarloaf Peak;MAIN;33
4EFD20D4;4;EXT;Sugarloaf Peak;MAIN;34
4EFD20D4;5;ALS;Sugarloaf Peak;MAIN;34
4F04636B;1;QCC;Moss Vein;MAIN;66|72|73
4F13143B;1;QSF;Cipoeiro;MAIN;76
4F16C23A;1;QAD;Los Reyes;MAIN;60|71
4F2762FC;1;QSF;Highland Boy;MAIN;51|52|96
4F6B1E0D;1;QSF;Golden Crown;MAIN;53|63
4F71888A;1;QSF;La Plata;MAIN;35|52
4F952573;1;QSF;MOP-II;MAIN;37
4F952573;2;SUV;MOP-II;MAIN;38
4F952573;3;AUR;MOP-II;MAIN;38
4FC006B2;1;QAD;Mina Real;MAIN;23|24
4FF8B4DC;1;QSF;Tombill Main Group;MAIN;31|34
501C6910;1;QSF;Troilus;MAIN;87
5015F3E0;1;QSF;Powerline;MAIN;59|61
5015F3E0;2;PMV;Powerline;MAIN;61
504BE30F;1;QSF;Goldstorm Deposit;MAIN;53|60
504BE30F;2;QCC;Goldstorm Deposit;MAIN;55
50B5B392;1;FLT;Simkar;MAIN;27
50B5B392;2;EXT;Simkar;MAIN;27|28
50B5B392;3;QSF;Simkar;MAIN;29
50B5B392;4;QCC;Simkar;MAIN;29|32
50B5B392;5;SHV;Simkar;MAIN;32
50594414;1;QCC;Windfall Lake deposit;MAIN;77|82|93|100
50594414;2;EXT;Windfall Lake deposit;MAIN;77|78|100
50594414;3;QTU;Windfall Lake deposit;MAIN;82|93
50594414;4;QFV;Windfall Lake deposit;MAIN;92
50AD8159;1;QSF;Cerro del Medio;MAIN;51
50AD8159;2;QFV;Cerro del Medio;MAIN;51
50AD8159;3;PMV;Cerro del Medio;MAIN;54
50FF4FA6;1;QCC;Humbug deposit;MAIN;59|60
5128C016;1;QCC;San Miguel vein system;MAIN;60
514150B5;1;QSF;Dollar Target;MAIN;74|76|94|95
5111F84A;1;QSF;Thunder Lake Deposit;MAIN;51|52|54|55|93
5171BC72;1;QCC;Area 52 / Ripley Gold Zone;MAIN;21
5171BC72;2;MUL;Area 52 / Ripley Gold Zone;MAIN;21
5171BC72;3;SHV;Area 52 / Ripley Gold Zone;MAIN;21
51418100;1;QCC;Eagle Mountain Property;MAIN;22
51418100;2;QSF;Eagle Mountain Property;MAIN;22|33
51CF2D0E;1;QCC;Tommy Vein;MAIN;24
51F69E77;1;QSF;Jungo;MAIN;35
51F69E77;2;SHV;Jungo;MAIN;35
527B73EF;1;QSF;La Nueva Victoria;MAIN;27
524D8AB0;1;QSF;Eskay Creek;MAIN;66|67
524D8AB0;2;CAV;Eskay Creek;MAIN;63
527C1759;1;QCC;Cerrito Prospect;MAIN;51|52|53
52DFAF27;1;QSF;Zancudo;MAIN;39|40
52DFAF27;2;QCC;Zancudo;MAIN;39
52E8AF29;1;QAD;Dolores;MAIN;35
5352903E;1;QTU;Plomp Farm;MAIN;27
5352903E;2;AUR;Plomp Farm;MAIN;29
5354DE56;1;QSF;Troilus;MAIN;63
539BD277;1;QSF;Florida Canyon;MAIN;57
539BD277;2;MUL;Florida Canyon;MAIN;57
539BD277;3;QAD;Florida Canyon;MAIN;61
540A7CFC;1;QSF;Cheechoo;MAIN;60
540A7CFC;2;EXT;Cheechoo;MAIN;60
547C46B7;1;QSF;CSH Gold Deposit;MAIN;40|44|46
547EEFD8;1;QCC;Main Twin Zone;MAIN;58
547EEFD8;2;SHV;Main Twin Zone;MAIN;58|61
547EEFD8;3;EXT;Main Twin Zone;MAIN;58
547EE6C7;1;QCC;Big Vein;MAIN;29|30
547EE6C7;2;SHV;Big Vein;MAIN;27|47|66
547EE6C7;3;EXT;Big Vein;MAIN;27|47|66
548E7930;1;QSF;Chambers Settlement;MAIN;45
548E7930;2;AUR;Chambers Settlement;MAIN;45|46
54EE5CD0;1;QSF;Providence Mines;MAIN;28|32
54EE5CD0;2;QCC;Providence Mines;MAIN;32
54FFC2C3;1;QCC;Spanish Mountain;MAIN;87
5502C0F0;1;QSF;Flood Zone;MAIN;74|75
55048FDC;1;AUR;La Pointe;MAIN;69
55220A08;1;QSF;Esperanza;MAIN;31|43|44|52
55220A08;2;QCC;Esperanza;MAIN;37|38
5535E81C;1;QAD;El Peñón;MAIN;48|49
5556F669;1;ALS;Pimenton Mine;MAIN;26
5556F669;2;QSF;Pimenton Mine;MAIN;26|27
53AF8ED3;1;QSF;Brewery Creek;MAIN;37|42
556B7B48;1;QSF;Géant Dormant;MAIN;25|26
55973C7F;1;AUR;Toiyabe Project;MAIN;20
55B296A0;1;QCC;Arrowhead Mine Veins;MAIN;55
55B85897;1;QCC;Pinos Project;MAIN;20
55BEF49B;1;QCC;Afric Zone;MAIN;45
5632EA76;1;QCC;Ginger Ridge;MAIN;31|34|37
56460A42;1;QCC;Kensington;MAIN;53|55
56460A42;2;FLT;Kensington;MAIN;53|56
56460A42;3;EXT;Kensington;MAIN;53|55|56
56460A42;4;SHV;Kensington;MAIN;55
563E8F26;1;MGV;Confusion Hills Lithocap;MAIN;20
563E8F26;2;QAD;Confusion Hills Lithocap;MAIN;24
56404BE7;1;QCC;Rozino;MAIN;54
5690D804;1;QCC;Humbug deposit;MAIN;56
5660BEC1;1;QSF;Guayabales Project;MAIN;43|46|75
5660BEC1;2;PMV;Guayabales Project;MAIN;47|72|76
56B6C35D;1;QSF;Eskay Creek;MAIN;93
56749EFD;1;ALS;Hycroft;MAIN;65|75
56749EFD;2;QSF;Hycroft;MAIN;65|75|77
56749EFD;3;PMV;Hycroft;MAIN;66|75|77
56749EFD;4;QCC;Hycroft;MAIN;72
56C961F9;1;QSF;Universo;MAIN;44
56DE0261;1;QSF;Segovia;MAIN;54|57|64
57102DBE;1;QSF;Coricancha Mine Complex;MAIN;52|55|58|59|64
575CFC23;1;QSF;El Bagre;MAIN;53
57781F78;1;QSF;Reef;MAIN;42
577020CD;1;QSF;Principal Structural Corridor;MAIN;36
582AE49B;1;QSF;Ana Paula;MAIN;64
582AE49B;2;QCC;Ana Paula;MAIN;64
582AE49B;3;QAD;Ana Paula;MAIN;68|74|75
585EBFE9;1;QCC;Maybrun;MAIN;33
58B0104F;1;QSF;New Leviathan;MAIN;55|58
58AE5ACE;1;QSF;Héva;MAIN;21
58AE5ACE;2;QCC;Héva;MAIN;18|20
58A16D13;1;QCC;Ana Paula;MAIN;76|78
58A16D13;2;QSF;Ana Paula;MAIN;78
58A16D13;3;QAD;Ana Paula;MAIN;82|83
58C1C114;1;QSF;Merlin;MAIN;32
58E6AE7F;1;QCC;Los Filos;MAIN;73
58E6AE7F;2;QSF;Los Filos;MAIN;70|73
58F814CA;1;QSF;Westwood;MAIN;54|55|56
591FFFD3;1;QCC;Tomingley;MAIN;60|62|63
595A3497;1;QCC;Northwest Arm;MAIN;98
595A3497;2;QSF;Northwest Arm;MAIN;94|98
596AE452;1;QSF;Casa Berardi West Property;MAIN;39
598B3D65;1;QSF;San Francisco;MAIN;62|66
598D6804;1;QSF;Namoya Project;MAIN;31
598D6804;2;QCC;Namoya Project;MAIN;36
598D6804;3;SHV;Namoya Project;MAIN;38
599414B0;1;QCC;Surebet Zone;MAIN;43
59A4910A;1;QSF;Pactolus;MAIN;81
59A4910A;2;MUL;Pactolus;MAIN;76
59C244A5;1;QAD;Golden Arrow;MAIN;57|58|63|64
59EA75BE;1;QCC;Velardeña;MAIN;42|43
59EA75BE;2;QSF;Velardeña;MAIN;46
59ED0865;1;QSF;Lawyers Area;MAIN;123|126|127
59ED0865;2;MUL;Lawyers Area;MAIN;123
59ED0865;3;QAD;Lawyers Area;MAIN;122|126|143
5A064DC1;1;QSF;Los Filos;MAIN;80
5A064DC1;2;QCC;Los Filos;MAIN;80
5A09EA55;1;QSF;Tres Cruces;MAIN;31
5A21F3E1;1;QSF;Sanderson Suite;MAIN;36
5AFA66D6;1;QSF;Skouries;MAIN;54
5AFA66D6;2;QCC;Skouries;MAIN;54
5A39BCFA;1;QSF;Cerro Quema;MAIN;59|60|61
5A39BCFA;2;SHV;Cerro Quema;MAIN;61
5AEAAB38;1;QAD;Pampa Paciencia;MAIN;36
5B63FB71;1;QCC;Cadia East;MAIN;36|37
5B0BA30B;1;QSF;Preview SW;MAIN;32
5B593B14;1;QSF;Costerfield;MAIN;51|52
5B593B14;2;QCC;Costerfield;MAIN;52|56
5B593B14;3;SHV;Costerfield;MAIN;48
5B70E19C;1;AUR;Mustang Property;MAIN;17|18
5B9A71AC;1;AUR;Reid Zone;MAIN;14|16
5BFC8F89;1;QCC;VG zone;MAIN;29
5B80DDAD;1;QSF;Santa Fe Deposit;MAIN;42
5BB245CB;1;QSF;Kylmäkangas;MAIN;29|31
5C40AF4D;1;QCC;Guppy Zone;MAIN;12
5C45E993;1;QAD;Ada Tepe;MAIN;52|53
5C45E993;2;MUL;Ada Tepe;MAIN;53
5C8F331B;1;QSF;North Fold Nose;MAIN;63
5CFD2D8A;1;QSF;Alpine Vein;MAIN;35|37
5CF0A555;1;QCC;Cannonball Project;MAIN;41
5D10B353;1;QCC;Fly prospect;MAIN;29
5D445B71;1;QAD;Haile;MAIN;58
5D445B71;2;QSF;Haile;MAIN;59
5D445B71;3;AUR;Haile;MAIN;56
5D9E54B5;1;QAD;La Libertad;MAIN;92|93
5D4BE4E3;1;SHV;Georgia River Mine;MAIN;36
5D4BE4E3;2;FLT;Georgia River Mine;MAIN;36
5D4BE4E3;3;QCC;Georgia River Mine;MAIN;36
5D4BE4E3;4;QSF;Georgia River Mine;MAIN;36
5DAF2C15;1;QAD;Long Valley;MAIN;48
5E3AF775;1;QSF;Hebecourt Property;MAIN;52
5E5A4A32;1;AUR;Koonenberry North Project;MAIN;37|38
5E716C88;1;QCC;Pen Gold North;MAIN;27|28
5E54F6FF;1;QCC;Zancudo;MAIN;50
5E54F6FF;2;QSF;Zancudo;MAIN;50|51
5EA41794;1;QSF;DEM Halo;MAIN;41
5EA41794;2;QCC;DEM Halo;MAIN;41
5E944B24;1;QSF;Zaruma-Portovelo;MAIN;49
5E944B24;2;QCC;Zaruma-Portovelo;MAIN;59|66
5E944B24;3;QAD;Zaruma-Portovelo;MAIN;66
5EBC5C43;1;QCC;Mato Bula;MAIN;58
5EBC5C43;2;QSF;Mato Bula;MAIN;69
5EBC5C43;3;AUR;Mato Bula;MAIN;54|60|63
5EBFA227;1;QAD;Kilgore deposit;MAIN;60|61
5EBFA227;2;SHV;Kilgore deposit;MAIN;60
5F274B19;1;QSF;Kora Consolidated;MAIN;100|102|103
5F29212C;1;QSF;Skukum Creek;MAIN;56|63
5F29212C;2;EXT;Skukum Creek;MAIN;56|63
5EE26F8C;1;QSF;Rainy River Gold Deposit;MAIN;108|109
5EE26F8C;2;QCC;Rainy River Gold Deposit;MAIN;102|104|108|112
5EE26F8C;3;SHV;Rainy River Gold Deposit;MAIN;108|112
5EE26F8C;4;EXT;Rainy River Gold Deposit;MAIN;112
5F2C3119;1;QCC;Snoball;MAIN;58|75|90
5F2C3119;2;QSF;Snoball;MAIN;60|65
5F405AF8;1;QCC;Plutonic Gold Mine;MAIN;51
5F405AF8;2;QSF;Plutonic Gold Mine;MAIN;56
5F405AF8;3;SKV;Plutonic Gold Mine;MAIN;51
5F4ED454;1;SBV;Karita Project;MAIN;34|35
5F4ED454;2;AUR;Karita Project;MAIN;38
5F6D6E4A;1;QAD;La Noria;MAIN;33
5F6D6E4A;2;EXT;La Noria;MAIN;34
5FC65728;1;QSF;Buck Main;MAIN;56
5FC65728;2;QCC;Buck Main;MAIN;56
5FF37754;1;QSF;47-Adanac Trend;MAIN;34|37|51
5F833C23;1;QSF;Goldenville;MAIN;42|44
5F833C23;2;EXT;Goldenville;MAIN;42|44
601B9BDE;1;SHV;Ishkoday Property;MAIN;16
605B8C99;1;QSF;Byumba deposit;MAIN;52
605B8C99;2;EXT;Byumba deposit;MAIN;50|52
6094B058;1;QSF;Centennial;MAIN;55
61663810;1;QAD;Bayan Khundii;MAIN;91|104
61663810;2;MUL;Bayan Khundii;MAIN;91
605BF9D9;1;QSF;Sleeping Giant;MAIN;55|57
6173525A;1;QSF;La Plata deposit;MAIN;83|91
6173525A;2;EXT;La Plata deposit;MAIN;83
61C4380D;1;MGV;Caspiche Porphyry;MAIN;77
61C4380D;2;QSF;Caspiche Porphyry;MAIN;79
61C4380D;3;ALS;Caspiche Porphyry;MAIN;82
61F562DB;1;AUR;Jones Keystone;MAIN;23
61DC4158;1;QAD;Ixtaca;MAIN;40|45
61DC4158;2;MUL;Ixtaca;MAIN;41
61DC4158;3;QCC;Ixtaca;MAIN;43
61D48D35;1;QAD;Sandman;MAIN;36|42|43
6207B358;1;QAD;Discovery Zone;MAIN;22
61FE20FF;1;QSF;Laiva;MAIN;73
61FE20FF;2;EXT;Laiva;MAIN;74
61FE20FF;3;QCC;Laiva;MAIN;73
622E5431;1;AUR;Dayton Prospect;MAIN;213
623FE1DE;1;QSF;Lindero;MAIN;104|119
62793D18;1;QCC;Southeast Exposure;MAIN;27
62793D18;2;EXT;Southeast Exposure;MAIN;23
62C34AF2;1;QAD;Mercedes;MAIN;68|71|73
62C34AF2;2;QCC;Mercedes;MAIN;73|77
62C34AF2;3;MUL;Mercedes;MAIN;73|77|78
6294FE8B;1;QCC;Moss Gold Deposit;MAIN;89|95
6294FE8B;2;QSF;Moss Gold Deposit;MAIN;89|95
6294FE8B;3;SHV;Moss Gold Deposit;MAIN;95
6294FE8B;4;TLD;Moss Gold Deposit;MAIN;89|95
62F215EA;1;AUR;Muguk;MAIN;22
62C689F4;1;QAD;Fire Creek deposit;MAIN;59|66
63611C07;1;QCC;Slivova;MAIN;48|50
638AE51D;1;QAD;Escondida;MAIN;61|63|72
638AE51D;2;QSF;Escondida;MAIN;61|63
64231499;1;AUR;Golden Trail;MAIN;4
63D1772A;1;AUR;DeLamar;MAIN;67|68|71
63DA4B93;1;QCC;Turk Mine;MAIN;23
647F3DAA;1;QAD;San Rafael Vein;MAIN;157
64D7C082;1;QSF;Coringa;MAIN;37
64E131D8;1;QSF;Flood Zone;MAIN;47|48
655C5E71;1;QSF;Back Forty;MAIN;53
659844D6;1;QSF;Central Newfoundland Gold Project;MAIN;70
659844D6;2;QCC;Central Newfoundland Gold Project;MAIN;70
65B150D1;1;QAD;Carmen;MAIN;43|45
65B150D1;2;AUR;Carmen;MAIN;43
65B3920B;1;SHV;Kensington;MAIN;68
65B3920B;2;EXT;Kensington;MAIN;68|69
65B3920B;3;FLT;Kensington;MAIN;69
65D1C8B0;1;QSF;Bullion Alley;MAIN;26
65D1C8B0;2;QCC;Bullion Alley;MAIN;27
65D1C8B0;3;SKV;Bullion Alley;MAIN;27
65D1C8B0;4;QFV;Bullion Alley;MAIN;28
6640756C;1;QCC;Quesnel Quartz deposit;MAIN;26
6618D632;1;QCC;Afric Zone;MAIN;90|99
6649D254;1;QAD;Golden Arrow;MAIN;57|63|64
6649D254;2;QCC;Golden Arrow;MAIN;64
666BB470;1;QSF;Marmato;MAIN;90|95|99
666BB470;2;TLD;Marmato;MAIN;99|101
666BB470;3;QCC;Marmato;MAIN;99|101
66C43292;1;FLT;Miraflores;MAIN;74|76|78
66F73D2B;1;QCC;Reefton-Lyell Goldfield;MAIN;89
66F73D2B;2;QSF;Reefton-Lyell Goldfield;MAIN;89
66F73D2B;3;SUV;Reefton-Lyell Goldfield;MAIN;89
67372EED;1;SHV;Küçükdağ;MAIN;8
67372EED;2;ALS;Küçükdağ;MAIN;55
671B9519;1;QCC;Fruta del Norte;MAIN;96|97
671B9519;2;QAD;Fruta del Norte;MAIN;97
671B9519;3;QSF;Fruta del Norte;MAIN;97
673EA4E0;1;QSF;Siwash North;MAIN;47|55
673EA4E0;2;MUL;Siwash North;MAIN;53
67745E4B;1;QCC;St. Lawrence;MAIN;36|45
67745E4B;2;SHV;St. Lawrence;MAIN;35|45
6783FB74;1;QAD;San Martin;MAIN;27|29
67A37E75;1;QSF;Nyakagwe;MAIN;69
67A96F53;1;QSF;Laiva;MAIN;59|60
67BC7B20;1;QCC;Relief Canyon;MAIN;76|77
67BC7B20;2;QAD;Relief Canyon;MAIN;79|81|83
67BC7B20;3;SBV;Relief Canyon;MAIN;81
67BC7B20;4;SHV;Relief Canyon;MAIN;81
67FF49A4;1;QSF;Långtjärn;MAIN;31|32
68181277;1;QAD;Golden Arrow;MAIN;77|79|80|81
6829E7B9;1;QAD;Grassy Mountain;MAIN;58
68530C5C;1;QSF;Candelones Project;MAIN;69
689EFC8A;1;QAD;La India;MAIN;72|73
689EFC8A;2;EXT;La India;MAIN;76
68BC168F;1;QCC;McAdams Creek;MAIN;56|57
68A1FAC5;1;QCC;Rudy showings;MAIN;25
693043B5;1;QAD;Escondida;MAIN;58|66
693043B5;2;QSF;Escondida;MAIN;57|58
6940A481;1;QAD;Tonopah;MAIN;37|45|47
6932FC81;1;AUR;Kilgore deposit;MAIN;54|59
6932FC81;2;SHV;Kilgore deposit;MAIN;54
694CD6E6;1;EXT;Deer Horn vein system;MAIN;46|47
694CD6E6;2;FLT;Deer Horn vein system;MAIN;46|47
695A4497;1;QCC;VOK;MAIN;42|44|46|47
695A4497;2;QAD;VOK;MAIN;42|44
695A4497;3;QSF;VOK;MAIN;46
695A4497;4;SHV;VOK;MAIN;46|47
695A4497;5;EXT;VOK;MAIN;47
69E087E1;1;QCC;Umm Bisillah North;MAIN;62
69E087E1;2;QSF;Umm Bisillah North;MAIN;102
69E087E1;3;EXT;Umm Bisillah North;MAIN;102
6A0182BE;1;QSF;Altan Nar;MAIN;31
69F75462;1;AUR;Macassa Mine;MAIN;29
6991ACDA;1;SHV;Miranda;MAIN;21|26|27|29
6991ACDA;2;MUL;Miranda;MAIN;19|30|32
6991ACDA;3;QCC;Miranda;MAIN;27|29|33|35
6A716C2C;1;AUR;Ormsby Zone;MAIN;89
6A4A44DB;1;QCC;Mohave Gold Project;MAIN;30|34|35|44
6A72F70F;1;QAD;Martha Vein System;MAIN;69|71
6A69BDCD;1;QSF;Eskay Creek;MAIN;127|131
6A69BDCD;2;CAV;Eskay Creek;MAIN;128
6A74A831;1;QSF;Tres Amantes;MAIN;47|52
6A74A831;2;SHV;Tres Amantes;MAIN;48
6ADAD88F;1;QAD;Rainbow Canyon;MAIN;20
6AD2A483;1;QSF;Arista Project;MAIN;57|58|65|67|68
6AD2A483;2;QCC;Arista Project;MAIN;67
6AD2A483;3;QAD;Arista Project;MAIN;70
6AE86E82;1;QSF;Palmilla;MAIN;27|32
6B09E2B9;1;QCC;Fondawa Showing;MAIN;31|34
6B343844;1;QSF;Box Mine;MAIN;85|87
6B43F2CA;1;QCC;Goldstorm Zone;MAIN;79|80|81|83
6B43F2CA;2;QSF;Goldstorm Zone;MAIN;79|81
6BA3E790;1;QSF;Irumafimpa-Kora vein system;MAIN;60
6BA3E790;2;TLD;Irumafimpa-Kora vein system;MAIN;60|61
6B89958A;1;QCC;MacLellan;MAIN;29|31|32
6B89958A;2;QSF;MacLellan;MAIN;31|32
6B89958A;3;SKV;MacLellan;MAIN;29|32
6BA9ED0E;1;AUR;Chanape;MAIN;70|71
6BEFE3AE;1;QSF;Cyclopic Mine Zone;MAIN;49
6C4075E1;1;QAD;El Zapote;MAIN;24
6C4075E1;2;MUL;El Zapote;MAIN;24
6C2D1517;1;QAD;Burro Vein;MAIN;39
6C2CED4A;1;QSF;Wild Dog;MAIN;41
6C2CED4A;2;EXT;Wild Dog;MAIN;53
6C85F11C;1;QSF;Gravel Creek;MAIN;98|99
6C963AD5;1;QAD;Main Vein System;MAIN;46|47
6C963AD5;2;SBV;Main Vein System;MAIN;47
6CB4403D;1;QCC;Black Pine;MAIN;86
6CECEFCE;1;QSF;Galat Sufar South;MAIN;70|74
6D346AFB;1;QSF;Marmato;MAIN;70
6D87A0E5;1;QSF;Aurora;MAIN;43
6D8E33BD;1;QSF;Cumeral;MAIN;39
6E16B515;1;QCC;Shasta;MAIN;57|58|59
6E16F01D;1;QCC;TOP Property;MAIN;29
6E501DDB;1;QCC;VOK;MAIN;68
6E501DDB;2;SHV;VOK;MAIN;68
6E502911;1;SHV;Emperor Structure;MAIN;63
6E7DDC6E;1;QCC;Golden Quarry;MAIN;30
6E82CE59;1;AUR;Coriorcco Dome Structure;MAIN;28
6E82CE59;2;QCC;Coriorcco Dome Structure;MAIN;28
6E82CE59;3;QAD;Coriorcco Dome Structure;MAIN;28
6E942704;1;QCC;KOR 1;MAIN;27|32|34|36|41|47
6E942704;2;EXT;KOR 1;MAIN;32|41
6ED5104E;1;QSF;Fenix Gold Project;MAIN;107|108|110
6EC4ACB7;1;QSF;Wilding Lake Project;MAIN;43|46|57
6EC4ACB7;2;FLT;Wilding Lake Project;MAIN;40|42|44|46|57
6EC4ACB7;3;EXT;Wilding Lake Project;MAIN;40|42|44|46|57|84
6EC4ACB7;4;SHV;Wilding Lake Project;MAIN;44|46
6EF21E5F;1;QSF;Silver Strand Mine;MAIN;43|44|46
6F1EAECB;1;QCC;Discovery Zone;MAIN;28|30
6F37CB4D;1;QSF;La Lechoza;MAIN;26
6F263B8C;1;QSF;Pueblo Viejo;MAIN;55|60|65
6F6983AD;1;QCC;Orchid Property;MAIN;29
6F6983AD;2;QSF;Orchid Property;MAIN;26
6FCE1E91;1;MUL;Efemçukuru;MAIN;43|48|49
6F803A71;1;QCC;DFC Property;MAIN;43|44|50
6F803A71;2;AUR;DFC Property;MAIN;43|44|45
6FDE0CD4;1;SHV;Pau-a-Pique;MAIN;82
6FDE0CD4;2;EXT;Pau-a-Pique;MAIN;82
6FDE0CD4;3;QCC;Pau-a-Pique;MAIN;82
6F797466;1;QSF;Irumafimpa-Kora;MAIN;43
6F797466;2;TLD;Irumafimpa-Kora;MAIN;43|48
6F797466;3;MUL;Irumafimpa-Kora;MAIN;45
7042B5F0;1;AUR;MAX Property;MAIN;21
6FE7B7E3;1;QCC;Dawson;MAIN;68
7045746B;1;AUR;NICO;MAIN;60
7045746B;2;SUV;NICO;MAIN;62
70516B64;1;FLT;West Block;MAIN;26
70516B64;2;SHV;West Block;MAIN;26
7079C5CB;1;QAD;Tonopah;MAIN;76|80|82
7199208F;1;AUR;Meridiano;MAIN;24
70E92E58;1;QCC;Madison;MAIN;49
70E92E58;2;QSF;Madison;MAIN;49|61
70E92E58;3;AUR;Madison;MAIN;57|61
71ABDEC2;1;QAD;Kamila;MAIN;54
7194BFDB;1;QSF;MacLellan;MAIN;71|74|76
7194BFDB;2;QCC;MacLellan;MAIN;73|76
7194BFDB;3;SKV;MacLellan;MAIN;73|76
721EA7D6;1;QCC;Abernethy Gold zone;MAIN;13|17
7295F857;1;AUR;Baner Project;MAIN;33
72035F13;1;QCC;Mojave Project;MAIN;67|69|70|71|72|73
7345F381;1;QSF;La Pantera;MAIN;38
72AD01B7;1;AUR;New Liberty;MAIN;44
73BEE998;1;QCC;Porphyry Pearl;MAIN;17|19
736B8DCE;1;QFV;Lindero Deposit;MAIN;64
736B8DCE;2;MGV;Lindero Deposit;MAIN;65
736B8DCE;4;QSF;Lindero Deposit;MAIN;65
736B8DCE;6;SUV;Lindero Deposit;MAIN;65
736B8DCE;7;SBV;Lindero Deposit;MAIN;65
741DEC50;1;AUR;Kodadu;MAIN;33|35
74160946;1;QCC;La Colorada;MAIN;52
7430AD35;1;QCC;Molejón;MAIN;43|44
742E71CF;1;QSF;Marmato;MAIN;43
7474419A;1;QSF;Galat Sufar South;MAIN;70|74
7467B2E4;1;QCC;Band-Ore Main Zone;MAIN;57|61
74A88EBD;1;AUR;Proximal Zone;MAIN;41|44|47
75390303;1;QSF;Cam Gloria;MAIN;26
74AD655C;1;QSF;Brussels Creek;MAIN;30
74AD655C;2;QCC;Brussels Creek;MAIN;30
74AD655C;3;QFV;Brussels Creek;MAIN;30
75A506A6;1;QCC;Springpole;MAIN;47
75A506A6;2;QAD;Springpole;MAIN;47
75A54902;1;QCC;KOR 1;MAIN;24|26|29|31|37
75DEA518;1;AUR;Veta;MAIN;24
75AE4F86;1;QSF;Hope Brook;MAIN;77|81
75AE4F86;2;TLD;Hope Brook;MAIN;81
7605DAFA;1;AUR;Canadian Malartic deposit;MAIN;91
765E38A5;1;QSF;Altan Nar;MAIN;20
76888524;1;QAD;Talapoosa;MAIN;49
76888524;2;MUL;Talapoosa;MAIN;50
76A90D27;1;QSF;Cook Gold Property;MAIN;38|41
76A90D27;2;QCC;Cook Gold Property;MAIN;41
76E2842D;1;ALS;Pimenton Mine;MAIN;35
76E2842D;2;QSF;Pimenton Mine;MAIN;37
76E2842D;3;MGV;Pimenton Mine;MAIN;37
7713CC7D;1;QSF;Sapuchi;MAIN;62
7713CC7D;2;QCC;Sapuchi;MAIN;62
76EB0070;1;QSF;Metates;MAIN;59
7733E88F;1;QSF;El Padre Vein;MAIN;14|15
7733E88F;2;MUL;El Padre Vein;MAIN;14|15
775BE7F3;1;QSF;Shahumyan;MAIN;74
775BE7F3;2;EXT;Shahumyan;MAIN;74|78
775BE7F3;3;AUR;Shahumyan;MAIN;74
775BE7F3;4;CAV;Shahumyan;MAIN;74
7789771B;1;QAD;WKP;MAIN;41|42|49
7789771B;2;FLT;WKP;MAIN;37
7789771B;3;EXT;WKP;MAIN;37
7789771B;4;SHV;WKP;MAIN;37|41
7789771B;5;MUL;WKP;MAIN;37|49
77B1E514;1;QSF;Segovia;MAIN;23
77B1E514;2;QCC;Segovia;MAIN;23
77B19511;1;QSF;Komahun;MAIN;60|61|64
77B57ACF;1;QCC;Fondewa Showing;MAIN;32|35
77DED429;1;QCC;Saddle;MAIN;47|48
77DED429;2;QSF;Saddle;MAIN;48
7882B488;1;QSF;Costerfield;MAIN;64|65
7882B488;2;QCC;Costerfield;MAIN;64|65
7882B488;3;SHV;Costerfield;MAIN;61|64
79069A54;1;QSF;Blue Hawk;MAIN;14
78B2817B;1;QSF;Mineral Gulch;MAIN;23
78D217BB;1;QAD;Veta Norte;MAIN;29|36
7952CA6F;1;QSF;Balabag;MAIN;21
7952CA6F;2;AUR;Balabag;MAIN;21
7952CA6F;3;MUL;Balabag;MAIN;19
7976B11C;1;QCC;Ixtaca Zone;MAIN;47|52|55
7976B11C;2;QAD;Ixtaca Zone;MAIN;48
79A54362;1;QSF;Middle Zone;MAIN;56|57
79A54362;2;MGV;Middle Zone;MAIN;56|57
79A54362;3;SBV;Middle Zone;MAIN;57
79A54362;4;QCC;Middle Zone;MAIN;57
79F46C5E;1;QSF;Choquelimpie;MAIN;32|33
7A9C17B7;1;QCC;Wona;MAIN;8|9
7B12B6D6;1;SHV;Santa Barbara;MAIN;64
7B12B6D6;2;QSF;Santa Barbara;MAIN;64
7B0B22D9;1;MGV;Whistler Deposit;MAIN;93|94
7B0B22D9;2;QSF;Whistler Deposit;MAIN;93|94|95
7B0B22D9;3;QCC;Whistler Deposit;MAIN;97|99
7B0B22D9;4;CAV;Whistler Deposit;MAIN;93|98
7B0B22D9;5;SBV;Whistler Deposit;MAIN;93|96
7BAA9DC7;1;QCC;Rollo Property;MAIN;16|19
7BC29BD7;1;QCC;Brandywine Property;MAIN;52
7BC29BD7;2;QSF;Brandywine Property;MAIN;61
7B544DC2;1;QSF;Pinaya;MAIN;37
7B544DC2;2;AUR;Pinaya;MAIN;37
7C226598;1;SBV;Ranch Area;MAIN;126|140|141|151
7C53DC18;1;QSF;Peak;MAIN;80|81
7C7614EB;1;QCC;Monarch Gold Zone;MAIN;55|62|63|64
7C7614EB;2;MUL;Monarch Gold Zone;MAIN;55|62|64
7C752E89;1;QSF;Ekuzya;MAIN;74
7C9D9F6B;1;QSF;Orion Area;MAIN;63|65|88
7C9D9F6B;2;QCC;Orion Area;MAIN;65|90
7CCAFFB3;1;QAD;Quartz Mountain;MAIN;65
7DA85DEE;1;QSF;Savant East Property;MAIN;30|31
7D61A709;1;QSF;Marmato;MAIN;51|53
7CD1FACF;1;SBV;Ranch Property;MAIN;79|81
7DF55301;1;QCC;Gold Zone;MAIN;35
7DF55301;2;QSF;Gold Zone;MAIN;36
7DF55301;3;EXT;Gold Zone;MAIN;36
7E2376E4;1;QSF;Marjan;MAIN;23
7E2376E4;2;SBV;Marjan;MAIN;23
7DFBFCAD;1;AUR;Golden Eagle;MAIN;35|36
7E3FEB28;1;QAD;Moss Vein;MAIN;49|61
7E59D2D6;1;QCC;Century deposit;MAIN;47
7EE860C1;1;QSF;La Cumbre;MAIN;45|50
7EE860C1;2;AUR;La Cumbre;MAIN;55|57|60
7E659E4B;1;QCC;Plutonic;MAIN;46
7E659E4B;2;SKV;Plutonic;MAIN;46
7E659E4B;3;QSF;Plutonic;MAIN;52
7EEADDDA;1;QCC;Afric Zone;MAIN;36
7EEADDDA;2;MUL;Afric Zone;MAIN;36
7F1151C0;1;SHV;Beta Hunt Gold;MAIN;48
7F1151C0;2;EXT;Beta Hunt Gold;MAIN;48|49
7F916955;1;AUR;Pampas El Peñon;MAIN;43|49|58
7F5D7798;1;QCC;Moss deposit;MAIN;87|89|98
7F5F340C;1;QCC;Purisima;MAIN;35
7F8FA36B;1;QSF;Eskay Creek;MAIN;126|131|132
7F8FA36B;2;CAV;Eskay Creek;MAIN;128
7F93CE1C;1;QCC;Dawson;MAIN;76|87
7FD0C78A;1;QSF;Mineral Creek Zone;MAIN;64
7FD0C78A;2;QCC;Mineral Creek Zone;MAIN;95
7FB053BF;1;AUR;Macassa Mine;MAIN;30
80B1242C;1;QSF;Cape Ray Gold Deposits;MAIN;56|60|61
80B1242C;2;FLT;Cape Ray Gold Deposits;MAIN;60|61
8121C61A;1;QSF;Sakami property;MAIN;35
8105D304;1;QCC;Box Mine;MAIN;65
8105D304;2;QSF;Box Mine;MAIN;65|69
8105D304;3;SHV;Box Mine;MAIN;65
8105D304;4;EXT;Box Mine;MAIN;65
812F1AC6;1;QSF;Pinion;MAIN;81
812F1AC6;2;AUR;Pinion;MAIN;81
8185B422;1;QSF;T'Boli;MAIN;28
8185B422;2;QCC;T'Boli;MAIN;28
81B1F86D;1;QCC;Quesnel Quartz deposit;MAIN;33
8217F93E;1;QSF;Main Zone;MAIN;32
8217F93E;2;QCC;Main Zone;MAIN;32
81BE4816;1;QSF;Tocantinzinho;MAIN;60|62
81BE4816;2;QFV;Tocantinzinho;MAIN;65
82AFF125;1;QCC;Barry deposit;MAIN;68|69
82AFF125;2;EXT;Barry deposit;MAIN;68
82B83FEC;1;QSF;San Albino;MAIN;58
82B83FEC;2;SHV;San Albino;MAIN;56|58|61
82B83FEC;3;EXT;San Albino;MAIN;58
82DD5D31;1;QSF;Goldlund deposit;MAIN;50
825D75FE;1;QSF;Ana Paula;MAIN;62
825D75FE;2;QCC;Ana Paula;MAIN;62|64
82F8C84D;1;QSF;Cerro Caliche Project;MAIN;67|68|78
836151F3;1;QCC;Relief Canyon;MAIN;76|83
836151F3;2;QSF;Relief Canyon;MAIN;78
836151F3;3;QAD;Relief Canyon;MAIN;79|81|83
836151F3;4;SHV;Relief Canyon;MAIN;80
836151F3;5;SBV;Relief Canyon;MAIN;81
836151F3;6;CAV;Relief Canyon;MAIN;81
838626FA;1;QSF;Doratha Morton gold trend;MAIN;124|138|146
838E080A;1;QCC;Forest Hill;MAIN;16|20
838C0B90;1;AUR;Tucumã Project;MAIN;43
838C0B90;2;MUL;Tucumã Project;MAIN;51
838C0B90;3;QCC;Tucumã Project;MAIN;51
839D9A8B;1;QSF;El Jabali;MAIN;26
839D9A8B;2;TLD;El Jabali;MAIN;26
83DF999C;1;QCC;Discovery Zone;MAIN;31
848FB5BD;1;QSF;Nucleus Deposit;MAIN;28
8428B020;1;QSF;Savant East Property;MAIN;31|32
8428B020;2;SHV;Savant East Property;MAIN;31|32
8428B020;3;QCC;Savant East Property;MAIN;35
84B3E98C;1;AUR;Carmen Deposit;MAIN;26|27
84BD15A7;1;QCC;Magino Mine;MAIN;65|74
84D82433;1;QCC;Gosselin Zone;MAIN;28
84D984F8;1;AUR;Lazy Man gold zone;MAIN;27
84ED7386;1;QCC;Gold Zone;MAIN;35
84ED7386;2;QSF;Gold Zone;MAIN;36
8549D7B0;1;QCC;Eau Claire;MAIN;47|51
851FDFB7;1;QSF;Gold Mountain Zone;MAIN;32|37
851FDFB7;2;QTU;Gold Mountain Zone;MAIN;36
853EBBCC;1;QSF;Gravel Creek;MAIN;76|77
853EBBCC;2;QAD;Gravel Creek;MAIN;77
853EBBCC;3;FLT;Gravel Creek;MAIN;71
85558EDB;1;QSF;Trieste prospect;MAIN;22
85558EDB;2;SKV;Trieste prospect;MAIN;15
85558EDB;3;AUR;Trieste prospect;MAIN;10|21
85558EDB;4;QFV;Trieste prospect;MAIN;18
85C66DF7;1;AUR;BYP Gold Deposit;MAIN;33
865E1CB5;1;QCC;Altered Zone;MAIN;20
865E1CB5;2;FLT;Altered Zone;MAIN;20
8621F90E;1;QSF;Purisima Vein;MAIN;19|23|24|32
856BBAD2;1;QSF;Hot Maden;MAIN;34|44|45
856BBAD2;2;QCC;Hot Maden;MAIN;34|44
868DDC4C;1;QSF;Santa Barbara;MAIN;47
866A5693;1;QCC;Capitan Hill;MAIN;63
8697519C;1;QAD;Moss Mine;MAIN;30|32|36
86A658C1;1;QSF;Little Bear Lake Vein System;MAIN;20
86C8BAEC;1;QCC;Tangier;MAIN;18
86B5E732;1;QSF;Fisher showing;MAIN;27
86AC155E;1;QSF;Ana Paula;MAIN;63
86AC155E;2;QCC;Ana Paula;MAIN;63
86AC155E;3;QAD;Ana Paula;MAIN;73
86AC155E;4;SKV;Ana Paula;MAIN;73
87288A9D;1;QSF;Cape Ray Gold Deposits;MAIN;64
87288A9D;2;FLT;Cape Ray Gold Deposits;MAIN;64|65
874845C1;1;AUR;Duparquet deposit;MAIN;65
874845C1;2;QCC;Duparquet deposit;MAIN;65|72
879DD034;1;QSF;Kışladağ;MAIN;45
878C2FBC;1;QSF;Santana Project;MAIN;57
878C2FBC;2;QTU;Santana Project;MAIN;58
878C2FBC;3;MGV;Santana Project;MAIN;71
878C2FBC;4;CAV;Santana Project;MAIN;71
87A6200F;1;QCC;Aureus East;MAIN;22
87D13C27;1;QSF;Gold Mountain Zone;MAIN;41|42|43
87FB934D;1;QSF;Kana Zone;MAIN;22
87FB934D;2;QCC;Kana Zone;MAIN;23|26
887E0F8D;1;QAD;Tuscarora Project;MAIN;29
887E0F8D;2;QCC;Tuscarora Project;MAIN;29
887EB5BB;1;QCC;Storm Lake;MAIN;35|37
888229A6;1;QCC;Lake Ménarik;MAIN;27|45|50|53|54|55|56|60
888822CC;1;QSF;Arista Mine;MAIN;67
888822CC;2;QAD;Arista Mine;MAIN;68|72
888822CC;3;QCC;Arista Mine;MAIN;69
8926B51F;1;QSF;Shahuindo;MAIN;52
8926B51F;2;SUV;Shahuindo;MAIN;52
895584D3;1;QSF;Serra Alta;MAIN;74|79
895584D3;2;QCC;Serra Alta;MAIN;74|79
89309DB0;1;QAD;DeLamar;MAIN;62|63|66
89B29592;1;QCC;Douay;MAIN;44|45
89B29592;2;EXT;Douay;MAIN;42
89F4FDD3;1;QCC;La Colorada Project;MAIN;57|64
8A073FC1;1;QSF;Kutuvuoma;MAIN;66
8A073FC1;2;MUL;Kutuvuoma;MAIN;88
8A073FC1;3;QCC;Kutuvuoma;MAIN;88
89EBE7D2;1;CAV;Mexican Hat;MAIN;64
89EBE7D2;2;QAD;Mexican Hat;MAIN;64
8A0DD338;1;AUR;Artsiv;MAIN;38
8A82DEDB;1;QSF;Gold Mountain Zone;MAIN;39|40
8A3925A0;1;QCC;Windfall Lake deposit;MAIN;38|40
8A3CCFCE;1;QCC;Filippini;MAIN;58
8AE5C555;1;QAD;Talapoosa;MAIN;49
8A98FCB5;1;QCC;Central Zone;MAIN;39
8A98FCB5;2;QSF;Central Zone;MAIN;39|41
8AA70A32;1;QAD;La Corizona;MAIN;47
8AF87042;1;QSF;Horne 5 deposit;MAIN;138
8B2C27D6;1;QSF;Windfall deposit;MAIN;108
8B2C27D6;2;QCC;Windfall deposit;MAIN;108
8B24B9C6;1;QSF;Lawyers Trend;MAIN;113|114|115|116|119|120
8B24B9C6;2;MUL;Lawyers Trend;MAIN;115
8B4E307B;1;QSF;Kenyon Creek;MAIN;28|31|32
8B96A8A0;1;QSF;Macraes;MAIN;59
8B96A8A0;2;SHV;Macraes;MAIN;59
8B46F809;1;QSF;Batoto-Tarale;MAIN;44|45
8BA5C748;1;QSF;Miraflores;MAIN;56|59
8BD95C32;1;QAD;Martha;MAIN;39|40
8BCC9E30;1;AUR;Gold Trend;MAIN;32|34
8BFF76BE;1;QCC;Golden Trail Vein;MAIN;18|20
8BF35A1C;1;QAD;Era Dorada;MAIN;83|93
8BF35A1C;2;QCC;Era Dorada;MAIN;84|93
8C28A9E8;1;QCC;Tyranite;MAIN;36
8C26759F;1;QSF;Chelopech;MAIN;50|51|52
8C41976D;1;QSF;Chanape;MAIN;37|38
8C2A9C89;1;QSF;Cerro Caliche;MAIN;67|68|73
8C2A9C89;2;QCC;Cerro Caliche;MAIN;68
8C7D7396;1;QSF;Skukum Creek;MAIN;68|73|74
8CA68915;1;QSF;El Bagre;MAIN;53
8C7465A2;1;QSF;Sullivan;MAIN;77
8D04BFDA;1;QSF;Segovia Project;MAIN;44
8D0EC46C;1;QCC;Aubelle;MAIN;7
8D377B5C;1;QSF;Cerro Colorado;MAIN;32
8D3EDD49;1;QSF;Marmato;MAIN;54|57
8D533FB9;1;QSF;Yanamina;MAIN;64|65|67
8DC40D19;1;QCC;Yard;MAIN;19|22|29
8DC40D19;2;MUL;Yard;MAIN;31
8DAA4805;1;QCC;Sonora Gold Property;MAIN;32|33
8DF50778;1;QSF;Westwood Mine;MAIN;63|65|66|67
8E8B1B5D;1;QSF;Coringa;MAIN;42
8E31A1BB;1;QSF;Purdex Zone;MAIN;59|62
8E1106E8;1;QCC;Fekola;MAIN;102
8E1106E8;2;QSF;Fekola;MAIN;102
8EA29065;1;SUV;Cerro Quema;MAIN;31
8EE19B2A;1;AUR;Cieneguita Breccia;MAIN;31
8EFE34C6;1;QCC;Dalny Mine Complex;MAIN;27|30
8EFE34C6;2;EXT;Dalny Mine Complex;MAIN;29
8F5D7E31;1;AUR;Rama de Oro;MAIN;19|20
8F0A693C;1;QSF;Champ Property;MAIN;18
8F0A693C;2;QCC;Champ Property;MAIN;21
8F19E615;1;AUR;AurMac;MAIN;59
8F19E615;2;QSF;AurMac;MAIN;54|60|63
8F19E615;3;QCC;AurMac;MAIN;54|61|63
8F690FC3;1;QSF;Rainy River;MAIN;67|68|70
8F690FC3;2;QCC;Rainy River;MAIN;68
8F690FC3;3;SHV;Rainy River;MAIN;68
8F690FC3;4;EXT;Rainy River;MAIN;68
8F73FD4E;1;QSF;Ernesto-Lavrinha;MAIN;51|52|54
8FF118DD;1;QAD;Hayden Hill;MAIN;39
8FF118DD;2;AUR;Hayden Hill;MAIN;39
901FC988;1;QSF;Yellow Giant;MAIN;50|51
901FC988;2;QCC;Yellow Giant;MAIN;49
90334E1D;1;QCC;Terrace Bay Batholith Mineralization;MAIN;34
90334E1D;2;QSF;Terrace Bay Batholith Mineralization;MAIN;35|36|39
908D8A5C;1;QSF;Marston Showings;MAIN;44|45
908D8A5C;2;QCC;Marston Showings;MAIN;46
903FBAE5;1;AUR;Bald Hill;MAIN;13
903FBAE5;2;QSF;Bald Hill;MAIN;13|15
9086B2E3;1;QCC;Bug Lake Trend;MAIN;20|27
9097343C;1;AUR;A1 Zone;MAIN;23|25
90DB8682;1;QSF;Golden Gap;MAIN;52
910DFB96;1;QAD;Sleeper;MAIN;50
9131D107;1;QAD;San Rafael Vein;MAIN;139
91787FD4;1;AUR;Foggy Mountain;MAIN;31|36
91787FD4;2;SBV;Foggy Mountain;MAIN;31|36
918E6CC8;1;AUR;Main Stripped area;MAIN;24
91E55002;1;QCC;Chevrier Deposits;MAIN;62|63|70
91D90DE5;1;QSF;Barsele Central;MAIN;61
91D90DE5;2;QCC;Barsele Central;MAIN;57|59
91FC9F22;1;QAD;Mt. Skukum;MAIN;62
91FC9F22;2;QCC;Mt. Skukum;MAIN;54|56
9209B424;1;QAD;Moss Vein;MAIN;45|47|56
9221ECA1;1;AUR;Holly;MAIN;31|32
9221ECA1;2;MGV;Holly;MAIN;31
92C6BBC5;1;QCC;PC Property;MAIN;23
92603BA3;1;QCC;Coneto Vein System;MAIN;5|33|34
92CDEC55;1;QCC;Frasergold;MAIN;35
931DC7FD;1;QCC;Appleton Fault Zone;MAIN;67|72|76
931DC7FD;2;FLT;Appleton Fault Zone;MAIN;72|100
931DC7FD;3;EXT;Appleton Fault Zone;MAIN;72|76|79|100
931DC7FD;4;SHV;Appleton Fault Zone;MAIN;79
932A04D2;1;QAD;Ada Tepe;MAIN;35
932A04D2;2;CAV;Ada Tepe;MAIN;36
9371E8F1;1;QAD;East Manhattan Wash Project;MAIN;28
9371E8F1;2;QCC;East Manhattan Wash Project;MAIN;28
9416D2E5;1;QSF;Discovery Zone;MAIN;38
944E9D52;1;QCC;Moss Vein;MAIN;69|75
9379C21C;1;QAD;Martha Vein System;MAIN;49|51|52
94649BA7;1;QSF;Los Socavones;MAIN;89
94649BA7;2;AUR;Los Socavones;MAIN;90
94A56812;1;QCC;Saramacca;MAIN;34|36
9498BE30;1;QSF;San Ramon deposit;MAIN;69
9498BE30;2;QCC;San Ramon deposit;MAIN;71|74
9466C285;1;QSF;Hasbrouck;MAIN;77|79
94D3DF7C;1;QAD;Bayan Khundii;MAIN;71|72|73|76
94D3DF7C;2;MGV;Bayan Khundii;MAIN;71|72
94D3DF7C;3;MUL;Bayan Khundii;MAIN;71|73
95D14B1D;1;QCC;Montgomery-Shoshone;MAIN;53|56|57
954DAE77;1;SHV;Beta Hunt Gold;MAIN;63|64
954DAE77;2;EXT;Beta Hunt Gold;MAIN;63|64
96AAABAF;1;QSF;Guia Antigua Vein;MAIN;27|34
95FA8F80;1;QAD;Gold Springs;MAIN;29|37|48|50
96CA3496;1;QSF;Mckenzie Project;MAIN;51|52|60
96CA3496;2;QCC;Mckenzie Project;MAIN;51|54
971B188C;1;AUR;Gold Strike One;MAIN;52|54
96FAD01B;1;QSF;Rainy River Gold Project;MAIN;150|151|155|158
96FAD01B;2;QCC;Rainy River Gold Project;MAIN;143|144|145|150|155
9743F69A;1;QAD;Severance;MAIN;49
97373D90;1;QSF;Cap Oeste;MAIN;61
97373D90;2;QAD;Cap Oeste;MAIN;62
97373D90;3;QCC;Cap Oeste;MAIN;62
9766AFC9;1;QSF;Main Tut;MAIN;36|37
981EE4F8;1;QCC;Klaza Property;MAIN;45|46
981EE4F8;2;QSF;Klaza Property;MAIN;45|46
97BFF152;1;QAD;Las Cucharas district;MAIN;22|23
97BFF152;2;QSF;Las Cucharas district;MAIN;30
98584244;1;QCC;Siembra Minera;MAIN;65|67|68
98584244;2;QSF;Siembra Minera;MAIN;68|69|70
98243789;1;QSF;Salares Norte;MAIN;41|44
9885A53C;1;QSF;Red Mountain;MAIN;55|56
988CE8CC;1;AUR;Marigold;MAIN;75
98E64E92;1;QSF;Sullivan;MAIN;100
99108087;1;QCC;Vein 49/Nelson;MAIN;68|69
99108087;2;QAD;Vein 49/Nelson;MAIN;72|73
99108087;3;QSF;Vein 49/Nelson;MAIN;70
99108087;4;MUL;Vein 49/Nelson;MAIN;68|70
991548CF;1;QCC;Royal Shear Trend;MAIN;49|52|69
991548CF;2;EXT;Royal Shear Trend;MAIN;49|68|69
991548CF;3;QSF;Royal Shear Trend;MAIN;68|69|86
991548CF;4;SHV;Royal Shear Trend;MAIN;68
991548CF;5;AUR;Royal Shear Trend;MAIN;40|69
99321C11;1;QAD;Ixtaca Zone;MAIN;24|25|29
99321C11;2;QCC;Ixtaca Zone;MAIN;24|26|28
99321C11;3;CAV;Ixtaca Zone;MAIN;26
994CBC19;1;QAD;El Gallo Silver;MAIN;65
99639A23;1;QSF;Dolores and La Pinta veins;MAIN;15
9964DED6;1;QCC;El Capitan;MAIN;35
99825DA4;1;SHV;Santa Barbara;MAIN;64
99825DA4;2;EXT;Santa Barbara;MAIN;63|64
9992886D;1;QSF;Bonanza Mine;MAIN;53|54|59
9992886D;2;QCC;Bonanza Mine;MAIN;56|57|59
999A0EC9;1;AUR;Callejón Blanco;MAIN;60
999A0EC9;2;QSF;Callejón Blanco;MAIN;60
999A0EC9;3;QFV;Callejón Blanco;MAIN;60
99A0E8D1;1;QCC;Martinière;MAIN;25|26|29
99A0E8D1;2;QTU;Martinière;MAIN;26
99A0E8D1;3;CAV;Martinière;MAIN;26
99AE924C;1;QAD;Dynasty Goldfield;MAIN;28
99AE924C;2;QCC;Dynasty Goldfield;MAIN;29|33
99AE924C;3;QSF;Dynasty Goldfield;MAIN;29
9A17D4CB;1;QSF;Moore Creek stock;MAIN;12
99F923ED;1;QSF;MC Property;MAIN;31|32
99F923ED;2;QCC;MC Property;MAIN;31|32|65|74|93
9AB7BDA1;1;SHV;Valley-Gracie;MAIN;24
9AB7BDA1;2;QSF;Valley-Gracie;MAIN;25
9A73F19F;1;QSF;SMG deposit;MAIN;51
9A73F19F;2;QCC;SMG deposit;MAIN;50|51|52
9A63E470;1;QSF;Rovina;MAIN;89|90
9A63E470;2;QCC;Rovina;MAIN;90
9AAD1A41;1;QSF;Rainy River Deposit;MAIN;127|128
9AAD1A41;2;QCC;Rainy River Deposit;MAIN;127|132
9ABE0328;1;AUR;Da Tambuk;MAIN;51|53
9ACF283D;1;QCC;Tower Mountain;MAIN;45|52|53
9ACF283D;2;MUL;Tower Mountain;MAIN;45|53|54
9AE6550A;1;QSF;Golden Triangle;MAIN;51|58
9AE6550A;2;QCC;Golden Triangle;MAIN;68
9B0D9737;1;QAD;Soledad Mountain;MAIN;65|68
9B0D9737;2;MUL;Soledad Mountain;MAIN;65|66
9B0D9737;3;SHV;Soledad Mountain;MAIN;65|66
9B64993B;1;SHV;Atlanta lode;MAIN;41|42|46
9B64993B;2;EXT;Atlanta lode;MAIN;41|42|45
9BCE0668;1;SHV;Tibiti;MAIN;38|54|69|72
9BCE0668;2;EXT;Tibiti;MAIN;38
9BCE0668;3;QSF;Tibiti;MAIN;68|69
9B973D75;1;QCC;Golden Valley Mine;MAIN;24
9B2A4F5F;1;AUR;Goldstrike;MAIN;41
9B2A4F5F;2;CAV;Goldstrike;MAIN;41|42|43|45
9B2A4F5F;3;SBV;Goldstrike;MAIN;43|45
9BD494B8;1;QSF;Troilus;MAIN;51
9BD494B8;2;TLD;Troilus;MAIN;52
9C78F356;1;QSF;Red Mountain;MAIN;46
9C20B324;1;AUR;McConnell's Jest;MAIN;28
9C20B324;2;QSF;McConnell's Jest;MAIN;28|29
9C8CE426;1;QSF;La India;MAIN;48
9C946A57;1;QSF;Paddy Mac;MAIN;12
9CEBD570;1;AUR;Mot showing;MAIN;22
9CEBD570;2;QCC;Mot showing;MAIN;22
9CEBD570;3;QSF;Mot showing;MAIN;22
9CEC3FEF;1;QSF;Kellyn;MAIN;16
9CEC3FEF;2;QCC;Kellyn;MAIN;16
9CED3A77;1;QSF;Hasbrouck Mine;MAIN;83|84
9CED3A77;2;AUR;Hasbrouck Mine;MAIN;84
9CF86DBD;1;QSF;Cieneguita Breccia;MAIN;44|46|47
9CF03034;1;QSF;Homestake Ridge;MAIN;53
9CF03034;2;QCC;Homestake Ridge;MAIN;55
9CF03034;3;AUR;Homestake Ridge;MAIN;55
9D1C3373;1;AUR;Bonanza Property Iron Formation;MAIN;29|30
9D39AFC7;1;AUR;Millennium;MAIN;55
9D39AFC7;2;CAV;Millennium;MAIN;55
9D39AFC7;3;MGV;Millennium;MAIN;55
9D6DD407;1;QSF;Coleman-Lucky Shot;MAIN;49|50
9D6DD407;2;QCC;Coleman-Lucky Shot;MAIN;57
9DB5CC19;1;QCC;La Colorada;MAIN;36
9DD802ED;1;QCC;Central Deposit;MAIN;57|59
9DFAB4B6;1;SBV;Orofino Pit;MAIN;13
9E495655;1;QSF;Irumafimpa-Kora;MAIN;60|61
9E495655;2;TLD;Irumafimpa-Kora;MAIN;60|61
9E5AAC6D;1;QSF;Mt. Hinton Vein System;MAIN;45
9E8814D7;1;AUR;Horne 5 deposit;MAIN;114
9E8814D7;2;QSF;Horne 5 deposit;MAIN;124
9EC0EC00;1;QSF;Abu Marawat;MAIN;39
9E8E97E4;1;QSF;Guanaco;MAIN;106
9E8BCA09;1;QCC;Goldstorm;MAIN;56|60
9E8BCA09;2;AUR;Goldstorm;MAIN;60
9E8BCA09;3;QSF;Goldstorm;MAIN;60|63
9EC2F63B;1;QSF;Pine Tree - Josephine;MAIN;71
9EC2F63B;2;QCC;Pine Tree - Josephine;MAIN;71
9EC2F63B;3;FLT;Pine Tree - Josephine;MAIN;73
9EC2F63B;4;EXT;Pine Tree - Josephine;MAIN;73
9EE4F0AD;1;AUR;Fort Knox;MAIN;39
9EE4F0AD;3;QAD;Fort Knox;MAIN;39
9F0738E8;1;QSF;Géant Dormant;MAIN;39|41
9F02121D;1;QSF;Eastmain Gold Deposit;MAIN;49|51
9F40FA31;1;QSF;Corcoesto;MAIN;43|49
9F9213EF;1;SHV;Groete Deposit;MAIN;23
9F9213EF;2;MUL;Groete Deposit;MAIN;23
9F928982;1;QCC;Enterprise;MAIN;79
9FB6DEBF;1;QSF;Kidney Pond;MAIN;54|55
9FB6DEBF;2;QCC;Kidney Pond;MAIN;54|55
9FD82801;1;QSF;Harry Property;MAIN;29
9FCABAA5;1;QSF;AurMac;MAIN;84|87
9FCABAA5;2;PMV;AurMac;MAIN;87
9FCABAA5;3;SHV;AurMac;MAIN;88
A05E7735;1;QSF;Eagle Zone;MAIN;65|75
A0CF1AAF;1;QSF;Kora Consolidated;MAIN;52
A0CF1AAF;2;TLD;Kora Consolidated;MAIN;52
A080DDCA;1;AUR;La Lajita;MAIN;26|30
A080DDCA;2;QCC;La Lajita;MAIN;30
A080DDCA;3;MUL;La Lajita;MAIN;31
A07C0673;1;QAD;Cerro Moro;MAIN;53|55|59
A07C0673;2;QSF;Cerro Moro;MAIN;53|55
A0C44F24;1;QAD;Winston Project;MAIN;55|60|61
A0C44F24;2;QCC;Winston Project;MAIN;52|55|60|61
A0D4212A;1;QSF;Caspiche Porphyry;MAIN;121|122|123
A109621A;1;EXT;Akasaba;MAIN;30
A109621A;2;QCC;Akasaba;MAIN;30|33|34
A1609955;1;QCC;Grey Eagle;MAIN;37|52|55
A1609955;2;QAD;Grey Eagle;MAIN;37
A12CD771;1;QSF;Kalum Property;MAIN;32|33|35
A12CD771;2;AUR;Kalum Property;MAIN;34
A12CD771;3;SHV;Kalum Property;MAIN;36|37
A12CD771;4;QCC;Kalum Property;MAIN;40|41
A1646878;1;QTU;Troilus;MAIN;45
A1646878;2;TLD;Troilus;MAIN;45
A1646878;3;QSF;Troilus;MAIN;49
A18A00BF;1;QCC;West Porphyry;MAIN;15
A18A00BF;2;QSF;West Porphyry;MAIN;16|23
A18A00BF;3;CAV;West Porphyry;MAIN;16
A18A00BF;4;QTU;West Porphyry;MAIN;15
A1DFEC6E;1;QSF;Whistler Deposit;MAIN;54|55|57
A1DFEC6E;2;QCC;Whistler Deposit;MAIN;58|62
A1A34919;1;QCC;Friday Zone;MAIN;34|35|42
A1A34919;2;MUL;Friday Zone;MAIN;35
A2210302;1;QCC;Snip;MAIN;55
A2210302;2;SHV;Snip;MAIN;55
A2210302;3;EXT;Snip;MAIN;55
A229D1DC;1;QSF;Kebigada;MAIN;94|105
A26126C6;1;QSF;YJG;MAIN;23|24|26
A26126C6;2;QCC;YJG;MAIN;27
A2442CEA;1;QSF;Blackwater;MAIN;96
A2442CEA;2;AUR;Blackwater;MAIN;97
A256C18B;1;QAD;WKP Project;MAIN;24|33|34
A256C18B;2;MUL;WKP Project;MAIN;34
A256C18B;3;EXT;WKP Project;MAIN;36
A256C18B;4;FLT;WKP Project;MAIN;36
A261FE50;1;QSF;Up Town Gold;MAIN;24
A330B1DB;1;QAD;San Dimas;MAIN;38|39|40
A35E9957;1;QSF;Main Zone;MAIN;32
A35E9957;2;QCC;Main Zone;MAIN;32
A3373D1C;1;QCC;Selinsing;MAIN;73
A3B0117A;1;QCC;Trojan Block;MAIN;31|32|33|34|35
A3B806A7;1;AUR;Lagunas Norte;MAIN;57
A39C5FD2;1;QAD;Rimrock;MAIN;60
A3E7B696;1;QCC;Pershing-Manitou;MAIN;56
A3E7B696;2;EXT;Pershing-Manitou;MAIN;56|60
A42132DF;1;QSF;Portageur;MAIN;11
A3F8326C;1;SBV;Tan Chaffao Ouest;MAIN;38
A47DA0A3;1;QCC;San Martin;MAIN;24
A4588369;1;QCC;Gramalote Ridge;MAIN;68|70
A4588369;2;QSF;Gramalote Ridge;MAIN;68|70
A4BCF038;1;QCC;Beta Hunt Gold Deposits;MAIN;68|69
A4BCF038;2;SHV;Beta Hunt Gold Deposits;MAIN;59
A4BCF038;3;EXT;Beta Hunt Gold Deposits;MAIN;59|60
A47E6B0C;1;QAD;Balabag;MAIN;69
A47E6B0C;2;QSF;Balabag;MAIN;72|73
A4E81B5B;1;QSF;Camino Rojo;MAIN;81|82
A4E81B5B;2;QAD;Camino Rojo;MAIN;82
A513A308;1;QCC;McIntyre Brook showing;MAIN;29
A51E4747;1;MGV;Copperstone;MAIN;121|125
A51E4747;2;SBV;Copperstone;MAIN;124
A59AD199;1;AUR;Totoral Veins;MAIN;60
A5DD9BE2;1;QSF;Siwash North Zone;MAIN;57
A64BAD14;1;QSF;Wildcat Project;MAIN;53
A5829B76;1;QCC;El Castillo;MAIN;71|72
A6702E62;1;QCC;Golden Gate Hill;MAIN;57|58
A6702E62;2;SHV;Golden Gate Hill;MAIN;59
A6B57B4F;1;QSF;Romero;MAIN;62
A6B57B4F;2;QCC;Romero;MAIN;62
A653F562;1;QAD;Adelaide-Crown Vein System;MAIN;60|61
A6A6B7B5;1;QAD;Bayan Khundii;MAIN;37|38
A6A6B7B5;2;MGV;Bayan Khundii;MAIN;36|37
A6A6B7B5;3;MUL;Bayan Khundii;MAIN;37|38
A6E710D3;1;AUR;Dixie Gold Project;MAIN;67
A6E710D3;2;QSF;Dixie Gold Project;MAIN;67
A6FE5B24;1;QCC;Voskedzor;MAIN;69|70
A7348C1D;1;QAD;Quartz Mountain Project;MAIN;28
A6CBE6AE;1;QCC;Kerr-Addison;MAIN;70
A6CBE6AE;2;QSF;Kerr-Addison;MAIN;71
A6CBE6AE;3;MUL;Kerr-Addison;MAIN;70
A6CBE6AE;4;SKV;Kerr-Addison;MAIN;72
A77095D4;1;AUR;Carachapampa;MAIN;56|57|60|61
A783E0D5;1;QSF;Chelopech;MAIN;51|52
A7D133F3;1;QCC;Iron Lake Deformation Zone;MAIN;37|38|45
A7E535AC;1;QCC;Wasamac deposit;MAIN;107
A7EE216B;1;QAD;Rosario Vein;MAIN;36
A8069F64;1;QSF;Batman Deposit;MAIN;79
A8069F64;2;QCC;Batman Deposit;MAIN;79
A83A8580;1;QSF;Primavera;MAIN;37
A83B7DFF;1;QAD;DeLamar;MAIN;48|49|52
A8651DF0;1;QSF;Eastern Borosi Project;MAIN;41
A8651DF0;2;QCC;Eastern Borosi Project;MAIN;44
A85D4789;1;QSF;Cove;MAIN;54
A8ABFE19;1;QAD;Kencana;MAIN;36|38
A8ABFE19;2;QSF;Kencana;MAIN;36|38
A8ABFE19;3;QCC;Kencana;MAIN;35
A8DCC2A2;1;QSF;Independence;MAIN;41|44|47
A8DCC2A2;2;SHV;Independence;MAIN;41|44|47
A926ADC2;1;MUL;Lajitas;MAIN;22
A926ADC2;2;AUR;Lajitas;MAIN;22|32
A8F8F5C2;1;QCC;Windfall Lake;MAIN;5|39
A93AD1DB;1;QSF;Kavursuki;MAIN;26|27
A93AD1DB;2;TLD;Kavursuki;MAIN;26
A95A5CB5;1;MUL;Altan Nar;MAIN;21
A95A5CB5;2;QSF;Altan Nar;MAIN;21
A941E622;1;QSF;El Creston;MAIN;81|82
A941BEA4;1;QTU;Troilus;MAIN;92
A941BEA4;2;TLD;Troilus;MAIN;92
A941BEA4;3;SKV;Troilus;MAIN;94
A96653E8;1;QSF;Chibougamau property;MAIN;37|40
A9B1916A;1;QCC;Frasergold;MAIN;29
A9B1916A;2;SHV;Frasergold;MAIN;29
A9B1916A;3;EXT;Frasergold;MAIN;29
A9A023C3;1;QSF;Romero;MAIN;49
A9A023C3;2;QCC;Romero;MAIN;49
A9CE3849;1;QCC;Curraghinalt;MAIN;5|48
A9CE3849;2;SHV;Curraghinalt;MAIN;47|48
A9CE3849;3;EXT;Curraghinalt;MAIN;5|45|47|48
A9D1C791;1;QSF;San Albino Deposit;MAIN;38|41
A9D2CE67;1;AUR;Mineral Ridge;MAIN;74|75
A9DBE8E5;1;QSF;Ana Paula;MAIN;86
A9DBE8E5;2;QCC;Ana Paula;MAIN;85|86|87
A9DBE8E5;3;QAD;Ana Paula;MAIN;90|91
AA07544A;1;QCC;Sta Elvira;MAIN;20|21
A9E641B1;1;QCC;Lemhi Gold Deposit;MAIN;113|119
A9E641B1;2;QSF;Lemhi Gold Deposit;MAIN;113
AA7DCD69;1;QCC;Gramalote Central;MAIN;33|37
AA7DCD69;2;QSF;Gramalote Central;MAIN;33|37
AA8AC2F2;1;QSF;Doña Amelia zone;MAIN;40|43|45
AB272A5B;1;QSF;Frontenac-Bald Eagle Vein;MAIN;92|96|98
AA95963E;1;AUR;Ireland mine;MAIN;10|36
AB377A0D;1;QCC;Shasta;MAIN;65|66|67
AB377A0D;2;MUL;Shasta;MAIN;65|66|67
AB690899;1;SHV;Chico;MAIN;19|20
AB690899;2;QSF;Chico;MAIN;19|20
AB98A6A3;1;SHV;Beta Hunt Gold;MAIN;63
AB98A6A3;2;EXT;Beta Hunt Gold;MAIN;63|64
AB98A6A3;3;QSF;Beta Hunt Gold;MAIN;59|63|64
ABAB5E2D;1;MGV;Valeriano;MAIN;52
ABAB5E2D;2;AUR;Valeriano;MAIN;52
ABAB5E2D;4;QSF;Valeriano;MAIN;52
ABCDE1A4;1;QCC;Buckreef;MAIN;56
ABCDE1A4;2;SHV;Buckreef;MAIN;56
ABCDE1A4;3;AUR;Buckreef;MAIN;52
AC00DC4D;1;QSF;Clark's Brook East;MAIN;24
ABFFEA25;1;QCC;Dave's Pond;MAIN;54
AC340459;1;QCC;Tulkubash;MAIN;57
ACF1EA68;1;QSF;Milestone and S-1;MAIN;37
ACF1EA68;2;QCC;Milestone and S-1;MAIN;38
AC7C03DB;1;QSF;Amizmiz;MAIN;36
AC7C03DB;2;QCC;Amizmiz;MAIN;36
AC703F00;1;QCC;Casa Sud;MAIN;35|43
AC703F00;2;SHV;Casa Sud;MAIN;46
AC703F00;3;EXT;Casa Sud;MAIN;47
AD10F204;1;QSF;Hope Brook;MAIN;50|52
AE4892CE;1;QCC;Gooseberry vein;MAIN;31
AD179E0B;1;MUL;La Silla Vein System;MAIN;35
AD883391;1;QSF;Vetas Gold Project;MAIN;36
AD883391;2;MUL;Vetas Gold Project;MAIN;43
AE74170F;1;QSF;Santa Barbara;MAIN;64
AE8AC701;1;QAD;Mewet;MAIN;32|33
AE8AC701;2;QCC;Mewet;MAIN;32|33
AF27B040;1;QCC;Greenstone Mine;MAIN;88|93|100|112|113|115
AEE15A5D;1;QSF;Chelopech;MAIN;44|45|47
AF8E0AFA;1;QSF;Kerr;MAIN;124
AF8E0AFA;2;QCC;Kerr;MAIN;124
AF8E0AFA;3;MGV;Kerr;MAIN;124
AF9A19FF;1;QSF;Rufina;MAIN;83
AF4C0DA8;1;QSF;Goliath Gold Deposit;MAIN;65|66|85
AFBFDB42;1;QSF;Cerro del Gallo;MAIN;81|82
AFBFDB42;2;QAD;Cerro del Gallo;MAIN;84
B094E83A;1;AUR;Ebano Vein;MAIN;22
AFDDB310;1;QCC;Santa Elena;MAIN;40
AFDDB310;2;QAD;Santa Elena;MAIN;40|45
B117AD75;1;SHV;Patwon;MAIN;51|56
B117AD75;2;EXT;Patwon;MAIN;51|56
B117AD75;3;QCC;Patwon;MAIN;51|56
B104ED4A;1;ALS;Pimenton Mine;MAIN;33
B104ED4A;2;EXT;Pimenton Mine;MAIN;33
B104ED4A;3;QSF;Pimenton Mine;MAIN;34
B13C123B;1;AUR;TUG;MAIN;41
B13C123B;2;CAV;TUG;MAIN;41
B1524BCD;1;QSF;Dalbacka;MAIN;24|25
B18F9D4C;1;QAD;Eastside;MAIN;40
B18F9D4C;2;CAV;Eastside;MAIN;41
B18F9D4C;3;MUL;Eastside;MAIN;40
B179DDA8;1;SHV;Thundercloud;MAIN;34|35
B1E7128A;1;QAD;Kamila;MAIN;44|48
B1E7128A;2;QCC;Kamila;MAIN;54
B1E7E99A;1;QCC;Irokinda;MAIN;55
B1E7E99A;2;QSF;Irokinda;MAIN;55
B206AC29;1;QCC;Afric Zone;MAIN;78
B219B1FD;1;QCC;Spanish Mountain Gold deposit;MAIN;107|111
B219B1FD;2;SHV;Spanish Mountain Gold deposit;MAIN;107|111
B219B1FD;3;EXT;Spanish Mountain Gold deposit;MAIN;111
B254C20C;1;SHV;NX Gold Mine;MAIN;57
B254C20C;2;QSF;NX Gold Mine;MAIN;53
B23F2732;1;QSF;Botija Abajo;MAIN;44|45|48
B233B565;1;QSF;Arista Mine;MAIN;56|59
B233B565;2;MUL;Arista Mine;MAIN;56|57|59
B233B565;3;QCC;Arista Mine;MAIN;57|58
B233B565;4;QAD;Arista Mine;MAIN;57|58|62
B2364670;1;QSF;Telfer;MAIN;45
B2364670;2;QCC;Telfer;MAIN;46
B2612B46;1;QSF;Cosmo;MAIN;129
B2AC23CC;1;QSF;Peshter;MAIN;34
B2AC23CC;2;QCC;Peshter;MAIN;41|42
B273B28E;1;QSF;Homestake Ridge deposit;MAIN;50
B273B28E;2;QCC;Homestake Ridge deposit;MAIN;52
B2D8FC56;1;AUR;SLG Property;MAIN;50|51
B2DAC5D2;1;QAD;Eastside;MAIN;40
B2DAC5D2;2;CAV;Eastside;MAIN;41
B3054D0E;1;QSF;Brewery Creek;MAIN;38|42|43
B306A327;1;SHV;Augusta and Cuffley;MAIN;10|64
B306A327;2;QSF;Augusta and Cuffley;MAIN;10
B306A327;3;QCC;Augusta and Cuffley;MAIN;65
B31BB8BC;1;QCC;Archut;MAIN;38|40
B31F8B35;1;SUV;NICO;MAIN;64
B354C496;1;QSF;Williamson Occurrence;MAIN;34|36
B36FD5C9;1;QSF;Palito Mine;MAIN;48|49
B3799CF7;1;QSF;Eastern Borosi Project;MAIN;41
B3799CF7;2;MUL;Eastern Borosi Project;MAIN;42
B37711AE;1;QSF;Pinion;MAIN;67|68
B3973DCF;1;QCC;Jupiter;MAIN;55
B3973DCF;2;QSF;Jupiter;MAIN;67
B3F7D5C4;1;SKV;Didipio;MAIN;56|60
B3F7D5C4;2;QSF;Didipio;MAIN;56|57
B3F7D5C4;4;CAV;Didipio;MAIN;63
B41110B5;1;QSF;Cheechoo;MAIN;63
B41A1F63;1;QSF;Tepal;MAIN;28
B41A1F63;2;QCC;Tepal;MAIN;28
B420802E;1;QTU;Eau Claire;MAIN;31|33|35
B45BBD54;1;QSF;Kebigada;MAIN;94|105
B45BBD54;2;QCC;Kebigada;MAIN;86|88
B486BE70;1;QCC;Gramalote;MAIN;25
B486BE70;2;QSF;Gramalote;MAIN;25
B45D0B70;1;QSF;Taunus;MAIN;49|56
B49D1227;1;QSF;San Luis Vein System;MAIN;35|39
B49D1227;2;QCC;San Luis Vein System;MAIN;34|36|39
B4A22110;1;QTU;Troilus;MAIN;42
B4A22110;2;QSF;Troilus;MAIN;42|46
B4A22110;3;TLD;Troilus;MAIN;42
B4CB4805;1;QCC;West Gabbro Zone;MAIN;87|92
B4E4CF0D;1;QSF;Andacollo Gold Mine;MAIN;81|82
B4E4CF0D;2;QCC;Andacollo Gold Mine;MAIN;82
B5451A8D;1;QCC;Main Zone;MAIN;35
B50C2E0C;1;QAD;El Limón-Guajes;MAIN;92
B51EDFE3;1;QSF;Condor Breccia Complex;MAIN;42|45|47|50
B559C09F;1;QAD;Bayan Khundii;MAIN;75|76|82|85
B559C09F;2;QSF;Bayan Khundii;MAIN;75|76
B559C09F;3;MUL;Bayan Khundii;MAIN;76|78
B58442F0;1;QSF;Shahuindo;MAIN;85|88
B635F43D;1;MUL;AGB Zone;MAIN;66
B64BCB54;1;QAD;Kupol;MAIN;47
B64BCB54;2;MUL;Kupol;MAIN;47
B65790E0;1;QSF;Segovia Project;MAIN;67|68|73|74
B657B5BA;1;QSF;San Agustín;MAIN;38|41
B657B5BA;2;QAD;San Agustín;MAIN;41
B657B5BA;3;QCC;San Agustín;MAIN;41
B6778988;1;CAV;Goldstrike;MAIN;67|68|70|72
B6778988;2;AUR;Goldstrike;MAIN;68
B6E27D0E;1;ALS;Amulsar;MAIN;57
B677EAF2;1;QSF;Montauban;MAIN;51
B6F3520D;1;SHV;Croinor;MAIN;84|91
B6F3520D;2;EXT;Croinor;MAIN;84|85|91
B6F3520D;3;QCC;Croinor;MAIN;84
B6F3520D;4;QTU;Croinor;MAIN;85
B74650D6;1;QCC;Box Mine;MAIN;67
B74650D6;2;QSF;Box Mine;MAIN;67|71
B74650D6;3;SHV;Box Mine;MAIN;67
B74650D6;4;EXT;Box Mine;MAIN;67
B708A391;1;QAD;Mercedes Project;MAIN;45|49|50
B708A391;2;QCC;Mercedes Project;MAIN;45|49|50
B7534171;1;QCC;Condor North;MAIN;75|77|80|85|87
B7534171;2;QSF;Condor North;MAIN;77|80|82|85|87
B7A9B3D1;1;QSF;Björkdal;MAIN;56
B770A026;1;QSF;Macassa Mine;MAIN;30
B78EA851;1;QSF;Fox South;MAIN;42|53
B7B94B02;1;QSF;147 Zone;MAIN;44
B7B94B02;2;QCC;147 Zone;MAIN;45
B7D59D4B;1;AUR;Noseno Property;MAIN;48
B85D7A96;1;QSF;Main Zone;MAIN;38
B85D7A96;2;QCC;Main Zone;MAIN;36|38
B7D70156;1;QSF;MacLellan;MAIN;76
B7D70156;2;QCC;MacLellan;MAIN;76
B85DA293;1;QCC;Central;MAIN;109|128
B85DA293;2;QSF;Central;MAIN;128
B869E2C5;1;QCC;White-Karry showing;MAIN;39|40|41|42
B8E3403B;1;QCC;Bullfrog;MAIN;67|71
B8D71FED;1;QCC;Redline deposits;MAIN;78
B8D71FED;2;QSF;Redline deposits;MAIN;78
B907C37D;1;QAD;Cerro Caliche Project;MAIN;73
B907C37D;2;QCC;Cerro Caliche Project;MAIN;71|73
B94E9336;1;CAV;Goldstorm Project;MAIN;48
B94E9336;2;QSF;Goldstorm Project;MAIN;48
B94E9336;3;AUR;Goldstorm Project;MAIN;48
B96C1191;1;MGV;La Garrucha;MAIN;69|70
B96C1191;2;QSF;La Garrucha;MAIN;69|70
B96C1191;4;QCC;La Garrucha;MAIN;69|70
B96C1191;5;CAV;La Garrucha;MAIN;70
B970C150;1;QSF;Cerro Vetas;MAIN;45
B970C150;2;MUL;Cerro Vetas;MAIN;45|47
BA35AAEA;1;QSF;Whistler Deposit;MAIN;49|50
BA35AAEA;2;QCC;Whistler Deposit;MAIN;51|55
BA35AAEA;3;CAV;Whistler Deposit;MAIN;52
BA775674;1;QSF;Goldfield Main;MAIN;56
BADE2F9C;1;SKV;Skarn Ridge;MAIN;54
BAEA4600;1;SHV;Silver Bell-St. Lawrence;MAIN;26
BAEA4600;2;QCC;Silver Bell-St. Lawrence;MAIN;26
BB057EC9;1;QCC;Dunwell;MAIN;37|39
BB057EC9;2;EXT;Dunwell;MAIN;37
BB518E30;1;QSF;Powder Property;MAIN;34
BB8A9BED;1;QSF;El Padre vein;MAIN;14|15
BB8A9BED;2;MUL;El Padre vein;MAIN;15
BB8BA9AF;1;QSF;Binebase-Bawone;MAIN;39
BBA420F7;1;QSF;Lone Goat;MAIN;36
BBA420F7;2;MUL;Lone Goat;MAIN;33|35|38
BBA420F7;3;QCC;Lone Goat;MAIN;33
BBC73C87;1;QCC;Cerro Caliche;MAIN;67
BBC5733C;1;QSF;San Agustin;MAIN;48
BBC5733C;2;QAD;San Agustin;MAIN;50
BBC5733C;3;QCC;San Agustin;MAIN;50
BBD90106;1;QSF;Palito Mine;MAIN;44
BBD90106;2;SBV;Palito Mine;MAIN;41
BBBFB09F;1;QAD;VOK Zone;MAIN;54|66
BBBFB09F;2;QCC;VOK Zone;MAIN;54|66
BC1B0931;1;AUR;Santa Barbara;MAIN;42
BC1B0931;2;QSF;Santa Barbara;MAIN;42
BC6313F2;1;MUL;TUG;MAIN;35
BBF4661D;1;AUR;Los Socavones;MAIN;64|65
BCC45643;1;QSF;Bob Creek;MAIN;24
BC80550A;1;QAD;Maiz Azul;MAIN;59
BC80550A;2;QSF;Maiz Azul;MAIN;60
BC80550A;3;ALS;Maiz Azul;MAIN;63
BCBE2B53;1;QSF;Middle Zone;MAIN;49|50
BCBE2B53;2;QCC;Middle Zone;MAIN;49
BCC297E2;1;QSF;Los Planes;MAIN;78
BCF7B7FE;1;QSF;Penedela;MAIN;37|39
BD355C6B;1;QSF;Minera Florida;MAIN;54|55
BD355C6B;2;QCC;Minera Florida;MAIN;54
BD773FE2;1;QSF;Silver Crown Deposit;MAIN;31|32
BD62D88E;1;QAD;Tuvatu;MAIN;30
BD62D88E;2;TLD;Tuvatu;MAIN;32
BD62D88E;3;MGV;Tuvatu;MAIN;30
BD8A239D;1;ALS;Angostura;MAIN;30|31
BDD210DD;1;QCC;Peacock Area;MAIN;15|17|26
BDE82FF9;1;QCC;Kalana deposit;MAIN;70
BDEDC9F5;1;QSF;Fenelon Gold System;MAIN;85|87
BDEDC9F5;2;QCC;Fenelon Gold System;MAIN;87
BE64554F;1;QAD;Good Hope Deposit;MAIN;89|90
BE64554F;2;EXT;Good Hope Deposit;MAIN;86
BE64554F;3;MUL;Good Hope Deposit;MAIN;86
BE6D3F21;1;QSF;Dolphin gold deposit;MAIN;22
BE86DA06;1;QCC;Windfall Lake Deposit;MAIN;56
BE86DA06;2;EXT;Windfall Lake Deposit;MAIN;56
BE86DA06;3;QSF;Windfall Lake Deposit;MAIN;73
BEA57A9D;1;QCC;Cameron Gold Deposit;MAIN;61|64
BEA57A9D;2;QSF;Cameron Gold Deposit;MAIN;61|63
BEB178F9;1;QSF;Chépica I;MAIN;23|27
BEDC69DB;1;QSF;Xavantina Operations;MAIN;59|60
BEDC69DB;2;SHV;Xavantina Operations;MAIN;59|63
BEDB2365;1;QCC;Dryden Project;MAIN;51|60|68
BEDB2365;2;QSF;Dryden Project;MAIN;60|65
BEDB2365;3;AUR;Dryden Project;MAIN;55|59|60|64|65
BF096ED0;1;QCC;Calipuy Project;MAIN;26|27|29
BF096ED0;2;QSF;Calipuy Project;MAIN;30
BEDC763D;1;QSF;Goldstorm Deposit;MAIN;57|59
BEDC763D;2;QCC;Goldstorm Deposit;MAIN;57|58|59
BF8141AE;1;QSF;Hasbrouck;MAIN;74|76
BFAA847F;1;QSF;El Limon Mine;MAIN;42
BF67C208;1;QCC;Brucejack;MAIN;74|75|78|82|87
BF67C208;2;QAD;Brucejack;MAIN;74|78|87
BF67C208;3;QSF;Brucejack;MAIN;74
BF67C208;4;SBV;Brucejack;MAIN;83
BFB466CE;1;QCC;Herrick Deposit;MAIN;66|76
BFB466CE;2;QSF;Herrick Deposit;MAIN;65
C010DB0D;1;QCC;Herbert Gold Project;MAIN;20
C0491225;1;QSF;Homestake Zone;MAIN;48
C0491225;2;QCC;Homestake Zone;MAIN;48
C0BDB661;1;SHV;Pickle Crow;MAIN;74
C0BDB661;2;QCC;Pickle Crow;MAIN;87
C0BDB661;3;MUL;Pickle Crow;MAIN;79
C0980E72;1;QCC;East-side;MAIN;28|30
C0FFC32D;1;QCC;Ikkari;MAIN;74|88
C0FFC32D;2;QSF;Ikkari;MAIN;79
C10DB94D;1;QCC;TOP Property;MAIN;34
C10EF0EE;1;AUR;Three Bluffs;MAIN;18|44|45|46
C153AB3D;1;QSF;Boumadine;MAIN;65|82|84
C1FA381C;1;QSF;Klein Letaba-Frankie;MAIN;53|57
C1FA381C;2;QCC;Klein Letaba-Frankie;MAIN;53|56
C1FA84F8;1;QSF;Main Shaft Zone;MAIN;27|28
C1FA84F8;2;FLT;Main Shaft Zone;MAIN;27|28
C1FA84F8;3;EXT;Main Shaft Zone;MAIN;28
C21334CD;1;QSF;Makapela;MAIN;26
C21A5759;1;QAD;La Libertad/Santo Domingo Veins;MAIN;28|31
C26F1F8C;1;ALS;Goldfield Bonanza Project;MAIN;30|34
C28E9B1D;1;QAD;Sandman;MAIN;39|42|45|46
C27AA117;1;QCC;Cadia East;MAIN;90|94
C27AA117;2;MGV;Cadia East;MAIN;90
C2B1DC13;1;QSF;Guayabito;MAIN;17|20
C2B1DC13;2;SHV;Guayabito;MAIN;17
C2B1DC13;3;QCC;Guayabito;MAIN;23
C2D4ED71;1;QSF;Premier;MAIN;45
C2D4ED71;2;MUL;Premier;MAIN;45|46|47
C2D4ED71;3;QCC;Premier;MAIN;47
C34553CE;1;QSF;Mejia Mines;MAIN;28|31
C3231DCD;1;QCC;Eastern Gold Zone;MAIN;102|108
C3231DCD;2;SHV;Eastern Gold Zone;MAIN;110|115|117|118
C3231DCD;3;EXT;Eastern Gold Zone;MAIN;102|116|117
C3E5ABA8;1;AUR;El Rubi;MAIN;41|44
C3C798A6;1;AUR;New Liberty;MAIN;45
C43E564A;1;QSF;Rainy River deposit;MAIN;84|85|87
C43E564A;2;QCC;Rainy River deposit;MAIN;88
C43E564A;3;SHV;Rainy River deposit;MAIN;84|88
C43E564A;4;EXT;Rainy River deposit;MAIN;88
C4E5BDDB;1;AUR;Queen Vein;MAIN;19|20
C5029807;1;QSF;Windfall;MAIN;109
C5029807;2;SHV;Windfall;MAIN;112
C522D42F;1;QSF;Florida Canyon;MAIN;43
C522D42F;2;MUL;Florida Canyon;MAIN;43
C522D42F;3;QAD;Florida Canyon;MAIN;47
C54385C4;1;QSF;Rainy River;MAIN;73
C54385C4;2;QCC;Rainy River;MAIN;73|76
C56428F7;1;TLD;Pellaire Deposit;MAIN;54
C5513280;1;QFV;Lindero Deposit;MAIN;68
C5513280;2;MGV;Lindero Deposit;MAIN;68
C5513280;4;QSF;Lindero Deposit;MAIN;68
C5513280;6;SUV;Lindero Deposit;MAIN;69
C5513280;7;SBV;Lindero Deposit;MAIN;69
C5843AA0;1;QSF;Main Zone;MAIN;137|140
C5D3F2D4;1;AUR;Tshela-Lukula area;MAIN;23|28
C5B4D9BC;1;QAD;Long Valley;MAIN;49
C5FB9A7E;1;QAD;Cerro Blanco;MAIN;61|64|67
C62D49E8;1;QSF;Willow Creek Project;MAIN;41|42
C62D49E8;2;QCC;Willow Creek Project;MAIN;50
C62D49E8;3;SHV;Willow Creek Project;MAIN;34|36
C69825E3;1;QCC;ML01;MAIN;20
C69825E3;2;QSF;ML01;MAIN;20
C65AD43C;1;AUR;Carmen;MAIN;42|43|45
C6A01098;1;FLT;El Compas;MAIN;54
C6A01098;2;QCC;El Compas;MAIN;55
C6B6E61E;1;QCC;Masbate Gold Project;MAIN;41
C6B6E61E;2;QSF;Masbate Gold Project;MAIN;41|42
C6B6E61E;3;MUL;Masbate Gold Project;MAIN;41|42
C6D95566;1;QSF;Marmato;MAIN;50|52
C71A559C;1;QSF;Manto Dorado;MAIN;34|61
C73DDE4B;1;QSF;Daylight Zone;MAIN;59
C73DDE4B;2;SUV;Daylight Zone;MAIN;59
C73DDE4B;3;MGV;Daylight Zone;MAIN;59
C742AE80;1;QSF;Sheelagh Creek showing;MAIN;22
C748AFBB;1;QSF;Grub Line VMS;MAIN;17
C7455BC5;1;QAD;San Andrés;MAIN;48|51
C76965F4;1;QSF;Ana Paula;MAIN;79
C76965F4;2;QCC;Ana Paula;MAIN;79
C7869985;1;AUR;Golden Trend Property;MAIN;30
C7869985;2;SBV;Golden Trend Property;MAIN;30
C77F4C93;1;QSF;Golden Crown vein system;MAIN;42|52
C775C2CD;1;SHV;Boundary Zone;MAIN;70
C775C2CD;2;QSF;Boundary Zone;MAIN;65|70|75
C775C2CD;3;QCC;Boundary Zone;MAIN;65|70|75|85
C775C2CD;4;SUV;Boundary Zone;MAIN;70|74|75
C78C2587;1;QSF;Doc Zone;MAIN;58|59
C7BA46FD;1;QAD;El Zapote;MAIN;29|31
C7BA46FD;2;MUL;El Zapote;MAIN;31
C7DBFC97;1;SHV;Picitiri Shear;MAIN;28|31|33
C7DBFC97;2;EXT;Picitiri Shear;MAIN;31|33
C8353625;1;QAD;Mercedes;MAIN;40|45|50
C8353625;2;QCC;Mercedes;MAIN;45|49|50
C8353625;3;MUL;Mercedes;MAIN;45|49|50
C8077A57;1;QSF;Kemess Main Zone;MAIN;90
C8077A57;2;QCC;Kemess Main Zone;MAIN;90
C83C742E;1;QSF;Olson;MAIN;24|34
C853492C;1;QCC;DOT Zone;MAIN;21|30|31
C84B19BC;1;QSF;Eskay Creek;MAIN;124|127
C84B19BC;2;CAV;Eskay Creek;MAIN;115
C86D59EE;1;QSF;Saddle Zone;MAIN;19|21|23
C86C3D32;1;QCC;Ore Chimney;MAIN;30|32
C86C3D32;2;EXT;Ore Chimney;MAIN;29
C8D5E00B;1;QSF;Yarumalito;MAIN;22
C90E7A8B;1;QAD;Eastside;MAIN;40|42
C90E7A8B;2;QCC;Eastside;MAIN;40
C92AC5AF;1;QSF;Red Mountain;MAIN;46
C9394101;1;QCC;Catanava Gold Property;MAIN;31
C9AAD3D2;1;QSF;Cangrejos;MAIN;68
C945B18E;1;SHV;Vetas Gold Project;MAIN;33
C945B18E;2;FLT;Vetas Gold Project;MAIN;33|36
C945B18E;3;QSF;Vetas Gold Project;MAIN;37
C9A196F3;1;QSF;Deer Horn;MAIN;31|32
C9A196F3;2;FLT;Deer Horn;MAIN;31
C9A196F3;3;EXT;Deer Horn;MAIN;31|32
C9B94656;1;QAD;Easter Vein;MAIN;30|32
C9B36476;1;QTU;Troilus;MAIN;60
C9B36476;2;TLD;Troilus;MAIN;60
C9B36476;3;SKV;Troilus;MAIN;61
C9B36476;4;FLT;Troilus;MAIN;58
C9B36476;5;SHV;Troilus;MAIN;56
C9C198D1;1;QAD;Jumbo Trend;MAIN;43|46|51
CABC2887;1;QSF;Johnson Tract Deposit;MAIN;47
CA175812;1;QSF;Kerr Zone;MAIN;99
CA175812;2;QCC;Kerr Zone;MAIN;99
CA3D4916;1;QSF;San José de Gracia;MAIN;44|49|66
CA3D4916;2;QCC;San José de Gracia;MAIN;44|69
CA3D4916;3;QAD;San José de Gracia;MAIN;61
CACDCDB7;1;QAD;Cliff Creek Zone;MAIN;151|157
CACDCDB7;2;MUL;Cliff Creek Zone;MAIN;137|151
CB378A23;1;QSF;Pen Gold North;MAIN;27
CB378A23;2;QCC;Pen Gold North;MAIN;27|28
CAD7F126;1;QSF;Chelopech;MAIN;59|60|61
CB48C3B1;1;AUR;Project X;MAIN;47|48
CB91F2E7;1;TLD;Deer Horn vein system;MAIN;48|49
CB91F2E7;2;FLT;Deer Horn vein system;MAIN;48
CB91F2E7;3;EXT;Deer Horn vein system;MAIN;48
CCAB06DD;1;QCC;Joe Mann;MAIN;42|52
CCAB06DD;2;SHV;Joe Mann;MAIN;42
CBFF6594;1;QCC;Hartless Joe Project;MAIN;20|21|22
CBD6CB56;1;QSF;Poker Flats;MAIN;80|82|86
CCBD01D4;1;QAD;La Libertad;MAIN;57|61
CD02CC5E;1;QSF;Blue Hill Creek;MAIN;37|40
CD02CC5E;2;MUL;Blue Hill Creek;MAIN;40
CCC61168;1;QSF;Zancudo;MAIN;56|58
CCC61168;2;QCC;Zancudo;MAIN;58|59
CD4ED1B7;1;QCC;New Mariners;MAIN;28|29
CD4ED1B7;2;SHV;New Mariners;MAIN;28
CD841ECB;1;AUR;GP Property;MAIN;17|23
CD4D5409;1;QSF;Sullivan;MAIN;52
CD4D5409;2;CAV;Sullivan;MAIN;52
CD8A40B0;1;QSF;Augusta-Cuffley;MAIN;61
CD8A40B0;2;SHV;Augusta-Cuffley;MAIN;61
CDD34B63;1;QAD;Big Easy;MAIN;58|62|70
CDF7AF89;1;QCC;Lac Anctil zone;MAIN;42|44
CDA1A74B;1;QSF;Cerro del Gallo;MAIN;33|34
CDA1A74B;2;QAD;Cerro del Gallo;MAIN;37
CE7B0218;2;QSF;Fort Knox;MAIN;41
CE7B0218;3;QAD;Fort Knox;MAIN;41
CDFD618F;1;QSF;La Peña;MAIN;31|32|33
CE9CA852;1;QCC;Monument Bay Au-W Deposit;MAIN;92|93|94
CE9CA852;2;QTU;Monument Bay Au-W Deposit;MAIN;93
CE9CA852;3;QSF;Monument Bay Au-W Deposit;MAIN;93
CE9CA852;4;SHV;Monument Bay Au-W Deposit;MAIN;94
CE9CA852;5;EXT;Monument Bay Au-W Deposit;MAIN;95
CF05863B;1;QCC;Cariboo Gold Project;MAIN;160|161|169
CF05863B;2;EXT;Cariboo Gold Project;MAIN;160|161|170
CF05863B;3;FLT;Cariboo Gold Project;MAIN;160|172
CECC30D9;1;QAD;DeLamar;MAIN;52|53|56|60
CF60C98B;1;QSF;Sun Property;MAIN;19|22
CF6E9BD6;1;QSF;Kirazlı;MAIN;69
CF9DFA84;1;QSF;Golden Gap;MAIN;13|20|21|22|25|27
CFB8163F;1;QSF;Arista;MAIN;67
CFB8163F;2;MUL;Arista;MAIN;67|68
CFB8163F;3;QCC;Arista;MAIN;68|69
CFB8163F;4;QAD;Arista;MAIN;68|69
CFB8163F;5;AUR;Arista;MAIN;58|70
CFBC35AB;1;AUR;Silver Crown;MAIN;30|32|33
D0A75E55;1;QSF;Carla Project;MAIN;33|34|35
D00DD4F9;1;QSF;Revel Ridge Main Zone (RRMZ);MAIN;69|86
D00DD4F9;2;SHV;Revel Ridge Main Zone (RRMZ);MAIN;89
D00DD4F9;3;QCC;Revel Ridge Main Zone (RRMZ);MAIN;92
D029FA98;1;QSF;Vetas Gold Project;MAIN;37|39
D029FA98;2;MUL;Vetas Gold Project;MAIN;44
D0F03422;1;QSF;La Arena;MAIN;66
D158D36F;1;QCC;Syenite Porphyry Interlayer;MAIN;24|25|28
D158D36F;2;MUL;Syenite Porphyry Interlayer;MAIN;29
D1650A2A;1;QSF;Providencia;MAIN;5|48|49
D18F9DBB;1;QSF;Golden Zone Breccia Pipe;MAIN;101|103
D1E94911;1;QSF;Marmato;MAIN;72
D1BE513D;1;QSF;Cerro Caliche;MAIN;39
D1BE513D;2;MUL;Cerro Caliche;MAIN;40
D1BE513D;3;QCC;Cerro Caliche;MAIN;41
D19501FA;1;QSF;Savkino;MAIN;32|33
D19501FA;2;QCC;Savkino;MAIN;31|33
D237C943;1;SHV;Weepah;MAIN;33|34
D237C943;2;QSF;Weepah;MAIN;34
D24BFB3F;1;QSF;Palito;MAIN;42|44
D2C1E0A3;1;QSF;Géant Dormant;MAIN;25
D25B5F7E;1;QSF;Willa deposit;MAIN;33|34
D2ADA606;1;QCC;Paymaster;MAIN;19|20|30
D2ADA606;2;QSF;Paymaster;MAIN;19|30
D2ADA606;3;QTU;Paymaster;MAIN;20|27|31
D366E466;1;FLT;Hasbrouck Deposit;MAIN;38
D366E466;2;AUR;Hasbrouck Deposit;MAIN;38
D366E466;3;QSF;Hasbrouck Deposit;MAIN;38
D36E890E;1;QSF;Riscos de Oro;MAIN;33
D3F55EED;1;QSF;British King;MAIN;44
D3FC9B69;1;QSF;October Gold Property;MAIN;18
D3FC9B69;2;QCC;October Gold Property;MAIN;18
D3C8E4F3;1;QCC;Mark's Pond Zone;MAIN;119|124|125
D414BCC1;1;QSF;Cangrejos;MAIN;37|38|39|41
D414BCC1;2;QCC;Cangrejos;MAIN;38|39
D4241B12;1;QCC;Minto Mine South Zone;MAIN;57
D4241B12;2;SHV;Minto Mine South Zone;MAIN;57
D4241B12;3;AUR;Minto Mine South Zone;MAIN;57
D438F610;1;QSF;Dardenelles;MAIN;17|18
D438F610;2;MUL;Dardenelles;MAIN;18
D44EDA7C;1;QSF;Red Mountain;MAIN;68
D44EDA7C;2;QCC;Red Mountain;MAIN;68|72
D462A36E;1;QSF;Atlanta;MAIN;43|44|47
D462A36E;2;MUL;Atlanta;MAIN;44|47
D4FB4493;1;QCC;KOR 1;MAIN;35|40|42
D4FB4493;2;EXT;KOR 1;MAIN;40|48
D478C64A;1;QAD;Engineer Gold Mine;MAIN;39
D478C64A;2;QCC;Engineer Gold Mine;MAIN;39|43
D478C64A;3;QSF;Engineer Gold Mine;MAIN;43
D53B2010;1;QSF;Hangar Flats;MAIN;107|115
D5604739;1;QCC;Herbert Glacier;MAIN;20|21
D5479D73;1;QCC;Ixtaca;MAIN;42|45
D5479D73;2;QAD;Ixtaca;MAIN;39|42
D5479D73;3;MUL;Ixtaca;MAIN;43
D55985BE;1;QAD;San Dimas Mine;MAIN;35|36
D55985BE;2;QCC;San Dimas Mine;MAIN;35
D595F9C2;1;AUR;West Otterskin showing;MAIN;18
D5B37369;1;QSF;Sheep Creek camp;MAIN;52
D5D29482;1;QCC;Cerro Caliche;MAIN;40
D5ED36B8;1;AUR;Balabag;MAIN;38
D5ED36B8;2;QSF;Balabag;MAIN;39
D5F7646E;1;QCC;Tannahill Gold Zone;MAIN;53|54
D5F7646E;2;EXT;Tannahill Gold Zone;MAIN;53|54
D5F7646E;3;AUR;Tannahill Gold Zone;MAIN;53
D630A84B;1;MUL;Santa Rosa;MAIN;31
D630A84B;2;QAD;Santa Rosa;MAIN;31|38
D66ECCA7;1;QAD;Robbers Knob;MAIN;67
D67EB417;1;QSF;Ziggurat;MAIN;45|46
D67EB417;2;AUR;Ziggurat;MAIN;46
D68B23BE;1;QSF;Windfall deposit;MAIN;156
D68B23BE;2;QCC;Windfall deposit;MAIN;159
D68B23BE;3;SHV;Windfall deposit;MAIN;159
D68B23BE;4;FLT;Windfall deposit;MAIN;159
D69E5E90;1;QCC;Central Zone;MAIN;48
D69E5E90;2;QSF;Central Zone;MAIN;57
D6912F99;1;AUR;TPK Property;MAIN;48|50
D6912F99;2;QSF;TPK Property;MAIN;49|50
D6912F99;3;SHV;TPK Property;MAIN;50
D6A0B810;1;QSF;Kirazlı;MAIN;25|30
D6A0B810;2;ALS;Kirazlı;MAIN;25
D6C8F623;1;QSF;Pridolinny;MAIN;61
D6AB9B93;1;QCC;San Miguel project;MAIN;38|39
D6AB9B93;2;QSF;San Miguel project;MAIN;38|47|53
D6AB9B93;3;MUL;San Miguel project;MAIN;38|40
D6D47EEC;1;QCC;Hercules Gold Project;MAIN;62|68
D6D47EEC;2;QAD;Hercules Gold Project;MAIN;67|68
D7177E31;1;FLT;Simkar;MAIN;26
D7177E31;2;EXT;Simkar;MAIN;26
D7177E31;3;QSF;Simkar;MAIN;25|27|28|30
D7177E31;4;QCC;Simkar;MAIN;30
D7177E31;5;SHV;Simkar;MAIN;31
D7623AB3;1;QCC;Fuller;MAIN;54
D7623AB3;2;QTU;Fuller;MAIN;54
D731B1E4;1;AUR;Björkdal;MAIN;71
D731B1E4;2;QSF;Björkdal;MAIN;71
D79F83CE;1;QSF;Gupo;MAIN;39
D785404A;1;QSF;Kora Consolidated-Irumafimpa;MAIN;36|42
D785404A;2;TLD;Kora Consolidated-Irumafimpa;MAIN;35|42
D7690ABF;1;QAD;Cahuilla;MAIN;41
D7690ABF;2;QCC;Cahuilla;MAIN;41|44
D8294495;1;SKV;Redline Deposit;MAIN;48
D8294495;2;QCC;Redline Deposit;MAIN;48
D7F8D242;1;ALS;Guanaco;MAIN;84|111
D82D8BE8;1;QSF;Ilovitza;MAIN;40|43
D868FD23;1;QCC;Springpole;MAIN;63
D868FD23;2;QAD;Springpole;MAIN;63
D87722AD;1;QSF;La Dama de Oro;MAIN;26
D87C0C85;1;QSF;Cameron Gold Deposit;MAIN;52|53|54
D87C0C85;2;QCC;Cameron Gold Deposit;MAIN;52|55
D8AC7AE2;1;MUL;Henty;MAIN;33
D8FB1E06;1;QAD;Talapoosa;MAIN;59
D8FB1E06;2;QSF;Talapoosa;MAIN;59
D8FB1E06;3;AUR;Talapoosa;MAIN;59
D9087A3F;1;QSF;Shahumyan;MAIN;74
D9087A3F;2;AUR;Shahumyan;MAIN;74
D9087A3F;3;QCC;Shahumyan;MAIN;74|75
D9087A3F;4;EXT;Shahumyan;MAIN;74|78
D8FF5BCB;1;MGV;Los Filos Mine Complex;MAIN;104
D8FF5BCB;2;QSF;Los Filos Mine Complex;MAIN;104
D8FF5BCB;3;QCC;Los Filos Mine Complex;MAIN;104
D96909B0;1;SHV;Fenix Gold Project;MAIN;59|61|63
D96909B0;2;QSF;Fenix Gold Project;MAIN;61|63
D96909B0;3;MGV;Fenix Gold Project;MAIN;59
D96673C2;1;QAD;Engineer Gold Mine;MAIN;32
D96673C2;2;QCC;Engineer Gold Mine;MAIN;32|36|40
D96673C2;3;EXT;Engineer Gold Mine;MAIN;36
D96673C2;4;SHV;Engineer Gold Mine;MAIN;36
D9BE577A;1;AUR;Río Coco Property;MAIN;15
D9CFD9EB;1;AUR;A-1 Zone;MAIN;29
D97AB18A;1;QCC;Augmitto;MAIN;44|48|50
D97AB18A;2;QTU;Augmitto;MAIN;50
D9D88B73;1;QSF;Segovia;MAIN;64
D9D88B73;2;FLT;Segovia;MAIN;65
D9F145C8;1;QCC;Klaza vein system;MAIN;63|64
D9F145C8;2;QSF;Klaza vein system;MAIN;63
D9E84BE5;1;QAD;Sleeper;MAIN;49
D9E84BE5;2;MUL;Sleeper;MAIN;41
D9E84BE5;3;FLT;Sleeper;MAIN;48
DA19D90C;1;SKV;Skarn Ridge Zone;MAIN;35|50|51
DA19D90C;2;QCC;Skarn Ridge Zone;MAIN;51
DA3221A7;1;QAD;Rodeo;MAIN;36|37
DA3221A7;2;QSF;Rodeo;MAIN;39
DA3221A7;3;AUR;Rodeo;MAIN;37|40
DA3221A7;4;SUV;Rodeo;MAIN;40
DA9728F8;1;QAD;San Andrés Mine;MAIN;67|70
DAAE63A6;1;QAD;Sleeper;MAIN;39
DB0BB4BA;1;QSF;British King;MAIN;44
DB0E0FB7;1;QSF;Golden Chest;MAIN;40|42
DAD14B11;1;QSF;Atlanta;MAIN;41|43
DB15712C;1;QSF;Volcan;MAIN;69
DB190767;1;QSF;Danglay;MAIN;43
DB190767;2;PMV;Danglay;MAIN;43|44
DB190767;3;MUL;Danglay;MAIN;43
DB589451;1;QSF;Cabaçal;MAIN;119|120|122
DB589451;2;SHV;Cabaçal;MAIN;119|124
DC4C479A;1;QSF;La Cumbre;MAIN;26|31
DC569CD7;1;QSF;Bear Claims;MAIN;28
DC7FA1E9;1;QCC;Galleon prospect;MAIN;21
DC8A7FC2;1;QSF;Turquoise Canyon;MAIN;25
DCD052B1;1;QSF;Johnson Tract Deposit;MAIN;47
DC99BC43;1;QCC;Remedios Project;MAIN;61
DCEFB343;1;QAD;Eastside;MAIN;30
DCEFB343;2;AUR;Eastside;MAIN;29
DD14C570;1;QSF;Exploits zone;MAIN;29
DD20ECED;1;AUR;Pinion;MAIN;51|71
DD4EC195;1;QSF;Lavington main gold zone;MAIN;33|34
DD867EF6;1;QSF;Eureka Target;MAIN;55|56
DD867EF6;2;SHV;Eureka Target;MAIN;56
DD867EF6;3;EXT;Eureka Target;MAIN;56
DDC51EC1;1;QSF;Rolling Pond hydrothermal system;MAIN;25|28
DDC51EC1;2;QCC;Rolling Pond hydrothermal system;MAIN;25|26
DDD0F37C;1;SHV;Augusta;MAIN;7|61
DDD0F37C;2;QSF;Augusta;MAIN;7|61
DDDDFF54;1;QSF;Loon prospect;MAIN;20
DDF9C944;1;QAD;Hollister Mine;MAIN;55
DE140113;1;QSF;Hot Maden;MAIN;35|47|49|50
DE32F483;1;QSF;US Grant;MAIN;33|35
DE34A70A;1;QSF;Revenue Zone;MAIN;36
DE34A70A;2;QCC;Revenue Zone;MAIN;36
DE580744;1;QCC;Goodman Property;MAIN;22|23
DE580744;2;QSF;Goodman Property;MAIN;23
DE580744;3;AUR;Goodman Property;MAIN;33
DE604905;1;AUR;East Kolo Epithermal Target;MAIN;20
DE8B3C4B;1;QCC;Ted Vein;MAIN;15|18
DE867565;1;QSF;CMD Gold Mine;MAIN;43|44|45
DE867565;2;QCC;CMD Gold Mine;MAIN;44|45
DE9917B7;1;QSF;LPSE Deposit;MAIN;48
DE944A40;1;QAD;Castle Mountain;MAIN;83|84
DF321F1B;1;QAD;Ada Tepe;MAIN;69
DF321F1B;2;CAV;Ada Tepe;MAIN;70
DF77C953;1;QSF;Tablon;MAIN;52
DF6E72F3;1;FLT;Simkar;MAIN;26
DF6E72F3;2;EXT;Simkar;MAIN;26
DF6E72F3;3;QSF;Simkar;MAIN;25|27|28|30
DF6E72F3;4;QCC;Simkar;MAIN;28|30
DF6E72F3;5;SHV;Simkar;MAIN;31
DF9F97D9;1;QSF;CMD Gold Mine;MAIN;45
DF7B0A4D;1;QSF;La Cantera;MAIN;51|52|53
DF7B0A4D;2;QCC;La Cantera;MAIN;54
DF7B0A4D;3;SBV;La Cantera;MAIN;54
DFB6F352;1;QSF;Newton;MAIN;69|70
DFB6F352;2;QCC;Newton;MAIN;68|70
DFB6F352;3;CAV;Newton;MAIN;71
DFB81F36;1;QCC;Monument Bay;MAIN;44|50
DFB81F36;2;QSF;Monument Bay;MAIN;45|49
E031DB77;1;QCC;Tommy Vein;MAIN;31
DFF1E007;1;QSF;Margurete Property mineralization;MAIN;18|20
DFF1E007;2;QCC;Margurete Property mineralization;MAIN;20
DFEA31B8;1;QCC;Redline deposits;MAIN;48
DFE3F1C3;1;QAD;Bruner;MAIN;22|27|31
E0A077B6;1;AUR;Pinion;MAIN;50
E06F95D0;1;QSF;CMD Gold Mine;MAIN;37|38|39
E0FDDF9B;1;AUR;Amulsar;MAIN;74
E143998B;1;QCC;Çöpler;MAIN;55
E143998B;2;SHV;Çöpler;MAIN;52|54
E143998B;3;QSF;Çöpler;MAIN;52
E1811CB8;1;QAD;Cahuilla;MAIN;38
E1811CB8;2;MUL;Cahuilla;MAIN;39
E1811CB8;3;SHV;Cahuilla;MAIN;38|43
E1B27245;1;QCC;Mina Verde;MAIN;34
E1DB8A33;1;QCC;Gold Centre;MAIN;32|37
E1DB8A33;2;AUR;Gold Centre;MAIN;37|38|45
E2442B17;1;QCC;Anik Property;MAIN;32|34
E26094D6;1;QCC;Marmato;MAIN;44
E26094D6;2;QSF;Marmato;MAIN;44
E26094D6;3;TLD;Marmato;MAIN;44
E2756A0D;1;QCC;Relief Canyon;MAIN;74
E2756A0D;2;QAD;Relief Canyon;MAIN;77|79
E2756A0D;3;SHV;Relief Canyon;MAIN;78
E280B622;1;QAD;Grassy Mountain;MAIN;41
E285F475;3;QSF;Cangrejos;MAIN;60
E29A5471;1;QSF;La Arena Porphyry;MAIN;70|71
E2ABC432;1;QAD;El Peñón;MAIN;46
E29C6FAB;1;QAD;Jumbo Trend;MAIN;41|49|57
E2B30D82;1;AUR;Makapela;MAIN;25
E2B30D82;2;QSF;Makapela;MAIN;25
E2B21F79;1;QSF;Çöpler;MAIN;88
E2B21F79;2;CAV;Çöpler;MAIN;88
E2D54798;1;QFV;Atsutla Gold Project;MAIN;74
E2D54798;2;QCC;Atsutla Gold Project;MAIN;120
E2D54798;3;QSF;Atsutla Gold Project;MAIN;74|120
E2D54798;4;SHV;Atsutla Gold Project;MAIN;75|120
E327A851;1;QSF;Westwood;MAIN;117|118
E3282C7E;1;QCC;Grey Eagle;MAIN;40|55|56|59
E3282C7E;2;QAD;Grey Eagle;MAIN;40
E32DEE85;1;QAD;South Zone;MAIN;59
E34FD589;1;QCC;Yaoure Central;MAIN;49|55
E36E72E5;1;AUR;Bessell's Reward;MAIN;38
E361791E;1;QSF;Camino Rojo;MAIN;68
E361791E;2;QAD;Camino Rojo;MAIN;69
E3674AF8;1;QSF;San Roque Project;MAIN;41
E3FA4B10;1;QCC;Lac Burge;MAIN;18|21
E414FEF4;1;QSF;Zone 32;MAIN;59
E414FEF4;2;QCC;Zone 32;MAIN;59|62
E4434070;1;QSF;JT Deposit;MAIN;56
E41A8FCC;1;CAV;Grass Mountain;MAIN;27|30
E41A8FCC;2;QSF;Grass Mountain;MAIN;31
E41A8FCC;3;QCC;Grass Mountain;MAIN;32
E49DB9F5;1;QSF;Gold Drop-North Star vein;MAIN;26|29
E46374E2;1;QSF;Barsele Central;MAIN;55|57|58
E46374E2;2;QCC;Barsele Central;MAIN;55|57|58
E46374E2;3;MUL;Barsele Central;MAIN;58
E4B0FE4F;2;QSF;Kliyul Main Zone;MAIN;38
E4B0FE4F;3;MGV;Kliyul Main Zone;MAIN;37
E4B0FE4F;4;SKV;Kliyul Main Zone;MAIN;37
E4F9B916;1;QSF;South Uchi Property;MAIN;166|170
E4F9B916;2;QCC;South Uchi Property;MAIN;166|170
E503C8FB;1;QSF;Cristina;MAIN;30|33|34
E503C8FB;2;QAD;Cristina;MAIN;32|33
E503C8FB;3;QCC;Cristina;MAIN;36
E503C8FB;4;SKV;Cristina;MAIN;30
E50DA189;1;SKV;Lullwitz-Kaeppeli Vein System;MAIN;26
E5263F14;1;QSF;Batman Deposit;MAIN;86
E5263F14;2;QCC;Batman Deposit;MAIN;86
E50A3AA0;1;QSF;Skomac veins;MAIN;14
E50A3AA0;2;SHV;Skomac veins;MAIN;14
E52BB65D;1;SHV;Iron Butte Property;MAIN;45
E52BB65D;2;QSF;Iron Butte Property;MAIN;45
E52BB65D;3;AUR;Iron Butte Property;MAIN;45
E554895E;1;QSF;Fenelon Gold System;MAIN;88
E554895E;2;QCC;Fenelon Gold System;MAIN;88
E55BDD75;1;QCC;Bleka;MAIN;29|30|31
E55BDD75;2;QSF;Bleka;MAIN;31
E55BDD75;3;EXT;Bleka;MAIN;31
E53CE319;1;QCC;Douay;MAIN;38|44
E5D3B9B3;1;QSF;Galat Sufar South;MAIN;70|74
E595E195;1;QCC;Saganaga Property;MAIN;32
E595E195;2;QSF;Saganaga Property;MAIN;32|39
E595E195;3;AUR;Saganaga Property;MAIN;30|32
E6138919;1;QAD;Mercedes;MAIN;67|70|75
E6138919;2;QCC;Mercedes;MAIN;70|72|74|75|76
E6138919;3;MUL;Mercedes;MAIN;70|74|76
E6327985;1;QSF;Tepal;MAIN;52
E6327985;2;QCC;Tepal;MAIN;52
E6AD2FCF;1;QSF;NDZ;MAIN;34|35|37
E677AD84;1;QSF;Premier;MAIN;114|116
E677AD84;2;QCC;Premier;MAIN;115|116|117
E677AD84;3;MUL;Premier;MAIN;114
E6A450F4;1;QAD;Bruner;MAIN;42|44|52
E6A450F4;2;AUR;Bruner;MAIN;52
E6C29DFB;1;QCC;Santa Elena;MAIN;38
E6C29DFB;2;QAD;Santa Elena;MAIN;38|43
E709F8A5;1;TLD;Björkdal;MAIN;26
E6FD537C;1;QSF;Manguredjipa;MAIN;28|31
E6FD537C;2;QTU;Manguredjipa;MAIN;28
E786681C;1;QSF;Red Mountain;MAIN;58
E77C7DBB;1;QCC;Afric Zone;MAIN;36
E70A1105;1;QTU;Sigma-Lamaque;MAIN;86|92|102|110
E70A1105;2;SHV;Sigma-Lamaque;MAIN;89|92
E70A1105;3;EXT;Sigma-Lamaque;MAIN;89|93|94
E79B5BE7;1;QSF;Quesnel Gold 1;MAIN;23
E79B5BE7;2;QCC;Quesnel Gold 1;MAIN;23
E788DA1C;1;QAD;El Barqueño;MAIN;36
E802CD57;1;SKV;Rompas;MAIN;20|24|32
E83B4BB9;1;QCC;San Ramon;MAIN;32
E83B4BB9;2;QSF;San Ramon;MAIN;32
E87AEA7A;1;SHV;Main Zone;MAIN;39
E8495DDF;1;QAD;La India;MAIN;66
E8C7C57F;1;QSF;Yellow Pine;MAIN;117
E8C7C57F;2;QAD;Yellow Pine;MAIN;119
E8CB12C5;1;QSF;Jaclyn Main Zone;MAIN;101
E8DADB6E;1;AUR;South Mine Fault Zone;MAIN;43
E8E18DCD;1;QCC;San Rafael Vein;MAIN;35
E9138D94;1;QSF;Camp;MAIN;15|46
E9138D94;2;QCC;Camp;MAIN;14|15|46
E927B0F8;1;AUR;Turmalina Mine;MAIN;77|81
E9A7B564;1;QCC;QFP / Fishpot;MAIN;19|20|23
E9A7B564;2;MGV;QFP / Fishpot;MAIN;19|23
E9469B1F;1;AUR;Otter Property;MAIN;16
E9469B1F;2;QCC;Otter Property;MAIN;16
E960D5E4;1;QSF;Amulsar;MAIN;35|39
E9E903BD;1;QCC;Tuvatu;MAIN;46|51|57
E9E903BD;2;QSF;Tuvatu;MAIN;46|58
E9E903BD;3;TLD;Tuvatu;MAIN;46|58
E9E903BD;4;QAD;Tuvatu;MAIN;60
EA168503;1;QSF;Eagle Zone;MAIN;67
EA355FBF;1;QCC;Appleton Fault Zone (AFZ) Core;MAIN;72|75|92
EA355FBF;2;MUL;Appleton Fault Zone (AFZ) Core;MAIN;72
EA355FBF;3;SHV;Appleton Fault Zone (AFZ) Core;MAIN;92
EA355FBF;4;EXT;Appleton Fault Zone (AFZ) Core;MAIN;92
EABF7BF6;1;QSF;Riscos de Oro;MAIN;36
EABF7BF6;2;MUL;Riscos de Oro;MAIN;36
EAC2EC38;1;QCC;Ixtaca Zone;MAIN;56|66|68
EAC2EC38;2;MUL;Ixtaca Zone;MAIN;61
EB2C1D5F;1;QAD;Esperanza mine area;MAIN;56
EB2C1D5F;2;QSF;Esperanza mine area;MAIN;55
EB2C1D5F;3;MUL;Esperanza mine area;MAIN;55|56
EB3FCF02;1;QAD;Ben Hur Mine area;MAIN;44
EB283F46;1;QSF;Stibnite Gold Project;MAIN;109|111
EB283F46;2;QCC;Stibnite Gold Project;MAIN;111
EB283F46;3;SUV;Stibnite Gold Project;MAIN;111
EB283F46;4;QAD;Stibnite Gold Project;MAIN;111|171
EB283F46;5;CAV;Stibnite Gold Project;MAIN;112
EB283F46;6;SHV;Stibnite Gold Project;MAIN;171
EB80E3FC;1;QSF;La Arena;MAIN;62|67
EB80E3FC;2;AUR;La Arena;MAIN;71
EBA536E3;1;QCC;Chinapintza;MAIN;27
EC40687A;1;QSF;Wild Rose Vein System;MAIN;37|41|42
EC40687A;2;QCC;Wild Rose Vein System;MAIN;39
EC7446BC;1;SHV;Holt-Holloway;MAIN;39
EC7446BC;2;EXT;Holt-Holloway;MAIN;39
EC7BC0C8;1;QSF;Shotgun Ridge;MAIN;31|35
EC7BC0C8;2;MUL;Shotgun Ridge;MAIN;31|35
EC7BC0C8;3;QTU;Shotgun Ridge;MAIN;36
EC7BC0C8;4;QCC;Shotgun Ridge;MAIN;36
EC950924;1;QCC;Polaris Project;MAIN;51
ECCD3D10;1;AUR;Stockade Mountain;MAIN;76|77|82|83
ECF1627F;1;QSF;Edwards Mine;MAIN;24
ECF94DB7;1;QSF;Çöpler deposit;MAIN;87
ECF94DB7;2;SBV;Çöpler deposit;MAIN;87
ECF94DB7;3;QCC;Çöpler deposit;MAIN;88
ED05EF85;1;QSF;Solomon Trend;MAIN;22
ED05EF85;2;QCC;Solomon Trend;MAIN;32
EDA4A3FF;1;QCC;Filippini;MAIN;58
EDABDFE9;1;QSF;Centennial;MAIN;55
EDB6B3D0;1;QSF;Siwash North;MAIN;50|52|56
EDC787E5;1;QSF;Titan Showing;MAIN;53|66
EE2F1211;1;SUV;Hellyer;MAIN;81
EE492F38;1;QSF;Makapela;MAIN;23
EE7270AC;1;QCC;Mckenzie Break;MAIN;47
EE7270AC;2;SHV;Mckenzie Break;MAIN;47
EE7270AC;3;QTU;Mckenzie Break;MAIN;54
EE7C7611;1;QSF;Carmen;MAIN;36|37
EE8222DB;1;QSF;Doc Zone;MAIN;69|81
EE8222DB;2;SHV;Doc Zone;MAIN;68|69|81
EE8BFCF5;1;QSF;Grub Line VMS;MAIN;15
EE8BFCF5;2;QCC;Grub Line VMS;MAIN;17
EECFA5FC;1;QSF;Eastmain Gold Deposit;MAIN;41
EFEC1CB5;1;QSF;Manto Dorado;MAIN;28
EFF482DC;1;QAD;Jumbo Trend;MAIN;47|52
EFF482DC;2;QCC;Jumbo Trend;MAIN;55
F0A0988A;1;QSF;Milestone;MAIN;38
F0A0988A;2;QCC;Milestone;MAIN;39
F0B33FFA;1;SHV;Macraes;MAIN;54
F0B33FFA;2;QSF;Macraes;MAIN;52|54
F089BF51;1;QSF;Altan Nar;MAIN;31
F089BF51;2;CAV;Altan Nar;MAIN;30
F0C5C049;1;QSF;Shahumyan;MAIN;76
F0C5C049;2;QCC;Shahumyan;MAIN;76
F0C5C049;3;TLD;Shahumyan;MAIN;76
F0C5C049;4;CAV;Shahumyan;MAIN;76
F121BDC3;1;QCC;Eau Claire;MAIN;32
F121BDC3;2;SHV;Eau Claire;MAIN;33
F121BDC3;3;FLT;Eau Claire;MAIN;33
F121BDC3;4;EXT;Eau Claire;MAIN;33
F1535A42;1;QAD;Refugio / Cometa;MAIN;34|45
F1535A42;2;QCC;Refugio / Cometa;MAIN;34|45
F12C6378;1;QAD;Soledad Mountain;MAIN;63|66
F159C106;1;QCC;Cinco Estrellas;MAIN;75
F1B0DCC6;1;QSF;Twin Hills;MAIN;54
F19AC6A0;1;QAD;Trout;MAIN;27
F19AC6A0;2;QCC;Trout;MAIN;41|47|48
F1FE2164;1;QCC;Windpass;MAIN;23
F1FE2164;2;QSF;Windpass;MAIN;23
F1FE2164;3;TLD;Windpass;MAIN;23
F1BFD9AD;1;ALS;Guanaco Mine;MAIN;107|142
F2E74BE4;1;QSF;Alankoy;MAIN;24
F2E9707D;1;QSF;Toroparu;MAIN;40|41
F2E9707D;2;SUV;Toroparu;MAIN;41
F30E996F;1;QSF;Endeavour;MAIN;58
F3473D02;1;QSF;Esperanza;MAIN;41
F3515C71;1;QCC;Ayelén vein;MAIN;39
F3515C71;2;QAD;Ayelén vein;MAIN;43|46
F3515C71;3;SHV;Ayelén vein;MAIN;47
F3591CDC;1;QCC;Walsh-FP;MAIN;71|74|105
F3591CDC;2;QSF;Walsh-FP;MAIN;71|75
F3753131;1;QCC;Urban Barry Property;MAIN;27|42
F3A2D54F;1;QCC;Golden Culvert;MAIN;36
F3A2D54F;2;EXT;Golden Culvert;MAIN;36
F3AA0BD3;1;SHV;Croinor;MAIN;55
F3AA0BD3;2;EXT;Croinor;MAIN;55|56|63
F3AA0BD3;3;QSF;Croinor;MAIN;55
F3AA0BD3;4;QCC;Croinor;MAIN;56
F3AA0BD3;5;QTU;Croinor;MAIN;56
F3ACEA9C;1;QSF;Holy Cross;MAIN;15|16
F3E72486;1;QAD;Dos de Mayo;MAIN;24
F42E69AC;1;QSF;Main Gold Zone;MAIN;12
F408E3A4;1;QSF;Shahuindo;MAIN;94|95
F465AEEB;1;AUR;Independence;MAIN;85
F47CA92C;1;QAD;Blackdome;MAIN;60|79
F49FAB67;1;QSF;Coringa;MAIN;97
F48DD070;1;QSF;Chepica vein systems;MAIN;28|31
F4AD55C4;1;QSF;Marmato;MAIN;70|71
F4D2E10F;1;QCC;Kendell Prospect;MAIN;48
F4F9EEA6;1;QSF;Lemhi Gold Deposit;MAIN;69
F4F9EEA6;2;QCC;Lemhi Gold Deposit;MAIN;69
F5828144;1;QAD;Sulfuro;MAIN;37
F5828144;2;QCC;Sulfuro;MAIN;37
F58EA6B8;1;QSF;Tablon;MAIN;19
F5793C7A;1;QCC;Cariboo Gold Project;MAIN;179|187|188
F5793C7A;2;SHV;Cariboo Gold Project;MAIN;178|191
F5793C7A;3;EXT;Cariboo Gold Project;MAIN;178|189
F5AF9BA6;1;QSF;Copper Zone;MAIN;37
F5F2336F;1;QCC;Afric Zone;MAIN;77|78|85
F601419A;1;QCC;Fire Creek;MAIN;58|59|60
F601419A;2;QAD;Fire Creek;MAIN;60
F6383225;1;QCC;Bell Mountain;MAIN;46|47|54|57
F626D80F;1;QCC;Serpent-Radisson Gold Corridor;MAIN;48
F626D80F;2;SHV;Serpent-Radisson Gold Corridor;MAIN;44|45|47
F626D80F;3;EXT;Serpent-Radisson Gold Corridor;MAIN;48
F63EEF33;1;QSF;Centennial;MAIN;58
F6699FCC;1;QCC;Lac Pau;MAIN;23
F6699FCC;2;QSF;Lac Pau;MAIN;20|24|26|27|28
F6AD55FE;1;SHV;San Albino Deposit;MAIN;41
F6AD55FE;2;EXT;San Albino Deposit;MAIN;42
F6AD55FE;3;QCC;San Albino Deposit;MAIN;43
F6B38898;1;SHV;Purimac;MAIN;37
F6B38898;2;EXT;Purimac;MAIN;37
F6B38898;3;QSF;Purimac;MAIN;36|37
F6ABA39E;1;QAD;Mercedes Mine;MAIN;60|65|69
F6ABA39E;2;QCC;Mercedes Mine;MAIN;65|68|69
F6ABA39E;3;MUL;Mercedes Mine;MAIN;65|69
F7431E0B;1;QCC;Shasta;MAIN;60|61|62
F7431E0B;2;MUL;Shasta;MAIN;60|61|62
F7006858;1;QSF;Dolphin;MAIN;31|32|33
F7200D6E;1;QCC;Courtney;MAIN;33|36|39
F73496E2;1;QTU;Sergeevskoe;MAIN;42|44|45|48|49|50
F73496E2;2;QSF;Sergeevskoe;MAIN;44|45|46|50
F73496E2;3;QCC;Sergeevskoe;MAIN;46
F7436D5B;1;QSF;Starr Zone;MAIN;37
F74D5963;1;QSF;Mitchell;MAIN;89
F74D5963;2;SBV;Mitchell;MAIN;89
F74D5963;3;SUV;Mitchell;MAIN;89
F74D5963;4;QFV;Mitchell;MAIN;90
F7557C56;1;QCC;Perron Gold Zones;MAIN;65|70|71
F7557C56;2;QSF;Perron Gold Zones;MAIN;65|70|71
F7557C56;3;EXT;Perron Gold Zones;MAIN;77
F7557C56;4;SHV;Perron Gold Zones;MAIN;72
F78752EF;1;QSF;JT Deposit;MAIN;59
F7A37D08;1;QAD;Tonopah;MAIN;42|47
F7DEB903;1;QCC;Frederick House Lake Gold Target;MAIN;19
F83A65FE;1;QCC;Galleon prospect;MAIN;21
F895534A;1;QCC;Phum Syarung;MAIN;43
F8787724;1;QSF;Revel Ridge Main Zone;MAIN;69|80|83|86|96
F8787724;2;QCC;Revel Ridge Main Zone;MAIN;86
F8C6C5C3;1;AUR;La Lamosa Ridge;MAIN;50
F900C0E0;1;QCC;Beta Hunt Gold;MAIN;71|72
F900C0E0;2;SHV;Beta Hunt Gold;MAIN;62
F900C0E0;3;EXT;Beta Hunt Gold;MAIN;62|63
F905F11B;1;AUR;Purdex Gold Zone;MAIN;54|55
F9218C3D;1;QSF;Sugarloaf Peak;MAIN;35|36
F9218C3D;2;QCC;Sugarloaf Peak;MAIN;35|36
F9218C3D;3;EXT;Sugarloaf Peak;MAIN;35|36|37
F9218C3D;4;QTU;Sugarloaf Peak;MAIN;35
F9218C3D;5;MGV;Sugarloaf Peak;MAIN;35
F93F68EA;1;QSF;Cocula Project;MAIN;48|54|56
F93F68EA;2;SBV;Cocula Project;MAIN;54
F96BE301;1;AUR;Castle Mountain;MAIN;108
F9BEDDDF;1;QCC;Larder Lake Property;MAIN;27|30
FA2ABBC3;1;QSF;Klaza vein system;MAIN;70
FA2ABBC3;2;QCC;Klaza vein system;MAIN;70
FA12F08A;1;QSF;Lawyers Trend;MAIN;113|114|115|116|119|120
FA12F08A;2;QCC;Lawyers Trend;MAIN;114|115|116|120
FA12F08A;3;MUL;Lawyers Trend;MAIN;113|115
FA2D25CE;1;QCC;Golden Culvert;MAIN;37
FA3229D6;1;QSF;Preview SW;MAIN;31
FA3229D6;2;QCC;Preview SW;MAIN;34
FAA005F2;1;QCC;Newman-Todd;MAIN;17|21|22
FAAD2C02;1;SHV;Witlage Creek;MAIN;55|62|64
FAAD2C02;2;EXT;Witlage Creek;MAIN;62|64
FAAD2C02;3;QSF;Witlage Creek;MAIN;62|64
FB55B7CB;1;QSF;Rainy River gold project;MAIN;72|75
FB55B7CB;2;QCC;Rainy River gold project;MAIN;65|67|72|74
FB55B7CB;3;SHV;Rainy River gold project;MAIN;65|72
FB8AB413;1;QCC;Toroparu Deposit;MAIN;92
FB9A0A42;1;QSF;Committee Bay Area Project;MAIN;42
FBC1F48B;1;QSF;Sharga VMS Prospects;MAIN;29|30|31|32
FBDDD661;1;EXT;New Beliveau;MAIN;104
FBDDD661;2;SHV;New Beliveau;MAIN;104
FC282D5A;1;QSF;Reef;MAIN;43
FC21013D;1;QSF;Eskay Creek;MAIN;69|75|76
FC21013D;2;CAV;Eskay Creek;MAIN;70
FC5AD648;1;QCC;El Yujo;MAIN;31
FC4DEE3D;1;QAD;Antapite Mine;MAIN;28|31|32|35
FC9EFEA2;1;QAD;Casposo;MAIN;27|31
FC9E737C;1;QCC;Gooseberry;MAIN;32
FCBC1184;1;QCC;Bryce Gold Property;MAIN;41|42|43
FCCE729C;1;QCC;Thurber Gold Trend;MAIN;27|38|39|40|42
FCCE729C;2;MUL;Thurber Gold Trend;MAIN;29|32|35
FD21B936;1;QCC;Amber Zone;MAIN;35|36
FCD43C7C;1;QAD;Midas;MAIN;57|64
FD4A5797;1;QAD;Sulfuro vein;MAIN;38
FD564F86;1;QCC;Dory Property;MAIN;18|19|21
FD564F86;2;QFV;Dory Property;MAIN;19
FD728A17;1;AUR;Baner Project;MAIN;36|38
FD728A17;2;QCC;Baner Project;MAIN;52
FD728A17;3;QSF;Baner Project;MAIN;52
FE367CC0;1;QSF;Augusta;MAIN;6|80
FE367CC0;2;QCC;Augusta;MAIN;80
FE3C5443;1;QCC;Los Crestones;MAIN;29
FE3C5443;2;QSF;Los Crestones;MAIN;30|32
FE3C5443;3;SBV;Los Crestones;MAIN;32
FE4D71B5;1;QSF;Marston;MAIN;47
FE5D75A3;1;QSF;La Gitana;MAIN;14
FE5D75A3;2;MUL;La Gitana;MAIN;14
FE68615C;1;QCC;Chirano;MAIN;34|38
FE68615C;2;MUL;Chirano;MAIN;38
FF25AA28;1;QAD;La Libertad;MAIN;90|93
FF29FA2D;1;QSF;Mercury One;MAIN;61|76
FF29FA2D;2;CAV;Mercury One;MAIN;76
FF501A3C;1;QCC;Glen Auden Gold Zone;MAIN;33
FF53B0CA;1;QCC;Baker;MAIN;56|58
FF53B0CA;2;MUL;Baker;MAIN;56
FF6B3D13;1;QSF;Al Halahila Main Zone;MAIN;26|29
07AF93F5;1;QCC;Fuller deposit;MAIN;24
FFB16654;1;QSF;Meadowbank Area Project;MAIN;44|45|48
02848679;1;QSF;Nasedkino;MAIN;32
5043734F;1;QCC;Zone Hamelin;MAIN;31
2736ACB0;1;QSF;Buffalo-Ankerite South;MAIN;18
3A89EF88;1;QSF;Santo Antonio;MAIN;19|21
5F622144;1;QSF;Pinguino;MAIN;15
515A6D4D;1;QSF;Cerro del Gallo;MAIN;33|34
6F8AF3D8;1;QCC;Windfall;MAIN;138|141
6F8AF3D8;2;FLT;Windfall;MAIN;138
76F392A5;1;QSF;Columario;MAIN;27
623449A8;1;QCC;Goodman East Zone;MAIN;29|34|35
623449A8;2;SHV;Goodman East Zone;MAIN;35
623449A8;3;EXT;Goodman East Zone;MAIN;35
7E1DC3A7;1;SHV;Beaufort;MAIN;38
7E1DC3A7;2;QCC;Beaufort;MAIN;46|47
7E1DC3A7;3;QSF;Beaufort;MAIN;39
7B6523F8;1;QSF;Hope Brook;MAIN;57|61
7B6523F8;2;TLD;Hope Brook;MAIN;61
871D644B;1;QSF;Auriferous Quartz Reefs;MAIN;39|40|46
833C9BF8;1;QCC;La Bolsa;MAIN;46
833C9BF8;2;QAD;La Bolsa;MAIN;46
8CFB4C14;1;QSF;Buffalo-Ankerite;MAIN;17
8D7A0508;1;QSF;Chépica vein systems;MAIN;23|27
90600156;1;ALS;Amarillo Project;MAIN;43
923593E5;1;QAD;DeLamar area;MAIN;67|71
A10B7BC7;1;AUR;El Rosario;MAIN;31
A9A0DB31;1;QSF;Itilima Shear Zone;MAIN;19|26|29|30|53|83
CC12C071;1;QSF;Cerro Verde;MAIN;13|14
D48F55E2;1;QFV;Canadian Malartic;MAIN;54
B4D78233;1;QSF;Iron Point;MAIN;17
B4D78233;2;QCC;Iron Point;MAIN;41
ED72EA3D;1;QSF;Kearney Vein;MAIN;16|20|21|23
F76FBAFC;1;AUR;Itilima Shear Zone;MAIN;19|28|29|53
1F4E2BEE;1;QAD;Drumlummon;MAIN;15
48D4AE41;1;SUV;Marmato;MAIN;31
F8DFAB5E;1;QAD;Tuscarora;MAIN;32
F8DFAB5E;2;QCC;Tuscarora;MAIN;32
78E8EA54;1;SUV;Marmato;MAIN;31
B87B9695;1;SUV;Ahmavaara;MAIN;54|55
B9507E64;1;QSF;Taca Taca;MAIN;33
B937321D;1;QCC;Kevitsa;MAIN;35|36
B937321D;2;SKV;Kevitsa;MAIN;36
B937321D;4;SUV;Kevitsa;MAIN;36
B987C0E1;1;QSF;Chelopech;MAIN;65
B987C0E1;2;SBV;Chelopech;MAIN;66
B9FBE281;1;QCC;Hopper;MAIN;31
BA171E23;1;QFV;Haquira East;MAIN;66
BA171E23;2;SKV;Haquira East;MAIN;66
BA171E23;6;SUV;Haquira East;MAIN;66
BA171E23;7;QSF;Haquira East;MAIN;66
BA6F2CC4;1;QSF;Alpala;MAIN;80|88|89
BA6F2CC4;2;CAV;Alpala;MAIN;89
C0886A74;1;AUR;Turmalina Mine;MAIN;77
FA25CD20;1;QAD;Cerro Blanco;MAIN;75|90|91
F6E4EA44;1;QCC;Windfall;MAIN;116|121|122|141|144
F6E4EA44;2;SHV;Windfall;MAIN;120
F6E4EA44;3;QSF;Windfall;MAIN;120
C2AF73F9;1;QCC;Moss Vein;MAIN;57|58|68
C2AF73F9;2;FLT;Moss Vein;MAIN;58|65
ECDE1F0F;1;QCC;Newton;MAIN;65
ECDE1F0F;2;QSF;Newton;MAIN;66|73
ECDE1F0F;3;CAV;Newton;MAIN;68
F86FD195;1;QAD;El Zapote;MAIN;64
C03783C6;1;AUR;Guadalupe Project;MAIN;43
00FE19F5;1;AUR;Eureka West;MAIN;60|62
DAEF9F13;1;QSF;Zani-Kodo;MAIN;51|56
8DD15988;1;QCC;S-50 Zone;MAIN;117
BA8ECAB9;1;MGV;Mantoverde;MAIN;65|66
BA8ECAB9;2;QFV;Mantoverde;MAIN;65
BA8ECAB9;3;CAV;Mantoverde;MAIN;63|65
BA8ECAB9;7;QTU;Mantoverde;MAIN;65
BAC349FD;1;URV;Horseshoe;MAIN;50
BB02D8D9;1;QSF;Al Hamurah;MAIN;17|19
BB465406;1;QSF;Mount Milligan;MAIN;66
BB465406;2;QCC;Mount Milligan;MAIN;66
BB465406;3;AUR;Mount Milligan;MAIN;65
BB928D59;1;QSF;Huanza property;MAIN;19
BBA59BA1;1;QSF;Sleitat;MAIN;23
BB98B8D7;1;QSF;Furnas;MAIN;37|38|39
BBD7C48E;1;QSF;Soledad tourmaline breccia pipes;MAIN;46|48|49
BBDF8FA9;1;QSF;Arex and Ambrex;MAIN;46
BC09C7C7;1;QSF;Alpala;MAIN;80|88|89
BC09C7C7;2;MGV;Alpala;MAIN;88|89
BC09C7C7;3;SBV;Alpala;MAIN;88|89
BC09C7C7;4;CAV;Alpala;MAIN;89
BC17ECA3;1;QCC;Iron Ore Hill;MAIN;26|27
BC402EDE;2;QSF;Quebrada Blanca;MAIN;52|55
BC498F14;1;AUR;Lisle Zone;MAIN;75|77|89|99
BCE4F9DE;1;SBV;Klappibacken;MAIN;32|34
BD3BC3DF;1;QSF;Čukaru Peki;MAIN;58
BD85FE02;1;AUR;Fortuna and Teresa Shear Zone;MAIN;20|23
BDBB92DD;1;AUR;Zafranal Main Zone;MAIN;52
BD8C9423;1;AUR;Ptarmigan Quartzite;MAIN;26
BDA1B15F;1;BOV;Piskanja;MAIN;38
BD9D78C6;1;QSF;Los Azules;MAIN;69|70|71|73
BD9D78C6;2;MGV;Los Azules;MAIN;69|70|71
BDE18B03;1;QSF;Cozamin;MAIN;67|69
BDE18B03;2;QCC;Cozamin;MAIN;67|69
BDF7E37B;1;SUV;MG01;MAIN;47|50|51
BE6A3F20;1;QCC;Zandkopsdrift;MAIN;40
BE9DC91E;1;QSF;Davidson;MAIN;24
BE9DC91E;2;QCC;Davidson;MAIN;24
BECB5781;1;QCC;Johnny Lee;MAIN;115|116|117
BF0E3A89;1;QSF;Alaskite Zone;MAIN;39
BF0E3A89;2;QCC;Alaskite Zone;MAIN;36|39
BF6CD2D6;1;QSF;Duval showings;MAIN;47
BF683D6E;1;QCC;Kombat Mine;MAIN;62
BF899084;1;AUR;Bisiye;MAIN;23
BF93360F;1;QSF;Troitsa Porphyry System;MAIN;70
BF93360F;2;QCC;Troitsa Porphyry System;MAIN;121|122
BFA710AD;1;MUL;Main Zone;MAIN;59
BFA95E03;1;QSF;Van Dyke;MAIN;57|59
BFA83362;1;QSF;Southeast Zone;MAIN;34
BFDEF3A2;1;QCC;Mt Elliott;MAIN;42
C0060053;1;QSF;Duncan Lake Project;MAIN;44
C0060053;2;QCC;Duncan Lake Project;MAIN;52
C08370EE;1;QSF;Limonite Creek;MAIN;11|12|15
C0BFF6AB;1;MUL;Roncevaux quartz vein;MAIN;23|38
C0DE5390;1;QCC;Main Zone;MAIN;74
C0DE5390;2;QSF;Main Zone;MAIN;76
C0DF1A16;1;CAV;Bornite;MAIN;43
C11411DF;1;QSF;Filo del Sol;MAIN;112
C11411DF;2;ALS;Filo del Sol;MAIN;114
C1353778;1;SUV;Salobo;MAIN;50
C1353778;2;AUR;Salobo;MAIN;51
C1393F7C;1;QSF;Dick Creek;MAIN;40
C18A94C1;1;URV;Arrow deposit;MAIN;31
C1A3BFDB;1;AUR;Nkout;MAIN;42
C1A3BFDB;3;EXT;Nkout;MAIN;28|44
C1B75267;1;QSF;Carrizalillo Hill;MAIN;35
C1B75267;2;AUR;Carrizalillo Hill;MAIN;41
C1B75267;3;QCC;Carrizalillo Hill;MAIN;43
C1B75267;4;SKV;Carrizalillo Hill;MAIN;42|46
C1B75267;5;MGV;Carrizalillo Hill;MAIN;43|46
C1B7DE96;1;QSF;Altar;MAIN;63|64
C1B7DE96;2;ALS;Altar;MAIN;66
C1B7DE96;3;SBV;Altar;MAIN;64
C1B7DE96;4;QTU;Altar;MAIN;65
C1AF4092;1;QCC;Angie Property;MAIN;16
C1AF4092;2;QSF;Angie Property;MAIN;18
C1CD099E;1;QSF;Wolfram Camp;MAIN;68|70
C223C5CA;1;QCC;Mount Polley;MAIN;37
C2445EB5;1;FLT;Dibwe East;MAIN;49
C26E5884;1;CAV;C-Zone;MAIN;70
C25473DB;1;QSF;ABM;MAIN;70
C2D5E0DF;1;AUR;Tan Chaffao;MAIN;31|35
C2F2295E;1;QSF;Mandamah;MAIN;35|36
C2F2295E;2;QCC;Mandamah;MAIN;36
C2F2295E;3;CAV;Mandamah;MAIN;36
C3069997;1;PMV;Main Zone;MAIN;78|79
C3219A77;1;QSF;Nithi Mountain;MAIN;21
C34117CD;1;QSF;Berg;MAIN;84
C34117CD;2;PMV;Berg;MAIN;84
C3DB0753;1;QCC;Glencore Bucke Property;MAIN;26
C3F0A405;1;PMV;Lainejaur;MAIN;31
C3B5713F;1;CAV;Shag;MAIN;20|25|26|27
C3ED2695;1;QCC;Copper Hills prospect;MAIN;29
C3CD26B9;1;QCC;Anne, Kianna and Colette Deposits;MAIN;45
C3CD26B9;2;URV;Anne, Kianna and Colette Deposits;MAIN;68|73
C438AFBC;1;QCC;Smith Cobalt Project;MAIN;78
C44BD352;1;QSF;Schaft Creek;MAIN;72|73|74
C44BD352;2;QCC;Schaft Creek;MAIN;72|74
C44BD352;3;CAV;Schaft Creek;MAIN;72|74
C44BD352;4;SBV;Schaft Creek;MAIN;72
C44BD352;6;QTU;Schaft Creek;MAIN;74
C4BCD451;1;AUR;Valtreixal;MAIN;39|42
C5022719;1;FLT;Artillery Mountains Manganese Deposits;MAIN;28
C4C70E31;1;QSF;Seel deposit;MAIN;30|31|33
C4C70E31;2;QCC;Seel deposit;MAIN;34
C52BE170;1;CAV;Thompson Knolls;MAIN;43
C5283361;1;QCC;Red-Chris;MAIN;35|36
C5283361;2;QSF;Red-Chris;MAIN;36
C5283361;3;SBV;Red-Chris;MAIN;39
C5283361;4;CAV;Red-Chris;MAIN;39
C53AE04B;1;ALS;Longshot Ridge;MAIN;22
C56C6E6E;1;QCC;Camp showing;MAIN;42|45
C56C6E6E;2;QSF;Camp showing;MAIN;45
C5433EA5;1;QCC;Eldorado;MAIN;31
C5531D26;1;QSF;Riotinto;MAIN;71
C63B1254;1;QSF;Yandera;MAIN;41
C63B5093;1;QSF;Kay Deposit;MAIN;51
C63B5093;2;CAV;Kay Deposit;MAIN;51
C6466AEF;1;AUR;Alpala;MAIN;36
C6466AEF;2;MGV;Alpala;MAIN;36|37
C6466AEF;3;QSF;Alpala;MAIN;36|37
C6466AEF;4;SBV;Alpala;MAIN;37
C6466AEF;5;SUV;Alpala;MAIN;37
C6466AEF;7;CAV;Alpala;MAIN;37
C6466AEF;8;PMV;Alpala;MAIN;37
C64D7DEF;1;QSF;Berg Deposit;MAIN;20
C64D7DEF;2;QCC;Berg Deposit;MAIN;20
C67C3D88;1;QSF;Mahab 4;MAIN;35
C68C55E0;1;QSF;Coal Creek;MAIN;18
C65DF537;2;QSF;Double S;MAIN;36|38
C6C4469E;1;QSF;Cotabambas Deposit;MAIN;47
C71B84ED;1;QSF;Mala Noche Vein System;MAIN;74|76
C71B84ED;2;QCC;Mala Noche Vein System;MAIN;74|76
C729B37B;2;QSF;Arcas porphyry;MAIN;48
C729B37B;3;MGV;Arcas porphyry;MAIN;48
C729B37B;4;AUR;Arcas porphyry;MAIN;48
C799EC82;1;QSF;Gate Zone;MAIN;64
C79BD3B6;1;QSF;Thompson Creek;MAIN;62
C7D1D0B6;1;AUR;No. 1 Zone;MAIN;26
C81B8F0F;1;QSF;Mt. Milligan;MAIN;60|61
C81B8F0F;2;AUR;Mt. Milligan;MAIN;60
C81B8F0F;3;QCC;Mt. Milligan;MAIN;61
C856A809;1;QSF;Haib;MAIN;99
C87E684D;1;MGV;Copper Mountain;MAIN;28|29|31
C87E684D;3;QFV;Copper Mountain;MAIN;31
C87892CA;1;PMV;Summit-Gaber;MAIN;19|23
C87892CA;2;SBV;Summit-Gaber;MAIN;23
C87892CA;4;MGV;Summit-Gaber;MAIN;25
C87892CA;5;QCC;Summit-Gaber;MAIN;25
C9131D4F;1;QSF;Southeast Zone;MAIN;122
C9131D4F;2;SBV;Southeast Zone;MAIN;122
C9131D4F;3;PMV;Southeast Zone;MAIN;122
C98ECCB9;1;QSF;Red Hills;MAIN;39|41
C96FE5F6;1;QSF;Romios Copper-(Gold) Zone / Atim Lake North VMS;MAIN;31|35
C976EDD4;1;QSF;Lalor Lake deposit;MAIN;47|49
C9A91F89;1;CAV;Carbo Carbonatite;MAIN;41|54
C9A04EE4;1;QSF;Ming Mine;MAIN;38
C9C30B0B;1;AUR;Empire Mine;MAIN;37
C9EC48D5;1;QSF;Copper Flat;MAIN;91
C9EC48D5;2;QCC;Copper Flat;MAIN;91
CA13967F;1;QCC;Princeton Copper;MAIN;54|56|57
CA281BF1;1;QCC;Shituru;MAIN;43
CA601E44;1;SUV;Maturi;MAIN;100
CADD559B;1;QSF;La Verde;MAIN;45|52
CADD559B;2;SHV;La Verde;MAIN;47
CADD559B;3;QTU;La Verde;MAIN;49
CADD559B;4;CAV;La Verde;MAIN;52
CADE6AA1;5;SHV;Copper Springs;MAIN;65
CB709E0C;1;QCC;Millennium;MAIN;70|76
CB709E0C;2;QSF;Millennium;MAIN;76
CB709E0C;3;QFV;Millennium;MAIN;76
CBA4B543;1;QSF;Crypto deposit;MAIN;48|58
CBAD1783;1;QSF;Red Hills;MAIN;37|38
CBAD1783;2;SUV;Red Hills;MAIN;38
CBA64FE6;1;QSF;MacArthur;MAIN;55
CBE442C3;1;QSF;Southeast Zone;MAIN;33
CBCE0C2D;1;QSF;Santa Cruz deposit;MAIN;102
CBDADC50;1;QSF;Chapada;MAIN;54|57
CC06D48C;1;CAV;Prairie Lake Carbonatite Complex;MAIN;27
CC332219;1;AUR;Sombrero Main;MAIN;44
CC2043C6;1;SUV;Maniitsoq Project;MAIN;5|54|56|57
CC3EAF3D;1;QSF;Sunnyside;MAIN;52
CC4D26D5;1;QTU;Pegmont;MAIN;68
CC4D26D5;2;QCC;Pegmont;MAIN;68
CC81F76C;1;QSF;Morrison deposit;MAIN;41|42
CC8DC4B1;1;QCC;Kuriskova;MAIN;50|53|57|59|60
CC8DC4B1;2;QSF;Kuriskova;MAIN;50|59
CCD50681;1;SHV;Bralorne;MAIN;71
CCD50681;2;EXT;Bralorne;MAIN;71
CCD50681;3;FLT;Bralorne;MAIN;71
CCD50681;4;QCC;Bralorne;MAIN;71
CCEA2B3F;1;QSF;Kismet;MAIN;73|74
CCFAE1B8;1;URV;Triple R deposit;MAIN;83
CD7333FA;1;BOV;Piskanja;MAIN;30
CD91490B;2;QSF;Pinto Valley Mine;MAIN;61|64
CD9EBC98;1;CAV;North Hitura;MAIN;27
CD8F8661;1;QSF;Lansdowne House Igneous Complex (LHIC) Mineralization;MAIN;87|88|99
CD8F8661;2;QCC;Lansdowne House Igneous Complex (LHIC) Mineralization;MAIN;87|88|99
CDC999CD;1;CAV;Little Eva;MAIN;107|108|111
CDD29B44;1;QSF;Cuatro Hermanos;MAIN;45
CE170BA6;1;QCC;Lo Prospect;MAIN;14
CDF052A9;1;QSF;Lone Mountain;MAIN;28|33|39
CDF052A9;2;QCC;Lone Mountain;MAIN;33
CE45494B;1;QSF;Copper Flat;MAIN;104
CE45494B;2;QCC;Copper Flat;MAIN;104
CE1AA9AD;1;QCC;Bull River Mine;MAIN;46
CE6F2CEE;1;QSF;Porphyry Cu/Mo Target;MAIN;16|21
CE50D3A8;1;QSF;Florence deposit;MAIN;110
CE50D3A8;2;QFV;Florence deposit;MAIN;100
CE50D3A8;4;CAV;Florence deposit;MAIN;106
CE9B8A30;1;QSF;Kestane;MAIN;57|61
CE9B8A30;2;QFV;Kestane;MAIN;57|60|61
CE9B8A30;3;AUR;Kestane;MAIN;52
CEA2E76C;1;QSF;Rio Tinto;MAIN;43
CEDC20C0;1;MGV;Mont Sorcier;MAIN;46|51
CECD0E19;1;QSF;Mala Noche vein system;MAIN;49|51
CECD0E19;2;QCC;Mala Noche vein system;MAIN;49|51
CF03ED99;1;QSF;Northern Dancer;MAIN;26|29|35
CF3E02B1;1;MUL;Kombat Mine;MAIN;87
CF46C734;1;QCC;Novoveska Huta;MAIN;50|58|61
CF1F47A9;1;QSF;Haib;MAIN;37|42
CF552E92;1;URV;Arrow Deposit;MAIN;79
CF552E92;3;AUR;Arrow Deposit;MAIN;77
CFBBF005;1;QFV;PVM;MAIN;81|76
CFBBF005;2;QSF;PVM;MAIN;81|76
CFBBF005;3;SUV;PVM;MAIN;81|77
CF9B91FD;1;QCC;Banana Zone;MAIN;28|29
CFF6C6CE;1;QSF;Central Zone;MAIN;39
D0000536;1;URV;Shea Creek Deposits (Anne, Kianna, Colette);MAIN;65|70
D0000536;4;QCC;Shea Creek Deposits (Anne, Kianna, Colette);MAIN;73
D042DD78;1;QSF;AntaKori;MAIN;36
D04073BE;1;AUR;Empire Mine;MAIN;13
D0A9B5CE;1;QCC;Main Zone;MAIN;55
D103D8FE;1;QSF;Berg deposit;MAIN;44
D103D8FE;2;QCC;Berg deposit;MAIN;44
D13600CA;1;QCC;Dundonald South;MAIN;33
D1576259;1;QSF;Chu Chua;MAIN;38
D1BB1345;1;QSF;Chita Porphyry;MAIN;45|46|67
D1BB1345;2;PMV;Chita Porphyry;MAIN;45
D1BB1345;3;QAD;Chita Porphyry;MAIN;45
D1BB1345;4;AUR;Chita Porphyry;MAIN;67
D208A123;1;QSF;Siwash Property;MAIN;30|33|34
D208A123;2;QCC;Siwash Property;MAIN;31
D208962E;1;QSF;Ilovitza;MAIN;16|17
D21A7FA6;1;QSF;Mactung;MAIN;43|44|46
D21A7FA6;2;QCC;Mactung;MAIN;43
D28DCC92;3;QSF;Quebrada Blanca;MAIN;15|17
D2714152;1;QCC;Le Mare hydrothermal system;MAIN;29
D2714152;2;QSF;Le Mare hydrothermal system;MAIN;70|71
D2714152;3;SKV;Le Mare hydrothermal system;MAIN;43|73
D2714152;4;CAV;Le Mare hydrothermal system;MAIN;55
D2CCCC3B;1;QCC;Bloom Lake;MAIN;62
D2EE2B15;1;QCC;Kittson-Cobalt;MAIN;24|27
D2C5BA1C;1;MGV;Kemess North;MAIN;58
D2C5BA1C;2;QSF;Kemess North;MAIN;58
D2C5BA1C;3;SUV;Kemess North;MAIN;58
D2C5BA1C;4;SBV;Kemess North;MAIN;56|58
D3204E8B;1;QFV;Dotson Zone;MAIN;85
D3390435;1;QSF;ABM;MAIN;71
D3AB9449;1;AUR;Wollaston Lake Property;MAIN;34
D3A71059;1;QSF;Reiseter;MAIN;16|17
D3A71059;2;QCC;Reiseter;MAIN;18
D3F1826D;1;QSF;Glacier Creek prospect;MAIN;25
D3C80563;1;MGV;Copper Mountain;MAIN;27|28|29
D3C80563;3;QFV;Copper Mountain;MAIN;30
D42B2574;1;QCC;Caber;MAIN;56
D4870152;1;QSF;Kaukua;MAIN;34
D4BF5B64;1;MUL;Lake St. Joseph Iron Formation;MAIN;65
D4CD526B;1;SUV;Bugaboo;MAIN;23
D4E44621;1;QSF;Two Tom;MAIN;34
D503EAB6;1;PMV;Torlon Hill;MAIN;37
D54BFF95;1;QSF;Bourier Property Mineralization;MAIN;34|35|37
D569B759;1;QSF;Inmachuk prospect;MAIN;15
D578D8AC;1;QSF;Agua Rica;MAIN;81|85
D578D8AC;2;ALS;Agua Rica;MAIN;81|82
D5829355;1;QSF;Eaglehead;MAIN;72|81|82|89
D5829355;2;MUL;Eaglehead;MAIN;72|81
D5829355;3;SBV;Eaglehead;MAIN;72|82
D5ACB8ED;1;SUV;W4 Nickel Deposit;MAIN;92
D5B08D52;1;AUR;Karin Lake;MAIN;30
D5B08D52;2;SKV;Karin Lake;MAIN;35
D5BBBC8D;1;QSF;Niblack;MAIN;58
D63985E8;2;QSF;Pinto Valley Mine;MAIN;61|64
D63B8782;1;QSF;Schaft Creek;MAIN;116
D63B8782;2;QCC;Schaft Creek;MAIN;116
D64A8D55;1;QSF;CUMO;MAIN;43|44
D657DBFB;1;QCC;Kansanshi;MAIN;20|59|61
D6640563;1;QSF;Alpala Deposit;MAIN;80|124
D6640563;2;AUR;Alpala Deposit;MAIN;124
D6640563;3;MGV;Alpala Deposit;MAIN;124
D6992545;1;CAV;Sahavaara;MAIN;52
D6992545;2;SUV;Sahavaara;MAIN;60
D69B3DC7;1;QSF;El Toro Project;MAIN;29|30|31|32|33|34
D69B3DC7;2;QCC;El Toro Project;MAIN;32
D69B3DC7;3;SKV;El Toro Project;MAIN;32
D6D5AFDC;1;QSF;El Hávila;MAIN;34|35|44
D72D8E70;1;QSF;Hugo North Extension;MAIN;125
D7482B54;1;SHV;MacArthur;MAIN;61
D7A2D36E;1;QSF;Chapada;MAIN;55
D7A589EB;1;QCC;Thierry Deposit;MAIN;50|51
D7A589EB;2;QSF;Thierry Deposit;MAIN;50
D7CD43B7;1;QSF;Lac Burge Project;MAIN;25|26
D7CD43B7;2;QCC;Lac Burge Project;MAIN;26|30
D82F2703;1;SUV;Bucko Lake;MAIN;42|46
D85F28EE;1;AUR;Slopeaway;MAIN;23
D85F28EE;2;CAV;Slopeaway;MAIN;23|24
D8611500;1;URV;Coles Hill;MAIN;36|39
D94A34AA;1;QCC;Sentinel;MAIN;48
D8FA8BCD;1;QSF;Kerr-Sulphurets-Mitchell;MAIN;41|46
D8FA8BCD;2;QCC;Kerr-Sulphurets-Mitchell;MAIN;41|46
D8FA8BCD;3;SBV;Kerr-Sulphurets-Mitchell;MAIN;41
D94EB5C6;1;QSF;Haib;MAIN;37|42
D9BA75B3;1;QSF;Moyie Anticline Property;MAIN;63
D9DAF35A;1;QSF;Rambler Main Mine;MAIN;48
D9E13F4A;1;QSF;Jackman Prospect;MAIN;50
DA1100FF;1;QSF;Rosh Pinah;MAIN;65|77|81|82
DA0CA218;1;QSF;Filo del Sol;MAIN;45
DA0CA218;2;SHV;Filo del Sol;MAIN;46
DA1FFC0F;1;MGV;Bronson Slope;MAIN;28|33
DA1FFC0F;2;QSF;Bronson Slope;MAIN;28|33
DA1FFC0F;3;EXT;Bronson Slope;MAIN;33
DA1FFC0F;4;QCC;Bronson Slope;MAIN;33
DA11343E;1;SUV;M2 Deposit;MAIN;61
DA510918;1;QSF;Copper Flat;MAIN;86
DA510918;2;QCC;Copper Flat;MAIN;86
DA661646;1;QSF;Elida;MAIN;41|42|43|44
DAA3FAC5;1;QCC;Waverley-Tangier;MAIN;38|39|42|49
DAC91E2C;1;QCC;Hook Bay Property;MAIN;40|44|53
DAC91E2C;2;QSF;Hook Bay Property;MAIN;44
DAC91E2C;3;SHV;Hook Bay Property;MAIN;40|43
DAC6CB6E;1;QSF;Josemaría;MAIN;46
DAC6CB6E;2;ALS;Josemaría;MAIN;46
DAC6CB6E;3;AUR;Josemaría;MAIN;46
DAC6CB6E;4;MGV;Josemaría;MAIN;48
DB34FDA7;1;QFV;WHN-Boisvert;MAIN;31|32
DBA0D035;1;QCC;Highway Area Veins;MAIN;37|38
DBA0D035;2;QSF;Highway Area Veins;MAIN;38|39|43
DBE49376;1;QSF;Kestane;MAIN;36|37
DBE49376;2;AUR;Kestane;MAIN;31
DC0A8EF6;1;FLT;Florida Canyon;MAIN;41|43|45
DBE7AA4A;1;QSF;Dodger Zone;MAIN;34
DC5BC608;1;QFV;Lorraine Main Zone;MAIN;32|37
DC5BC608;2;MGV;Lorraine Main Zone;MAIN;32
DC5BC608;3;QSF;Lorraine Main Zone;MAIN;37
DCA29778;1;QCC;Royal vein;MAIN;10
DCAD26E5;1;QSF;Pinchazo;MAIN;17|18
DCAD26E5;2;QTU;Pinchazo;MAIN;17|18
DCAD26E5;3;SBV;Pinchazo;MAIN;18
DCD8A535;1;QSF;Sombrero Butte;MAIN;14|16
DCDC00C5;1;QFV;Dotson Zone;MAIN;63|64|65
DD07290A;1;QSF;Tolita;MAIN;49|51
DD284F82;1;QSF;Botija Abajo;MAIN;16|19|20
DD3ACE0E;1;QSF;Los Verdes;MAIN;55
DD210208;1;QCC;Kuriskova;MAIN;47|50|54|55|57
DD210208;2;QSF;Kuriskova;MAIN;50|57
DD41A90D;1;CAV;Sonora Lithium Project;MAIN;18
DD5A958F;1;SUV;Ban Phuc;MAIN;48
DD7C3BB9;1;QSF;Opemiska;MAIN;52|53|54
DD7C3BB9;2;QCC;Opemiska;MAIN;54
DD7C3BB9;3;MGV;Opemiska;MAIN;53
DD7C3BB9;4;AUR;Opemiska;MAIN;53
DD818F5D;1;QCC;Santo Domingo Sur;MAIN;148
DD818F5D;2;SKV;Santo Domingo Sur;MAIN;148
DD803BFA;1;QCC;Lac 50;MAIN;103|104
DD863091;1;SBV;St. Lawrence Veins;MAIN;62
DDAECF87;1;MGV;Santo Domingo;MAIN;51|69
DE168EA3;1;QSF;Lagoa Salgada;MAIN;46|48
DE483BE5;1;QSF;Robelin Property;MAIN;17|29|30
DE505EB3;1;QSF;Josemaría;MAIN;46
DE505EB3;2;ALS;Josemaría;MAIN;45|46
DE505EB3;3;QAD;Josemaría;MAIN;46
DE61E9DD;1;QSF;New Brenda Property;MAIN;18
DE61E9DD;2;QCC;New Brenda Property;MAIN;41
DE8579C0;1;QCC;Nash Creek Deposit;MAIN;21
DE8F646E;1;EXT;Elk Creek Carbonatite;MAIN;107
DE8F646E;2;SHV;Elk Creek Carbonatite;MAIN;107
DE8F646E;3;MGV;Elk Creek Carbonatite;MAIN;109|115
DE99352E;1;QAD;Copper Hill;MAIN;50
DE9162DE;1;QSF;Sunnyside;MAIN;22
DE9162DE;2;SUV;Sunnyside;MAIN;21
DEBD4B2A;1;QSF;Chu mineral zone;MAIN;19|20|24|25
DEC08722;6;QCC;Warintza Central;MAIN;56
DED9A278;1;QSF;Los Helados;MAIN;64
DED9A278;2;QTU;Los Helados;MAIN;64
DED9A278;3;AUR;Los Helados;MAIN;66
DEEF758A;1;AUR;Grid BC Copper Gold Project;MAIN;38
DEF3C856;1;QSF;Haib;MAIN;38
DEF49B7D;1;QSF;CUMO;MAIN;33
DEF49B7D;2;SKV;CUMO;MAIN;38
DEF72DC8;1;CAV;Sahavaara;MAIN;51
DEF72DC8;2;SUV;Sahavaara;MAIN;64
DEF8E0BB;1;QSF;Pele Mountain Property;MAIN;44|63
DEF8E0BB;2;QCC;Pele Mountain Property;MAIN;44
DEF8E0BB;3;EXT;Pele Mountain Property;MAIN;53
DEF8E0BB;4;SKV;Pele Mountain Property;MAIN;48|62
DF1CF580;1;SHV;Copper Creek;MAIN;34|35
DF028E9F;1;QCC;Kuriskova;MAIN;48|51|57
DF028E9F;2;QSF;Kuriskova;MAIN;51|60
DF395213;1;QSF;Cobre Grande;MAIN;28|29|30|31
DF395213;2;FLT;Cobre Grande;MAIN;31
DF62844D;1;QSF;Tomtebo Mine;MAIN;36
DF88B073;1;QSF;American Eagle;MAIN;41|42
DF6F34C1;1;QTU;Sierra Gorda;MAIN;80
DF6F34C1;2;SHV;Sierra Gorda;MAIN;85
DF6F34C1;3;QSF;Sierra Gorda;MAIN;86
DF6F34C1;4;EXT;Sierra Gorda;MAIN;86
DFAF9211;1;QCC;South Zone;MAIN;20
DFC2485A;1;SBV;Lone Mountain;MAIN;32
DFEA6411;1;SKV;Davidson deposit;MAIN;59
DFEA6411;2;QSF;Davidson deposit;MAIN;59|60
DFEA6411;3;MGV;Davidson deposit;MAIN;59
DFEA6411;5;QFV;Davidson deposit;MAIN;59
DFEA6411;6;QCC;Davidson deposit;MAIN;60
DFD67319;1;QCC;Lemieux Dome;MAIN;84|86|87
DFD67319;2;QSF;Lemieux Dome;MAIN;87
DFD67319;3;AUR;Lemieux Dome;MAIN;85
DFD67319;4;MUL;Lemieux Dome;MAIN;80
DFF76359;1;QSF;Lone Mountain;MAIN;33|40
DFF76359;2;QCC;Lone Mountain;MAIN;33
E00C2360;1;QCC;Monitor Property;MAIN;31|32
E03B412F;1;QTU;Sierra Gorda;MAIN;80
E03B412F;2;QFV;Sierra Gorda;MAIN;85
E03B412F;4;PMV;Sierra Gorda;MAIN;86|90
E04F6179;1;QSF;Yerington Mine;MAIN;44|45|50
E04351CA;1;QCC;Nash Creek Deposit;MAIN;66|77
E05563C9;1;AUR;Bom Futuro Tailings;MAIN;47
E096C866;1;AUR;Carol;MAIN;28
E0C7847A;1;QCC;Canyon Creek Skarn;MAIN;27
E0C61071;1;SKV;Jiaogenma;MAIN;45
E0C61071;2;AUR;Jiaogenma;MAIN;40|43
E0D43095;2;QFV;Double S trend;MAIN;36
E0F5AB4A;1;QSF;Liberty;MAIN;49
E0F9A148;1;QSF;Haquira East;MAIN;39|56|61
E10D1DAF;1;QSF;Dolcoath;MAIN;45
E145DD06;1;QSF;Okohongo;MAIN;32
E148BDC6;1;QSF;Central Zone;MAIN;37|38
E148BDC6;2;CAV;Central Zone;MAIN;38
E1A0B9A3;1;SUV;Shebandowan West;MAIN;36|37|48
E23A28D3;1;MGV;Copper Mountain;MAIN;47|48|50
E1D1F756;1;CAV;Wicheeda Carbonatite;MAIN;45
E2445AD5;1;QCC;Carrizal Property;MAIN;57|60
E248E4FF;1;QSF;Pie Property;MAIN;21|27
E248E4FF;2;CAV;Pie Property;MAIN;21
E2822EB9;1;QSF;Mount Weir;MAIN;19|25|28|31|37
E28D0A34;1;QSF;Caraiba Mine;MAIN;62|63
E2BB138D;1;SUV;Bugaboo;MAIN;29
E2C53BB5;1;QCC;Kamoa-Kakula;MAIN;149
E318D4EF;1;QSF;Tortigny Deposit;MAIN;26|27
E31D84C7;1;QSF;Red Chris;MAIN;95
E348F7F5;1;QSF;Unkur;MAIN;76
E3589421;1;CAV;Bornite;MAIN;45
E3BF0711;1;QSF;Vizcachitas;MAIN;61
E41CD349;1;QCC;Valk Property;MAIN;35|41|52
E3FE1A80;1;QSF;Santo Tomas;MAIN;72|79|87
E4A76116;1;QCC;Kombat Mine;MAIN;88
E4D8902C;1;QSF;Lorraine;MAIN;29
E4D8902C;2;QFV;Lorraine;MAIN;32
E4EF135E;1;QSF;Timber Property;MAIN;22|29
E4EF135E;2;QCC;Timber Property;MAIN;29
E52825CF;1;QCC;Kansanshi;MAIN;12|45
E5528962;1;QCC;Santo Domingo Sur;MAIN;110
E5528962;2;SKV;Santo Domingo Sur;MAIN;109|110
E5835901;1;CAV;Las Cristinas Zone;MAIN;24
E59A6E83;1;QSF;Alacran;MAIN;89
E59A6E83;2;QCC;Alacran;MAIN;89
E59A6E83;3;CAV;Alacran;MAIN;89
E59C8B74;1;QSF;Cerro Las Mulas;MAIN;87|89|90
E5E01FB6;1;MGV;Marimaca;MAIN;74|78
E5EEF36C;1;QSF;Tomichi;MAIN;68|69
E5F6840E;1;QSF;Escalones;MAIN;20
E63543F3;1;QSF;Antamina;MAIN;28|29
E6520BF7;1;QSF;Aguila;MAIN;26|28|31
E6520BF7;2;QCC;Aguila;MAIN;31
E642014C;1;QCC;Kakula;MAIN;107|112
E642014C;2;SUV;Kamoa-Kakula Project;MAIN;110
E694BC7D;1;QSF;Bald Butte;MAIN;22|30
E694BC7D;2;MUL;Bald Butte;MAIN;30
E694BC7D;3;AUR;Bald Butte;MAIN;30
E694BC7D;4;QFV;Bald Butte;MAIN;30
E677A889;1;QSF;Løkken Property;MAIN;38|39
E6C25396;1;QCC;Redstone;MAIN;37
E6A7C987;1;CAV;Sahavaara;MAIN;37
E6A7C987;2;SUV;Sahavaara;MAIN;42
E677856F;1;QTU;Malpica;MAIN;73|74|77
E70E19BE;1;QSF;Skouries;MAIN;29|30
E7835B5F;1;QSF;Southern Spectrum Project;MAIN;39|40
E7B60A10;1;AUR;Canyon Mine;MAIN;36
E7DAB68E;1;QSF;Falcon;MAIN;16|18
E827CECC;1;QCC;Churchill Copper / Magnum Vein;MAIN;88|92|95
E80D5AAD;1;QSF;Dumitru Potok;MAIN;60
E80D5AAD;2;MGV;Dumitru Potok;MAIN;64
E85B2728;1;QSF;Tres Cerros;MAIN;63|67|77
E8555EDC;1;QSF;Aranzazu;MAIN;67
E86596E6;1;QCC;Thierry;MAIN;40
E887168C;1;QSF;Florence deposit;MAIN;110|111
E8CA301C;1;QSF;Tennyson;MAIN;97|104
E8CA301C;2;QCC;Tennyson;MAIN;104
E8E6AFEA;1;QSF;Pebble deposit;MAIN;99|100|102
E8E6AFEA;2;MGV;Pebble deposit;MAIN;100|102
E8E6AFEA;3;QCC;Pebble deposit;MAIN;100
E8E6AFEA;5;PMV;Pebble deposit;MAIN;102
E92152B0;1;QSF;Poplar Deposit;MAIN;47
E94CC181;1;SHV;Rayfield Zone;MAIN;31|38|42
E94CC181;2;QSF;Rayfield Zone;MAIN;32|42|58
E96E4139;1;QCC;Johnny Lee deposit - UCZ;MAIN;77|79
E970C138;1;QSF;Chug-Chug project;MAIN;17|18
E970C138;2;QTU;Chug-Chug project;MAIN;17|18
E970C138;3;AUR;Chug-Chug project;MAIN;14
E989A447;1;QSF;Nak;MAIN;19
E9B9023F;1;SUV;Kaukua;MAIN;43
E9B9023F;2;QSF;Kaukua;MAIN;44
E9871E7D;1;URV;Triple R;MAIN;67
EA495AE4;1;CAV;Bunker Hill Mine;MAIN;85|88|90
EA495AE4;2;QSF;Bunker Hill Mine;MAIN;85|88|90
EA4EF066;2;SBV;Ashram;MAIN;31
EA7D6F84;1;QSF;Monte Cristo;MAIN;28
EAB52B3D;1;QCC;Okohongo;MAIN;46
EAB52B3D;2;QSF;Okohongo;MAIN;48
EA58E2B9;1;QSF;Alpala;MAIN;75|119
EA58E2B9;2;MUL;Alpala;MAIN;88
EB061D88;1;QSF;Tumpangpitu;MAIN;57
EB061D88;2;PMV;Tumpangpitu;MAIN;60
EB289D34;1;QCC;Corner Bay;MAIN;116|121
EB47AA42;1;SUV;Magusi deposit;MAIN;42
EB427B0A;1;QFV;Emerald mineralization;MAIN;31
EB65BEF8;1;AUR;Mavres Petres;MAIN;18
EB617D22;1;QSF;Altar;MAIN;67|68
EB617D22;2;ALS;Altar;MAIN;60|71
EB617D22;3;QCC;Altar;MAIN;60
EB870FA0;1;QSF;Pitman;MAIN;23|29
EB96BF3A;1;QSF;Johnny Showing;MAIN;22
EB96BF3A;2;QCC;Johnny Showing;MAIN;22
EBA37A03;1;QSF;Alpala;MAIN;75|119
EBA37A03;2;AUR;Alpala;MAIN;119
EBA37A03;3;MGV;Alpala;MAIN;119
EBD1F92B;1;QSF;Corner Bay deposit;MAIN;36
EBD1F92B;2;CAV;Corner Bay deposit;MAIN;36
EBD1F92B;3;QCC;Corner Bay deposit;MAIN;36
EBE9A96F;1;QCC;Iron Lake complex;MAIN;14
EBE85D32;1;QSF;Quebrada Blanca;MAIN;72|76
EBEF839A;1;QSF;Red Dog Mine Deposits;MAIN;46|47
EBF867AE;1;MUL;Cerro Verde;MAIN;49|50
EC2913FA;1;QSF;Zone III;MAIN;31|33
EC2913FA;2;MUL;Zone III;MAIN;34
EC2433E2;1;QFV;Mantoverde;MAIN;78|79
EC2433E2;2;CAV;Mantoverde;MAIN;76|78
EC2433E2;3;MGV;Mantoverde;MAIN;78|79
EC2433E2;5;QTU;Mantoverde;MAIN;79
EC4F759A;1;QSF;Montauban;MAIN;61
EC7A948F;1;QSF;Chu;MAIN;37|38|40|41
EC8DB635;1;SHV;Gate Zone;MAIN;65
EC8DB635;2;QSF;Gate Zone;MAIN;65
ECC9F4E9;1;QSF;Dansey Project;MAIN;31|43|46
ECC9F4E9;2;QCC;Dansey Project;MAIN;43|46
ECE776D7;1;SHV;EL 23874 and EL 31402 Gold Prospects;MAIN;56
ECE776D7;2;QSF;EL 23874 and EL 31402 Gold Prospects;MAIN;56
ECE776D7;3;QCC;EL 23874 and EL 31402 Gold Prospects;MAIN;56
ECFD4D7A;1;QCC;Bloom Lake;MAIN;44
ED0EE2B1;1;AUR;Middle and TJ Zones;MAIN;30|31|35
ED25E4E2;1;QCC;Lac Cinquante;MAIN;41
ED026545;1;QSF;Max-Knoll;MAIN;23|27|29|32|34
ED5639F1;1;MGV;Cerro Verde;MAIN;52
ED5639F1;2;CAV;Cerro Verde;MAIN;54
EDA83B31;1;QSF;Chlore stock;MAIN;34|40|41
EDDBDDB7;1;QSF;Sisson Brook Deposit;MAIN;8
EE040A12;1;CAV;Coscuez Mine;MAIN;26|29|32|33
EE164ECF;1;QFV;Coscuez-Muzo emerald deposit;MAIN;25
EE0A208C;1;FLT;Cuatro Ciénegas Project;MAIN;36|37
EE1F7925;1;QCC;Mala Noche Vein;MAIN;43|45
EE1F7925;2;QSF;Mala Noche Vein;MAIN;43|45
EEABAA97;1;QSF;Haquira;MAIN;44|51
EEABAA97;2;EXT;Haquira;MAIN;47
EECBEC9A;1;QSF;Lynx Lake;MAIN;17|24|25
EEEE9BCF;1;QCC;Cow showing;MAIN;24|31
EEF6491B;1;QSF;Zone III;MAIN;36|37|39
EF1EE08B;1;QSF;Endako;MAIN;18|22
EF1F5113;1;QSF;Rio Grande;MAIN;39
EF1F5113;2;SHV;Rio Grande;MAIN;36|38
EF1F5113;3;SBV;Rio Grande;MAIN;37
EF1F5113;4;MGV;Rio Grande;MAIN;37
EF7BA4FF;1;QCC;Plymouth deposit;MAIN;30
EF7BA4FF;2;AUR;Plymouth deposit;MAIN;30
EF6102E3;1;QSF;Hugo Dummett;MAIN;79|88
EFA027BF;1;QCC;Thierry;MAIN;39
EFA027BF;2;CAV;Thierry;MAIN;40|41
F0096794;1;QSF;B&C Springs;MAIN;28|29
F01624D9;1;QSF;Sangdong deposit;MAIN;25|26
F09528F9;1;QSF;Opemiska;MAIN;62|64|65
F09528F9;2;MGV;Opemiska;MAIN;64
F09528F9;3;AUR;Opemiska;MAIN;64|65
F09528F9;4;QCC;Opemiska;MAIN;65
F0A5BE73;1;QSF;Ermazon Vanadinite;MAIN;33
F0E469A9;1;EXT;Joyce Lake;MAIN;46
F144A864;1;QSF;Riotinto;MAIN;44
F147FD77;1;QSF;Alicia Skarn;MAIN;17|20
F164129A;1;QCC;Kombat Mine;MAIN;53
F16479E6;1;MGV;Bronson Slope deposit;MAIN;79|82
F16479E6;2;QSF;Bronson Slope deposit;MAIN;79|82
F16479E6;3;CAV;Bronson Slope deposit;MAIN;79|82
F16479E6;4;QCC;Bronson Slope deposit;MAIN;82
F16479E6;5;EXT;Bronson Slope deposit;MAIN;82
F1D0BD32;1;QSF;Johnny Lee Deposit;MAIN;51|56
F1D0BD32;2;SBV;Johnny Lee Deposit;MAIN;51|56
F1D0BD32;3;QCC;Johnny Lee Deposit;MAIN;56
F1B9DDD4;1;QSF;Come By Chance;MAIN;26
F1B9DDD4;2;AUR;Come By Chance;MAIN;26|40
F1EC5737;1;MGV;Taysan;MAIN;26|27|31
F1EC5737;2;QFV;Taysan;MAIN;26|28
F1EC5737;5;AUR;Taysan;MAIN;28
F200C085;1;AUR;Stampede Gap;MAIN;45
F204D275;1;QCC;Kipushi;MAIN;129
F2190558;1;AUR;El Espino-Venus;MAIN;60|73|100
F235821D;1;QSF;Casino;MAIN;55
F235821D;2;PMV;Casino;MAIN;55
F2617703;1;QSF;Central Zone;MAIN;15|44|56
F2617703;2;QFV;Central Zone;MAIN;48
F2A60736;1;QCC;Prairie Lake Carbonatite Complex;MAIN;45
F2A64971;1;CAV;P Zone;MAIN;14|16
F2B2E865;2;CAV;Songwe;MAIN;33|51
F2CDF99B;1;QSF;Aguila;MAIN;28|31|33
F2CDF99B;2;QCC;Aguila;MAIN;28|33
F2FC3875;1;QSF;Cactus;MAIN;76
F2FCC9F9;1;QSF;Kaukua;MAIN;49
F35AF9BB;1;URV;Matoush deposit;MAIN;45
F37DEB99;1;MGV;Mont Sorcier;MAIN;64|65
F36423EA;1;QSF;Kiseljak;MAIN;47|49
F36423EA;2;QCC;Kiseljak;MAIN;48|49
F388405D;1;QSF;Huachi;MAIN;31|37|39
F388405D;2;MUL;Huachi;MAIN;44
F388405D;3;FLT;Huachi;MAIN;45
F3D635E3;1;QCC;MNV system;MAIN;53|55
F3D635E3;2;QSF;MNV system;MAIN;51
F3F57814;1;QSF;Chapada;MAIN;67|76
F4C0996B;1;QSF;Mabilo;MAIN;38|39
F4A800EF;1;QSF;Camp Zone;MAIN;27
F47B7802;1;QCC;El Espino;MAIN;81|82|83
F47B7802;2;QSF;El Espino;MAIN;81|82|83
F4DE1893;1;QSF;Warintza Central;MAIN;51
F4C23D61;1;QSF;Escalones;MAIN;59
F4FBD3B0;1;SKV;North Range Project;MAIN;29
F4FBD3B0;2;QCC;North Range Project;MAIN;29
F4FBD3B0;3;MGV;North Range Project;MAIN;30
F4FBD3B0;4;PMV;North Range Project;MAIN;30
F4FBD3B0;5;SUV;North Range Project;MAIN;34
F517C784;1;QCC;Expo Property;MAIN;34
F517C784;2;SBV;Expo Property;MAIN;34
F52796C0;1;QSF;Rosh Pinah;MAIN;63|73|75|79|80
F533DF42;1;QSF;Santa Rita Pit;MAIN;26|28
F53C2077;1;QSF;Kazandol Project;MAIN;16|18
F53C2077;2;QCC;Kazandol Project;MAIN;22
F54404EB;1;QCC;NW Deposit;MAIN;51
F57955D2;1;QSF;Van Dyke;MAIN;62|64
F5823C43;1;QTU;Descubridora Prospect;MAIN;19
F57E863C;1;QCC;Zackly;MAIN;31|32
F5A18188;1;QFV;Emerald Mineralization;MAIN;31
F5A8C719;1;QSF;American Tunnels;MAIN;28
F5B0C28B;1;QSF;Getty North;MAIN;17
F5BB6FD9;1;QSF;Skouries;MAIN;25|26
F5E2015F;1;QSF;Ore Fault Zone;MAIN;41|50
F6155F8A;1;PMV;White Pine North;MAIN;79
F617A56B;1;QSF;Casino;MAIN;68
F617A56B;2;PMV;Casino;MAIN;69
F6A63087;1;AUR;Três Estradas;MAIN;65
F62F93E1;1;QSF;Valea Leucii;MAIN;57|59|67|68
F664585C;1;QSF;Okeover;MAIN;28
F6894B98;1;SUV;Ban Phuc;MAIN;28
F6894B98;2;CAV;Ban Phuc;MAIN;26
F6D89064;1;QCC;Kizevak;MAIN;31
F716C1A2;1;QSF;Copper Flat;MAIN;59
F716C1A2;2;QCC;Copper Flat;MAIN;59
F79E14AD;1;QCC;Goat Yard Prospect;MAIN;18
F869D3DC;1;QSF;Copper King;MAIN;22
F871E727;1;QCC;La Solución;MAIN;21
F89D48C6;1;QSF;King-king;MAIN;74|75|78
F8CB4A6A;1;QCC;White Pelican;MAIN;13
F8CB4A6A;2;AUR;White Pelican;MAIN;13
F8B2FA32;1;QTU;Yecora;MAIN;31
F942A9C7;1;QSF;Frances Bay;MAIN;8
F8EB6513;1;MGV;Tumpangpitu;MAIN;28
F8EB6513;2;QSF;Tumpangpitu;MAIN;29
F8ECCCE3;1;QSF;La Verde;MAIN;44|45
F8ECCCE3;2;SHV;La Verde;MAIN;45|50
F8ECCCE3;3;QTU;La Verde;MAIN;47
F8ECCCE3;4;QCC;La Verde;MAIN;50
F9954E5A;1;SKV;Cowley Park;MAIN;27
F963842D;1;EXT;Elk Creek Carbonatite;MAIN;61
F963842D;2;SHV;Elk Creek Carbonatite;MAIN;61
F963842D;3;MGV;Elk Creek Carbonatite;MAIN;66
F96432E8;1;QSF;Lookout Zone;MAIN;37
F96A2FA2;1;QCC;Sagar;MAIN;39|42
F96A2FA2;2;QSF;Sagar;MAIN;41
F96A2FA2;3;QFV;Sagar;MAIN;46
F9CA1AFD;1;QCC;Namew Lake Property;MAIN;34
F9CACD21;1;SBV;Franke;MAIN;34
FA2E762F;1;QCC;Lundberg Zone;MAIN;70
FA49F581;1;QSF;Lagoa Salgada;MAIN;39|42
FA6AEA49;1;QSF;Copper Mountain;MAIN;51
FA6AEA49;2;QCC;Copper Mountain;MAIN;51
FA659EC1;1;FLT;Mutanga;MAIN;59
FA9808AA;1;QSF;Casino;MAIN;44
FAC35410;1;QSF;Josemaria;MAIN;71|75
FB25748D;1;AUR;DASA;MAIN;53|54
FB25748D;2;QSF;DASA;MAIN;60
FB49761E;1;MNV;K-Hill;MAIN;39
FB822518;1;AUR;BamaStar Graphite Deposit;MAIN;108
FC3A4CCE;1;SUV;Nisk Deposit;MAIN;49|51|52
FCDA8CB9;1;QCC;Banana Zone;MAIN;29
FCE77674;1;QCC;Nickel Project;MAIN;23
FCED70AC;1;QSF;CUMO;MAIN;31|37
FCF86249;1;SUV;Mequillon;MAIN;28
FD15F90A;1;SKV;Bolivar;MAIN;56
FD928C21;1;MGV;Springer Deposit;MAIN;38
FD928C21;2;CAV;Springer Deposit;MAIN;36|38
FD9C9B17;1;QSF;Mount Hope;MAIN;53|55
FDAC18D1;1;QSF;Rogers Creek;MAIN;9|10|39|53|58|59|60
FDAC18D1;2;QCC;Rogers Creek;MAIN;10|39
FDAC18D1;3;AUR;Rogers Creek;MAIN;10|39|59
FE06DE50;1;QSF;Regalito;MAIN;69|74|75|77
FE3329A3;1;SBV;Atlantis II Deep;MAIN;12|15
FE761438;1;SUV;Montagne showing;MAIN;25
FEDBE744;1;PMV;Oropesa;MAIN;32
FE8FB529;1;QSF;Contact Copper Project;MAIN;31|32
FE972C42;1;QCC;Copper Hills prospect;MAIN;39
FE972C42;2;QSF;Copper Hills prospect;MAIN;39
FF0A9ADF;1;QSF;Allies Showing;MAIN;23
FF5C30A9;1;QSF;Las Cruces;MAIN;37
FF612E7D;1;SBV;Lost Sheep Mine;MAIN;60|84
FFAE65D5;1;QAD;Clayton Hills;MAIN;19
FFB6DB73;1;QCC;GBRM;MAIN;32
FFBCA4C5;1;QSF;Furnas deposit;MAIN;60|65
FFE079F5;1;QSF;Sinchao;MAIN;24|25|26
FFB9E70F;1;QCC;Keeley-Frontier;MAIN;64|70
FFE840CE;1;QSF;Vizcachitas;MAIN;60
FFF39DA7;1;QSF;Ridley Creek Zone;MAIN;41|45|52
FFFEF4D9;1;QSF;Ann Mason;MAIN;89
