pdf_hash;deposit_id;tectonic_setting;pathfinder_elements;deposit_type;target_name;target_role;evidence_pages
FD64CF5F;1;TORO;BI|TE|AS|W|AG|PB|SB|CU;IRG;Valley;MAIN;63|73|101|103|104|105|111|116
4750D4CD;1;TARC;N/A;PRY;Tesorito;MAIN;84|90|92|98
87B9E570;1;TARC;N/A;PRY|EPTI;Marmato;MAIN;51|54|57
FA58FAB1;1;TGGT;N/A;ORO;Oko West;MAIN;28|29|77
9E271921;1;TARC;ZN|PB|AG|AS|SB;PRY|EPTI|BXH;Buritica;MAIN;69|75|82|83|85
6DA3A8C6;1;TORO;BI|AS;ORO|IRG;Batman;MAIN;80|86
1EA429E8;1;N/A;N/A;N/A;Omega Deposit;MAIN;3
DA092AD8;1;N/A;AS;ORO;Friday Zone;MAIN;13|14|15
0492F4DB;1;TGGT;N/A;ORO;Last Hope;MAIN;18|23
0A396A2D;1;TORO;N/A;ORO;Sabodala;MAIN;76
125AB95B;1;TRFT;N/A;DFR;Bullard Pass;MAIN;10|13
1B9D30ED;1;TRFT;BI|CU|TE;VMS;Radcliff Mine;MAIN;26|35|36|37
2139C2AB;1;TORO;AS|MO|CU|SB|W;ORO;Fosterville;MAIN;40|55|56
2A0A2B40;1;TGGT;AS;ORO;Croesus Vein;MAIN;63|85|70
30CC4B45;1;TGGT;AS;ORO;EMZ deposit;MAIN;64|74|91|95
380F1D68;1;TORO;N/A;EPTH;Main Showing;MAIN;51|52|57|61
402B13C7;1;TORO;N/A;ORO;Esaase;MAIN;73|75|76|110
4A526D0C;1;TORO;AS;ORO;Sukari;MAIN;40|46|52
51D252D0;1;TARC;HG|AS;EPTL|EPTI;Tres Cruces;MAIN;39|41|48|52|54|57
5BC3C16A;1;TGGT;N/A;ORO;Vumba Project;MAIN;32
68234CED;1;TSED;AS|HG|SB|TL|BA;CAR;Jinfeng;MAIN;35|44|45
6FD50918;1;TORO;AS|SB|BA|FE|HG|S|ZN|AG;CAR;EZ Junior;MAIN;66|67|84|85
780353ED;1;TGGT;N/A;ORO;Rebel Gold Deposit;MAIN;29|38
7E18DD11;1;TORO;N/A;ORO;Hammerdown;MAIN;49|72
841D480D;1;TGGT;AS|AG|PB|SB|MO|CU|ZN|W;ORO;Lingman Lake Gold Mine;MAIN;67|89|92
8BABD205;1;TGGT;N/A;ORO;903 Zone;MAIN;58|67|70
93FA687C;1;TGGT;AS|AG|BI;ORO;Umwelt;MAIN;87|89|137|144
9D1B5C40;1;TORO;AS|SB|BA|FE|HG|S|ZN;CAR;Gold Rock Deposit;MAIN;39|41|57|59
A6A47485;1;TGGT;N/A;ORO;Kibi Gold Project;MAIN;36|38|43|44|45
AE63D9BE;1;TGGT;N/A;ORO;Roça Grande;MAIN;50|61|67
B433B884;1;TGGT;AS;ORO;Adumbi;MAIN;54|55|74|76
BD896B47;1;TORO;AG|HG|BI|TE|MO|SB|BA|PB;ORO|EPTL;VG Deposit;MAIN;39|45|46|47
C3803153;1;TORO;AS|PB;ORO;San Francisco;MAIN;59|66|68
CCDD8792;1;TORO;N/A;ORO;Cariboo Gold Project;MAIN;121|125|149
D347FEC7;1;TARC;N/A;ORO|EPTL|EPTI|EPTH|PRY;Copeçal;MAIN;58|62|68|71|79
DAE236F6;1;TGGT;AS|S;ORO;Natougou;MAIN;59|71|79|80
E1585FA5;1;TGGT;AS|SB;ORO;Turmalina Mine;MAIN;43|45|50|51
E9B4DA19;1;TORO;N/A;ORO;Touquoy;MAIN;29|39|40
F07F0539;1;TORO;HG|CR|ZN|CU|SB|TL|AS|BA;CAR;Betze-Post;MAIN;49|58|68
FE225BC3;1;TARC;AS;ORO;Copeçal;MAIN;40|48|52|63
834A4A8A;1;TGGT;AS|SB;ORO;Samira;MAIN;12|13|14|17
0F38B052;1;TGGT;N/A;ORO;Agbaou;MAIN;24|25|26
20818BCD;1;TARC;AS|SB|AG|W|BI|CU|ZN;EPTH;Elvenei;MAIN;20|22|26
2E40B925;1;TARC;AG;EPG;Sorowar;MAIN;32|34|35|43
4001F43E;1;TORO;N/A;ORO;Bissa;MAIN;34|40
55429E2C;1;TARC;N/A;ORO;Bingo;MAIN;22|40|43
664AF00F;1;TGGT;N/A;ORO;Island Gold Zone;MAIN;47|49|52
772AF4A8;1;TORO;N/A;ORO;Uzboy;MAIN;20|23|26
8E2502C1;1;TORO;N/A;ORO;Marudi Property;MAIN;25|26
9D87D5E4;1;TRFT;SB|AS|TL|HG;CAR;Redrock;MAIN;42|52|60|61|64
ACECE34B;1;TGGT;N/A;ORO;Stephen Lake Stock;MAIN;24|29|32|33
C1C45B8C;1;TGGT;AS;ORO;Tiriganiaq;MAIN;27|45|47
D9B74825;1;TORO;N/A;ORO;Yellowjacket Zone;MAIN;21|33
E8AE8CD8;1;TGGT;N/A;ORO;Jean-Gobelé;MAIN;23|36
F6ECFE72;1;TGGT;N/A;ORO;Tucano;MAIN;68|83
633DD464;1;TGGT;N/A;ORO;Esaase Gold Deposit;MAIN;31|38
56C9C0D0;1;TBAC;N/A;VMS;Canoe Landing Lake;MAIN;30|37
C84466C0;1;TORO;N/A;SKN;Sangdong;MAIN;44|58
DCEA8E11;1;TGGT;AG|AS|CU|S|W;ORO;Parbec deposit;MAIN;26|30|32|38
FCA2A22A;1;TRFT;N/A;N/A;Stratiform Manganese Deposits;MAIN;58|61|66
7C209994;1;TRFT;PB;MAN|BXH;Rupice;MAIN;54|64|65|66|67|73
070004F2;1;TARC;CU|AS|AG|TE|PB|ZN|MN|TL|SB|BI|W;EPTH|PRY|BXH;Chelopech;MAIN;49|58|59
87133BE3;1;TGGT;N/A;ORO;New Liberty;MAIN;57|58|60|72
B97652A4;1;TGGT;N/A;ORO;Island Gold;MAIN;71|74|90
C536FA47;1;TGGT;N/A;ORO;Antenna;MAIN;59|70
0E07E1B2;1;TARC;AS|HG|TL|S|SB;CAR|MAN;Bigar Hill;MAIN;44|55|65|67
37CEB943;1;TARC;N/A;EPTI|PRY|BXH;Avino Vein;MAIN;49|50|51|55
D08CA9F8;1;TPAB;CU|PB|ZN|AG|SB|AS|MN;MAN;Illinois Creek deposit;MAIN;43|49|57|58
56CB96EA;1;TARC;N/A;EPTL|PRY;Lihir;MAIN;66|70|79
0BE662C0;1;TARC;N/A;LAT;Agata Nickel Laterite Project (ANLP);MAIN;34|38|39|40
411C394B;1;TGGT;AG|AS|BI|HG|PB|W;ORO;Adumbi;MAIN;85|134|144
B19547C4;1;TGGT;N/A;ORO;Rowan Vein System;MAIN;54|68|60
C2786F94;1;TORO;N/A;ORO;Yalea;MAIN;68|84
01572953;1;TORO;PB|ZN|AG|SB|MN|AS;MAN;Waterpump Creek;MAIN;58|59|73|93|98
F35C4D59;1;TGGT;N/A;ORO|PRY|BXH;Cameron gold deposit;MAIN;44|45|58|70|71|72
FE7D05AB;1;TORO;PB;MAN|BXH;Rupice;MAIN;54|64|65|66|67|73
824DAC89;1;TORO;N/A;SKN;Mont Ity;MAIN;60|61|62|67|68
A0BBE8E8;1;TORO;N/A;ORO;MacLellan;MAIN;64|74
29C81FCF;1;TRFT;N/A;SSC;Kamoa-Kakula;MAIN;77|94|95
521FAF13;1;TORO;N/A;ORO;KCD;MAIN;54|62|74
D88A1001;1;TORO;N/A;PRY;Golpu;MAIN;20|29|30
B1616B6B;1;TORO;N/A;ORO;Hammerdown;MAIN;120|149|150|154
0D6DB6DB;1;TGGT;CS|V|LI|RB|GA|TA|NB;PEG;PAK Deposit;MAIN;67|68|82|85|86
1325D1F5;1;TGGT;N/A;ORO;Antenna;MAIN;43|58
04FCB237;1;TCRA;N/A;STRA;PSM Project;MAIN;94|110
13DF74CC;1;TGGT;N/A;ORO;Rosebel;MAIN;73|86
2582F5BA;1;TARC;CU|MO|AG;PRY;Aurora;MAIN;36|43|44|46
677E8CBF;1;TORO;PB|ZN|AG|AS|SB|MN;MAN;Waterpump Creek;MAIN;49|50|60|75|80
E8647371;1;TARC;N/A;PRY;Copper Mountain;MAIN;63|64|75
18CB7D7A;1;TARC;BI|W|AS|SN|TE;PRY|IRG|BXH|EPTI;Apollo;MAIN;58|61|62|63|73|75|78|79|80|86|88
00152F71;1;TGGT;N/A;ORO;Turmalina;MAIN;33|39
002FAB5B;1;TUNK;AS|HG|SB|TL|MO|W|SE|V|PB|BI|TE;CAR;Ice prospect;MAIN;17|25|26|29|32|37
003AE947;1;TORO;N/A;ORO;Bralorne-Pioneer;MAIN;33|43
0060BD8A;1;TUNK;N/A;ORO;Main Shear Zone;MAIN;16|18
00182970;1;TGGT;N/A;ORO;Red Lake-Campbell Complex;MAIN;54|67|68
00C4C85B;1;TORO;AS;ORO;Divide prospect;MAIN;14|17
011575D4;1;TGGT;N/A;ORO;Dome Property;MAIN;25|30
01A515BC;1;TGGT;N/A;ORO;Wona-Kona;MAIN;21|22
0147858E;1;TUNK;AG|AS|SB|CU|ZN|PB|W;ORO;Daniel's Creek;MAIN;19|20|21
00F4C6A7;1;TGGT;N/A;ORO;Pilar;MAIN;55|84
00FCBB2D;1;TGGT;N/A;ORO;Fenelon;MAIN;43|63|64
01C81C7E;1;TORO;N/A;ORO;Kwandege;MAIN;24|27|35|64
01CE8F0B;1;TGGT;N/A;MIX;Bantou;MAIN;35|37|59
01D4C2DE;1;TORO;N/A;N/A;Mazoa Hill Zone;MAIN;19|22|23
01A94018;1;TORO;AS;ORO;Bonanza Ledge;MAIN;40|43|50|59|62
02147C90;1;TGGT;N/A;ORO|PRY;Opawica;MAIN;13|17
029CFB33;1;TORO;N/A;PLC;Sainsoutou alluvial gold deposit;MAIN;51|52|54
027C740E;1;TORO;N/A;ORO;Apomakisie (Randy);MAIN;40|42|47|51|52|67|68|73
029A004A;1;TORO;S|FE|ZN|PB|AS;ORO;Pamour;MAIN;117|154|155|156|162
032AC653;1;TUNK;N/A;N/A;Jau prospect;MAIN;22|24
02A093E0;1;TCRA;N/A;ORO;Coringa;MAIN;57|58|78|79|81
0336D2AC;1;TGGT;AS;ORO;Turnberry;MAIN;25|30|33|34
033B0EC7;1;TGGT;N/A;ORO;Kiena Deep A Zone;MAIN;116|155
0398B964;1;TGGT;N/A;ORO;Sabodala deposit;MAIN;70|71
03430331;1;TORO;N/A;ORO;Main Zone;MAIN;49|51|56
03497A9B;1;TORO;N/A;ORO;Central;MAIN;64|107|108
040010B9;1;TORO;K|S;ORO;Dingman;MAIN;36|44|45
041313E5;1;TORO;N/A;ORO|VMS;Windfall;MAIN;19|20|21|28|36
03E5E738;1;TGGT;N/A;ORO;True North deposit;MAIN;64|72|75
041A6F51;1;TORO;N/A;ORO|SKN;Otjikoto;MAIN;26|32|33|34|36
044F99B5;1;TORO;AS;ORO;Riacho dos Machados;MAIN;40|41|48|50
0464602C;1;TGGT;AS;ORO;Cléopâtre showing;MAIN;7|9
044475BA;1;TGGT;K|BA|AS;ORO;Hardrock deposit;MAIN;115|123|137|138
04546B27;1;TORO;N/A;ORO;Assafou;MAIN;137|167|168|150
04761DD7;1;TORO;N/A;ORO;Jeesio property;MAIN;14|17|20|21
049DA365;1;TARC;N/A;EPTI|BXH;Taunus;MAIN;32|35|37
04B21BC1;1;TARC;N/A;ORO;Ridge Zone;MAIN;19|22
04B0BFA3;1;TGGT;AS;ORO;Main Stripped Zone;MAIN;13|18|21
04B86048;1;TGGT;N/A;ORO;Bombore;MAIN;88|112
04F33E01;1;TGGT;N/A;PRY;Canadian Malartic;MAIN;44|50|51
04C5563D;1;TORO;BI|AS|SB|AG|PB|ZN|CU|MO;PRY|SKN;Cerro de Oro;MAIN;46|53|57|58
04D722E3;1;TGGT;N/A;ORO;Gordon-Ven Lake;MAIN;42|46
052FD466;1;TORO;N/A;ORO;Hammerdown;MAIN;28|40
0527E792;1;TGGT;N/A;PRY|BXH;Fayolle deposit;MAIN;40|53|54
05419167;1;TGGT;N/A;ORO;Granada;MAIN;50|63
05151973;1;TORO;CO|BI|SE|AG|U|W|F;IOC|LAT;Fortnum Gold Project;MAIN;53|56|63|64
0573AFD8;1;TGGT;N/A;ORO;Colomac Main;MAIN;68|73|102
062C08C1;1;TORO;AG|AS;ORO;Touquoy;MAIN;83|86|103|106
0630C490;1;TRFT;AS|SB|HG|TL;CAR;Granite Creek;MAIN;56|68|74
0613D036;1;TGGT;N/A;ORO;Diabarou;MAIN;24|28
05C53A75;1;TUNK;AS|HG|SB|TL;CAR;Osiris cluster;MAIN;31|40|54|55
0645D8D4;1;TGGT;AG|AS|BI|HG|PB|TH|W;ORO;Adumbi;MAIN;58|84|95
0695EA16;1;TGGT;K;ORO;Solona;MAIN;22|26|28|34
06950BED;1;TGGT;N/A;ORO;Madsen;MAIN;53|84
06C30B18;1;TGGT;N/A;ORO;Paddy's Flat;MAIN;80|100
0710EF8D;1;TGGT;N/A;PLC;Beatons Creek;MAIN;49|63
07095F68;1;TORO;N/A;ORO;Magdala;MAIN;41|55
0723F78A;1;TGGT;AS;ORO;Turnberry;MAIN;23|29|33|34
06D32B92;1;TGGT;N/A;ORO|PRY;Moss Lake deposit;MAIN;30|32|35
0789F8E0;1;TORO;BI|TE;ORO;Trident;MAIN;39|41|50
0728AACE;1;TRFT;AS|SB|BA|FE|HG|S|ZN;CAR;Gold Rock;MAIN;29|45
0736472B;1;TORO;AS|AG|PB|ZN|CU;ORO;Idaho-Maryland Deposit;MAIN;107|111
081D24CD;1;TGGT;N/A;ORO;Great Fingall;MAIN;68|71|83
07EA6630;1;TGGT;AS|K|BA;ORO;Hardrock deposit;MAIN;115|123|137|138
082DBCC0;1;TRFT;V|CU|AS|P;EPTL;Main Gold Zone;MAIN;30
0839F995;1;TGGT;N/A;ORO;Antenna;MAIN;35|44
08672ADB;1;TORO;N/A;ORO;Zone IV;MAIN;18|21
0842E5D2;1;TGGT;N/A;ORO;Magino;MAIN;44|47|58
085F4CC2;1;TUNK;AS|CO|CU|FE|MN|PB|SB;IRG;Jethro Structure;MAIN;13|15|17
084BA32A;1;TORO;N/A;ORO;El Huacal District;MAIN;59|62|68|69|75
08D54B6A;1;TARC;N/A;IRG;Brew Project;MAIN;12|13
088BAB7A;1;TGGT;N/A;ORO;Golden Horseshoe Reef;MAIN;22|31
09033720;1;TGGT;N/A;ORO;Wona-Kona;MAIN;29|31
08E407A0;1;TGGT;N/A;ORO;A8 3200 vein system;MAIN;29|37|38
094023F6;1;TARC;N/A;ORO;Pine Cove Mine;MAIN;55|61|89
095529B3;1;TORO;BI|TE;IRG;Tay-LP;MAIN;18|24|25
0965B1B3;1;TORO;BI;ORO|IRG;Batman;MAIN;71|73|76
096E99E8;1;N/A;N/A;EPTI;Imperial;MAIN;52|56
0987FD5B;1;TORO;CU|CO|AS;ORO;Little Stull Lake;MAIN;54|55|66
09F70DBA;1;TGGT;N/A;ORO;West Branch;MAIN;48|66
0A06CB49;1;TORO;N/A;ORO;Thor Trend;MAIN;20|22|26|28|37
0A29219A;1;TORO;N/A;ORO;Cachoeira;MAIN;28|33
0A4EC8A6;1;TORO;N/A;PLC;Gilbert River Placer;MAIN;74|83
0A5EE568;1;N/A;N/A;MIX;Imperial Gold Deposit;MAIN;53|57
0A783087;1;TGGT;CU|MO;ORO;Posse;MAIN;48|49|51
0A6DB12A;1;TORO;N/A;ORO;Marathon;MAIN;60|73
0AA90EBC;1;TGGT;AS;ORO|PRY;Anatacau Project;MAIN;15|16|21|25
0B7EB4D0;1;TGGT;N/A;ORO;Buckreef Prospect;MAIN;25|28
0B05B43E;1;TGGT;AS;ORO;EMZ;MAIN;86|109|110
0BABAA77;1;TRFT;HG|SB|K|MO|AG;EPTL;Gold Road Mine;MAIN;38|49|55|56
0B016195;1;TORO;AS|SB|W;ORO;Burnakura;MAIN;57|59
0C01BBE0;1;TORO;AS|SB;ORO;3 Aces;MAIN;20|28|29|30
0C314901;1;TGGT;N/A;ORO|IRG;Nelligan;MAIN;36|46|47
0BB1A012;1;TGGT;N/A;ORO;O'Brien Project;MAIN;54|57|68
0C44E46A;1;TARC;N/A;ORO;Main Structural Corridor (MSC);MAIN;22|24|25
0CA19FF7;1;TGGT;N/A;ORO;Hislop Property;MAIN;18|22
0CA3FEC4;1;TGGT;N/A;ORO;Kofi C;MAIN;20|24|37
0CB5C5C9;1;TORO;N/A;ORO;KCD;MAIN;51|58|70
0CEB7E63;1;TGGT;N/A;ORO;Esaase;MAIN;27|35
0D0DF078;1;TORO;N/A;ORO;Herbert Veins;MAIN;19|21|22
0CC855EB;1;TORO;AG|SB|AS|HG|TL|BA;CAR;Gold Pick;MAIN;39|49|52|53|54|55|58
0D138A33;1;TGGT;N/A;ORO;BT deposit;MAIN;21|27
0D1BA604;1;TORO;SB;ORO;Havelock Project;MAIN;40|41|47|48
0DBC95C9;1;TORO;BI|AS|CU;ORO|IRG;Batman deposit;MAIN;87|89|90|93
0D46872E;1;TRFT;N/A;ORO;Meadowbank deposits;MAIN;12|13|49|50|56|57
0E09DB1B;1;TGGT;N/A;ORO;Monique Gold Zones;MAIN;21|30
0E182762;1;TORO;AS;ORO;Gatsuurt;MAIN;65|84|86|89
0E681B6E;1;TGGT;N/A;ORO;Kiryan;MAIN;29|30|38|41
0EC27446;1;TGGT;N/A;ORO;Masato;MAIN;31|45
0E3A1F62;1;TGGT;N/A;ORO;Goose Site;MAIN;60|65|75
0F4CC9B9;1;TORO;BI|TE|AS|W;IRG;Santo Antonio;MAIN;26|29|35
0F6F8EB9;1;TORO;AS|HG|TL|S|SB;CAR;Bigar Hill;MAIN;32|49|55|57
0F7248E2;1;TGGT;N/A;ORO;Lafigue;MAIN;73|79
0F825C4A;1;TGGT;N/A;ORO;Youga;MAIN;86|99
0FD3508E;1;TORO;N/A;ORO;Morro do Ouro;MAIN;33|43
0F8AE956;1;TORO;AS|SB|HG;CAR;Gold Quarry;MAIN;81|89|115
0FB9B301;1;TGGT;N/A;PRY;Canadian Malartic;MAIN;30|34
0FE25F31;1;TGGT;N/A;ORO;Lac Herbin;MAIN;20|25|27
104A5E9E;1;TGGT;N/A;ORO;Lacoma;MAIN;22|28
104F165D;1;TGGT;N/A;N/A;Sissingué;MAIN;78|334|336
10B0ED67;1;TORO;AG|AS|SB|BI|CU;ORO;Raven;MAIN;12|18|19|21|35
10D8F3A3;1;TGGT;N/A;ORO|BXH;Zone Est;MAIN;23|27|28
10D4734D;1;TARC;AS;ORO;New Britannia Mine;MAIN;66|70|79
112BAE17;1;TGGT;N/A;ORO;Island Gold;MAIN;68|71|87
116130B5;1;TBAC;ZN|CU|AG;ORO;Omega Group;MAIN;28|29
11873F4A;1;TORO;N/A;ORO|BXH;Butiá;MAIN;22|23|31|33|34
11661848;1;TGGT;N/A;ORO;Venice Complex;MAIN;32|40|42|52
11E61ECF;1;TORO;AS|SB|W|HG|TE;ORO;Lone Star;MAIN;40|53|56
11B1508F;1;TRFT;BI|TE|CO;ORO;Rajapalot;MAIN;17|22|26|27|29|30
11BABB77;1;TGGT;N/A;ORO;Douay East;MAIN;37|42|47
119A11D5;1;TORO;N/A;ORO;Fifteen Mile Stream;MAIN;42|57
12322F42;1;TORO;N/A;BXH;White Mountain;MAIN;13
11EE97BD;1;TORO;MO|PB;ORO;Golden Saddle;MAIN;42|57|60
1228157A;1;TGGT;N/A;ORO;Tabakoto Deposit;MAIN;56|95|96
125F6C94;1;TPAB;S|AS|SB|CU|ZN|PB;EPTL;Cristina;MAIN;41|49|50|58
12AC17AA;1;TGGT;AS;N/A;Kona South;MAIN;17|18|22|23|24
1262CB45;1;TGGT;N/A;IRG;Kao;MAIN;21|27
12D0B97D;1;TGGT;N/A;ORO;Makosa;MAIN;16|18|20
12F3C89C;1;TRFT;AS|HG|SB;CAR|EPG;AMAX Area;MAIN;18|19|26
134FCCD2;1;TGGT;N/A;ORO;Wassa;MAIN;37|46|48
1339F97C;1;TGGT;N/A;ORO;Detour Lake and West Detour;MAIN;60|75
138A9603;1;TORO;AG|HG|BI|TE|MO|SB|BA|PB;ORO;Golden Saddle;MAIN;42|55|57|60
13CCF8B6;1;TORO;BI|W|AS|SN|MO|TE|SB;IRG;Twangiza;MAIN;39
13EA550C;1;TGGT;N/A;ORO;Antenna deposit;MAIN;30|34
13FE50E7;1;TORO;N/A;PRY|EPTL;Butia;MAIN;50|51|52|53|54|63
14148DAC;1;TGGT;N/A;ORO;Douay West;MAIN;40|45
149016FB;1;TGGT;AS|SB;ORO;Faina;MAIN;51|54|60|63|64|71
14160ED1;1;TGGT;AS;ORO|LAT|PLC;Kobada;MAIN;98|99|122
14DE3D9A;1;TGGT;N/A;ORO;Asuogya;MAIN;17|22
14BDF6F7;1;TRFT;AG|AS|SB|HG;CAR;Pinson;MAIN;43|60|61
14E5F379;1;TRFT;AS|SB|HG|TL|W|AG|BA|ZN|PB;CAR;Star Lake;MAIN;26|35|37|39|41|43
14D7CA01;1;TORO;AS|SB|W;ORO;Queensway Project;MAIN;84|93|116
14FE1F17;1;TGGT;N/A;ORO;RZ;MAIN;35|39
15AF8D4C;1;TGGT;N/A;ORO;Triangle Deposit;MAIN;21|66|86|87
158B14EB;1;TGGT;N/A;ORO;Zone 2;MAIN;34|37
159672F0;1;TORO;N/A;ORO;Rattling Brook Gold Deposit;MAIN;47|58
15D04CB0;1;TGGT;PB;ORO;DAC Deposit;MAIN;37
15CB45F5;1;TGGT;N/A;ORO;Pitt Gold;MAIN;22|23|25
15E968D0;1;TGGT;N/A;ORO;Linkwood;MAIN;18|23
15D484D9;1;TRFT;AS|SB|HG;EPTL;Reward;MAIN;47|48|56|58
16AC2F72;1;TRFT;AS|HG|SB|TL|BA|ZN;CAR;Lookout Mountain;MAIN;43|56|62|68
16683AD0;1;TORO;N/A;ORO;Tabakoroni;MAIN;19|20|22
16BBCB94;1;TORO;N/A;N/A;Big Hill;MAIN;39|43|45
16C7BB46;1;TORO;N/A;ORO;Kone;MAIN;56|57|59|88
1737DA07;1;TGGT;N/A;ORO;Island Zone;MAIN;58|61|62
16ECE394;1;TORO;N/A;ORO;Chaminé;MAIN;48|49
16D979D3;1;TGGT;CU|AS|TE|PB|W|ZN|SB;IRG;Duparquet;MAIN;51|52|66|67|68
17E27C66;1;TARC;N/A;EPTH|EPTL|ORO;Jefferson Gold Project;MAIN;25|34
17DC7EE4;1;TBAC;N/A;ORO;Omega;MAIN;28|29
17EF89A8;1;TGGT;N/A;ORO;Storø;MAIN;31|32
17DA2760;1;TARC;N/A;EPTH;Amulsar;MAIN;24|25|27|33
181BF1B6;1;TGGT;AS;ORO;Dubenski Gold Deposit;MAIN;23|30|31
17F98519;1;TGGT;N/A;ORO;Golouma West;MAIN;29|43
1866E001;1;TGGT;N/A;ORO;Doropo Deposits;MAIN;19|28
182BC15E;1;TGGT;N/A;ORO;Timmins West Mine;MAIN;44|69
18821E32;1;TORO;N/A;ORO;Choco 10;MAIN;51|58
18B8525E;1;TARC;N/A;IRG;Tocantinzinho;MAIN;26|34
1905889A;1;TGGT;N/A;ORO;Netiana;MAIN;80|93
19BC2616;1;TORO;N/A;ORO;Table Mountain Vein Systems;MAIN;29|37
1A09A6C5;1;TORO;N/A;ORO;Flordin deposit;MAIN;28|30|37
1A0EC604;1;TGGT;N/A;ORO;Douay West;MAIN;43|46
1A1956D4;1;TCRA;AS|HG|SB;CAR;Jinfeng;MAIN;22|24|26|27
1A1CA32E;1;TGGT;N/A;ORO|PLC;Kobada;MAIN;35|37|40|41
1A6CFF70;1;TORO;N/A;ORO;North Lake deposit;MAIN;74|88
1A7B38F8;1;TORO;AS|BI|W|CU|MO;ORO;Nalunaq;MAIN;47|60|65|66
1A7C389B;1;TGGT;N/A;ORO|PLC;Goingoindougou;MAIN;32|36|49
1A8140D3;1;TARC;N/A;ORO;Bellechasse-Timmins deposit;MAIN;24|30
1AC556B7;1;TGGT;N/A;ORO;Gourbassi West;MAIN;50|51|63|75
1B737743;1;TORO;CU|AS|PB|ZN;ORO;Borborema deposit;MAIN;73|89|91
1B2900EE;1;TGGT;N/A;ORO;Bomboré;MAIN;33|36|43
1B76BEA9;1;TGGT;N/A;ORO;Donchester Mine;MAIN;21|28
1B999829;1;TORO;N/A;ORO|BXH;Marudi Property;MAIN;31|32|35
1B84EA2F;1;TGGT;N/A;ORO;Nkran;MAIN;75|89|90
1BBCE5C2;1;TORO;AS|SB|W;ORO;Mosquito Hill;MAIN;72|83|84
1BEAFCFB;1;TGGT;N/A;ORO;55 Zone;MAIN;24|33
1BC9BB63;1;TORO;AS;ORO;Taurus Deposit;MAIN;25|28|32
1BFE7520;1;TGGT;AS;ORO;Mankarga 5;MAIN;46|48|52|54|63|65|66
1BEE6489;1;TGGT;AS;N/A;Frankfield East Deposit;MAIN;38|43|45
1C01C09B;1;TGGT;AS;ORO;Pilar;MAIN;49|64|66
1C5D0682;1;TGGT;N/A;ORO;Tassawini;MAIN;28|34
1C3385F6;1;TORO|TGGT;N/A;ORO;Choco 10;MAIN;47|49|57
1C08D521;1;TARC;AS;ORO;Massawa;MAIN;63|64|73|92
1CD9BB53;1;TGGT;AS;ORO;Mt Clifford;MAIN;78|92|132
1CA3A079;1;N/A;AS|HG|SB|TL;CAR;Long Canyon;MAIN;40
1CAE0FC0;1;TPAB;AS|SB|CU|ZN|PB|AG|HG;CAR|EPTL|SKN;Santa Gertrudis;MAIN;53|60|64|69|70
1CEBFF59;1;TORO;N/A;ORO;Oko Main Zone;MAIN;83
1D25010B;1;TGGT;K|RB|AS|S;ORO;Natougou;MAIN;25|34|36|38
1D754D16;1;TRFT;AS|SB|HG|BA|ZN|W;CAR;Easy Junior;MAIN;29|35|36|39
1D2D184E;1;TGGT;N/A;ORO;Paciência Mining Complex;MAIN;47
188135F4;1;TGGT;N/A;ORO;Francoeur Deposit;MAIN;19|25
1D9455F0;1;TRFT;N/A;CAR|EPTL;Pan Project;MAIN;40|46
1DAEC218;1;TORO;W|BI|TE;ORO|SKN;Björkdal;MAIN;50|61|73
1DB78EE7;1;TGGT;AS|BI|CU|HG|K|MO|SB|TE|V|W|ZN;ORO;Hemlo;MAIN;64|68|70|71
1DD36FDF;1;TUNK;AG|AS|SB|HG|TL|BA|W|SE;CAR;Gold Pick;MAIN;4|53|56|60
1DFA2C0F;1;TORO;N/A;ORO;Apankrah;MAIN;31|36|38
1E022488;1;TGGT;AS;ORO;Orenada;MAIN;81|82|92|102|103
1E0A2A78;1;TGGT;N/A;ORO;Detour Lake;MAIN;90|107
1E11A67B;1;TGGT;N/A;ORO;Madsen Deposit;MAIN;43|44|74
1E1F8F66;1;TORO;AS|SB;ORO;Mankouke South;MAIN;56|59|68|76
1E40059D;1;TGGT;AS|BA|CR|HG|MO|SB;ORO;Baritic Zone;MAIN;30|36|39|40
1E319B80;1;TORO;B|W|AS|SB|SE|TE|BI|MO|CU|PB|ZN;ORO;Malikoundi;MAIN;51|62|65
1E75A335;1;TGGT;N/A;IRG|PRY|BXH;Côté Gold deposit;MAIN;158|183|185
1E769595;1;TGGT;N/A;ORO;Posse;MAIN;32|35
1E99CAC7;1;TGGT;N/A;ORO;Paiol;MAIN;42|46
1EA4BB1E;1;TORO;N/A;ORO;São Vicente;MAIN;29|32|37
1ED86FA6;1;TGGT;N/A;ORO;Eagle River;MAIN;22|29
1EB76791;1;TORO;BI|W|TE|MO|AS|CU|SB|PB|ZN|AG;IRG;Sergeevskoe;MAIN;47|49
1EE33807;1;TGGT;N/A;ORO;HBJ;MAIN;38|39|40|42|44|50
1EF43E4D;1;TARC;N/A;ORO;San Juan Vein Swarm;MAIN;41|44|53|56
1F0751C3;1;TRFT;N/A;EPTL;Florida Canyon Mine;MAIN;41|46
1F0EE9E9;1;TORO;N/A;ORO;Carolin Mine;MAIN;41|43
1F1DC537;1;TRFT;AS|SB|MO|W|CR|HG|TL;EPTL;Relief Canyon;MAIN;59|60|62|64|68
1F458B48;1;TORO;AS;ORO;Kalana;MAIN;109|130|131|132|135|136|137
1F56ABDF;1;TRFT;BA;CAR|EPTL;Pan Project;MAIN;43|49|50|53
1F6D12E8;1;TGGT;N/A;ORO;Majorodam;MAIN;24|25|32
1F630381;1;TORO;N/A;ORO;Golden Harker;MAIN;32|42|44|45|46
1FC92E68;1;TTRN;HG|AS|SB|TL|AG;EPTL;South Bullfrog Property;MAIN;51|62|64|73|80
2010BE16;1;TGGT;N/A;ORO;Triangle;MAIN;72|86
202807F1;1;TORO;N/A;ORO;Kouroussa;MAIN;30|35|36
1FFDF094;1;TGGT;N/A;ORO;Trident;MAIN;43|45|49
20D3D36E;1;TORO;N/A;ORO;Goldboro;MAIN;30|31|44
20F6CE4D;1;TORO;AS|AG|PB|ZN|CU|SB|K|LI|BI|W|TE|B|CD|HG;ORO;Providence Mine;MAIN;34|41|43
213027CF;1;TGGT;N/A;ORO;Aurora Gold Project;MAIN;56|67
20E2443B;1;TARC;N/A;ORO;Lamaque;MAIN;42|43|73|75
2187A358;1;TRFT;AS|SB|HG;ORO;Reward Zone;MAIN;50|58|62
217876A7;1;TORO;W|BI|TE;ORO|SKN|PRY;Björkdal;MAIN;55|62|65
219157FE;1;TARC;CU|V|ZN;PRY|EPTH;Bom Jardim;MAIN;12|14|15|25|26|27
21F50592;1;TORO;AS|SB|AG|MO|BI|CU|PB|SN|W|ZN;ORO;Maud Creek deposit;MAIN;49|50|57|67|69|81
21EC804B;1;TARC;N/A;ORO;Paredones;MAIN;39|43
21ACC570;1;TORO;AS;IRG;Boroo;MAIN;52|58|63
221226CF;1;TGGT;N/A;ORO;Satinoco;MAIN;16|17|19|20
2235BE82;1;TGGT;N/A;ORO;Black Fox;MAIN;50|61
2247EB88;1;TGGT;N/A;ORO;Blanket Mine;MAIN;43|44|49
2298CBFE;1;TGGT;N/A;ORO|IRG|BXH;Beattie-Donchester;MAIN;17|24
229E58E2;1;TGGT;AS;ORO;Alexander Property;MAIN;23|24|27|30|31|37
233AFC1B;1;TORO;W|BI|TE;ORO|SKN;Björkdal;MAIN;51|62|71
2340AEB1;1;TORO;N/A;PRY;Eldorado;MAIN;23|27|28
2342F79C;1;TGGT;N/A;ORO;South Mine Complex;MAIN;21|25|26
22DBA216;1;TGGT;N/A;ORO;Tower Gold Project;MAIN;98|114|115
23472CCD;1;TGGT;AS;ORO;São Sebastião;MAIN;30|41|42
2394D734;1;TORO;N/A;ORO;Kone;MAIN;40|61
236B651A;1;TGGT;N/A;ORO;Bilboes;MAIN;54|57|60
235457EF;1;TORO;AS|CU|BI;ORO;Los Planes and Las Colinas;MAIN;23|25|26
23FBC1A2;1;TGGT;N/A;N/A;Discovery;MAIN;24
239DB373;1;TGGT;N/A;ORO;Merian II;MAIN;53|66
24B9A082;1;TGGT;N/A;ORO;Mankarga;MAIN;71|72|76
2564F44A;1;TARC;N/A;VMS|ORO;Lofflin;MAIN;26|30|31
24BD37C9;1;TGGT;AS|SB|TL;ORO;Sam Otto;MAIN;56|63|64|67|87|88
25CA4953;1;TORO;N/A;ORO;Corner Lake Gold Deposit;MAIN;18|23|24|25
25B1C7D2;1;TGGT;N/A;ORO;Beattie-Donchester;MAIN;18|25
2624ABED;1;TGGT;N/A;ORO;SREP deposits;MAIN;20|22
25F92493;1;TGGT;N/A;ORO;Lafigué;MAIN;193|202
26305346;1;TORO;AS|SB|HG|TL|TE|AG;CAR;Black Pine;MAIN;33|46|52
2640ABDA;1;TORO;N/A;ORO;Bralorne-Pioneer;MAIN;53|63
26519CE6;1;TGGT;N/A;ORO;Midway Project;MAIN;43|45
265A3824;1;TGGT;N/A;ORO;M Zone;MAIN;27|37|38
266494E0;1;TGGT;K|AS|FE|MN|TI;ORO;Obotan;MAIN;31|36|38
26906D0E;1;TORO;N/A;ORO;Lunch Pond South Extension;MAIN;25|40|43
26EE263C;1;TORO;AS;ORO;Touquoy West;MAIN;65|85|104|112
275CD4A0;1;TRFT;MO|HG|AG|SB|CU|PB|AS;LAT;Cecil R;MAIN;30|33|39|40|41|42|46
27014924;1;TRFT;AG|AS|SB|HG;CAR;Helen Zone;MAIN;40|49|51|52
275840FC;1;TBAC;N/A;ORO;C1;MAIN;65|76|80
2785C445;1;TORO;N/A;ORO;Beaver Dam deposit;MAIN;29|35
27651010;1;TGGT;AS|BI|W;ORO;Bell Creek;MAIN;40|51|55
278FF823;1;TGGT;N/A;ORO;Detour Lake;MAIN;88|116
279D99F2;1;TGGT;N/A;IRG;Hislop Deposit;MAIN;36|46
27E5F10F;1;TGGT;N/A;ORO;Marriott Gold Zone;MAIN;16|23
27B398CE;1;TGGT;N/A;ORO;True North;MAIN;48|60|62
27A3E693;1;TRFT;AS|SB|HG|FE|S|CU|ZN|PB;EPG|BXH;Cristina;MAIN;49|51|56|60|67|73
27CA4DDC;1;TGGT;N/A;IRG;Young-Davidson;MAIN;58|67
281A8967;1;TGGT;N/A;PLC;Karratha Project;MAIN;30|39
2814182A;1;TGGT;N/A;BXH|VMS;Zone 1B;MAIN;20|22|28
282061E6;1;TORO;AS;ORO;PL Deposit;MAIN;79|85|89
283C2E94;1;TRFT;AS|SB|HG|BA|ZN|W;CAR;Easy Junior;MAIN;27|31|32
282D08DE;1;TGGT;AS;ORO;O'Brien Project;MAIN;51|60|61
2853C4DA;1;TORO;AS|SB|HG|TL|BA;CAR;Uluktau;MAIN;64|65|69|78|79|89
2870D6A5;1;TGGT;N/A;ORO;Wasamac;MAIN;16|18
28865668;1;TGGT;AS|W|AG;ORO;New Alger Mine;MAIN;11|13|14
285E1E79;1;TGGT;N/A;ORO;F2 Gold System;MAIN;29|30|37|38
28CD2641;1;TARC;N/A;EPTH;Julian Property;MAIN;16|19|26
28D0ECAF;1;TGGT;N/A;ORO;Granada;MAIN;46|60
28E283FF;1;TGGT;N/A;ORO|EPTL;Grey Fox;MAIN;34|35|51|54
28EAFB9C;1;TORO;FE;ORO;Cape Spencer;MAIN;55|61|64|69
293AB836;1;TORO;N/A;ORO;New Amalga deposit;MAIN;41
28F0A9C8;1;TCRA;AS|BA|ZN|V|K|CU|LI;IRG|EPTL|BXH|PRY;North Stock;MAIN;33|34|49|50|53|54|57|58
28F91901;1;TGGT;N/A;ORO;Bombore Gold Project;MAIN;82|103
294CBDBB;1;TGGT;N/A;ORO;Cipoeiro;MAIN;27|33|34
29C641EC;1;TORO;N/A;PLC;HMC Placer Claims;MAIN;18|19|26
2A1026DE;1;TRFT;HG;EPTL;Main Zone;MAIN;22|28|29|31
2A176A30;1;TGGT;PB|ZN|AS;ORO;Sugar Zone;MAIN;12|14|15
29E2F3C6;1;TGGT;N/A;ORO;BGP gold deposit;MAIN;34|36|45
2A1EC49A;1;TGGT;N/A;ORO;Francoeur Deposit;MAIN;17|19
2A2FB122;1;TGGT;N/A;ORO;Wona-Kona;MAIN;25|26
2A228DAA;1;TGGT;N/A;ORO;Oko West;MAIN;49|70
2A62A33F;1;TGGT;N/A;ORO;Kiniero;MAIN;78|100
2A8F8F9C;1;TGGT;N/A;ORO;Monique;MAIN;52|61|77
2A763673;1;TORO;N/A;ORO;Magdala;MAIN;50|65
2A90BFB0;1;TORO;N/A;ORO;Kittila deposit;MAIN;39|41|43
2AC29752;1;TCRA;U;PLC;Castelo de Sonhos;MAIN;39|40|47
2A9895A6;1;TORO;AS|FE|PB|ZN|AG|HG|SB|BA|S;ORO;Beartrack;MAIN;44|50|51|59
2AC512B5;1;TORO;N/A;ORO;Sao Vicente;MAIN;18|22
2AADF6FE;1;TGGT;N/A;ORO;Upper Antino;MAIN;55|57|61|62
2BC67572;1;TORO;TE|AS|CU;IRG;Bear Mountain;MAIN;32|36|39|40|41|45
2B92CA7E;1;TARC;N/A;ORO;Huronian Zone;MAIN;57|70
2B95FE2E;1;TGGT;N/A;EPTI;Chevrier;MAIN;31|34|35
2BB40988;1;TGGT;N/A;ORO;Nicholas Main Zone;MAIN;13|23
2C16173B;1;TGGT;N/A;ORO;Antenna;MAIN;68|83
2C2FE588;1;TGGT;N/A;ORO|IRG|VMS;Gladiator;MAIN;42|58
2BF34292;1;TGGT;N/A;ORO;Granada;MAIN;27|35
2C17B3D5;1;TORO;AG;ORO;Uzboy;MAIN;25|29|32
2C73DB73;1;TGGT;N/A;ORO;55 Zone;MAIN;44|51
2C44109C;1;TORO;N/A;ORO;La Escarcha;MAIN;32|34|37|40|46
2C63C9AC;1;TARC;AG|AS|SB|MO|TE;N/A;Haile;MAIN;40|47
2C765245;1;TORO;N/A;EPTH;Trixie;MAIN;76|83|84|88|90|92|101|144|145
2C7D7C7E;1;TGGT;N/A;ORO;55 Zone;MAIN;43|51
2C85BF9F;1;TGGT;N/A;ORO;Sewum;MAIN;36|37|48
2CB5A3A2;1;TRFT;N/A;EPTL;Gold Road Mine;MAIN;30|39
2CCA1630;1;TARC;N/A;PRY|BXH;Oro Brillante;MAIN;39|40|44|47
2CC1CE54;1;TGGT;N/A;ORO;Chimo Mine;MAIN;77|89|93|97|98
2CCC9CD5;1;TGGT;N/A;ORO;New Beliveau;MAIN;54|71|72
2D1F88BB;1;TARC;N/A;ORO;Cajueiro;MAIN;55|66
2D6E23C2;1;TORO;N/A;ORO;San Francisco;MAIN;54|60
2D45BA4D;1;TORO;N/A;EPTL;Golden Saddle;MAIN;40|50
2D8C98CC;1;TGGT;N/A;ORO;Dorothy Main Zone;MAIN;36|45|57
2DCCA471;1;TGGT;N/A;ORO;Madsen Deposit;MAIN;78|79|109
2DE403FE;1;TORO;N/A;ORO;Nyanzaga;MAIN;91|92
2DD158F8;1;TORO;N/A;N/A;Box-Athona;MAIN;65|67|72|73
2E48F352;1;TGGT;AS|CU|ZN|SB;ORO;Tau;MAIN;34|37|43|46|50
2ED1333E;1;TGGT;N/A;ORO;True North;MAIN;59|71|73
2F27DD2C;1;TORO;N/A;ORO;Cosmo Mine;MAIN;98|159|164
2FC7E142;1;TORO;AS;ORO;Massawa;MAIN;105|109|125
2FD5202A;1;TRFT;N/A;EPTL;Grassy Mountain;MAIN;37|41
2FDA8907;1;TGGT;N/A;ORO;Mishi Main zone;MAIN;32|35|41
2FE561F3;1;TORO;N/A;ORO;Callie;MAIN;51|74
300BD65E;1;TORO;PB|AS;ORO;Dufferin;MAIN;58|63|64|66|73
3055A584;1;TORO;CO|BI|SE|AG|U|W;N/A;Fortnum Wedge;MAIN;56|59|67
306C6FD3;1;TRFT;N/A;EPTL;Florida Canyon Mine;MAIN;41|46
30764FDD;1;TGGT;N/A;ORO;True North;MAIN;64|75
307C60FF;1;TGGT;N/A;ORO;Munro Project;MAIN;29|39|40
308915A6;1;TGGT;N/A;ORO|IRG|BXH;Fayolle;MAIN;32|39|43|45|46
3091DA28;1;TORO;AS;ORO;Corcoesto;MAIN;38|48|50|52
30C5FD5F;1;TGGT;AS;ORO;Southern Cross North Project;MAIN;33|38|39
30C14E1F;1;TGGT;N/A;ORO;Buckreef;MAIN;22|23|26
30D25F2D;1;TORO;SB|CO|W;ORO;Lero-Karta;MAIN;29|37|38
30E2DB35;1;TORO;BI|AG|AS;IRG;Florin;MAIN;28|34|37
30EFD2F3;1;TGGT;N/A;ORO;Kobada;MAIN;91|94
3181F270;1;TCRA;BI|TE|W;IRG|PRY;Bjorkdal;MAIN;29|31
315147D9;1;TGGT;N/A;ORO;Triangle Zone;MAIN;90|117|119
314BDAAB;1;TORO;N/A;ORO;Goldboro Deposit;MAIN;13|14|44|45|59
311C247E;1;TGGT;AS|BA;ORO;Greenstone Mine;MAIN;67|73|94|95
318D10F5;1;TGGT;N/A;ORO;Chimo Mine Deposit;MAIN;99|114|118
320E96A4;1;TORO;N/A;ORO;Fawakhir;MAIN;36|38|39
3221B416;1;TGGT;AS;ORO;EMZ;MAIN;41|42|43|48
31A667DE;1;TORO;PB|ZN|AG|AS|FE|HG|SB|BA|S;ORO;Beartrack;MAIN;40|43|45|46|55
32709FC1;1;TGGT;N/A;N/A;Affleurement KB-029;MAIN;5
32698830;1;TGGT;AS|SB;ORO;Three Bluffs;MAIN;34|42|45
322585EE;1;TORO;N/A;EPG;Wharf Operation;MAIN;50|72|73
32425CED;1;TGGT;N/A;ORO;Nordeau West;MAIN;38|49|54|91
329566C5;1;TORO;N/A;ORO;Yellowjacket Gold Zone;MAIN;26|39|41
32DA3B1C;1;TGGT;N/A;N/A;Maligreen;MAIN;37|38|39|42|54
337B5C66;1;TRFT;N/A;EPTL;Florida Canyon;MAIN;28|34
32EB9E26;1;TORO;N/A;ORO;Thor Deposit;MAIN;66|78
339AF256;1;TTRN;N/A;EPTL;Tonopah;MAIN;33|35|48
340A0A9C;1;TORO;N/A;ORO;Main Zone (South Wood Lake Zone);MAIN;13|15|18
33C33FF7;1;TGGT;N/A;ORO;Saramacca;MAIN;57|68
34119D76;1;TGGT;AS|S|AG|TE;ORO;West Branch;MAIN;36|38|58|59
3473A14D;1;TARC;N/A;ORO;Pine Cove;MAIN;54|85|88
346313EF;1;TGGT;AS|SB;ORO;F2 Gold System;MAIN;41|42|44|49|50
347302C7;1;TARC;N/A;ORO;Lamaque Mine;MAIN;42|43|73|75
34D00683;1;TGGT;N/A;ORO;Piment Zone;MAIN;30|31|34
34A885E5;1;TGGT;N/A;ORO;Croinor;MAIN;238|247|253
353CDC8B;1;TGGT;N/A;ORO;Granada;MAIN;45|59
34F19419;1;TGGT;N/A;ORO;Discovery Zone;MAIN;85|102
354F4AB3;1;TGGT;N/A;VMS;Ouest Balan;MAIN;25|40
355174D9;1;TORO;AS|SB|HG;ORO|IRG;Fondaway Canyon;MAIN;54
359BBE7E;1;TGGT;AG|PB;IRG;Swanson deposit;MAIN;64|77|81|93
35C5507F;1;TGGT;N/A;ORO;Apensu;MAIN;64|80
35CA7341;1;TORO;AS|SB|BI|CU|FE|SN|MO;ORO;Otter Creek / Godkin Pit;MAIN;16|27|29|40
35CA8622;1;TORO;N/A;ORO;Lincoln-Comet;MAIN;25
35D1D06F;1;TGGT;N/A;ORO;Detour Lake Mine;MAIN;52|66
35DF18D6;1;TORO;N/A;ORO;Piaba;MAIN;49|52|54|83
35F4BD47;1;TGGT;N/A;ORO;Bomboré;MAIN;33|43
361A4CFA;1;TARC;AS;EPTL|IRG;Gold Ridge;MAIN;19|21|22
36984740;1;TGGT;AS|SB;ORO;Turmalina;MAIN;42|44|49|50
36963686;1;TARC;N/A;ORO;Triangle Zone;MAIN;48|57|60
3670F402;1;TGGT;N/A;ORO;Namdini;MAIN;56|63
36F4D111;1;TGGT;CU|MO;ORO;Posse;MAIN;32|33|35
36A9E451;1;TGGT;N/A;ORO;Wona-Kona;MAIN;48|49|57
36AF8027;1;TORO;N/A;ORO;Tamarack;MAIN;9|10
36A0B51D;1;TORO;AS|CU|CO|AG;ORO;Magambazi;MAIN;43|44|51|56|58|60|62
3708266F;1;TORO;N/A;ORO;Wenot;MAIN;54|84
3746E4F1;1;TORO;AS;ORO;Big Pit;MAIN;19|21|22|26|28|34|37
3748A596;1;TORO;B|W|AS|SB|SE|TE|BI|MO|CU|PB|ZN;ORO;Malikoundi/Boto 2;MAIN;53|63|67
377E3A04;1;TORO;N/A;ORO;Black Fox Mine;MAIN;140|141|142
37D3B9CE;1;TGGT;N/A;ORO|PRY;Canadian Malartic deposit;MAIN;51|55|57
3793CDFC;1;TRFT;N/A;EPTL;Fire Creek;MAIN;14|17
381F5C02;1;TGGT;N/A;ORO;Central Manitoba Zone;MAIN;20|25|30|31
37E2AA01;1;TGGT;N/A;ORO;La Martinière;MAIN;32|44
385AC5EA;1;TORO;N/A;ORO;Mankarga 5;MAIN;41|45
38805D4D;1;TORO;N/A;ORO;Quinn Lake;MAIN;13|14|15|17
385C01BC;1;TORO;N/A;PLC;Alaska-Juneau tailings deposit;MAIN;41|43|44|46
3875829E;1;TORO;AG|AS|SB|HG|TL|BA|W|SE;CAR;Gold Pick;MAIN;64|70|71
38A85FAF;1;TORO;BI|AS|TE|W;IRG;Eagle Zone;MAIN;45|49|51|52
38B9C7D6;1;TGGT;N/A;ORO;Rory's Knoll;MAIN;60|71
38BF4231;1;TGGT;N/A;N/A;Discovery;MAIN;24
38D95CC8;1;TORO;N/A;ORO;Magambazi;MAIN;20|28|29
39CB6561;1;TORO;N/A;ORO;Kenogami Lake Project;MAIN;25|31
38E7868C;1;TGGT;N/A;ORO;Bombore;MAIN;63|66|84
39E79654;1;TGGT;CU|MO|AG|TE;PRY|BXH|IRG;Côté Gold;MAIN;74|86|97
39FFEDD8;1;TORO;N/A;ORO;Carolin Mine;MAIN;36|39|41
3A3F8692;1;TORO;W|S|AG|AS;ORO;CAS (Central, Avan and Skiråsen);MAIN;45|54|55|58
3A6340B3;1;TRFT;AG|PB|ZN|TE;IRG|BXH|EPTL;RHN Property;MAIN;33|35|37|38
3AAEF04C;1;TORO;N/A;ORO|BXH;Zone 1B;MAIN;18|19|23|25|26
3B3D85B1;1;TGGT;AS;ORO;São Sebastião;MAIN;24|27|30
3B581E7D;1;TGGT;N/A;ORO;Nampala;MAIN;53|55|84
3B99FAA6;1;TGGT;N/A;ORO;Wenot;MAIN;82|85|112
3BB02B86;1;TORO;N/A;ORO;Spanish Mountain;MAIN;19|20|27|28
3BAA85BA;1;TORO;N/A;ORO;Cariboo Gold Project;MAIN;62|71|80
3BC14498;1;TGGT;N/A;ORO;Nkran;MAIN;70|76|80|84|85|92
3C0CD8A7;1;TGGT;N/A;ORO;Wona-Kona;MAIN;28|30
3C255A9C;1;TARC;N/A;ORO;Spanish Mountain;MAIN;19|20|28
3C3CEF6E;1;TORO;N/A;ORO;Ronguen gold deposit;MAIN;28|31|34
3C68B17F;1;TARC;K|BA;VMS;Montagne d'Or;MAIN;53|56|60|63
3CAF48B5;1;TORO;N/A;ORO;Seabee;MAIN;25|28
3CA02F87;1;TARC;AG|MO|AS|TE;N/A;Haile;MAIN;19|26
3CB96C60;1;TRFT;N/A;EPTL;Gameta;MAIN;26|33
3CF02A62;1;TARC;N/A;PRY|BXH;Sorowar;MAIN;40|41|43|44|55
3CD72230;1;TRFT;SB|AS|HG;CAR;Pinson;MAIN;50|60|62
3CB4917F;1;TGGT;N/A;ORO;Tower Gold Project;MAIN;135|160
3CF19190;1;TGGT;N/A;ORO;Pitt Gold;MAIN;42|47
3D3CB8E4;1;TGGT;N/A;ORO;Satinoco;MAIN;14|17|18
3D1189B3;1;TGGT;AS|BI|W;ORO;Bell Creek;MAIN;41|51|56
3D49ABF8;1;TORO;TE;ORO;Marathon Deposit;MAIN;92|93|100|114
3D6CB99C;1;TARC;N/A;ORO;Valentine Gold Camp;MAIN;43|44|51
3D76F7D4;1;TORO;N/A;ORO|IRG;Tovshir;MAIN;47|48|54
3D920261;1;TGGT;N/A;N/A;Noseno;MAIN;24|31
3DA469E7;1;TORO;N/A;ORO;Quinn Lake Property;MAIN;15|20
3DA4178D;1;TRFT;N/A;EPTL;Gameta;MAIN;26|33
3D7B3B36;1;TORO;CU|BI|AS|TE|W|MO|SB|AG|PB|ZN|B|SN;IRG|SKN|BXH;Nasedkino;MAIN;33|39|40|41|51
3DF03E1F;1;TORO;N/A;ORO;Amizmiz;MAIN;4|7
3E5657A2;1;TORO;AS;ORO;Kao;MAIN;67|68|72|76
3E712733;1;TRFT;CU|F|MN;DFR;Bullard Pass;MAIN;11|14|16
3E783295;1;TGGT;AS;ORO;O'Brien Project;MAIN;57|59|66|67
3E8E4AE5;1;TORO;AS;ORO;Mooseland;MAIN;39|41|46|44|45
3EC0CCD3;1;TARC;N/A;ORO;47 PMLs;MAIN;54|55|56|57
3EC7D618;1;N/A;N/A;MIX;Imperial gold deposit;MAIN;12|45|49
3EB0D4FB;1;TARC;N/A;ORO;Lamaque Mine;MAIN;36|37|65|66
3F0B38F9;1;TORO;AS;ORO;Kao;MAIN;67|68|72|76
3F28C976;1;TORO;N/A;ORO;Buffalo Reef;MAIN;16|19
3F6FCE20;1;N/A;N/A;N/A;Namoya;MAIN;22|23|24
3F2D988D;1;TGGT;N/A;ORO;Goingoindougou;MAIN;30|33|38
3F2EBD38;1;TGGT;N/A;ORO;Eleonore;MAIN;40|43|58|68
3F82F406;1;TORO;N/A;ORO;La Cruz;MAIN;15|17|20
3F91D044;1;TARC;AS|SB|HG|AG|W;IRG|EPTL;ACMA-Lewis;MAIN;73|76|87
3FAEB13F;1;TGGT;N/A;N/A;Garrcon Deposit;MAIN;42|47|49|52
3FC03D4C;1;TRFT;N/A;EPTL|DFR;Cyclopic;MAIN;81|82|88|90|91
3FBC5CEF;1;TGGT;N/A;PRY;Swanson;MAIN;107|118|125
403E39A4;1;TGGT;N/A;ORO;Surluga Deposit;MAIN;99|100|109|125
403EAB29;1;TGGT;AS|SB|W;ORO;Golden Valley;MAIN;20|24|35
407CA08D;1;TORO;W|SB|AS;EPTL;Hangar Flats Deposit;MAIN;23|29
406E54D8;1;TRFT;HG|AS|SB;CAR;Pinson;MAIN;49|59|64
4080CBE2;1;TGGT;CU|AS|TE|PB|ZN|MO|W|SB;IRG;Douay;MAIN;51|58|62
408EE15F;1;TGGT;N/A;N/A;Sleepy Zone;MAIN;25|28
4112CF24;1;TGGT;N/A;ORO;Parallel Vein Zone;MAIN;20|25
4124125B;1;TBAC;N/A;ORO;Buziba Busolwa;MAIN;38|39|40|41
4170107C;1;TRFT;AS|SB|HG;CAR;Spruce Hills;MAIN;14|16|26
413F247E;1;TGGT;N/A;ORO;Gourbassi West;MAIN;76|77|83|100
41BCA767;1;TGGT;N/A;ORO;Duquesne-Ottoman;MAIN;29|36
414E89A7;1;TORO;N/A;ORO;Pine Cove Mine;MAIN;51|53|56|76
41F2C053;1;TORO;K;ORO;Glenburgh;MAIN;29|36
4230CEAC;1;TRFT;N/A;CAR;Afgan;MAIN;25|31
4268C1D1;1;TUNK;N/A;N/A;Golden Gift 6;MAIN;31|35|43
42875527;1;TORO;AS|CU;ORO;Twin Hills;MAIN;46|53|56|57
4289B025;1;TPAB;AS|SB|HG;EPTL;ACMA-Lewis;MAIN;85|98|101
42C56158;1;TORO;AS|PB;ORO;San Francisco deposit;MAIN;73|80|83
42C8CCFD;1;TARC;N/A;PRY;CMD Gold Mine;MAIN;47|49|50
42D01EF0;1;TGGT;AS|SB;ORO;F2 Zone;MAIN;28|37|38|40
438D7AD7;1;TORO;N/A;ORO;Twangiza Main;MAIN;29|32
433F4FB3;1;TUNK;BI;SKN;Butte Highlands;MAIN;49|51
39B14617;1;TORO;AS|PB;ORO;Kearney and Joshua vein systems;MAIN;45|46|49|50|52|55|59
44671CF4;1;TGGT;N/A;ORO;West Zone;MAIN;28|35
44464205;1;TGGT;AS;ORO;New Liberty;MAIN;49|50|52|64|69
44645AE1;1;TGGT;N/A;ORO;F2;MAIN;39|42|48
44734636;1;N/A;N/A;N/A;Big Hurrah;MAIN;29|30
449D2B76;1;TGGT;N/A;ORO|IRG;Duquesne West;MAIN;60|61|65|66|67|69
44B07C36;1;TGGT;N/A;ORO;A8 3200 vein system;MAIN;34|42|43
44B84233;1;TORO;N/A;ORO;Wenot;MAIN;75|87|107
45A25C9E;1;TGGT;N/A;ORO;Peninsula;MAIN;26|37
45D5398B;1;TGGT;N/A;ORO;Lac Pelletier Gold Zones;MAIN;24|26
461BC7FE;1;TRFT;N/A;EPTL;TR-UE Vein System;MAIN;54|71|72
4658EFA7;1;TGGT;N/A;ORO;Goldlund Deposit;MAIN;44|47|52
4659B4DE;1;TGGT;N/A;ORO;Galaxy Orebody;MAIN;69|75
465DA569;1;TGGT;N/A;ORO;Goulagou;MAIN;11|12
462243E7;1;TGGT;AS|W|B|MO;ORO;Sigma-Lamaque;MAIN;93|122
46829863;1;TORO;N/A;ORO;Kabaya;MAIN;41
467154B4;1;TGGT;N/A;IRG|BXH|ORO;Fayolle deposit;MAIN;27|33|37|38|39
46AA2282;1;TORO;N/A;ORO;Kobada;MAIN;17|20|25|26|27
46E15A6C;1;TGGT;N/A;ORO;Central Zone;MAIN;22|26|27|28|29
472E4DAE;1;TORO;N/A;N/A;Napoleon;MAIN;37|42|45|47
4803D5C0;1;TORO;AS|SB|HG;EPTL;ACMA-Lewis;MAIN;47|48|58|59
486DB1EF;1;TORO;N/A;ORO|EPG;Penman Vein;MAIN;16|18
486A1A8B;1;TBAC;AS|SB;IRG;Money Knob;MAIN;16|19
48727141;1;TORO;AG|AS|SB|HG|W;EPTL|IRG;West End Deposit;MAIN;25|30|34
489D2664;1;TGGT;N/A;ORO;Dreadnought;MAIN;14|17
48765079;1;TORO;AS|HG|SB|TL;CAR;Savkino;MAIN;25|26|28
489DD9BE;1;TGGT;N/A;ORO;Tiriganiaq;MAIN;38|41
49F3D6C3;1;TGGT;N/A;PLC;Anumso;MAIN;30|34|36
48C76AE7;1;TGGT;N/A;ORO;Upper Canada;MAIN;29|38
491496E5;1;TARC;N/A;EPTL;Bayan Khundii;MAIN;31|51
49A5620F;1;TGGT;N/A;ORO;Surluga;MAIN;59|61|71
49F938DE;1;TRFT;N/A;PLC;Beatons Creek;MAIN;37|39|49
4A0070E3;1;TORO;N/A;ORO;Seabee;MAIN;25|28
4A5902D2;1;TGGT;N/A;ORO;Ndablama;MAIN;21|22|23|36
4A5E0712;1;TARC;N/A;SKN|BXH|IRG|EPTL;Ana Paula;MAIN;60|61|63|71|84|91|95|97
4AA854DA;1;TGGT;N/A;ORO;Tabakoto;MAIN;48|54
4ACFEB12;1;TORO;AS|HG|TL|S|SB;CAR;Bigar Hill;MAIN;34|51|57|59
4ADA2DD3;1;TGGT;N/A;ORO;DAC Deposit;MAIN;52|53|64
4ADB686A;1;TGGT;N/A;ORO;Main Zone;MAIN;20|21|22|27
4ADC15B3;1;TGGT;AS|SB;ORO;Sam Otto;MAIN;51|58|59|62|82|84
4B2AC66A;1;TORO;N/A;ORO;João Neves;MAIN;20|21|24|38
4B442F77;1;TGGT;N/A;ORO;Croinor;MAIN;66|70|71|72
4BD59709;1;TGGT;N/A;ORO;Leahy Property;MAIN;27|34
4BB2238D;1;TORO;N/A;ORO;Taurus;MAIN;52|53|56|57|61|63
4B551F33;1;TGGT;N/A;ORO;Tiba;MAIN;37|42
4BAAA14A;1;TGGT;N/A;ORO;Boin Zone;MAIN;38|41|49
4C02412F;1;TGGT;N/A;ORO;Gladiator Gold Deposit;MAIN;51|61|64
4C9F1D58;1;TGGT;N/A;ORO;New Liberty;MAIN;31|32|33|40
4C03F531;1;TGGT;W|AS|SB|MO|BI|TE;ORO;Chirano;MAIN;46|47|57|61|62
4D300284;1;TGGT;N/A;ORO;Guiro;MAIN;28|35
4D371C61;1;TGGT;N/A;ORO;Buckreef;MAIN;41|53
4D37D7F2;1;TGGT;N/A;PRY;Canadian Malartic deposit;MAIN;33|36|37
4E33B29F;1;TORO;N/A;ORO;A1 Zone;MAIN;20|25
4DA69315;1;TARC;N/A;IRG;Tocantinzinho;MAIN;33|36
4DE69D51;1;TGGT;N/A;ORO;Lacoma;MAIN;27|34
4E90FB64;1;TORO;AS|W|B|MO;ORO;Pine Tree-Josephine;MAIN;31|33|39
4EDAE032;1;TORO;N/A;ORO;Tamakay;MAIN;28|36
4F2F493A;1;TORO;N/A;ORO;Buracão;MAIN;28|29|40|42
4F4DFAF5;1;TORO;N/A;ORO;FT deposit;MAIN;16|17|18|19|20
4F60D5E9;1;TGGT;N/A;N/A;Posse Deposit;MAIN;21|22
4F6C8837;1;TGGT;N/A;ORO;Ndablama;MAIN;24|25|26|42
4F7A95D2;1;TORO;N/A;ORO;Segilola;MAIN;36|47
4FBFD962;1;TGGT;N/A;ORO;Fazenda Brasileiro Mine;MAIN;40|49
4F8EA52E;1;TORO;N/A;ORO;Cariboo Gold Project;MAIN;67|79|88
4FA5858E;1;TORO;AS;ORO;Selinsing;MAIN;34|38
4FC0C955;1;TBAC;AS;ORO;C1;MAIN;59|64|74|78
4FDA705C;1;TGGT;N/A;ORO;Increible 6;MAIN;17|20
4FF8E18B;1;TGGT;AS|SB|W;ORO;Hosco;MAIN;77|97|100
4FF0260A;1;TARC;N/A;ORO;Paredones Amarillos;MAIN;39|43
50BB75A6;1;TGGT;N/A;ORO;Sunace;MAIN;48|53|61
50C75552;1;TORO;N/A;N/A;Segilola;MAIN;41|44
50F7D718;1;TGGT;N/A;ORO;SREP;MAIN;40|43
50E3E689;1;TGGT;N/A;ORO;Three Bluffs;MAIN;49|51|55|64
510C8A7F;1;TGGT;N/A;ORO;Stadacona-Est;MAIN;13|16|17|29|30|31
5134DB4C;1;TORO;N/A;ORO;Marathon;MAIN;77|82|95
5146BBA0;1;TORO;N/A;ORO;Youga Gold Deposits;MAIN;29|30|38
5199CD81;1;TGGT;N/A;ORO;Alpha;MAIN;21|26
51886858;1;TORO;N/A;ORO;Assafou;MAIN;123|128|129|130
519E09AE;1;TORO;AS|PB;EPTL;AccelRate Property;MAIN;27|31|38|39
51BFB0C5;1;TGGT;N/A;ORO;Croinor deposit;MAIN;21|22
51A64678;1;TORO;AS|W|BI|TE|MO;ORO;Tuzon;MAIN;97|110|111|114|115
51BE8C2A;1;TORO;AS|SB|HG;IRG|EPTL;Brewery Creek;MAIN;53|72
51EC133C;1;TGGT;B|W|AS|SB|SE|TE|BI|MO|CU|PB|ZN;ORO;Malikoundi;MAIN;39|44|54|58
520E75E1;1;TGGT;N/A;ORO;Magino Mine;MAIN;65|68|76
520226E2;1;TARC;N/A;ORO;Lamaque Mine;MAIN;36|37|65|66
52337385;1;TGGT;AG|MO;ORO;Duquesne Mine;MAIN;39|42|49
52AE5621;1;TGGT;N/A;ORO;Marban;MAIN;51|69|72
527BDF27;1;TORO;AS;ORO;Kao;MAIN;48|49|51|52|56
52B6DA76;1;TORO;N/A;ORO;Awak Mas;MAIN;41|44
52EDBF27;1;TGGT;CU|AS|TE|PB|ZN|MO|W|SB;ORO|PRY;Douay West;MAIN;34|35|40|41
52FE227C;1;TARC;BI|SN|W|AS|SB;IRG;Butarni;MAIN;13|14|19
5318FA58;1;TGGT;AS|K|AG|BI|CU|PB|ZN;ORO;Flood Zone;MAIN;33|36|37|42
53316880;1;TGGT;N/A;ORO;Dormaa;MAIN;29|32
534C99A3;1;TGGT;N/A;ORO;Agbaou;MAIN;27|28|29|30|33
53CBD8B4;1;TORO;AS|W|SB;ORO;Macraes;MAIN;54|61|65
53EEA937;1;TGGT;N/A;ORO;Fazenda Brasileiro;MAIN;44|51
5349073B;1;TORO;N/A;ORO;Kiniero Deposits;MAIN;80|86|92|103
53F73656;1;TORO;N/A;ORO;Touquoy;MAIN;85|103|104
5435D022;1;TORO;N/A;ORO;Twangiza Main;MAIN;40|44|45
54BFD40A;1;TARC;BI|TE|AG|MO|CU|S|SE|CO|FE|AS|SB;IRG;La Golondrina;MAIN;31|39|41|42
5578E4A8;1;TGGT;ZN|PB|AS|CU;ORO;Rowan Vein System;MAIN;28|31|36
552EE81D;1;TRFT;AS|AG|PB|SB|MO;DFR;Gameta;MAIN;20|26|27|38
55784CBD;1;TGGT;AS|CU|ZN|PB|SB;ORO;Kimoukro;MAIN;52|54|66|71|72|73
558671B0;1;TGGT;N/A;ORO;Marban;MAIN;89|102
55A531DD;1;TGGT;AS;N/A;Portageur;MAIN;10|11|12|14
55A985E0;1;TGGT;N/A;ORO;Durba;MAIN;50|64
55F3C33D;1;TORO;BI|W|TE|AS|SB|CO|CU|FE|MN|PB;IRG;Jethro Structure gold resource;MAIN;11|14|16
55D4B278;1;TCRA;N/A;PLC;Castelo de Sonhos;MAIN;63|64|71
563EE2C4;1;TORO;N/A;ORO;Frasergold Zone;MAIN;22|31|32
560CDFD2;1;TGGT;N/A;ORO;Vickers;MAIN;36|72|86
563684EA;1;TARC;SB|AS;VMS|EPTI;Amisk gold deposit;MAIN;37|46|49
56DD90DC;1;TGGT;N/A;ORO;Venice Mine;MAIN;20|21|23
56780E26;1;TGGT;AS|SB;ORO;Turmalina deposit;MAIN;45|47|52|53|54
56D3BF0A;1;TRFT;AS|SB|HG;CAR;Resurrection Ridge;MAIN;8|25|32
5656D941;1;TORO;N/A;ORO;Central Ashanti Gold Project;MAIN;37|41|42|45
56E89552;1;TGGT;MO|W|SB|BI|TE|AG|S|PB|AS|RE|SE|CU|CO|NI;ORO|IRG;Yaouré;MAIN;84|98
573048C7;1;TGGT;N/A;ORO;Blanket Mine;MAIN;51|58
57338B7C;1;TARC;AS|SB|HG|TL;CAR|BXH;Main Mercur;MAIN;72|81|82|83|99
57430F77;1;TORO;AS|SE|TE|MO;ORO;Haile;MAIN;24|29|30
5794CE78;1;TGGT;AS|SB;ORO;Samira Hill Mine;MAIN;24|25|29|35
57B797C1;1;TORO;AS|SB|W|HG|TE;ORO;Lone Star;MAIN;40|42|44|56|59
576924E6;1;TGGT;AS;ORO;Obuasi;MAIN;35|40|43
58447449;1;TORO;AS|SB|W;ORO;KCD;MAIN;74|91|97
5860A5DD;1;TARC;N/A;IRG;Dorozhni;MAIN;14|15|16
5872B8D6;1;TORO;N/A;ORO;Erickson Ridge;MAIN;38|39
59065AC5;1;TGGT;N/A;ORO;Discovery;MAIN;33|40
5916094D;1;TGGT;N/A;ORO;Hicks Prospect;MAIN;62|67|77
592F1DFA;1;TGGT;AS|SB;ORO;Turmalina Mine;MAIN;41|43|48|49
596BC2FF;1;TORO;BI|W|AS|MO|TE|SB|AG|PB|ZN;IRG;Raven;MAIN;55|59
596DB7FF;1;TGGT;N/A;N/A;Bomboré;MAIN;40|47
59F73E9C;1;TORO;N/A;ORO;Mooseland;MAIN;24|28
5A28BCD8;1;TORO;N/A;ORO;Hammerdown;MAIN;61|91
5A2ADB42;1;TGGT;N/A;ORO;Tasiast;MAIN;40|50
5A4E5E23;1;TORO;AS|PB;ORO;San Francisco;MAIN;61|68|72
5AA06367;1;TRFT;N/A;PLC;Beatons Creek;MAIN;43|45|62
5A88D39D;1;TORO;AS|PB;ORO;San Francisco;MAIN;66|73|76
5AD51C12;1;TORO;N/A;ORO;Nogbele;MAIN;71|74|75|89
5AD5C39D;1;TGGT;N/A;ORO;Hazeur sill;MAIN;18|22
5AC8F516;1;TGGT;AS|PB|ZN;ORO;Tiriganiaq Deposit;MAIN;27|34|36
5B429C89;1;TUNK;N/A;N/A;Agbaou;MAIN;37|38|39|40
5B354157;1;TORO;N/A;ORO;Haute Mana;MAIN;29|38
5B14239B;1;TGGT;N/A;ORO;Orfée East;MAIN;8|9|12
5B4B0A1D;1;TGGT;N/A;ORO;Blanket Mine;MAIN;39|40|45
5BC24E80;1;TGGT;N/A;ORO;Wassa Mine;MAIN;44|54|55
5B6BF67F;1;TUNK;AG|AS|SB|HG|BA;CAR;Gabel Prospect;MAIN;7|11|12
5C2FAFC4;1;TGGT;N/A;ORO;Barry deposit;MAIN;56|65|70
5AC109AF;1;TGGT;N/A;ORO;Vezza;MAIN;42|53
5CBF0D41;1;TGGT;N/A;N/A;Elder;MAIN;47|53
5CB16A9D;1;TORO;N/A;ORO;Glenfine Project;MAIN;36|37|42|43
5C5725C5;1;TORO;N/A;ORO;Tabakoto;MAIN;57|58|59|90
5CA2EE7C;1;TORO;N/A;ORO;Kibi Project (Zones 1-3);MAIN;64|66|75|82|83
5CF76CF1;1;TGGT;CU|PB;ORO;Mount Jamie;MAIN;22|29|30
5D0AA989;1;TRFT;AS|HG|SB|TL|BA;CAR;Lookout Mountain;MAIN;34|44|50
5D12B24F;1;TGGT;N/A;ORO;Mckenzie Break;MAIN;21|25|26
5D7E3610;1;TGGT;N/A;ORO;Vindaloo;MAIN;42|45|46
5D6F749D;1;TGGT;N/A;ORO;Duparquet deposit;MAIN;174|199|200|201
5D89B1BF;1;TGGT;N/A;ORO;Last Hope Deposit;MAIN;19|24
5E1AD8D5;1;TRFT;AG|HG|SE|AS|SB;EPTL|EPTI;Wind Mountain;MAIN;36|42|44
5ED743CB;1;TGGT;N/A;ORO;PEN zone;MAIN;15|16|17|21
5ECCA30D;1;TORO;AS|SB|AG|PB|W|BI|TE|MO;IRG|PRY;Dolphin;MAIN;58|65|70
5EE3D8D5;1;TTRN;N/A;EPTL;Tonopah;MAIN;34|36|45
5EECCA5D;1;TORO;AS|SB|HG|TL;CAR;Conrad;MAIN;26|33|35|47
5F330DE2;1;TORO;N/A;ORO;Chinese 1, 2, 3;MAIN;21|23|24
5EF5A67B;1;TORO;N/A;ORO;Curraghinalt;MAIN;75|87
5F6DA05D;1;TGGT;N/A;ORO;Ushirombo Gold Corridor;MAIN;48|59|67|77|86
5FB738E9;1;TGGT;N/A;EPG;Pistol Showing;MAIN;8|9|10
5FEB5964;1;TORO;N/A;ORO;Akyanga;MAIN;48|51
5FD37BC6;1;TORO;N/A;ORO;Frasergold;MAIN;31|36|40|41
6099012B;1;TGGT;N/A;ORO;Belvedere Mine;MAIN;48|51
618807F8;1;TGGT;N/A;ORO;Volta Grande;MAIN;71|81
61C07D6E;1;TARC;AS|AG|W;EPG;FAT deposit;MAIN;89|94|95|103
61D3056B;1;TORO;N/A;ORO;Kekoro;MAIN;18|20|43
61F2DB6B;1;TGGT;N/A;ORO;Glen Hume;MAIN;38|40|41|42
622578A0;1;TORO;N/A;ORO;Herbert Gold Project;MAIN;20|23|24
621D6369;1;TGGT;N/A;ORO;Granada;MAIN;54|69
625E0AE9;1;TGGT;N/A;ORO;Boin Zone;MAIN;35|46
634658BD;1;TRFT;N/A;EPTI|BXH;Taunas;MAIN;36|39|41
62343AA5;1;TUNK;MO|W|AS;EPTL;Grey Fox;MAIN;115
62C69989;1;TCRA;N/A;IRG;São Jorge;MAIN;61|77
6392CC6F;1;TGGT;N/A;ORO;Marban;MAIN;46|50|51
6379C4D5;1;TGGT;MO|AS|HG|SB|BA|V|S|ZN|TL|W|K;ORO;Hemlo deposit;MAIN;44|53|58|61
63F95F9C;1;TRFT;AS|SB|HG|TL|W|MO;CAR;Long Canyon;MAIN;33|53
63CC23C1;1;TARC;AS|SB|HG|CU|PB|ZN|AG;SKN|CAR;Robertson;MAIN;71|80|82|93|94|100
6401842D;1;TORO;N/A;ORO;Segala-Ouest artisanal workings;MAIN;56|65
642C85B9;1;TARC;AS;ORO;New Britannia Mine;MAIN;81|86|98
64EE5B85;1;TORO;N/A;ORO;Duquesne-Ottoman Property;MAIN;28|31|36
64CFFC82;1;TORO;N/A;ORO;Ängesneva;MAIN;68|77|80
6491D10E;1;TGGT;TE|AS;ORO;Geita Mine;MAIN;41|43|78|89
652EDC48;1;TGGT;N/A;ORO;Chimo Mine;MAIN;30|43|44
65550427;1;TORO;N/A;ORO;Mankarga;MAIN;34|38
6602978C;1;TRFT;AS|SB|BA|FE|HG|S|ZN;CAR;Gold Rock;MAIN;28|41|44
65F7031F;1;TGGT;AS|PB|ZN;ORO;Sugar Zone;MAIN;12|14|15|16
660EB2E0;1;TGGT;N/A;ORO;Tiriganiaq;MAIN;21|23
666A8409;1;TGGT;N/A;ORO;Tabakoto;MAIN;70|97|98
6704FD5F;1;TGGT;N/A;ORO;Martinière;MAIN;14|16|23|28
666F9FD0;1;TARC;N/A;EPTL;Bayan Khundii;MAIN;14|15|28|38
67109CC9;1;TORO;N/A;ORO;Property Veins;MAIN;64|70
6725EE59;1;TGGT;N/A;ORO;Surluga Deposit;MAIN;91|101|115
6739449C;1;TORO;N/A;ORO;North Lake;MAIN;88|102
676C4284;1;TGGT;AG|TE|SB|SN|BI|CO|AS;ORO|IRG;Philibert Deposit;MAIN;31|43|51|52
6789ACA5;1;TORO;AS|SB;IRG|EPTL|BXH|ORO;Golden Ridge Deposit;MAIN;29|31|41
6860032D;1;TGGT;N/A;ORO;Happy Valley Mine;MAIN;24|30
678EEECF;1;TGGT;N/A;ORO;Black Fox;MAIN;50|61
688641CF;1;TGGT;N/A;ORO;Ironwood;MAIN;29|32
68A12C12;1;TORO;AS|SB|AG|MO|PB|CU|NI|HG;ORO;Eureka Project;MAIN;17|18|19|25|26|28
68C45217;1;TARC;AG|AS|MO|TE;EPTL|CAR;Haile;MAIN;56|57|67|69
695E073D;1;TORO;AS|SB;ORO|IRG|PRY;Clarence Stream North;MAIN;36|41|42|44
69617396;1;TGGT;N/A;ORO;Hyde Lake;MAIN;9|10|11|15
69655620;1;TORO;AS|SB|MO|AG|BI|CU|PB|SN|W|ZN;ORO;Maud Creek deposit;MAIN;12|63|64|68|70|82|94
696F7F76;1;TGGT;N/A;IRF;Ironwood;MAIN;29|32
697812A5;1;TGGT;N/A;ORO;Norlartic and Kierens;MAIN;38|42
69F2C853;1;TTRN;N/A;EPTL;Tonopah;MAIN;35|37|45
69FA290E;1;TARC;N/A;EPTH;Elena;MAIN;23|28|30
6A06CDBD;1;TORO;AS;ORO;Sukari;MAIN;47|58|59
6A4C8B30;1;TORO;AS|SB;IRG;Mosquito Hill;MAIN;14|15|19|21
6A5AF28E;1;TRFT;AS;IRG|EPTL|PRY|BXH;North Stock;MAIN;38|51|55|56|62
6A7BE8EF;1;TARC;AS|SB|BI|S|TL;CAR;Jugan;MAIN;99|107|119|133
6A3F7761;1;TORO;N/A;ORO;Kiniero Gold Project;MAIN;19|20|108|110|111|113
6AA0DBC8;1;TGGT;N/A;ORO;Hardrock Project;MAIN;45|51
6AF199F8;1;TGGT;N/A;PRY;Canadian Malartic deposit;MAIN;34|40|41
6ACDC74E;1;TORO;N/A;ORO;Nogbele;MAIN;78|81|84|96
6B259C73;1;TGGT;N/A;ORO;AK;MAIN;17|33
6B2169A6;1;TGGT;N/A;ORO;Madsen Deposit;MAIN;44|45|74
6B9D203D;1;TORO;N/A;ORO;Morro do Ouro;MAIN;36|47
6BD405F8;1;TORO;N/A;ORO|LAT;MEG Artisanal Workings;MAIN;19|24|28
6B821FE0;1;TGGT;N/A;VMS;Kiniero;MAIN;31|45
6B2FDE09;1;TGGT;N/A;ORO;Kiena Mine;MAIN;119|147
6BE8DF66;1;TARC;HG|AS|SB;EPTH|PRY;Dorado Oeste;MAIN;45|51
6BF5AC4B;1;TGGT;N/A;ORO;Black Fox;MAIN;42|53
6BF9922E;1;TORO;AS;ORO;Big Pit area;MAIN;26|28|37|49|58
6BFE3777;1;TGGT;N/A;ORO;Southern Corridor;MAIN;31|35|40
6C5DCEB4;1;TRFT;N/A;PLC;Beatons Creek;MAIN;32|35|48
6C109EBD;1;TGGT;N/A;ORO;Niaouleni;MAIN;66|80
6C6300AC;1;TGGT;AG|AS|B|BA|BI|K|FE|HG|CU|PB|TL|SB|TH;ORO|IRG;Fenelon;MAIN;106|127|135
6C747B95;1;TGGT;N/A;ORO;Doropo;MAIN;70|72|84
6CBEAF45;1;TGGT;N/A;ORO;M Zone;MAIN;26|35|36|39
6C77E8AD;1;TGGT;N/A;ORO;Lac Herbin;MAIN;24|26|28
6CD79FAF;1;TGGT;N/A;ORO;DAC Deposit;MAIN;51|63
6CE77E02;1;TORO;N/A;ORO;North Lake;MAIN;88|102
6D202926;1;TGGT;N/A;ORO;Magino;MAIN;8|41|50
6D01CD34;1;TGGT;N/A;ORO;Timmins West Mine;MAIN;51|75
6D23B2FB;1;TGGT;N/A;ORO|EPTL;Grey Fox;MAIN;34|35|51|54|55
6D869212;1;TGGT;N/A;ORO;Tully Gold Project;MAIN;13|16|17|18|19
6D8B600C;1;TORO;N/A;ORO;Vindaloo;MAIN;82|85|99
6D96F4DE;1;TGGT;N/A;ORO;Paddy's Flat;MAIN;80|100
6DA43296;1;TARC;N/A;IRG;Scottie Gold Mine;MAIN;35|45|48
6DDBB287;1;TORO;N/A;SKN;Butte Highlands;MAIN;31|37
6DF34354;1;TARC;AS;ORO;New Britannia Mine;MAIN;68|72|82
6E38C3DE;1;TGGT;N/A;N/A;Baomahun;MAIN;71|78
6F3547BE;1;TBAC;AS;ORO;C1;MAIN;51|56|66|70
6F551C51;1;TGGT;N/A;ORO;Pilar;MAIN;27|28|29|81|82|83|85
6F5ECDE7;1;TGGT;N/A;ORO;Esaase;MAIN;74|76|116|117
6F7BB91E;1;TGGT;N/A;ORO;Wassa;MAIN;55|71|72
6F9686AF;1;TORO;AS|ZN|PB;ORO;Dingman;MAIN;38|49|52
6FC78198;1;TGGT;N/A;ORO;Discovery;MAIN;47|53
6FD5480A;1;TGGT;N/A;ORO;Rosebel Property;MAIN;19|22|28
6FF5E69D;1;TORO;N/A;ORO;Magdala;MAIN;32|33|44|45
6FDC2E91;1;TORO;W|AS|BI|CO|SE|TE|MO|U|SB|NI|PB|CU;IOC;Kiyuk Lake;MAIN;17|21|22|33|36|38|39|53|54
7023B205;1;TARC;AG|MO|AS|TE;N/A;Haile;MAIN;18|25
704EB070;1;TGGT;N/A;ORO;Croinor;MAIN;25|28
70B26ECE;1;TORO;N/A;ORO;Gounkoto;MAIN;16|20
7104559C;1;TGGT;N/A;ORO;Buckreef;MAIN;59|69
7030CDA5;1;TRFT;AS|TE|MN|MO|ZN;IRG|EPTL|BXH|PRY;North Stock;MAIN;55|57|58|65
71158618;1;TORO;N/A;ORO;Lincoln-Comet;MAIN;71
71665082;1;TGGT;AS|CU;ORO;Tongon;MAIN;23|25
7166C010;1;TORO;N/A;ORO;Otjikoto;MAIN;71|76|99
71DC7BE1;1;TORO;AS;ORO;Wolf Mine;MAIN;43|47
719754FA;1;TORO;AS|W|SB;ORO;Macraes;MAIN;51|58|62
71910876;1;TORO;N/A;ORO;Seabee Gold Operation;MAIN;39|47
7204871E;1;TUNK;AS|SB|HG|TL|W|MO|AG;CAR;Kinsley;MAIN;58|62
7251E8D6;1;TORO;N/A;ORO;Nkran;MAIN;91|92|93|124
724B99AF;1;TORO;N/A;ORO;New Liberty;MAIN;30|31|33|40
72812B37;1;TGGT;N/A;ORO;Fekola;MAIN;77|87|88
729A368E;1;TORO;N/A;PLC;Eastern Townships Placer Gold;MAIN;26|29
72887B4B;1;TRFT;AS|TL|SB|CS|TE;CAR;Pony Creek;MAIN;56|77|85
72E110A9;1;TGGT;N/A;ORO;NOA 2;MAIN;40|51
72EC717B;1;TORO;N/A;ORO;Gounkoto;MAIN;18|21
72FE57B6;1;TGGT;N/A;ORO;Bissa Hill;MAIN;22|25
72E9A431;1;TORO;TE|BI|AS|W|AG|PB|SB;IRG;Valley;MAIN;62|72|102|104|110|115
73073CD7;1;TGGT;N/A;ORO;Smarts;MAIN;66|76|81
737412AA;1;TGGT;N/A;ORO;Nampala;MAIN;5|6|61|62|72
73F53024;1;TGGT;N/A;ORO;Youga;MAIN;70|79
73A1CF5D;1;TORO;N/A;ORO;Valentine Gold Project;MAIN;84|85|92|105
7458F834;1;TGGT;N/A;ORO;Croinor;MAIN;25|26|28
7429765A;1;TRFT;N/A;CAR;Afgan-Kobeh;MAIN;34
74128A9D;1;TGGT;N/A;ORO;Triangle Zone;MAIN;94|121|122|124
74651CB4;1;TORO;N/A;ORO;Marban;MAIN;48|66
74D64E4E;1;TGGT;AS;ORO;Hazeur sill;MAIN;17|18|21
74E1F665;1;TGGT;N/A;ORO;West Timmins Project;MAIN;20|25|26
753BA548;1;TGGT;N/A;ORO;South Zone;MAIN;20|21|28|30
754AEF13;1;TORO;AS;ORO;Dugbe F and Tuzon;MAIN;49|62|65|66
7595F084;1;TGGT;N/A;ORO;Parbec;MAIN;12|18
75993931;1;TGGT;N/A;ORO;Eleonore;MAIN;34|38|41|45
75520C79;1;TORO;N/A;ORO;Yalea;MAIN;68|84
759F18C9;1;TARC;N/A;EPTL|PRY;Tuvatu;MAIN;33|34|38|41|43|44
75D24D63;1;TRFT;AS|HG|SB|BA;CAR;Crown Zone;MAIN;16|17|25
75A8D886;1;TGGT;N/A;ORO;Ma Structural Complex;MAIN;34|40|48
75E2F53A;1;TGGT;N/A;ORO;Rusk Zone;MAIN;14|19|20
75A406F3;1;TGGT;N/A;ORO;Madsen;MAIN;54|77|85
76FEDE55;1;TORO;N/A;ORO;Decade;MAIN;25|43
77611353;1;TGGT;N/A;ORO;Namdini;MAIN;112|120|121
778712B0;1;TGGT;N/A;ORO;Kneivissat;MAIN;16|20
76E6BBB4;1;TORO;AS|SB;CAR;Jerritt Canyon Deposits;MAIN;38|39|42|47|49
779F32E1;1;TGGT;AS|SB|W;IRG|ORO;Chevrier Main and South Zones;MAIN;65|70|71|72|91
77C5BC08;1;TGGT;AG|AS|BI|FE|TE;ORO;Goose Site;MAIN;56|69|74
77D71E8A;1;TGGT;N/A;ORO;Red Lake Gold Property;MAIN;33|39
77DAE8BA;1;TGGT;N/A;ORO;Pistol Lake;MAIN;30|32|35|37|53|57
7826B6E8;1;TGGT;N/A;ORO;Marban;MAIN;66|80|81
782D2480;1;TORO;AS|HG|TL;CAR;Bigar Hill;MAIN;35|48|57|59
789BB62E;1;TGGT;AS;ORO;Monument Bay;MAIN;48|56|57
783A69CA;1;TGGT;N/A;ORO;West Branch;MAIN;36|55
78D3C9F6;1;TRFT;N/A;PLC;Lilly Pond Till and Dry Union Formation;MAIN;25|26|27
7875C8CA;1;TGGT;W|AS|SB|MO|BI|TE;ORO;Chirano Deposits;MAIN;50|51|64|66|67
79495307;1;TORO;N/A;ORO;Barani East Prospect;MAIN;40|44|48
79273E2A;1;TORO;AS|S|PB|CD|ZN|CU|FE|NI|CO|BA|K;ORO;Goldboro Deposit;MAIN;75|76|83|88
797B7EB5;1;TRFT;SB|TL|HG|AG|AS|BA;CAR;Gold Pick;MAIN;63|73|77|78|84
79948E2F;1;TGGT;N/A;ORO;Oko West;MAIN;76|77|100
79BC10AE;1;TGGT;CU|MO|AG;PRY|ORO;Lac Pau Porphyry;MAIN;14|34|35|45
79969106;1;TORO;N/A;ORO;Oko Main Zone;MAIN;71|87|134
79CC8F76;1;TGGT;W;ORO|LAT|PLC;Road Cut Zone;MAIN;37|47|51
79F23F30;1;TGGT;N/A;ORO;Golden Highway Project;MAIN;55|80
7A0F56CD;1;TORO;N/A;IRG;São Jorge;MAIN;25|28|30
7A37F40F;1;TORO;N/A;ORO;Goldboro;MAIN;45|52|54
7A431D56;1;TGGT;N/A;ORO;325-Megane Zone;MAIN;77|100
7AE997A9;1;TORO;AS;ORO;Riacho dos Machados;MAIN;34|39|44
7A8698DE;1;TORO;N/A;ORO;Bombore;MAIN;91|112
7AE0F887;1;TORO;N/A;ORO;Union Reefs;MAIN;48|55|57
7B02C19A;1;TGGT;CU|BI|TE;ORO;Netiana;MAIN;49|52|53
7B304863;1;TORO;AS;ORO;Golden Jacket;MAIN;32|35|40|44
7B5CC5EE;1;TORO;N/A;ORO;Golden Heart deposit;MAIN;18|19|23
7BAF7051;1;TGGT;N/A;ORO;Turmalina Mine;MAIN;61|68|101|102
7B74252B;1;TGGT;N/A;IRG|ORO|BXH;Douay;MAIN;47|53|59|60|61|62|72
7BFB999E;1;TORO;AS;ORO;Union Reefs;MAIN;67|75|84|88|100
7C123F4D;1;TGGT;AS|SB|MO|TE|AG|ZN;IRG|ORO;Nelligan;MAIN;38|41|68|71
7C4B666F;1;TGGT;N/A;ORO;Paddy's Flat;MAIN;79|99
7CED6BDD;1;TGGT;AS|SB|MO|CO|BI;ORO;Manuel;MAIN;8|10|12
7CB904F3;1;TGGT;AS|SB;ORO;Plutonic Gold Mine;MAIN;39|44|49|52
7CF011E7;1;TUNK;N/A;N/A;Goose Lake;MAIN;37|40|72|73
7D21C08F;1;TORO;AS;ORO;Puffy Lake deposit;MAIN;44|50|52
7D30B9F9;1;TCRA;U;PLC;Castelo de Sonhos;MAIN;37|43|44
7D423785;1;TGGT;N/A;ORO;Kairuni;MAIN;53|60|75
7D50E8A5;1;TORO;N/A;ORO;Bralorne;MAIN;64|72|80
7D61CDDC;1;TRFT;N/A;CAR;Toiyabe Pediment;MAIN;15|22
7D680F8C;1;TGGT;AS|SB;ORO;Casa Berardi Mine;MAIN;75|82|97
7D75E4FE;1;TGGT;N/A;ORO;Hardrock Project;MAIN;51|63
7D78246F;1;TGGT;AS|SB;ORO;Kunche;MAIN;28|43|44
7DBC326E;1;TGGT;N/A;ORO;Wona-Kona;MAIN;27|29|37
7DB23736;1;TGGT;N/A;ORO;Nogbele;MAIN;73|77|91
7D8BE393;1;TORO;N/A;ORO;Vindaloo-Madras;MAIN;48|50|51|52|60|61
7DEA6E13;1;TGGT;N/A;ORO;White Foil;MAIN;25
7E4EB03F;1;TORO;AS;ORO;Taurus Deposit;MAIN;30|33|37
7E02C244;1;TORO;AS|FE|ZN|PB|CU;ORO;Mooseland;MAIN;40|45|46|47
7E3E37E4;1;TBAC;PB|ZN|AS;PRY;Spring Valley;MAIN;26|36|37
7E556C09;1;TORO;N/A;ORO;Green Hill;MAIN;29|30|37
7E85E971;1;TORO;N/A;N/A;Borden North;MAIN;13|16
7E5A88DE;1;TARC;AG|AS|SB|MO|TE;IRG;Haile;MAIN;48|51|56|58
7E757898;1;TGGT;N/A;ORO;Kiniero Gold Project;MAIN;79|91|92|97|99|103
7E9A94A0;1;TGGT;N/A;ORO;Goldex Extension Zone (GEZ);MAIN;38|49
7EC51181;1;TORO;N/A;ORO;Sao Chico;MAIN;20|21|36
7EAF677E;1;TARC;N/A;EPTH;Keltepe;MAIN;47|49|69
7EEFB943;1;TORO;N/A;ORO;Loulo;MAIN;25|28
7EFA8081;1;TGGT;N/A;N/A;Carvoeira Main Pit;MAIN;14|17
7F0BDC11;1;TGGT;AG|S|AS|K;ORO;Ikungu Structure;MAIN;24|41|42|43
7F324BB5;1;TORO;AG|AS;ORO;Touquoy;MAIN;109|130|140
7F39C734;1;TGGT;CU|ZN|AS|MO|CR;ORO;Mckinnon Gold Deposit;MAIN;25|29|30
80114425;1;TORO;N/A;ORO;Thor Trend;MAIN;20|26
80408762;1;TGGT;N/A;ORO;Golden Mile;MAIN;27|28|38|39|40
8056C156;1;TGGT;AS|CU|SB;ORO|SKN;Sadiola;MAIN;89|99|100|103|106
800FB2F8;1;TGGT;AS|SB;ORO;Casa Berardi;MAIN;37|42|52
808240DD;1;TGGT;N/A;ORO;Namdini;MAIN;17|18|20
8081B6AB;1;TGGT;AS;ORO;Pilar;MAIN;51|66|68
8125B0AD;1;TUNK;N/A;N/A;Dawson;MAIN;13
8095CF13;1;TGGT;W|CU|AS|SB;ORO;Fekola;MAIN;86|103|106|111
80E786B4;1;TGGT;N/A;ORO;Timmins Deposit;MAIN;61|85
81822B04;1;TORO;N/A;ORO;Yono Property;MAIN;32|65|66
81D899FA;1;TGGT;N/A;N/A;Elder gold deposit;MAIN;20|27
81DB418B;1;TGGT;N/A;ORO;EL-21081 Property;MAIN;21|26|28|34|43
81EEC22E;1;TGGT;N/A;ORO;Apankrah;MAIN;20|21|22|23
821237C9;1;TORO;N/A;ORO;Cochrane Hill;MAIN;28|32
8220299D;1;TORO;CU|MO|W;ORO;Cuiú Cuiú;MAIN;94|133|138|141
829E4AA9;1;TORO;N/A;ORO;Principal Vein;MAIN;18|23|26|28
82AFB9EC;1;TARC;AG|SE|PB|AS|CU;ORO;Cisneros Project;MAIN;35|36|41|42|44|45
82F12653;1;TGGT;N/A;PRY;Canadian Malartic;MAIN;85|92
82CA2476;1;TORO;N/A;ORO|IRG;Fondaway Canyon;MAIN;27|35
832B312F;1;TORO;N/A;ORO;KCD;MAIN;72|74|78|87
833B13E6;1;TORO;N/A;ORO;Zone IV;MAIN;15|18|19|20
836FF559;1;TGGT;AS;ORO;Ste-Hélène Aloigny;MAIN;21|22|23|26
837032B3;1;TGGT;FE|S;ORO;Croinor;MAIN;54|57|59
83713FDA;1;TRFT;N/A;CAR;SSX;MAIN;52|56|63
838AA14E;1;TGGT;N/A;ORO;Storø;MAIN;50
83D59111;1;TGGT;N/A;ORO;Eleonore;MAIN;28|32|35|39
83EC5998;1;TGGT;N/A;ORO;Campbell Shear;MAIN;61|68|72
8420C511;1;TGGT;AS;ORO;Philibert;MAIN;27|32|37
8462C848;1;TGGT;N/A;ORO|IRG;Moroy;MAIN;34|45
8423BBED;1;TGGT;N/A;ORO;Salerno Zone;MAIN;16|21|23
846009BD;1;TBAC;AS;ORO;Santa Luz Project;MAIN;55|60|70|74
846C02C9;1;TGGT;N/A;ORO;TM Deposit;MAIN;29|36
84ADA513;1;TGGT;N/A;ORO;Old Nic Mine;MAIN;20|23|24
84A967CE;1;TORO;N/A;ORO;Box;MAIN;73|91|93
84B4E1EA;1;TORO;AS|PB|SB;PLC|ORO;Casas de Don Pedro-Talarrubias;MAIN;24|27|28|29|32
84CB9C73;1;TORO;AS|SB|HG|MO|CU|PB|ZN|AG;CAR|PRY|SKN;Iron Point Carlin-type system;MAIN;11|14|17|18|19
8504EF1A;1;TORO;AS|SB|W|S;ORO;Massawa;MAIN;147|192|193
8513ED08;1;TORO;AS|SB|HG;IRG|EPTL;Brewery Creek;MAIN;68|88
8531D015;1;TGGT;N/A;ORO;Croinor;MAIN;54|55|57
85695E25;1;TGGT;N/A;ORO;Colomac;MAIN;62|80
858FE189;1;TGGT;N/A;PLC;Comet Well and Purdy's Reward;MAIN;28|37
858873F5;1;TGGT;N/A;ORO;Thunder Creek;MAIN;33|44|46
85B1B079;1;TORO;W|BI|TE;ORO|SKN;Björkdal;MAIN;50|61|73
85BAF4CE;1;TGGT;BI|AS|W|TE|SE|PB;IRG;Cheechoo;MAIN;66|67|75|77
85BCFAB4;1;TORO;N/A;ORO;Carolin Mine;MAIN;38|43
85E98FBE;1;TORO;N/A;ORO;Glenburgh;MAIN;23|26
85DE96E3;1;TGGT;N/A;ORO;Tabakoto;MAIN;73|74|89
864BE9C2;1;TGGT;N/A;ORO;Vindaloo;MAIN;28|30|32|37|39|53
86326632;1;TGGT;N/A;ORO;Detour Lake deposit;MAIN;36|52
8653EB43;1;TGGT;N/A;ORO;Esaase;MAIN;24|25|30
86A78487;1;TORO;N/A;ORO;Massawa;MAIN;17|22
8680F8EF;1;TORO;N/A;ORO;Segilola;MAIN;70|95
867880EB;1;TGGT;N/A;ORO;A-Zone;MAIN;40|51|52
86F3E796;1;TORO;N/A;ORO;Akyanga;MAIN;46|49
87171932;1;TGGT;AS;ORO;Zone 36 East;MAIN;28|42|44
8702D053;1;TORO;N/A;ORO;Cariboo Gold Project;MAIN;63|73|83
87698305;1;TORO;N/A;ORO;Nampala;MAIN;38|39|65
88053624;1;TORO;PB|ZN|AS|W|SE;ORO;Herbert Vein System;MAIN;19|21|23
883A2FB8;1;TORO;AS|SB;ORO;Mankouke South;MAIN;44|59|63|64|74|85
880CDD66;1;TORO;N/A;ORO;Siribaya;MAIN;33|35|37|42
887D00DC;1;TGGT;CU|AS|TE|PB|ZN|MO|W|SB;PRY;Douay West;MAIN;45|50|52
88C771C0;1;TGGT;AS|SB;ORO;Samira;MAIN;8|9|10|13
893BB876;1;TORO;AS;ORO;Riacho dos Machados Mine;MAIN;72|77|82|87
89630760;1;TORO;N/A;ORO;Oko West;MAIN;83|84|107
8987466D;1;TGGT;N/A;ORO;Colomac;MAIN;58|83
89C7421F;1;TORO;AS;ORO;Riacho dos Machados;MAIN;34|39|44|48
89F06694;1;TORO;W|S|AG|AS|ZN|MN|SN|BI|CU|SB;ORO;CAS (Central, Avan and Skiråsen);MAIN;53|55|61|64|66|70
8A4FA71C;1;TGGT;N/A;N/A;Roberto;MAIN;27|32
8AA0A671;1;TORO;N/A;ORO;São Francisco;MAIN;23|24|27
89F8A68D;1;TORO;N/A;ORO;Zone 2 - Zone 3;MAIN;53|55|56|69|70
8B56DDC5;1;TGGT;N/A;ORO;BT deposit;MAIN;19|25
8AE0C17A;1;TRFT;BA;CAR;Pan Project;MAIN;55|65|68
8B488D5A;1;TORO;N/A;ORO;OMZ and Ghanie;MAIN;101
8B5026A6;1;TGGT;N/A;ORO|IRG;Agar Property;MAIN;27|33|50|51
8B69885D;1;TORO;N/A;ORO;Quinn Lake;MAIN;13|14|16
8BB3D77D;1;TGGT;AS;ORO;Salman Trend;MAIN;43|44|45|49
8B9B43A9;1;TGGT;N/A;ORO;Volta Grande;MAIN;30|37
8BBC2BBF;1;TORO;N/A;ORO;Akyanga Deposit;MAIN;41|44|45
8BCB8526;1;TORO;AS;ORO;Sukari;MAIN;45|48|52
8BFE8678;1;TORO;N/A;IRG;Box Mine;MAIN;54|61|63
8C37891B;1;TORO;N/A;ORO;Kumtor;MAIN;47|56
8C39B349;1;TORO;BI|AS|TE|W;IRG;Eagle Zone;MAIN;49|50|51
8C7DD9B4;1;TORO;N/A;EPTL;Kestane Beleni Vein;MAIN;41|48
8CA7E850;1;TORO;AS;ORO;Tuzon;MAIN;95|107|111
8CC5FD99;1;TORO;N/A;ORO;Leprechaun Pond;MAIN;33|34|48
8D4884CA;1;N/A;N/A;N/A;F2 Gold System;MAIN;25|31|34
8CE7E4E3;1;TORO;AS;ORO;Discovery Ridge;MAIN;16|17|19|22
8D9956C6;1;TGGT;N/A;IRG|PLC;Puruni Project;MAIN;13|15|17
8D1F94DD;1;TORO;AS;ORO;Labola Project;MAIN;55
8DB13E5A;1;TGGT;N/A;ORO;Zone 2;MAIN;42|46
8DB93C68;1;TGGT;N/A;PRY;Bonikro;MAIN;19|22|23
8DDA7C66;1;TGGT;N/A;ORO;Marban;MAIN;74|93
8DD0A408;1;TGGT;N/A;ORO;Lac Pelletier gold zones;MAIN;28|30
8DF571FF;1;TGGT;N/A;ORO;Trident;MAIN;52|66
8E0D8ECE;1;TORO;AS;ORO;Fosterville;MAIN;22|26|32
8E420C30;1;TGGT;N/A;ORO;Perseverance;MAIN;22|24
8E36E5BB;1;TGGT;N/A;ORO;Boin Zone;MAIN;31|32|43
8EA53853;1;TGGT;N/A;ORO|VMS;Luciana Prospect;MAIN;19|22
8ED14601;1;TGGT;N/A;ORO;Trident;MAIN;52|66
8E92ED18;1;TORO;N/A;ORO;Taurus;MAIN;45|64
8EEFC560;1;TGGT;N/A;ORO;Choco 10;MAIN;23|25|31
8EF6465E;1;TGGT;ZN|PB|AS|CU;ORO;Rowan Vein System;MAIN;32|37
8F5B6D61;1;TBAC;SB|HG|AS|BA|AG|PB|U;EPTH;Torniella;MAIN;26|38|42|44
8F3D3425;1;TGGT;AS;ORO;Tiriganiaq;MAIN;46|65
8FB1481A;1;TGGT;N/A;ORO;Fatou Main;MAIN;30|36|39
8F6C23B9;1;TORO;AG|AS|CU|PB|SB|TL|ZN;ORO;Beaufort Goldfield;MAIN;36|40|45|47|50
8FB9891B;1;TORO;N/A;ORO;Los Planes;MAIN;43|54
8FB1EA19;1;TARC;N/A;SKN;QR deposit;MAIN;32|36
903C9F16;1;TGGT;N/A;ORO;Main Zone;MAIN;22|27
908959C9;1;TORO;N/A;ORO;Sissingue;MAIN;30|31|33|36
90F7335D;1;TORO;N/A;ORO;Nkran;MAIN;140|141|142|179|180
911C49D5;1;TARC;N/A;CAR;Pejiru;MAIN;9|10
9113DC5B;1;TCRA;AS|BI|U;ORO;Pine Channel Property;MAIN;29|37|44|46
911FF53C;1;TORO;N/A;ORO;Paiol;MAIN;48|50|63
912208F9;1;TGGT;N/A;ORO;Trident;MAIN;49|64
9132E4F3;1;TGGT;N/A;ORO;Bonnefond South Intrusive;MAIN;51|52|66
916ADBAE;1;TORO;AS|BI|TE|AG|SB|CU;ORO;Ängesneva;MAIN;26|34|44|47|48|49
917D44BD;1;TRFT;N/A;DFR|EPTL;Cyclopic;MAIN;29|30|36|37|38
91878AB3;1;TGGT;N/A;ORO;Rice Lake Mine;MAIN;12|17|18
919F1D9C;1;TCRA;N/A;IRG;São Jorge;MAIN;40|47
9197670F;1;TRFT;HG|AS|SB;CAR;Pinson;MAIN;36|46|51
91A05809;1;TORO;N/A;ORO;Osikonmäki;MAIN;23|27
919FC0D0;1;TGGT;AG|CU|ZN|PB|BI|TE|AS;VMS|EPTH;Osborne-Bell;MAIN;57|61|72|79|84
91F377EE;1;TORO;N/A;TLG;Phoenix Tailings;MAIN;20|24
91BC6010;1;TORO;N/A;ORO;Sukari;MAIN;45|48
921AF600;1;TORO;N/A;ORO;Ollachea Prospect;MAIN;23|24|26
9209F4F0;1;TCRA;N/A;ORO;Coringa;MAIN;53|54|74|75
922506BB;1;TGGT;N/A;ORO;Piment Zone;MAIN;31|32|36
921DBF88;1;TORO;N/A;N/A;Box Mine;MAIN;65|67|71|72|74
9230A009;1;TBAC;PB|ZN|AS;PRY|ORO;Spring Valley;MAIN;35|46|49
924038A9;1;TGGT;AS;ORO;Chieftain Zone;MAIN;45|60|78
92629A50;1;TORO;AS|SB;EPTL|PRY|IRG;Sangqu;MAIN;23|32|35
9267144A;1;TORO;N/A;ORO;Boto 2-4-6 and Malikoundi;MAIN;26|31|47
92EEEC8B;1;TUNK;N/A;N/A;Nampala;MAIN;16
928520AF;1;TARC;HG|AS|SB;EPTH|PRY;Dorado;MAIN;45|54
930A7888;1;TRFT;BA;CAR;Pan;MAIN;56|63|66
92D072EE;1;TRFT;N/A;DFR;Copperstone;MAIN;63|64|72|77
935AF0F2;1;TORO;N/A;ORO;Lincoln-Comet;MAIN;82
9350BB9A;1;TORO;N/A;IRG|ORO;Salave;MAIN;42|43|44|51
93BA9B75;1;TORO;AS|CU;ORO;Twin Hills;MAIN;111|120|123|124
9394C65E;1;TARC;AS|HG|SB;EPTL|EPTI;Tres Cruces;MAIN;23|24|34|38|40|65
94723305;1;TGGT;TE|AG|W|SB|HG|AS|S;ORO;Wona;MAIN;14|18
9462DE07;1;TORO;N/A;IRG|ORO;Salave;MAIN;27|29|35
94220B2C;1;TORO;AS|HG|SB|W;ORO;Big Hill Project;MAIN;30|33|40|47|53
94A977CA;1;TORO;BI|AS;ORO|IRG;Batman deposit;MAIN;65|68|71
94E183EC;1;TORO;AS|ZN|PB;ORO;Dingman;MAIN;36|45|50
94E44468;1;TORO;CO|BI|SE|AG|U|W|F;IOC;Starlight Group;MAIN;53|56|63|66
95809DC8;1;TORO;N/A;ORO;Frasergold;MAIN;31|36|40|41
95A74683;1;TORO;AS|BI|CU|ZN|CO|TE;ORO|IRG;Batman;MAIN;73|75|76|78|82
9601DA54;1;TORO;N/A;ORO;Kone;MAIN;17|23
9630EB19;1;TARC;N/A;MIX;Cajueiro;MAIN;37|49
95F3EDED;1;TGGT;AS|W|SB;ORO;Konkera;MAIN;31|42|56
95BBFD37;1;TGGT;AG|AS|W|CU|MO|SB;ORO|PLC;Higginsville Gold Operations;MAIN;51|66|67|76|77|78|79
9652BDC3;1;TORO;AS|HG|TL|S|SB;CAR;Bigar Hill;MAIN;94|106|108|114|116
969DF0BC;1;TORO;N/A;ORO;Seabee mine;MAIN;47|56
96ECAF31;1;TORO;N/A;IRG;Box Mine;MAIN;63|66|68|73|74
96FB8A08;1;TORO;AS|PB|ZN|SB|CU;ORO;Murra area;MAIN;23|25|26
97002E49;1;TORO;AG|AS|BA|HG|S|SB;ORO|IRG;Fondaway Canyon;MAIN;61|64|65|66
9723275C;1;TARC;AS|SB;EPTI|BXH;El Tambo;MAIN;18|25|27|30|32
972436FA;1;TRFT;AS|HG|SB|TL|BA;CAR;Lookout Mountain;MAIN;35|45|52
9740EF13;1;TGGT;N/A;ORO;Jaurdi Mining Center;MAIN;20|23|25
978EE361;1;TORO;N/A;PLC;Kwedilima Cheetah;MAIN;14|16
97714478;1;TGGT;AS;ORO|LAT;FK-Shawn trend;MAIN;44|51|54|55
97B083BC;1;TORO;N/A;ORO;Goldenville;MAIN;46
98607E39;1;TORO;N/A;ORO;Main Zone;MAIN;32|36|37|38
97D13D45;1;TGGT;N/A;ORO;Detour Lake deposit;MAIN;59|74
97ECCE93;1;TARC;K|BA;VMS;Montagne d'Or;MAIN;77|79|83|92
98DC83BF;1;TORO;N/A;ORO;Doña Amelia;MAIN;17|21
98FE24FC;1;TGGT;N/A;ORO;Rory's Knoll;MAIN;47|60
98F56814;1;TGGT;CU|ZN|PB;ORO;Flint Rock-Mantis;MAIN;18|24|26
98F963DF;1;TARC;AG|AS|MO|TE;EPTL;Haile;MAIN;47|49|60|62
990E183E;1;TGGT;AS|PB;ORO;Wyatt Property;MAIN;15|18|22|24
9932B17D;1;TORO;AS;ORO;Bibiani Main Pit;MAIN;52|53|54|59|65
9956C0DB;1;TGGT;N/A;ORO;Croinor;MAIN;38|39|41
9954087A;1;TORO;CO|BI|SE|AG|U|W|F;IOC;Fortnum Gold Project;MAIN;53|63
995E5B96;1;TGGT;K;ORO;Hwini-Butre;MAIN;35|37|39|40
99764D95;1;TGGT;N/A;ORO;Vena property;MAIN;14|15|18|20|21
9982E844;1;TGGT;N/A;ORO;Main Zone;MAIN;39|42|47|49
9964D9E8;1;TORO;AS|HG|CU|MO|PB|ZN|AG|SB|TE|BI|W|S|FE;ORO;Beartrack;MAIN;67|79|81|82|94
99C1F9A5;1;TORO;N/A;ORO;New Polaris;MAIN;22|28
99916B3F;1;TGGT;N/A;ORO|IRG;Bachelor Lake;MAIN;36|39
99CFEA05;1;TARC;AS;EPTL|PRY;Kavola East;MAIN;16|17|18|23
9A506E87;1;TGGT;TE|MO|PB|AG|CU;ORO|IRG;Bidgood;MAIN;30|32|39|40
9AB71FE4;1;TORO;AG|HG|MO|PB|S|SB|TE;IRG|ORO;Monte Carlo Zone;MAIN;27|28|32|38|43
9A9C188C;1;TORO;AS|SB;ORO;Fosterville Gold Mine;MAIN;29|41|42
9ABD5293;1;TGGT;ZN|PB;ORO;St. Anthony Mine;MAIN;21|26|27|28
9B061C25;1;TORO;AS|SB|HG;ORO;Mars NE;MAIN;23|31|33|50
9B16E9AD;1;TORO;N/A;ORO;Idaho-Maryland;MAIN;42|45|59|61
9B104FC5;1;TARC;K|BA;VMS;Montagne d'Or;MAIN;35|39|41|44|45|48
9B797D5A;1;TGGT;N/A;ORO;Bilboes;MAIN;141|145|148
9BB88A07;1;TARC;N/A;ORO;Fayunkuang;MAIN;36|39
9B447AF9;1;TORO;N/A;ORO;Leprechaun gold deposit;MAIN;38|39|42|43|44
9BC1D822;1;TGGT;N/A;ORO;Goldex;MAIN;43|57
9BC264F4;1;TGGT;N/A;ORO;Invincible;MAIN;35|43
9BDA0D46;1;TGGT;CU|AS;ORO;Rahill-Bonanza deposit;MAIN;25|33
9BF00ED2;1;TGGT;N/A;ORO;Golden Mile;MAIN;4|5|33|37
9BEF86B8;1;TGGT;N/A;ORO;Black Fox Mine;MAIN;54|72|73|77
9BFB7D2A;1;TGGT;AG|AS;ORO;Bug Deposit;MAIN;16|22|27
9C0BDBB7;1;TORO;N/A;ORO;Mankarga;MAIN;62|63|67|69
9C0A2D17;1;TARC;N/A;EPTI;Magistral;MAIN;30|35|36
9C36AEB0;1;TORO;AS|SB;IRG;Mosquito Hill;MAIN;17|21|23
9CFEC781;1;TRFT;HG|AS|SB|S|MO|CU|PB|F;SKN|EPTL|CAR;White Caps Mine;MAIN;29|32
9D074C5F;1;TGGT;N/A;ORO;Malartic Hygrade;MAIN;21|25|26
9CBAEF52;1;TGGT;N/A;ORO;147 Zone;MAIN;35|37|38|40|47|51
9D197E03;1;TGGT;N/A;ORO;G and J zones;MAIN;19|23
9DB861D4;1;TGGT;N/A;ORO;White Foil;MAIN;23|25
9D8FC72E;1;TGGT;N/A;ORO;Chega Tudo;MAIN;57|59|73
9D4C1D94;1;N/A;N/A;EPTL|EPTH;Imperial;MAIN;50|53
9D5814B3;1;TGGT;N/A;ORO;Timmins Deposit;MAIN;55|78
9E88F424;1;TGGT;N/A;ORO;Makosa;MAIN;15|17|19
9DFA236C;1;TORO;AS;ORO;Sukari;MAIN;41|44|48
9E63EDF1;1;TBAC;N/A;ORO;Tabakoroni;MAIN;18|21
9E57043C;1;TGGT;N/A;ORO;Kibali Gold Project;MAIN;56|75
9EA19217;1;TORO;N/A;ORO;Zone IV;MAIN;15|18
9E9AA1A1;1;TGGT;N/A;IRG;Nabanga;MAIN;30|39
9EA5792D;1;TORO;AG|AS|MO|PB|SB|TE|W;EPTL;Golden Saddle;MAIN;46|56|58|61
9EFF9BAB;1;TORO;N/A;ORO;Piaba;MAIN;67|69|81
9F00DF8F;1;TRFT;SB|AS|HG|TL|BA;CAR;Pinson deposit;MAIN;43|45|60
9F0870DD;1;TARC;AS;EPTL|PRY;Kavola East;MAIN;16|17|18|23
9F5BEAE5;1;TORO;BI|AS|CU;ORO|IRG;Batman deposit;MAIN;84|87|90
9F7B5CE1;1;TUNK;AS|SB;N/A;Samira Hill;MAIN;17
9FDD304C;1;TARC;N/A;SKN;Campanillas;MAIN;22|29
9FDF7843;1;TORO;N/A;ORO;Esaase;MAIN;30|35
A02BED1A;1;TORO;N/A;ORO;Leprechaun gold deposit;MAIN;41|42|45|47
9FA9D5C1;1;TORO;N/A;ORO;Enchi Gold Project;MAIN;57|72
A14456D4;1;TORO;BI|AG|PB|AS|SB|ZN|U|W|MO|TE|SE|CU;IRG;Uncle Sam;MAIN;23|25|26|27|28|29|31
A15D5349;1;TGGT;N/A;IRG|PRY;Côté Gold deposit;MAIN;78|100
A036F348;1;TORO;AS|SB|HG;IRG|EPTL;Brewery Creek Reserve Trend;MAIN;52|71
A17910CA;1;TUNK;N/A;PLC;Bloemhoek Project;MAIN;20|22|28
A1838081;1;TRFT;AG|AS|SB|HG|BA;CAR;Temple;MAIN;6|11|12|13
A1F3946B;1;TORO;MN|CO|CU|CR|NI;ORO;Ollier Workings;MAIN;28|32|33|35|39|41
A22B8198;1;TGGT;N/A;ORO;Nampala;MAIN;18|19|26|27
A18155F4;1;TGGT;N/A;ORO;Rice Lake Mine;MAIN;19|24
A24538D7;1;TGGT;N/A;ORO;Catharine Gold;MAIN;45|51
A296B63E;1;TRFT;AG;PRY;El Castillo;MAIN;44|49|52|55
A286EBB1;1;TRFT;AG|AS|SB|HG;CAR;Helen Zone;MAIN;38|47|49
A29A9527;1;TGGT;CU|AG|W|AS;ORO|PLC;Higginsville Gold Operations;MAIN;49|64|65|74|75
A2DDC81F;1;TORO;N/A;ORO;Sela Creek;MAIN;27|33
A2DE93E8;1;TGGT;N/A;ORO;Resenor Zone;MAIN;10|11|12
A2E50205;1;TGGT;N/A;ORO;Beattie;MAIN;27|35|37
A2F23AD6;1;TORO;N/A;ORO;Central Deposit;MAIN;60|78
A3099747;1;TORO;N/A;ORO;Aranka North Property;MAIN;49
A31EFA0D;1;TGGT;N/A;ORO;Duparquet deposit;MAIN;30|31|38|43
A3329256;1;TORO;AG|PB|BI|ZN|CU;ORO;Kiouène;MAIN;26|27|49|55
A33EB979;1;TGGT;N/A;ORO;Madsen;MAIN;39|40|69
A34636C2;1;N/A;AS|SB|HG;EPTL;Muir's Project;MAIN;18|22|23|24|25
A35963CA;1;TGGT;N/A;ORO;Lac Herbin;MAIN;24|26|28
A3769907;1;TORO;N/A;ORO;North Lake deposit;MAIN;51|59
A37F9586;1;TGGT;N/A;ORO;East and West zones;MAIN;26|36
A3F4D1FD;1;TGGT;N/A;ORO;Beaufor;MAIN;19|22
A3ABD07B;1;TTRN;N/A;EPTL;Castle Zone;MAIN;39|41|42
A3D0537B;1;TORO;N/A;ORO|IRG|PRY;Borubai;MAIN;40|41|48
A4640E59;1;TGGT;N/A;ORO;Wona;MAIN;25|27|121|142
A48808D5;1;TORO;N/A;ORO;Salman Trend;MAIN;48|50|54
A4777FAE;1;TGGT;N/A;ORO;Enchi Gold Project;MAIN;54|55|64
A4887229;1;TGGT;AS;ORO;North Zone;MAIN;43|45|60
A4B90B81;1;TGGT;AS|BA|CR|HG|MO|SB;ORO;baritic zone;MAIN;30|36|39|40
A497133B;1;TGGT;N/A;PRY|ORO;Canadian Malartic;MAIN;73|82
A4F88886;1;TORO;AS|SB|AG|BI|CU|PB|SN|W|ZN|IN;ORO;Maud Creek;MAIN;69|84|85|88|99|100|101|102|115
A5EFF2AE;1;TORO;S|AS|SB;ORO;Dachang Main Zone (DMZ);MAIN;21|27|29
A58D5997;1;TORO;N/A;ORO;Cosmo Deeps;MAIN;56|67|69
A5071C58;1;TGGT;AS|BI|W;ORO;Bell Creek Complex;MAIN;32|41|44
A5F94713;1;TRFT;AS|SB|HG|TL|BA;CAR;JB Zone;MAIN;29|32|34|35
A64511D8;1;TORO;AS;ORO;Fosterville;MAIN;26|34|35
A63A6604;1;TGGT;N/A;ORO;Monique;MAIN;90|99|115
A68B3368;1;TORO;N/A;ORO;Mankarga;MAIN;63|67|69
A69743AE;1;TORO;N/A;ORO;Segilola;MAIN;22|24|25
A694BDFA;1;TGGT;N/A;ORO;Magino Mine;MAIN;59|62|72|73
A6CD78DF;1;TGGT;N/A;ORO;Beattie-Donchester;MAIN;20|27|28
A70C3763;1;TGGT;TE|AG|W|SB|HG|AS|S;N/A;Wona;MAIN;12|16
A721102F;1;TRFT;N/A;DFR;Oro Cruz;MAIN;47|54
A6FEEE1C;1;TGGT;N/A;ORO;A-Zone;MAIN;59|60|69|71|80
A71201AB;1;TUNK;N/A;EPTL;Mesquite Mine;MAIN;33|37|40|42
A7832F33;1;TGGT;N/A;ORO;Big Bell;MAIN;67|70|82
A785C4B0;1;TGGT;N/A;ORO;Namdini;MAIN;78|87
A7878419;1;TARC;AG|CR|BA|AS|MO|SB|HG;EPTH;Mulatos;MAIN;54|55|68|70
A7E54DAA;1;TGGT;N/A;ORO;West Branch;MAIN;42|61
A7A69ABF;1;TORO;AS|SB|HG|BI|TE|W|MO;IRG|EPTL|PRY;Brewery Creek;MAIN;51|54|66|67
A81BA610;1;TGGT;N/A;ORO;Antenna;MAIN;68|83
A8489E1D;1;TGGT;AS;ORO;Kao;MAIN;62|63|66|69
A8956D7D;1;TORO;N/A;ORO;Esaase;MAIN;26|32
A866A0A0;1;TORO;FE;EPTL|ORO;Pereira Velho;MAIN;28|29|44|51
A8676C2E;1;TGGT;N/A;ORO;Elder;MAIN;19|20|24|28
A944AF32;1;TORO;AG|AS|SB;ORO;Taurus;MAIN;48|51|53|54|56
A8AA18B4;1;TARC;HG|AS;EPTL|EPTI;Tres Cruces;MAIN;41|54|56|59|50
A8A85A51;1;TGGT;AG|AS|B|BA|BI|K|FE|HG|CU|PB|SB|TL;ORO|IRG;Fenelon;MAIN;85|112|113|114|126
A99881E7;1;TORO;PB|BI|W|AS|MN|AG|SB;ORO;Cariboo Gold Project;MAIN;89|104|105|115
A9C1367D;1;TGGT;N/A;ORO;Big Bell;MAIN;68|71|83
A9B960E7;1;TARC;PB;IRG;Serra Alta;MAIN;80|83|89|94|97
AA2DF1BA;1;TORO;CU|AS|PB|ZN;ORO;Borborema;MAIN;73|89|91
AAA822C0;1;TGGT;N/A;VMS;Kiniero;MAIN;31|45
AAB109A8;1;TORO;N/A;ORO;Morila;MAIN;20|21
AAC7B60B;1;TGGT;N/A;ORO;Anoki;MAIN;16|19|20|21
AAEDC527;1;TGGT;N/A;ORO;Salerno Zone;MAIN;15|20|22
AB663345;1;TARC;AG|MO|AS|TE;VMS;Haile;MAIN;38|44
AB805834;1;TGGT;PB|ZN|AS;ORO;Sugar Zone;MAIN;12|15|16
AB8E030E;1;TGGT;AS|SB|BI|CU|MO;N/A;Dead Mouse grid;MAIN;11|12|13|14|44
AB7CE6D2;1;TORO;N/A;IRG;Cuiú Cuiú;MAIN;48|50|55|72
ABB43E78;1;TGGT;N/A;ORO;Inata;MAIN;60|61|63
AB9F47AF;1;TORO;AS;ORO;Obuasi Gold Project;MAIN;35|36|38|41|42|43|45
ABE25893;1;TBAC;N/A;EPTL;Jabali;MAIN;26|28
ABB86238;1;TORO;BI|CO|AG|CU|AS;SKN;Nixon Fork;MAIN;36|37|38|42|46
ABE56CFC;1;TORO;N/A;ORO|SKN;Otjikoto gold deposit;MAIN;16|18|19
ABDD77E6;1;TGGT;N/A;ORO;Larder Lake Property;MAIN;33|37
ABF2E182;1;TCRA;N/A;ORO;Main Zone;MAIN;35|37|46
AC22B52B;1;TGGT;N/A;ORO;Wona-Kona;MAIN;20|21
AC02949D;1;TORO;N/A;ORO;Enterprise;MAIN;75|92|93
AC00A43A;1;TGGT;N/A;ORO;Magino mine;MAIN;39|41|46
AC3D4582;1;TGGT;N/A;IRG|ORO;Windfall gold deposit;MAIN;5|36|37
AC490391;1;TORO;AS|SB;ORO;Hasenfuss Gold Zone;MAIN;29|35|42
AC917C42;1;TORO;N/A;IOC;Starlight;MAIN;57|67|68|70
ACB24D44;1;TGGT;N/A;ORO;Marban;MAIN;64|83
ACB8940A;1;TGGT;N/A;ORO;Island Gold;MAIN;21|24
ACFE6332;1;TGGT;N/A;ORO;Last Hope Deposit;MAIN;24|29
ACC7C364;1;TORO;N/A;ORO|IRG;Kimoukro Project;MAIN;43|44|45|51
AD1187DC;1;TGGT;AS;ORO;Kona;MAIN;24|25|29|31
AD2CE3B1;1;TGGT;N/A;ORO|LAT;Kobada;MAIN;29|31|34|35
ADC33B96;1;TGGT;N/A;ORO;Pitt Gold;MAIN;42|47
ADA8A633;1;TGGT;N/A;ORO;Rory's Knoll;MAIN;57|69
ADBC9C6C;1;TGGT;CU|AG|AS|BI;ORO;Fornieri Bay;MAIN;15|19|22
ADFEB5D2;1;TRFT;N/A;PLC;Tarkwa;MAIN;29|35|36
ADFE0537;1;TRFT;AS|SB|HG|TL;CAR;Kinsley;MAIN;58|75|86
AE0BFC85;1;TGGT;N/A;ORO;Discovery Zone;MAIN;61|78
AE3059BE;1;TGGT;N/A;ORO;Granada;MAIN;62|73
AE5E32AD;1;TORO;N/A;ORO;Kensington;MAIN;44|46
AE86B644;1;TGGT;N/A;ORO;Buckreef;MAIN;24|25|27
AE6C2453;1;TGGT;N/A;ORO;Bombore Gold Project;MAIN;70|87
AEB37C8D;1;TRFT;N/A;PLC;Jacobina;MAIN;45|54|59
AEC48455;1;TARC;BI|TE|SE|SB|W|MO|CU|AS;ORO|IRG|PRY;M2 trend;MAIN;40|42|53|54|71
AEBA6A8C;1;TGGT;N/A;ORO;Golden Highway Project;MAIN;43|54
AF0C2B30;1;TGGT;N/A;ORO;Eleonore;MAIN;47|50|53|57
AEF2B8AA;1;TGGT;N/A;ORO;Tower Gold Project;MAIN;53|69|70
AF2B8C9B;1;TORO;AS;ORO;Puffy Lake;MAIN;49|52|53|54|59|65
AF362E82;1;TGGT;N/A;ORO;Marban;MAIN;64|68|83
AF30E6EF;1;TGGT;AG|AS|SB|TE|SE|MO|PB|CU|ZN;ORO;325-Megane Zone;MAIN;59|61|68|78|85
AF6ED58C;1;TRFT;AG|SB|AS|HG|TL|BA;CAR;Gold Pick;MAIN;27|36|37|39|41|42|44
AF8C01B6;1;TGGT;N/A;ORO;Paiol;MAIN;54|79
AF8C3415;1;TGGT;N/A;ORO;G1N;MAIN;21|25
AFB48894;1;TORO;N/A;ORO;Sissingue;MAIN;33|35|38
AFD8D6E4;1;TGGT;N/A;ORO;Duport deposit;MAIN;42|55
AFD1AEE8;1;TGGT;N/A;ORO;Bomboré;MAIN;53|71
B0445BA1;1;TORO;N/A;ORO|PLC;Ludevelo Prospect;MAIN;10|11|18
B0461EAC;1;TGGT;N/A;ORO;Elder;MAIN;19|22|27
B0727ABA;1;TGGT;N/A;IRG;Nabanga;MAIN;40|42|46
B0448DDE;1;TORO;AG|AS|CU|S|W|TE;ORO;Parbec;MAIN;31|37
B057C26D;1;TGGT;N/A;ORO;Karankasso Deposits;MAIN;21|22|28
B0A1C299;1;TGGT;N/A;IRG|PRY;Côté;MAIN;92|111|115|117
B0B1AC4F;1;TGGT;AS;ORO;Chimo Mine;MAIN;29|33|40|44|45
B0A54871;1;TGGT;N/A;ORO;Goose Site;MAIN;62|77
B0E768ED;1;TGGT;AS;ORO;EMZ deposit;MAIN;45|54|67|68
B0FA67DF;1;TORO;N/A;ORO;Beaver Dam;MAIN;23|24
B10AFF42;1;TGGT;N/A;ORO;Hansen Showing;MAIN;37|39|46
B109A2AD;1;TORO;AS|SB|BI|CU|SE;ORO;Surselva;MAIN;35|52
B15BAE48;1;TORO;N/A;PLC;Rionegro Placer;MAIN;23|25|27|29|38|40|48|77|83
B120C61F;1;TGGT;AS;ORO;Pilar;MAIN;60|88|96
B14BD2DA;1;TCRA;N/A;ORO;Coringa;MAIN;54|55|75|76|77|78
B167925F;1;TGGT;N/A;IRG|PRY|BXH;Côté;MAIN;95|114|118|120
B188E0E8;1;TRFT;AG|AS|SB|HG|TL|BI|MO|W;IRG|CAR;Lone Tree;MAIN;34|35|36|42|43
B1A42887;1;TORO;AS|HG|SB|ZN;ORO|IRG;Fosterville;MAIN;32|72|73|74|76
B1CFD5EC;1;TORO;AS|SB;ORO;Buffalo Reef;MAIN;20|21|26
B1F14489;1;TUNK;N/A;BXH|ORO;Berezitovy;MAIN;46|53|55
B23BB8C3;1;TUNK;N/A;N/A;Twangiza Main;MAIN;29|31
B21D23C3;1;TARC;AG|ZN|PB|CU|MO;EPTI;Pepas;MAIN;79|80|84|99|101|107|109|115
B2779983;1;TTRN;N/A;EPTL;Mesquite Mine;MAIN;49|53|58
B27CAB04;1;TARC;N/A;ORO;New Britannia Mine;MAIN;59|60|64
B2D7C395;1;TORO;N/A;IRG;São Jorge;MAIN;28|32
B28457DE;1;TGGT;N/A;ORO;Beattie-Donchester;MAIN;15|22
B2EBD0B7;1;TGGT;N/A;ORO;Zone Ouest;MAIN;21|25
B284AA97;1;TRFT;AG|AS|HG|SB|TL;CAR;Pan;MAIN;44|58
B334D4CC;1;TGGT;N/A;ORO;Wallaby;MAIN;32|40
B34DF577;1;TGGT;AG|ZN|CU|PB|BI;ORO;Lamarche prospect;MAIN;25|27|30|31|57|58|66
B34716A2;1;TORO;N/A;ORO;Tucano;MAIN;58|60|61|70
B36B1AFC;1;TORO;N/A;ORO;Yellowjacket Zone;MAIN;21|33|34
B3B71F20;1;TGGT;N/A;ORO;Barry deposit;MAIN;68|77
B40E15DD;1;TGGT;AS|GA;ORO;Sugar Zone;MAIN;60|65|67
B4469060;1;TGGT;N/A;ORO;Roça Grande;MAIN;51|62|68
B47C5F48;1;TGGT;N/A;ORO;Miminiska Property;MAIN;50|57|58
B4BBAE1F;1;TORO;AS|BI|TE|SE|AG|SB|CU|S;ORO;Osikonmäki;MAIN;28|29|32
B4E144C0;1;TGGT;N/A;ORO;Packsack-CUPP Vein System;MAIN;47|59
B4E36595;1;TORO;N/A;PRY|BXH|EPTI;Butiá Prospect;MAIN;51|52|55|65|60|62
B512043C;1;TORO;N/A;ORO;Bellechasse-Timmins;MAIN;43|56
B5311437;1;TGGT;N/A;ORO;Three Bluffs;MAIN;36|44|45
B5761C32;1;TORO;N/A;ORO;Cow Mountain;MAIN;23|27|28
B597DBA0;1;TGGT;N/A;ORO;KCD Trend;MAIN;56|75
B5C13869;1;TORO;AG|AS|PB|HG|NI|BA|CU;ORO|IRG;Karenda-Murehe;MAIN;17|23|26
B59C8CDE;1;TORO;N/A;ORO;Galat Sufar South (GSS);MAIN;52|61
B6331EBD;1;TORO;N/A;IRG;São Jorge;MAIN;39|54
B645E047;1;TORO;N/A;ORO;Galat Sufar South;MAIN;36|38|44
B6AE081D;1;TORO;N/A;N/A;Nivré;MAIN;59|75
B71D484D;1;TGGT;N/A;ORO;Sleeping Giant Mine;MAIN;11|16
B6DC7ED6;1;TGGT;N/A;ORO|IRG;Main Zone;MAIN;33|39
B72958B4;1;TORO;AS|BI|W|SN;IRG;Blackjack Zone;MAIN;33|41|42|43
B6C15F1E;1;TORO;N/A;ORO;Hasaga Property;MAIN;34|36|50
B74230FB;1;TORO;N/A;ORO;Fayunkuang;MAIN;14|17
B737EAFE;1;TGGT;AG|AS|B|BA|BI|K|FE|HG|CU|PB|TL|SB;ORO;Fenelon deposit;MAIN;71|92|97
B79F4D5C;1;TORO;N/A;ORO;Songjiagou;MAIN;8|53|59
B82BA7D8;1;TRFT;AS|HG|SB|TL;CAR;Long Canyon;MAIN;26|40
B7C3BB3E;1;TGGT;N/A;ORO;Ikkari;MAIN;27|39|42|44
B8954892;1;TARC;N/A;PRY|EPTH|EPTL;Ladolam Deposit;MAIN;26|28|29|30
B8DAFEB7;1;TGGT;N/A;N/A;Baomahun;MAIN;16|18
B82BC835;1;TORO;AS|SB|HG;IRG|EPTL;Brewery Creek Project;MAIN;53|71
B8FDCDBB;1;TORO;N/A;ORO;Kiaka Main Zone (KMZ);MAIN;20|25
B90C9139;1;TGGT;N/A;ORO;Garrcon Deposit;MAIN;58|62|70
B9360098;1;N/A;SN|W;PRY;Maria Bonita;MAIN;31|39|43
B97AE5D3;1;TGGT;N/A;ORO;Haputilik shear zone;MAIN;17|20|24
B9E51129;1;TGGT;N/A;ORO;Thunder Creek;MAIN;32|33|44|46
B9E74A56;1;TGGT;AS|SB;ORO;Kunche;MAIN;45|63|64
BA07D9A3;1;TGGT;N/A;ORO;Tartan Lake Gold Deposit;MAIN;48|50|55
BA25F17F;1;TGGT;N/A;ORO;Island Gold Mine;MAIN;37|40
BA2DF9EC;1;TUNK;N/A;N/A;Mount Rawdon;MAIN;15|28
BA3EA4BF;1;TGGT;AS|SB;ORO;Turmalina deposit;MAIN;48|50|83|84|85|90
BA53AF4C;1;TGGT;N/A;ORO;Posse;MAIN;27|31
BA699B5E;1;TORO;N/A;ORO;Edikan Gold Deposits;MAIN;49|56
BA78CC5C;1;TORO;W|BI|AS|SB|TA;PLC|ORO;Machado Project;MAIN;25|30|31|42
BAF925F5;1;TARC;N/A;N/A;Yup River;MAIN;11
BAE54749;1;TORO;N/A;ORO;Seabee;MAIN;28|31
BB4CA3FE;1;TGGT;AS|BA;ORO;Zone 32;MAIN;11|18
BB20E870;1;TGGT;AS;ORO;Bibiani;MAIN;28|31|33
BB07643E;1;TORO;AS|BI|AG|ZN|CU|PB;IRG|SKN|MAN;Az Zone;MAIN;35|43|44|46|47
BB0A1FDB;1;TGGT;PB;ORO;Blanket Mine;MAIN;30|31|37|40|44
BB61CF6C;1;TGGT;N/A;ORO;Buckreef Prospect;MAIN;38|40|42|43
BB54CCFF;1;TGGT;AS;ORO;Pilar;MAIN;58|88|97
BBD4160D;1;TORO;N/A;ORO;Esaase Project;MAIN;33|38
BB800A73;1;TORO;K;ORO;Mazoa Hill;MAIN;34|41|44|45|78
BBDEE0DA;1;TGGT;N/A;ORO;Lancefield;MAIN;32|33|40
BC6B4EAF;1;TGGT;N/A;ORO;Cléopâtre showing;MAIN;5|6|13
BBF7A9A5;1;TORO;N/A;ORO;Mankarga 5;MAIN;37|42
BC8D1F34;1;TGGT;N/A;ORO;5 Zone;MAIN;47|57
BC91902F;1;TORO;N/A;ORO;São Francisco;MAIN;37|41
BCB7A348;1;TARC;N/A;ORO;Yup River Area;MAIN;11
BCBAA878;1;TGGT;N/A;ORO;Dogpaw Gold Deposit;MAIN;28|29|36|37
BCDBB437;1;TORO;N/A;ORO;New Liberty;MAIN;8|29|30|39
BCF11E6D;1;TGGT;N/A;ORO;Bombore;MAIN;44|47|68
BCF32515;1;TRFT;N/A;PLC;Beatons Creek;MAIN;44|46|54|79|80|84
BD1E509D;1;TGGT;N/A;ORO;Granada;MAIN;38|46
BD57FDE1;1;TGGT;BI|TE;IRG;Hammond Reef;MAIN;11|31|43|44
BD65CEC3;1;TGGT;AG|CU|PB|MO;ORO;Nyamakwenge;MAIN;47|50|59|112
BD8653CE;1;TORO;N/A;ORO;Ollachea;MAIN;52|53|57
BDB6688C;1;TGGT;AS;ORO;Fair Bride;MAIN;13|34|37|39|42
BD9051AE;1;TGGT;N/A;ORO;Antenna;MAIN;56|57|71|72|76
BDCCD1E2;1;TGGT;N/A;ORO;LP Zone;MAIN;66|70|100
BDB99643;1;TGGT;N/A;ORO;Magino;MAIN;48|51|55|56
BDE46F76;1;TTRN;N/A;EPTL;Midway;MAIN;24|28|33
BDE3CFA2;1;TORO;N/A;ORO;Goldboro Deposit;MAIN;13|14|44|45|59
BDDB9C5A;1;TORO;AS|SB|W;ORO;Appleton Fault Zone Mineralized Envelope;MAIN;69|78|88|95
BE35B6FE;1;TCRA;U;PLC;Castelo de Sonhos;MAIN;31|37|38
BE5D51CB;1;TGGT;N/A;ORO;Namdini;MAIN;17|18|19
BE656220;1;TRFT;K|AS;N/A;Gross;MAIN;47|66|74
BF549C0A;1;TGGT;N/A;ORO;Piment Zone;MAIN;44|47|49|50
BE698931;1;TORO;N/A;ORO;Central Deposit;MAIN;85|90|97|98|135|136
BF8AF30F;1;TRFT;AS|HG|SB|TL;CAR;North Bullion;MAIN;58|69|70|81|82
BFC3FB35;1;TORO;AS|PB;ORO;San Francisco;MAIN;65|72|75
BFCD3766;1;TORO;N/A;ORO|PLC;Ludevelo;MAIN;10|11|18
BFCB44FB;1;TARC;N/A;IRG|ORO;Siwash North;MAIN;30|40|41
C05F6900;1;TORO;N/A;PLC;Gilbert River Placer;MAIN;48|56
C0363DD0;1;TGGT;N/A;ORO;Fenn-Gib Deposit;MAIN;75|79|80
C06B5EEB;1;TORO;AG;ORO;Shirotnaia;MAIN;17|28|29
C0739ED0;1;TORO;AS;ORO;Boyd's Dam;MAIN;49|51|53|54
C0BF2AE2;1;TGGT;N/A;ORO;Bishop's Break;MAIN;16|21|26
C0C0F83C;1;TGGT;N/A;ORO;Buckreef Deposit;MAIN;64|87|89|95
C11F39B2;1;TORO;N/A;ORO;New Alger;MAIN;34|42
C15660C7;1;TORO;N/A;ORO;Karagba-Chauffeur-Durba (KCD);MAIN;72|74|78|87
C0D2D3EE;1;TGGT;AS;IRG;Sidikila;MAIN;40|46|49
C16CE521;1;TORO;N/A;ORO;Kiena Deep A Zone;MAIN;77|101|105|110
C1BB00D4;1;TGGT;N/A;ORO;LP Fault Zone;MAIN;22|25|37|41|46
C1B28F7A;1;TARC;N/A;EPTL;Blackwater;MAIN;25|28
C1CCE8F2;1;TGGT;PB|ZN|AS;EPG;Sugar Zone;MAIN;29|34|36
C1AF351F;1;TORO;AS|SB;IRG;Dolphin;MAIN;42|43|45|46
C1ED958B;1;TGGT;AS|S|NI|W|RB|BA|K;ORO;New Liberty;MAIN;108|109|116|121
C240D3FA;1;TGGT;N/A;ORO|LAT|PLC;Janet Ivy Porphyry;MAIN;29|30|31
C215F9C2;1;TORO;N/A;ORO;CSH217;MAIN;35|37|42
C1F18075;1;TGGT;N/A;ORO;Timmins Gold Project Deposit;MAIN;12|15|17
C20B6EBF;1;TORO;AS|PB;ORO;San Francisco;MAIN;55|62|65
C2737FEA;1;TORO;N/A;ORO;Peters mine;MAIN;52
C2853B2A;1;TGGT;N/A;ORO;Malartic West;MAIN;23|24|28
C2ADB7A0;1;TGGT;N/A;N/A;Lipton Gold Zones;MAIN;20|23|25
C2CBF098;1;TGGT;N/A;ORO;Hardrock deposit;MAIN;86|119|121|124
C379D122;1;TRFT;N/A;CAR;Kobeh Ridge;MAIN;17|19|21
C2F224F2;1;TGGT;N/A;ORO;Island Gold Deposit;MAIN;45|55
C3431E1B;1;TORO;N/A;ORO;Magdala;MAIN;28|29|39|40|41
C3A20AC5;1;TGGT;N/A;ORO;Monument Bay;MAIN;15|25
C3A6371F;1;TGGT;N/A;BXH;Buffalo-Ankerite;MAIN;22|24
C3B278EC;1;TGGT;N/A;ORO;Hicks;MAIN;70|74|85
C44A44AA;1;TGGT;N/A;PRY|ORO;Lac Pau;MAIN;12|16
C3D8742E;1;TGGT;AS;IRG|ORO;Jubilee Deposit;MAIN;64|72|89|90|91
C4423E04;1;TRFT;AS|SB|HG|TL;CAR;Long Canyon;MAIN;33|53
C40FA5C9;1;TORO;AS|AG|PB|SB|ZN;IRG;Dolphin;MAIN;50|53|54|58|44|51|52
C48C1D1F;1;TGGT;N/A;ORO;Bibra;MAIN;37|42
C4F27B1D;1;TORO;AS|PB|AG|SB|HG|TL|U|S|CD|BI;IRG;Democrat;MAIN;27|28|49|50|52|53|59
C4FB6F35;1;TUNK;CU|PB|ZN|AS|CD|SB;EPTL;Buster Zone;MAIN;21|26|27
C4F75258;1;TGGT;N/A;ORO;Bombore gold deposit;MAIN;45|69
C515FA0D;1;TGGT;N/A;ORO;Mougnina Project;MAIN;3|4|22|27
C553E382;1;TGGT;N/A;ORO;Paddy's Flat;MAIN;79|99|109
C57DC080;1;TORO;N/A;EPTL;Skvoznoy;MAIN;25|30|33
C5A13681;1;TGGT;N/A;ORO;Beaufor Mine;MAIN;73|52
C5B70A38;1;TGGT;ZN|PB;ORO;Hump Vein;MAIN;17|19|21
C61AC28A;1;TGGT;N/A;ORO;Kone;MAIN;22|28
C5EF24DD;1;TGGT;N/A;ORO;Volta Grande Project;MAIN;70|79
C5F091DE;1;TGGT;N/A;ORO;Komahun;MAIN;15|16
C5FC035D;1;TBAC;N/A;ORO;Fazenda;MAIN;46|57
C6EFD2B3;1;TGGT;N/A;ORO;Garrcon Deposit;MAIN;88|92|93|102
C69A15A2;1;TORO;S;ORO;Box;MAIN;51|73|87
C698C158;1;TGGT;N/A;ORO;Lac Herbin;MAIN;21|24|25|27|154|155
C628DB78;1;TORO;N/A;PLC;Jacobina;MAIN;38|47|52
C72312B6;1;TORO;AS|SB;ORO;Hirsikangas;MAIN;26|27|30
C77B79FA;1;TGGT;N/A;ORO;Lac Herbin;MAIN;22|25|27|31
C78E21EB;1;TORO;AS|SB;ORO|IRG|BXH;Coffee;MAIN;69|70|76|77|78|79
C7BF4D7A;1;TGGT;N/A;ORO;Colomac Main;MAIN;98|129
C7F84FF8;1;TGGT;N/A;ORO;Bell Creek Complex;MAIN;22|23|29
C8749E28;1;TGGT;N/A;N/A;Komahun deposit;MAIN;12
C81E3145;1;TGGT;N/A;ORO;Kerboulé;MAIN;27|29|32|33
C8A4E7EC;1;TGGT;N/A;ORO|BXH;East-West Zones;MAIN;23|27
C844E937;1;TCRA;U;PLC;Pardo;MAIN;32|38|39|43
C911F441;1;TGGT;N/A;ORO;Flordin deposit;MAIN;25|30
C990DF67;1;TORO;CU|MO|ZN;IRG;Gramalote;MAIN;27|32|35|36
C92602D0;1;TGGT;N/A;ORO;New Liberty;MAIN;26|27|29|36
C9AC7B54;1;TORO;W|BI|TE;ORO|SKN;Björkdal;MAIN;39|49|56
C9F2FBCF;1;TGGT;N/A;ORO;Kalsaka Hill;MAIN;19|21|22
C9E06435;1;TORO;N/A;ORO;Valentine Gold Project;MAIN;90|91|92|100|117|118
C9E215E5;1;TGGT;AS;ORO;O'Brien Project;MAIN;36|38|47|48
CA35DFE5;1;TGGT;AS|B|S;ORO;Orenada Zones 2 and 4;MAIN;55|72|73|78
CA78E21C;1;TORO;N/A;ORO;Aarnivalkea;MAIN;37|38|43
CA7AA11B;1;TGGT;N/A;ORO;Eureka;MAIN;16|17
CA8EC060;1;TORO;AS|CU;ORO;Twin Hills;MAIN;46|53|57
CA66A9C6;1;TORO;AS|MN|MO|ZN|LI|BA|V|K|CU;IRG|BXH|PRY;North Stock;MAIN;51|52|53|55|56|59|60
CAD87282;1;TGGT;N/A;ORO;Kinyambwiga;MAIN;23|29|31|32|34
CB92F51F;1;TGGT;N/A;ORO;True North;MAIN;47|55|58
CAE1178D;1;TGGT;N/A;ORO;Kerr-Addison deposit;MAIN;51|72
CB3D8DD3;1;TGGT;AS;ORO;Sugar Zone;MAIN;54|59|61
CBB4692B;1;TORO;N/A;ORO;Tachamek;MAIN;26|27|40|41
CBC22B53;1;TGGT;N/A;IRF;Solomon's Pillars;MAIN;18|19|22
CBBEF9F4;1;TGGT;N/A;ORO;Sleeping Giant Mine;MAIN;11|16|17
CC224DE9;1;TGGT;N/A;ORO;Peter Pan;MAIN;54|60
CC915B90;1;TORO;AS|SB;EPTL|IRG|CAR|ORO;Coffee deposits;MAIN;46|54|55|56
CCAEFFBA;1;TORO;S|ZN|PB|CU|SB;ORO;Koka;MAIN;30|35|36
CD16102D;1;TGGT;AS;ORO;La Pointe / La Pointe Extension;MAIN;32|35|37|46|47
CD26F728;1;TORO;AS;ORO;Puffy Lake Deposit;MAIN;47|54|56
CD570B87;1;TTRN;N/A;EPG;Mineral Ridge;MAIN;56|62
CDA590EA;1;TGGT;N/A;ORO;Goldlund;MAIN;41|49
CD7EC930;1;TGGT;N/A;ORO;Main Zone;MAIN;27|31|33
CD8A2D36;1;TORO;N/A;ORO;Island Mountain;MAIN;115|126|137
CDBA83AE;1;TGGT;N/A;ORO;Monique Gold Trend;MAIN;45|55|72|73
CE1FC5A0;1;TGGT;N/A;ORO;Sickle;MAIN;41|45
CE412BAB;1;TORO;AS;ORO;PL Deposit;MAIN;61|67|71
CE5CDB4D;1;TARC;N/A;IRG;Gramalote Ridge;MAIN;26|30
CE9ACC7E;1;TORO;N/A;ORO;Egerton-MacLean Area;MAIN;47|48|52
CE68C2B3;1;TGGT;N/A;ORO;Volta Grande;MAIN;65|76
CE9116AC;1;TGGT;N/A;ORO;Augmitto;MAIN;50|58|61|62
CEA758A5;1;TORO;AS|SB|MO|ZN|W|B;SKN;Salave;MAIN;41|45|55|57
CF3A5002;1;TRFT;AS|SB|HG|BA|ZN|W;CAR|EPTL;Pan;MAIN;45|51
CF158E4D;1;TGGT;K|BA;ORO;Hardrock;MAIN;84|86|102|119|121|124
CF1EADF4;1;TUNK;AS|SB|HG|TL|TE|AG|W|MO;CAR;Black Pine;MAIN;48|49|65|67
CEBC60EF;1;TGGT;N/A;ORO;Sigma-Lamaque;MAIN;96|125|126
CF8E26D1;1;TARC;N/A;EPTL;Mesquite;MAIN;38|46|47
CFB4B1ED;1;TORO;N/A;ORO;Marathon Gold Deposit;MAIN;61|73
CF8B31DF;1;TORO;AG|AS|SB|HG|TL|BA|W|SE;CAR;Gold Bar North;MAIN;54|61|63
CFC06040;1;TORO;N/A;ORO;Daling Prospect;MAIN;17|21
CFE63D30;1;TGGT;BI|TE|W|PB|MO;IRG|ORO;Bonikro;MAIN;38|39|40|41|43
CFC97564;1;TGGT;N/A;ORO|LAT;Volta Grande;MAIN;29|32|36
D01DBB01;1;TGGT;N/A;ORO;New Beliveau;MAIN;72|101|103
D03502D8;1;TGGT;N/A;IRG;Fenn-Gib Deposit;MAIN;46|50
D03FA90B;1;TGGT;N/A;ORO;Agbaou;MAIN;33|34|37|38
D0601DC6;1;TGGT;N/A;N/A;South Mine Complex;MAIN;21|26|27
D055AE2F;1;TORO;AS|SB|FE|CU|AG|MN|PB;CAR;Cortez Hills Complex;MAIN;52|53|63|68
D07DE927;1;TRFT;N/A;ORO;Amaruq;MAIN;57|74|75
D09B7FF2;1;TORO;N/A;ORO;Lunch Pond South Extension;MAIN;23|41
D0A8A5F3;1;TORO;N/A;ORO;Twangiza Main;MAIN;39|43
D1310779;1;TORO;AS;ORO;Minapampa;MAIN;50|54
D10D204F;1;TGGT;N/A;ORO;Paiol;MAIN;69|98
D17A4252;1;TUNK;N/A;LAT;Agbaou;MAIN;39
D1733401;1;TORO;B|W|AS|SB|SE|TE|BI|MO|CU|PB|ZN;ORO;Diakha;MAIN;27|31|45|47|62
D180F7DA;1;TGGT;N/A;ORO;West Branch;MAIN;41|60
D1DED693;1;TGGT;N/A;IRG|ORO;Eastern Extension;MAIN;22|26
D1C90F07;1;TGGT;N/A;ORO;New Liberty;MAIN;28|37
D1C7DCAE;1;TORO;AS|CU|SB|SE|TE;ORO;Cosmo;MAIN;65|66|76|77|93
D200A2DF;1;TGGT;N/A;ORO;Kibali-Durba-Karagba Trend;MAIN;45|59
D229183F;1;TORO;AS;ORO;Corcoesto;MAIN;40|43|49|51|54
D202B950;1;TRFT;N/A;EPTL;Tin Cup zone;MAIN;24|28|29
D213D0EA;1;TGGT;CU|AS|TE|PB|W|ZN|SB;IRG;Duparquet deposit;MAIN;71|72|86|87|88
D245FB2F;1;TORO;AS|SB;ORO;Alexander Mine;MAIN;25|28|31|33|35|58
D248E3F0;1;TGGT;N/A;ORO;325-Megane Zone;MAIN;76|78|94|99
D248DF2B;1;TGGT;N/A;ORO;Volta Grande;MAIN;4|5|33|36|40
D25C0E75;1;TORO;AG|AS|SB;ORO;Diba;MAIN;64|72|75|76
D281449C;1;TGGT;N/A;ORO;Luhwaika;MAIN;44|48|52|63
D2BA22F7;1;TGGT;N/A;ORO;South West;MAIN;52|59|80
D2C39319;1;TGGT;N/A;ORO;Ronguen gold deposit;MAIN;31|35
D31D9902;1;TARC;N/A;DFR;Oro Cruz deposit;MAIN;62|63|77|78
D3651964;1;TRFT;AS|SB|HG;CAR;Central Tenements;MAIN;30|35|37|48
D38C5804;1;TGGT;AG|AS|W|B|SB|TE|MO;ORO;Eau Claire;MAIN;62|71|73
D3E94EA4;1;TGGT;N/A;ORO;F2 Gold System;MAIN;21|22|28|29
D3BD1C31;1;TBAC;AS|SB|HG|AG|W;IRG|EPTL;ACMA-Lewis;MAIN;63|65|66|76
824A53D2;1;TARC;N/A;ORO;No. 4 Plug;MAIN;29|38|40
485334B3;1;TGGT;N/A;VMS|ORO;Perron;MAIN;15
76AE6E21;1;TGGT;N/A;ORO|PLC;Solona;MAIN;37|44|45|48
50EA2105;1;TARC;AS|SB|BA|F|MN|TE|SE|HG;EPTL;BM Property;MAIN;10|12|15|16
4CF7B3C4;1;TGGT;N/A;ORO;Tower Gold Project;MAIN;97|113
860C3667;1;TORO;N/A;ORO;Gounkoto;MAIN;24|28
524A25F5;1;TORO;K|BA|AS|BI|ZN|SB|W;VMS|PRY;Montagne d'Or;MAIN;28|30|33|39|40|43
7FA769BE;1;TGGT;N/A;ORO;Jean Gobele;MAIN;10|11|13
7C84371F;1;TGGT;N/A;ORO;Piaba;MAIN;61|69|73
809339BA;1;TGGT;N/A;ORO;Juby Zone;MAIN;43|57|59
80BE5D2B;1;TORO;N/A;ORO;Valentine Lake Deposits;MAIN;52|65
4F7B85A8;1;TRFT;N/A;IRG;Spring Valley;MAIN;50|60|61
7EEAF943;1;TORO;N/A;ORO;Piaba;MAIN;46|47|48|56
461CCD75;1;TGGT;N/A;ORO|SKN;Mont Ity;MAIN;110|112|117|123
6405EAA9;1;N/A;AS;N/A;Friday Zone;MAIN;14|15
7E9A60AF;1;TORO;N/A;IRG|ORO;Mineral Ridge;MAIN;3|41|58|59
4ABEB133;1;TGGT;N/A;ORO;Tabakoto Deposit;MAIN;64|65|80
7D6F399F;1;TGGT;N/A;ORO;Holloway-Holt Project;MAIN;21|51|61|62
7246F25E;1;TORO;N/A;ORO;Kunsu;MAIN;41|45
8574DCE9;1;TGGT;N/A;ORO;Madsen Deposit;MAIN;79|109
7A0689E5;1;TGGT;CU|AG|AS|SB;ORO|SKN;Ity Gold Mine;MAIN;48|54|55|67
5457D9C0;1;TCRA;N/A;IRG|ORO;Cuiú Cuiú;MAIN;47|49|62|72|75
8AA26423;1;TORO;BI|AG|PB|AS|SB|TE;IRG;Valley;MAIN;59|91|104
5D6EA3D4;1;N/A;N/A;ORO;Orenada Zone 4;MAIN;17|21
56560B53;1;TGGT;N/A;N/A;Noseno;MAIN;23|30
68961915;1;TORO;AS|HG|TL|S|SB;CAR|MAN;Bigar Hill;MAIN;62|77|86
65C913B8;1;TRFT;BI|CU;VMS;Radcliff Mine;MAIN;27|36|37|38
43C943BC;1;TGGT;N/A;VMS|ORO;Pilar;MAIN;51|54|59
691CA9D5;1;TORO;N/A;ORO;Kumtor;MAIN;47|56
7D444D82;1;TGGT;AS;ORO;Frankfield East Deposit;MAIN;44|50|53
69D92AD9;1;TTRN;N/A;EPTL;Mesquite Mine;MAIN;51|58
81F1CA0D;1;TORO;AS|SB|HG;IRG|EPTL;Brewery Creek Project;MAIN;51|70
488CB3E5;1;TGGT;AS|SB|W;IRG;Cheechoo B-West;MAIN;43|64|71|72|73
44B2CDE0;1;TORO;AS|S|PB|CD|BA|K;ORO;Goldboro;MAIN;92|100|105
60AC8A90;1;TORO;AS|SB|W|HG;CAR;West Pequop;MAIN;30|32|38|39|40
71519F7B;1;TGGT;N/A;ORO;White Foil;MAIN;25|27|31
8C4B1AEA;1;TORO;N/A;ORO;São Francisco Mine;MAIN;30|35
675A8CD2;1;TGGT;N/A;ORO;Boyer Lake;MAIN;17|21
8094542A;1;TORO;AS|SB|W;ORO;Queensway;MAIN;64|66|69|79|85|86
50C9D795;1;TGGT;N/A;ORO|BXH;Frankfield Deposit;MAIN;16|26
8370D55A;1;TGGT;AS;ORO;O'Brien Project;MAIN;67|69|77|78|79
7DCB230D;1;TGGT;N/A;ORO;Majorodam;MAIN;24|25|32
7514C5D7;1;TORO;BI|AS|SB|W|TE|MO;IRG|SKN;Powerline;MAIN;78|88|89|87|97
45129AC2;1;TGGT;N/A;ORO;Doris Deposit;MAIN;74|108
73BB641B;1;TGGT;N/A;ORO;Piment Zone;MAIN;33|34|38
86F5DCCA;1;TGGT;N/A;PRY;Canadian Malartic deposit;MAIN;49|53|55
D40A379A;1;TGGT;N/A;ORO;Fazenda Brasileiro;MAIN;39|48
D4CF8324;1;TORO;AS;IRG;Central Zone;MAIN;12|15|19
D4806B81;1;TRFT;AG|AS|HG|SB|V|CR|W|B;EPTL;Mexican Hat;MAIN;33|41|45|66
D45D5CCF;1;TCRA;U;PLC;Castelo dos Sonhos;MAIN;48|54|55
D4F918AC;1;TGGT;N/A;ORO;Whirlwind Jack Property;MAIN;18|19|24
D54E165D;1;TGGT;AS;ORO;EMZ;MAIN;41|43|48
D5FB67AD;1;TGGT;AS;ORO;KGP Project;MAIN;37|40|48|49|52|64
D602984C;1;TORO;AS|CU|MO;ORO;Elizabeth Gold;MAIN;49|56|67
D60E5A09;1;TORO;SN|W;IRG|ORO;Twangiza;MAIN;36|41|42
D64CDE97;1;TGGT;N/A;ORO;Taparko;MAIN;41|54
D645D0F0;1;TORO;AS|SB|HG|TL|BA|W|SE;CAR;Gold Bar North;MAIN;75|85|88|89
D67719DD;1;TGGT;N/A;ORO;Island Gold;MAIN;33|34|36
D69A69BB;1;TGGT;N/A;ORO;Farabakoura;MAIN;30|31|45|56
D6B0A632;1;TORO;N/A;ORO;Buckreef Prospect;MAIN;41|47
D79C53D1;1;TORO;AS|SB|AG|W|CU;IRG|CAR;Sawayaerdun;MAIN;26|27|31
D7506DA8;1;TCRA;N/A;IRG|ORO;Central;MAIN;98|100|118
D7AC088D;1;TGGT;N/A;ORO;Main Zone;MAIN;9|17
D7AC8406;1;TGGT;N/A;ORO;55 Zone;MAIN;42|49
D7BA0DE9;1;TGGT;N/A;IRF;Pistol Lake;MAIN;40|42|43|45|63|66|67
D7C25EB0;1;TGGT;N/A;ORO;Surluga Deposit;MAIN;88|98|112
D7CF2CD9;1;TORO;BI|AS|SB|AG|PB|ZN|CU|MO;PRY|SKN;Cerro de Oro;MAIN;61|68|72|73
D7DBD350;1;TSED;AS|SB|HG|TL|W|MO;CAR;Kinsley;MAIN;44|71|76
D7E7A302;1;TORO;S|AS|SB;ORO;Dachang Main Zone (DMZ);MAIN;34|37|39|40
D854EE8F;1;TORO;AS|S|PB|BA|K;ORO;Goldboro;MAIN;98|99|106|111
D85EB4BF;1;TGGT;AS;ORO;Chimo Mine;MAIN;35|45|49
D835C902;1;TORO;N/A;ORO;Kiena Mine;MAIN;132|154
D8661928;1;TORO;N/A;ORO;Lunch Pond South Extension;MAIN;23|41
D87093B7;1;TORO;AS;ORO;Riacho dos Machados;MAIN;40|49|51
D8AC936D;1;TGGT;N/A;ORO;Bilboes;MAIN;57|62|63|65
D902558E;1;TGGT;N/A;ORO;Gruyere;MAIN;29|31|36
D8CED400;1;TGGT;AG|CU|PB|ZN|MO|AS;ORO;West Cache;MAIN;17|108|123|124
D8B7B091;1;TGGT;CU|AS;ORO;Bonanza;MAIN;16|18|22
D942A86D;1;TGGT;N/A;ORO;Trident;MAIN;28|30|39
D96C6BD7;1;TARC;PB|ZN|AS|BI|AG|CU;PRY|ORO;Neal Vein Zone;MAIN;31|45|46
D97FA297;1;TGGT;K|CU|MO;ORO;Posse Deposit;MAIN;46|47|49
D98D7761;1;TGGT;N/A;ORO;Orfée East;MAIN;13|16
D99F22E5;1;TUNK;AS|HG|SB|TL|ZN;CAR;Dark Star;MAIN;40|43|54|56|57
D9EF1BAF;1;TGGT;N/A;IRF;Farley Lake deposit;MAIN;20|25
D9C5382E;1;TORO;N/A;ORO;Massawa;MAIN;61|91
DA13E52C;1;TORO;N/A;ORO;Piaba;MAIN;70|78|83
DA39C6FD;1;TARC;N/A;ORO;Nampala;MAIN;27|32
DAA5F488;1;TGGT;N/A;ORO;Adelemont;MAIN;21|28
DAA56F2A;1;TGGT;N/A;ORO;Surluga;MAIN;24|27|28
DA6A34ED;1;TARC;HG;EPTL;Smoking Pipe;MAIN;21|33|49|52
DB36BE35;1;TORO;N/A;ORO;Paiol;MAIN;55|57|69
DB61F4E9;1;TORO;AS|W|SB;ORO;Macraes;MAIN;49|58|66
DB71FEB1;1;TGGT;N/A;ORO;Sabodala;MAIN;48|69|70
DB845579;1;TGGT;N/A;VMS|EPTH;Osbell deposit;MAIN;29|33|44|48|53|54
DBA782B7;1;TGGT;N/A;ORO;Sabodala;MAIN;39|69|70
DBC6F8F7;1;TORO;AS|SB|NI|W;ORO;Vickers;MAIN;43|60|65
DBD344C8;1;TORO;AS|TL|HG|SB|BA;CAR;Lookout Mountain;MAIN;34|45|47
DBDBEA12;1;TGGT;AG|MO;ORO;Duquesne Mine;MAIN;39|49|52
DBF1243D;1;TORO;PB;ORO;Dufferin Property;MAIN;38|39|40|45|53
DBF78A67;1;TGGT;AS|SB|S|MO;ORO;Main Discovery Zone;MAIN;24|26|31|37
DC34EA7F;1;TRFT;N/A;EPTL;Main Zone;MAIN;30|37|39
DC299AC1;1;TARC;BI;IRG;Tocantinzinho;MAIN;102|104|106|107|110
DCD15115;1;TORO;N/A;ORO;Bellechasse-Timmins;MAIN;24|26|35
DCF1261C;1;TORO;AS|SB|W;ORO;Appleton Fault Zone Mineralized Envelope;MAIN;80|99|103|106
DD14C27F;1;TGGT;N/A;PRY|ORO;Canadian Malartic;MAIN;73|82
DD275AB6;1;TPAB;AS|SB|CU;IRG|MAN;Dora;MAIN;32|41|45|49|50
DD156BE8;1;TORO;AS|SB|TL|AG|MN;EPTI|PRY;Çöpler;MAIN;43|47|50|53
DD7623E6;1;TORO;AS|S|HG|SB;CAR;Jinfeng;MAIN;22|24|26|27
DD5658C5;1;TORO;N/A;ORO;Omai;MAIN;66|79|86
DD864CCE;1;TGGT;N/A;ORO;Bissa Hill;MAIN;37|60
DD81B988;1;TORO;N/A;ORO;Serra Grande;MAIN;53|58|61|65
DD9C2A12;1;TGGT;N/A;ORO;Sabodala;MAIN;47|87|88
DDCB1D4D;1;TORO;N/A;PLC;Beauce Placer;MAIN;51|61
DDE332B0;1;TGGT;N/A;ORO;Ceiba II deposit;MAIN;16|20
DE320208;1;TGGT;N/A;ORO;Bonnefond South Intrusive;MAIN;51|65
DE37C87E;1;TGGT;N/A;ORO;Discovery;MAIN;21|25
DE27B6DA;1;TGGT;AS|AG;ORO;Holy Terror Gold Project;MAIN;33|49|50|51|52
DE3E7CC5;1;TORO;SB|CO|W;ORO|LAT|SKN;Lefa Gold Project;MAIN;52|53|56|57|58|59
DE71AB4D;1;TGGT;AG|AS|BI|HG|PB|W;ORO;Adumbi;MAIN;64|105|116
DE4BC606;1;TCRA;N/A;ORO;Coringa;MAIN;41|42|62|65
DE73E093;1;TORO;N/A;ORO;Flordin;MAIN;51|59
DE7D5D7C;1;TORO;N/A;ORO;Black Fox Mine;MAIN;48|50|51|67|68
DEB77CBD;1;TRFT;AG|HG;EPG;Wapolu;MAIN;26|27|32
DED0FE3A;1;TGGT;N/A;ORO;Happy Valley Mine;MAIN;26|32
DEC7E039;1;TARC;N/A;IRG;Scottie Gold Mine;MAIN;25|36
DF894344;1;TORO;N/A;ORO;Caribou;MAIN;28|29|30
DF58885D;1;TORO;N/A;ORO;Thor Trend;MAIN;61|74
DF7D0B06;1;TORO;AS;N/A;Corcoesto;MAIN;31|41|43|45
DF73E986;1;TORO;BI|W|AS|SN|MO|TE|SB;IRG;Lugushwa Project;MAIN;13|15|19
DF8F9CA0;1;TCRA;N/A;PLC;Castelo de Sonhos;MAIN;19|25
DFAB527F;1;TGGT;N/A;ORO;Prestea;MAIN;42|43
DFC4DE4E;1;TGGT;N/A;ORO;Pascalis Gold Trend;MAIN;62|76|92
DFBB3334;1;TGGT;N/A;ORO;Magino mine;MAIN;28|31|36
DFDA0576;1;TORO;N/A;ORO;Rory's Knoll;MAIN;57|80|81|90
E019EE04;1;TARC;N/A;EPG;Sorowar;MAIN;39|40|42|52
E043D2F2;1;TGGT;N/A;ORO;Douay West;MAIN;35
E0673033;1;TGGT;N/A;IRG;Swanson;MAIN;48|56
E0982BE2;1;TORO;N/A;ORO;Sukari;MAIN;42|45
E0E0185A;1;TGGT;N/A;ORO;Pilar;MAIN;51|58|62|66
E0A92E12;1;TGGT;AG|AS;ORO;Nyamebekyere Zone;MAIN;30|31|37|43
E0C00FAD;1;TGGT;N/A;ORO;Nkran;MAIN;85|91|112|113
E0FC81FB;1;TGGT;N/A;ORO;Magino Mine;MAIN;30|33|38
E11ABD21;1;TORO;ZN|PB|CU;ORO;Main Zone;MAIN;19|21|31|37|38|39
E0FF4531;1;TGGT;N/A;ORO|LAT;Volta Grande;MAIN;31|36|37
E134EDE7;1;TORO;N/A;ORO;Golden Gift;MAIN;40|53
E19EA265;1;TGGT;N/A;ORO|BXH;McGarry Project;MAIN;24|25|30
E197597B;1;TORO;N/A;ORO;Marathon Deposit;MAIN;41|42|48|49|56
E13FC7B9;1;TGGT;S|AS|SB;ORO;Clavos;MAIN;32|33|42|43|44
E1C9F058;1;TRFT;AS|SB|HG|TL|W|MO;CAR;Kinsley;MAIN;44|60|71|76
E1D0AF5E;1;TCRA;U;PLC;South Deep;MAIN;38|40|44
E1DE0FD8;1;TGGT;AS;ORO;EMZ;MAIN;42|43|48
E201A112;1;TORO;AS;ORO;Riacho dos Machados;MAIN;41|50|52|53
E1E4E38F;1;TORO;AS|W|MO|HG|SB;ORO;Beartrack;MAIN;67|74|76|77|93
E20A3737;1;TGGT;MO|W|SB|BI|TE|BE;ORO|IRG;Yaouré;MAIN;86|87|93|110
E2C4B3B2;1;TGGT;AS|SB;ORO;Turmalina deposit;MAIN;41|43|49|50|51
E272D1F5;1;TRFT;BA;CAR;Pan;MAIN;54|62|64
E27BEE16;1;TORO;N/A;ORO;New Polaris;MAIN;43|49
E2C9C2F8;1;TGGT;N/A;ORO;Kofi Project Area;MAIN;19|20|21|22
E33A6659;1;TORO;N/A;ORO;Fayunkuang;MAIN;16|19
E34704A5;1;TORO;BI|AS|W|TE|MO|CU|SB|AG|PB|ZN;IRG|SKN;AurMac;MAIN;53|61|62|63|64|66|69
E2D1E072;1;TRFT;N/A;EPTL;Sandman Deposits;MAIN;38|52|53
E3870BFB;1;TGGT;N/A;ORO;Wesdome property;MAIN;22|29
E3833EC8;1;TARC;HG;EPTL;Tumannoye;MAIN;21|23|26|32
E38808FF;1;TORO;W|AS;EPTL;Aprelkovo Gold Project;MAIN;42|45|53
E40DB825;1;TARC;AS|HG;CAR;Jugan;MAIN;37|44|49
E430E199;1;TORO;AS|AG;ORO;Sierra Alta;MAIN;36|37|39|44
E48E1688;1;TARC;N/A;ORO;B and WD Vein Complex;MAIN;36|38
E476DAA9;1;TBAC;AS;ORO;C1;MAIN;54|59|60|69|73
E45E49B2;1;TORO;PB|ZN;IRG|ORO;Segovia Project;MAIN;45|46|50|54
E4CB4489;1;TORO;N/A;ORO;Osikonmäki;MAIN;23|27
E4C57CDD;1;TGGT;N/A;ORO;Great Bear;MAIN;40|72
E4E6C189;1;TARC;TE|AG|HG|BA|ZN|PB|CU;ORO;Las Pepas;MAIN;29|33|34|36
E51EE1AB;1;TTRN;N/A;EPTL;San Andres;MAIN;22|23|24|27|28
E5619F06;1;TORO;AS;IRG;Santo Antonio;MAIN;18|23|31|33
E5668683;1;TGGT;AS;ORO;Tiriganiaq;MAIN;37|48|50
E53974E1;1;TORO;N/A;ORO;Kittila;MAIN;30|34
E5690B86;1;TGGT;N/A;ORO;Pitt Gold;MAIN;22|23|25|27
E5B0BFB2;1;TGGT;N/A;ORO;Big Bell;MAIN;66|69|81
E5B621B8;1;TGGT;N/A;ORO;Monique;MAIN;66|77|87|93
E56FAD20;1;TORO;N/A;ORO|IRG|EPTL;Zun-Holba;MAIN;54|56|75
E5F91755;1;TGGT;N/A;IRG|ORO;Main Zone;MAIN;5|38|43|44
E62EAA41;1;TORO;N/A;ORO|LAT|PLC;Mid-Green Hills;MAIN;10|11|12
E63652B1;1;N/A;AS;IRG;Big Balds Project;MAIN;23|24|25
E60C3006;1;TGGT;N/A;IRG;Young-Davidson;MAIN;36
E63BC6A4;1;TARC;N/A;ORO;Mandiana Gold Project;MAIN;25|31
E675A5F4;1;TBAC;N/A;ORO;Tabakoroni;MAIN;24|27
E6A8364A;1;TRFT;HG|AS|SB;CAR;Walker Ridge;MAIN;17|24|26
E672616D;1;TGGT;N/A;ORO;Kiena Mine;MAIN;69|89|90
E6B0F4C4;1;TGGT;N/A;N/A;Tira Gold Mine;MAIN;7|10|14
E6F0BD40;1;TGGT;N/A;ORO;Auclair;MAIN;8|10
E71454A8;1;TARC;AS|SB;EPTL;Manhattan Deposit;MAIN;39|47|49
E6B4B7AE;1;TORO;N/A;ORO;Cachoeira;MAIN;57|58|59|64
E6CA62A8;1;TGGT;N/A;ORO;Island Gold Mine;MAIN;30|31|34
E7698A6B;1;TORO;N/A;EPTL;Golden Saddle;MAIN;59|69
E7C30AD0;1;TGGT;N/A;PRY|BXH;Côté Lake;MAIN;15|49|57|58|60
E7FA0985;1;TORO;N/A;ORO;Goldboro;MAIN;32|41|42
E8138E0B;1;TORO;N/A;ORO;Piaba;MAIN;69|72|73|81
E850B4F1;1;TORO;N/A;ORO;Aremu-Oko;MAIN;58|81|101
E8CA9DD2;1;TGGT;N/A;ORO;West Cache;MAIN;68|100
E8575819;1;TGGT;N/A;ORO;Orfée;MAIN;10|12|17
E8EA8E24;1;TGGT;N/A;ORO;Bradshaw Deposit;MAIN;62|72
E92D245C;1;TGGT;N/A;N/A;Sleepy Zone;MAIN;11|12|13
E998A776;1;TGGT;SB|AS|W|CU;ORO;Tankoro;MAIN;57|60|70|78
E93ABCBE;1;TRFT;N/A;ORO;Meadowbank Deposits;MAIN;48|58|59
E9948280;1;TGGT;N/A;ORO|BXH;Mankouké;MAIN;57|58|83
E99E0023;1;TORO;AG|AS|SB|W;ORO|CAR;Suzdal Gold Mine;MAIN;47|49|53
EA314C28;1;TCRA;N/A;PLC;Castelo de Sonhos;MAIN;20|26
EA0B28B0;1;TGGT;AG|AS|ZN|SB|CU|HG;ORO;Madsen Mine;MAIN;65|68|73|74|76
EA331C93;1;TORO;AS|W|ZN|PB|CU|SB|BI|AG|MO;ORO;Kundusuyulskaya;MAIN;23|29|32|51
EAA49D4A;1;TGGT;AS;ORO;Beposo;MAIN;24|25|26|29|30
EA3E93F3;1;TORO;AS;ORO;Taurus Deposit;MAIN;25|28|32
EA9690E0;1;TORO;CU|MO|AG;IRG;São Jorge;MAIN;31|50|53
EAC6088E;1;TORO;N/A;ORO;Uzboy;MAIN;26|27|30|33
EAE04061;1;TGGT;N/A;ORO;Fair Adelaide East Project;MAIN;19|22
EAD060EE;1;TGGT;N/A;ORO|EPG;Kaburi;MAIN;19|21|22
EAD90A22;1;TCRA;AS;ORO;Serra Paraíso;MAIN;49|55|56|58|61
EAE5B1DE;1;TORO;AS;ORO;Paracatu;MAIN;36|44|46|47
EAF9D86C;1;TORO;N/A;ORO;Alder Showing;MAIN;23|24|28|29
EAE4DEF8;1;TORO;N/A;ORO;Sewum;MAIN;40|46|51
EAF1BA97;1;TGGT;AS|AG|W;EPG;FAT deposit;MAIN;85|86|89|98
EAFBC480;1;TRFT;N/A;ORO|IRG|PLC;Gold Range Project;MAIN;13|16|17|18
EAFEEC78;1;TGGT;MO;ORO;Chirano;MAIN;31|32|33|36
EB2980D5;1;TGGT;N/A;ORO;Ormsby zone;MAIN;39|52
EB05E215;1;TORO;N/A;ORO;Galat Sufar South (GSS);MAIN;47|56
EB33574D;1;TARC;N/A;ORO;Bingo;MAIN;13|15|20
EB7FFC5E;1;TORO;AS|BI|TE|W|MO|CU;ORO|IRG;Laiva;MAIN;31|39|41|43|46
EB903EB6;1;TORO;N/A;ORO;Fifteen Mile Stream;MAIN;27|34
EB90939E;1;TGGT;N/A;ORO;Antenna;MAIN;62|76
EBE240D8;1;TORO;AS;ORO;Cariboo Mine Trend;MAIN;33|37|43|50|54
EC016AF8;1;TGGT;N/A;ORO;Diakha;MAIN;28|67
EC39A737;1;TCRA;N/A;IRG|ORO;Cuiú Cuiú;MAIN;54|56|75|78
EBFEE21F;1;TORO;AS|SB|BI|U|HG|BA;MIX;Coffee;MAIN;29|39|53
ECB4852E;1;TRFT;AS|SB|HG|TL|TE|AG|W|MO;CAR;Black Pine;MAIN;56|69|75|78
ECBB1C94;1;TRFT;AS|SB|HG|AG|TL|BA|MN|ZN;CAR;Santa Gertrudis;MAIN;24|27|28|29
ED1F0DF6;1;TGGT;N/A;ORO;Bissa Hill;MAIN;27|32
ED0E95F4;1;TORO;N/A;ORO;Ollachea;MAIN;56|57|62
ED3F1627;1;TUNK;AS|SB|HG;EPTL;Long Valley;MAIN;36|44
ED53DCA7;1;TORO;AS|SB;IRG;Livengood;MAIN;80|81|82|83|88
ED8AACF2;1;TORO;AS|SB;ORO;Kunche;MAIN;29|33|45
ED486301;1;TGGT;N/A;ORO;Madsen;MAIN;45|46|75
ED8D7B35;1;TRFT;AG|AS|SB|HG|TL|TE|NI|ZN|MO|W|CU;CAR;Goldstrike;MAIN;54|66|68|74|75|79
EDA02954;1;TGGT;N/A;ORO;Dome Property;MAIN;26|31
EDEE1E00;1;TRFT;AS|SB|HG;N/A;Main Gold Zone;MAIN;27|28|33|37
EE23AA66;1;TGGT;AS|AG|W;EPG;FAT deposit;MAIN;90|92|95|103
EE33A5A7;1;TORO;N/A;ORO;Rattling Brook Gold Deposit;MAIN;38|48
EE890F08;1;TBAC;ZN|CU|AG;ORO;Omega;MAIN;28|29
EE656A8A;1;TORO;N/A;ORO;Zone IV;MAIN;19|22
EE7FB3B4;1;TORO;AS|BI|W|CU|MO;ORO;Nalunaq;MAIN;64|77|78|82|83
EE89D592;1;TORO;AS;ORO;Sukari;MAIN;47|58|59|60
EF3C5D57;1;TGGT;N/A;ORO;Agbaou;MAIN;63|67
EF236ED0;1;TORO;N/A;ORO;Leprechaun;MAIN;36|42|43|44
EF4D26F4;1;TORO;AG|AS|SB|PB;IRG|ORO;Gold Crest zone;MAIN;23|29|36|37
EFA02577;1;TORO;N/A;ORO;Koné;MAIN;40|61
F04446A8;1;TGGT;N/A;ORO;TW Deposit;MAIN;31|37
F025A671;1;TBAC;AS|SB|HG;CAR;Santa Gertrudis;MAIN;26|35|37
F01EC15D;1;TGGT;N/A;ORO;Paddy's Flat;MAIN;79|82|84|99
F06AE8EB;1;TGGT;N/A;ORO;Goose Property;MAIN;36|46
F0467946;1;TGGT;N/A;ORO;Nkran;MAIN;65|68|85
F0E4420C;1;TORO;CU|AS|PB|ZN;ORO;Borborema;MAIN;71|86|87|89
F0D4E8AA;1;TGGT;AS|BI|W;ORO;Bell Creek;MAIN;36|37|45|50|51
F0F6AE0A;1;TORO;N/A;ORO;Nkran;MAIN;5|46|51|71
F1028D67;1;TORO;AS|W|SB;ORO;Macraes;MAIN;45|53|61|63
F0FFABE5;1;TARC;N/A;EPTL|PRY;Tuvatu;MAIN;42|43|49|51|52
F124F58C;1;TGGT;N/A;ORO;Bomboré Gold Project;MAIN;73|95
F147FDEE;1;TORO;N/A;ORO;Leprechaun gold deposit;MAIN;35|39|42|43
F13BC453;1;TGGT;N/A;ORO;Black Fox deposit;MAIN;50|61
F14D4193;1;TCRA;N/A;ORO;VG1;MAIN;17|19|23|27
F179040A;1;TORO;AS|BI|CO|CU|ZN;ORO;Quartz Zone;MAIN;42|53|77|78
F18DC39A;1;TGGT;N/A;ORO;Brookbank Deposit;MAIN;14|43|55
F1DCDB02;1;TGGT;CU;ORO;Mantis;MAIN;25|35|37
F2370A54;1;TORO;N/A;ORO;Pine Tree-Josephine;MAIN;58|70|76
F239538A;1;TORO;AS|BI|W|SN;IRG;Blackjack Zone;MAIN;25|33|34|35
F25494AE;1;TORO;AS|BI;ORO|IRG;Batman Deposit;MAIN;100|102|103|107
F26FE41D;1;TGGT;N/A;ORO;F2 gold system;MAIN;50|54|64
F2C945F2;1;TGGT;N/A;ORO;Doropo Project;MAIN;117|131
F2EB37B6;1;TORO;FE;ORO;Cape Spencer Gold Deposit;MAIN;45|54|56|60
F2EE6B65;1;TGGT;N/A;ORO;Buckreef Prospect;MAIN;38|39|42
F32EB5C6;1;TORO;N/A;ORO;Pine Tree-Josephine;MAIN;74|86|92
F33E9D09;1;TORO;N/A;ORO;Segilola;MAIN;23|26
F335DE39;1;TGGT;ZN|PB|AS|CU;ORO;Rowan Vein System;MAIN;42|48|56
F34730EA;1;TORO;AS|BI|W|TE|AG|PB|CU|SB;IRG;Drevniy;MAIN;23|27|43|44|48
F3A46575;1;TORO;N/A;ORO;Mustajärvi;MAIN;12|15|21
F36D9C7E;1;TRFT;AS|SB|TL|HG;CAR;Kinsley;MAIN;56|57|73|84
F38C3B41;1;TGGT;N/A;ORO;Island Gold Mine;MAIN;25|29
F3C856C9;1;TGGT;AG|W|MO|AS|BI|S|PB|SB;ORO;Yaoure Central;MAIN;58|76|78|79|91
F3D531C6;1;TRFT;AS|HG|SB|TL|W|MO;CAR;Long Canyon;MAIN;31|45|55
F3E65CCA;1;TARC;N/A;EPTL;Santa Pancha;MAIN;60|61
F3C34589;1;TGGT;N/A;ORO;Timmins West Mine;MAIN;50|72
F422A46A;1;TUNK;N/A;N/A;Rosa de Maio;MAIN;14|17|38|45|47
F40F1B12;1;TRFT;AS|SB|HG|BA|ZN|W;CAR|EPTL;Pan;MAIN;35|42
F4181C31;1;TORO;W|BI|TE;ORO|SKN|PRY;Björkdal;MAIN;55|62|65
F444C8A8;1;TBAC;PB|ZN|AS;PRY|ORO;Spring Valley;MAIN;39|50|53
F4692D75;1;TORO;W|SB|AS;IRG|EPTL;Yellow Pine Deposit;MAIN;26|32
F4740DAB;1;TORO;AS|SB;ORO;Fosterville;MAIN;30|43|44
F46A958C;1;TGGT;AG;ORO;Fako;MAIN;29|30|34|36|45
F4793E47;1;TGGT;N/A;ORO;Triangle Deposit;MAIN;68|79
F4AB20D7;1;TGGT;N/A;ORO;Triangle Zone;MAIN;100|125|129|130
F4E5D753;1;TORO;BI;ORO|IRG;Batman Deposit;MAIN;97|99|100
F4A1BCC5;1;TGGT;AG|AS|BI|FE|TE;ORO;Goose Project;MAIN;51|63|67
F4CA6FFF;1;TGGT;N/A;ORO;VG1;MAIN;21|23|27
F5728A60;1;TGGT;S|AS|SB;ORO;Clavos;MAIN;69|72|73
F4F0359F;1;TRFT;AS|SB|HG|TL|W|MO;CAR;Kinsley;MAIN;47|63|75|81
F5C91823;1;TGGT;NI|CU|CO;ORO;Pahtavaara;MAIN;25|26|27|29|30|32
F5FFF466;1;TRFT;AS|SB|HG|TL|W|MO;CAR;Long Canyon;MAIN;41|42|61
F643084B;1;TARC;PB;IRG;Serra Alta;MAIN;73|76|82|87|90|91
F6113CDC;1;TBAC;AS|SB|HG|AG|W;IRG|EPTL;ACMA-Lewis;MAIN;72|75|76|86
F6834415;1;TGGT;N/A;ORO;Bourkes Mine;MAIN;32|34|36
F6852DBB;1;TRFT;N/A;CAR;Goldstrike;MAIN;27|28|33
F6BA10B9;1;TORO;AS|SB|W|CU;ORO;Tankoro Deposit;MAIN;83|86|96|104
F6892A92;1;TORO;S|AS|SB;ORO|IRG;Sukari;MAIN;42|47|57
F704963B;1;TUNK;N/A;N/A;Namoya;MAIN;30|32|34
F70494FF;1;TORO;N/A;ORO;Kouroussa Project;MAIN;44|46|47
F6EF0F46;1;TGGT;N/A;ORO;Enchi Gold Project;MAIN;50|51|65
F70C7BCE;1;TGGT;N/A;ORO;LP Fault Zone;MAIN;21|36|39|45
F72342F1;1;TSED;AS|BI|W|SN;IRG;Clear Creek;MAIN;25|32|34|35
F748F22F;1;TGGT;N/A;ORO;True North;MAIN;42|49|52
F7D0929F;1;TORO;MO|PB;ORO;Golden Saddle;MAIN;41|56|59
F7B300C1;1;TGGT;N/A;ORO;Bombore Gold Project;MAIN;83|104
F7EED46F;1;TORO;PB;ORO;Dufferin;MAIN;34|35|36|39|40
F834F3A7;1;TGGT;N/A;ORO;Croinor;MAIN;36|39
F7F7E8B5;1;TGGT;N/A;ORO;La Cruz;MAIN;17|18|19|22
F7F70B97;1;TGGT;N/A;ORO;Detour Lake deposit;MAIN;43|52
F8490AA6;1;TORO;N/A;ORO|BXH;Kunche;MAIN;31|32|35
F85E04D8;1;TGGT;N/A;ORO;Taparko;MAIN;36|51
F8DD52B0;1;TGGT;N/A;ORO;Garrcon Deposit;MAIN;30|36|37|39
F8A00485;1;TGGT;N/A;ORO;Beaufor Mine;MAIN;64|78|79
F8CD6B47;1;TORO;AS|HG|TL|S|SB;CAR;Bigar Hill;MAIN;32|46|48|54|56
F8674A45;1;TGGT;N/A;ORO;Kubi Main;MAIN;34|40
F97EA634;1;TORO;N/A;ORO;São Vicente;MAIN;27|32
F96369C3;1;TORO;N/A;ORO;Yellowjacket Zone;MAIN;26|39|41
F97E7872;1;TGGT;ZN|PB|AS|CU;ORO;Rowan Vein System;MAIN;36|38|41
F9B31B77;1;TRFT;AS|SB|HG|TL|W|MO;CAR;Kinsley;MAIN;47|63|75|81
F9D31E37;1;TUNK;N/A;N/A;Duquesne-Ottoman Zones;MAIN;26|28
F9C49D3C;1;TORO;BI|AG|AS|S|CU;ORO|IRG;Preview SW;MAIN;27|33|34
F9F9BCE1;1;TORO;N/A;ORO;Assafou;MAIN;167|168
FA48F5DE;1;TGGT;N/A;ORO;Garrison Project;MAIN;95
FA1D6159;1;TGGT;N/A;ORO;Pilar Ore Body;MAIN;60|62|66
FA4F3CBF;1;TORO;AS|SB;ORO;Bonanza Ledge Zone;MAIN;36|38|42|49
FB130253;1;TGGT;CU|ZN|AS|MO|CR;ORO;Mckinnon Gold Deposit;MAIN;26|30|31
FAAD172E;1;TGGT;N/A;IRG;Zone 1;MAIN;28|34|35
FB3022CA;1;TORO;N/A;IRG;Mwendamboko;MAIN;21|23|25|31
FB4E10A8;1;TORO;N/A;ORO;Sewum;MAIN;60|61|65
FB6D6179;1;TORO;BI|SB|CD|AG|TE|AS;ORO;South Woods Lake Zone;MAIN;32|39|40
FB78EEA9;1;TGGT;N/A;ORO;Rosebel Deposits;MAIN;45|59
FBC06772;1;TGGT;N/A;ORO;Nkran;MAIN;148|187|188
FB790C6D;1;TGGT;AS|AG;ORO;Duparquet deposit;MAIN;56|57|64|70
FBB8F3E2;1;TORO;N/A;ORO;Kairuni;MAIN;45|52|66
FBCF1A68;1;TGGT;AS;IRG;Vickers Target;MAIN;23|25|26|30
FBE703A4;1;TGGT;N/A;ORO;Parbec;MAIN;11|16
FC25554A;1;TORO;N/A;ORO;Nangodi;MAIN;45|52|53
FBCDB331;1;TRFT;HG|MO;EPTL;Main Zone;MAIN;41|42|48|55
FC2893E4;1;TGGT;S|AS|SB;ORO;Clavos deposit;MAIN;33|40|43|45
FC5C1B92;1;TGGT;PB|AG|NI|HG|MO|TE;ORO;South Mine Complex (SMC);MAIN;21|22|25|26|27
FC7B752C;1;TRFT;N/A;EPTL;Florida Canyon Mine;MAIN;41|46
FC8F1865;1;TGGT;AS;ORO;Bibiani;MAIN;43|44|45|49|51|57
FCEDB360;1;TGGT;N/A;ORO;Fekola;MAIN;87|123
FD1806A2;1;TGGT;AS;ORO;EMZ deposit;MAIN;51|60|73|76
FD14CA74;1;TRFT;AG|AS|HG|SB;EPTL;Mexican Hat;MAIN;55|62|63|67
FD06011C;1;TORO;N/A;ORO;Massawa;MAIN;18|26
FD30C9AE;1;TORO;N/A;ORO;Touquoy;MAIN;113|121|132|133
FD27493E;1;TGGT;N/A;ORO;South West deposit;MAIN;35|63
FD27919B;1;TORO;AS|SB;ORO;Plutonic Gold Mine;MAIN;45|50|55|59
FD65A15C;1;TARC;N/A;EPTL|PRY;Tuvatu;MAIN;25|26|30|31|32
FD7FE0FA;1;TGGT;N/A;ORO;Sabodala Deposit;MAIN;184
FE2C2EB3;1;TGGT;N/A;ORO;Golden Extension Showing;MAIN;11|16
FD86E7DB;1;TGGT;AS|SB;ORO;MacLellan;MAIN;84|93|100|101
FD952206;1;TORO;AS|SB|HG|AG|CD|ZN|PB;EPTL|ORO|IRG;Golden Ridge;MAIN;25|31|33
FDBFC22D;1;TORO;N/A;ORO;Cosmo;MAIN;60|64|71|72
FE3C33ED;1;TGGT;N/A;ORO;Wassa;MAIN;42|45|61|63
FE544976;1;TORO;AS|AG|CO|NI|MO|W|BI|TE|SB;IOC|IRG;Rusty Zone;MAIN;68|73|84|85
FE655C5A;1;TGGT;AS;ORO;Sugar Zone;MAIN;72|77|79
FE41E283;1;TGGT;N/A;IRG|ORO;Jubilee Deposit;MAIN;106|135
FE6EF162;1;TORO;AS;ORO;Coleman Zone;MAIN;31|32|33|35|43|47|49|54|59
FE77C988;1;TGGT;N/A;IRG;Fenn-Gib Deposit;MAIN;61|74
FEBB4E99;1;N/A;N/A;EPTL;Mesquite;MAIN;41|42
FEC127DD;1;TGGT;N/A;ORO;Noomut Property;MAIN;22|26
FEFBD7AD;1;TGGT;N/A;ORO;West Branch;MAIN;37|56
FF0E3756;1;TGGT;AS|CO;ORO;Matheson Gold Corridors;MAIN;33|46|47|54|55
FF3D4B92;1;TGGT;AG|CU|ZN;ORO;Duvay Zone Principal;MAIN;30|36|39
FF7D2FB0;1;TORO;N/A;ORO;Pine Cove Mine;MAIN;50|55|75
FFF0B9E7;1;TGGT;N/A;ORO;Galaxy Ore Body;MAIN;49|55
FF95A43D;1;TORO;N/A;ORO;Leprechaun Gold deposit;MAIN;36|37|51
01321B03;1;TORO;N/A;ORO;Galena Mine;MAIN;33|37
00DAFCDF;1;TPAB;N/A;EPTL;Santa Rosa;MAIN;34|35|48|49
001E2D7D;1;N/A;AS|BA;MAN;Prince Mine;MAIN;23
00A1A571;1;TARC;AG|AS|SB;EPTL|EPTI;San Sebastian Vein system;MAIN;33|51|55
0270F3E6;1;TORO;N/A;ORO|EPTL;Bellekeno;MAIN;4|5|28|33|36
02D3DA57;1;TORO;AG|CU|MO|PB|ZN|BI|AS;EPTL|EPTI;Cabin Lake;MAIN;23|28|29|31|39
019F2339;1;TUNK;PB|ZN|CU|SB;EPTI|BXH;La Frazada and La Jabalina Veins;MAIN;87|93|96|97
031AFC14;1;TARC;MO|BI|W;EPTI|EPTL|MAN|SKN;Pino de Plata;MAIN;18|28|30|31
03594534;1;TUNK;PB|ZN|AG;N/A;Tulameen Mountain Property;MAIN;6|7
03DFF220;1;TARC;N/A;EPTH;Tollojchi;MAIN;67|72|74|77|78
03F2649D;1;TARC;N/A;EPTI;Martha;MAIN;22|23|36
03E07518;1;TARC;ZN|PB|AG|BA;MAN|SKN;El Milagro;MAIN;41|42
046BD206;1;TORO;PB|ZN|AS|CU|SB;N/A;Main Zone;MAIN;22|27|33
05401CDC;1;TARC;AG|PB|ZN|AS;ORO|IRG;Guia Antigua;MAIN;34|43|47
05795C80;1;TARC;AG|SB|HG|AS;EPTL;Pallancata Vein;MAIN;30|33|39
056AE52A;1;TARC;AS|PB|ZN|BA|MN;BXH|PRY;Promontorio;MAIN;33|34|38|40|43|47|50
05C21063;1;TSED;AG|AS|MN|ZN|BA;MAN;Sierra Mojada;MAIN;43|45|46|67|73|74|82
0605E838;1;TARC;SB|AS|MO;EPTI|EPTL|BXH;Esquilache;MAIN;36|44|50|51
06CFC817;1;TCRA;N/A;FEL;Kerr Property;MAIN;19|21|22
06A5797B;1;TARC;N/A;EPTL;Claudia Project;MAIN;36|45
06BA8F25;1;TARC;N/A;EPTI;La Guitarra;MAIN;68|75|79
06D8AEF3;1;TARC;N/A;EPTL;Guanajuato Mine;MAIN;41|66
09D7EE3E;1;TRFT;N/A;MAN|SKN|IRG|CAR;Silver King;MAIN;39|41|46
07B2F0E3;1;TORO;N/A;N/A;Ober-Zeiring;MAIN;43|44|51|54|89|91
09F03D47;1;TBAC;N/A;BXH|IRG;Chinchillas;MAIN;29|49|50
0A03757D;1;TARC;N/A;EPTL;Copala;MAIN;62|79|83|84
0C21BC8A;1;TARC;CU|PB;EPTL|MAN;Kate Silver Resource;MAIN;28|29|30|32|33|34
0A28D8FC;1;TORO;AS|SB|HG;SKN|MAN;Cerro Las Minitas;MAIN;26|36|37|42
0AB7494C;1;TARC;N/A;VMS|EPTL;Dolly Varden Project;MAIN;39|49|52|58
0C8B3E74;1;TUNK;N/A;EPTL|MAN;Kate Silver Resource (KSR);MAIN;28|33|34
0C2C7E71;1;TUNK;AS|PB|ZN;EPG;San Javier;MAIN;16|19|24
0CA176D1;1;TARC;AG|CU|PB|ZN|AS|SB|HG;EPTL|EPTI|BXH|PRY;Avino Vein;MAIN;75|76|79|91|94
0E160D96;1;TARC;N/A;EPTL|EPTH;Cusi Vein System;MAIN;35|39|48
0E5401CF;1;TARC;N/A;EPTL;El Tigre;MAIN;81|101
0ED0622C;1;TRFT;N/A;EPTL|CAR;Maverick Springs;MAIN;33|37
0E6CC902;1;TORO;N/A;EPG;Zgounder;MAIN;59|61|67|74
0F479B3A;1;TUNK;N/A;EPTL;Corani Project Resource;MAIN;67|68
0F331AAE;1;TARC;N/A;EPTL;El Tajo;MAIN;19|25|26|33
1028ABF3;1;TORO;AG|PB|ZN;SKN|MAN;Cerro Las Minitas;MAIN;31|42|43|48|49
0FF17669;1;TARC;N/A;EPTL;Caylloma Mine;MAIN;46|58
110EE561;1;TORO;AG|ZN|PB;MAN;Silverknife;MAIN;29|32|34|36|37
11793906;1;TORO;PB|ZN|AG|SB|MN|AS|CU;MAN;Waterpump Creek;MAIN;65|67|80|102|104|105|106|107
11D8614E;1;TORO;N/A;EPTL;Mangazeisky North;MAIN;44|62|63
109879D1;1;TARC;N/A;EPTL;El Cubo;MAIN;52|61|63
120440D7;1;TORO;N/A;EPTL;Vertikalny;MAIN;82|100|101
1282E4F3;1;TORO;N/A;EPG;Zgounder;MAIN;70|75|76
132F6092;1;TARC;N/A;EPTL|EPTH;Cusi;MAIN;35|38
1260DD24;1;TORO;AG|PB|ZN|AS|CU|MN;MAN;Cinco de Mayo;MAIN;19|25|27|29|32
13D157B4;1;TORO;N/A;SKN|MAN;Bilbao;MAIN;40|41|42|36
13C217FA;1;TRFT;N/A;BXH;Washington Silver;MAIN;13|14|15|17
153B0FD8;1;TARC;N/A;EPTL;Guanajuato Mine;MAIN;44|47|70
144D6953;1;TARC;N/A;ORO|MAN|SKN;Morococha Mine;MAIN;29|30|32
157322E0;1;TARC;N/A;BXH;La Frazada Vein;MAIN;31|37|38
15754DC4;1;TARC;N/A;SKN|MAN;Yauricocha;MAIN;59|66|67
15C63AB6;1;TORO;BA|MN|CU;BXH|MAN;Princesa;MAIN;15|25|26|28|33
15D76947;1;TARC;AS|MO;EPTI|EPTL|BXH|PRY;San Marcial;MAIN;48|49|72|80|82
16B61D86;1;TORO;N/A;EPTI;Zone I;MAIN;21|28
16CC9925;1;TARC;N/A;SKN|VMS;San Rafael;MAIN;40|43|46
17672025;1;TARC;N/A;EPTH;Oculto;MAIN;41|49|50|56
182A0272;1;TARC;AS|AG|CU|PB|MO|ZN|SB;MIX;Silver Queen Deposit;MAIN;33|44|45|46
17DE001A;1;TARC;AG|MO|ZN|CU|PB|HG|SB|AS|SE|BA;EPTL;Cerro Bayo District;MAIN;44|52|55|58
185D7FE9;1;TARC;AS|SB;EPTL|EPTI;Margarita;MAIN;24|37
18A2027C;1;TORO;N/A;MAN|SKN|BXH;La Encantada;MAIN;45|46|51|58
18D6D1CC;1;TORO;N/A;MAN|SKN;Hardshell;MAIN;29|30|31|42
18E4B5BD;1;TORO;N/A;EPG;Zgounder;MAIN;75|81|82
195BFEF8;1;TARC;AG|AS|SB;EPTI;La Cigarra;MAIN;38|52|54
19724E16;1;TARC;N/A;EPTL;Las Bolas Structure;MAIN;29|36
1A976CD9;1;TARC;N/A;EPTI;Silveria;MAIN;25|29
1AFFD8D7;1;TARC;AG|PB|ZN;EPTL|EPTI;Cusi;MAIN;68|77|80
1B0CE8FB;1;TARC;N/A;EPTL|EPTI;La Preciosa;MAIN;40|49
1B475F9E;1;TARC;N/A;EPTL|EPTI;La Preciosa;MAIN;42|52|55
1B7A92AF;1;TORO;N/A;N/A;Bermingham;MAIN;28|73|79|91
1B91159D;1;TARC;N/A;EPTL|EPTI;Panuco Vein System;MAIN;17|21|22
1C09C399;1;TORO;PB|ZN|AG|AS;MAN;Upper Manto deposit;MAIN;27|32|34|38
1D66CAA0;1;TUNK;N/A;PLC;Pedernalillo;MAIN;29|31
1C402986;1;TBAC;N/A;BXH;Chinchillas;MAIN;30|50|51
1CAF3C71;1;TARC;N/A;EPTL|EPTI;Guitarra;MAIN;42|43|52|60
1E379AB8;1;TARC;N/A;N/A;Dankoe Property;MAIN;16|17|20|21
1DBA200E;1;TARC;N/A;EPTL;San Ignacio;MAIN;58|67|68
1E7D5BF4;1;TARC;N/A;EPTL|EPTH;Cusi;MAIN;33|37|39
1EAA85D5;1;TSED;N/A;MAN;Sierra Mojada;MAIN;38|39|40|41|45
1EC25303;1;TSED;N/A;MAN;Sierra Mojada;MAIN;29|30|35|36
1EB7DB8A;1;TORO;F|ZN|PB;SDX|MAN;Silvertip;MAIN;27|37|40|41
1EC34635;1;TORO;PB|ZN;MAN;Shafter deposit;MAIN;53|59|61|63
1F54D35B;1;TORO;N/A;ORO;Magdalena;MAIN;34|41|51
20068DFD;1;TARC;N/A;N/A;Margarita;MAIN;28|35
1FC287A7;1;TARC;N/A;EPTL|VMS;Milagros;MAIN;27|31|93|94|113
1FE272B7;1;TORO;N/A;MAN;Potosi Mine;MAIN;29|44
22F42F4C;1;TORO;N/A;MAN;Shafter deposit;MAIN;21|24|26
2135519C;1;TARC;CU|PB|AS;N/A;Kisgegas Property;MAIN;11|13|21|22
2302A68F;1;TARC;N/A;EPTL;Guanajuato Mine;MAIN;42|45|67
22DDFDDF;1;TBAC;N/A;BXH;Chinchillas;MAIN;65
2385F77C;1;TARC;N/A;EPTL|EPTI;San José;MAIN;41
24134C1F;1;TARC;N/A;EPTI|EPTL;Santas Gloria;MAIN;26|32|36|41|42|44
243200CD;1;TARC;N/A;VMS;Capire;MAIN;22|27|29
23CFCB82;1;TARC;N/A;SKN|MAN;Velardeña Mines;MAIN;46|56
2443BAA1;1;TARC;N/A;EPTL|EPTI;Namiquipa Mine;MAIN;27|30
245BB4C2;1;TORO;N/A;EPTL;Nizhny Endybal;MAIN;47|64
250EFC2A;1;N/A;AG|CU;N/A;Main Silver King Vein;MAIN;18|22
255F2CFA;1;TARC;N/A;EPTI|BXH;Silver Sand;MAIN;31|32|33|39|45
288CA85E;1;TARC;N/A;EPTI;Finlandia vein system;MAIN;33|37
29072287;1;TRFT;AS|CU|MO|HG|TL|SB;EPTL;Silver Reef;MAIN;17|26|31
288D2C3D;1;TRFT;AS|SB|PB|HG;EPTL;Queen Structure;MAIN;47|49|57|61|63|66
2957E15D;1;TBAC;N/A;EPTI;Martha;MAIN;19|29
2928503D;1;TRFT;N/A;EPTL;Waterloo;MAIN;90|107|110|112
299A33E1;1;TARC;N/A;EPTL|EPTI;Pulacayo;MAIN;52|54|61
29C562B1;1;TARC;AG;EPTL;El Cubo;MAIN;44|53|54|55
2A5B7D32;1;TORO;AS|SB;ORO;Escondida;MAIN;14|16|28|32
2A816F9A;1;TORO;AG|PB|ZN|SN;N/A;Vertikalny;MAIN;63|71|79
2AE97DC0;1;TARC;N/A;EPTL;Veta Grande Vein System;MAIN;39|41|57|58
2C99F92A;1;TORO;AS;SKN|MAN|BXH;Cerro Las Minitas;MAIN;40|42|43|51|52
2D1193C8;1;TGGT;N/A;VMS;Abcourt-Barvue;MAIN;20|26
2CCA379B;1;TARC;PB|ZN|AG|CU|AS|BI|MO;EPTL;Catarina;MAIN;38|51|62|69
2CA4F9B9;1;TARC;N/A;EPTL;El Horcon;MAIN;15|18|23
2D284444;1;TARC;N/A;EPTI|MAN|SKN|BXH|PRY;La Colorada;MAIN;19|20|21|22
2DCA987B;1;TORO;N/A;MAN|EPTL;Hardshell;MAIN;34|36|42
2DE24955;1;TORO;N/A;PRY;Rainbow Block;MAIN;36|37|40|45
2DECC0A8;1;TRFT;AG|CU|PB|ZN|SE|TE|AS|BA|BI|SB|W|HG|MO;EPTL|MAN;Redline Minerals Property Group;MAIN;80|83|111|143|144|152
2E6FB28A;1;TORO;N/A;ORO|EPTL|MAN;Carolay Vein;MAIN;24|26
2E8E7490;1;TARC;AG|AS|SB|PB|ZN;EPTI;Pitarrilla;MAIN;68|87|88|91
2F3A6A54;1;TARC;N/A;EPTL;Clemens-El Muerto;MAIN;20|22|26
2F159771;1;TARC;N/A;EPTL;Lolon Vein;MAIN;11|33|41|42
2FF65738;1;TRFT;N/A;EPTI|EPTL;Evolución Project;MAIN;34|36|41|42|43|44
2F9972B3;1;TARC;N/A;EPTH;Santa Edwiges;MAIN;28|31
301B741C;1;TARC;N/A;N/A;San Vicente;MAIN;21|22|23
3099569D;1;N/A;N/A;EPTL;Santa Ana;MAIN;18
3020BCFC;1;TCRA;AG|CU|NI|CR;FEL;Castle;MAIN;44|55|58|60|61
30C5156C;1;TORO;HG;MAN|SKN;Platosa;MAIN;25|40|42|43
312BC69D;1;TARC;AG|CU|ZN|PB|AS|SB|HG|SE|MO|CD|CO;EPTL;Bayhorse Mine;MAIN;19|23|33|37
30DD47D8;1;TORO;N/A;IRG;Plata Vein System;MAIN;18|23|24
313796B0;1;TARC;AS|SB;EPTI|PRY;Salvador-Sambalay Area;MAIN;31|34|44|49|63
3172FA35;1;TORO;N/A;ORO;Treasure Mountain;MAIN;21|25
34BA8EB5;1;TORO;N/A;N/A;Veta Madre;MAIN;47|52|53|54|57|63
3475BDFD;1;TUNK;N/A;EPTL|SKN;San Diego;MAIN;44
32DB68AF;1;TORO;SN|W|AS|BI|PB|AG|ZN|SB|CU;PRY|BXH;Iska Iska;MAIN;31|32|34|37|38
34CF4581;1;TARC;N/A;EPTL;Topia Vein System;MAIN;55|59
34F323DB;1;TARC;N/A;EPTL;San Acacio;MAIN;38|52
36606EFA;1;TBAC;K|BA;EPG;San Andrés;MAIN;13|21|22
36CC9994;1;TRFT;N/A;PRY|BXH|SKN|MAN;Cordero;MAIN;40|49|50|51
36D4C92B;1;TARC;N/A;EPTL;Cachinal;MAIN;33|37|42
37617794;1;TARC;PB|ZN|AG;N/A;Wonderful vein system;MAIN;16|26|27
388C3C44;1;N/A;N/A;BXH;Dios Padre;MAIN;13|16
384ECF54;1;TORO;N/A;ORO;Ying Vein System;MAIN;51|53|66
38925A06;1;TARC;N/A;EPTL;San Ignacio;MAIN;23|26
389E582B;1;TARC;AG|CU|PB|ZN;VMS|EPTH;DVT Exhalite Horizon;MAIN;24|34|46|50|54
3959A3FF;1;TARC;N/A;EPTI|MAN|PRY|SKN|BXH;Cuencame Concessions;MAIN;16|18|19|20
3ACF6E1B;1;TORO;N/A;N/A;Galena Mine;MAIN;30|37
3B57C7E0;1;TARC;N/A;EPTL|EPTI;San José vein;MAIN;27|28
3C1BDBE1;1;TRFT;N/A;EPTI;Miguel Auza;MAIN;40|41|48
3AF14E20;1;TUNK;HG|AG|ZN|PB|CU;MAN|SKN;Platosa;MAIN;32|41|46|48
3C805E8B;1;TARC;N/A;EPTI;Martha;MAIN;23|24|27|35
3DB4603B;1;TORO;AG|AS|BI|CD|CO|CU|MN|PB|ZN;SKN;Caledonia;MAIN;37|39|42|44|45
3CC20B2D;1;TORO;N/A;EPTL;Nizhny Endybal;MAIN;74|91
3D025485;1;TORO;AS|SB;IRG;Arthurs Seat;MAIN;23|30|31|32
3E71680C;1;TORO;N/A;N/A;Flame & Moth;MAIN;27|34
3DE238EC;1;TORO;AG|AS|SB|HG|PB|ZN;SKN|MAN;Cerro Las Minitas;MAIN;23|33|34|39|40
3E19CE93;1;TARC;HG|SB|AS|SE|BA;EPTL;Cerro Bayo;MAIN;17|22|24|27
3F15923D;1;TORO;N/A;EPG;Zgounder;MAIN;61|68
3F3F8FB8;1;TRFT;N/A;EPTL;Valdecañas vein system;MAIN;39|41|43|45
3FB35B92;1;TORO;N/A;ORO;Galena mine complex;MAIN;28|29|32
407170A7;1;TUNK;AG|PB|ZN;ORO;Treasure Mountain;MAIN;20|24|29
3F5BC8C7;1;TARC;AG|PB|ZN;EPTL;San Marcial Vein;MAIN;38|42|44
3FEF94CF;1;TRFT;CO|CU|AG|AS|NI|PB;FEL;Hector Property;MAIN;35|42|51
4098286B;1;TORO;N/A;N/A;Treasure Mountain;MAIN;19|20|22
426B7D5E;1;TARC;N/A;EPTL|EPTI;Corani;MAIN;65|66|75
42A849D3;1;TARC;N/A;EPTI;Tangana Sector;MAIN;49|51|59|65|70
40D526D1;1;TARC;N/A;EPTL;Trinidad Deposit;MAIN;45|66|67
437AC06E;1;TORO;AG|SB|AS|MN|CD|W|ZN|CU|HG|MO|PB;ORO|EPTL;Santa Ana Project;MAIN;49|50|54|56|57|59
431A790D;1;TRFT;AS|SB|PB|HG;EPTL;Mogollon District Veins;MAIN;64|67|76|80|82
43909512;1;TARC;N/A;EPTL|EPTI;San José;MAIN;22|23
431186BA;1;TARC;N/A;MAN|SKN|BXH;Yauricocha Mine;MAIN;46|54|72|73|78
43BF37D3;1;TORO;N/A;N/A;Bermingham;MAIN;28|35|37
441BB576;1;TARC;N/A;SKN|MAN|BXH|PRY|EPTI;La Colorada skarn deposit;MAIN;39|40|50
43E7C21F;1;TARC;N/A;EPTI;Pirquitas;MAIN;53|54|68
458B4AB9;1;TORO;N/A;ORO;XHP;MAIN;40|41|56
459D1214;1;TARC;N/A;EPTL|EPTI|BXH|PRY;Avino Vein;MAIN;24|60|64|76
45A8DF79;1;TORO;N/A;N/A;SGX Area;MAIN;16|18
45BD3392;1;TORO;N/A;ORO;BTG Property Veins;MAIN;21|22|26
4676EFB9;1;TARC;N/A;EPTL;Cinco Minas;MAIN;40|47
45E9C93A;1;TARC;N/A;EPTI|BXH|MAN;Cerro Hermoso;MAIN;31|35|44|47|48|50
4736BA91;1;TORO;N/A;ORO;SGX;MAIN;52|54|68
48939B79;1;TORO;SB|AS|CU|PB|ZN;EPTI;Silver Sand;MAIN;20|27|31
4A8AD175;1;TORO;N/A;SKN;La Negra;MAIN;16|20
4B44DC34;1;TARC;N/A;EPTI|SKN|MAN;La Colorada;MAIN;18|21
4B50AB72;1;TARC;N/A;EPTI|EPTL|ORO;Tangana;MAIN;58|64|70|74
4D098F54;1;N/A;N/A;ORO|MAN|SKN;Morococha Veins and Mantos;MAIN;38|39
4D14C7BF;1;TRFT;AS|HG|SB;EPTL|EPTI;Pingüino;MAIN;26|33|34|35|37
4D9EBDEF;1;TORO;N/A;TLG;Elsa Tailings;MAIN;5|29|34
4D81389E;1;TARC;N/A;EPTL|EPTI|PRY;Avino Vein;MAIN;61|62|65|76
4DC04EA8;1;TARC;N/A;PLC;San Bartolomé;MAIN;42|43|45|54
4DC56A82;1;TSED;N/A;MAN;Shallow Silver Zone;MAIN;31|32|37|38
4DED7A68;1;TORO;N/A;N/A;Bellekeno;MAIN;46|51|52|53
4DDC8DC4;1;TRFT;N/A;EPTL;Rochester;MAIN;56|57|67
4DF7115C;1;TARC;N/A;EPTI;Quiruvilca;MAIN;34|36|37|38
4E29AE2A;1;TRFT;AG|AS|BA|CU|MN|MO|PB|ZN;EPTI|EPTL|BXH;Cerro Cubilete-Cerro de la Mina;MAIN;17|29|34|70|75
4EE12A65;1;TTRN;MN;EPTL;Nivloc;MAIN;44|45|54|55
4F013677;1;TORO;PB|ZN;MAN;Shafter deposit;MAIN;47|58|59
50348641;1;TTRN;AS|ZN|PB|CU;EPTI;Tonopah Vein System;MAIN;29|30|36|37|43
50537971;1;TCRA;N/A;FEL;Castle No. 3;MAIN;32|40|42|44
50B20583;1;TTRN;N/A;EPTL;Tonopah Camp;MAIN;30|38
508A7C06;1;TBAC;ZN|PB;EPTL|EPTI;Columba;MAIN;28|32|36
50ED3629;1;TARC;W;PRY|BXH|EPTI;Yecora;MAIN;23|29|34|35|36
508857FD;1;TARC;N/A;EPTI|BXH|MAN;Chinchillas;MAIN;37|53|54
51B64878;1;TARC;N/A;EPTL;Lolón Vein;MAIN;33|34|39
51F9CC3A;1;TARC;N/A;EPTL;Veta Madre;MAIN;48|50|67
50FC937D;1;TARC;AG|CU|PB|ZN|MO;MAN;Madre Sierra;MAIN;40|42|48|61
511369AA;1;TARC;MN|CU|PB|ZN;MAN|SKN;Bilbao;MAIN;29|35|41|43
52CC700F;1;TUNK;AG|AS|MN|ZN|BA;MAN|SKN;Sierra Mojada;MAIN;86
52A18DBD;1;TARC;N/A;EPTL;Veta Madre;MAIN;36|38|42
526C65BD;1;TARC;N/A;N/A;Candelaria;MAIN;40|43|50
53CA862B;1;TARC;AG|CU|PB|ZN;EPTI;Silver Crown 6;MAIN;10|11|12|14
53505AEF;1;TBAC;N/A;EPTL;San José;MAIN;39|40|43|50|52
54216D3E;1;TARC;N/A;EPTH;Oculto;MAIN;39|49|51|57
54471F95;1;TORO;N/A;N/A;SGX;MAIN;25|27|29|33
54A7F99C;1;TORO;N/A;N/A;Onek;MAIN;24|28|30
544CC1BC;1;TPAB;N/A;SSC|MAN;La Providencia;MAIN;41|47|59
54A9B2B4;1;TORO;N/A;N/A;Lucky Queen;MAIN;23|27|29
54BDF594;1;TARC;N/A;EPTL;Los Ricos South;MAIN;91|102
54D1D272;1;TUNK;N/A;ORO|EPTI;Rosario Veins;MAIN;34|37|42
54D4910E;1;TORO;N/A;ORO;Galena Complex;MAIN;43
554286FF;1;TARC;N/A;EPTI|PRY|EPTL;Main Pit Zone;MAIN;23|29|30
55D5A0B4;1;TUNK;N/A;EPTL|EPTI;Parral Tailings;MAIN;36
55B2C8D7;1;TARC;AS|SB;EPTL|EPTI|MAN;Alamos Project;MAIN;50|52|62|63|75|76
55F51666;1;TORO;N/A;N/A;Galena Mine;MAIN;30|37
55F0D648;1;TBAC;N/A;BXH;Chinchillas;MAIN;37|55|56
564952D6;1;TRFT;N/A;SKN;San Felipe;MAIN;32|37
575F47F3;1;TARC;N/A;EPTI|BXH;Palmarejo;MAIN;45|46|61
57885F08;1;TORO;N/A;N/A;Flame & Moth;MAIN;29|36
57D0F0DB;1;TORO;N/A;ORO;SGX;MAIN;35|37|43|53
57E80CB7;1;TORO;N/A;EPTL;Nizhny Endybal;MAIN;47|66
57BC916D;1;TBAC;N/A;BXH;Chinchillas;MAIN;32|33|35|51|52
581AE3F0;1;TARC;N/A;EPTL;Valdecañas;MAIN;24|33|34
588C34E9;1;TARC;N/A;SKN|MAN|BXH;Nuestra Señora;MAIN;55|61|67
5898E011;1;TARC;N/A;EPTH|PRY;Oculto;MAIN;60|65|72|73|78
588FE3AD;1;TUNK;N/A;EPTI|BXH;Rochester;MAIN;54|59|62
58C4DD83;1;TARC;N/A;EPTL;Caylloma Vein System;MAIN;37|48
590631F1;1;TORO;N/A;ORO;SGX;MAIN;22|24
59A26FE9;1;TARC;N/A;EPTI;Santa Ana;MAIN;29
59C7704D;1;TSED;PB;SSC;Montanore;MAIN;58|66|69|76
5AB22A95;1;TARC;N/A;EPTL;Topia Mine;MAIN;30|37
5B078456;1;TARC;N/A;N/A;Huaron;MAIN;21|22|25
5AB31092;1;TRFT;AS|SB|ZN;EPTI;Loma de La Plata;MAIN;34|38|45|62
5B5CC1DC;1;TORO;AG|PB|ZN;ORO;GC deposit;MAIN;48|59|60
5B6A64CE;1;TARC;N/A;EPTL|BXH;Dios Padre breccia zone;MAIN;38|46
5BA3C63D;1;TORO;N/A;N/A;Black Bear;MAIN;17|23
5B8CF6D0;1;TARC;N/A;EPTI;Miguel Auza;MAIN;29|30|36
5C82C1B7;1;TTRN;N/A;EPTI;Tonopah Vein System;MAIN;40|41|48|49
5CCFD9DF;1;TORO;F;MAN;Silvertip;MAIN;36|37|45|47|48
5CB1D360;1;TORO;N/A;ORO;SGX;MAIN;60|76
5CE31C81;1;TGGT;N/A;VMS;Abcourt-Barvue;MAIN;20|26
5CEF4D2C;1;TBAC;N/A;EPTL;Huevos Verdes;MAIN;37|38|48|50
5DCAB176;1;TARC;N/A;EPTL;Kate Deposit;MAIN;30|35
5D6C5834;1;TORO;AS|BI|SB|AG|PB|ZN|BA|SN|CD;IRG;INCA;MAIN;26|27|31|32|33
5DFED308;1;TARC;N/A;EPTL;Boleras;MAIN;32|37
5E004A8D;1;TRFT;N/A;EPTL;Taylor Silver Deposit;MAIN;19|20|26
5DFF4A6C;1;TSED;HG|AG|ZN|PB|CU;MAN|SKN;Platosa;MAIN;29|38|44|45|46
5E139FC6;1;TARC;ZN|PB|CU|AS|SB;EPTL|EPTI;El Gallo;MAIN;52|60|62
5E811606;1;TARC;N/A;SKN;Yauricocha;MAIN;54|61|63
5F20F717;1;TARC;N/A;EPTL|EPTI;San José;MAIN;14
5F44E547;1;TRFT;AS|ZN|PB|CU;EPTI;Tonopah District Veins;MAIN;35|36|42|43|44|50
5F29A178;1;TARC;N/A;EPTL;Veta Madre;MAIN;21|32
5FA24C09;1;TARC;N/A;EPTL;El Capitan;MAIN;19|20|22|23
5FE34BA8;1;TORO;AG|PB|SB|AS|CU|ZN;N/A;Silver Strand Mine;MAIN;32|39|41|45|46|47
5F4D6005;1;TARC;N/A;EPTL|BXH;Trinidad deposit;MAIN;46|51|67|68
5FE4E88C;1;TARC;N/A;EPTL|EPTI;Cusi;MAIN;36|42
6088827B;1;TARC;N/A;EPTL|EPTI|ORO;Tangana 1 vein;MAIN;48|55|63|69|70
5FF16F51;1;TBAC;N/A;EPTL;Huevos Verdes;MAIN;36|37|40|46|47|48
5FF35E27;1;TARC;N/A;EPTL;Boleras;MAIN;32|37
609F4840;1;TARC;N/A;EPTI;Cerro Los Gatos;MAIN;61|62|71
611C00CE;1;TARC;N/A;EPTI|EPTL;Judith Property;MAIN;18|21
60C19677;1;TTRN;AS|ZN|PB|CU;EPTI;Tonopah District Veins;MAIN;38|46|47|53
61CC4A16;1;TARC;N/A;EPTL;Veta Madre;MAIN;19|25
60C1B2DF;1;TORO;CU|PB|ZN|SB|AG|MO|NI|CO|BA;N/A;Silver Dollar Property;MAIN;37|46|53|54
62526412;1;TARC;N/A;EPTI;Virginius Vein;MAIN;42|57
62B43023;1;TARC;ZN|PB|CU|AS|SB;EPTL|EPTI;El Gallo;MAIN;52|61|64
63879AFE;1;TRFT;AG|PB;EPTL;Namiquipa;MAIN;26|28|34|35|36
63A7FC59;1;TRFT;N/A;EPTL|BXH;La Morocha;MAIN;18|20
64624C9D;1;TARC;N/A;EPTL;Pulacayo;MAIN;51|52|60
64064A2B;1;TARC;N/A;EPTH;Oculto;MAIN;48|60|66
65511735;1;TARC;N/A;SKN;San Rafael;MAIN;48|56
64C6BC8C;1;TRFT;N/A;EPTL;Calico Project;MAIN;76|79|89|91
6561831E;1;TARC;PB|ZN|SB|IN;N/A;Malku Khota;MAIN;21|32|33|36
647516EE;1;TSED;AG|AS|MN|ZN|BA;MAN|MVT;Sierra Mojada Deposit;MAIN;46|49|70|76|77|84
65A9FD8F;1;TORO;F;MAN;Lower Zone;MAIN;34|36|44|45|47
65D5A052;1;TARC;N/A;EPTL;San Ignacio;MAIN;17|21
65BC9678;1;TORO;AG|PB|ZN|CU|BI|CD|CO|CR|BA|MN|HG|V;SKN;La Negra;MAIN;42|43|61|68|69|71
65EC8380;1;TARC;N/A;EPTH;Oculto;MAIN;72|77|84|90
6688BDDB;1;TARC;N/A;EPTL;Cachinal;MAIN;5|33|38
660E8711;1;TORO;AS;BXH|PRY|SKN|EPTI;Promontorio;MAIN;29|31|35|36|40|46|47
668D5810;1;TORO;AG|PB|ZN|CU|BI|CD|CO|CR|BA|MN|HG|V|SC;SKN;La Negra;MAIN;73|74|92|100|101
671244DF;1;TRFT;N/A;EPTL|EPTI;Rochester;MAIN;55|66
67279493;1;TARC;N/A;EPTL;Topia Vein Systems;MAIN;25|29
6752E4BB;1;TARC;N/A;EPTL|BXH|PRY;San Marcial;MAIN;33|38|42
672F0ABE;1;TARC;N/A;EPTL;El Tigre Vein System;MAIN;41|56
68927087;1;TARC;PB|ZN|AS|SB;EPTL|EPTI;Margarita Vein;MAIN;56|63
67FA7676;1;TARC;ZN|PB|CU|AS|SB;EPTL|EPTI;El Gallo;MAIN;44|52|54
68FAEB6B;1;TRFT;N/A;MAN|CAR|BXH;Medicine Springs;MAIN;13|15
68F20B2E;1;TRFT;MO|CU|AG|ZN|PB|AS;BXH|MAN|PRY;Cordero;MAIN;29|33|34|37|38|39|42
6960B45C;1;TORO;N/A;N/A;Hercules;MAIN;20|41
69FDB1BB;1;TRFT;AS|SB|HG|FE|MN;EPTL;Virginia;MAIN;56|58|59|66|74|75|76
69EFC851;1;TBAC;N/A;EPTL;San José;MAIN;52|56|58
6A593C99;1;TARC;N/A;EPTL;Dolores;MAIN;42|52
6A94CCF4;1;TARC;N/A;EPTL;Topia Vein System;MAIN;22|28
6BB2ACC5;1;TBAC;SB|HG;EPTI|EPTL;Panuco deposit;MAIN;54|55|57
6B61FFE6;1;TBAC;AG|AS;BXH|EPTL|IRG;RBZ;MAIN;25|30|32|37|39
6BE55D6E;1;TRFT;N/A;EPTL;Rochester;MAIN;55|56|66
6BE22D12;1;TARC;N/A;N/A;Huaron;MAIN;28|32|34|36
6D6939AF;1;TARC;AG|CU|ZN|PB|AS|SB|HG|MO|CD|CO;EPTL;Bayhorse Mine;MAIN;26|36|40
6BF378FD;1;TARC;N/A;EPTI;Virginius Vein;MAIN;63|75
6EDB0828;1;TORO;N/A;SKN;El Gochico;MAIN;23|25
6DE38370;1;TRFT;N/A;BXH;Burgin Extension deposit;MAIN;36|48|49|50
6ED9BA42;1;TORO;N/A;ORO;TLP and LM Mines;MAIN;23|25
6DBEFD2B;1;TARC;MN|CU|PB|ZN;SKN|MAN;Bilbao;MAIN;108|110|113|115|119|121|123|124
711CF0D1;1;TORO;N/A;EPTL;Vertikalny;MAIN;36|38|40
715ADF7E;1;TARC;N/A;EPTL;Cachinal;MAIN;4|32|37
7027C217;1;TORO;F;MAN;Silvertip;MAIN;22|31|32|34
6FB38943;1;TARC;AG|PB|ZN|CD|SB|AS|CU|BI;EPTI;Breccia Ridge Zone;MAIN;19|27|30
717BE15E;1;TARC;AS|SB|PB|ZN|MN;EPTI;Escobal;MAIN;39|44|45|50|51|53
71D35E22;1;TSED;AG|AS|BA|BI|CU|MN|MO|PB|SB|TE|ZN;MAN;Tombstone South;MAIN;29|41|51
73D65578;1;TGGT;N/A;N/A;Mann Property;MAIN;64|76
746501DF;1;TORO;N/A;EPTL;Mangazeisky North;MAIN;61|79|80
73B835CA;1;TARC;N/A;EPTL;Veta Madre;MAIN;62|71
722170EA;1;TRFT;N/A;EPTI;Trinity;MAIN;33|40
74E484C3;1;TORO;N/A;EPTL|VMS;Bowdens Silver Project;MAIN;37|43
74B7884D;1;TRFT;N/A;EPG;Taylor Silver Deposit;MAIN;22|28
758046AC;1;TORO;AS|CD|MN|SB|W|ZN|AG|CU|HG|MO|PB;ORO|EPTL;Santa Ana;MAIN;51|65|75|78|81|82|85
759ED94E;1;TORO;N/A;EPTI|ORO;Fox Deposit;MAIN;35|42|50
76526F74;1;TORO;N/A;ORO;Gold Hunter Vein System;MAIN;50|56|66
767CB622;1;TARC;N/A;MAN|BXH|SKN;Yauricocha;MAIN;55|58|62|64
773CB520;1;TARC;AG|ZN|PB|CU|AS|SB|BA|F|MN|TE|HG|SE;EPTL|EPTI;Copala;MAIN;39|63|64|65
76BB20B0;1;TARC;SN|W|BI|AG|PB|ZN|CU;PRY|EPTI|BXH;Iska Iska;MAIN;69|73|75|82|99|101
77476671;1;TORO;F|AG|PB|ZN;MAN;Lower Zone;MAIN;54|64|66|69|71
775CD317;1;TARC;AS|AG|CU|PB|MO|ZN|SB;EPTI;Silver Queen Vein System;MAIN;53|56|62|65|76
7764F97B;1;TORO;N/A;MAN;Santa Teresa;MAIN;17|19
77DBA796;1;TARC;N/A;EPTL;Topia;MAIN;11|26|31
783446A6;1;TARC;N/A;EPTL;Promontorio;MAIN;28
78D29B42;1;TARC;AG|CU|PB|ZN|AS|SB|HG;EPTL|EPTI|BXH|PRY;Avino Vein;MAIN;50|51|56|57
78DFDF5C;1;TARC;ZN;SSC;MR prospect;MAIN;19|22
789D44C6;1;TRFT;N/A;N/A;Langis;MAIN;27|28
78B4D312;1;TRFT;N/A;EPTI|MAN|SKN|BXH|PRY;Cordero Main;MAIN;59|61|75|76|77|78
79287D37;1;TRFT;SB|AS|HG|TL|CU|ZN|PB|BA;EPG;Taylor;MAIN;34|42|48|55|62|63
79CABF5B;1;TORO;N/A;MAN|SKN;Hermosa;MAIN;57|58|69
7A1F969E;1;TORO;N/A;ORO;Galena Mine;MAIN;35
796EA41D;1;TORO;IN|SB|BI|TE|SN|CS|CD|NI|CO;EPTI|PRY|SKN|BXH;Thor Deposit;MAIN;59|78|80|82|153|172
7A2A319B;1;TARC;N/A;EPTL|EPTI|BXH;Carangas;MAIN;36
7BEA4BCB;1;TARC;ZN|PB|CU|AS|SB;EPTL|EPTI;El Gallo;MAIN;65|75|83
7DBBF9D7;1;TARC;CU|ZN|AG|MO;SKN;Santa Rosa East Skarn;MAIN;25|26|28|31
7DFB3ACA;1;TARC;N/A;SSC;MR zone;MAIN;27|30|32
7DBD1840;1;TARC;N/A;EPTL;Clemens-El Muerto;MAIN;21|27
7E1A65EB;1;TUNK;MO|W;SKN|PRY|MAN;Mount Reed;MAIN;14|18|19|20
7E0CFDDD;1;TBAC;ZN|PB;EPTL|EPTI|BXH;Columba;MAIN;27|31|32|35
7E47A196;1;TTRN;N/A;EPTL;Tonopah Vein Systems;MAIN;61|75|76
7E856578;1;TARC;N/A;BXH;Silver Sand;MAIN;64|65|73|78|79|81
8014108F;1;TARC;N/A;EPTL|EPTI;La Preciosa;MAIN;20|24
7F399953;1;TRFT;N/A;EPTI|BXH;Toruel Vein;MAIN;13|18|22
80A19EB4;1;TARC;N/A;EPTL|EPTI;La Preciosa;MAIN;21|25
80D3B12D;1;TORO;N/A;EPTI;Veta Grande vein system;MAIN;55|64
80E36A8A;1;TARC;N/A;EPTL|EPTI;San José;MAIN;26
81669912;1;TRFT;N/A;MAN|SKN;Platosa;MAIN;37|40|47
82D6FB97;1;TUNK;N/A;MAN|EPTL|SKN;Hardshell;MAIN;38|39
82D5D419;1;TRFT;N/A;EPTL|EPTI;Rochester;MAIN;53|64
82B46E0C;1;TARC;N/A;EPTL|EPTI|SKN|PRY;Recuperada;MAIN;46|50|52|58|59|60|82|85|89
81F15181;1;TORO;AG|PB|ZN;ORO;GC;MAIN;29|34|35
83276ED3;1;TBAC;AG|BI|AS|SN|PB|ZN;MAN;Parlozi;MAIN;31|42|52
83AC4ECE;1;TARC;AG|PB|ZN;VMS;Capire and Aurora1;MAIN;38|44|49
8342696B;1;TBAC;N/A;EPTI;La Negra;MAIN;19|21|29
8330A8F6;1;TTRN;N/A;EPTL;Cusi Project;MAIN;38|49|51
8389644F;1;TORO;AS|PB|ZN|AG;MAN|SKN;Upper Manto;MAIN;22|26|27|29|33
8480ABDA;1;TARC;N/A;VMS|EPTL|BXH;Barbara Zone;MAIN;20|25
83CC8088;1;TARC;N/A;EPTH;Oculto;MAIN;40|49|57
84F8D52B;1;TRFT;CU;N/A;Sill Lake Mine;MAIN;25|27|29|34
8532DA8E;1;TARC;N/A;TLG|EPTL|EPTI;Esmeralda Tailings Deposit;MAIN;20|23
8500664D;1;TARC;N/A;EPTL|SKN|MAN;San Diego;MAIN;54|55|56|67
858228D7;1;TORO;AG|PB|ZN;N/A;Hewitt-Van Roi;MAIN;11|12|14|16|19
85403850;1;TORO;AG|PB|ZN|CU|SN|SB|BI|AS;N/A;Glavnoye;MAIN;48|59|62|68
85CB7AC6;1;TSED;AG|AS|MN|ZN|BA;MAN;Sierra Mojada;MAIN;38|59|64|74
865EC94A;1;TORO;N/A;ORO;Galena mine complex;MAIN;27|28|30|32
85EDC974;1;TARC;N/A;EPTH;Oculto;MAIN;29|33|38
85CA84DF;1;TORO;AG|PB|ZN;ORO;GC;MAIN;37|45|46
86A44542;1;TORO;N/A;N/A;Bermingham;MAIN;75|89
86C92387;1;TARC;N/A;EPTL;Santa María;MAIN;35|41
86ACF563;1;TARC;N/A;EPTL;Palmarejo;MAIN;51|60|78
87E39EC6;1;N/A;AS|SB|CD|BI|HG;MAN|SKN|BXH;Cerro Punapuna;MAIN;29|30
8827EB3B;1;TORO;N/A;EPTL;Zgounder Silver Deposit;MAIN;66|78|79|81
88D10E9D;1;TARC;N/A;IRG|EPTL;Tahuehueto;MAIN;31|37
895D183E;1;TUNK;N/A;EPTL|SKN;San Diego;MAIN;36|44
8A5FA8EB;1;TARC;N/A;EPTL;El Tigre;MAIN;57|66|76
8AB8920B;1;TARC;N/A;N/A;Prosperity - Porter Idaho;MAIN;13|15
8AC9885C;1;TORO;N/A;PLC|EPTH;San Bartolomé pallacos;MAIN;45|46|50
8B6F1CA0;1;TRFT;N/A;EPTL;Taylor;MAIN;37|47|51
8B4AC7E6;1;TARC;N/A;EPTL|SKN|MAN;San Diego;MAIN;54|55|56|67
8B8E59AB;1;TORO;N/A;ORO;Treasure Mountain;MAIN;19|20|21|22
8BF52E34;1;TRFT;N/A;EPTI;Navidad Project;MAIN;48|49
8C86581A;1;TORO;N/A;EPTL|EPTI;Corani;MAIN;82|93
8CCC3450;1;TRFT;MO|CU|AG|ZN|PB|AS;PRY|BXH|MAN|SKN;Cordero;MAIN;34|38|39|51
8CD9B03E;1;TARC;N/A;EPTI|BXH;Silver Sand;MAIN;57|58|72|74
8D9F2942;1;TARC;N/A;EPTL;San Dimas District;MAIN;39|42|47
8D2C871B;1;TARC;N/A;EPTL|EPTI;Gavilanes;MAIN;46|53|63|65
8DA35522;1;TARC;N/A;EPTL|EPTI|BXH|PRY;Carangas;MAIN;27|40|41
8DD3D287;1;TARC;AG|CU|PB|ZN|AS|SB|HG;EPTI|BXH|PRY;Avino Vein;MAIN;51|56|57
8E1DB40A;1;TARC;N/A;EPTL;Veta Madre;MAIN;39|41|51
8E2BF70A;1;TBAC;N/A;EPTI;Joaquin;MAIN;19|21|25
8DD851E6;1;TARC;AG|PB;EPTL;San Sebastián Project;MAIN;39|44|50
8F02EA34;1;TORO;N/A;EPTI;Valdecañas vein;MAIN;25|32
8EA38632;1;TORO;N/A;EPTL|MAN|BXH;Main Zone;MAIN;31|33|37|44|45|46
8F06F987;1;TORO;N/A;VMS;Silver Cord;MAIN;67|68|72|76|80|82|85
8F777DB1;1;TTRN;AS|SB|CD|MO;EPTL;Nivloc Vein;MAIN;53|64|79|85|87|88
8FFED014;1;TARC;AS;EPTL|EPTI;San Miguel;MAIN;52|54|57|77
9094C1B3;1;TUNK;AG|AS|BA|CU|MN|PB|ZN;EPG;Ramsey Mine;MAIN;26|35|42
90B0CA01;1;TRFT;AS|CU|MO|HG|TL|SB;EPTL;Silver Reef Zone;MAIN;19|23|27|31
90F399C7;1;TARC;N/A;EPTL;Valdecañas Vein;MAIN;25|28|33|34
912CC739;1;TORO;N/A;N/A;HPG Mine Area;MAIN;23|25
9130AE3B;1;TRFT;N/A;EPTL;Pearce Hill;MAIN;72|114|129|131
90D3F37A;1;TARC;SB|AS;EPTL;Caylloma Vein System;MAIN;34|45|47
928888E6;1;N/A;AG|ZN|PB|AS|CU|MO|BA;MAN|EPTL;Lachiguiri;MAIN;19|23|24
91F892EC;1;TORO;PB|ZN|CU|AG|MO|AS|BI|SB;MAN|SKN;Zimapan Deposits;MAIN;64|71|80|81
92D77946;1;TARC;N/A;EPTL;Topia;MAIN;20|23
94862B1D;1;TRFT;AS|SB|CU|PB|ZN|AG;ORO|EPTI;Hackberry;MAIN;35|45|46|47
9383B217;1;TORO;N/A;EPTI|EPTH;Soracaya;MAIN;42|65
948C43F8;1;TARC;N/A;EPTL;Trinidad deposit;MAIN;32|47|48
949DBD25;1;TARC;N/A;EPTL|ORO|SKN|BXH;Velardeña;MAIN;43|47|51
94A32C48;1;TARC;N/A;EPTL;Coyote;MAIN;14|18|19|20
94DC48E0;1;TRFT;AS|HG|SB|MO|PB|ZN|MN|CU;EPTL|EPTI;Pingüino;MAIN;32|38|39|41
95B8DD31;1;TARC;N/A;EPTI|EPTL;Tonopah West;MAIN;46|57
95BE0E2E;1;TARC;BI|W|SB|AS;ORO|EPTL;Las Bolas - Los Hilos;MAIN;17|22|26|29
95F4CD00;1;TUNK;N/A;SKN|PRY;Dos Naciones;MAIN;13|18|22
9635B545;1;N/A;AG|ZN|PB|AS|CU|MO|CD|SB|BI;MAN|EPTL;Lachiguiri;MAIN;21|25|26|27|28
96978FB6;1;TRFT;AS|SB;EPTI;Loma de la Plata;MAIN;29|40|57
975CAC40;1;TARC;N/A;EPTL|EPTI;San José;MAIN;29
976AA2FB;1;TORO;N/A;EPG;Zgounder;MAIN;72|77|78
976D6FAC;1;TARC;SB|AS|BI;EPTI|EPTH|BXH;Cachi Laguna;MAIN;60|65|71|75
97A55712;1;TARC;N/A;EPTL|EPTI;La Preciosa;MAIN;22|26
97F6E398;1;TARC;ZN|PB|CU|SB;EPTL;Trinidad deposit;MAIN;31|44|45
983D0B69;1;TORO;N/A;VMS;Broken Hill;MAIN;22|23|26
98A113B1;1;TORO;N/A;ORO;Crescent;MAIN;51|59
99FA0953;1;N/A;N/A;EPTL|EPTI;El Carmen-El Pinguico Vein;MAIN;49
99199393;1;TARC;N/A;EPTL|SKN|MAN|BXH;San Diego;MAIN;34|36|44|55|56
99FCD831;1;TARC;N/A;EPTI;Bethania Mine;MAIN;41|46|47|48
9A55B07C;1;TARC;N/A;EPTL;Terronera Vein;MAIN;40|42|44
9A8FD576;1;TBAC;AG|PB|ZN|AS;N/A;Cordero dome;MAIN;14|19|20
9A949783;1;TARC;N/A;EPTL|BXH|MAN;La Colorada;MAIN;27|30|33
9B16F26A;1;TARC;N/A;N/A;San Vicente;MAIN;18
9ABE054B;1;TARC;N/A;EPTL|EPTI;Panuco Project;MAIN;49|75|76
9BE53572;1;TARC;ZN|PB|CU|AS|SB;EPTL|EPTI;El Gallo;MAIN;29|36|38
9BA6B8DE;1;TARC;SB|AS;EPTL;Caylloma Vein System;MAIN;32|42|44
9C491D9A;1;TTRN;PB|ZN|SB|AS|CD|CU;N/A;Candelaria;MAIN;38|47|50|51|52|54
9C74240D;1;TARC;N/A;EPTL;Palmarejo;MAIN;45|46|52
9C9BF14C;1;TARC;N/A;EPTH;Cachi Laguna;MAIN;64|71
9D1A9D4B;1;TARC;N/A;EPTL;Viridiana vein;MAIN;17|19
9EAB6E21;1;TPAB;AS|CD|CU|MN|PB|SB|ZN;SSC|EPG|MAN;La Providencia;MAIN;40|46|56|58
9E9AA7DD;1;TARC;N/A;EPTL|EPTI;La Preciosa;MAIN;44|50|54|55|56
9F00342B;1;TARC;N/A;EPTL;Dolores;MAIN;42|52
9F12079E;1;N/A;N/A;ORO;Galena Mine Complex;MAIN;25|30|32
9FCD4617;1;TORO;PB|ZN;N/A;Rochester;MAIN;17|19|21|24
9F35F305;1;TARC;N/A;BXH|SKN|PRY;Yauricocha;MAIN;48|63|67
A007F06A;1;TARC;N/A;EPTL;El Cubo;MAIN;43|56
9FDB6E07;1;TARC;N/A;EPTH;Oculto;MAIN;34|38|43|49
A05DDCDA;1;TARC;N/A;EPTH;Oculto-JAC;MAIN;81|86|93|99
A0B321B4;1;TARC;N/A;EPTL;Bolañitos;MAIN;37|39|49
A0E7E132;1;TARC;HG|SB|AS|SE|BA;EPTL;Cerro Bayo;MAIN;20|25|30
A0C4641E;1;TARC;N/A;SKN|MAN|PRY|BXH;Skarn Project;MAIN;24|41|44|50|53
A1284453;1;TORO;PB|ZN|AG|AS|SB|CU|MN|BA;N/A;Homestake;MAIN;22|28|38|49|50|51
A23AA06E;1;TARC;N/A;EPTI;Virginius Vein;MAIN;61|68|73
A192206D;1;TARC;N/A;EPTL|EPTI;Metates Mine;MAIN;28|29|41|42
A218CB28;1;TORO;AG|PB|ZN|CU|SN|SB|BI|AS;N/A;Glavnoye;MAIN;43|55|58
A290432F;1;N/A;N/A;SKN;Reforma;MAIN;15
A3483715;1;TARC;HG|AS|BA|MN|SB;EPTL;Valdecañas vein system;MAIN;49|56|61|62|63|67
A35CD35C;1;TRFT;N/A;EPTL;Waterloo;MAIN;81|98|101|103|108
A3AE69C3;1;TORO;N/A;EPTI|SKN;Beaverdell Property;MAIN;35|42|45|46
A37FB899;1;TARC;N/A;EPTI|EPTL;Plomosas Mine Area;MAIN;57|58|59|98|100
A4000FAB;1;TARC;N/A;BXH|EPTL;El Reventón;MAIN;15|16
A41361A8;1;TORO;N/A;N/A;TLP-LM;MAIN;20|21|22
A45480C9;1;TORO;N/A;EPTL;Vertikalny;MAIN;55|73
A49625D4;1;TRFT;CU;N/A;Sill Lake Mine;MAIN;25|27|34
A4E16B89;1;TBAC;N/A;EPTI;Martha System;MAIN;19|23|26|29
A4F4DF55;1;TARC;N/A;EPTL;Trinidad deposit;MAIN;36|52|53
A5ACB7A6;1;TRFT;N/A;FEL;Silver Kings Project;MAIN;73|79|101
A68F7BB7;1;TARC;N/A;N/A;Veta Grande system;MAIN;28|36
A61AEFCA;1;TARC;N/A;N/A;Pirquitas;MAIN;26|29
A78BCE1A;1;TRFT;AS|SB|AG|PB|ZN;EPTL;Concordia;MAIN;35|38|44
A7AEB573;1;TARC;N/A;EPTL;Terronera Vein;MAIN;46|50
A6A46B3D;1;TARC;N/A;EPTL;Los Ricos North;MAIN;85|109|113
A7640B36;1;TARC;N/A;EPTL;Bolañitos;MAIN;34|45
A82B50AC;1;TARC;AG|PB|ZN|CU|MN;EPTL;Cruz de Mayo;MAIN;32|33|36|37
A85EEF5B;1;TORO;N/A;N/A;Bellekeno;MAIN;65|69|78
A8978715;1;TARC;AS|SB;EPTL;Pacococha;MAIN;50|51
A982DBC1;1;TORO;N/A;MAN;Clayton Silver Mine;MAIN;19|21
AA52A686;1;TARC;N/A;EPTL;Veta Madre Vein System;MAIN;17|19
A92E2EA8;1;TARC;N/A;BXH|SKN;Yauricocha;MAIN;45|55|77|78
AABC4E82;1;TRFT;N/A;EPTL;Pingüino;MAIN;33|43
AAE8DCD4;1;N/A;N/A;EPTL;San Dimas District;MAIN;43
AB1DE9C1;1;TARC;N/A;N/A;Yauliyacu;MAIN;30|32|37|38
AB0C17F9;1;TARC;N/A;IRG|SKN|MAN;La Parrilla;MAIN;62|78
AC035AEA;1;TUNK;N/A;SKN;Dos Naciones occurrence area;MAIN;13|18
AB835FFD;1;TARC;N/A;EPTL;Caylloma Mine;MAIN;41|53
AC115D7D;1;TORO;AG|PB|ZN|MN;EPTL|MAN;Silver Hart Main Zone;MAIN;46|47|51|52|54|59|66
AC195CB6;1;TORO;N/A;N/A;Rochester;MAIN;27|29|31|32
ADD2773F;1;TARC;N/A;EPTL;San Ignacio Mine;MAIN;36|44
ADD5DBCC;1;TRFT;AS|ZN|AG|PB|CU;MAN|SKN;Platosa;MAIN;36|39|42|45|46
AE892668;1;TRFT;AS|SB|PB|HG|AG;EPTL;Mogollon Vein System;MAIN;47|49|55|57|58|60|61
AEC62657;1;TORO;AG|AS|BI|CD|CU|PB|SB|ZN;EPTL|MAN;Ptarmigan Mine;MAIN;46|49|50|61|62|65|84|104|107
AEDE097F;1;TARC;AS|AG;N/A;Roosevelt;MAIN;20|28|37|39
AF0E2537;1;TCRA;N/A;FEL;Castle Silver;MAIN;26|35|39
AF7C1C00;1;TORO;N/A;EPTL;Vertikalny;MAIN;36|39
AF375661;1;TARC;AG|AS|PB|SB|ZN;ORO|EPTI;American Boy;MAIN;17|22|33|34|40
AFBBF88F;1;TRFT;N/A;FEL;Castle Silver;MAIN;35|39
B0788E21;1;TARC;MO|SB|AS|FE|S;EPTI;Silverado;MAIN;42|50|54
B0DA6A8E;1;TSED;N/A;EPG;Fuwan Silver Deposit;MAIN;29|32
B11C6920;1;TARC;N/A;EPTL;San Acacio;MAIN;24|33
B14BF980;1;TARC;N/A;EPTL;San Ignacio Vein System;MAIN;17|20|21
B1CD9E57;1;TARC;AS|SB;EPTL|MAN|SKN;Alamos Vein System;MAIN;37|49|58|59
B20AA41F;1;TARC;N/A;EPTL;San Ignacio;MAIN;50|59|60
B2662BEB;1;TARC;AG|AS|HG|PB|ZN|SB;EPTL;Urumalqui Vein;MAIN;39|45|51
B2792D9E;1;TARC;AG|CU|PB|ZN|AS|SB|HG;EPTL|EPTI|BXH|PRY;Avino Vein;MAIN;43|47|52|53
B3C1271B;1;TORO;AG|PB|ZN;ORO;GC deposit;MAIN;40|51|52
B409E1DD;1;TARC;N/A;PLC;San Bartolomé surficial deposits;MAIN;30|31|36
B420CB1B;1;TORO;N/A;N/A;Hercules Adit;MAIN;20|41
B4246353;1;TARC;N/A;EPTL;Pulacayo;MAIN;39|40|47|48
B42FD0A8;1;TARC;N/A;EPTL;Topia;MAIN;39|44
B44B70E6;1;TARC;N/A;EPTL;Santa Cruz vein;MAIN;64|67|69
B473D9B7;1;TARC;AS|SB|PB|ZN|MN;EPTI;Escobal;MAIN;53|65|67|68
B55DD6D0;1;TRFT;N/A;EPTI|BXH;Toruel Vein;MAIN;20|25|30
B5313239;1;TARC;N/A;IRG|SKN;La Parrilla;MAIN;61|76
B564FBA4;1;TRFT;N/A;N/A;Peñasco Quemado;MAIN;78|84|85|86
B5B1D3B7;1;TARC;N/A;EPTI;Reliquias;MAIN;42|51
B62FFF51;1;TARC;N/A;EPTI|MAN;Huaron Mine;MAIN;46|50|52
B79543E6;1;TARC;N/A;EPTI;Valdecañas Vein;MAIN;31|39
B633368A;1;TARC;N/A;EPTL|EPTI|ORO;Nueva Recuperada;MAIN;72|74|77|82|87
B6A4B5EE;1;TORO;N/A;IRG;Torny Mine;MAIN;67|68|75|99|104|105|125
B7B44A78;1;TRFT;N/A;EPTL;El Tigre;MAIN;102|112|122
B79D70A4;1;TARC;N/A;EPTL|EPTI;La Preciosa;MAIN;43|52
B824689C;1;TARC;N/A;EPTL;La Guitarra;MAIN;36|42
B834D581;1;TARC;ZN|PB|CU|AS|SB|CD|BI;EPTI;Breccia Ridge Zone;MAIN;34|37
B888801E;1;TORO;N/A;MAN|SKN;Ana Maria;MAIN;25|37|39|40
B8A666B8;1;TARC;N/A;EPTL|EPTI;Coneto;MAIN;20|23
B91F00DC;1;N/A;N/A;EPTI;Corani;MAIN;86
B998B4A1;1;TUNK;N/A;EPG;oxide tailings deposit;MAIN;21
B920A044;1;TORO;AS|SB|PB|ZN|MN;EPTI;Escobal;MAIN;50|62|64
B9E5E01D;1;TARC;N/A;PRY|BXH|SKN;Cordero;MAIN;65|78|79|80
BAAC12F5;1;TRFT;N/A;N/A;Langtry;MAIN;42|46|55
BACF859B;1;TORO;N/A;ORO|EPTI;May Mac Mine;MAIN;31|34|56|57
BAEFCBB8;1;TORO;AS|SB;VMS|BXH;Rupice;MAIN;57|59|60
BB2D22D0;1;TARC;N/A;EPTL|EPTI;Pulacayo;MAIN;34|36|43
BC03D0FA;1;TORO;N/A;N/A;Rochester;MAIN;27|29|31|32
BC7A0433;1;TARC;AS|CD|MN|SB|W|ZN;ORO|EPTL;Santa Ana;MAIN;41|46
BCBE101A;1;TARC;AG|PB|ZN|HG;EPTL|EPTI;Martha Vein;MAIN;30|34|35|40|41
BD1790FC;1;TARC;N/A;BXH;La Frazada Vein;MAIN;84|93
BB3D6672;1;TORO;N/A;ORO;Ying;MAIN;41|43|58
BD27F1F9;1;TARC;SB|HG|AS;EPTL;Pallancata Vein System;MAIN;32|33|34|35|38
BDA43C38;1;TARC;N/A;PRY|BXH|SKN|MAN;Cordero Resource;MAIN;40|41|45|50|51
BDB23EF4;1;TORO;AS|SB|F;EPTL;Higo Blanco Project;MAIN;28|29|31|33|36|37
BDDFCD30;1;TRFT;MO|AG|PB|ZN|CU;BXH|PRY;Cordero;MAIN;13|17|18|19
BDCC218F;1;TARC;SN|W|BI|AG|PB|ZN|CU;PRY|EPTH|EPTI|BXH;Iska Iska;MAIN;58|60|61|64|72|89|91
BDE07C79;1;TARC;N/A;EPTL;Guanajuato Mine;MAIN;42|45|67
BDF6AAF0;1;TORO;N/A;ORO;Rochester;MAIN;33|35|37|39|42
BDE5F5A3;1;TORO;N/A;EPTL;Mangazeisky North;MAIN;51|56|68|69
BE3FBD1D;1;TORO;N/A;ORO;Strieborná Vein;MAIN;30|31|37
BEAF1530;1;TRFT;CU|ZN|AG|MO;SKN;Santa Rosa East Skarn;MAIN;25|26|28|31
BEFD845B;1;TARC;N/A;EPTL|EPTI;San Miguel Vein;MAIN;36|52
C0008121;1;TARC;N/A;MAN|EPTL;Hardshell deposit;MAIN;31|39
BFECADF2;1;TARC;N/A;EPTL;Dolores;MAIN;32|39
C009D3E5;1;TARC;CU|PB|ZN|AG|MN|W|SB|HG;VMS;Fireweed;MAIN;25|31|32|33|34|38
BFE6587D;1;TORO;AG|PB|ZN;ORO;GC deposit;MAIN;27|29|34|35|43
C06D7BD0;1;TARC;N/A;EPTI;Santa Cruz;MAIN;16|21
C08FB663;1;TARC;SN|W|SB|BI;SKN|MAN;Bilbao;MAIN;39|41|42|45|46|47|59
C0A1A196;1;TARC;N/A;EPTI;Gavilanes Vein System;MAIN;27|32
C14685CD;1;TARC;N/A;SKN;El Gochico;MAIN;19|24|30
C2B312DD;1;TTRN;AS|SB|PB|ZN|W|MO|CO;EPTL;Concordia-San Gregorio-Dolores;MAIN;32|36|38|41|44|45
C2EF5887;1;TRFT;N/A;PRY|BXH|MAN|SKN;Cordero;MAIN;59|72
C31C2198;1;TORO;N/A;N/A;Elura;MAIN;29|33
C31EF976;1;TORO;N/A;MAN|IRG|BXH;Hercules Silver Project;MAIN;36|37|47|48|49
C3DF665F;1;TARC;N/A;EPTL;Dolores;MAIN;26|34
C4194CAB;1;TARC;N/A;EPTL;El Favor;MAIN;74|98|102
C418CDDB;1;TORO;AS|BI|AG|ZN|CU|HG|CO;EPTI;JBZ 1;MAIN;21|27|37
C431BAFB;1;TORO;N/A;SKN|BXH;Nuestra Señora;MAIN;41|44|46|47
C44B2CEB;1;TARC;AG|PB|ZN;VMS;Capire Deposit;MAIN;32|34|38|41|42
C44653FF;1;TORO;N/A;N/A;Galena Complex;MAIN;51
C4877518;1;TORO;AG|PB|ZN|CU|SN|IN;SKN;Keg Main Zone;MAIN;23|25|34|83
C501A666;1;TARC;N/A;EPTL;Palmarito;MAIN;28|32|33
C5B10BBF;1;TORO;N/A;MAN|SKN;Hardshell deposit;MAIN;46|57
C5C50961;1;TARC;N/A;EPTL|EPTI;San José;MAIN;30
C6504EDC;1;TARC;AG|PB|ZN|CU;EPTI;Capoose;MAIN;37|43|44|50|114
C6DFCB14;1;TARC;CU|PB|ZN;SKN;San Felipe;MAIN;77|90|91
C71B4EAF;1;TARC;N/A;N/A;Rose showing;MAIN;25|26|33
C72D8240;1;TARC;N/A;EPTL|EPTI|BXH|PRY;Carangas;MAIN;27|40|41
C84951F8;1;TRFT;N/A;EPTL;Valdecañas;MAIN;4|22|27
C8FF050D;1;TRFT;N/A;EPTL;Salvador-Zacatecas;MAIN;14|17
C92F9F6A;1;TARC;N/A;EPTL|EPTI;Pulacayo;MAIN;67|69|76|84
CAEBC7CE;1;TORO;AS|B|PB|ZN;N/A;International;MAIN;47|48|61|64
CAE73B69;1;N/A;N/A;EPTL;Corani;MAIN;27|28
C945B219;1;TARC;AG|MO|ZN|CU|PB|HG|SB|AS|SE|BA;EPTL;Cerro Bayo District;MAIN;37|45|48|51
CBEEA1DC;1;TARC;N/A;EPG;Santa Matilde;MAIN;10|12
CC3A1407;1;TORO;N/A;EPTI;Bellekeno;MAIN;4|31|36|38
CB5FA96C;1;TORO;ZN|PB|CU|AG|AS|BI|SN|W|SB|NI|CO;EPTL|EPTI;Bräunsdorf Project;MAIN;32|38|39|42
C97E5B37;1;TORO;AG|PB|ZN;ORO;GC;MAIN;39|48|49
CC71A3D6;1;TORO;CU|ZN|PB|AS|SB;N/A;Silver Strand Mine;MAIN;32|41|43|47
CE4AF8D3;1;N/A;N/A;SKN;La Reforma mine;MAIN;16
CE6A2C33;1;N/A;N/A;EPTL;Corani;MAIN;81
CEBE17F0;1;TARC;N/A;EPTL;El Capitan;MAIN;30|35|36|37|40
D04CE6A2;1;TARC;N/A;EPTL|EPTI;Tejamen Deposits;MAIN;27|32
D05E51ED;1;TORO;AG|ZN|PB|CU|SN|BI|IN;IRG|SKN;Keg Zone;MAIN;21|34|41|42
D17E0412;1;N/A;N/A;EPTI;Santa Ana;MAIN;22
D1AC74A8;1;TRFT;AG|PB|ZN|CU|SB|HG|FE|TL|AS;VMS;Greens Creek;MAIN;80|92|135|137|144|145
D06D341C;1;TARC;AS|SB;EPTL|EPTI|SKN|EPTH|PRY;Nueva Recuperada Vein System;MAIN;72|74|76|77|82|87|125
D1DA0B31;1;TORO;N/A;EPTL;Nizhny Endybal;MAIN;41|58
D2462677;1;TARC;CU|PB|ZN|BA|SB|MO|AS;EPTH|EPTI;Yaxtché;MAIN;37|39|46|48|49
D25BE80C;1;TORO;AG|PB|ZN|CU|SN|IN;SKN;Keg Main Zone;MAIN;23|25|32|33|34|82
D3003921;1;TARC;SB|HG|MN|AS|BA|AG|TL;MAN|BXH;Santa Teresita;MAIN;35|41|44|45|47
D347CF71;1;TARC;N/A;SKN|BXH;Velardeña Mines;MAIN;49|59|60
D41BB448;1;TARC;N/A;EPTL;San Dimas District;MAIN;40|43
D3ABB0DB;1;TARC;AG|AS|CU|HG|PB|SB|ZN;VMS|EPTL;Homestake;MAIN;65|85|87|90|96
D481B02E;1;TBAC;N/A;PRY;Moonlight Project;MAIN;20|28
D542CF53;1;TRFT;BA|AS|SB|HG|AG|MN;MAN;Medicine Springs;MAIN;29|30|33|36
D54173D3;1;TPAB;AS|CD|CU|MN|PB|SB|ZN;SSC;La Providencia;MAIN;41|45|47|58|59
D0B97A7B;1;TORO;AG|PB|ZN|CU|MO|SB|AS;ORO;Gaocheng;MAIN;25|27|31|40
D55D25D4;1;TARC;MO|F|Y|SN|W|TE;MAN|SKN;Deer Trail Mine;MAIN;34|40|42|43
D5577F32;1;TARC;N/A;SKN|MAN;Cerro Las Minitas;MAIN;65|79|82
D5F4342C;1;TTRN;N/A;EPTL|EPTH;Cusi;MAIN;29|31|33|35
D5AB036D;1;TORO;N/A;EPTL|EPTI;Silver City Project;MAIN;36|43|50
D69BFD4E;1;N/A;AG|PB|ZN;N/A;Tulameen Mountain Property;MAIN;15|16
D6AC7610;1;TARC;N/A;EPTL|EPTI;La Preciosa;MAIN;71|80|83|84
D7713E06;1;TARC;N/A;EPTL;Vein Madre;MAIN;50|54|63
D77A7C51;1;TRFT;PB|CU|ZN;EPTI;Trinity;MAIN;46|49|50|61
D7086C57;1;TBAC;AG|ZN|PB|CU;VMS|SDX|MVT;Greens Creek;MAIN;84|146|148|159|160
D8E4C720;1;TARC;N/A;EPTL|EPTI;Pulacayo;MAIN;26|28|34
D7FFB9F0;1;TRFT;AS;BXH;Promontorio;MAIN;26|28|37|39
D91354DB;1;TPAB;AS;EPTL;Trinidad;MAIN;45|56|57
D9387042;1;TRFT;N/A;EPTI;Waterloo;MAIN;48|62
D98775AB;1;TRFT;N/A;N/A;Moonlight mine;MAIN;11|19
D984DC83;1;TRFT;SB|AS|HG;EPTL;Virginia Veins;MAIN;26|30|31
D98E3E2C;1;TARC;N/A;EPTL;Santa Cruz;MAIN;37|39|41|43
DA04925F;1;TPAB;N/A;EPTL;Trinidad deposit;MAIN;43|44|46
DA1DC507;1;TARC;SB|HG|MN|AS|BA|AG|TL;MAN;Santa Teresita;MAIN;34|40|43|44|46|47|52
D999D770;1;TORO;N/A;EPTL|SKN;San Diego;MAIN;44
DA4A4583;1;TORO;N/A;N/A;Rochester;MAIN;49|51|54|56|57
DA69AFEB;1;TARC;N/A;EPTL;Guanajuato Mine;MAIN;40|65
DB4CC708;1;TUNK;AS;EPTL|EPTH;Silver Chalice;MAIN;12|13|14|18
DC231F38;1;TARC;N/A;EPTL;Topia;MAIN;26|32
DCCFDAEF;1;TRFT;PB|SB|AS|HG;EPTL;Virginia;MAIN;25|29|30
DC13A69E;1;TRFT;N/A;EPTI|BXH;Toruel Vein;MAIN;15|20|21
DCE5B18F;1;TARC;MN;SKN|MAN;Bilbao;MAIN;24|26|28|32|37
DE880043;1;TUNK;N/A;TLG;Parral Tailings;MAIN;63|66
DE2778D6;1;TARC;N/A;EPTL;Animas Vein;MAIN;31|33|36|38
DEB97775;1;TARC;N/A;MAN|SKN;Yauricocha;MAIN;35|41|46
DEC4B047;1;TARC;N/A;EPTH|VMS;Boumadine Deposit;MAIN;50|64
DEFB4D5C;1;TARC;N/A;EPTL|EPTH;Cusi;MAIN;47|49|56
DF2DED58;1;TARC;N/A;EPTL|EPTH;Cusi Mine;MAIN;48|52|61
DF3AAF5F;1;TARC;N/A;EPTL;Valdecañas Vein;MAIN;36|39|44|48|49
E03CC3DF;1;TRFT;CU|PB|ZN|MN|AG;BXH|MAN;Burgin Extension;MAIN;41|45|52|53|54|55
E06D416F;1;TSED;N/A;EPG;Fuwan silver deposit;MAIN;56|58
DF699786;1;TARC;N/A;EPTL;El Cubo;MAIN;64|72|75
E07409D1;1;TARC;N/A;EPTI|ORO;Tangana;MAIN;75|83|88|94
E118A1B4;1;TARC;N/A;EPTI|BXH;Silver Sand;MAIN;40|42|43|51|53
E11F3A58;1;TARC;N/A;EPTL;Topia Mine;MAIN;26|32
E0D69416;1;TORO;N/A;ORO;Galena Complex;MAIN;48
E24350AF;1;TARC;N/A;N/A;Santo Domingo;MAIN;22|26|27|28
E281BC8A;1;TARC;AG|AS|CU|HG|PB|ZN;EPTL;Candelaria;MAIN;16|18|22
E286629C;1;TARC;N/A;EPTL;Veta Madre;MAIN;69|81|82
E215642A;1;TARC;AG|AS|BA|CU|HG|MO|PB|SB|SE|ZN;EPTL|ORO;Coigues Este;MAIN;44|47|54|55|57
E2D610AB;1;TARC;AS|MO|CU|PB;EPTH|BXH;Arqueros;MAIN;31|37|39
E349DC6F;1;TARC;N/A;EPTL;Los Ricos South;MAIN;61|72
E38F8E9D;1;TORO;N/A;ORO;Alhambra and South Veins;MAIN;25|30
E3BEED43;1;TSED;N/A;EPG;Fuwan Silver Deposit;MAIN;25|28
E4403BC5;1;TARC;N/A;EPTI;Cerro Los Gatos;MAIN;61|70
E44BEF4D;1;TARC;N/A;EPTL;Topia;MAIN;50|54
E5ADEDFD;1;TUNK;N/A;EPTL;Pallancata Vein;MAIN;24|25
E48DC13A;1;TARC;AG|BI|CU|PB|ZN;SDX|IRG;Malku Khota;MAIN;35|45|48
E61C4E72;1;N/A;N/A;EPTL;Pallancata Vein;MAIN;14
E5B34DF0;1;TARC;N/A;EPTL;Santa María;MAIN;38|43
E73DA26E;1;TGGT;N/A;N/A;Mann Property;MAIN;29|41
E75FF3C6;1;TARC;N/A;EPTL|BXH;Chinchillas;MAIN;29|30|32|46
E760EC9E;1;TRFT;AS|SB;CAR|EPTL;Maverick Springs;MAIN;49|52
E77F1A46;1;TORO;N/A;SKN|MAN;La Negra;MAIN;29|31|33|34
E7A7F4C3;1;TARC;N/A;EPTL|BXH;Metates;MAIN;20|25|26|30
E7FB2605;1;TORO;PB|ZN|SB|AS;EPTI;La Escondida Vein System;MAIN;22|24|27
E826A8E7;1;TORO;BI|CD|AS|SB;EPTL|MAN;Ptarmigan Mine;MAIN;29|32|34|41|42|45|47|54|95
E8AB8AC0;1;TUNK;N/A;EPTI;Santa Ana;MAIN;31
EA408EFD;1;TBAC;N/A;EPTL;La Negra;MAIN;24|37
E851ED32;1;TRFT;N/A;FEL;Keeley-Frontier;MAIN;101|120|122
E9478493;1;TARC;N/A;EPTL;Cusi Project;MAIN;38|47|49
EA7AFCF1;1;TARC;N/A;EPTL|EPTI;Pulacayo;MAIN;47|48|55
EA4D7F59;1;TORO;N/A;N/A;Bellekeno;MAIN;56|61|66
EA7D7C96;1;TARC;CU|PB|ZN|BA|SB;EPTH|EPTI;Yaxtché;MAIN;80|82|89|91
EAEF64B9;1;TARC;N/A;EPTI|EPTH;Reliquias Mine;MAIN;67|68|73|83|84
EB08FD0B;1;TARC;N/A;EPTL|EPTI|BXH;Carangas;MAIN;47|54
EB9365BB;1;TARC;N/A;EPTL;Pertenencia vein system;MAIN;52|62|63
EB5527A1;1;TARC;N/A;EPTL;Valdecañas;MAIN;30|36|37
EB41AC63;1;TARC;N/A;EPTL;Guanajuato Mine;MAIN;50|51|53|70
EBB44820;1;TARC;N/A;EPTL;Palmarito;MAIN;28|32|33
EC9A56DC;1;TORO;N/A;N/A;South (Heimdall) Zone;MAIN;20|25|26|32
EC570198;1;TRFT;N/A;EPTL;El Tigre;MAIN;31|32|51
ECB67C2D;1;TORO;N/A;EPTL;Zgounder Silver Deposit;MAIN;84|95|97|99
ECF05AF5;1;TRFT;AG|PB|ZN|CU|AS|SN;EPTI|PRY;Trinity;MAIN;34|42|43|44
ED7B381F;1;TORO;AG|PB|ZN|HG|AS|CU;MAN|SKN;Platosa;MAIN;34|43|52|53|55|56
EDA500D4;1;TARC;N/A;EPTL;Valenciana Mines Complex;MAIN;59|69|70
EE445029;1;TUNK;AG|CU|ZN|PB|AS|SB|HG;EPTL;Bayhorse;MAIN;44|45|49|50|51|53|60
EFC3178F;1;TORO;PB|AG|AS|ZN;IRG;Aho Zone;MAIN;21|25|32
F01B8862;1;TARC;N/A;EPTI;Gavilanes;MAIN;28|39|40
F06BD793;1;TRFT;N/A;EPTL|SKN|MAN|BXH;San Diego;MAIN;32|33|41|52|53
F0F02838;1;TARC;N/A;SKN|MAN|BXH;Nuestra Señora;MAIN;47|59
F10B48EF;1;TRFT;N/A;EPTL;Valdecañas Vein;MAIN;29|37|38
F1322970;1;TARC;N/A;EPTI|EPTH|PRY;Los Chorrillos;MAIN;33|37
F20D1557;1;TORO;N/A;MAN|MVT;Cameron occurrence;MAIN;43|44|49|50
F16D00CE;1;TORO;N/A;EPTL|MAN|BXH;Silver Hart Main Zone;MAIN;39|41|43|44|47|48
F1EFEAA2;1;TTRN;AS|SB|AG|PB|ZN|W|MO|CO;EPTL;Nieves Vein Systems;MAIN;51|56|61|62
F21EEC6C;1;TRFT;N/A;MAN|EPG;Taylor Silver Deposit;MAIN;25|31
F4B95E4B;1;TORO;AG;MAN;Judith Property;MAIN;17|19|20
F48B1921;1;TRFT;MN|BA|ZN|PB|CU;N/A;Peñasco Quemado;MAIN;82|84|91|92|93|101
F4CBDDAB;1;TARC;N/A;EPTL|EPTI;Copala;MAIN;58|64|65
F4DA40EB;1;TORO;PB|ZN;MAN;Shafter deposit;MAIN;55|61|65|66
F4F6118F;1;TORO;N/A;SDX;Keen Creek Horizon;MAIN;35|44
F7D56502;1;TRFT;N/A;FEL;Castle Silver;MAIN;44|46
F89FA822;1;TARC;N/A;EPTL|EPTI;Gavilanes;MAIN;45|52|62|64
F9075644;1;TBAC;N/A;EPTL|BXH;La Negra;MAIN;24|37
F8C00475;1;TRFT;N/A;EPTL;Zgounder;MAIN;64|79
F94132F5;1;TORO;N/A;MAN|SKN;Zimapan;MAIN;31|32|40|49|50|51
FA321C2A;1;TBAC;N/A;MAN;Parlozi;MAIN;30|33|38
F9597F7E;1;TARC;N/A;EPTL|EPTI;Animas-Refugio Corridor;MAIN;21|45
FA179EBC;1;TORO;N/A;EPTH|VMS;Boumadine;MAIN;47|62
F9ED97DE;1;TBAC;N/A;BXH;Chinchillas;MAIN;72
FB036D67;1;TARC;N/A;EPTL;Guanajuato Mine;MAIN;44|47|71
FA467164;1;TRFT;AG|CU|ZN|PB|MN;N/A;Peñasco Quemado;MAIN;116|123|124|125
FB971AFD;1;TARC;N/A;EPTL|EPTI|MAN|BXH;Paca;MAIN;54|56|68|69|70
FB250354;1;TORO;N/A;ORO;SGX;MAIN;38|39|40|51
FBA23E07;1;TBAC;N/A;SKN;La Joya;MAIN;67|80
FBC813C9;1;TARC;N/A;EPTH;Oculto;MAIN;54|59|65|73
FC10A137;1;TORO;N/A;ORO;Crescent Mine;MAIN;23|28|29
FBEF6507;1;TARC;N/A;EPTL|EPTI|BXH;Palmarejo;MAIN;58|82
FCD2939E;1;TARC;AG|PB|ZN|BA;VMS;Arroyo Seco;MAIN;11|14|15|20|21|23|24|25
FCB043A6;1;TARC;AG|AS|CU|HG|PB|SB|ZN;EPTL;San Dimas;MAIN;58|59|80|82|84
FD7770D8;1;TARC;N/A;EPTL;Los Ricos South;MAIN;76|87
FCD81FFC;1;TRFT;N/A;EPTL;Mogollon District Veins;MAIN;44|46|52|53|54|55
FDEA31D6;1;TARC;N/A;EPTL;Los Ricos South;MAIN;48|59
FE6C1B79;1;TARC;N/A;SKN|VMS;San Rafael;MAIN;55|59|68
FF6D816E;1;TUNK;N/A;N/A;Arlington property;MAIN;33
FF446EFD;1;TARC;N/A;EPTL|EPTI|MAN;Panuco Project;MAIN;77|82|96|97|100|101
FFCDF978;1;TARC;AG|CU|PB|ZN|BA|SB|AS|MO;EPTH|EPTI;Yaxtché;MAIN;49|51|58|60|61
004F39DA;1;TRFT;N/A;SSC;Nussir;MAIN;53
011DB75B;1;TARC;N/A;VMS;McIlvenna Bay Deposit;MAIN;98|122|123
004A897C;1;TARC;N/A;SKN|PRY|EPTI;Jasperoide;MAIN;75|77|82|94|100|102
001DC466;1;TORO;N/A;SSC;Kamoto Copper Company;MAIN;66|71
012CDCE7;1;TARC;CU|AG|AS|BI|MO|SB|HG|W|SN;EPTH|PRY;Filo del Sol;MAIN;32|47|52|54|56
0188D460;1;TARC;CU|MO|W|AG|AS|MN;BXH|PRY;Kismet;MAIN;50|76|80|93
01B9F6FB;1;TARC;CU|AG|AS|BI|MO|SB|HG|W|SN;PRY|EPTH;Filo del Sol;MAIN;36|52|53|57
01FFC76A;1;TORO;N/A;SKN;Bolivar;MAIN;50|56
01F80D49;1;TARC;MO;PRY|BXH;Nacho Zone;MAIN;15|16|17|24|25|26
02F063C7;1;TARC;AS|SB|BI|TE;VMS;Bend;MAIN;26|29|40|53
033C22C1;1;TARC;N/A;PRY;Gibraltar Deposits;MAIN;56|58|59|65
034D4472;1;TARC;MO;PRY;Yerington Mine;MAIN;43|52|54|56
03878B61;1;N/A;N/A;PRY;Berg Deposit;MAIN;20
038DC810;1;TARC;N/A;PRY;Northwest and Southeast Zones;MAIN;30|31|32|38|40
035BDD76;1;TARC;N/A;PRY|BXH;Seel;MAIN;58|62|83
035FEE53;1;TARC;N/A;PRY|SKN;Escalones;MAIN;39|52
038E5924;1;TGGT;N/A;VMS|MOX|PRY|ORO;Chapais Property;MAIN;26|29
0393E6D0;1;TARC;AS|MO|PB;PRY;Whipsaw target area;MAIN;18|20|24|30
03B26F28;1;TARC;PB|ZN;PRY|BXH;American Eagle;MAIN;32|36|37
03EBBDC3;1;TORO;BA|F|RB|PB|AG|BI|TE|CU;PRY|BXH|SKN;Allard Zone;MAIN;46|47|49|50|52
04389917;1;N/A;N/A;TLG;Cauquenes and Colihues;MAIN;29|31
04210A89;1;TORO;N/A;SSC;Kipoi Central;MAIN;43|68|69
043C20ED;1;TARC;N/A;VMS;Perlat;MAIN;22|27|30
0431F0D8;1;TUNK;IN|BI|AG|CO;VMS;Chester;MAIN;18|24|27
04547E4D;1;TSED;ZN|PB|BA|CU|AG|CO|NI;SDX;Sheep Creek;MAIN;24|30|34|36
045DB693;1;TUNK;MO|ZN|PB|NI|CO|CD|SB|AS;EPTL|PRY;Macktush Veins;MAIN;20|25|28
04C75EDD;1;TORO;CU|MO;IOC|BXH;Mount Dore;MAIN;27|28|29|38|41
0532FBF5;1;TARC;N/A;PRY;Ox Lake;MAIN;20|22
0513BF95;1;TARC;N/A;PRY;MacArthur;MAIN;47|56
05732007;1;TARC;AG|AS|CU;EPTH|PRY;Tumpangpitu;MAIN;24|35|40|48
057D9138;1;TARC;N/A;PRY;Zafranal Main zone;MAIN;63|74
05F56B50;1;TORO;CU|NI|CO;N/A;Grindstone;MAIN;18|20|32
057B3714;1;TARC;AG|PB|AS|SB|CO|ZN;SKN|PRY;Billiken;MAIN;20|21|24|25|29
05C18B9B;1;TARC;CU|MO|ZN|AG|PB;PRY|EPTI;Coles Creek;MAIN;15|17|18|31
05FEDF01;1;TARC;BA|F|RB|PB|AG|BI|TE|CU;PRY|BXH;Allard;MAIN;47|48|53|54|60
062FFCAA;1;TARC;N/A;PRY;Main Zone;MAIN;33|36|39|41|42
063F8436;1;TARC;N/A;PRY;Chitigua;MAIN;16|19
0661510D;1;TSED;N/A;SSC;Unkur;MAIN;58|66
066FD738;1;TARC;N/A;PRY|BXH;Malpica deposit;MAIN;21|31
069EC672;1;TORO;N/A;SSC;Tenke Fungurume;MAIN;41|50
0688A054;1;TARC;N/A;PRY;Cactus;MAIN;87
067DEA1B;1;TARC;N/A;PRY;Cerro Fraga Mineralized System;MAIN;59|65|69
07095125;1;TARC;MO|RE;PRY|BXH;Delta;MAIN;22|26|27|28|30
077C804C;1;TORO;N/A;VMS;Coronation Trend;MAIN;22|29|33
07B21EDD;1;TARC;N/A;PRY;Douvray;MAIN;26|29|34
078FBA34;1;TRFT;CD|CU|FE|ZN|MO|AG|PB;VMS;Yellowhead Copper Deposit;MAIN;52|58|79|82|83|87|89
0818F537;1;TUNK;MO;PRY|BXH|EPTH;Cañariaco Norte;MAIN;46|52|54|56
0820DDBD;1;TARC;N/A;PRY;Poplar Deposit;MAIN;29|35
087C2CF4;1;TARC;N/A;PRY|BXH|SKN;Sierra Gorda;MAIN;71|72|78
08FB93DB;1;TARC;N/A;EPTH|PRY;Lunahuasi;MAIN;33|35|37|46
092C4670;1;TARC;N/A;PRY|SKN|BXH;Santo Tomás;MAIN;89|93|116|117|118
092DB49E;1;TORO;BI|TE|AS|SB|CU|MO|ZN|PB|AG;PRY|SKN;Aranzazu;MAIN;44|48|52
0947B6A3;1;TGGT;N/A;ORO;Tucumã Gold Deposits;MAIN;31|32|35
09A00C34;1;TORO;N/A;SSC;Switchback Copper Silver;MAIN;31|37
0978B4D0;1;TARC;N/A;IOC;Marimaca;MAIN;47|51|53|59|60|63|75
09A137BC;1;TARC;MO;PRY;Ilovitza;MAIN;48|49|57|55|61
0A160972;1;TORO;N/A;PRY|SKN;Mount Copper;MAIN;78|79|85
0A2F3971;1;TRFT;MO|CU;PLC|PRY;El Pilar;MAIN;47|53|57
0A95289F;1;TARC;MO|ZN|MN;PRY;Zonia;MAIN;36|43
0B22154C;1;TORO;N/A;PRY|SKN;Contact Copper Project;MAIN;27|29|31|32|38|39|40
0B439B21;1;TARC;N/A;SKN;Longshot Ridge;MAIN;17|20|22
0B292532;1;TUNK;N/A;PRY|IOC;Superior;MAIN;62|63|80|81
0B5508B1;1;TARC;AG|AS|SB|BI|MN|BA|CO|U|PB|ZN|MO;PRY|EPTL;Mazamorras;MAIN;30|35|38
0BD36908;1;TARC;N/A;PRY;Eaglehead;MAIN;16|38|52
0BFBC5EB;1;TGGT;N/A;BXH|STRA;Amy Lake Zone;MAIN;18|19|26|29|30
0BFE1648;1;TORO;MO|PB|ZN|AG|MN|F|BA;PRY;Lordsburg District;MAIN;44|60|64|65|68|69|70
0C0338B9;1;TARC;N/A;PRY|EPTL|BXH;La Tuna;MAIN;11|12|14
0C43256D;1;TBAC;N/A;VMS;Lillefjell;MAIN;14|15|21|22
0C51FC2C;1;N/A;N/A;PRY;Chitigua Porphyry System;MAIN;19|20
0C1FDC7E;1;TUNK;N/A;IOC;Marimaca;MAIN;59|74
0C65B5C2;1;TARC;N/A;PRY|BXH;Caldera Project;MAIN;19|22
0DA16AA6;1;TARC;CU|MO;PRY|SKN;Anomaly Creek;MAIN;12|15|17
0C689604;1;TORO;N/A;IOC|BXH|SKN;Mont de la Brèche;MAIN;62|73|75|88|91|94
0D5213AC;1;TARC;N/A;PRY;Minto;MAIN;85|89|99|100
0DA4B3D0;1;TORO;N/A;SKN;Gunnison Deposit;MAIN;70|72|85
0DBD56E9;1;TORO;CU|CO|PB|AS|AG|NI|BA;VMS|FEL;Stanca;MAIN;43|49|50
0E6A3FF7;1;TORO;AG|AS|BI|CU|CD|MN|PB|SB|ZN|W;PRY|BXH;Casino;MAIN;27|36|37|38
0E91A884;1;TORO;BI|TE|AS|SB;PRY|SKN;Aranzazú;MAIN;53|55|56
0EA1B563;1;TORO;CU|PB|ZN|AG|MO|SB;PRY|MAN|EPTI;Espiritu Porphyry System;MAIN;19|24|27|28|36
0EF8E232;1;TARC;HG|AG|AS|CU;EPTL|PRY|BXH;Maricate-Cobremani;MAIN;11|20|23
0EAF3CF7;1;TORO;N/A;N/A;Kansanshi;MAIN;29|34|37|43
0F47E657;1;TCRA;AG|TE|BI|S|NI|CU|CL|PD;N/A;Foy Property;MAIN;5|10|32|39|41|42|44
0FB6513F;1;TGGT;N/A;ORO;Chibougamau Camp Veins;MAIN;71|84|92|101
101E95AD;1;TORO;N/A;PRY;Gneissic Bands;MAIN;23|29|35
0FD0621B;1;TARC;CU|MO|AG|W|AS|LI|BI|CO|RE;PRY;Elder Creek;MAIN;21|33|36|39|48
101F4545;1;TORO;N/A;SSC;Storm Copper showing;MAIN;33|45|47|48|49
1067EA99;1;TARC;CU|MO|PB|ZN|AG;PRY|EPTH|EPTI;El Cobre;MAIN;15|20|21|23
10AC1323;1;TARC;N/A;PRY|BXH;San Mateo;MAIN;22
10BDC441;1;TORO;N/A;PRY;East Taurus Zone;MAIN;34|39
10C3D3EB;1;TARC;PB|ZN|FE|S|MO;IOC|PRY|EPTL;Rio Grande;MAIN;30|31|41|44|46|48|54
10D3A212;1;TARC;N/A;SKN;Santa Rita pit;MAIN;28|32
112FFB6F;1;TARC;AS|BI|AG|CU|MO;PRY|ORO;Paiute;MAIN;19|24|25|26
1141E160;1;TARC;CU;ORO;Vernon Mine;MAIN;29|30|32|34
11DA36FF;1;TARC;N/A;SKN;Craigmont Mine;MAIN;21|35|36
1203A561;1;TARC;N/A;PRY;MacArthur;MAIN;41|49
11F4AC10;1;TRFT;N/A;SSC;Kamoa;MAIN;105|125|151|152
1248633F;1;TORO;CU|MO|AS|PB|ZN|MN|SB;PRY|BXH;Seel;MAIN;34|37|56|57
12897B47;1;TORO;MO;PRY;Kiseljak;MAIN;18|23|27|33
126DFDE2;1;TARC;CU|MO|PB|ZN|MN|W|HG;PRY;Jean;MAIN;14|18|21|25
12875E35;1;TARC;N/A;PRY|BXH;La Verde;MAIN;30|40
136DEF90;1;TARC;N/A;PRY|BXH;Copper Flat;MAIN;50|63|65
12EEDC5C;1;TARC;W|SN|AS|SB;PRY;Cobre Panamá;MAIN;47|57|68
13D66F48;1;TARC;N/A;EPTH|BXH|PRY;AntaKori;MAIN;32|36|37
13A3D518;1;TARC;N/A;PRY;Haib;MAIN;39
14019B27;1;TARC;N/A;PRY;Ann Mason;MAIN;98
1466E530;1;TARC;N/A;PRY;Wildcat Property;MAIN;16|17|25|27
140607B1;1;TARC;N/A;PRY|EPTH;Valeriano;MAIN;44|45|57
1421A64E;1;TORO;N/A;N/A;Munshiwemba;MAIN;26|27|30
14C34274;1;TRFT;N/A;SSC;Luisha;MAIN;13|18
1571C89E;1;TBAC;N/A;VMS;Åkervollen;MAIN;15|20|21
156C1FC6;1;TARC;N/A;SKN|EPTH;Mabilo;MAIN;109|110|118|123|124
15757D71;1;TARC;N/A;PRY;Coxheath;MAIN;33|37|40|44
158DFD00;1;TARC;N/A;VMS;McIlvenna Bay;MAIN;36|50|51
15C23680;1;TARC;N/A;PRY;Granby Zone;MAIN;14|17
15BAB1F2;1;TORO;N/A;PRY|SKN;Highland Valley Property;MAIN;18|37|38
15C39EB8;1;TGGT;N/A;ORO;Bateman Bay Mine;MAIN;35|45|54
15CFEFDB;1;TARC;N/A;PRY|SKN;East deposit;MAIN;68|75
166695F6;1;TORO;N/A;VMS|SKN|PRY;EBL;MAIN;23|26|28|29
16EC5B80;1;TRFT;AG|PB|AS;SSC;Triangle d'Argent;MAIN;37|45|82
16E5B84D;1;TARC;N/A;PRY;La Fortuna;MAIN;35|45|52|58
169FD19D;1;TARC;N/A;EPTH;Chelopech;MAIN;49|54|58
17194073;1;TARC;N/A;PRY;Maria Luisa;MAIN;26|27|37|40
1761897E;1;TARC;CU|MO|AG;PRY;Star;MAIN;44|53|59|68
177179A7;1;TARC;AS|CU;PRY|SKN;October Dome;MAIN;20|22|23|30
176D59D5;1;TORO;N/A;MNS|ORO;Tulameen Ultramafic Complex;MAIN;51|52|58|65|68|69
179EF479;1;TARC;N/A;PRY;Aguila;MAIN;10|13
17A2D48B;1;TARC;N/A;SKN;Bolivar;MAIN;25|26
17CE9C2D;1;TGGT;N/A;IOC;Corner Bay;MAIN;109|127
17CE9921;1;TORO;CU|MO|AG|AS;PRY;Pilot;MAIN;19|20|35
17F78A66;1;TORO;N/A;MAN;Kombat Mine;MAIN;24|25|33
183F01DC;1;TORO;N/A;VMS;Emba Derho;MAIN;59|60|61|82|83|84
1874E12A;1;TARC;N/A;PRY|SKN;Main Zone Porphyry;MAIN;30|31|32|33
1889B01E;1;TARC;N/A;SKN|IOC;East Deposit;MAIN;79|82|83|84|87
1976C515;1;N/A;N/A;PRY;Central Porphyry Zone;MAIN;29|34|35
19052D31;1;TORO;N/A;SSC;Caribou Dome;MAIN;21|22|25|31|39
195E0531;1;TORO;N/A;VMS|ORO;Lottie;MAIN;14|15|19
195AFFD3;1;TARC;N/A;PRY;Star;MAIN;44|53|59|62
19D97606;1;TORO;AG|CU|SE;N/A;Toro Vein System;MAIN;20|25|30
1987828B;1;TARC;CU|MO|PB|ZN|AG;PRY|EPTH|EPTI;El Cobre;MAIN;15|20|21|23
1A0CB299;1;TARC;CU|AS|AG|MO|PB|ZN|SB;PRY|SKN;Khavchig Yargait (KY);MAIN;38|39|41|42|46|52|55|66
19F79899;1;TBAC;ZN|FE;N/A;Bornite;MAIN;41|55|65
1A65FA88;1;TARC;N/A;PRY;Central Zone;MAIN;11|12|32|48
1A844DEC;1;TTRN;N/A;PRY;Lennac Lake;MAIN;45|53
1A89390C;1;TORO;N/A;N/A;Milnet 1500 zone;MAIN;46|47
1B1B83C5;1;TARC;MO|AG|PB|ZN|SN|AS|U|BI;PRY;Majuba Hill;MAIN;33|36|45|47|48|50
1B34B0FA;1;TRFT;N/A;SSC;Luishia Sud;MAIN;14|28
1B6D92AB;1;TORO;N/A;N/A;Dumbwa;MAIN;25|26|27|28|34
1B49E2D0;1;TORO;MN|AS|SB;PRY|MAN|SKN;Lustdust System;MAIN;12|14|19|20|22|23|25
1B830ECB;1;TARC;N/A;PRY;Western Porphyries;MAIN;56|65|69
1B9D624D;1;TARC;AS;PRY|BXH;North Zone;MAIN;25|29|35|37|38|39
1BB0D9F1;1;TARC;N/A;SSC;Golcuk;MAIN;27|28|29|33
1C33021F;1;TARC;N/A;PRY|SKN;Olgal;MAIN;31|33|34|40
1BD47F85;1;TARC;FE|CO|NI|BI;PRY|IOC;Don Beno;MAIN;14|17|18|19
1BF83342;1;TUNK;N/A;EPTI|PRY;Siwash Property;MAIN;33|36|37
1BF233CE;1;TARC;N/A;PRY;Zafranal Main Zone;MAIN;48|59
1C8A1908;1;TARC;N/A;PRY|BXH;Gnat Pass;MAIN;63|72|75|77
1C4271A5;1;TARC;N/A;PRY|SKN;Mal-Wen Porphyry System;MAIN;26|29
1D4B9831;1;TARC;N/A;SSC;Rio 27;MAIN;32|33|36|40|41
1D0D4AC6;1;TARC;N/A;ORO;Farellon;MAIN;23|30|33
1CE1A525;1;TARC;N/A;SKN;Santa Rita pit;MAIN;28|31
1D7816FA;1;TORO;N/A;SSC;Kuke;MAIN;13|15|16
1D8A274B;1;TORO;N/A;PRY;Skouries;MAIN;59|66
1E0F7C02;1;TARC;N/A;PRY;Rex;MAIN;33|34|39|41
1DAB9B46;1;TARC;SB|AS|HG;VMS;El Domo;MAIN;98|99|104|105|106
1E347122;1;TORO;NI|CO|CR;MNS|IOC;Pilar Mine;MAIN;70|105|106|107|108
1E641D70;1;TORO;AS;IRG|ORO|BXH;Defesa das Mercês;MAIN;32|35|37
1EFEF5B2;1;TARC;CU|MO;PRY;Mantle;MAIN;50|51
1F57D1D6;1;TARC;N/A;PRY|BXH;American Eagle/Keel;MAIN;61|64|65
1F7FA1A5;1;TARC;CU|MO|ZN|MN;PRY;Zonia;MAIN;64|71
1F846C00;1;TUNK;N/A;VMS;Neves Corvo;MAIN;23
1FE0D1CF;1;TORO;N/A;PRY|SKN;Copper Mountain;MAIN;48|55
1FFED8AF;1;TORO;N/A;VMS;T-1 Copper Deposit;MAIN;41|51|54
1FE59C52;1;TARC;PB|ZN|AG|CU|MO|BI|AS;PRY|SKN|CAR|MAN;Thompson Knolls;MAIN;35|46|47|50|52|55
20A1FA8D;1;TORO;AG|PB|ZN|CU|MO|BI|AS|SB|HG|BA;PRY|SKN|CAR|MAN;Thompson Knolls;MAIN;37|50|54|56|58|59
20A89ED6;1;TARC;N/A;PRY;Poplar Deposit;MAIN;30|36
210FE85D;1;TARC;N/A;N/A;Elenita;MAIN;26|32|33
21506A3E;1;TARC;N/A;IOC|PRY;Rio Grande;MAIN;33|40
21D98492;1;TRFT;N/A;MNS;Maturi;MAIN;110|111|152
21F453E1;1;TARC;N/A;PRY|EPTH|BXH;Bayugo;MAIN;20|25
21D7121A;1;TARC;N/A;PRY|EPTH|EPTI;Chinchillones Complex;MAIN;60|91|92
2288E024;1;TARC;AG;VMS;Escondida;MAIN;13|15
21F59780;1;TARC;N/A;VMS;Debarwa;MAIN;37|51|56|59
222391FF;1;TARC;CU|MO|ZN|MN;PRY;Zonia;MAIN;34|42
229AE0D0;1;TARC;N/A;PRY|EPTH;Hugo North Extension;MAIN;91|97|99|115
232FC67E;1;TORO;N/A;IOC;Guelb Moghrein;MAIN;37|42|43
23540996;1;TARC;N/A;VMS;Emba Derho;MAIN;24|25|26|37|38|40
23137982;1;TARC;N/A;PRY;Taca Taca;MAIN;46|49|58
237A1EE2;1;TSED;CU|CO|NI|BA|PB|ZN|AG;SDX;Sheep Creek;MAIN;33|44|49
237A5A29;1;TBAC;N/A;VMS;Tomtebo Mine;MAIN;31|34|45|46
2384097C;1;TORO;N/A;SSC;Caribou Dome;MAIN;19|20|23|25
23C43C3D;1;TARC;N/A;PRY|SKN|IOC;Copper Mountain;MAIN;35|42|43
240A358E;1;TSED;BA|AG|PB|ZN;SDX;Johnny Lee;MAIN;56|67|73
241453AB;1;TARC;N/A;PRY;Southeast Zone;MAIN;22|32
23EB0062;1;TRFT;N/A;MNS|MOX|ORO;Lansdowne House Igneous Complex;MAIN;58|81|94|95|96|98|99
24025F81;1;TUNK;CU|MO;PRY|BXH;Berta;MAIN;65|78|84|88|95|96|97
242A3764;1;TBAC;N/A;SSC;Nussir;MAIN;86|90
24367B87;1;TORO;BI|TE|AS|SB;PRY|SKN;Arroyos Azules;MAIN;45|47|48
24C70B17;1;TARC;CU|ZN|HG;VMS;Kay Mine;MAIN;5|15|26|27|29
24902640;1;TARC;N/A;PRY;Yerington Deposit;MAIN;93|94|104
254E646D;1;N/A;U;IOC;Salobo;MAIN;33|34|35|37
248354B2;1;TUNK;N/A;PRY|BXH;Cañariaco Norte;MAIN;67|77|78
25EBA9FA;1;TARC;N/A;VMS;Kona;MAIN;37|44|47
25CBE541;1;TARC;N/A;PRY;Taca Taca;MAIN;32|35|44
256FDE04;1;TARC;CU|ZN|SB|AS|MO|PB;PRY;Mount Milligan;MAIN;70|85|87
26197CAF;1;TARC;N/A;PRY|EPTH;Beskauga;MAIN;34|36|38|40|41|42
266EF03A;1;TBAC;BA|FE;SSC|MAN;El Corral;MAIN;18|23|25
262068C3;1;TARC;N/A;IOC|SKN;Pumpkin Hollow;MAIN;31|101|103|105
26C06FC9;1;TARC;N/A;PRY;Southeast Zone;MAIN;21|31|35|36
26EA3216;1;TRFT;AG|BI|MO|RE|S|SB|SE|TE;SSC;Ghanzi;MAIN;21|24|26
27461FA9;1;TARC;N/A;PRY;Valley deposit;MAIN;19|26
270360D0;1;TORO;N/A;SKN|EPTH;Empire Mine;MAIN;39|41|44|45|46|47
2742A5BB;1;TARC;N/A;PRY;Central Zone;MAIN;63|65|74
273AFB3A;1;TORO;N/A;SKN|EPTH;Empire Mine;MAIN;38|40|43|44|45|46
27C5C4F5;1;TORO;N/A;SKN|PRY;Johnson Camp Mine;MAIN;50|52|56
27F8E9FB;1;TORO;N/A;SKN|MAN;UMZ;MAIN;29|32|34
279FF237;1;TUNK;MO;PRY|EPTH;Valeriano;MAIN;34|45|46|50
2850466D;1;TARC;MO|BI|SE|TE|AS|MN|ZN;PRY;Alpala;MAIN;57|58|102|110
28B98059;1;TARC;N/A;TLG;Cauquenes and Colihues Tailings;MAIN;39|40|43
285BCFF0;1;TARC;N/A;VMS;McIlvenna Bay;MAIN;48|56|61
28BAAFEC;1;TORO;N/A;SSC;Boomgate;MAIN;30|36
28784297;1;TORO;N/A;PRY|EPTH;Oyu Tolgoi deposits;MAIN;112|115|116|117
28BF9244;1;TARC;N/A;PRY;Terry;MAIN;21|34|42
28BA8081;1;TORO;AG|BI|AS;BXH;Amy Lake Zone;MAIN;24|25|29|37|38|39|45
28E547C3;1;TARC;AS;PRY;Cathedral Area;MAIN;27|37|42|43|49
291D03B0;1;TARC;N/A;BXH;Vaquillas Mine;MAIN;46|55|61
29C62E19;1;TARC;N/A;BXH;La Guanaca;MAIN;14|16|19
2932689C;1;TARC;N/A;VMS;Shiner Zone;MAIN;14|21
2A893C12;1;TARC;N/A;EPTI;Cozamin;MAIN;62|69|71
2A08A0D0;1;TORO;CU|ZN|PB|AS;IOC|VMS;Iron Mountain Fault Zone;MAIN;68|69|70|75|76|79
2A98D528;1;TARC;N/A;N/A;Venapai;MAIN;14|16
2A93AEFC;1;TARC;N/A;PRY|SKN|MAN;Dos Amigos;MAIN;77|80
2B09FC0B;1;TORO;N/A;SKN|PRY;Sombrero Main/Nioc Project;MAIN;42|49|55
2A99EB42;1;TORO;N/A;PRY|EPTH;Hugo Dummett;MAIN;110|149|150
2B1F2E57;1;TRFT;N/A;SSC;Copperwood Deposit;MAIN;96|121|124
2B258E75;1;TARC;N/A;IOC;Santo Domingo;MAIN;39|60
2B3B4DE8;1;TRFT;N/A;IOC;Coppercorp Property IOCG;MAIN;41|43|45
2B74DF9A;1;TARC;N/A;PRY;Gibraltar Mine;MAIN;59|70
2C29F87F;1;TARC;N/A;VMS;Emba Derho;MAIN;42|43|53|54|56|61
2C8B78F3;1;TORO;N/A;MNS;Marymac;MAIN;20|26
2BA6DA0A;1;TARC;MO;PRY;Cortadera;MAIN;107|130|153
2BF77B51;1;TRFT;N/A;MNS|MOX;Lansdowne House Igneous Complex;MAIN;58|81|93|94|95|96|98
2CBCDE37;1;TGGT;N/A;VMS|ORO;B26 deposit;MAIN;31|55
2D0BFCAE;1;TGGT;CU;VMS;Blue Lake;MAIN;17|22|24|26
2CADA11E;1;TORO;N/A;N/A;Carmacks Copper deposit;MAIN;25|33
2D2353D4;1;TARC;AS|SB|SE|TL|AG|MO|HG|TE|PB|ZN;EPTL|EPTI;Crunchy Hill;MAIN;38|44|67|73
2E48EBE7;1;TORO;MN;VMS;Copper Queen;MAIN;40|45|48|49
2D62AB91;1;TARC;N/A;PRY|SKN;Spout Deposit;MAIN;47|49|56|76
2E7C4864;1;TARC;N/A;PRY;Ann Mason;MAIN;97
2EBAFD26;1;TARC;N/A;IOC;Marimaca;MAIN;36|39|56
2FBFCF2A;1;N/A;N/A;TLG;Cauquenes and Colihues;MAIN;30|32
2F48CA8E;1;TORO;CU|MO|CO|AS;PRY;Buckhorn;MAIN;16|23|31|40
2F701B56;1;TUNK;N/A;PRY|SKN;Pinto Valley;MAIN;23|26|41|45
3099DE4F;1;TORO;N/A;SKN|PRY;Jiama;MAIN;31|33|35
30BB8DD6;1;TARC;ZN|PB;PRY|BXH;Mocoa;MAIN;29|31|34|39|40
30750494;1;TORO;N/A;VMS;Nicolet Property;MAIN;36|44|45|53|72
309B8140;1;TBAC;AG|AS|SB|PB|ZN|CU|MO|BA;PRY|SKN|EPTI;Lagalochan;MAIN;34|49|51|53|54|58
30CC1623;1;TUNK;N/A;VMS;Binghampton-Copper Queen;MAIN;21|22
30E1D533;1;TARC;N/A;SKN;Bolivar;MAIN;22|23|24|25
313B0DE0;1;TARC;N/A;PRY|EPTH;Hushamu;MAIN;37|55
315AC65A;1;TRFT;N/A;SSC;Luisha South;MAIN;27|31|35
31B6E7C4;1;TARC;AS|SB|BI|W|HG|TL|AG|PB|ZN|SE;PRY|BXH|EPTL;3C deposit;MAIN;23|24|27|28|30|45|46
31D1916C;1;TPAB;MN;SSC;Samalayuca;MAIN;28|33|47|49|51
31EDC649;1;TSED;N/A;SSC;Mokambo;MAIN;41|49
31FB98BD;1;TARC;CU|MO;PRY|EPTH;Josemaría;MAIN;60|63|73|75
31FD91FE;1;TORO;N/A;SSC;Sentinel;MAIN;52|60
3208250A;1;TARC;AS|HG;PRY;Rattlesnake Creek Target;MAIN;60|62|66|67|68|70
321FCB96;1;TARC;N/A;PRY;Mount Milligan;MAIN;49|61
3249CA0A;1;TORO;N/A;VMS;Marateca;MAIN;39|40|51
327289CF;1;TARC;N/A;SKN|MAN|PRY;Yauricocha;MAIN;63|68|70|72|84
32B4F3C8;1;TARC;N/A;PRY;Grizzly Prospect;MAIN;20|22|23
32B6C32D;1;TORO;FE|CR|NI|TI;IOC;Serrote Deposit;MAIN;16|19|28
310B90D0;1;TARC;CU;VMS;Harper Creek;MAIN;48|49|65|68
33B27A47;1;TARC;N/A;PRY;Warintza Central;MAIN;36|52
33B2BE91;1;TARC;CU|MO|ZN;PRY;Valley;MAIN;37|48|53|56|58
33BF1AD1;1;TORO;N/A;IOC;Minto Deposit;MAIN;13|48|52|55
3429A200;1;TORO;CU|MO|BI|AG|U;PRY;Gold Lake;MAIN;18|19|21|28|29|30
33E3DC0A;1;TORO;CO|NI|CU|AS;ORO;Copper Prince;MAIN;13|19|20|22
3400CC6F;1;TARC;N/A;PRY;Main Zone;MAIN;53|65|80
34144819;1;TARC;N/A;PRY;Donnelly;MAIN;25|31
34BB78F2;1;TARC;N/A;PRY;Mt. Milligan;MAIN;28|34
3462679A;1;TARC;AS|CD|CO|SB|BI|AG|ZN|PB|HG|IN|TE|SE|MN|CU;VMS;Kay Deposit;MAIN;91|92|105|113|118|131|133|138
34B15861;1;TARC;N/A;PRY|IRG;Dick Creek;MAIN;33|38|42|43|44|53
3523D2F6;1;TARC;ZN|AS;PRY;Cobrasco-Comita;MAIN;44|59|66
359722A2;1;TORO;N/A;SSC;Sase Project;MAIN;26|32|33|35|37
357554E9;1;TARC;N/A;BXH|ORO;Jewelry Box;MAIN;36|39|41
36302092;1;TARC;N/A;PRY|SKN;CIM Property Porphyry Target;MAIN;14|17
35C7958E;1;TUNK;AG|MO;PRY|BXH|EPTH;Cañariaco Norte;MAIN;23|24|25|30|32|33|34|36|37
36B53299;1;TARC;N/A;PRY|SKN;Haquira;MAIN;47|56
3642F95C;1;TARC;AG|AS|BI|CU|HG|MO|S|SN|TE|W|ZN;PRY|EPTH;Hill 1835;MAIN;28|34|42|45|48|60
3637053E;1;TARC;N/A;PRY|BXH;Sierra Gorda;MAIN;40|54
36E1FFB8;1;TARC;N/A;PRY|BXH;OK Intrusive Complex;MAIN;20|22|29
3752223A;1;TARC;AG|AS|SB|K;PRY;Vizcachitas;MAIN;26|30|32
37E0A204;1;TSED;PB|ZN;SSC;Klondike;MAIN;18|25|26
371DA4F2;1;TARC;SB|AS|HG|BR;VMS;El Domo;MAIN;52|53|58|59|61|62
37E5FB33;1;TARC;N/A;PRY|IOC|SKN;Copper Mountain;MAIN;17|18|23|25|28
383E6CFF;1;TBAC;N/A;IOC|SKN;Cerro Verde;MAIN;32|33|37
38696906;1;TUNK;N/A;PRY;Rudnitza;MAIN;18
385644EB;1;TCRA;N/A;IOC;Sue-Dianne;MAIN;34|38
3883E73D;1;TARC;N/A;PRY;Regalito;MAIN;66|67|79|81
38A14904;1;TARC;N/A;PRY;Los Helados;MAIN;41|55
38B826DA;1;TBAC;N/A;VMS;Solwara 1;MAIN;46|58
38F2CC99;1;TARC;N/A;PRY;Cerro Barco;MAIN;68|72|75|92
3935D41A;1;TRFT;N/A;IOC;Planalto;MAIN;60|70|71
39463288;1;TARC;N/A;PRY;Taca Taca Bajo;MAIN;33
390CFBF7;1;TARC;N/A;PRY;Kwanika Central;MAIN;50|77
397B0570;1;TUNK;MO;PRY|BXH;Berta;MAIN;78|109|110|111
39BB80BB;1;TARC;N/A;PRY|BXH;Hushamu Deposit;MAIN;14|16|17|20
39DA3009;1;TGGT;N/A;MNS;Fortin Sill;MAIN;19|21|22
3A6C7B48;1;TORO;N/A;VMS;Emba Derho;MAIN;30|37|42|45
3A8DFB21;1;TARC;MO;PRY|BXH;Los Helados;MAIN;50|52|54|62|65
3A96C0F2;1;TARC;N/A;PRY;Central Aguila Zone;MAIN;18|23
3AB613B6;1;TARC;AS|HG;PRY;Saddle North;MAIN;64|65|72|73|89|93
3AB0BC78;1;TARC;N/A;PRY;La Fortuna;MAIN;35|38|52|58|59
3ACBCEA7;1;TARC;CU|HG|CO|BI|AS|CD|ZN|AG|PB|TE|MO;VMS;Kay Mine;MAIN;5|6|16|27|29|36|39
3ADD0C5C;1;TORO;CO|MO|U|AS;IOC;El Alacran;MAIN;30|44|51
3BAB3D19;1;TARC;N/A;IOC;Santo Domingo Sur;MAIN;40|41|47
3B4571E3;1;TORO;N/A;VMS|ORO;Katie prospect;MAIN;12|13|17|19|24
3BF3D3B6;1;TARC;CU;PRY;Deerhorn;MAIN;31|37|39|40
3B80118F;1;TARC;CU|MO;PRY|BXH|EPTL;Chita Porphyry;MAIN;34|36|46|47|59|61|65
3CD78E97;1;TORO;N/A;VMS;Mahab 4;MAIN;25|27|38
3CB1D357;1;N/A;N/A;PRY;Berg Deposit;MAIN;35
3C01B775;1;TARC;MO|CU|BI|ZN|PB|MN;PRY;Cortadera;MAIN;160|169|170|178
3CF28AF9;1;TARC;N/A;PRY|BXH;Los Helados;MAIN;46|50|59|60
3CF3A5AA;1;TORO;N/A;PRY;Pebble deposit;MAIN;51|72|76
0295D9BC;1;TARC;N/A;PRY;Eaglehead Project;MAIN;50|56|81
113E0961;1;TBAC;N/A;VMS;Tower deposit;MAIN;47|48|51|58
128E3DD7;1;TARC;N/A;PRY;Sugarloaf;MAIN;39
2DC58281;1;TARC;CU|ZN|AG|AS|BI|TE;SKN|PRY;Arroyos Azules;MAIN;39|42|44|45|47|50
C8AFD621;1;TARC;N/A;EPTI|EPTH;Reliquias Mine;MAIN;41|42|43|47|56|57
CCFE7D7E;1;TARC;AG|PB|ZN;SKN|MAN;Cerro Las Minitas;MAIN;22|24|32|34|35
DD09D7E2;1;TGGT;N/A;ORO;Randy;MAIN;40|42|47|51|69|73
DE625902;1;TARC;N/A;MAN|SKN;Hardshell;MAIN;32|43
EE9A3FAA;1;TGGT;N/A;ORO;Surluga;MAIN;56|58|68
30FF3DB6;1;TORO;BI|TE|AS|SB;PRY|SKN;Arroyos Azules;MAIN;60|62|63|64
360D735B;1;TCRA;ZN|AS|NI|PB|CO|CR;FEL;Peterson Lake Veins;MAIN;23|25|31
00335A2A;1;N/A;N/A;N/A;Soledad Mountain;MAIN;26|27|28
0094DD97;1;TORO;N/A;N/A;Trefi Property;MAIN;19|27
013FB6D5;1;TORO;N/A;VMS;Halfmile Lake;MAIN;61|70|74
00A34F0F;1;TORO;N/A;MNS;Skynner Lake;MAIN;27|33|36
009AA5D0;1;TGGT;MO|AS|HG|SB|BA|V|TL|ZN|W;VMS|ORO;Lunny Property;MAIN;37|41|42|43|53
00B1F975;1;TGGT;N/A;ORO;Laura Lake property;MAIN;42|51|57|59|64|71|78
01606B63;1;TARC;N/A;PRY;Whistler deposit;MAIN;22|26
017966EB;1;TORO;N/A;MNS;Las Aguilas;MAIN;26|31|35
017C755D;1;TORO;N/A;PRY|IRG|BXH;North Zone;MAIN;49|54|58|60|61|77
01A35857;1;TGGT;N/A;MNS;Redstone;MAIN;27|31|35|36
01859F86;1;TARC;N/A;EPTH|BXH;Cieneguita;MAIN;18|24|26
01B7CE1F;1;TORO;HG|AG|AS|SB;IRG|EPTL|VMS|SKN;Bonsai;MAIN;11|12|16|17|18|19
0190ECEE;1;TORO;N/A;MNS;Santa Rita;MAIN;38|42|49
02AE1348;1;TRFT;N/A;COA;Carbon Project Coal;MAIN;17|18
01E163AF;1;TRFT;N/A;MVT;Jubilee;MAIN;19|20|24|25
01E22BA9;1;TCRA;N/A;EVP;Muskowekwan;MAIN;23|41|42
01C5D8EC;1;TGGT;N/A;MNS;NISK-1;MAIN;22|28
02A73698;1;TORO;BI|SN|W|TE|SE;PRY|IRG;Cerro del Gallo;MAIN;27|37|39
02F4CBC5;1;TORO;N/A;VMS;Woodlawn deposit;MAIN;58|59|60|63
03E61789;1;TORO;N/A;SKN;Mavres Petres;MAIN;13|14|16|17
032BD052;1;TARC;AG|AS|BI|MO|PB|SB;EPTH|PRY;Agi Dagi;MAIN;21|25|31|32|37
03FB8BC7;1;TCRA;N/A;PLC|KIM;109 PMLs;MAIN;25|28|30|31|35
03FA96B7;1;TCRA;N/A;KIM;Gahcho Kué Cluster;MAIN;39|46|55
046D7B44;1;TGGT;N/A;MOX;Lake Olga West;MAIN;30|34
049A455C;1;TORO;NI|CU|CO;MNS;Juno;MAIN;13|14
04583154;1;TGGT;AG|CU|ZN|CO|NI;PRY|ORO|BXH|VMS;Jam - Bell Lake Zone;MAIN;14|46|56|57|59|62|63
0487AD30;1;TARC;FE|S|ZN|CU|PB|AS|CD|MN|SB;EPTI;Marmato;MAIN;62|63|67|69|77
05241855;1;TGGT;AG|CU|PB|ZN|MO;ORO|PRY;Cognac Property;MAIN;11|14
04C2B186;1;TORO;SB|AS;ORO;Solomon Shear;MAIN;32|34|35|36|43|51
04A302F6;1;TORO;N/A;PRY;Cannivan Gulch;MAIN;13|23
0517112B;1;TRFT;N/A;IRG|SKN;Ulo Ulo;MAIN;13|14
055152ED;1;TARC;AS|SB;EPTL;Kamila;MAIN;68|87|92|95
060C9CFF;1;TARC;N/A;EPTL;Fortuna;MAIN;38|40
055F5372;1;TORO;BI|CO|AG|CU|AS;SKN;Nixon Fork;MAIN;33|35|39|40|43
058CB5FA;1;TORO;N/A;SKN;Tabuaço Skarns;MAIN;17|20
06499911;1;TARC;AS|SB|HG;EPTL;Rodeo;MAIN;17|18|36|38|39
064CC803;1;TGGT;N/A;MOX;Iron-T;MAIN;26|30
05F6A6C1;1;TARC;AG|CU|PB|ZN|AS|SB|MO;EPTI|EPTH|PRY;Santa Cecilia;MAIN;22|29|31|36|37|39|40
0671D9BF;1;TSED;N/A;PHO;Sandpiper/Meob;MAIN;7|21|41
06761853;1;TGGT;N/A;MNS;Eagle One;MAIN;23|24|27|28
075A8E2A;1;TRFT;N/A;ORO;Briggs;MAIN;27|34
06D57437;1;TBAC;AS|SB;IRG;Money Knob;MAIN;18|21
0766109B;1;TARC;CU;EPTL;Topacio Vein System;MAIN;13|15|17
0734B2C6;1;TCRA;N/A;URN|PLC;Mormon Lake;MAIN;14|24
06F7A932;1;TORO;B;BRN;Marifil Lithium Properties;MAIN;22|23|24|29|30
075931F5;1;TGGT;N/A;ORO|IRG;David;MAIN;13|18|20
0772A3C4;1;TARC;N/A;VMS|EPTL;Main Breccia Zone;MAIN;25|27|28
085F70B2;1;TORO;BI|MO|LA|AS|SB;IRG|SKN;Indian River Anomaly;MAIN;12|14|16|18
0800D1A5;1;TARC;N/A;EPTL;San Dimas District;MAIN;36|39|42
081EF0CC;1;TRFT;TH;PLC;Agnew Lake Mine;MAIN;34|35|36|37|38|43
08731BAE;1;TGGT;U|TH|K;PLC;Apple;MAIN;33|43|48
07F24680;1;TGGT;CU;PLC|LAT;Groete Creek;MAIN;24|27|28|33
088A99D7;1;TCRA;N/A;EVP;Allan;MAIN;19|21
08E3F035;1;TGGT;N/A;VMS;Bur Zone;MAIN;25|27|29
08A89ACA;1;TGGT;B|W|SB|TE|MO|AS;ORO;Timginn;MAIN;9|19|20|22
08A73147;1;TARC;N/A;EPTL;Vein Zone;MAIN;19|28
0887207E;1;TARC;W|BI|BA;PRY|SKN;Pinaya;MAIN;26|27|34|35|37
08ED6686;1;TGGT;AS|AG|CU|ZN;ORO;Anatacau property;MAIN;11|13|14|15
08FC930A;1;TORO;N/A;IRG;Jenner Stock;MAIN;33|37|38
099BA2BA;1;TSED;N/A;COA;Poplar River Mine;MAIN;17|24|25
0953F27A;1;TORO;N/A;SWM;Coles Hill;MAIN;32|34
0965C0FF;1;TUNK;N/A;N/A;Milnet Mine;MAIN;50|54|58|64
096C8780;1;TORO;W|SN|BI;SWM|SKN;Mt. Haskin;MAIN;20|23|24
094C45E0;1;TORO;TH;URX;Anomaly A / Oshiveli;MAIN;29|30|37|38|40
09B8FBCA;1;TARC;N/A;EPG;Middle Ridge;MAIN;16|19|28
09A50CEE;1;TORO;N/A;MNS;Huangshan;MAIN;57|62|63|68|69
09CE0318;1;TGGT;N/A;MNS;No. 2 Ni showing;MAIN;21|26
0A84B78A;1;TARC;N/A;ORO;San Juan veins;MAIN;43|47
09D8A764;1;TARC;N/A;IOC;Las Carolinas;MAIN;20|24
0A140538;1;TARC;HG;EPTL|PRY|BXH|SKN;Montgomery Pass;MAIN;9|10|11|12|13
0A9F151C;1;TORO;N/A;MVT;Hakkari Zinc Project;MAIN;26|31|32|37|60
0AC926A7;1;TGGT;N/A;SKN;Aappaluttoq;MAIN;40|41|44|45|51|71
0ACC5BBB;1;TRFT;AG|AS|SB|HG;EPTL|BXH;Atlanta Mine;MAIN;19|21|22|26
0ADBF86C;1;TRFT;N/A;BRN|EVP;Big Smoky Valley;MAIN;18|24
0B13B013;1;TGGT;AS|AG|MO|CU;ORO|IRG;Lac Escale Project;MAIN;14|21|22|24|25|26
0B2EF4CE;1;TORO;AS|SB|AG|PB|ZN|CD|BI|U|W|MO|TE|SE|CU;IRG;Uncle Sam;MAIN;25|27|28|29|31
0B41D8B1;1;TGGT;N/A;ORO;Tex-Sol Showing;MAIN;16|17|22|23
0BAD8452;1;TORO;N/A;ORO;Silver Bell-St. Lawrence;MAIN;15|18|19|23
0B3CE050;1;TRFT;AS|HG|SB|PB|ZN|MN|CU;EPTL|BXH;La Josefina;MAIN;26|33|34|35|37
0B8D3E5F;1;TORO;AS|SB;ORO;Little River Prospect;MAIN;50|51|63|64|73
0BC295E4;1;TUNK;N/A;SKN;Brynnor deposit;MAIN;10|11
0C4B2A0B;1;TCRA;N/A;KIM;Carolina kimberlite pipe;MAIN;24|29
0BD632CA;1;TORO;N/A;ORO;Carla Licences;MAIN;26|32
0BF5C28B;1;TCRA;N/A;MOX;Gulçari A;MAIN;21|24|29
0BD50AFD;1;TCRA;N/A;KIM;Orion South Kimberlite;MAIN;26|29|35|36
0CB801BD;1;TUNK;MO;PRY;Severance Property;MAIN;11|15
0C4D5621;1;TARC;CU|MO|PB|ZN|AS|F;PRY|EPTH;Deep River;MAIN;21|22|31|35|36|39
0D134149;1;TGGT;N/A;ORO;Lac Anctil;MAIN;16|23|24
0CBB8F6D;1;TGGT;N/A;VMS;Victory Lake;MAIN;22|27|31
0D26D02E;1;TGGT;AS|SB;ORO;Franto;MAIN;12|15|16
0CFDD828;1;TARC;N/A;IRG|PRY;Calerita;MAIN;18|23|25|29
0CEA718C;1;TORO;N/A;SKN|IOC;Sahavaara;MAIN;49|60
0CC8407C;1;TGGT;AS;PRY|ORO;Lac Pau;MAIN;9|13|15
0D4C0FF7;1;TORO;N/A;PRY;Surdulica;MAIN;33|39
0D531FB9;1;N/A;N/A;URX;Kargysh;MAIN;25|28
0E3371F6;1;TARC;N/A;EPTI;Echandia;MAIN;56|66|67|68
0E62BCCC;1;TARC;AS|BA|HG|SB;CAR|BXH;QDD;MAIN;71|79|81
0DCBCD9D;1;TORO;AS;ORO;Dombraly;MAIN;17|30
0E93F954;1;TORO;N/A;MOX;St-Urbain Ilmenite;MAIN;19|21
0EBA9A06;1;TARC;PB|AG|SB|AS|HG|CD|CU;IRG;JJ Main;MAIN;28|35|39|49
0EFA2502;1;TSED;N/A;PLC;Ateba Property Uranium Mineralization;MAIN;16|19|21
0F2116E7;1;TSED;N/A;URN;Hank Unit;MAIN;13|15
0F3D8A6E;1;TTRN;AS|CU;IOC;Northern Zone;MAIN;13|15|16
0F5238E8;1;TUNK;N/A;BRN;PCD Lens;MAIN;43|45|49
0F480F07;1;TORO;N/A;MNS;Bucko Deposit;MAIN;24|25|28|29
0F9742AC;1;TSED;FE|V|SE|MO;URN;Centennial Project;MAIN;16|17|18
0F529617;1;TORO;U|TH;N/A;B Zone;MAIN;26|31
0F962ECE;1;TGGT;N/A;MNS;Lac Levac Ni-Cu Sulfide Zone;MAIN;25|26|29
0FF02422;1;TARC;N/A;VMS;Slumach Zone;MAIN;17|18|21
10463E22;1;TRFT;AG|HG|AS|SE|MO;EPTL;East Manhattan Project;MAIN;9|11|12
0FC0BF39;1;TGGT;N/A;MNS;Langmuir No. 2;MAIN;48|52
106AC875;1;TSED;N/A;EVP;Potash North;MAIN;22|33
104F4913;1;TTRN;AS|SB|HG|FE|MO|PB|S|SN|W|ZN;EPTH|BXH;Graben;MAIN;69|76|78|80|92
10E39468;1;TORO;N/A;PEG;Marropino;MAIN;74|94
10751597;1;TUNK;CU|CO|PT|PD;MNS|CHR;Turnagain;MAIN;51|58|62
10F53A44;1;TGGT;N/A;IRF;Trairão;MAIN;43|44|48|49
110A6947;1;TARC;N/A;CAR|SKN;Main Zone;MAIN;14|17|19
10F6855D;1;TARC;CU|AS|MO;PRY|EPTL;American Tunnels;MAIN;51|57|58|59|60
1110CA54;1;TORO;N/A;BRN;Salinas Grandes;MAIN;33|42|43|59
113BD5B4;1;TGGT;N/A;VMS;PD1;MAIN;36|37|50|51
117638C7;1;TGGT;AG|AS|BI|MO|SB|W;ORO;Franto showing;MAIN;10|12|15
1167DD7B;1;TARC;N/A;MAN;Los Pumas;MAIN;22|27|28
116EE837;1;TCRA;N/A;STRA;WBJV Project 1 & 1A;MAIN;32|44
11694414;1;TCRA;N/A;URU;Thorburn Lake;MAIN;21|22|23|26
117F57E3;1;TORO;N/A;URX;Lac Kachiwiss;MAIN;12|14
113DC4E0;1;TORO;AS|SB|HG|BA|CU|PB|NI|BI|AG;N/A;Ballarat;MAIN;15|16|22|23|24|31|33
11C7FE1A;1;TSED;N/A;N/A;Limestone Deposit;MAIN;30|31
11D70AF0;1;TGGT;N/A;ORO;Cossette vein;MAIN;21|26
121631FE;1;TGGT;N/A;VMS;Yava Main Zone;MAIN;16|17
11D44AF8;1;TARC;AS;EPTL|BXH;Molejón;MAIN;40|41|49|52|57|62
12C6EEB8;1;TGGT;N/A;VMS;Estrades deposit;MAIN;30|32|39|40
123AA614;1;TARC;N/A;SKN;La Luz;MAIN;19|20
123DABD9;1;TORO;AG|AS|PB|CS;ORO;Deer Horn;MAIN;22|23|32
1451048F;1;TARC;N/A;SKN;El Creston;MAIN;12|16
13B5E359;1;TRFT;AG|HG|AS;EPTL;Eureka;MAIN;33|35|41|59|60
146D2D82;1;TARC;AS|SB;PRY|EPTL|BXH;La Arena;MAIN;46|49|52
15555452;1;TORO;PB|AG|SB|HG|AS;ORO;Gold Hill;MAIN;11|13|18|20
14B51C86;1;TSED;N/A;URN;North Rolling Pin F Sand;MAIN;17|20
14A6C77A;1;TSED;N/A;MVT;Cristal Prospect;MAIN;36|38|61|62
158F2CCF;1;TGGT;CU|MO;ORO;Posse;MAIN;46|52
156FCCBA;1;TGGT;AS;ORO;New Alger;MAIN;13|20|22
15A76C15;1;TUNK;AS|CU|FE|HG|PB|ZN;EPTL;Melba showing;MAIN;24|30|31
15FA17EF;1;TORO;N/A;MNS|BXH;Creighton South;MAIN;41|51|53
15C419E4;1;TORO;AG|CU|PB|ZN;ORO;Border;MAIN;31|40|42
167268E0;1;TUNK;N/A;PEG;Wekusko Lake pegmatite;MAIN;19|23
1633F823;1;TARC;N/A;VMS;Lundberg deposit;MAIN;20|25|26|29|30
162182DC;1;TORO;V|MO|SE;URN;Southwest Reno Creek;MAIN;22|27|28
16A64886;1;TARC;N/A;BRN;Salar de la Isla;MAIN;34|39|41
167C4A24;1;TRFT;N/A;CAR;New Pass;MAIN;10|12
16C94BAA;1;TUNK;N/A;N/A;Helmer-Bovill;MAIN;35|40
16EA2E64;1;TRFT;NI|CU|CO;MNS;Anomaly A;MAIN;32|36|38|43
16965990;1;TORO;AG|CU|ZN|AS|SB|HG|MO|V;SKN;Cerro Jumil;MAIN;25|30|37|45|46|47
171B1106;1;TORO;N/A;MNS;Mystery;MAIN;38|65
17440586;1;TSED;N/A;COA;Leaseco Property;MAIN;46|49
1768DDBA;1;TARC;N/A;EPTH;Puet Sague;MAIN;15|16|17|22
1737010A;1;TCRA;N/A;CBT;Prairie Lake Carbonatite Complex;MAIN;21|26
179DFD3E;1;TORO;N/A;ORO|BXH;Matala;MAIN;18|21|26|32|40
1750C917;1;TORO;N/A;IRF;Attikamagen Iron Property;MAIN;28|44
17E71F9F;1;TGGT;N/A;CHR;Big Daddy;MAIN;42|47
17EB8306;1;TGGT;N/A;ORO;Malartic-Midway;MAIN;36|40
1810741B;1;TORO;U|PB|NI|CO|CU|MO|BI|AS|AG;N/A;Pb-U showing;MAIN;42|49|51
185CE961;1;TORO;N/A;COA;Baruun Naran;MAIN;21|22|28|30
180E0E9F;1;TGGT;SE;ORO;Powell Zone;MAIN;21|27|32
186FC967;1;TGGT;N/A;VMS;Kamiskotia VMS Target;MAIN;11|12|13|34|43|46
18D32CF4;1;TRFT;N/A;EPTL;Eureka;MAIN;50|59|61
18437C2D;1;TGGT;AG|AS|CU|HG|MO|SB|SN|W|CD;BXH|PRY;Brisas;MAIN;41|54|57|59
1997C103;1;TORO;N/A;VMS;Woodlawn deposit;MAIN;37|41|43|46
18DEE579;1;TCRA;TH|U|BA|ZN;CBT;Sarfartoq REE;MAIN;29|31|32|35|39|41|59
18D42717;1;TARC;AS|SB|MN|ZN|HG|PB|CU;EPTI;Fruta del Norte;MAIN;47|49|61|64
19B192C9;1;TRFT;TH;CBT;Songwe;MAIN;29|36|38|39|51
193148F4;1;TGGT;N/A;VMS;Bracemac-McLeod;MAIN;71|80
19E04E39;1;TCRA;AG|AS|BA|CD|CO|CU|FE|MO|NI|PB|V|ZN;BXH;Rose Pipe;MAIN;25|34|37|38
1A6A4E01;1;TSED;N/A;URN;Nichols Ranch;MAIN;13|14
19FA1AE4;1;TARC;ZN|BA|AS|SB|BI|HG|CU|MO;EPTH;Corihuarmi;MAIN;27|28|30|32|38
19F39BFE;1;TRFT;ZN|PB|CU|AG|MO|AS;PRY|EPTL|BXH;Tad/Toro;MAIN;13|14|15|17|18|19|20|21|22
1A6B8B5F;1;TARC;ZN|PB|CU;VMS;Albere Zone;MAIN;25|27|44
1A37B23F;1;TARC;ZN|AS|CU|PB|SB|CD|BI;EPTI|PRY;Encanto Zone;MAIN;26|30|34|36
1A71B529;1;TGGT;N/A;VMS;Westwood Project;MAIN;39|43|46|48
1AB63DAF;1;TORO;N/A;COA;Mary Lee and Blue Creek seams;MAIN;43|44|46
1A92FAF9;1;TORO;CU|MO;PRY|IRG;Okalla;MAIN;33|39|40
1B3A431D;1;TGGT;N/A;MNS|VMS|ORO;James Bay Lowlands Property;MAIN;16|20
1ACB6C83;1;TBAC;AG|PB|MN|SB|BA|HG;EPTL|IRG;Bajo Negro;MAIN;29|34|40|41|43
1B4A270C;1;N/A;N/A;TLG;Woodlawn Tailings Dams;MAIN;28
1B00CA76;1;TGGT;N/A;ORO;Deflector;MAIN;105|110
1B5496FF;1;TORO;N/A;ORO;Tom's Gully;MAIN;17|19
1BB7FAC9;1;TRFT;N/A;ORO;Briggs;MAIN;32|39
1B5D0FA2;1;TGGT;N/A;CHR;Big Daddy;MAIN;37|43
1B7ABCFB;1;TORO;AS|SB|BA|ZN|AG;CAR;Signal Zone;MAIN;28|35|38|41
1BECFFD4;1;TORO;N/A;ORO;San Albino;MAIN;32|37
1BC0A09A;1;TORO;HG|TE|BI|CU|ZN|W|AS|SB;EPTL;Nucleus Deposit;MAIN;19|21|26|32
1C3B8CE1;1;TORO;N/A;PLC;Mkuvia;MAIN;23|27|31|33
1C78C457;1;TORO;N/A;ORO;Augusta;MAIN;31|35|36
1CA22FD3;1;TRFT;N/A;EVP;Danakhil Potash Deposit;MAIN;41|47|49|55
1D4445DB;1;TGGT;N/A;VMS;Orphée;MAIN;34|36|41
1CCCE002;1;TTRN;N/A;SWM;Liberty deposit;MAIN;50|56
1D44CDB5;1;TORO;N/A;N/A;Baruun Naran;MAIN;28|29
1D6B35B7;1;TSED;N/A;N/A;Aberpergwm Mine;MAIN;51|57|59
1D7BD560;1;TGGT;N/A;ORO;Zone OL12;MAIN;19|25
1D9FA677;1;TORO;N/A;IRF;Minas-Rio;MAIN;38|39|50|51
1DD79530;1;TORO;N/A;SKN;Mactung;MAIN;53|59
1E069561;1;TGGT;N/A;URX;Lake Maitland Uranium Project;MAIN;29|30
1E94E216;1;TCRA;N/A;EVP;KP 289 Potash;MAIN;24|35
1EE04F79;1;TGGT;N/A;IRF;Tonkolili;MAIN;14|17
1F07C649;1;TGGT;N/A;MNS;Lanfranchi orebody;MAIN;30|33|34|35
1DD7B488;1;TRFT;N/A;URU;Lourdeau Vein;MAIN;29|40|50
1DF57209;1;TARC;N/A;VMS;Daniels Pond;MAIN;21|22|28|31
1F142D17;1;TSED;N/A;COA;Goldsource coal discovery;MAIN;41|46|49
1FD7DC63;1;N/A;N/A;ORO;Yura Shear Zones;MAIN;15|16|19
1F38F0A8;1;TORO;N/A;SKN;Pembroke;MAIN;51|57|62|66|68
1FE28C68;1;TARC;AG|AS|CU|PB|ZN;IRG;Chimu Project;MAIN;11|12|18
1FABE82A;1;TCRA;N/A;N/A;Bonasika Project;MAIN;54|59|66
1FE745C7;1;TSED;N/A;IRF;Sunny Lake Iron Project;MAIN;31|44|45
200B7549;1;TSED;N/A;URN;Wray Mesa;MAIN;15|17
2063FBDA;1;TORO;N/A;GRAP;Bissett Creek;MAIN;33|35
202A74C0;1;TGGT;N/A;MNS;Mouat;MAIN;28|34|35|38
2019F5EB;1;TGGT;F|CL;MNS|VMS;Crowflight Properties;MAIN;24|28|34|39|40|42
2076D146;1;TPAB;AS|HG|SB|TL|AG;EPTL;Main Zone;MAIN;17|20
201FB2E5;1;TARC;N/A;EPTI;Marmato;MAIN;93|102|104
20B08AD4;1;TARC;CU|AG|PB|ZN|BA;SKN|PRY|BXH;PII Colorado;MAIN;14|23|24|25|27|40
20D77A77;1;TORO;N/A;N/A;CML;MAIN;39|40|43
20F9CC2C;1;N/A;N/A;URN;Goliad Project;MAIN;20
20F9D781;1;TSED;N/A;EVP;Rocanville;MAIN;20|22
211B9221;1;TGGT;N/A;IRF;Western Lake St. Joseph;MAIN;45|51|52
20FDB1F0;1;TGGT;CU|MO;ORO|PRY;Upper Beaver;MAIN;35|40|41
21381519;1;TCRA;N/A;KIM;MacFadyen Kimberlites;MAIN;15|19|20
214F8B57;1;TGGT;N/A;SWM;Playter Mo-Re Deposit;MAIN;29|38
217FF1DB;1;TRFT;AG|CU|PB|ZN;EPTL|EPTI;Escondida;MAIN;25|34|35|36|63|64|65|66|67
218FEE85;1;TORO;N/A;SKN;Kutessay II;MAIN;53|58
21B2765D;1;TBAC;ZN|PB|CU|AG|AS|BI|CD|CO|MO|SE|SB|SN|IN|TL;VMS;Armstrong A;MAIN;92|95
21939920;1;TARC;PB|AG|SB|AS|HG|CD|CU;IRG;JJ Main;MAIN;31|39
22798566;1;TARC;B;BRN;Salta Province Lithium Project;MAIN;23|24|28|29
21DD692A;1;TORO;N/A;MAN;Torlon;MAIN;38|44|46
230AE34F;1;TORO;TE|BI|HG|ZN|PB|CU|W;EPTL|ORO;Deer Horn vein system;MAIN;21|30|31|33
22CDB52A;1;TORO;ZN|PB|CU|AS|BI;EPTL;Road and Creek showings;MAIN;18|19|20|43|52|53|56
237163E5;1;N/A;N/A;N/A;Kayelekera;MAIN;29|32
231F7E3C;1;TGGT;AS;ORO;Wona;MAIN;28|38
241BEEC2;1;N/A;CU|PT|PD|AG;SKN;Premiere Ridge deposit;MAIN;32|37|39
2387B45D;1;TRFT;N/A;SKN|MAN|PRY;Crypto deposit;MAIN;35|42|50
23733695;1;TGGT;N/A;ORO;Golden Mile Zone;MAIN;32|40|45|49
23E837C0;1;TCRA;N/A;PLC;Duas Barras;MAIN;44|47|52
24C82287;1;TORO;AS;ORO;Valentine Mountain Project;MAIN;26|27|28
252594A1;1;TARC;AS|AG|CU|BI|SB;MIX;36 Zone;MAIN;12|18|19|29
24F9E55E;1;TGGT;N/A;VMS;Maybrun;MAIN;28|32|33
247B9D83;1;TCRA;N/A;LAT;241NC zone;MAIN;15|19|20|26
24C5EA13;1;TARC;N/A;LAT;Agata Nickel Laterite Project;MAIN;18|22|26
241F4BFB;1;TGGT;N/A;ORO;Volta Grande;MAIN;34|39|40
25293461;1;TARC;CU|PB|ZN|AS|SB|HG;N/A;Metates;MAIN;22|28|32
2580D885;1;TGGT;N/A;MNS;Céré-Villebon occurrence;MAIN;13|16
25377F27;1;TSED;N/A;URN;Wray Mesa area;MAIN;17|18
25858210;1;TORO;N/A;IRF;Harvey-Tuttle;MAIN;33|44
2546659F;1;TARC;HG;PRY|EPTH;Caspiche Central;MAIN;25|27|34|36|37|38
258459D8;1;TARC;N/A;EPTL;Pinos Altos;MAIN;93|103
264213F2;1;TSED;N/A;COA;New Elk Mine Project;MAIN;25|27
25CE35A1;1;TORO;N/A;PRY;Mount Hope;MAIN;51|55
25A3B465;1;TARC;MO|RE;PRY;Mitchell Zone;MAIN;88|91|106|111
2632FF36;1;TORO;N/A;URX;Ida Dome;MAIN;37|43|45|51
259A2B56;1;TARC;HG;EPTH;Pascua-Lama;MAIN;59|66|68
262BBA58;1;TARC;AG|SB|ZN|PB|BI|AS|HG|CU;BXH|EPTL;Piedra Rodante;MAIN;14|16|19|21
26611B2B;1;TGGT;N/A;ORO;Koval zone;MAIN;35|37|39|40|41|42
2695239F;1;TORO;N/A;VMS;FON;MAIN;21|23
26B563A0;1;TUNK;N/A;LAT;Sparta primary kaolin deposits;MAIN;18
269780FC;1;TORO;N/A;ORO;Orion Gold Deposit;MAIN;12|18
269D92B2;1;TORO;N/A;ORO|EPG;Cerro Prieto;MAIN;39|43
26AEFA94;1;TGGT;AG|ZN|CU|PB|AS|SB;ORO|VMS|PRY;Thunder Lake Deposit;MAIN;48|59|71
26E2E779;1;TORO;CU|MO|BA;IOC;El Urf;MAIN;19|21
27A57F06;1;TARC;N/A;EPTH|BXH;Tesoros Fault Zone;MAIN;18|20|21
2760CB43;1;TBAC;N/A;EPTL|EPTI;Cerro Moro;MAIN;40|43|57
275349AD;1;TORO;SN|AG|W|CU|ZN|AS|PB|RB|LI|F|B;SWM;North Zone;MAIN;31|35|36|37
27E23882;1;TARC;AS|SB;EPTL;Santa Lucia North;MAIN;22|29|31|33|46
27B385F5;1;TARC;CU|MO|AG|BI|W|B|SR|PB|ZN|MN|V|SB|AS|SE|TE|CO|BA|RB|HG;PRY;CUMO;MAIN;25|28|34|39
27E84AFC;1;TGGT;N/A;N/A;Duggan Zone;MAIN;17|18|28|31
281F107D;1;TGGT;N/A;PRY;Spinifex Ridge;MAIN;29|32
282F8A45;1;TGGT;N/A;ORO;Herrick Deposit;MAIN;17|21
286AFF53;1;TORO;N/A;VMS;Woodlawn;MAIN;25|26
27FBB00B;1;TSED;V|CU|FE|S;URN;The Property;MAIN;15|16|19|21
2842D028;1;TORO;N/A;ORO;Zun-Holba;MAIN;55|58|59|73|74
28954D2F;1;TARC;CU|FE;IRG|SKN;Mina Verde;MAIN;27|28|37|48
28F8BA71;1;TGGT;N/A;IRF;C-Zone;MAIN;29|33|34
289E6193;1;TORO;BI|W|AS|SN|MO|TE|SB;ORO;South Kivu-Maniema Gold Belt;MAIN;71|80|83|86
292AB7DA;1;TGGT;N/A;ORO;Zone 12;MAIN;19|25
28FF6CF9;1;TORO;CR;MNS|STRA;Franquelin Property;MAIN;16|21|24
291B758B;1;TUNK;N/A;N/A;Massey Silica;MAIN;17|20
2928D3B8;1;TCRA;AS|CO|NI|CU|ZN|PB|AG;URU;Takwa Showing;MAIN;28|33
29B261FB;1;TARC;N/A;EPTL;Bella Rica;MAIN;29|30
29C2A89A;1;TORO;AG|AS|CU|PB|MO|ZN;DFR|EPG;Bonanza Project;MAIN;18|23|24
2A4C5C38;1;TSED;N/A;EVP;Vermilion 15 Potash;MAIN;18|20
2ABC4EF1;1;TCRA;N/A;KIM;Snowden Kimberlite;MAIN;19|22|23|24|26
2A54B25B;1;TGGT;CU|NI|CR|PT|PD;STRA|MNS|ORO;Grouse Hill Intrusion;MAIN;39|41|52|53|111|112
2A9F6CC7;1;TARC;AS;EPTL|EPTI;West Zone;MAIN;49|59|60|70|76
2B1688B9;1;TGGT;N/A;EPTI|BXH|IRG;Jerome Mine;MAIN;18|21
29FB97CD;1;TARC;N/A;EPTL;Alhué;MAIN;44|49|53|54
2AEE386D;1;TGGT;LI|RB|CS|B|SN|BE;PEG;Mavis Lake Pegmatite Group;MAIN;22|32|44
2B2107D0;1;TORO;N/A;COA;La Caypa;MAIN;19
2B472952;1;TARC;N/A;VMS;Mckenzie;MAIN;30|37
2B60E5B9;1;TORO;N/A;N/A;Namibplaas;MAIN;15|17|24|25
2B6FE9DD;1;TORO;NI|CU|CR|FE;MNS;Santa Rita;MAIN;39|43|50|59|67
2B5E21D7;1;TORO;AS|BI|W|TE|AG|SB|MO|TL;VMS|ORO|IRG;Ace;MAIN;38|53|54|58|63
2B8AF20C;1;TCRA;PB|ZN|AG|AS|BA|MN|CU;SDX|MAN;Wilds Creek;MAIN;15|16|23|25
2B7AC746;1;TSED;N/A;IRF;Sokoman Iron Formation;MAIN;32|39|47|48
2BDD02B3;1;TRFT;N/A;BRN|EVP;Clayton Valley;MAIN;17|21
2BF2F81F;1;TRFT;N/A;CBT;Niobec;MAIN;29|31|33
2C5B5A14;1;TGGT;N/A;VMS;Langlois mine;MAIN;16|19
2C748DFB;1;TARC;N/A;N/A;Tocantinzinho;MAIN;27|35
2C8C19E7;1;TORO;N/A;MNS;Santa Rita;MAIN;39|42|49
2CAB9BAE;1;TORO;AS|TH|MO|SR;N/A;Accha;MAIN;26|30|33|34
2CADE4FB;1;TARC;N/A;PRY;La Cumbre;MAIN;6|27|33|34|35
2D31BB1A;1;TGGT;N/A;ORO;Wona;MAIN;29|32|39
2D51E64B;1;TGGT;N/A;IRF;Lake Giles BIF;MAIN;25|30|31
2D894716;1;TORO;AG|AS|SB|BI;EPTL;San José Zone;MAIN;24|27|39|42
2DF6B398;1;TCRA;N/A;PHO;Mornington Property;MAIN;15|17|19|20|24|25
2E1540BF;1;TUNK;N/A;COA;Verticalnaya Mine;MAIN;24
2E424E05;1;TSED;N/A;COA;Springfield (KY9) coal seam;MAIN;39|42|45
2DFF335E;1;TARC;N/A;ORO;CP Hill;MAIN;14|15|18
2E56F98B;1;TARC;N/A;PRY;Kişladağ;MAIN;29|38
2E6EDADA;1;TGGT;N/A;ORO;Frog's Leg;MAIN;29|31|33|35
2EEAD4C8;1;TGGT;N/A;VMS;Sackville Property;MAIN;16|17|19
2E95F8F5;1;TORO;N/A;ORO;San Lucas Property;MAIN;43|44|50|51|52
2EDDC8E6;1;TGGT;N/A;ORO;Jojay deposit;MAIN;41|48
2EFAF8F5;1;TRFT;AS;EPTL|BXH;Golden Eagle;MAIN;34|37|41|42
2F80C134;1;TARC;N/A;N/A;Salar de Llullaillaco;MAIN;19|20|27
2F5F525C;1;TGGT;N/A;MNS;Langmuir W4;MAIN;5|30|36|37|40
2FB66B88;1;TCRA;N/A;EVP;Permit KP 289;MAIN;24|35
2F8030C6;1;TRFT;N/A;CBT;REE Zone;MAIN;22|34|36
2F5FCA28;1;TGGT;K;ORO;Tyranite;MAIN;32|35|38|40
2FEDFD7B;1;TARC;N/A;EPTL|SKN;La Ventosa;MAIN;11|15|16|18
30658289;1;TORO;W;ORO|IRG;Frontino Vein System;MAIN;52|53
2FF9C047;1;TCRA;N/A;PEG;Moose 2;MAIN;18|24
30764D4D;1;TORO;N/A;VMS;Coronation Trend;MAIN;23|24|30|31|32
306DC5B4;1;TRFT;N/A;IRG;Ulo Ulo;MAIN;13|14
30B9ACCC;1;TGGT;N/A;PRY;Canadian Malartic deposit;MAIN;37|41|43
30909EA6;1;TARC;N/A;EPTL;Blackdome Veins;MAIN;18|20
3102857E;1;TUNK;N/A;URN;Arkose Property;MAIN;18
30FC6E54;1;TARC;N/A;EPTI;Marmato;MAIN;59|60|73|75
31264DB6;1;TGGT;N/A;MNS;McWatters;MAIN;33|39|40|41
3144C8FB;1;TGGT;N/A;PEG;Chubb;MAIN;31|44
3103C58F;1;TORO;BI|SN|W;PRY|IRG;Cerro del Gallo;MAIN;24|31
316DBD33;1;TUNK;FE|U|TH;CBT;S-60;MAIN;38|44|45
3188BA5D;1;TARC;CU|BI|AG|AS|PB|ZN;N/A;Paredones Amarillos;MAIN;55|62|66
31EAF6ED;1;TCRA;N/A;KIM;C29/30;MAIN;40|44|45|47|49
31CDDD91;1;TSED;N/A;COA;Raven Project;MAIN;16|19
3216DBBB;1;TORO;AS|SB|AG|TE|HG|TL;CAR|SKN;Kraku Pestar;MAIN;17|20|21|24|26|36
32171EDF;1;TGGT;N/A;CHR;Big Daddy;MAIN;42|47
32176DA3;1;TORO;N/A;IRG;Jenner Stock;MAIN;27|32|33
32385168;1;TORO;N/A;COA;Willow Creek;MAIN;31|34|43
322E4E79;1;TUNK;V|P;URN|URU;Anit Property;MAIN;12|13|15
3253025F;1;TARC;N/A;EPTL;Co-O;MAIN;34|88|163
32CE1CDC;1;TORO;N/A;CBT;Ashram;MAIN;18|21|23|25|26
32E58FC9;1;TORO;AS|SB|GA;ORO|EPTH|VMS;Wels Property;MAIN;9|13|14
325DFEFF;1;TCRA;N/A;URU;Ox Lake showing;MAIN;16|17|21|22
32E4CEEE;1;TCRA;N/A;IRF|PLC;Mine 63;MAIN;30|33|39|40
3309C5F0;1;TARC;MO|AG|CU|PB|ZN|AS;N/A;Kuyakuz;MAIN;22|23|27|28|29|31
32ECC8C5;1;TGGT;N/A;ORO;Two Mile Hill;MAIN;39|46
33819946;1;TUNK;N/A;COA;Raven;MAIN;43
33CC4B5F;1;TCRA;N/A;KIM;Brauna 3;MAIN;30|33|37|38
338815FD;1;TARC;N/A;EPTL|BXH;Palmarejo;MAIN;55|56|63|81
344819F6;1;TCRA;N/A;KIM;diamond-bearing kimberlites;MAIN;18|24
33E62BA0;1;TGGT;N/A;PEG;Rose;MAIN;32|38|39
33DDF3A4;1;TRFT;TH|U;REE;Lopez Trend;MAIN;25|26|28
346216F0;1;TGGT;N/A;ORO;Wona;MAIN;31|39
349FD6DD;1;TSED;N/A;EVP;Coronation Deposit;MAIN;17|18|19|20|21|22
3474CB57;1;TORO;N/A;REE;Sheffield Zone;MAIN;21|23|27
34DFE572;1;TRFT;N/A;EPTL;Escondida;MAIN;18|20
34FAB120;1;TORO;N/A;N/A;Hachey and Shaft zones;MAIN;23|36|37
35311A04;1;TORO;N/A;LAT;Mayaniquel Project;MAIN;20|24|26
34661656;1;TGGT;LI|CS|RB|GA|TL|GE|TA|NB;PEG;Forgan Lake Pegmatites;MAIN;20|28|30|33|37
3536727B;1;TUNK;N/A;SKN;Cerro Ccopane-Orcopura;MAIN;11|12
3532C373;1;TGGT;N/A;N/A;A Zone;MAIN;40|43|44|45|48
354E9E24;1;TARC;N/A;ORO;Chapalota;MAIN;11|12|14|15
35615EE2;1;TGGT;N/A;SKN;Werner Lake Cobalt Deposits;MAIN;12|13|14|15
3586558D;1;TORO;AS|SB|HG|BI|TE;SKN|EPTL|BXH;El Valle-Boinás;MAIN;44|45|49|50|53
35D703C8;1;TARC;HG|SB|AS;EPTL;Columbia;MAIN;34|35|36|39
361552D6;1;TORO;N/A;MNS;Qarqasiaq;MAIN;9|10|14
362CA519;1;TGGT;N/A;MNS;West Zone;MAIN;53|59|61
365B0A47;1;TCRA;N/A;KIM;Tsau Project Kimberlites;MAIN;20|25
364075B4;1;TCRA;AG|CU|MO|PB|ZN|AS;IRG;Coringa;MAIN;51|53
36771BF7;1;TARC;N/A;EPTL;San Luis vein system;MAIN;62|65
366C4134;1;TRFT;N/A;EPTL;Santa Maria vein system;MAIN;16|17
3695C0DC;1;TARC;N/A;EPTL;Santo Niño Vein;MAIN;31|39
36901891;1;TBAC;N/A;VMS;Main Zone;MAIN;61
36BCE289;1;TCRA;CR|NI;KIM;B3 kimberlite;MAIN;32|35|39|53
37B10561;1;TGGT;N/A;PLC;Abacaxi and Estrela;MAIN;25|26|29
379CBEC4;1;TORO;N/A;URX;Langer Heinrich;MAIN;48|49
37B5F1CB;1;TORO;CU;SKN;Dead Honda;MAIN;19|23|25|27
37134B02;1;TGGT;N/A;VMS|ORO;Rainy River Gold Project;MAIN;35|51
37B70E58;1;TGGT;N/A;ORO|IRG;KGL Masters Project;MAIN;88|97
37DAAD85;1;TSED;N/A;COA;Raven;MAIN;30|40
37FCC300;1;TARC;N/A;N/A;Alisitos;MAIN;19|23
380BBDB2;1;TSED;N/A;COA;JAM Project Coal Seams;MAIN;16|17|18
381ABA47;1;TARC;MO|F|W;PRY;Kitsault;MAIN;45|53|63
38341CF7;1;TSED;N/A;EVP;Vanscoy Potash Operations;MAIN;27|28|31
383659F1;1;TORO;CR;MNS;Franquelin;MAIN;16|21|24
384383AA;1;TARC;N/A;BRN;Salar de Llullaillaco;MAIN;29|36
3863B006;1;TSED;N/A;COA;B & W Properties;MAIN;38|44|45
38428B27;1;TRFT;NI|CU|CO|CR;MNS;Axis Lake;MAIN;18|31
389A7F43;1;TUNK;N/A;COA;Cerro Largo;MAIN;15|22
3857D313;1;TGGT;N/A;ORO;Simkar Gold Zones;MAIN;21|25
38CD6A15;1;TSED;SE|ZN|AG|U|MO;PHO;Paris Hills;MAIN;68|77
3872681E;1;TRFT;N/A;SDX;Clear Lake;MAIN;26|37|38
39230982;1;TRFT;N/A;CBT;Crevier Nb-Ta Dyke;MAIN;41|46
39889E16;1;TSED;N/A;COA;La Tigra;MAIN;16|18|19|20
392321A9;1;TRFT;N/A;N/A;Erds deposit;MAIN;14|20
3986098B;1;TCRA;N/A;PLC;Hartbeestlaagte Gravels;MAIN;47|49|55
396A18CA;1;TORO;N/A;N/A;Nkout;MAIN;27|31|32|45
3948CD49;1;TSED;MO|TH|CO|NA|F|CU|BE|V|PB|NI|MN|AG|ZR;URN;Mountain Lake Deposit;MAIN;16|17|23
39C99DA9;1;TARC;N/A;VMS;Back Forty;MAIN;27|29|31
39D7AD2E;1;TORO;N/A;N/A;Valencia;MAIN;28|33
3A3096EB;1;TORO;N/A;MNS;Isukoustouk (B-40);MAIN;14|19
3A1A4CF0;1;TGGT;N/A;MNS;Céré-Villebon occurrence;MAIN;13|16
3A6F73E2;1;TRFT;N/A;MVT;Jubilee Main Zone;MAIN;33|34|36
3A6E0B65;1;TSED;N/A;MVT;R-190;MAIN;42|50|51
3A9BA9D5;1;TORO;AS;ORO;El Terco;MAIN;17|18
3AAF345B;1;TSED;N/A;EVP;Vanscoy Potash Operations;MAIN;30|33
3AA6BA32;1;TUNK;N/A;CBT;Crevier Nb-Ta Dyke;MAIN;39|41|42
3AE210F6;1;TARC;AS|HG|SB|BA|PB|CU|MO|ZN;PRY|EPTH|BXH;Pantanillo North;MAIN;12|14|17|20|21|22
3B07C310;1;TGGT;N/A;ORO;Cheminis;MAIN;24|28|29|30
3B0BBBDC;1;TORO;MO|AG|CU|PB|ZN;ORO;Unter Tolgoi Project;MAIN;13|16|21
3B9457EC;1;TSED;N/A;IRF;Sunny Lake Iron Project;MAIN;31|37|44|45
3BFE3178;1;TCRA;N/A;IRF;Jideh Mountain;MAIN;27|30
3B29874E;1;TORO;N/A;EPTL|BXH;Charlotte Vein System;MAIN;33|34|39|42|44
3BF52CD9;1;TARC;N/A;ORO;Skukum Creek;MAIN;17|18|26|27
3C104A73;1;TORO;BI|SN|W;PRY|IRG|SKN;Cerro del Gallo;MAIN;34|40|41|42
3C2395A9;1;TGGT;N/A;ORO;Rosebel deposits;MAIN;32|33|40
3C36C8CB;1;TGGT;N/A;ORO;Lac Anctil;MAIN;16|23|24
3C3A4F29;1;TARC;N/A;EPTL;Blackwater;MAIN;26|28
3C492CDB;1;TGGT;AS;ORO;Turnberry Prospect;MAIN;30|35|36|39
3C4EB3F6;1;TARC;N/A;SKN|EPG;Gold Hill;MAIN;10|12
3CA547F1;1;TRFT;N/A;ORO;Briggs;MAIN;28|35
3C59D89C;1;TARC;AG|AS|SB|HG|PB|ZN|CU;EPTL;Little Granite;MAIN;58|59
3D302097;1;N/A;N/A;N/A;Nucleus;MAIN;7|8
3CD37B28;1;TORO;N/A;MNS;Bowen and Lac Saint-Pierre Showings;MAIN;10|11|13
3D14AC78;1;TRFT;N/A;MAN;South Dolly Claims;MAIN;9|13
3CC9AA96;1;TORO;V|LI|AS|BI|PB|CU|MO;URU;Horseshoe Deposit;MAIN;37|57|58|64
3D167C10;1;TORO;N/A;VMS;Santa Margarida do Sado Project;MAIN;12|16
3D37AED7;1;TGGT;N/A;PEG;Quebec Lithium pegmatite;MAIN;66|81
3D3F4276;1;TARC;N/A;PRY|EPTH|BXH;Boyongan;MAIN;15|16
3D5EB572;1;TORO;N/A;URX;Langer Heinrich;MAIN;46|48
3D423C5E;1;TORO;N/A;MNS;Santa Rita;MAIN;44|48|55
3D61A42F;1;TARC;AS;EPTL|EPTH|PRY;Dash;MAIN;18|20|24|25
3D6EAF45;1;TPAB;N/A;EPTL;Don Sixto;MAIN;27|30
3D78C237;1;TORO;AS;ORO;Bald Hill;MAIN;19|22|23|25|27
3DC6B82D;1;TARC;CU|MO;PRY;Pinchi property;MAIN;15|20|21|22|25
3DD97DB5;1;TARC;AG|HG|AS|CU|PB|SB;EPTL|EPTI;Nueva California;MAIN;26|33|35|40|42
3DED1FE0;1;TRFT;AS|SB;MNS;Souker;MAIN;4|31|35|36
3D769D3A;1;TARC;N/A;IRG;Pine Grove;MAIN;26|30|32
3DBE94B9;1;TORO;N/A;EPTL;San Albino;MAIN;22|29|30
3DFEEA21;1;TARC;N/A;PRY;Yanxi;MAIN;21|26
3E0CF062;1;TARC;N/A;MAN;Tres Cruces Project;MAIN;16|19
3E3286CD;1;TARC;N/A;N/A;Alisitos;MAIN;18|22|27
3E0C3436;1;TORO;N/A;MAN|BXH;Yanque;MAIN;23|25|27|28
3E14A78F;1;TORO;N/A;VMS;Neves Corvo;MAIN;18
3E3E6925;1;TGGT;AS;ORO;Busitema;MAIN;32|40|41|43|46
3E82E424;1;TORO;N/A;N/A;Sebembere;MAIN;29|34|37|38
3E8664FC;1;TARC;N/A;EPTL;Anillo;MAIN;15|17|18|20
3EB2AEB2;1;TORO;U|TH;REE;B Zone;MAIN;33|35|38|40
3E9E2140;1;TORO;AS;SKN;São Pedro das Águias;MAIN;18|21|22|27
3EB2D3A1;1;TARC;N/A;EPTH|PRY;Caspiche Porphyry;MAIN;35|47
3F512E1B;1;TSED;N/A;URN;Salvo Project;MAIN;21|25
3F04A6AE;1;TORO;N/A;IRG|IOC;Minto Deposits;MAIN;4|61|66|69
3F33B170;1;TARC;MO|TE|AS;PRY|EPTH;La Cuaba Lithocap;MAIN;12|18|19|28
3FDA3E2A;1;TORO;N/A;N/A;James;MAIN;33|37|38|40
40040FF2;1;TGGT;N/A;PEG;Sabi Star pegmatite;MAIN;20|21
3FDD5F6C;1;TGGT;AS;ORO;Burton;MAIN;16|22|26
4070F1DB;1;TORO;N/A;MOX;Saint-Charles;MAIN;24|25|29|30
403B56DE;1;TORO;AS|BA|CU|CD|CO|ZN|PB;ORO;Wild Rose - Deadwood Zone;MAIN;28|33|35|40|43|49
40301917;1;TGGT;AS|SB;ORO;MacLellan deposit;MAIN;26|32|33|37
40AE3DEB;1;TRFT;LI|AS;BRN;El Cajon deposit;MAIN;11|16|17
40B9FC2D;1;TORO;N/A;IRF;Fire Lake North;MAIN;58|63|74
4080F888;1;TORO;AS|BA|HG|SB|TL;CAR|SKN;La Nueva Escondida;MAIN;11|19|21|22|23|25|28
40E339CC;1;TARC;CU|AS|HG|CD|SB;N/A;North Zone;MAIN;13|14|15
4140DD36;1;N/A;N/A;SKN;Brynnor;MAIN;10|11
40F05832;1;TGGT;MO;ORO;Neville-Potier Property;MAIN;46|55|59
418A74BE;1;TARC;N/A;PRY;Thompson Creek;MAIN;28|32
40FA379E;1;TARC;N/A;PRY;CUMO;MAIN;15|23
41648E5F;1;TARC;LI|B;IRG|MAN|SKN;Pasto Bueno;MAIN;48|51|56|57|58
41F839B3;1;TGGT;N/A;VMS;G1;MAIN;54|59
41BFB874;1;TORO;N/A;N/A;Spider Mine;MAIN;17|26
4202F2E1;1;TUNK;N/A;VMS;Lomero-Poyatos;MAIN;37|39
42040425;1;TRFT;CU|AS|SB|MO|BA|W;EPTL;Imwauna;MAIN;41|47|50
422C890C;1;TARC;MO|CU|AG|PB|ZN|AS;PRY;Los Azules;MAIN;45|56|70|90
42AB181B;1;TARC;AS|BA|CR|MN;IRG;San Pedro / Los Churumbelos;MAIN;33|37|40
423394F3;1;TGGT;N/A;N/A;Eagle's Nest;MAIN;39|40|44
423C2F16;1;TCRA;N/A;KIM;Mothae;MAIN;24
42935EE9;1;TCRA;CU|BI|PB|AG|MO|SE;URU;L;MAIN;27|36|44
42373668;1;TARC;N/A;MIX;Tres Hermanos Veins;MAIN;17|19|22
4273A7A2;1;TORO;TH|MO|RE|ZN|PB;SSC;Banana Zone;MAIN;25|26|34|43|45|46|47|51
42C7DBED;1;TARC;N/A;EPTL|VMS;Main Breccia Zone;MAIN;29|32|33
42DAECFA;1;TARC;N/A;IOC;Goat Yard Prospect;MAIN;15|17|18
42D5DCD3;1;TORO;ZN|AG;PRY|SKN;Cevizlidere;MAIN;27|38|39|41|42
43105BDC;1;TRFT;N/A;EVP;Danakil Potash Deposit;MAIN;59|63|80|81
43044FD1;1;TARC;CU|K;PRY|BXH;Big Kidd Breccia;MAIN;11|13|19|20|21|22|25
42F60873;1;TARC;N/A;EPTH;Kirazlı;MAIN;41|54
4345F35D;1;TARC;N/A;N/A;Tantamaco;MAIN;28|29|35
4321C418;1;TORO;N/A;EPTI;El Zancudo;MAIN;36|40
43B4B207;1;TORO;N/A;SSC;Lumwana (Malundwe and Chimiwungo);MAIN;28|31
4381FAB3;1;TGGT;N/A;MNS;Trojan Mine;MAIN;49|54
43C525A6;1;TARC;CU|K|SE|MO;PRY;Valja Strz;MAIN;22|26|30|35|58
441F1793;1;TSED;N/A;COA;La Francia;MAIN;17
43FA3579;1;TUNK;N/A;PLC;Surficial Aggregate Deposit;MAIN;9|12|13|14
441D71A1;1;TSED;N/A;URN;Reno Creek;MAIN;18|22
435C2D7A;1;TORO;N/A;COA;PBS Properties;MAIN;39|44
4435EEA1;1;TGGT;N/A;N/A;Norton Lake Property;MAIN;12|13|16
443C3F18;1;TARC;N/A;EPTL;Cordero;MAIN;10|13
4466355F;1;TORO;N/A;PRY;Zone III;MAIN;66|70|72|74
44389FBB;1;TARC;N/A;PRY;Ajax;MAIN;33
44BD18C7;1;TORO;N/A;SSC;Kipoï Central;MAIN;30|53|56
44BF994C;1;TGGT;N/A;ORO;Zone 3;MAIN;14|17
44D10935;1;TARC;AG|AS|SB|HG|TL;EPTL;Šturec;MAIN;37|39
45279D3C;1;TRFT;N/A;PLC;Deflationary Ironstone;MAIN;16|17|18
44F08FBA;1;TGGT;CU;ORO;Discovery Zone;MAIN;23|29|32
44F18370;1;TORO;AG|AS|B|BI|CU|PB|SB|TE|W|ZN;ORO;Guadalupe Property;MAIN;26|28
44D5E695;1;TSED;AG;EPG;Changkeng;MAIN;21|25|30
45102086;1;TARC;N/A;PRY|SKN;ROK;MAIN;16|21|22
4541D08B;1;TARC;AS|SB|BA|F|MN|TE|SE|HG;EPTL;Otter Project;MAIN;12|17|18|19
45A337B0;1;TARC;N/A;PRY;Thompson Creek;MAIN;26|31
4541D826;1;TGGT;N/A;VMS;Watts River Deposit;MAIN;17|21
45D4A481;1;TORO;N/A;ORO;Ondundu Main Zone;MAIN;13|19|20|26
45602BB9;1;TARC;N/A;SKN|BXH|EPTH;Sinchao;MAIN;19|31|34
45E23CB1;1;TARC;AG|CU|PB|BI|SB|AS|HG|MO;EPTH;Amulsar;MAIN;39|44|48|53
45FDAB67;1;TGGT;N/A;N/A;Amapá Project;MAIN;26|28|34
466DE97A;1;TORO;AG|CU|SB|PB;N/A;Two Mile Creek;MAIN;13|15
467E0990;1;TSED;N/A;EVP;Prairie Evaporite Formation potash deposit;MAIN;20|21
46783AE0;1;TARC;N/A;N/A;Tulox Property;MAIN;23|25
465B99D2;1;TORO;N/A;PRY;Porphyry Pearl;MAIN;19|25
468F76DA;1;TARC;N/A;PRY|BXH;Main Molybdenite Zone;MAIN;34|37|39|40|41
460970D6;1;TUNK;N/A;URX;Klein Trekkopje;MAIN;50|58|67
469A1C23;1;TSED;N/A;PHO;Mantaro;MAIN;13|14|39|53
46B6A6CB;1;TBAC;AG|ZN|CU|AS;EPG;Gjazuj;MAIN;85|89|104
46AFF9C4;1;TORO;V|CU|AG;IOC;Two Time Zone;MAIN;24|28|31
46E849B8;1;TORO;N/A;COA;Hinton Coal Property;MAIN;12|13
46D0ABED;1;TORO;SB|AS;ORO;Workman's Bench - Pringle Bench;MAIN;36|38|43|47
46CEF312;1;TARC;AS|SB;EPTH;Del Carmen system;MAIN;32|43|44|45|47|51
4723E528;1;TORO;N/A;COA;Lost-Fox Area;MAIN;33|37
46ED4661;1;TSED;ZN|PB|BA|AG|HG|NI|CD|MN;SDX;Gnome Property;MAIN;32|34|52|53|55
47AD5F97;1;TORO;N/A;VMS;El Paredon;MAIN;14|18|22
471799A3;1;TORO;AS|PB|ZN|SB;ORO|MAN;Inmachuk Prospect;MAIN;16|17|20
47B12DBA;1;TARC;N/A;PRY;Panantza;MAIN;20|23
47C43B0C;1;TCRA;N/A;PLC;BlueGum Alluvial Diamond Deposits;MAIN;49|50|63
47EAC1B7;1;TORO;N/A;COA;Vista South;MAIN;19|24
47CFC157;1;TARC;N/A;PRY|BXH;Yandera;MAIN;19|21|22
48400570;1;TORO;W|AS|AG|BI|CO;IRG|SKN;Bunker Hill Mine area;MAIN;19|26|27
4820F8E9;1;TGGT;N/A;CHR;Blackbird deposits;MAIN;40|45
483EF80A;1;TARC;N/A;N/A;Alisitos;MAIN;19|23|28
481C8DD1;1;TARC;AG|MO|AS|TE;VMS;Haile;MAIN;19|26|164|170
4883ABD3;1;TGGT;N/A;MNS;Alexo deposit;MAIN;29|33
4884B338;1;TSED;N/A;MVT;R190;MAIN;38|44|57
4887C792;1;TARC;N/A;VMS;Main Grid Lenses;MAIN;14|15|16|19
4897439E;1;TARC;N/A;PRY|BXH;La Verde;MAIN;29|39
489FE526;1;TARC;N/A;PRY;Mt. Milligan;MAIN;57|64
48A38FDF;1;TORO;AS|SB|HG|BI|CU|ZN|PB;IRG;Porphyry Knob;MAIN;12|15|16|18
49206A9E;1;TORO;AG|BI|W|F|MO;SKN|IRG;Ho Ray and Thac Trang;MAIN;29|40|41
48BC2F60;1;TARC;N/A;IOC;Las Carolinas;MAIN;24|25|26
4940B90E;1;TARC;AS|MN;MAN;Azulcocha Cuerpo;MAIN;23|25|26|27
498BEC64;1;TGGT;N/A;IRF;Deposit 1;MAIN;57|59|78|80
49261CF4;1;TUNK;N/A;EPTH;Vetas;MAIN;37|43|44|54
49B64D73;1;TARC;N/A;VMS;Hassai South;MAIN;32|33|34|40|45
49A2BA6B;1;TGGT;AG|AS|BI|CO|CU|MO|SB|SN|W|S;ORO;Orfée and Orfée East;MAIN;13|17|32
49F95FF6;1;TGGT;MO|PB|TH|AG|FE|MN;N/A;Wahemen;MAIN;7|8
49C553E3;1;TARC;N/A;EPTL;Kamila;MAIN;50|52|65
49FECE74;1;TARC;BI|W|SB|HG|AS|BA|F|MN|TE|SE;EPTI|ORO|IRG;Hat;MAIN;18|29|33|34|42
4A041DC6;1;TGGT;AS|SB;ORO|PRY;Hercules showing;MAIN;10|13|14
4A156B50;1;TORO;N/A;ORO;Ample-Goldmax zone;MAIN;21|25
4AD0FF27;1;TCRA;N/A;PLC;Silverstreams;MAIN;32|34|37
4A3901C1;1;TSED;N/A;URN;Deep Gold;MAIN;25|26|30
4A5D0194;1;TARC;N/A;PRY;South Corridor Deposit;MAIN;15|16
4AB2E7AF;1;TORO;N/A;PRY;Snowfield;MAIN;54|62|67
4AF50809;1;TORO;AS|ZN|PB|CU;ORO;Mooseland;MAIN;44|48|49|50|51
4B0432B2;1;TGGT;AS|W;VMS;Trieste prospect;MAIN;8|11|13|15|16
4B700DD3;1;TGGT;N/A;N/A;Thierry deposit;MAIN;27|31
4BB57FF6;1;TRFT;N/A;EPTL;Central Quartz Vein Zone;MAIN;13|15|18|19
4B9ACD89;1;TARC;AS|BA|SB;EPTL;El Creston;MAIN;29|34|36|42
4BB2761D;1;TGGT;N/A;VMS;Maybrun;MAIN;35|39|40
4C10F857;1;TORO;N/A;URU|URX;Red October Showing;MAIN;16|18|19|21
4C50DC0B;1;TARC;AG|CU|AS|PB|ZN;ORO|SKN;Velvet Mine;MAIN;29|30|32|33|35
4C901ADA;1;TCRA;N/A;PLC;De Bron Project;MAIN;23|24|31
4C23972A;1;TARC;N/A;IOC|SKN;Pumpkin Hollow;MAIN;55|58|75
4CAECF49;1;TCRA;N/A;PLC;SOFS Goldfield Projects;MAIN;59|62|83|87
4C3EE521;1;TGGT;N/A;PLC;Leadbetter Conglomerate;MAIN;18|20|24|28|31|32
4CE09B61;1;TORO;AS;BXH;Ba Dinh area;MAIN;10|11|12
4CD384BB;1;TGGT;N/A;ORO;Rocmec 1;MAIN;30|32
4CCAA08A;1;TARC;AG|F|BI|PB|ZN|BA;PRY;Kitsault;MAIN;94|114|118
4CE6241D;1;TORO;N/A;N/A;Minas-Rio;MAIN;29|38|39
4CF0942F;1;TORO;AG|AS|HG|SB;CAR;BYP Gold Mineralization;MAIN;36|41|44|45|46
4CF670D1;1;TGGT;N/A;MNS;A Plug;MAIN;24|29
4D20499A;1;TGGT;N/A;ORO;Belleterre Mine;MAIN;15|18
4D20B895;1;TARC;N/A;VMS;Palanog-Kambalantong;MAIN;30|41|51
4D649093;1;TARC;N/A;ORO;Spanish Mountain;MAIN;21|23|37|38
4D726E55;1;TARC;BA|SB|HG|AS|AG|PB|ZN|CU;EPTI|ORO|IRG;JOY East Property;MAIN;13|17|19
4DAC653D;1;TBAC;N/A;EPTL;Orosi;MAIN;60
4DB85FF3;1;TARC;N/A;PRY;Northwest and Southeast Zones;MAIN;26|27|33|35
4DC2B587;1;TORO;N/A;MNS;Allammaq;MAIN;21|27
4E1A8212;1;TARC;N/A;PEG;Doran;MAIN;31|42|43|44
4E149552;1;TSED;N/A;PLC;Ezulwini Mine;MAIN;44|54
4E5C34BB;1;TARC;N/A;VMS|EPTL;Main Breccia Zone;MAIN;29|31|32
4E542F37;1;TARC;N/A;CHR;Record Ridge South;MAIN;23|30
4E31A329;1;TGGT;N/A;MNS;Lac Rocher Pluton;MAIN;12|17
4ECB7CDB;1;TGGT;N/A;PRY;Ryan Lake;MAIN;13|14|16|17
4E5C9E35;1;TORO;N/A;PRY|EPG;Çöpler;MAIN;58|59|61|63|64
4E6C8BE2;1;TGGT;N/A;ORO|PRY|VMS;MacCormack;MAIN;19|25|33|36
4F1C20E4;1;TSED;N/A;PHO;Wonarah;MAIN;17|18
4EE95E8E;1;TARC;N/A;ORO|EPTL|IRG;El Tesoro;MAIN;20|23
4F4C89B2;1;TBAC;PB|ZN|AS;PRY;Spring Valley;MAIN;29|36|37
4F000A95;1;TGGT;N/A;ORO;MacCormack Showing;MAIN;23|24|28
4F217738;1;N/A;FE|CU|CO|U|MO|ZN|AS|W|NI;EPTH|IOC|PRY;Rocher Deboule Mine;MAIN;33|34|41|43|45
4F247081;1;TORO;N/A;ORO;Matala;MAIN;23|25|26|27|30|37
4FB4F60D;1;N/A;PB|AS;ORO;Gralheira;MAIN;30|33
4F59691F;1;TGGT;AS|SB;ORO;Isabelle zone;MAIN;9|10|12|13
4F83AEF5;1;TARC;N/A;PRY;Central Zone;MAIN;15|16|40|57
4F7DC1A5;1;TGGT;N/A;MNS;Inco Anomaly;MAIN;25|29|30
4F4DBB42;1;TORO;N/A;ORO;Zun-Holba;MAIN;47|49|50|51|65|66
4F929CF0;1;TARC;N/A;PRY;Copaquire;MAIN;38|43
4FD30F90;1;TORO;N/A;N/A;Fording River Operations;MAIN;23|25
5041CBBF;1;TGGT;N/A;PRY;Mop-II;MAIN;26|32|34
50774DBB;1;TORO;N/A;URX;No. 7 Deposit;MAIN;63|68|76
4FC2EB2F;1;TARC;N/A;PRY|EPTH|EPTI;Caspiche Porphyry;MAIN;62|72|74
5079DA0F;1;TORO;ZN;N/A;Greywacke Lake;MAIN;20|22|29|30|31|33|34
512CAAE6;1;TORO;AG|ZN|AS|HG;EPG;Anomaly Area E-13;MAIN;29|30|42
5138B3DB;1;TGGT;N/A;ORO;Duggan Zone;MAIN;18|19|26|29|34
51A832CB;1;TORO;N/A;N/A;Kipoi Central;MAIN;31|56
51F43B87;1;TCRA;N/A;PHO;Itafós Arraias;MAIN;101|103
51AD892A;1;TGGT;N/A;VMS;Zinc Zone;MAIN;20|28|30
51B8AA5D;1;TARC;CU|ZN;PRY;Astorius-Babine Project;MAIN;13|18|19
5240418D;1;TARC;N/A;PRY;Mirador;MAIN;41|45
5267C1F9;1;TORO;N/A;MNS;Santa Rita;MAIN;38|42|49|51
52834053;1;TTRN;N/A;ORO|EPG;Marietta Project;MAIN;10|13
52D26047;1;TGGT;N/A;ORO;Hamelin zone;MAIN;11|16
52D00515;1;TARC;CU|MO;PRY;Los Loros;MAIN;16|18|19|21
52FE566E;1;TGGT;N/A;ORO;Malrobic Zone;MAIN;19|21|23
52A45118;1;TARC;AG|PB|CU|ZN;IRG;Capoose deposit;MAIN;12|17|20
5365724E;1;TUNK;N/A;ORO|SKN;Gold Hill Property;MAIN;12
5394FE2A;1;TGGT;N/A;ORO;Sleeping Giant Mine;MAIN;12|17
53770FD2;1;TTRN;N/A;EPTH;Goldfield West;MAIN;14|16|18|20
53A56C3A;1;TORO;N/A;COA;Rex Seam;MAIN;30|32
5387EDAC;1;TARC;N/A;PRY|SKN;Hawk Project;MAIN;14|15|18
537E1BD9;1;TGGT;N/A;VMS;Lalor;MAIN;39|46
53F0413F;1;TARC;N/A;EPTL|ORO;Yanamina;MAIN;45|47|50|52
53FB08B4;1;TARC;AG|AS|CU|PB|ZN|HG|SB|SN|BA;EPTH;Hope Brook deposit;MAIN;66|68|74|80|90|95
540294F3;1;TCRA;N/A;COA;Mmamabula Energy Complex;MAIN;26
540FEB06;1;TARC;N/A;IRG;Tocantinzinho;MAIN;25|33
54CF27A7;1;TARC;CU|AS|PB|ZN;PRY;Anticipated Porphyry Deposit;MAIN;12|13
5449228E;1;TGGT;N/A;N/A;Duggan Zone;MAIN;16|17|29|30
54460D4E;1;TCRA;N/A;KIM;Star Kimberlite;MAIN;69|70|82
552BB802;1;TGGT;CU|B;ORO;A-B Zone;MAIN;14|16|17
551A40F4;1;N/A;N/A;CBT;Lonnie;MAIN;23
5593C773;1;TARC;N/A;SKN|MAN;Santander Mine;MAIN;13|14|16|17
54859A14;1;TARC;N/A;EPTL;Discovery Zones;MAIN;16|33
55E99D58;1;TARC;N/A;PRY;Endako;MAIN;23|28
55FCF004;1;TUNK;N/A;STRA;Merensky Reef;MAIN;39|41|48
5604DE16;1;TORO;N/A;CHR;Target 1;MAIN;27|28|32
55AE5BD7;1;TSED;PB|ZN|BA|AG|HG|NI|CD|MN|FE|TL;SDX;Gnome Property;MAIN;32|33|42|52|55
56514E14;1;TGGT;N/A;MNS;Hart;MAIN;4|24|30|31|33
56CD0F6D;1;TCRA;N/A;N/A;Lake Zone;MAIN;31|32|37
572E953B;1;TUNK;N/A;URX;Patricia;MAIN;21|24
570E3DAF;1;TUNK;N/A;MNS;Zone 4;MAIN;35|42|43|47
576AA0D3;1;TORO;N/A;ORO|BXH;Matala;MAIN;17|20|24|30
5771DECA;1;TRFT;N/A;CBT;Niobec Mine;MAIN;61|62|67
575D71A5;1;TARC;AG|MO;PRY|BXH;Cañariaco Norte;MAIN;46|58|60|62
578CDB17;1;TORO;SB|AS|PB|AG|ZN|HG|MO|CU;N/A;Prince Mine;MAIN;11|17
57F97599;1;TCRA;N/A;EVP;KP 408 and KP 409 Potash Project;MAIN;27|35
57B18007;1;TARC;AG|CU|HG;N/A;Descubridora Prospect;MAIN;15|19
5817F72C;1;TRFT;N/A;URX;Anderson Property;MAIN;28|29|33
5829398A;1;TORO;AS|ZN|CU|MO|W|CO|IN|GE|SN|V|TE;MAN|BXH;Pozo Seco;MAIN;23|31|32|34|37
580577A0;1;TGGT;AG|ZN|CU|PB|AS|SB;ORO|VMS|IRG;Thunder Lake Deposit;MAIN;35|46|47|48|58
582A88EE;1;TORO;MO|SN|W|MN|F|U|CU|PB|ZN|AG|AS|LI|B;PRY;Fire Tower Zone;MAIN;44|46|53|55|56|57
585C9200;1;TORO;AS|SB|CU;ORO|IRG;Achachucani;MAIN;73|74|75|77|79|80|81
58953429;1;TGGT;N/A;N/A;Addison occurrence;MAIN;21|24|30|32
58A590AB;1;TGGT;N/A;MNS;Hart;MAIN;24|30|31|33
5895D0DD;1;TORO;N/A;ORO|BXH;Scadding Property;MAIN;19|22|23
58C37B20;1;TARC;MO;IRG|MAN|BXH;Rosario;MAIN;21|36|37|43
5943EC7D;1;TORO;N/A;N/A;Sid Mining Coal Project;MAIN;22|24
58D18899;1;TCRA;N/A;MOX;Gulçari A;MAIN;50|53|56
58F0383D;1;TARC;N/A;PRY;Taysan Copper-Gold Deposit;MAIN;58|59|68|69
5966C49E;1;TORO;N/A;URX;Grand Calumet;MAIN;31|36|39
59669023;1;TGGT;N/A;N/A;Maybrun;MAIN;40|44
59172B3E;1;TARC;N/A;IOC|SKN;San Gabriel Zone;MAIN;22|33|39
598A65B0;1;TUNK;N/A;SKN;NMC Moland Molybdenum Deposit;MAIN;26|27
598EE8D2;1;TARC;PB|SB|ZN|AG|CU|MO|SN|W;PRY|BXH;Gossan Prospect;MAIN;9|16
598EF520;1;TCRA;U|NI|CO|AS|B|CU|MO|PB|ZN|FE|V|AG|Y|REE;URU;Fire Eye property;MAIN;13|15|16
59AFD4A4;1;TORO;N/A;ORO;Toordogiin Shil;MAIN;28|35|36|46|47|48
59EFAEDB;1;TORO;N/A;COA;Willow Creek Coal Seams;MAIN;24|25|33
5AC5A348;1;TORO;N/A;COA;Obed-Marsh;MAIN;15|19
59F7D4C7;1;TUNK;N/A;STRA;UG2 Chromitite Layer;MAIN;47|56
5A407489;1;TGGT;N/A;STRA;Roby Zone;MAIN;40|46
59D91001;1;TGGT;AG|AS|SB|K|LI|BI|W|TE|B|CD|CU|PB|ZN|HG;ORO;Whitemouth Lake;MAIN;11|16|17
5ACD5B76;1;TARC;N/A;EPTL;Angela vein;MAIN;26|30
5A275BC5;1;TARC;AS|HG|SB|MN|S|ZN|PB;EPTI;Fruta del Norte;MAIN;30|42|47|48|49|53|57|61
5AF2E239;1;TARC;AG|AS|SB|HG|SN|CU|PB|ZN|BA;EPTH;Hope Brook;MAIN;67|78|79|88|93
5B0AE221;1;TORO;AS|BI|SB;IRG;Coffee Can zone;MAIN;18|19|22|37
5B1342D7;1;TRFT;N/A;BXH;Artillery Mountains Manganese Deposits;MAIN;19|22|26
5B0F6022;1;TORO;N/A;LAT;Nkamouna;MAIN;49|52|55|62
5B5A3395;1;TSED;N/A;N/A;Nyota;MAIN;27|28|31
5BA26F6A;1;TORO;AG|CU|SB|PB;N/A;Two Mile Creek;MAIN;14|16
5BEA515E;1;TARC;AG|AS|BI|CU|SB|SE;EPTL;Algún Día;MAIN;32|38|45|46
5C49F14A;1;TGGT;N/A;IRF;Radio Hill;MAIN;34|37
5C38CD0D;1;TORO;N/A;ORO;Dardenelles;MAIN;15|19|20
5C1740DE;1;TCRA;N/A;KIM;Batovi Kimberlites;MAIN;11|13|14
5C3C3490;1;TORO;BI|AG|PB|SB;PRY;Northern Dancer;MAIN;28|29|34|36|39|42
5BB1C78B;1;TARC;N/A;PRY|BXH;Emigrant District;MAIN;28|31|34|35
5C4E1E8D;1;TORO;N/A;IRF;Kamistiatusset Iron Formation;MAIN;34|40
5CC2E566;1;TUNK;N/A;MAN|SKN;Waterloo showing;MAIN;20|21|22
5C5B6FC3;1;TGGT;N/A;ORO;Wona;MAIN;47|50|52
5DA313F1;1;TORO;N/A;URN;Dewey-Burdock;MAIN;18|20
5D6E947F;1;TARC;N/A;EPTL;Palmarejo;MAIN;44|45|51
5DA361A7;1;TORO;N/A;MNS;Minago deposit;MAIN;49|50|54|55
5E06C324;1;TARC;CU|ZN|PB|AG|FE|MN;MAN|SKN;Magistral Deposits;MAIN;27|36
5E1F82CF;1;TSED;B;N/A;Down Yonder;MAIN;26|29|32
5E0E3CD8;1;TARC;N/A;EPTH;Chelopech;MAIN;33|38|39|40|41
5DFB4E11;1;TGGT;N/A;ORO;Dorset Zone;MAIN;14|20
5E37DA81;1;TARC;N/A;VMS;WIM deposit;MAIN;22|24|27
5EA75021;1;TARC;N/A;MAN;Azulcocha Cuerpo;MAIN;31|32
5F6ED191;1;TORO;U|MO|CU|PB|NI|AS;N/A;Kuriskova;MAIN;22|24|25
5F6323CD;1;TARC;N/A;VMS;Ming Mine;MAIN;49|53|55|56
5EAB4DF7;1;TARC;CU|ZN|MO|AG;PRY;Bronson Slope;MAIN;71|75
5F2C8A26;1;TARC;N/A;ORO|EPTL;Atenea Structure;MAIN;19|24|26|29
5FE73988;1;TORO;AS|BI|SB;ORO;Coffee Can;MAIN;18|19|22|37
5EE2AA97;1;TTRN;BI|HG;PRY|SKN|EPTH;Kestane;MAIN;25|26|27
600CE72D;1;TCRA;N/A;PLC;BlueGum;MAIN;49|50|51|63
603B2A72;1;TORO;N/A;COA;Perry Creek;MAIN;27|29
60B564EB;1;TARC;N/A;EPTL|VMS;Main Homestake deposit;MAIN;50|66|67
6048C966;1;TGGT;N/A;N/A;Noseno;MAIN;25|37
60B605C2;1;TORO;N/A;PRY;Zone III;MAIN;23|26|28
60A9D336;1;TARC;N/A;PRY;Red Chris;MAIN;34|36|46
60F256FC;1;TARC;N/A;SKN|PRY|BXH;Bolivar;MAIN;24|25|30
6119D321;1;TORO;AS|SB|AG;ORO;Imperial Zone;MAIN;20|23|24|26|27|28|32|34|38|42
614A35FE;1;TUNK;CU|NI;MNS;Broken Hammer;MAIN;21|23|24
611E8AEC;1;TARC;N/A;EPTL;Toldafria;MAIN;22|25|29
612C9CDE;1;TARC;CO|NI|AS|MO|U;IOC;Farellon Shear Zone;MAIN;37|41|42|44
616F5B1A;1;TBAC;N/A;MNS;Norton Zone;MAIN;39|40
61D655B3;1;TORO;N/A;VMS;Karchiga;MAIN;36|39|40
61BB88E9;1;TARC;CU|MO|ZN|PB;PRY|BXH;Mocoa;MAIN;21|22|33|34|46
61EC83B2;1;TORO;N/A;COA;Baruun Naran;MAIN;33|35|39|40
626458B7;1;TGGT;TE;ORO;Jubilee zone;MAIN;19|23|24|25
61F7971A;1;TORO;N/A;ORO;V9;MAIN;8|13
61FC4108;1;TORO;MO|U;URN;Green Giant;MAIN;27|30|37|39|41|42
624D4989;1;TORO;N/A;N/A;Lac Colombet Property;MAIN;19|23|40
627CC42C;1;TARC;N/A;VMS;La Pastorera/Aragón;MAIN;41|43|55|60|75
62D07164;1;TORO;N/A;PRY;Zone III;MAIN;29|31
62CAF0E7;1;TGGT;N/A;ORO;Ormsby Zone;MAIN;35|36|50|51
628C3C6B;1;TARC;N/A;EPTI|PRY|BXH;Kay Tanda - Pulang Lupa;MAIN;33|61|98|119
632CD96C;1;TSED;N/A;COA;Verticalnaya North Project;MAIN;20|21
62E62B91;1;TCRA;N/A;KIM;Chapadão cluster;MAIN;21|22|25|29|30|39|40|41
63040973;1;TARC;N/A;EPTL|EPTI|BXH;Rosia Montana;MAIN;45|47|54|55
63469DD0;1;TORO;N/A;ORO;Foster Ledge;MAIN;16|18
635CE6A4;1;TGGT;N/A;PLC;Lely Project;MAIN;17|18|21
6367151C;1;TARC;N/A;VMS;Ming Mine;MAIN;30|36
639266C7;1;TORO;N/A;IRF;Houston;MAIN;26|27|31|32
63837C75;1;TRFT;SE|HG;EPTH|EPTL;Sleeper;MAIN;23|25|27|28|38
63C084C2;1;TGGT;N/A;PEG;Main Sill;MAIN;12|14|15
63C10ECE;1;TCRA;N/A;TLG;Grootboom Tailings Dam;MAIN;26|31
63AF2ABD;1;TORO;N/A;SWM;Coles Hill;MAIN;31|33
63A5835F;1;TORO;AS|TH|MO;BXH|MAN;Accha;MAIN;27|31|34|35
63C0B76C;1;TORO;N/A;ORO;Curraghinalt;MAIN;26|27|33
63D87B83;1;TRFT;N/A;VMS;Las Cruces;MAIN;21|25
63E46890;1;TARC;N/A;N/A;Tantamaco;MAIN;26|27|33
640279DB;1;TSED;N/A;EVP;Ochoa Polyhalite;MAIN;26|27|40
646B1DEC;1;TORO;N/A;MNS;Minago deposit;MAIN;37|42|43
64813AC9;1;TARC;N/A;PRY|SKN|IOC|BXH;Copper Mountain;MAIN;37|44
649A1EB4;1;TGGT;N/A;VMS|MNS;Tri-Eagle Claims Prospect;MAIN;17|18|29|30
64AFC897;1;TORO;N/A;IRF;Bloom Lake deposit;MAIN;31|36
65435B08;1;TGGT;N/A;PEG;Authier;MAIN;19|21
64EA3E32;1;TGGT;N/A;VMS;Potter Mine;MAIN;13|18
64EA51A8;1;TARC;AS;EPTL;San Rafael vein;MAIN;18|20|25
658C7FC2;1;TGGT;N/A;ORO|LAT;Wona;MAIN;51|52|56
64F54EFC;1;TORO;N/A;GRAP;Clot deposit;MAIN;34|39|41
65CADEDD;1;TARC;N/A;EPTI|BXH;Premier;MAIN;25|29|30|31
662210F5;1;TCRA;N/A;SSC;Seal Lake Property;MAIN;22|27
65A57432;1;TRFT;CU|MO|AS|SB;SDX;SBH Property;MAIN;126|128|130|131|133
65A64156;1;TORO;N/A;ORO;Cosmo-Howley;MAIN;94|95|109|138
66399C79;1;TORO;AS|FE|PB|ZN|MN|V|NI|CU;ORO;Point 1;MAIN;24|29|31|38
66587CE2;1;TUNK;CU|AG|MO;PRY|ORO;Kenville Gold Mine;MAIN;24|27|29|31|35
666CAF4E;1;TARC;N/A;PRY;Cerro Vetas;MAIN;23|27|29
6790B522;1;N/A;N/A;COA;Verticalnaya Mine;MAIN;22
66C84DAF;1;TRFT;AG|AS;EPTL;Discovery Zone;MAIN;17|22|30|31
673059A9;1;TARC;N/A;EPTL;Carmen;MAIN;36|37|40|41
6766A028;1;TORO;N/A;PRY;Mac;MAIN;28|35
675F7BA2;1;TARC;CU|PB|AG|ZN|AS|W|SN;PRY;Ruby Creek deposit;MAIN;24|30|34
67B69F30;1;TARC;N/A;SKN;Cerro Ccopane-Orcopura;MAIN;21|25
67E22585;1;TGGT;AG|TE;ORO|IRG|PRY;Haultain Property;MAIN;23|33|34|35|36|45
680FA741;1;TSED;N/A;URN;Salvo Project;MAIN;35|39
67E5F900;1;TORO;PB|ZN|AG|CU;SKN;Iron Nugget;MAIN;29|38|40|44|46
684E7FDA;1;TORO;PB|AG|CU|ZN|BA|HG|AS|SB|MO;ORO;Cariboo Hudson;MAIN;34|38|40|41|46|47|48|94|114
67EDDB0F;1;TGGT;N/A;MNS;NISK-1;MAIN;22|27
68C3BCC4;1;TRFT;N/A;PLC|SKN|PRY;Meteoritica Iron Ore;MAIN;16|17|18|20
68E434E1;1;TCRA;N/A;PLC;Leslie Occurrence;MAIN;29|35|38
68D989FD;1;TSED;N/A;URN;Deep Gold;MAIN;25|26|30
68E8747C;1;TGGT;N/A;IRF;Deposit No. 1;MAIN;53|56|67
6935ACE3;1;TSED;N/A;BRN;Fox Creek Lithium Property;MAIN;17|23|24|26|27|28
6971E2C4;1;TGGT;N/A;ORO;No. 2 Gold Zone;MAIN;17|19
697EFD93;1;TSED;N/A;N/A;Coal Valley Property;MAIN;37|39|41
696AD867;1;TORO;K|RB|SN|BE;PEG;Brazil Lake Pegmatites;MAIN;22|32|34|36
698DF1D6;1;TGGT;N/A;MNS;Flying Fox;MAIN;42|45
69D643D9;1;TORO;N/A;ORO;Royal vein;MAIN;10|11
6996ADED;1;TGGT;N/A;ORO;Detour Lake deposit;MAIN;43|56
699A5CB2;1;TARC;N/A;VMS;Debarwa;MAIN;37|47|50
69D80165;1;TGGT;N/A;MNS;Nancy Dyke;MAIN;10|11|13
698D9636;1;TUNK;N/A;CAR;Northumberland;MAIN;33|38
69D8AAEE;1;TORO;N/A;MNS;Puimajuq;MAIN;21|25
69E4392C;1;TCRA;N/A;STRA;Jackie Rastall Prospect;MAIN;14|15|16|17
69F7FCA7;1;TGGT;AS;ORO;Dubenski Gold Deposit;MAIN;45|53|55
6AB3BF73;1;TORO;AG|ZN|AS|SB|BI;ORO|IRG;Barsele Central;MAIN;39|41|43|46|52
6A1A5E99;1;TTRN;BA|SB|AS|GA;EPTH;Kücükdag;MAIN;19|23|25|26|27|31
6A689039;1;TORO;N/A;MNS;Allammaq Deposit;MAIN;23|30|31
6A53BA73;1;TORO;W|ZN|PB;PRY|SKN;Sphinx;MAIN;23|31
6AD8E9EB;1;TUNK;AS|PB|ZN|SB;PLC;Inmachuk Prospect;MAIN;21|26|29
6AFBA6B3;1;TORO;N/A;VMS;Wolverine Deposit;MAIN;31|42
6AE50D41;1;TGGT;AG|AS|ZN|SB|CU|HG;ORO;Madsen Mine;MAIN;53|62|63|65
6B682711;1;TARC;N/A;PRY;Los Loros;MAIN;15|17|18
6B0CFAFA;1;TRFT;N/A;N/A;Boleo;MAIN;30|31|36|37
6B07CBA7;1;TORO;U|MO;MIX;Green Giant Vanadium Project;MAIN;33|36|38|47|50
6B78E5F3;1;TARC;N/A;PRY;Mt. Milligan;MAIN;55|62
6BC4FE74;1;TARC;N/A;N/A;Alisitos;MAIN;19|23|28
6BE038D3;1;TORO;N/A;VMS;Hudvam deposit;MAIN;30|35
6B933B91;1;TARC;CU|AG|ZN|MO|PB|MN|BI|AS;PRY;Tepal;MAIN;18|21|23
6C53E7AE;1;TARC;N/A;BRN;Sal de Vida;MAIN;32|37
6BE33528;1;TGGT;N/A;N/A;Roby Zone;MAIN;54|63
6BFEF01A;1;TORO;FE|CU|U|AG|CO|F|B|MO|AS|BI|TE|MN|SE|BA|PB|NI|ZN;IOC;Sagar Property;MAIN;35|42|44
6C86B488;1;TORO;BI;ORO;New Occidental;MAIN;50|53|58|61|80
6CC70D44;1;TRFT;AS|SB|HG;EPTL|BXH;Calandria Sur;MAIN;19|28|29|30
6C7044CB;1;TORO;CU|ZN|AG|CO;VMS;Turner Gold;MAIN;32|39|41
6CAFC46E;1;TGGT;CU|PB|ZN|AS;VMS|ORO;Terakimti;MAIN;30|39|59
6D02A3E0;1;TORO;AS|SB|BI|HG|SN;VMS;Frank Creek;MAIN;29|34|45|47|50
6D0751E9;1;TRFT;N/A;PRY|EPTL;El Castillo;MAIN;32|33|35|38
6D1691F0;1;TORO;N/A;N/A;Dewey-Burdock;MAIN;19|21
6D4938D6;1;TARC;N/A;PRY;Mandé Norte;MAIN;24|32
6DACA802;1;TORO;N/A;URN;Sheep Mountain;MAIN;19|21
6D2BB01A;1;TORO;CU;IOC;Minto Deposit;MAIN;47|51|54|72
6D71DA32;1;TRFT;AS|SB|HG|AG|BA|ZN;CAR;Signal Zone;MAIN;29|30|36|39|42
6DEE3F67;1;TARC;N/A;PRY;Angel Prospect;MAIN;15|17|18
6E8A615E;1;TARC;AS;EPTL|IRG;Gold Ridge;MAIN;21|24
6E00086B;1;TBAC;N/A;VMS;Hackett River deposits;MAIN;51|63|64
6EC96BB3;1;TARC;N/A;PLC;East Cluxewe deposit;MAIN;41|45|48
6EB8E8E5;1;TORO;W|BI|TE|AS|SB|AG|MO|CO;IRG|SKN;Bunker Hill Mine area;MAIN;19|26|27
6E0E4155;1;TRFT;N/A;MNS;Marathon PGM-Cu deposit;MAIN;42|57
6ED5AAEB;1;TARC;N/A;SKN;Merry Widow;MAIN;29|30|35
6EDBC765;1;TORO;N/A;SSC;Caribou Dome;MAIN;19|20|23|25
6F0EB87C;1;TCRA;N/A;URN;Westmoreland Deposits;MAIN;31|43|44
6F1B9D6E;1;TGGT;CR;PLC;Leadbetter Conglomerate;MAIN;17|19|27|34|36|38
6F3789C9;1;TARC;HG|AS|SB;PRY|EPTL;Howard Lake Showings;MAIN;28|38|39|40|42|70
6FC0DE08;1;TORO;N/A;N/A;Dewey-Burdock Project;MAIN;32
6FEEB7BE;1;TORO;AG|CU|ZN|AS|CD;VMS;McClarty Lake;MAIN;9|13|14
7043C22E;1;TBAC;N/A;VMS;Arctic deposit;MAIN;45|46|47|56|57
6F94257F;1;TARC;N/A;EPTL;Palmarejo;MAIN;54|55|62
6FC6C6E6;1;TARC;N/A;PRY|BXH;Taysan;MAIN;22|26|27
6FC7A47C;1;TORO;CU|MO|AG|AS|BI|CD|MN|PB|SB|ZN|W;PRY|BXH;Casino;MAIN;51|54|63|64
70741464;1;TCRA;N/A;PHO;Itafós Arraias;MAIN;23|26|27
70681CDD;1;TARC;N/A;EPTL;El Zapote;MAIN;26|39|41
70D225A9;1;TORO;N/A;MNS;Qarqasiaq complex;MAIN;9|10|11
710CEB3E;1;TCRA;LI|CS|RB;PEG;Santa Maria de Itabira;MAIN;17|19|20
70C26776;1;TARC;N/A;EPTL|PRY|BXH;Chita Valley Project;MAIN;31|35|36|38|45
70B6862A;1;TARC;MO|CU;PRY;Zuun Mod;MAIN;19|26|27|33|35|36|43
7131A434;1;TGGT;AS;ORO|PRY;Opinaca Project;MAIN;12|14|15
716A5168;1;TBAC;N/A;URN;Hairhan;MAIN;51|53
7142AE09;1;TORO;N/A;LAT;Nkamouna;MAIN;45|53
719E033E;1;TARC;CU;EPTL;SE Project;MAIN;17|19|21|29
71C1DB21;1;TARC;N/A;IOC;Santo Domingo Sur (SDS);MAIN;39|60
71C826E6;1;TARC;BI|HG|MO;PRY|SKN|EPTH;Kestane;MAIN;19|25|27|41
72372292;1;N/A;N/A;URN;South Inkai;MAIN;11
71DB895D;1;TARC;N/A;VMS;Wim deposit;MAIN;15|16|19
720F3471;1;N/A;N/A;IRG;Grey River tungsten veins;MAIN;23|24|25
71EFBF85;1;TGGT;N/A;VMS|EPG|BXH;Main/North/Tache Zone;MAIN;26|27|42|43|45
7215DE77;1;TORO;N/A;PRY|BXH;Carmi deposit;MAIN;21|23|24|25|26|27
722F5D46;1;TORO;AS|CU|MO|BI|TE|AG|PB|HG|SB|SE;ORO|IRG|PRY;Elizabeth;MAIN;53|54|55|56|59|60
724510AD;1;TSED;N/A;PLC;EPL 3403 Diamond Deposits;MAIN;18|28
7262CC5D;1;TRFT;N/A;MNS;Maturi Extension;MAIN;38|40|41
725B5AE1;1;TGGT;AS|SB;ORO;Isabelle showing;MAIN;10|12|13
7251C603;1;TARC;N/A;PRY;Bluff Lake;MAIN;15|19|21
727C189D;1;TARC;N/A;VMS;Yenipazar;MAIN;22
7250A3E8;1;TORO;AS|SB|PB|ZN;PRY|SKN;Gold Vein Zone;MAIN;30|33|36|38|45
729B4BA7;1;TSED;N/A;URN;Nichols Ranch;MAIN;13|15
7317AE94;1;TGGT;N/A;IRF;C-Zone;MAIN;28|31|32
73B3078A;1;TGGT;N/A;MNS;West Rim and East Rim Properties;MAIN;20|23
72ABFCE2;1;TARC;AS|HG|MO|SB|CU;EPTL;Shovelnose;MAIN;13|21|29
72C300DB;1;TGGT;N/A;MNS;Flying Fox;MAIN;42|45
73D02420;1;N/A;N/A;KIM;Star Kimberlite;MAIN;65
736FED3F;1;TARC;PB|ZN|AG|CU|MO|AS;PRY|SKN|BXH;La Dura System;MAIN;27|33|34|35|38|40
7394D7A6;1;TGGT;PB|ZN;ORO|SKN;Amapari Trend;MAIN;45|48|49|54|56
7446A25B;1;TSED;N/A;IRF;Lac Otelnuk;MAIN;38|49|50
747AB1D6;1;TCRA;N/A;URU;Falea;MAIN;30|36
74D3F5DE;1;TRFT;N/A;N/A;Carlin Vanadium;MAIN;18|21|22
74F07705;1;TORO;N/A;VMS;Gjazuj;MAIN;20|22
74FEDD6B;1;TRFT;N/A;CBT;Crevier Nb-Ta Dyke;MAIN;40|42|43
74AA69FF;1;TORO;N/A;COA;Good Spring Property;MAIN;28|30
74E75537;1;TARC;N/A;EPTL|EPTI;Montoros Vein Systems;MAIN;18|22
74832ADC;1;TGGT;N/A;MNS;Ajax;MAIN;14|19
75119D6F;1;TCRA;N/A;PLC;Tirisano;MAIN;39|40|48
751F3A17;1;TORO;N/A;MNS;Qarqasiaq Complex;MAIN;10|11
75C428C7;1;TRFT;N/A;EPTL|EPTH;Fire & Brimstone;MAIN;45|49|52
75EB03D4;1;TORO;MO|CU|W;PRY;Moly Brook Zone;MAIN;16|18|22
7564FEFB;1;TCRA;N/A;PLC;BlueGum Alluvial Diamond Gravels;MAIN;47|48|55|69
7607832D;1;TARC;AG|AS|SB|MO|TE;N/A;Haile;MAIN;22|29
761E246F;1;TORO;AS|PB|CU|SB|AG|BI;IRG;Chant Saddle zone;MAIN;15|19|22
762B706C;1;TARC;N/A;PRY|BXH;Los Verdes;MAIN;42|43|48
768B89DD;1;TARC;AG|MO|V|ZN|PB|AS;PRY;Lorraine;MAIN;23|29|48
764E4670;1;TUNK;AS|CU|PB|ZN;EPTL|EPTI;Escondida;MAIN;40|42|44|46|49
76E10086;1;TORO;N/A;IOC|BXH;Two Time Zone;MAIN;23|30
769CE8D5;1;TCRA;F|CU|AG;IRG;BB-Longspur Occurrence;MAIN;67|84|94
768ADE26;1;TUNK;N/A;EPTL;Summit Mine;MAIN;27|31|32
772535CE;1;TGGT;N/A;PEG;Authier pegmatite;MAIN;19|21
76F79B3B;1;TARC;N/A;PRY|EPTH;Hugo North Extension;MAIN;65|92
777286BF;1;TORO;MO|CU|PB|NI|AS;N/A;Kuriskova;MAIN;21|24|25
77351411;1;TARC;CU|MO|W|BI|AS;PRY|IRG|BXH|SKN;Scroggie;MAIN;20|23|24|26|28
775641DD;1;TRFT;N/A;EPTI;Zaca deposit;MAIN;30|37
77792022;1;TARC;HG|AS|SB;EPTL;El Capitan;MAIN;27|34|36|37|41
779F007F;1;TARC;N/A;PRY;Rovina;MAIN;51|61
77E49DF5;1;TBAC;N/A;VMS;Arctic;MAIN;7|28|29|37|38
78A36A30;1;TARC;AS|BI|HG|MO|PB|MN|BA|TE;EPTL|ORO;Vidette Mine;MAIN;12|15|16
787F16B8;1;TORO;N/A;URX;Rossing South;MAIN;35|36|40|43
77F9D475;1;TUNK;AG|CU|W|AS;BXH;Willa deposit;MAIN;27|34|36
78392E73;1;TORO;N/A;ORO|EPG;Cerro Prieto;MAIN;29|30|31
78ACF3B3;1;TGGT;N/A;ORO;D Vein;MAIN;14|16|17
79169F99;1;TORO;N/A;IRF;Bellechasse;MAIN;32|45
793734C8;1;TORO;N/A;ORO;Bunker Hill Mine Project;MAIN;13|14
7945C233;1;TGGT;N/A;ORO|LAT;Grid 3;MAIN;12|15|16
78FD4F5B;1;TARC;MN;EPTL;Santo Domingo;MAIN;14|15|16|23
7958E771;1;TORO;N/A;PRY;'main' showing;MAIN;13|15
7949581C;1;TSED;CU|AG|SE|MO|CR|PB|ZN|AS|CO|NI;N/A;Daneros;MAIN;36|43|46|53
799FFDD4;1;TARC;AG|CU|PB|ZN|MO|AS|SB|HG;EPTL|EPTH;Blustry zone;MAIN;28|31|32|40|41
79AA019C;1;TARC;N/A;VMS;Back Forty;MAIN;25|26|28|29
7AC87CEA;1;TGGT;N/A;ORO;Main Zone;MAIN;21|24|25
7AA0AF90;1;TORO;N/A;SKN;Centennial deposit;MAIN;30|35
79E2469B;1;TARC;CU|MO|PB|AS|SB|W|HG|BI;IRG;Grizzly Vein;MAIN;38|42|48|56|57|61
7A7EE36E;1;TARC;N/A;SKN;QR deposit;MAIN;33|37
79AC5D0C;1;TCRA;N/A;KIM;Star Kimberlite;MAIN;40|41|50|51|52
79FBE54A;1;TGGT;N/A;VMS|MNS|ORO;REN-6 and REN-8;MAIN;19|20|21
7AC8BDFD;1;TORO;N/A;MNS;Huangshan Exploration deposit;MAIN;52|59
7B3EE695;1;TCRA;N/A;KIM;Dizzy kimberlite;MAIN;12|17
7AF2D875;1;TORO;N/A;IRF;Serra da Farofa;MAIN;31|37|38
7B3C76B9;1;TORO;N/A;SSC;Kipoi Central;MAIN;30|35|40|57|64
7B451FB9;1;TGGT;N/A;ORO;Lac Herbin;MAIN;19|23|26
7B4D55D5;1;TGGT;N/A;ORO;Detour Lake deposit;MAIN;43|56
7BA02A84;1;TUNK;N/A;PRY;Burnt Stump;MAIN;32|38|41
7C1DE6FF;1;TORO;N/A;N/A;St. Lawrence Veins;MAIN;34|37|42|43|49
7C016B27;1;TORO;AS|SB|HG;SKN|EPTL|BXH;El Valle-Boinás;MAIN;44|45|49|50
7BEA592C;1;TGGT;N/A;ORO|PRY;Upper Beaver;MAIN;33|37
7C416491;1;TUNK;CU|CO;CHR;Turnagain Resource Area;MAIN;45|56|62
7CDAA6BC;1;TARC;AS|CU|PB;PRY|BXH;TRIMA 2;MAIN;18|27|30
7D5AF4B7;1;TBAC;PB|ZN|AG|CU|MO;VMS;Double Ed;MAIN;13|15|19|20
7D14DA41;1;TORO;BI|AS;BXH|PRY|IRG;Golden Zone Mine (Breccia Pipe);MAIN;34|36|37
7D0887BE;1;TARC;N/A;PRY;San Jorge;MAIN;82|89|91
7D514E08;1;TORO;N/A;PRY;Florence;MAIN;46|56
7D5BF33B;1;TORO;AS|SB|HG|CU|AG|BI|TE;SKN|EPTL|BXH;El Valle-Boinás;MAIN;54|59|65|66|67
7D698513;1;TCRA;N/A;KIM;Orion Kimberlite Complex;MAIN;22|23|26|27|30|32|33|34|36|37
7D8D224D;1;TORO;AS;IRG|ORO;Reid Prospect;MAIN;15|17|27
7DBDB7FB;1;TORO;N/A;IRF;Harvey-Tuttle Lakes;MAIN;25|28|37|38|40
7E14AFCE;1;TARC;CU|AG;PRY;WC Property;MAIN;12|16|17
7E3F3467;1;N/A;N/A;COA;Raven;MAIN;45
7E2FEB3B;1;TORO;N/A;ORO|BXH;Abu Marawat;MAIN;26|28|29
7EB7C8A3;1;TGGT;N/A;IRF;Moonshine;MAIN;26|29|31|38
7EA9F9C8;1;TARC;ZN|MO;PRY;Rovina;MAIN;44|88|90|97|112
7ED0AEC1;1;TARC;N/A;EPG;El Centenario;MAIN;30|32
7ECB9FA4;1;TARC;N/A;PRY|SKN;Bear Canyon;MAIN;23|24|29
7F2C9071;1;TCRA;N/A;PLC;BlueGum;MAIN;49|50|63
7F3BB6B2;1;TORO;BI|W|AS|SN|MO|TE|SB;IRG|ORO;PR7811;MAIN;29|35|37|41|46|47
7F331B9F;1;TRFT;MO|F|W|BI;URX;U-Beva;MAIN;19|21|27|28|30|32
7F85921C;1;TARC;N/A;PRY|BXH;Madrugador;MAIN;26|33|35
7FB73326;1;TARC;N/A;ORO;Bingo;MAIN;21|22|29
7FDB2B67;1;TORO;N/A;IRF;Forecariah;MAIN;28|33
7FE46949;1;TCRA;N/A;SWM;T Zone;MAIN;41|42|47|49
803B0DED;1;TRFT;N/A;EVP;Danakhil Potash Deposit;MAIN;42|43|44|48|54
806BB670;1;TGGT;AG|CU|PB|ZN;VMS;Thunder Lake Deposit;MAIN;30|34
7FEC2CD6;1;TSED;N/A;COA;Straight Creek Properties;MAIN;45|46|47|53
801A975A;1;TORO;N/A;ORO|EPTL;Cerro Prieto;MAIN;58|62|63
805A06FF;1;TORO;ZN|PB|CU|AS|AG|S|HG|CD|BA|CO;MAN|MVT|SDX;Toral;MAIN;24|31|38
8039CB6A;1;TORO;N/A;IRF;Ungava Iron property;MAIN;33|39
811D9CDF;1;N/A;N/A;N/A;Çöpler;MAIN;27|28|29|30
80813728;1;TSED;N/A;COA;Plum Creek Timberlands;MAIN;39|41
80D57150;1;TORO;N/A;IRF;James Deposit;MAIN;53|56|57
8095A31E;1;TGGT;N/A;SKN;Aappaluttoq;MAIN;17|19
8073F5AB;1;TGGT;N/A;ORO;Detour Lake;MAIN;34|41
80D6B7F8;1;TORO;AG|AS|CU|MO|PB|S|SB;IRF;Indian Lake Sulphide Iron Formation;MAIN;15|16|20
814D5C5C;1;TGGT;AS;ORO;Busitema;MAIN;28|30|33|35|38
817502CB;1;TGGT;ZN;MNS;McCart Property;MAIN;28|36|40|41
8162FDBF;1;TGGT;N/A;VMS;Shunsby;MAIN;52|74
81C0DAE9;1;TRFT;AG|CU|ZN|PB|FE|AS|SB|SN|BA|W|HG;DFR;Socorro Mine;MAIN;20|21|23
81DD947C;1;TGGT;N/A;ORO;Conley;MAIN;15|22|23
818AD18E;1;TORO;N/A;MVT;Hakkari Zinc Project;MAIN;26|31|32|37|60
81E2B1F5;1;TARC;N/A;EPTL;Bálsamo - Cerro Alto;MAIN;41|47|48
81F90E3D;1;TSED;PB|ZN|AG;MAN;OG Property;MAIN;12|16|18
820FC594;1;TORO;MN|BA|PB|ZN|CU|AG;VMS;Sperrgebiet Project;MAIN;10|11|17|19|21
8222727D;1;TARC;N/A;PRY;Mt. Milligan;MAIN;28|35
820CE78A;1;TRFT;MO|F;URX;Gurvanbulag;MAIN;51|52|53|54|56
8253C4DC;1;TCRA;NI|CO|AS|CU|PB|ZN|V;URU;Key Lake West;MAIN;20|24|25|31
825D14A4;1;TORO;AS|SB|BI|W|TE;IRG;Ten Grid Target;MAIN;12|14|15
82BA40E4;1;TUNK;N/A;N/A;Double S trend;MAIN;21|23|26
8293E4D9;1;TARC;N/A;N/A;Elenita;MAIN;28|35|37
82F721C3;1;TRFT;N/A;N/A;Geordie Lake;MAIN;19|25
82E04501;1;TARC;N/A;SKN;Nahmint Property;MAIN;13|14|15
8320CC3E;1;TGGT;N/A;ORO|IRF;Pickle Lake Property;MAIN;48|70|72
83397A16;1;TARC;AS;PRY|BXH|SKN;La Dura West;MAIN;31|36|37|39
8381B18D;1;TSED;FE|V|SE|MO;URN;Centennial Project;MAIN;15|17|18
8363E591;1;TORO;AG|PB;VMS;Bisha Main Zone;MAIN;61|73|75|96
8392180D;1;TUNK;N/A;N/A;Serrote da Laje;MAIN;27
838CD3FF;1;TARC;K|B;BRN;Salar de Diablillos;MAIN;47|49|58|60
83BA27AC;1;TCRA;N/A;PLC;Krone-Endora;MAIN;28|30|31|33
838DE7A4;1;TORO;AG|TE|BI|MO|RE|S|MN|SB|SE;SSC;Banana Zone;MAIN;21|24|26
83B281ED;1;TRFT;K|U;EPTL;Southeast Pediment;MAIN;34|41|44|58
83B45805;1;N/A;N/A;PRY;Yandera;MAIN;21|23|24
83C492EC;1;TCRA;CU|CO|NI;BXH;Swan Lake Zone;MAIN;26|32|36|37|38|40|41|60
0065E615;1;TRFT;N/A;URX;Anderson Project;MAIN;32|35|42
0006F2F8;1;TORO;N/A;SDX;Bleikvassli;MAIN;12|13|18
000018AE;1;TORO;N/A;IRF;Fire Lake North;MAIN;71|85|88|89|90
0097A9F2;1;TSED;N/A;N/A;Driftwood Creek;MAIN;33|41|42
00733BCB;1;TORO;N/A;URN;C de Baca Project;MAIN;25|27|28|29
009E0E02;1;TBAC;N/A;SDX;Empire State Mines;MAIN;48|51|53
00A7E870;1;TCRA;N/A;IRF;Gunflint Iron Formation;MAIN;34|45
00A1F635;1;TORO;CO|CU|NI|AS;N/A;Nama;MAIN;23|24|25|33|34
01083CCE;1;TORO;N/A;GRAP;Mousseau West;MAIN;19|29|30
01282FA2;1;TRFT;W|F;PRY;Malmbjerg;MAIN;33|37|38
01506643;1;TBAC;NI;MNS;Zara Property;MAIN;12|13|16|17
01995397;1;TARC;N/A;BRN;Salar de Maricunga Brine;MAIN;46|48|67
01C7E909;1;TCRA;CR|FE|MN;KIM;Koh-i-Noor;MAIN;134|136|162|163
01BA19C2;1;TCRA;N/A;MOX;Gulçari A;MAIN;72|74|94
01D13B6D;1;TARC;N/A;SKN|IOC;Lomonosovsky;MAIN;38|39|54|55|57
02196382;1;TSED;N/A;PHO;Farim (FPA horizon);MAIN;72|74|80
01F15D09;1;TRFT;CO|CU|AS;N/A;Haynes Cobalt Project;MAIN;26|31|33
02267317;1;TGGT;N/A;IRF;Trairão;MAIN;50|51|53|55|58
027D00DB;1;TSED;N/A;N/A;St. Peter Sandstone;MAIN;13|14
023AF742;1;TSED;N/A;URN;Dasa;MAIN;47|51|68
02534FC5;1;TUNK;N/A;LCL;Thacker Pass Deposit;MAIN;75|79|83|87
02A741A2;1;N/A;N/A;COA;Donkin Project;MAIN;19
02A367B2;1;TORO;N/A;STRA;Pedra Branca;MAIN;50|60
02B14286;1;TRFT;N/A;LCL;Zeus;MAIN;15|19|21
02AA1980;1;TRFT;N/A;LCL;TLC;MAIN;93|100
02BA8A36;1;TSED;N/A;EVP;Estela-Cecilia Gypsum;MAIN;17|22
02B352B1;1;TORO;CO|CU|FE|MN|BA|LI|NI|ZN|CR;VMS|IOC|SSC;Bujagali Property;MAIN;22|23|27|29|30|32|34|46
02BF9D2A;1;TGGT;CS|RB|BE|NB|TA;PEG;MZN (Main Zone North);MAIN;93|105|138|141|144|145
02C4B738;1;TSED;N/A;EVP;Lanigan;MAIN;23|24|28
02DCA72E;1;TORO;N/A;SKN;São Pedro das Águias;MAIN;26|29|32|34
02FE350A;1;TRFT;B|LI|AS|SR|MG;BRN;El Cajon deposit;MAIN;16|18|20|23
0315D3A1;1;TGGT;N/A;MNS;Nisk;MAIN;53|55|61|62|66|68
0325E82C;1;TGGT;N/A;IRF;Ularring Hematite Project;MAIN;43|52
0346E591;1;TARC;N/A;SKN;Lomonosovskoye;MAIN;43|44|60|63|64|65
035B1955;1;TSED;B;URU;JR zone;MAIN;44|52|55
03827D35;1;TARC;N/A;LAT;Agata North;MAIN;45|46|47|50
03691FDF;1;TORO;N/A;GRAP;Lac Aux Bouleaux;MAIN;51|53|58
0368B2A0;1;TBAC;N/A;VMS;Aripuanã Deposits;MAIN;55|61
0396105E;1;TORO;LI;N/A;Target 7;MAIN;53|57|58|63
0387FAD0;1;TRFT;TH|Y|P|NB|ZR;N/A;Area 4;MAIN;74|81|90|103
0391D5DD;1;TRFT;N/A;MNS;Tamarack Zone;MAIN;66|70|88
0399277A;1;TSED;N/A;PHO;Gadde Bissik;MAIN;14|16
0407F3F0;1;TGGT;N/A;VMS;Vendôme deposit;MAIN;14|20|21
03D67450;1;TCRA;N/A;MNS;Greenland Norite Belt;MAIN;4|5|34|62|64
043AD030;1;TRFT;CS|W|MO|RB;LCL;Nevada North Lithium Project;MAIN;39|45|52
03E21B6F;1;TORO;BI|W|TE|MO|CU|AS|AG|PB|ZN|SB;IRG|SKN;AurMac;MAIN;88|97|98|99|101|117
0448EBBA;1;TORO;N/A;MBS;Gibellini;MAIN;89|91|99
045E49B5;1;TCRA;N/A;SSC;No Name Zone;MAIN;19|27
04C2D505;1;TARC;N/A;EPTI;Property;MAIN;24|29
04960122;1;TTRN;N/A;SWM;Liberty;MAIN;39|47
04E26B46;1;TARC;N/A;BRN;Salar de Pocitos;MAIN;46|49
050AEBF5;1;TARC;AG|CU|PB|ZN|MN|AS|SB|BA|HG;VMS;Blue Moon;MAIN;52|54|59|61
04F6F424;1;TARC;N/A;BRN;Salar de Maricunga;MAIN;65|68|93|94
051B3EFB;1;TORO;AS|SB|SE;MNS;C5 Ni deposit;MAIN;34|39|40|41
053319E5;1;TGGT;LI|CS|TA|BE;PEG;Moblan;MAIN;94|95|108|109|110
05439B3C;1;TORO;N/A;IRF;Lac Lamêlée;MAIN;57|64
05B0ED18;1;TARC;AS|AG|CO;PRY|IRG|BXH;Grass Mountain Area;MAIN;17|18|31|33|35
05B41AF6;1;TGGT;AG|AS|S|BA|CU|K;ORO;Windfall Lake;MAIN;73|91|126|132
060F2FCC;1;TARC;AG|PB|ZN|W;PRY;CUMO;MAIN;27|35|36|39|43|51
06161257;1;TGGT;N/A;N/A;NRJV Project;MAIN;30|32|49
065894EE;1;TRFT;U|TH;N/A;Foxtrot deposit;MAIN;46|51|54|57
066A4C11;1;TGGT;N/A;MNS;Aurora South;MAIN;35|39|42
067ECD21;1;TORO;N/A;IOC|BXH;Mount Dore;MAIN;30|31|32|40|44
06815AD2;1;TSED;N/A;IRF;Gunflint Iron Formation;MAIN;33|35|44
068E29DE;1;TARC;B|K;BRN;Terra Cotta Project;MAIN;29|30|36
069C1551;1;TORO;U|TH|F|K;IAC;Carina;MAIN;83|92|98
06A4F963;1;TORO;AS|B|CO|CU|PB|MO|NI|V|ZN;URU;Key Lake South Project;MAIN;4|32|33|44|55
06AEBD77;1;TARC;N/A;BRN;Salar de Pozuelos;MAIN;51|58|59
06AFD199;1;TSED;N/A;PHO;Farim;MAIN;84|86|88|90|91
06C6649F;1;TCRA;AG|AS|BA|CD|CO|CR|CS|CU|HG|MO|NI|PB|SB|SE|V|ZN;BXH;EZ1;MAIN;30|34|38
06DEB1B7;1;TSED;N/A;IRF;Lac Jeannine;MAIN;71|74|79|80|81
06D1ECA9;1;TRFT;N/A;LCL;Blue Clay Lithium;MAIN;13|21
06ECA127;1;TBAC;N/A;VMS;Nepisiguit A;MAIN;34|43|44
0709CC79;1;TORO;N/A;URX;Etango;MAIN;57|61
075849A1;1;TSED;N/A;MVT;Pine Point;MAIN;58|72
07932F80;1;TCRA;N/A;SND;Sumner Property;MAIN;39|42|48
07BB167A;1;TSED;N/A;MVT;N-204;MAIN;49|56|76|77
07AFBC2A;1;TORO;N/A;PRY|SKN;Jiama;MAIN;45|48|49|57|58
07CA27E3;1;TGGT;N/A;MNS;Grasset deposit;MAIN;45|51|53|54
07CF8F0B;1;TORO;N/A;IRF;Oil Can;MAIN;44|62|65
081AA94E;1;TSED;N/A;EVP;Rocanville;MAIN;23|26
0820A6A7;1;TARC;N/A;N/A;Despoblados;MAIN;26|27
0848678A;1;TORO;N/A;TLG;Kamativi tailings dump;MAIN;48|51
0850A1EB;1;TRFT;N/A;BRN;Bounty Potash Project;MAIN;25|30
085FFD15;1;TORO;MO|W|SN|F|LI|TH|U|RB|B|CU|PB|ZN|BI|AG|AS|SB|BE;IRG;Ackley Property;MAIN;61|65|68|69
08890AAC;1;TGGT;N/A;PEG;Whabouchi;MAIN;22|23|28
08B64A92;1;TORO;N/A;SKN;Sao Pedro das Águias;MAIN;37|45
08C3E831;1;N/A;N/A;N/A;Wisner South and Southwest zones;MAIN;23|25
08B5659D;1;TGGT;N/A;N/A;Kevitsa;MAIN;29|35
09093878;1;TORO;N/A;N/A;Roncevaux vein;MAIN;22|24|28
0901BE92;1;TORO;N/A;MVT;TAM;MAIN;29|51
091581BF;1;TRFT;N/A;CBT;Zandkopsdrift;MAIN;61|64|68|78
0960013A;1;TARC;N/A;BRN;Salar Incahuasi;MAIN;32|37|38
094D186D;1;TSED;N/A;IRF;Lac Virot;MAIN;78|79|80|83|89|90
09668AB7;1;TORO;N/A;N/A;Valencia;MAIN;27|42
0977F12A;1;TRFT;N/A;VMS;Atlantis II Deep;MAIN;9|13|15
09963E99;1;TSED;N/A;MVT;Pine Point;MAIN;149|169|174
09A824CB;1;TCRA;FE|CR;KIM;Malatswae Kimberlite Target;MAIN;20|27|29
09F4A21E;1;TORO;N/A;IRF;Labrador West;MAIN;38|42|45
09FA71F7;1;TSED;N/A;EVP;Vanscoy Potash Operations;MAIN;34
09F89276;1;TRFT;N/A;BRN;Highland;MAIN;26|31|33
0A001801;1;TORO;N/A;COA;S2 Seam;MAIN;39|44
0A002C42;1;TSED;N/A;EVP;Allan;MAIN;21|22|26
0A283EB0;1;TCRA;N/A;MAN|BXH;Kipushi;MAIN;100|132|133
0A42C711;1;TGGT;LI|CS|RB;PEG;Pegmatite 1;MAIN;52|57|60|67|72
0A6DF130;1;TCRA;NI|CO|AS;URU;Patterson Lake North;MAIN;18|26
0A8256E5;1;TSED;CU|CO|NI|MO|AS|SB|ZN|CD|PB|HG|BA;SDX;Tom;MAIN;51|72
0A9030E4;1;TORO;CU|F|MO|U|TH;IOC;Josette;MAIN;90|93|96|100|101
0ACCCFB8;1;TORO;N/A;MAN|SKN;South Mountain;MAIN;52|57|58
0B036565;1;TORO;N/A;COA;Gordon Creek area;MAIN;33|41
0B217204;1;TORO;PB|CU|ZN|AG|AS;FEL;West Bear Cobalt-Nickel Deposit;MAIN;33|38|40|42
0B2CB724;1;TGGT;N/A;MNS;Dundonald North;MAIN;97|104|123
0B3B2F67;1;TCRA;N/A;KIM;Star Kimberlite;MAIN;72|90
0B3B6496;1;TCRA;BI|TE|NI|AS;URU;Shea Creek Deposits;MAIN;33|41|44|45
0B5FF3AB;1;TCRA;N/A;EVP;Disley Project;MAIN;92
0B597B85;1;TUNK;N/A;N/A;TGZ;MAIN;57|58
0B8066CD;1;TRFT;N/A;URN;Muntanga;MAIN;96|101|109|110
0BD9A34C;1;TSED;N/A;PHO;Bayovar-Sechura Phosphate Deposit;MAIN;55
0B8A36E9;1;TORO;N/A;N/A;West Bear Cobalt-Nickel Deposit;MAIN;39|47|48|51|72
0BD1E991;1;TARC;PB|ZN|AG|CU;PRY|BXH;Main deposit;MAIN;36|40
0BEA9FFD;1;TORO;N/A;MAN;Main Zone;MAIN;43|46|57|58
0C0821DC;1;TSED;N/A;EVP;Vanscoy;MAIN;34|38
0C180A62;1;TARC;N/A;VMS;Lalor;MAIN;53|55|59|63
0C431B4C;1;TARC;N/A;BRN;Salar de Maricunga;MAIN;71|73|74|75|98
0C44BD83;1;TSED;N/A;COA;Corsa properties;MAIN;51|55
0C4D88B2;1;TUNK;N/A;STRA;Bokoni Mine;MAIN;34|36|44|45
0C992B97;1;TORO;N/A;REE;Foxtrot Project;MAIN;43|50
0CA3F165;1;N/A;N/A;PHO;Makatea;MAIN;28|35
0CA56013;1;TORO;N/A;GRAP;Case Zone;MAIN;9|11|14
0CEDB2F9;1;TSED;N/A;URU;McArthur River deposit;MAIN;39|47|49
0D092780;1;TORO;N/A;GRAP;Ragedara Mine;MAIN;27|34|35
0D2C5045;1;TORO;N/A;COA;True Energy Mine;MAIN;29|31|32
0D7ADC49;1;TSED;N/A;SMN;K-Hill;MAIN;32|38|39
0D889AE7;1;TUNK;N/A;N/A;Crater Lake;MAIN;57
0DE08ABD;1;TORO;N/A;SND;Angus Frac Sand;MAIN;41|47|44
0DD61F59;1;TCRA;N/A;N/A;Silverside;MAIN;32|33|39|44
0DD85D0E;1;TORO;N/A;IRF;Moire Lake;MAIN;36|49
0E3386F5;1;TSED;N/A;BRN;Duperow Formation Brines;MAIN;19|20|38
0E298D31;1;TORO;AS;SKN|IRG;Covas;MAIN;27|35|37|42
0E4DBCB8;1;TORO;SN|LI|W|MO|BE|TA|NB;PEG;Rurembo Pegmatites;MAIN;20|22
0E5E7976;1;TRFT;N/A;MNS|VMS;Resting Lake;MAIN;37|39|53|54|55
0EB3BA01;1;TGGT;N/A;IRF;Auton;MAIN;25|28|29|31
0ECD3D07;1;TGGT;N/A;ORO;Beta Hunt Gold Deposits;MAIN;43|55|56|57
0F2A1210;1;TORO;LI|SN|RB|CS|B;PEG;Forcarei Sur Pegmatites;MAIN;29|34|37|38|41
0F2C934A;1;TCRA;AS;N/A;Redtree;MAIN;47|68|74
0FB4F351;1;TRFT;N/A;BRN;Alkali Flat;MAIN;46|47
0FB708B3;1;TSED;N/A;N/A;Kutai Block CBM;MAIN;5|6
0FCB8082;1;TORO;N/A;BRN;Baavhai Uul;MAIN;17|22|25
0FD4527E;1;TSED;N/A;PHO;Bayovar-Sechura Phosphate Deposit;MAIN;65|76
0FE81EFB;1;TORO;MN|CR;LAT;Alpha Project;MAIN;25|26|29|30|31
105DB0E8;1;TARC;BI|SN;SKN|EPTI;El Porvenir;MAIN;65|66|81|82|83
102FF38F;1;TORO;N/A;N/A;Valencia;MAIN;46|65
10922B56;1;TSED;N/A;SND;Ste-Clotilde;MAIN;27|35
10C8DE51;1;TRFT;N/A;N/A;Cerro Rojo;MAIN;31|42
10C49368;1;TRFT;PB;SDX;Walker Gossan;MAIN;46|65|67
10D7B213;1;TSED;N/A;PHO;Farim;MAIN;37|111|113|120
10FA7591;1;TSED;N/A;URN;Dewey-Burdock Project;MAIN;31|41
10FCE472;1;TORO;N/A;URN;Chord Project;MAIN;40|41|49
110193C6;1;TORO;TA|NB|REE;CBT;Upper Fir;MAIN;59|61|81|82|84|85
110AEDBA;1;TORO;U|TH;N/A;Foxtrot Project;MAIN;48|55|56|60
11A0B4E8;1;TORO;N/A;MNS;Bucko Lake Deposit;MAIN;71|86
11E656F3;1;TGGT;N/A;N/A;Macarthur Hematite Project;MAIN;40|47
11EB3CAA;1;TORO;N/A;REE;B Zone;MAIN;46|51|52
11F6C8D5;1;TRFT;N/A;MNS|STRA;River Valley;MAIN;32|47
11F70411;1;TORO;N/A;N/A;Canning;MAIN;62|63|89|90
1203AD40;1;TORO;ZN|PB|AG|CU|CO|GA|BI|CD|V|MO|BA|HG|SB;MAN;Puerto Rico Property;MAIN;23|39|49
124DFA74;1;TGGT;SN|LI|RB|CS|F|Y;PEG;Quebec Lithium;MAIN;29|42
1278190C;1;TCRA;N/A;URN;La Sal Project;MAIN;33|41
12BEFD1B;1;TCRA;N/A;N/A;Mphahlele;MAIN;30|41
12C69A24;1;TPAB;AS|SB|HG;EPTL;Cahuilla;MAIN;43|46|47
12CAEF3E;1;TORO;N/A;SKN;Fox Tungsten Project;MAIN;35|46
12D784A7;1;TORO;N/A;MNS;Mel deposit;MAIN;24|29|34|35|79|82
12E98C63;1;TORO;N/A;COA;Huguenot Project;MAIN;39|41|43
13135657;1;TRFT;N/A;LAT;Ambatovy;MAIN;46|54
13314440;1;TORO;N/A;N/A;Vazante Operation;MAIN;68|91
136069E9;1;TARC;N/A;BRN;Salar de Llullaillaco;MAIN;65|70|75
1374ADF5;1;TARC;N/A;BRN;Salar de Ollagüe;MAIN;66|69|70
137FBE14;1;TCRA;N/A;BRN;Creal Hills Project;MAIN;33|37|42|43
13B6B8B8;1;TCRA;N/A;SND;Wanipigow;MAIN;55
13E60A22;1;TBAC;N/A;PRY;Ima;MAIN;53|62
14055364;1;TGGT;N/A;IRF;Trairão Ridge;MAIN;53|54|56|62|64|67
141840A4;1;TSED;N/A;PHO;Main Zone;MAIN;28|29
148EBB35;1;TCRA;N/A;KIM;Kelvin;MAIN;30|45|80
145A2E42;1;TORO;V|CU|AG;BXH|IOC;Two Time Zone;MAIN;25|26|27|34|35
1565804C;1;TGGT;N/A;MNS;Texmont Deposit;MAIN;88|97
14E5F476;1;TRFT;CU|NI|AS|V|CO|PB|ZN|MO;URN|SSC;Duddridge Lake;MAIN;17|18|20|22|25
15719B7A;1;TGGT;N/A;MNS;B-Zone;MAIN;43|51|56
157C511D;1;TSED;SE|MO;N/A;Nichols Ranch;MAIN;67|84|85
15CA0586;1;TARC;N/A;N/A;Bolivar;MAIN;82|96|97
15E61A08;1;TCRA;CU|ZN|NI|MO|U;MBS;North Queensland Vanadium Project;MAIN;49|54|55|56|57
161EA586;1;TORO;CO|CR;AWN;Kilometre 26 Nickel;MAIN;15|16|19
15D59439;1;TORO;N/A;URU;Gryphon;MAIN;52|61|66|70|73
16238EDB;1;TRFT;N/A;N/A;Nechalacho deposit;MAIN;65|69|79
163EABC7;1;TCRA;AS|CO|CU|NI|V|PB;URU;J Zone;MAIN;44|57|59|67|71
16728756;1;TORO;N/A;COA;Middle Kittanning;MAIN;23|25
169EB4DF;1;TRFT;N/A;BRN;Rhodes Marsh;MAIN;22|29
165DACF6;1;TGGT;N/A;PEG;CV5 and CV13 Pegmatites;MAIN;68|99
16921C3E;1;TORO;N/A;LAT|MAN;Magellan;MAIN;56|68|69|70
16F0B5B9;1;TORO;N/A;URU;West Bear Project;MAIN;42|43|48
174EE5F9;1;TORO;N/A;SND;Quartzite Zones D and G;MAIN;23|28|31
176E726B;1;TRFT;N/A;SDX;Goatfell;MAIN;42|52
178022C4;1;TORO;N/A;MOX;Farrell-Taylor;MAIN;58|61|63
17E839A3;1;N/A;N/A;SND;Black Bear;MAIN;36
17BB3CC7;1;TCRA;ZN|PB;SDX;Sweet Spot;MAIN;35|42|45|48
17BC7C26;1;TGGT;N/A;IRF;Eagle Island;MAIN;59|64
17EBD1C6;1;TORO;N/A;CBT;James Bay Niobium Deposit;MAIN;33|36|40|52|53
180DE2C3;1;TRFT;N/A;MNS;Marathon Deposit;MAIN;103|160
183758FF;1;TBAC;N/A;BRN;Salar de Pastos Grandes;MAIN;42|51
1819B106;1;TORO;SN|ZN|AG|PB|SB;IRG|EPTL|EPTI;Bolivar;MAIN;71|73|74|82|86|97|98
1855E022;1;TSED;ZN|PB|AG|BA|CD|FE|SN|TL|HG|S|MN|GA|GE|IN;SDX;Cardiac Creek;MAIN;55|64|74|81
18A7701E;1;TGGT;N/A;PEG;James Bay Lithium Project;MAIN;27|32
18BF480C;1;TGGT;N/A;MNS;Kenbridge Deposit;MAIN;79|89
18C300A6;1;TORO;N/A;GRAP;Molo;MAIN;36|39|41|50
18DFD7AD;1;TUNK;N/A;N/A;Parkin Offset;MAIN;17|23
18FEF4EB;1;TORO;N/A;ORO;Bunker Hill Mine;MAIN;56|58|72
191D3FEB;1;TARC;N/A;BRN;3Q Salar;MAIN;66|96
194FC2C7;1;TARC;N/A;BRN;Pocitos I;MAIN;45|49
195BDFB9;1;TCRA;N/A;N/A;Bonasika 7;MAIN;87|88|100
1934B780;1;TORO;N/A;IRF;Nkout;MAIN;36|40|56
1972D29B;1;TORO;N/A;SKN;Laura occurrence;MAIN;12|25
198997AC;1;TSED;N/A;URN;Main Mineral Trend (MMT);MAIN;39|44|45|49
19AA732D;1;TRFT;W;PRY;Malmbjerg deposit;MAIN;28|32|33
19B9B09F;1;TSED;N/A;N/A;Shymanivske;MAIN;82|113|114
19D2B404;1;TBAC;N/A;VMS;Key Anacon;MAIN;50|56|63|64
19D56050;1;TORO;N/A;MOX;Farrell-Taylor;MAIN;15|20|21
1A38BFFD;1;TSED;V|SE|MO;URN;Inkai;MAIN;42|51|53|54
1A3AC16F;1;TARC;N/A;N/A;Macusani Project;MAIN;35|38|45
1A3AB6E6;1;TORO;N/A;EPTI|EPTL|ORO;Caballo Blanco;MAIN;73|82|88
1A6A79CF;1;TSED;N/A;COA;Rex seam;MAIN;41|43|47
1A60F6B3;1;TCRA;N/A;GRAP;Capim Grosso Project;MAIN;47|52
1AA7E99E;1;TSED;N/A;N/A;Simonson Dolomite Unit;MAIN;33|35
1AF3CD67;1;TORO;U|TH;PEG;Versant REE showing;MAIN;20|27
1AFEBDB7;1;TSED;N/A;SMN;K-Hill;MAIN;35|36|40|41|43
1B02B84A;1;TORO;N/A;PEG;Bandeira;MAIN;45|47|50|74
1B46E19B;1;TCRA;N/A;KIM;BK11;MAIN;55|56|80
1B800C59;1;TORO;N/A;COA;GHO;MAIN;33|42
1B9208C4;1;TCRA;N/A;EVP;Allan;MAIN;21|22|26
1B78F635;1;TORO;N/A;BXH|IRG;Santa Helena Breccia;MAIN;68|69|70|72|74|76|80|81|82
1BBB5ABD;1;TORO;N/A;SKN;Los Santos;MAIN;32|37
1BBA5771;1;TORO;N/A;GRAP;Lochaber Graphite Project;MAIN;46|54|74
1BE7E4B3;1;TCRA;N/A;URU;Aurora Property;MAIN;54|60|61|62
1BF34DFC;1;TARC;N/A;N/A;Bromley Creek Deposit;MAIN;10|11|16
1C2D025D;1;TSED;N/A;MVT;Pine Point;MAIN;48|62|71
1C67D681;1;TARC;N/A;VMS;Silver Crown;MAIN;28|60|66
1C3D1080;1;TRFT;N/A;SKN|MAN;El Mochito;MAIN;54|63|69
1CA06E89;1;TRFT;N/A;BRN;SWA Project;MAIN;51|72
1C9C7A33;1;TRFT;N/A;FEL;Hector Property;MAIN;32|36|39|40
1C9D3F3C;1;TGGT;N/A;IRF;Nkout;MAIN;16|35|52
1CA3822C;1;TRFT;N/A;EVP;Danakhil Potash Deposit;MAIN;59|63|78|79
1D388622;1;TORO;U|TH;N/A;Foxtrot Project;MAIN;28|35|36|38|39
1D0ECCE2;1;TCRA;N/A;URX|URU;Arrow deposit;MAIN;69|81
1D54F49C;1;TSED;N/A;BRN;Salar de Arizaro;MAIN;11|55|59|60
1D641949;1;TSED;N/A;URN;Marquez;MAIN;18|22
1D767F3F;1;TBAC;PB|AS|CU|ZN|SB|MO|FE;VMS;Murray Brook;MAIN;85|87|94|96|100|103
1D748A1D;1;TORO;N/A;N/A;Rose Deposits;MAIN;66|91|92
1DBD174C;1;TORO;N/A;GRAP;Simpson Graphite Property;MAIN;25|43|46
1DCAEC02;1;TCRA;U|NI|CO|CU|PB|ZN|MO|AS;URU;Tarku Project;MAIN;16|24|27
1DCD0F31;1;TORO;N/A;PHO;Arraias;MAIN;47|53|56
1DE1A4DB;1;TCRA;N/A;MNS;Frontier Zone;MAIN;27|28|40|43
1E337F99;1;TRFT;U|TH;REE;Deep Fox;MAIN;48|50|57|62|66|68
1E2ADF41;1;TORO;ZN|IN|BI|AG|MO;SKN;RC Zone;MAIN;18|24|27
1E0D8330;1;TSED;N/A;URN;Madaouela;MAIN;25|26|111|137
1E60FFA4;1;TORO;N/A;IRF;Joyce Lake;MAIN;25|35
1E610080;1;TORO;N/A;MNS;Graal;MAIN;30|33|34
1E7AA30D;1;TORO;BA;MAN|MVT;Frances Creek;MAIN;32|33|67|69|70
1E80ECB2;1;TORO;LI|RB|CS|S|GA|GE|TL|TA;PEG;Rubicon;MAIN;112|133|155
1E88E1F3;1;TSED;N/A;URN;Charlie Project;MAIN;20|28
1E6AA68C;1;TORO;N/A;COA;Huguenot;MAIN;35
1E8BA44E;1;TRFT;TH;CBT;Songwe Hill;MAIN;31|33|44|54|55
1EA0B091;1;TORO;N/A;GRAP;LAB Property;MAIN;47|56|59
1EB63A90;1;TORO;N/A;MOX;Snettisham;MAIN;34|36|37
1EAB5547;1;TORO;N/A;N/A;Xaudum Block 1;MAIN;17|27|40
1EBF8758;1;TSED;N/A;N/A;Gollier Creek;MAIN;50|60
1ECDD06B;1;TORO;N/A;IRF;Borel River;MAIN;26|32|34
1EE04080;1;TARC;N/A;VMS;Point Leamington Deposit;MAIN;35|47
1F1C1FC3;1;TSED;N/A;COA;Block C and D;MAIN;15|55
1F2B141D;1;TTRN;N/A;BRN;Clayton Valley Project;MAIN;15|16
1F6215EB;1;TCRA;N/A;EVP;Muskowekwan Potash Members;MAIN;39|67
1F578809;1;TSED;AG|HG|BA|CD|CU;MVT;Song Toh;MAIN;65|71|73|82|84
1F70BE24;1;TSED;N/A;URN;Lost Creek;MAIN;39|51|53
1FC3EF3B;1;TGGT;N/A;VMS;Geneva Lake Mine;MAIN;19|21
1FAE42B5;1;TORO;N/A;GRAP;Lac Guéret;MAIN;77|90|92|93
1FD959F7;1;TRFT;N/A;LAT;Ambatovy;MAIN;50|58
1FDBA7FD;1;TCRA;N/A;GRAP;Lola Graphite;MAIN;102|109
1FF68942;1;TSED;N/A;MVT;Pine Point;MAIN;47|62|72
202127C6;1;N/A;N/A;PLC;Obaye;MAIN;13|14
20798BF3;1;TUNK;N/A;LAT;Ardnaree;MAIN;90|91|103
20EF71F3;1;TRFT;N/A;MNS;Escape Deposit;MAIN;77|81|87|88
21383D0E;1;TSED;N/A;N/A;Crest Iron Deposit;MAIN;30|31|37|38
217B0C68;1;TCRA;N/A;STRA;Waterberg;MAIN;58|76
21A312FA;1;TCRA;N/A;EVP;Cycle VII Potash;MAIN;23|32
21A5C67E;1;TORO;N/A;URU|URX;SMDI 2455;MAIN;48|52|54
21B93D3D;1;TRFT;N/A;MNS;Hopes Advance Main Zone;MAIN;47|51|72|83|89
21C0B975;1;TARC;ZN|PB|CU|AG;VMS;Lemarchant Deposit;MAIN;23|26|41|43
21D9DC51;1;TRFT;N/A;MNS;Marathon Deposit;MAIN;103|157|159
2235EB0B;1;TSED;N/A;EVP;Lanigan;MAIN;15|17|18
22328F9B;1;TARC;N/A;BRN;Salar de Maricunga;MAIN;85|88|109|110
224FB7CE;1;TCRA;ZN;BXH|MVT;Blende;MAIN;23|36
227DB916;1;TSED;N/A;COA;Corsa Coal Properties;MAIN;47|51
2293996D;1;TRFT;N/A;MNS;Kaukua;MAIN;37|58|63
22A85D25;1;TGGT;LI|MO|RB|SN|BE|NB|TA;PEG;Lithium Pegmatites;MAIN;15|17|18
22E1794D;1;TORO;N/A;SWM;Mpama North;MAIN;29|38
22F6915A;1;TBAC;LI|K|B|MG;BRN;Carachi Pampa Salar;MAIN;36|45|35
23327B8D;1;TTRN;W;BRN;Teels Marsh;MAIN;35|36|38|48|51
233F34EA;1;TARC;U|K;N/A;Témiscouata Property;MAIN;10|13|15|30
2337FCEB;1;TSED;N/A;SMN;K.Hill;MAIN;39|48|49
2353029D;1;TORO;N/A;URN;Chord Project;MAIN;35|44
233FE1C5;1;TUNK;CR|FE|MN;KIM;AK6;MAIN;98|122
23C6D7F0;1;TBAC;N/A;MAN;Berenguela;MAIN;55|80
23EACA31;1;TRFT;N/A;LCL;West Tonopah Lithium Project;MAIN;40|42|53
241D4FC6;1;TORO;N/A;N/A;Bujagali Property;MAIN;39|43|44
24418643;1;TORO;N/A;N/A;Sidi Mokhtar Prospects;MAIN;17|18
243BC874;1;TARC;N/A;EPTL;Porco;MAIN;71|74|82|89|92|93
245990DF;1;N/A;N/A;SND;White Rabbit;MAIN;33|38
2468B1D6;1;TORO;N/A;MNS;Layden Showing;MAIN;56|63
248172B0;1;TCRA;N/A;IRF;Jideh Mountain;MAIN;22|25
24A686F6;1;TCRA;N/A;EVP;Rocanville;MAIN;24|25|27
249D6213;1;TGGT;LI|CS|TA|BE|B|F|P|MN|GA|RB|NB|SN|HF;PEG;Jackpot;MAIN;38|50
24BB76FD;1;TGGT;CU;VMS;Wishbone;MAIN;40|41|44|46
24C6DC26;1;TCRA;N/A;IOC;Pea Ridge;MAIN;26|29
24C6289B;1;TORO;N/A;BXH|MAN;Kipushi;MAIN;71|73|99
251BE6F3;1;TSED;N/A;IRF;Lac Otelnuk;MAIN;43|60|61
255BF235;1;TGGT;LI|CS|RB;PEG;Raleigh Lake Pegmatites;MAIN;40|42|47|49|54|59
259165E8;1;TARC;N/A;VMS;Lundberg;MAIN;58|66
2594388E;1;TORO;N/A;PEG;Manono-Kitotolo;MAIN;17|25|27
25AFC332;1;TSED;N/A;PHO;Sandpiper;MAIN;52
25B3DA6A;1;TARC;CU|ZN|AG|BA|PB|MN|AS|SB|HG;VMS;Blue Moon;MAIN;52|54|57|59|60|61
25BA7D43;1;TUNK;N/A;URN;Workman Creek;MAIN;30|35
25B27909;1;TCRA;AS|CO|CU|NI|V|PB|B|ZN;URU;J Zone;MAIN;23|25|34|37
25EB122C;1;TSED;N/A;LAT;Urquhart deposit;MAIN;19
2602BCF1;1;N/A;N/A;SKN;Mina María;MAIN;69|70|72
26089936;1;TORO;N/A;IRF;Bloom Lake;MAIN;65|67|73|74
26272DC4;1;TORO;N/A;COA;Vista South;MAIN;23|29
264F5D83;1;TORO;N/A;MNS;Minago Deposit;MAIN;48|54
268D22C2;1;TCRA;N/A;MNS|ORO;Zeb Nickel Project;MAIN;83|105|106|107|108
26A3C924;1;TORO;AG|MO|CU|PB|ZN;URX|URU;Lac 50;MAIN;35|36|49|50|51|52
26A5E375;1;TGGT;RB|CS|LI|F|B|SN;PEG;Falcon West Pegmatites;MAIN;22|28|29
26B32E94;1;TBAC;N/A;BRN;Pocitos West;MAIN;28|36
26B6CF7C;1;TSED;N/A;EVP;Ana Sofia 2;MAIN;20|23
26C374D9;1;TORO;V|CU|AG;IOC|BXH|URN;C-Zone;MAIN;60|62|71|72|79|81
26D46848;1;TGGT;SN|RB|CS|MO;PEG;NAL;MAIN;76|86|87
2714265B;1;TRFT;N/A;BRN;SWA Project;MAIN;51|52|71|72
26F8B33E;1;TARC;N/A;EPTI;N/A;MAIN;14|18
270D9C6D;1;TRFT;N/A;MNS;Current Lake Deposit;MAIN;53|57|63|64
275ADE7F;1;N/A;N/A;LAT;Helmer-Bovill;MAIN;30|38
27872B4C;1;TSED;N/A;PHO;Tilemsi Phosphate Project;MAIN;33|34
27887D83;1;TSED;N/A;SND;Wonewoc Formation;MAIN;43|45|46|54
27BEC3FA;1;TORO;U|TH;REE;B Zone;MAIN;67|70|72|73
27AD683D;1;TRFT;TH|U|BA|MN|NB|ZR;CBT;Area 4;MAIN;45|55|64|73|77|78|90
27CD1708;1;TORO;N/A;GRAP;Buckshot Graphite Target;MAIN;21|27
27DA0C13;1;TORO;N/A;IRF;Emily deposit;MAIN;27|30
27DBF48C;1;TORO;N/A;GRAP;Okanjande;MAIN;102|104|108
27E399A6;1;TCRA;N/A;SND;Preston Property;MAIN;45|55|57|58
27D19E16;1;TRFT;N/A;N/A;Danakhil Potash Deposit;MAIN;60|64|79|80
28212ED7;1;TCRA;N/A;KIM;HOAM Kimberlite Field;MAIN;19|21|25|26
280E700C;1;TUNK;N/A;N/A;NORI Area D;MAIN;44|50
282F5887;1;TCRA;N/A;PHO;DANF Santiago Project;MAIN;53|54|55|70|72
283F1933;1;TSED;N/A;BRN;Clearwater and Exshaw;MAIN;33|41
28AE798C;1;TGGT;CS|V|LI|GA|RB|TA|NB;PEG;PAK Pegmatite;MAIN;84|87|88|107
28AC3209;1;TCRA;N/A;MNS;Samapleu;MAIN;49|50|59
28C78FD7;1;TSED;N/A;N/A;Snelgrove;MAIN;27|36|37
28D2233A;1;TCRA;N/A;KIM;North Kimberley Diamond Project;MAIN;28|29|35
28D24D35;1;TGGT;CR|FE|NI|MN|K;KIM;Koala;MAIN;68|104|108|114|117|127|128
28FAC2C7;1;TCRA;N/A;N/A;Cory;MAIN;22|23|27
2951A4DE;1;TGGT;N/A;MNS;M2 Deposit;MAIN;45|54|57
29630C2A;1;TARC;N/A;BRN;Pastos Grandes;MAIN;37|39|40|49|52
298EB4A7;1;TSED;N/A;BRN;Fox Creek;MAIN;29|37
2997FB01;1;TGGT;N/A;MNS;Alexo Deposit;MAIN;38|49|50
29CC70E4;1;TARC;N/A;PRY;Endako deposit;MAIN;23|28
2A2D1F87;1;TSED;N/A;IRF;Sokoman Formation Iron;MAIN;5|24|31|32
2A9C9208;1;TSED;N/A;BRN;Bashaw District;MAIN;36|52
2A9BC58F;1;TORO;NI|CU;MNS;Aguablanca;MAIN;32|57|62
2AABC83C;1;TGGT;LI|RB|CS|SN|W|TA|NB;PEG;Pontax Lithium deposit;MAIN;36|37|39|42|51|52
2ADAA145;1;TORO;N/A;MNS;Selebi;MAIN;44|56|65
2AF61EC2;1;TCRA;N/A;EVP;Milestone Project;MAIN;38|54
2B28FAC5;1;TCRA;N/A;PEG;CM-1 Spodumene Dyke;MAIN;18|22
2B3BB5C5;1;TSED;N/A;URN;Workman Creek;MAIN;30|35
2B4F18AB;1;TGGT;N/A;MNS;Crawford Ultramafic Complex;MAIN;96|103|105
2B5F46E9;1;TCRA;N/A;CBT;Argor Carbonatite Complex;MAIN;31|34|38|50|51
2BD3BF5B;1;TORO;N/A;GRAP;West Zone;MAIN;113|126|136|140
2BDE7820;1;TCRA;N/A;STRA;Waterberg;MAIN;118|134
2BEB708C;1;TORO;N/A;IRF;Greenbush Zone;MAIN;71|74|75|88|89|97|98
2C0AFB15;1;TBAC;N/A;COA;Main Coal Seam;MAIN;33
2C00F9BD;1;TARC;N/A;EPTI;Caballo Blanco;MAIN;88|96|97|98|104|105
2C460EB3;1;TCRA;N/A;SND;Wanipigow Sand Project;MAIN;44|54
2C304154;1;TORO;N/A;BRN;Salar de Pastos Grandes;MAIN;26|32
2C60B450;1;TORO;N/A;GRAP;Graphite Creek;MAIN;101|109
2C67DB24;1;TSED;N/A;N/A;Ochoa Project;MAIN;58|62
2CA0B028;1;TRFT;N/A;VMS;Wolf deposit;MAIN;25|29|31|35
2CC8BACF;1;TCRA;AS|CU|PB|ZN;URU;Osprey;MAIN;17|19|21|22
2CEB31CC;1;TUNK;N/A;PLC;White Rabbit Sand Deposit;MAIN;35|41
2CFB50DA;1;TSED;N/A;N/A;Lac St-Jean Hydrocarbon Project;MAIN;7
2CFEAC9B;1;TSED;N/A;COA;Northern Appalachian Coal Holdings;MAIN;45|50
2CF1F0D4;1;TRFT;TH;N/A;Area 4;MAIN;43|47|53|71|72|75
2D1E8F76;1;TSED;N/A;COA;Kopper Glo Coal Property;MAIN;35|37|38
2D0C1F0D;1;TARC;PB;PRY;Calico Peak;MAIN;26|28|32|35|39|43
2D27342E;1;TARC;N/A;SKN;San Felipe;MAIN;33|35|39|41|45
2D5DCAAF;1;TORO;N/A;CBT;James Bay Niobium Deposit;MAIN;31|38|50|51
2D74438F;1;TSED;N/A;BRN;Boardwalk;MAIN;46|59
2D96301D;1;TORO;V|MO|SE|CU|AG;URN;Hauber Mine;MAIN;18|22|23
2DF0791E;1;TORO;N/A;MNS;Minago Deposit;MAIN;48|54
2DDDE196;1;TCRA;TH|U;PEG;WRCB;MAIN;41|44|87|88|93
2E092BA8;1;TORO;CR;KIM;Catalao Kimberlites;MAIN;57|58|59|61|62|63|64
2DFF335C;1;TCRA;B|ZN|AS|BI|CO|CU|NI|PB;URU;Haven;MAIN;29|31|38
2E163372;1;TORO;AG|CU|AS|W|MN;MAN;Pinargozu;MAIN;37|38|60|61
2E214388;1;TSED;N/A;MVT;Pine Point;MAIN;59|69|75|78
2E20DBAA;1;TARC;N/A;EPTL|IRG|SKN|BXH;Velardeña;MAIN;40|44|48
2E88899F;1;TORO;N/A;COA;Corsa properties;MAIN;50|52|54
2E531605;1;TSED;N/A;BRN;Fox Creek West Lithium Brine;MAIN;31|32|37|43
2E9C3E58;1;TSED;N/A;N/A;Thor;MAIN;89
2EA613C8;1;TGGT;N/A;IRF;Lake Giles Hematite;MAIN;53|55|62
2EC11F45;1;TSED;N/A;URN;San Antonio;MAIN;24|27|31|32
2EC3311A;1;TRFT;N/A;BXH;Jubilee Zone;MAIN;13
2EBE2D61;1;TORO;N/A;VMS;LS deposit;MAIN;49|57
2ECED17E;1;TUNK;K|TH|U;LAT;Sapucaia;MAIN;38|44|47
2EDACF4F;1;TGGT;NI|CU;MNS;Selkirk;MAIN;63|73|75|84|85
2EE40D04;1;TSED;N/A;BRN;Leduc-Cooking Lake Aquifer;MAIN;24|30
2EE81EC4;1;TORO;N/A;GRAP;Vohitsara;MAIN;25|32
2F2D64F4;1;N/A;N/A;LCL;McDermitt Lithium East;MAIN;23|24|28
2F64AA5B;1;TARC;MO;SKN;MEGA tungsten deposit;MAIN;32|33|46|51|55
2FBFC0A9;1;TORO;CO|CR;AWN;Kilometre 26 Nickel;MAIN;14|15|18
2FC95BCE;1;TORO;N/A;MNS|VMS|ORO;Namew Lake Property;MAIN;31|32|36|39|40|41
2FAC6171;1;TORO;CU|PB|CO|B|LA;N/A;Kuriskova;MAIN;27|36|40
2FD73279;1;N/A;N/A;N/A;Porvenir;MAIN;22|23
2FCB5B15;1;TGGT;N/A;MOX;VTM Deposit;MAIN;126|127|129|165
2FEB72F8;1;TBAC;NI|CU|CO|PB|ZN;MNS;Norton Zone;MAIN;96|101
3053811D;1;TBAC;AS|BI|SB|SN|TL|W;VMS;ABM deposit;MAIN;60|61|63|66|84|91
30631A07;1;TBAC;N/A;SDX;Empire State Mines;MAIN;57|61|63
3079E15C;1;TSED;N/A;CAR;Tami-Mosi;MAIN;19|24
30821A1B;1;TORO;B|CS|LI|SN|TA|RB;PEG;Xuxa;MAIN;73|74|86
308DF9AC;1;TBAC;ZN|PB|BA|AG|CU;VMS;Cerro Lindo;MAIN;64|81|82
3095DFB2;1;TORO;N/A;COA;Palisades Coal;MAIN;22|23|30
30A36480;1;TCRA;N/A;GRAP;Lola Graphite;MAIN;53|56|65
30EE3BD9;1;TUNK;N/A;BRN;Salar de Tolillar;MAIN;96|104
310AA0EF;1;TSED;N/A;BRN;Alberta Lithium Brine;MAIN;48|56
310BAF5F;1;TRFT;N/A;EVP;Mengo;MAIN;40|66|67
31127FBF;1;TARC;N/A;LAT;Moa Project;MAIN;56|68|69
3122220F;1;TORO;N/A;PHO;Tanjiachang Phosphorite Mine;MAIN;14|16
311A3FFE;1;TCRA;N/A;MNS;Waterberg Project;MAIN;105|115
312E4E0E;1;TBAC;N/A;BRN;Salar de Pastos Grandes;MAIN;55|64
3171D502;1;TSED;N/A;URN;Crownpoint;MAIN;28|30|42
318CC003;1;TCRA;N/A;SND;Sumner;MAIN;39|48
3185DE87;1;N/A;N/A;PLC;Kearl channel;MAIN;27
319CCE32;1;TARC;N/A;LAT;La Delta;MAIN;26|28
31D9B2EC;1;TGGT;N/A;MNS;Nico 1;MAIN;20|22|23|29
31E78B27;1;TSED;PB|ZN;SDX;JR and RJ Properties;MAIN;18|26|30
3208B01A;1;TUNK;N/A;PLC;Goondicum;MAIN;29|41
3220D650;1;TARC;NI|CU|CO;MNS;Turnagain deposit;MAIN;63|68|71
3274057B;1;TTRN;N/A;BRN;Kibby Basin;MAIN;14|22
326E25DC;1;TARC;N/A;VMS;Point Leamington;MAIN;36|48
329E438F;1;TSED;N/A;URN;Marianne-Marilyn;MAIN;148|156|169|173
32EEF6EF;1;TRFT;N/A;MNS;Shakespeare deposit;MAIN;63|68|69
32BE1748;1;TCRA;N/A;MNS|STRA;Platreef Project;MAIN;146|169|170|184|185
332B63BB;1;TGGT;N/A;PEG;James Bay;MAIN;87|102
331F1BD4;1;TGGT;N/A;VMS;Estrades;MAIN;41|52|59
3333FF10;1;TRFT;N/A;MNS;Eagle East;MAIN;64|83
339B9FC6;1;TGGT;N/A;GRAP|BXH;Albany graphite deposit;MAIN;47|49|55
3355F00C;1;TGGT;N/A;LAT;Matthews Ridge;MAIN;75|76|99
33AE9218;1;TSED;V|CO|BA;N/A;Charlevoix Hydrocarbon Project;MAIN;6|7|27
33A5CC98;1;TARC;LI|K|B;BRN;Mariana Project;MAIN;30|36|37
33A6250B;1;TGGT;N/A;CHR;Koper Lake Chromite Zone;MAIN;8|20|22|23
33C702AA;1;TGGT;N/A;VMS;Scott Lake;MAIN;44|47|62
33BE0D95;1;TARC;N/A;BRN;Antofalla Lithium Property;MAIN;39|42|43|51
33D044CE;1;TARC;N/A;IRG|MAN|SKN;Pasto Bueno;MAIN;43|48|49|50|54
33F99105;1;TRFT;N/A;MNS;Shakespeare;MAIN;78|84|85
3432CE65;1;TCRA;N/A;EVP;Muskowekwan Potash Project;MAIN;35|39|56
3419322B;1;TORO;N/A;ORO;Trojárová;MAIN;36|40|55
343314C6;1;TORO;N/A;MVT|MAN;Frances Creek;MAIN;23|24|36
3481151B;1;TGGT;RB|CS;PEG;Homer pegmatite;MAIN;23|27|35
3457C51F;1;TPAB;N/A;EVP;Fischells Brook salt dome;MAIN;39|47|48|49|50
34A20D1E;1;TORO;N/A;PEG;Itinga Project;MAIN;33|38
34C6C026;1;TORO;N/A;AWN;Murray Ridge;MAIN;23|29
34AC54F3;1;TCRA;N/A;N/A;JAK Zone;MAIN;27|37
34E6FCC4;1;TORO;V;GRAP;Lac Knife;MAIN;28|29|31|34|36
35096563;1;TSED;N/A;PHO;Gadde Bissik;MAIN;14|16
34EFB2CC;1;TSED;N/A;N/A;Captain Cook;MAIN;15|19|30
355BFFD3;1;TSED;N/A;URU;Key Lake Southwest;MAIN;11|12|16
3535A0B1;1;TORO;N/A;IRF;Nkout;MAIN;40|44|60
35F674E8;1;TRFT;LI;BRN;Dixie Valley;MAIN;27|30|31|38
35BCFC6B;1;TGGT;N/A;CHR;Big Daddy chromite deposit;MAIN;18|20|21
35BAD742;1;TORO;N/A;BRN;Salar de Olaroz;MAIN;51|69
3619090C;1;TORO;PB|NI|CO|V|MO|B;URU;Paul Bay and Ken Pen Zones;MAIN;23|26|27
36D978A8;1;TUNK;N/A;IAC;Chambe Basin;MAIN;23|24|34
36B4E9B4;1;TCRA;CU|BI|PB|AG|MO|SE;URU;L deposit;MAIN;42|44|51|55|57
36DC188E;1;TSED;MN|NI|CD|V;SDX;Main barite showing;MAIN;15|22|24|26|27|28|31|34
370DD731;1;TCRA;N/A;MVT|BXH;Blende Deposit;MAIN;27|40
3788243E;1;TGGT;N/A;VMS;Lens 257;MAIN;18|34
37843E72;1;TUNK;N/A;N/A;Old Nick;MAIN;22|25|28|29
37A4CD24;1;TORO;N/A;MNS;Gossan Zone;MAIN;30|34|37|49|75|86
37A5654A;1;TARC;N/A;SKN;Nimpkish Property;MAIN;18|28
37AED8B6;1;TRFT;CU|NI;MNS;Pecors Magnetic Anomaly;MAIN;47|48|49|55|56|57
37D23DBE;1;TCRA;B|CO|CR|CU|LI|MO|PB|SB|W|TH;URU;Triple R deposit;MAIN;29|44|59|63
37F7A28D;1;TGGT;N/A;MNS;Ferguson Lake;MAIN;29|30|31|36
3809309D;1;TCRA;N/A;GRAP;Lola Graphite;MAIN;56|62
38052B44;1;TRFT;F|LI|U|AS|SN|W;EPG|BXH;Lost Sheep Property;MAIN;47|59|60|62
384343E3;1;TCRA;N/A;N/A;J Zone;MAIN;12|13|14
383028E8;1;TRFT;N/A;BRN;South West Arkansas Project;MAIN;68|78
3815C79B;1;TRFT;U|TH;CBT|SKN;King Showing;MAIN;38|46|47|48
383450AB;1;TSED;ZN|PB|AG|AS|CU;SDX;Purple Onion;MAIN;20|32|33|35|40|42|44
38A69BA1;1;TCRA;N/A;KIM;Mothae;MAIN;32|36
38D10E09;1;TARC;N/A;VMS;McIlvenna Bay Deposit;MAIN;67|69|76|81|82
38DEFB0B;1;TRFT;AS|HG|SB|TL|K;EPTL;Main Vein;MAIN;25|26|41
38FA37C5;1;TSED;N/A;IRF;Black Bird;MAIN;26|34|35
39076350;1;TORO;N/A;IRF;Full Moon;MAIN;57|58|71|73
3937B26F;1;TCRA;AS|ZN|PB|CU;SDX|SKN;Salobro;MAIN;18|20|30|32|37
3945D54D;1;TORO;U|TH|ZR|NB|HF|BE;REE;B Zone;MAIN;66|69|71|72
394BE435;1;TCRA;N/A;EVP;Muskowekwan Project;MAIN;35|57
3969C56A;1;TARC;RB;PRY;Newtown Creek showing;MAIN;7|9|15|17
399A25DF;1;TRFT;W|B|MO|CS|RB;LCL;NNLP;MAIN;31|33|38|43|48
39E226FE;1;TORO;N/A;GRAP;Plumbago;MAIN;30|37
39E0387B;1;TARC;AG|BA|F|BI|PB|ZN;PRY;Kitsault;MAIN;82|107|109|112
39F44EE2;1;TORO;N/A;MAN|SKN;Hermosa Taylor Deposit;MAIN;41|44|45|51|52|53|54
3A0E1D2F;1;TARC;N/A;EPTL;Porco;MAIN;80|84|87
3A223533;1;TBAC;N/A;BRN;Piskanja;MAIN;19|28
3A2A4E86;1;TARC;N/A;BRN;Salar de Pozuelos;MAIN;58|70|72
3A2CAC7B;1;N/A;N/A;BRN;Salar de Tolillar;MAIN;10|74
3A34F597;1;TARC;N/A;VMS;Mckenzie Deposit;MAIN;41|48
3A5BE1BB;1;TBAC;CU|CO|NI|MO|AS|SB|ZN|CD|PB|HG|BA;SDX;Tom;MAIN;30|44
3A793050;1;TCRA;N/A;N/A;Aappaluttoq;MAIN;31|35|40|45|46
3A8A0060;1;TGGT;N/A;IRF;Duncan Lake;MAIN;15|16|17
3AB38A9B;1;TRFT;N/A;CBT;Montviel Core Zone;MAIN;57|63|64|65|66
3ACDAA18;1;TCRA;CR|FE;KIM;Kelvin;MAIN;30|45|87|108
3AD572DE;1;N/A;CU;SKN;Glubochenskoye South;MAIN;35|36|39
3B48462B;1;TUNK;N/A;N/A;Claystone deposit;MAIN;14|17|22
3B0ABB94;1;TGGT;CS|RB|MO|TA|NB|BE;PEG;Whabouchi Regional Lithium Project;MAIN;26|31|32
3B3ED594;1;TCRA;N/A;CBT;Três Estradas;MAIN;65|70
3B69F757;1;TORO;N/A;IRF;Joyce Lake DSO;MAIN;64|76|77
3BA6359D;1;TORO;N/A;SWM;Zinnwald;MAIN;67|97
3BAEA413;1;TCRA;N/A;URU;Ford Lake Property;MAIN;15|18|19|20
3BC14CA9;1;TGGT;N/A;PEG;Whabouchi;MAIN;108|109|114|115
3BD96D31;1;TORO;N/A;TLG;Manono Lithium Tailings;MAIN;39|46
3C54FF62;1;TBAC;N/A;VMS;Aripuanã;MAIN;13|30|38
3C8A4412;1;TRFT;N/A;BRN;Sevier Lake Playa;MAIN;75|83
3C886328;1;TORO;N/A;IRF;Bloom Lake;MAIN;56|58|64
3C8B15B5;1;TUNK;K|TH|U;LAT;Sapucaia;MAIN;54|57
3C921418;1;TPAB;B;BRN|LCL;SFE Property;MAIN;22|27|28|29
3C9703AD;1;TORO;BI|CS|LI;SWM;Great Pyramid;MAIN;32|40|42
3CB0B808;1;TCRA;N/A;BRN;Duperow-Souris River Brines;MAIN;25|27|50
3CB4AA26;1;TORO;SB;ORO;Costerfield;MAIN;54|61|72
3CC973C2;1;TSED;N/A;SMN;K-Hill;MAIN;34|35|41|42
3D041BE1;1;TGGT;LI|CS|RB|SN;PEG;Main Dyke;MAIN;23|28|29|31|32|33
3D054248;1;TGGT;N/A;MNS;Alexo-Dundonald Deposits;MAIN;48|53
3D0A2D24;1;TUNK;NI|CO|AS|AG|BI;FEL;Wildcat Property;MAIN;24|26
3D0621FD;1;TORO;N/A;GRAP;La Loutre;MAIN;41|48
3D0C8B8D;1;TCRA;N/A;BRN;Viewfield;MAIN;44|45|58
3D17C69B;1;TORO;N/A;N/A;Duobblon Uranium Project;MAIN;41|43|52|54
3D1C1F21;1;TORO;AG|AS|CD|CO|MO|RE|S|SE|TH|TL|V;URX;Ivana;MAIN;36|44|51|52
3D68BC68;1;TBAC;N/A;BRN;Pastos Grandes Salar;MAIN;45|54
3D5A5152;1;TCRA;N/A;URU;Dufferin Project;MAIN;20|26
3DB1CC58;1;TARC;N/A;IOC|PRY;Manto Negro Deposit;MAIN;128|136|139|140|141
3DDD5462;1;TSED;N/A;SND;Sandtown;MAIN;26|28|30
3DCC3AA1;1;TORO;N/A;VMS;Pickett Mountain;MAIN;25|37
3DC8CD46;1;TARC;N/A;PRY|SKN;Yuma King;MAIN;64|69|70|73|97|136|137
3DE39002;1;TCRA;N/A;N/A;Cairn Hill Phase II;MAIN;33|38
3DEBEE4D;1;TARC;AG|AS|SB|TE|CU|PB|ZN|BI;PRY|EPTH;El Chiqui;MAIN;76|77|79|85|86|89
3DF7A5EC;1;TSED;N/A;SND;Blair Property;MAIN;39|40|45|48|49
3E152A7B;1;TARC;CU|AG|MO|SB|AS|HG|W|BI|SN;PRY|EPTH;Filo del Sol;MAIN;55|56|71|72|75
3E66BCA1;1;TARC;N/A;PRY|IOC;Superior;MAIN;25|27|36|37
3E95855E;1;TARC;N/A;BRN;Cauchari-Olaroz Salar;MAIN;100|117
3EAAFB38;1;TORO;N/A;N/A;Tatooine Project;MAIN;24|28|32
3EAC504C;1;TORO;N/A;ORO;Bellechasse-Timmins;MAIN;25|27|36
3E95A06A;1;TORO;N/A;CBT;Bull Hill;MAIN;47|61
3EC1B1C5;1;TRFT;N/A;GRAP|BXH;Albany graphite deposit;MAIN;37|41
3EC7006E;1;TORO;N/A;MBS;Gibellini;MAIN;58|71
3EF972DB;1;TRFT;AG|AS|BA;CAR;Blue Clay Gold;MAIN;13|15|19|21|22
3F0C29FE;1;TARC;N/A;PRY;Taysan;MAIN;22|24
3F056825;1;TGGT;CR|S|MG;MNS|VMS|ORO;Covette Property;MAIN;17|18|20|21
3F4FCCA7;1;TSED;N/A;BRN;Duperow Formation Brine;MAIN;48|53
3F4C544B;1;TSED;N/A;SND;Richardson Aggregate;MAIN;35|40|45|46
3F58DA06;1;TARC;N/A;PRY;Cobalt Mountain Porphyry System;MAIN;37|43|44
3F786796;1;TARC;N/A;PRY;OGK Property;MAIN;17|24|32
3F761042;1;TARC;CU|AG|MO|PB|ZN|AS;PRY|EPTH;Piuquenes Central;MAIN;38|48|54
3F827B64;1;TORO;SB;IRG;Lake George Antimony deposit;MAIN;42|46|49|51|56|60
3FD61476;1;TORO;N/A;PLC;BMC Manganese Project;MAIN;11|31|40|43
3FDA012E;1;TORO;N/A;N/A;Hopes Advance Area;MAIN;44|52|58|59|60
3FE2702A;1;TRFT;N/A;CBT;Carbo Carbonatite;MAIN;39|44|45|47|48|49
3FFCE597;1;N/A;N/A;N/A;Polymetallic Nodules;MAIN;85|122
3FFE491F;1;TGGT;N/A;MOX;Mont Sorcier;MAIN;39|40|47
40086CAF;1;TRFT;U|TH;REE;Deep Fox;MAIN;30|32|40|51
40417446;1;TSED;ZN;CAR;Daniels Harbour;MAIN;16|17
406D3B2C;1;TORO;N/A;SKN|BXH;Bolivar;MAIN;53|58|59|61
4075D498;1;TSED;N/A;URN;Burke Hollow;MAIN;25|36|38
40844A36;1;TARC;N/A;BRN;Sal de Vida;MAIN;44|45|50
408EE549;1;TORO;N/A;GRAP;Molo;MAIN;38|40|49
40A15C94;1;TARC;N/A;PRY|EPTH;Altar;MAIN;46|47|64
40D06694;1;TORO;N/A;REE;B Zone;MAIN;40|47|48
40D6F716;1;TORO;N/A;AWN;Baptiste;MAIN;59|66|68
410B481D;1;TORO;V|NI|B|S;GRAP;Griffith Property;MAIN;26|31|32
4103A45E;1;TCRA;NI|CO|AS|SE|SB|W|CR|MO|SN|MN|U|S|B|TH;URU;Patterson Lake North;MAIN;22|23|29|48|49
40FA78F5;1;TGGT;N/A;IOC;Corner Bay;MAIN;44|59
414371AC;1;TSED;N/A;EVP;Saksrithai Potash;MAIN;13|16|22
415015D2;1;TARC;N/A;VMS;Lookout;MAIN;33|47
41447958;1;TARC;N/A;BRN;Salar de Llamara Aquifer;MAIN;30|32|33|34|49
4154A2CC;1;TORO;LI|CS|AS|SN|SB|B;PEG;Kyrola Prospect;MAIN;45|47|48|53
415589EC;1;TRFT;F|S|MO|AS|SB|CS;LCL;Zeus;MAIN;24|34
415E3A76;1;TRFT;N/A;SSC;Luisha South;MAIN;21|25|29
4168346A;1;TGGT;BI|TE;MNS;Thierry Deposit;MAIN;38|43|44
416CE453;1;TORO;N/A;CBT;Wicheeda North;MAIN;19|22
4177135B;1;TUNK;N/A;BRN;Salar de Arizaro;MAIN;56|64|66
4171AED7;1;TRFT;N/A;SDX;Pegmont;MAIN;36|46|47|48
41805C95;1;TSED;MO|NI|V|ZN|CO|CU|U|LI|TH|AS|SB;MBS;Buckton South Zone;MAIN;35|40|42|43|44
417DEDBE;1;TARC;N/A;VMS;Point Leamington;MAIN;28|41
419D3551;1;TORO;V;GRAP;Coosa Graphite Project;MAIN;21|22|26|28
41A86A25;1;TRFT;N/A;PLC;Feature 06;MAIN;13|19|23|27|31
41D95D71;1;TRFT;N/A;N/A;Dananhu Coalfield;MAIN;14|15|17
42080586;1;TARC;ZN;PRY;Warintza Central;MAIN;26|28|32
42120D16;1;TORO;N/A;URU;Horseshoe and Raven Deposits;MAIN;30|42|43
4233175B;1;TSED;N/A;PLC;Firebag Silica Sand;MAIN;7|8
423AF4E9;1;TARC;N/A;PRY;Hushamu;MAIN;44|54
42552F92;1;TORO;N/A;MAN|BXH;Kombat Mine;MAIN;54|55|62|65
425951E4;1;TCRA;N/A;SSC;Principal;MAIN;81|112
427B208F;1;N/A;N/A;SKN;Petrovskoye;MAIN;35|39
428F6F09;1;TARC;SB|AS|HG;VMS;El Domo;MAIN;34|35|40|41|43|44
42A2A3EC;1;TSED;N/A;COA;Corsa Coal Properties;MAIN;49|53
42A1670B;1;TORO;N/A;SKN;Bolivar;MAIN;45|51
42B44492;1;TARC;N/A;PRY|SKN;Rosemont Deposit;MAIN;44|51
42BEA23D;1;TSED;N/A;SSC;Valle del Jabali;MAIN;41|52|54|55|56
42D14953;1;TORO;GE|CD|TL|GA;MVT;Bleiberg;MAIN;16|17|20
42DB23C1;1;TGGT;N/A;STRA;Lac Doré Vanadium Deposit;MAIN;46|54|63
42F9D074;1;TORO;AG|ZN|PB|SB|MN|AS|HG|BI|CD|CU;VMS;Max;MAIN;7|14|26|40
42F01D19;1;TORO;N/A;MAN|SKN;Taylor Deposit;MAIN;33|34|42|44
430A7298;1;TORO;LI;PEG;Bandeira;MAIN;25|26|27|62|64|83|85
4339279A;1;TGGT;N/A;AWN;CarLang A Zone;MAIN;70|71|79
4322F844;1;TORO;N/A;VMS;Neves-Corvo;MAIN;38|39|51|52
436C6E5D;1;TRFT;N/A;N/A;Isortoq;MAIN;25|27|30|32
43549FB4;1;TARC;CU|AG|MO|ZN;PRY|BXH;Main Zone;MAIN;16|17|22|26|28|35
4375CCE9;1;TRFT;N/A;N/A;Reykjanes;MAIN;34|35|36
438AB149;1;TCRA;N/A;TLG;Zandfontein UG2 TSF;MAIN;4|23|26
43B24637;1;TBAC;N/A;MNS;Portage Prospect;MAIN;52|66
43A7634C;1;TORO;N/A;STRA;Trapiá;MAIN;105|117|128|131
43B2D810;1;TARC;N/A;PRY;Kwun Lake Intrusive Complex;MAIN;12|14
43BBC0D7;1;TSED;N/A;EVP;Cycle 18;MAIN;31|45|46
43D71C2E;1;TORO;N/A;GRAP;Lac Carheil;MAIN;36
43D5F613;1;TARC;N/A;SKN;South Mountain Skarn;MAIN;37|40|41|43|44
43D90E67;1;TGGT;N/A;MNS;Venus Belt;MAIN;9|10|11
43E593E4;1;TRFT;TH|K;CBT;Songwe Hill;MAIN;72|73|74|86|96|103
441EF796;1;TCRA;N/A;IRF;Putu Range;MAIN;27|31
44213212;1;TBAC;CU|AG|AS|NI;MAN;Tatestown / Scallanstown;MAIN;53|56|58|59|62
4457385D;1;TARC;CO|AS;SKN;Empire Mine;MAIN;31|43|45
44721BF7;1;TRFT;N/A;VMS;Arctic Deposit;MAIN;68|71|72|82|83|86|87
447A1985;1;TORO;N/A;AWN;Letain;MAIN;19|29
447A74BC;1;TORO;N/A;N/A;Secteur Marin;MAIN;23
4484F990;1;TSED;N/A;SND;Firebag Silica Sand;MAIN;19|24|25|26
44B18724;1;TARC;N/A;N/A;Mariposa geothermal system;MAIN;12|28
44B21075;1;TGGT;CU|NI|CO|AG|PB|ZN;CHR;Black Creek;MAIN;29|31|37|40
44CFA73F;1;TGGT;N/A;IRF;Deposit 3;MAIN;43|46|49|50
44DD9AAC;1;TARC;CU|ZN|CD|CO;VMS;Great Burnt Copper Deposit;MAIN;25|28|31|33|36
44E11255;1;TORO;N/A;IRF;James Deposit;MAIN;66|68|72|73
44ECC5ED;1;TSED;N/A;IRF;Joyce Lake;MAIN;84|98
44FA2385;1;TARC;CU|MO|BI|SE|TE|AS|MN|ZN;PRY;Alpala;MAIN;74|75|122|124|125|129
45195791;1;TSED;N/A;URN;Daneros Mine;MAIN;23|29
45196C56;1;TSED;N/A;URN;Mesa Arc;MAIN;23|31
451F7A31;1;TORO;N/A;MOX;Farrell-Taylor;MAIN;41|45|46|62|65
451B631B;1;TARC;N/A;PRY;Copper Mountain Mine;MAIN;56|67
454A5F8C;1;TORO;N/A;PEG;Baixa Grande;MAIN;50|51|57|79
45686464;1;TORO;N/A;N/A;Ntem;MAIN;31|32|39|44
4569E613;1;TARC;N/A;PRY;Hushamu Deposit;MAIN;44|54
45921A2F;1;TARC;N/A;N/A;Berlin;MAIN;55|65
45BA906A;1;TARC;N/A;SKN;Khaldun;MAIN;21|32
45C3BFFC;1;TORO;V|SE|FE;URN;Shirley Basin Project;MAIN;29|37|39
45FD9620;1;TARC;MO|ZN|PB|AS|SB;PRY|EPTH;Beruang Kanan Main Zone;MAIN;32|33|34|35|36
45FE5866;1;TBAC;N/A;VMS;Talbot deposit;MAIN;4|28|33|37
45FBC6BB;1;TCRA;N/A;PLC;Saxendrift;MAIN;41|49|60
460006B8;1;TORO;N/A;N/A;Tilden Mine;MAIN;47|57
460A1B9E;1;TPAB;N/A;EVP;GAS halite deposit;MAIN;58|67
463D81B8;1;TARC;ZN|CU|MO;PRY;Warintza Central;MAIN;26|28|32|33
461B70C0;1;TORO;N/A;PRY|EPTH;Hugo North Extension;MAIN;83|119|124
463EB1B4;1;TRFT;N/A;N/A;Soda Lake;MAIN;30|57
4654BF22;1;TSED;N/A;PHO;Bayovar 12;MAIN;91|92
4645EEDE;1;TORO;N/A;PEG;Bandeira;MAIN;61|63|66|74|86|88
465EA7FC;1;N/A;CU|AG|MO;PRY;Cañariaco Norte;MAIN;77|78|87|88|89|93
4679D2C9;1;TUNK;N/A;VMS;Blue Moon;MAIN;23|30|32
46885460;1;TARC;N/A;PRY;Ann Mason;MAIN;55|56|64|68|71
46A34E3F;1;TGGT;N/A;IRF;Deposit 3;MAIN;43|50
46B9DD11;1;TORO;LI|RB|CS|K;PEG;Decelles-Mazerac;MAIN;44|45
46F1278E;1;TORO;CU|BI|SB|W|CO|AS;VMS|SDX;Sully;MAIN;17|23|24
46E7B038;1;TORO;V|CU|AG;IOC;Moran Lake C-Zone;MAIN;159|220|222
46D966EF;1;TGGT;N/A;VMS|MNS;REN-6 and REN-8;MAIN;22|23|24|29
46F3B791;1;TBAC;N/A;IOC;Buena Vista;MAIN;12|13|15
4718628B;1;TGGT;N/A;PEG;Y Lithium Project;MAIN;21|23|24
4717D848;1;TORO;N/A;N/A;Plymouth deposit;MAIN;28|30|31
47218E98;1;TARC;N/A;BRN;Sal de Vida;MAIN;49|50|54
4701241E;1;TBAC;N/A;PRY;Taca Taca Bajo;MAIN;66|67|71|84
474475A4;1;TRFT;N/A;LCL;Gemini Lithium Project;MAIN;32|34|39|40
4724A4F8;1;TORO;N/A;STRA|MNS;Sapeena Property;MAIN;25|32
47491955;1;TSED;N/A;MAN;Duncan Lake Project Mineralization;MAIN;28|30|36|47|48
475A0261;1;TARC;N/A;PRY;Kemess North;MAIN;58|64
4767A540;1;TARC;AS|SB|HG;PRY|EPTI;New Afton;MAIN;49|63|64
476B9F07;1;TSED;N/A;N/A;Lac St-Jean Basin;MAIN;11|13|15
477C0E93;1;TRFT;N/A;SSC;Copperwood Deposit;MAIN;56|81|84
4799BFC5;1;TORO;RB|CS|TA|NB|BE;PEG;Pontax-Lithium occurrence;MAIN;33|36|43|44
477FD0BF;1;TORO;N/A;CBT;Central Zone;MAIN;46|47|54|55|58
479C0951;1;TARC;N/A;LAT;Central Moa;MAIN;38|42
47AD8277;1;TORO;N/A;CBT;James Bay niobium deposit;MAIN;57|60|74
47C65562;1;TCRA;N/A;GRAP;Lola Graphite;MAIN;45|50
47E9A86E;1;TGGT;N/A;VMS;Rail Deposit;MAIN;41|47
47E46A45;1;TARC;N/A;PRY|BXH;Boda;MAIN;36|38|45
47D1677B;1;TARC;N/A;SKN|MAN;Yauricocha;MAIN;31|38|39
484E09EB;1;TSED;N/A;EVP;Ochoa Project;MAIN;57|60|74
485945C5;1;TARC;N/A;GRAP;Chedic / Voltaire;MAIN;22|23|24
4855B203;1;TCRA;U|NI|AS|CO|B|CU|MO|PB|ZN|V;N/A;Umfreville;MAIN;13|17|18
485DF4CC;1;TRFT;N/A;N/A;Olary;MAIN;33|42
485E610C;1;TORO;FE;N/A;TT Property;MAIN;40|46|49|51|52|67|69
48A55460;1;TORO;N/A;N/A;Palisades Coal;MAIN;28|30|32|36
48B63F8B;1;TCRA;K;PLC;Richore Occurrence;MAIN;60|70|78|80|115|116
48C8F36D;1;TARC;N/A;PRY;Ajax;MAIN;67|85
49022986;1;TORO;N/A;TLG;Manono Tailings Project;MAIN;25|32
48F35E7A;1;TGGT;RB|CS;PEG;CV Lithium Trend;MAIN;38|43|52
48DF2C42;1;TSED;N/A;IRF;Kami;MAIN;116|134|135
493A9258;1;TGGT;NI|CU;MNS|BXH;Kenbridge Deposit;MAIN;66|76|78
492F77BA;1;TCRA;NI|CO|V|MO|PB|AS|CU|ZN|B|BA|HG|SR;URU;Hook Lake Project;MAIN;18|22|23|41
4948CD4A;1;TSED;N/A;N/A;Nyota Prospect;MAIN;29|30|33|34
494AE66D;1;TGGT;NI|CO|AS|AG|BI;FEL;Main Zone;MAIN;38|43
494F28DD;1;TARC;N/A;PRY;Florence deposit;MAIN;64|67|83
494F9E42;1;TORO;N/A;URN;Mountain Lake;MAIN;41|50
496BFDFC;1;TARC;N/A;VMS;Debarwa;MAIN;52|59|62
497BACF0;1;TORO;NI|CO|AS;URU;North Shore Property;MAIN;29|35
499A5EF8;1;TCRA;N/A;SND;Blair Property;MAIN;39|48|49
49E78559;1;TSED;N/A;PLC;Firebag Sand Deposit;MAIN;37|45
49BAD639;1;TARC;N/A;PRY;Burn;MAIN;34|39|40
49FDBC3B;1;TCRA;N/A;MNS;Samapleu Deposits;MAIN;41|59|82
4A00CF06;1;TCRA;N/A;PLC;Wouterspan;MAIN;35|37|47|60|66
4A15D2BB;1;TORO;RB|CS|LI|F|B|SN;IRG;Panasqueira;MAIN;40|43|53|54|56
4A2072F6;1;TARC;N/A;PRY|SKN;Mallawa;MAIN;14|16|18
4A482C37;1;TGGT;N/A;IRF;Macarthur Hematite Project;MAIN;29|31|38
4A50C6AA;1;TSED;N/A;EVP;Fischells Brook;MAIN;15|19|21
4A565C76;1;TORO;NI|CR|CO|CU;AWN;Nickel Project;MAIN;22|24|25|28|30|33
4A587965;1;TORO;N/A;SSC;Storm Copper Prospect;MAIN;30|36|41|42|43
4A900F42;1;TSED;N/A;EVP;Milestone Project;MAIN;30|43
4A5AB8AC;1;TSED;N/A;MBS|IAC;Buckton Zone;MAIN;28|41|42|43
4A7AAA86;1;TARC;PB|ZN|FE|S;PRY|IOC;Rio Grande;MAIN;31|32|47|55
4AA8AA2C;1;TORO;N/A;SKN;Bolivar;MAIN;37|41|43
4A9DCEA4;1;TGGT;N/A;LAT;Matthews Ridge;MAIN;45|69
4AC16EA6;1;TORO;N/A;COA;Palisades Coal;MAIN;33|35|42
4AD59003;1;TRFT;N/A;SSC;Luishia Sud;MAIN;15|17|29
4AC4D5A9;1;TSED;N/A;EVP;Green River Potash Project;MAIN;36|41|42|48
4AC7CA06;1;TARC;AS|SE;PRY|BXH;Cacharposa;MAIN;40|41|42|50|62|63
4AE3C9BA;1;TORO;N/A;SND;Santa Maria Eterna;MAIN;24|29|34
4AF9D48F;1;TGGT;N/A;VMS;Borys Lake deposit;MAIN;20|21|22|25|26
4AF46D59;1;TARC;N/A;VMS;Lookout Deposit;MAIN;35|53
4AF06CB0;1;TCRA;N/A;MNS|STRA;Platreef;MAIN;113|118|158|159
4B3CD087;1;TRFT;N/A;LCL;Solar Lithium Project;MAIN;11|13|14
4B305E04;1;TORO;N/A;N/A;Davis-Keays Eagle Vein;MAIN;41|42|45|48
4B589A57;1;TSED;GA|GE;MVT;Pine Point;MAIN;78|89|95|102
4B529A03;1;TARC;N/A;PRY;Taca Taca;MAIN;22|34
4B737BC6;1;TORO;N/A;GRAP;Bissett Creek;MAIN;53|54|62
4B82AFE9;1;TGGT;N/A;ORO;Corner Bay;MAIN;49|68
4B6100F0;1;TORO;N/A;MNS;Parkin Offset Dyke;MAIN;47|50|71
4B81C65B;1;TRFT;TH;CBT;Songwe Hill;MAIN;66|79|89|90
4B91AAE7;1;TSED;N/A;URN;Lost Creek Project;MAIN;28|35|39|40
4B9EF404;1;TORO;N/A;IRF;Full Moon;MAIN;26|37|38
4B9FC69D;1;TORO;PB|ZN|CU|AG;MVT|BXH;Jubilee Mountain Project;MAIN;33|34|42|43|44|45
4B9C6EB7;1;TRFT;N/A;SDX;Rosh Pinah;MAIN;53|73|74
4BA80228;1;TARC;N/A;PRY;Granby/Cuba Zone;MAIN;25|36|37
4BAB9058;1;TARC;N/A;PRY|BXH;Central Zone;MAIN;86|88|115|116
4BB6A66B;1;TARC;CU|MO;PRY|EPTH|BXH;Panteria Zone;MAIN;45|46|49|50|51|53|57|68
4BB91290;1;TORO;N/A;N/A;Sadiqabad-Kathar;MAIN;69|88
4BBB0056;1;TCRA;N/A;PLC;Leslie Occurrence;MAIN;44|45
4BF973D6;1;TSED;MO|NI|V|ZN|CO|CU|U|LI|TH|AS|SB;MBS;Buckton Zone;MAIN;39|45|49|52
4BFF82EA;1;TRFT;N/A;SSC;Kamoa-Kakula;MAIN;115|133|134
4C1B14A8;1;TRFT;N/A;SKN;Springer Mine;MAIN;37|43
4C202BC1;1;TORO;N/A;IRF;Lac Lamêlée South;MAIN;40|49|81
4C259B8C;1;TORO;N/A;IRF;Houston;MAIN;40|42|47|48
4C3B46C9;1;TGGT;N/A;MNS;Roby-Offset deposit;MAIN;44|48|51|64|68
4C4D1537;1;TSED;N/A;URN;Reno Creek Project;MAIN;35|36|37|49
4C57A1FE;1;TCRA;U|NI|CO|AS|CU|FE|LI|MO|TH;URU;Key Lake Southwest;MAIN;6|7|8|11
4C4C7756;1;TARC;N/A;PRY;Taysan;MAIN;43|44|52|55|56
4C6DF9CB;1;TARC;N/A;MAN|BXH;Yauricocha;MAIN;47|54|55
4C954EE4;1;TORO;CU|AG|ZN;PRY;Seel deposit;MAIN;23|24|43
4C911E95;1;TARC;CU|MO;PRY;CSZ (Central Structural Zone);MAIN;19|24|32|33|35
4CA63E9E;1;TORO;N/A;COA;Steinman-ACIN Coal Seams;MAIN;51|52|61
4CC0E633;1;TCRA;U|NI|AS|CO|B|CU|MO|PB|ZN|V;N/A;McArthur East;MAIN;12|15|16|17
4CC6BA65;1;TSED;N/A;BRN;Duperow Formation Brine;MAIN;46|51|52
4CAFDF91;1;TORO;SB|AS|TL;EPTL;Goynuk Mine;MAIN;35|50|52|58|65
4CDD4922;1;TARC;N/A;LAT;Agata North;MAIN;30|31|33
4CFC6EA2;1;TARC;AG|AS|SB|K;PRY|BXH;Vizcachitas;MAIN;58|59|64|65
4CFCECEA;1;TCRA;N/A;KIM;Gahcho Kué;MAIN;51|74
4D0288C8;1;TARC;N/A;SKN|PRY;Jiama;MAIN;47|49|50|51
4D068B1C;1;TORO;N/A;IOC|SKN;Hannukainen;MAIN;66|68|73
4D180964;1;TARC;N/A;VMS;Ming Mine;MAIN;56
4D1A4BE1;1;TORO;N/A;VMS;Pickett Mountain;MAIN;22|30|32
4D0E1DB1;1;TRFT;N/A;MNS;Tamarack North Project;MAIN;75|79|82|98
4D263DF0;1;TCRA;N/A;LAT;Tiros;MAIN;31|38
4D261410;1;TUNK;N/A;IOC;Cerro Verde;MAIN;51|52|53
4D2DF2CF;1;TARC;N/A;VMS;Main Deposit;MAIN;57
4D26CA6A;1;TARC;N/A;IOC;Marimaca;MAIN;47|51|53|72
4D30D41F;1;TARC;N/A;PRY|EPTH;Altar;MAIN;47|48|65|66
4D349441;1;TCRA;U|NI|CO|CU|PB|ZN|MO;URU;Gorilla Lake;MAIN;18|28
4D5B59DA;1;TGGT;N/A;VMS|ORO|MNS;Vendôme Sud;MAIN;35|36|40|41|42
4D881A6B;1;TORO;N/A;MNS;Lappvattnet;MAIN;25|30
4D923049;1;TPAB;N/A;EVP;Captain Cook Halite Deposit;MAIN;41|50|51|52
4DAEE0CE;1;TARC;N/A;PRY;Florence;MAIN;56|59|70
4DBDC18D;1;TORO;W|MO|SN|F|BI|AG|ZN|CU|PB;IRG;Burnt Hill Tungsten;MAIN;25|27|31|32|36
4DB73A87;1;TGGT;N/A;MNS;Mine Block Intrusion (MBI);MAIN;58|60|81|85
4DCFAD83;1;TORO;N/A;MNS;Graal;MAIN;28|31|32
4DDF500E;1;TRFT;N/A;LCL;Clayton Valley;MAIN;33|39
4DF49935;1;TSED;N/A;SND;Sumner Property;MAIN;39|48
4DE48856;1;TORO;AG|ZN|PB;ORO;GC deposit;MAIN;48|61|62
4E24E8B7;1;N/A;N/A;SKN|PRY;Victorio molybdenum-tungsten deposit;MAIN;30|31
4E0FFB11;1;TRFT;N/A;MVT;Ruby Lake Zone;MAIN;24|26|28|29
4DFF55E9;1;TARC;N/A;SKN;Hilarión - El Padrino;MAIN;60|61|66
4E266F3B;1;TARC;N/A;VMS;Harper Creek;MAIN;71|74|76|114
4E2F1C90;1;TUNK;N/A;VMS;Palmer deposit;MAIN;90|106|129
4E3581CD;1;TSED;N/A;COA;Sydney Coal Project;MAIN;10
4E37D187;1;TCRA;N/A;PLC;Kwango River;MAIN;18|20|21|22
4E541F3F;1;TORO;K|TH|U;N/A;Main Monazite Zone;MAIN;50|58|76|77
4E7C9F05;1;TGGT;N/A;IRF;C-Zone;MAIN;32|43|44
4E8E93FF;1;TRFT;N/A;EVP;Mengo;MAIN;40|66|67
4E98AB6B;1;TGGT;N/A;N/A;North Hitura;MAIN;20
4EE35C2B;1;TGGT;NI|CU|PGE;MNS;Nico 1;MAIN;21|24|29|35
4EBEB34F;1;TORO;CO|CR;N/A;Beaver Block;MAIN;17|25|30|34
4EF2F6B6;1;TARC;N/A;PRY|SKN;Santo Tomás;MAIN;68|82|88|90
4EFF7E4B;1;TCRA;N/A;SND;Wanipigow Sand Project;MAIN;51|64
4F1F9EA7;1;TORO;N/A;N/A;St. Lawrence Veins;MAIN;51|59|64|65
4F282747;1;TCRA;N/A;N/A;Crater Lake;MAIN;70
4F2C3B21;1;TCRA;N/A;N/A;JAK Zone;MAIN;23|24|26
4F5F89BC;1;TARC;N/A;VMS;Millington Showing;MAIN;38|53|55
4F53DDEF;1;TARC;N/A;PRY|EPTH|EPTI;Chinchillones Complex;MAIN;57|78|79
4F6F3847;1;TUNK;N/A;SKN|MAN;Mochito;MAIN;18|19|20
4F705F9F;1;TORO;RB|BE;PEG;N/A;MAIN;25|27|30|32
4F973777;1;TORO;N/A;GRAP;Lac Aux Bouleaux;MAIN;25|27|31
4F7BA945;1;TCRA;N/A;LAT;Valozoro;MAIN;12|13|14
4F87769D;1;TARC;AS;PRY|EPTH;Cukaru Peki;MAIN;54|58|61|63|65
4FCAFAC3;1;TARC;N/A;PRY|SKN;Pinto Valley;MAIN;37|48|52
4FDABFE2;1;TARC;N/A;VMS;Lundberg;MAIN;53|62
4FEE8E55;1;TSED;N/A;IRF;Fierro Group Iron Bands;MAIN;19|21|23
4FF7DD48;1;TGGT;N/A;SDX|VMS;Mattagami River Zinc Project;MAIN;29|30|33
4FF834B1;1;TBAC;N/A;VMS;Talbot deposit;MAIN;26|34
50462625;1;TSED;N/A;MVT;Pine Point Deposits;MAIN;37|51|61
505808FC;1;TGGT;CS|RB|SN|BE|NB|TA|K;PEG;Mt Cattlin;MAIN;58|67|68|71
5090421E;1;TARC;N/A;LAT;Agata North;MAIN;30|31|34
509EA8DF;1;TARC;N/A;PRY;Santa Cruz Deposit;MAIN;52|53|63
50B5710B;1;TGGT;N/A;VMS;Perkoa;MAIN;46|51
50B23D17;1;TORO;N/A;URX;Kok Moinok;MAIN;26|29|32
50F44EB5;1;TUNK;N/A;PLC;Eagle Creek;MAIN;28
50D4A671;1;TARC;ZN|PB|AS|CU;VMS;Sun;MAIN;37|46|47|48
50FA7EEE;1;TSED;K|BR;N/A;Alberta Potash Project;MAIN;19|28|36
510AE9A3;1;TBAC;N/A;IOC|PRY;Skyline Project;MAIN;23|25|32|36
514A0244;1;TSED;N/A;PHO;Berlin;MAIN;38|68
514D0336;1;TGGT;N/A;MNS;Raymond Frank;MAIN;17|18|20
5157CB11;1;TCRA;AS|CU|PB|ZN;URU;Osprey;MAIN;20|23|25|26
51591DAF;1;TORO;N/A;SKN;St-Onge Wollastonite deposit;MAIN;43|44|53|55
516E3AB4;1;TSED;N/A;URN;Arkose;MAIN;25|27|33
515EBF87;1;TORO;CU|ZN|AG|PB|AS|MO|SB|MN;PRY|SKN;GL2 Target Area;MAIN;43|47|55|60|61|64|69|71|95
515F5B3E;1;TARC;AG|PB|CU|ZN;VMS;Bisha Main Zone;MAIN;65|66|67|88|107|109|110|121|122
51B5C244;1;TORO;N/A;COA;Lost-Fox Area;MAIN;33|43
51CB6895;1;TCRA;N/A;N/A;Velvet-Wood;MAIN;25|28
51B72D16;1;TARC;CU|AG|AS|BI|MO|SB;PRY|EPTH;Josemaría;MAIN;129|135|157|160
51D4E191;1;TORO;N/A;VMS;Touro;MAIN;65|79|81
51D71B7F;1;TORO;N/A;PRY|IRG|MAN|SKN;Tungstonia Mine Area;MAIN;52|53|65|67
51EACB34;1;N/A;N/A;MNS;McCreedy West;MAIN;35|38|40
51EBC0FB;1;TRFT;N/A;STRA;Luanga;MAIN;56|68|69|70|85
520AC1D4;1;TORO;N/A;GRAP;Malsiripura;MAIN;57|59|65|69|70
520B92DC;1;TUNK;N/A;MNS;Levack Mine;MAIN;40|50
523F4C3A;1;TRFT;N/A;LCL;Bonnie Claire;MAIN;24|30
5228E19B;1;TARC;N/A;GRAP;Griffith Property;MAIN;26|30|31|32
5245F6DD;1;TARC;CU|AG|ZN|PB;PRY|SKN|MAN;Cotabambas;MAIN;33|41|43
52545397;1;TARC;N/A;PRY;Northwest and Southeast Zones;MAIN;36|43|45
52841E2B;1;TARC;N/A;PRY;Haib;MAIN;33|44
52A5D206;1;TORO;LI|CS|SN|RB|TA;PEG;Bandeira;MAIN;29|36
52C3ECF4;1;TCRA;N/A;MNS;Gonneville;MAIN;35|45
52CA56C7;1;TSED;N/A;MVT;Plaza Norte;MAIN;35|43|44
52C66905;1;TGGT;N/A;PEG;Whabouchi;MAIN;87|90|92
52C4F563;1;TORO;AG|AS|BI|CU|CD|MN|PB|SB|ZN|W;PRY|BXH;Casino;MAIN;55|58|64|65
52ED0F0E;1;TBAC;N/A;VMS;Reed deposit;MAIN;36|38|44
52E6FA25;1;TBAC;FE|ZN;N/A;Bornite;MAIN;35|46|54
530468F2;1;TSED;N/A;SND;Firebag sand deposit;MAIN;35|41|42
531C5411;1;TARC;N/A;N/A;Parigi Prospects;MAIN;19|20|21
530E9AFC;1;TSED;V|MO|CU|SE|AS;N/A;Roca Honda Project;MAIN;37|46|50
53320848;1;TARC;N/A;N/A;Rosa Maria;MAIN;23|32|50
53305A3C;1;TRFT;CU|CO;IOC|BXH;Monster Property;MAIN;19|26|41
53386372;1;TPAB;N/A;BRN;Dean;MAIN;28|44|51
533C26E7;1;TGGT;N/A;PEG;Hidden Lake Pegmatites;MAIN;22|28
5369C3D2;1;TARC;N/A;VMS;Bur Zone;MAIN;32|38
5353BB5C;1;TCRA;N/A;KIM;Muskox kimberlite;MAIN;18|25
53A38405;1;TARC;N/A;VMS;Buchans ore bodies;MAIN;14|15|16
539F228F;1;TRFT;PB|ZN;SSC;Central Project;MAIN;49|61|64
5390CB82;1;TGGT;N/A;VMS;Ralleau Property;MAIN;22|34
53BCFBA9;1;TUNK;N/A;VMS;Granduc deposit;MAIN;63|64
53C9C05C;1;TRFT;N/A;LCL;Zeus;MAIN;16|19|22
53C5A4EE;1;TBAC;N/A;VMS;Palmer Deposit;MAIN;54|56|96
53F2909B;1;TARC;N/A;PRY;Kemess North;MAIN;59|65
540F851B;1;TGGT;N/A;PEG;Separation Rapids Lithium Deposit;MAIN;62|90
542FB15F;1;TCRA;N/A;KIM;Kahuna;MAIN;24|27|28|33
546DC6E8;1;TBAC;AS;VMS;Willett occurrence;MAIN;41|44|56|61
5461CBE6;1;TARC;CU|MO|ZN|PB;PRY|EPTH;Beruang Kanan Main Zone;MAIN;66|68|69|70
541DD66D;1;TORO;N/A;LAT;Ramu;MAIN;30|37
5486B115;1;TORO;N/A;LAT;Tablasufa;MAIN;24|32
549EA06E;1;TGGT;AS|PB|AG|MN;VMS;Nikka Deposit;MAIN;27|31|37
549B7F9B;1;TARC;CO;VMS;York Harbour;MAIN;35|41|45|48
54A171CD;1;TCRA;N/A;KIM;Renard Cluster;MAIN;39|68|69|70
54E630CA;1;TCRA;N/A;PLC;Tirisano;MAIN;42|43|53
54D06D56;1;TORO;N/A;EVP;Piskanja;MAIN;22|25|32
54DF8DA9;1;TRFT;CU;MNS;Tamarack North Project;MAIN;66|70|81|87
54F1EC6C;1;TARC;N/A;VMS;Harper Creek;MAIN;70|73|113
55202EC2;1;TORO;ZN|PB|CU|AS|AG|S|HG|CD|BA|CO;MAN|MVT|SDX;Toral;MAIN;29|38|41
552B1677;1;TARC;CU|MO;PRY|EPTL;Chita Porphyry;MAIN;43|52|61|62|84
552BF875;1;TSED;N/A;PHO;DM Project Ore Zone;MAIN;46
552DE2C6;1;TORO;N/A;COA;S2 Seam;MAIN;39|44
5535A11B;1;TRFT;N/A;LCL;Basin East;MAIN;56|62
553A2461;1;TORO;N/A;COA;PBS Coal Properties;MAIN;36|38|39
5541B604;1;TCRA;N/A;N/A;Snaefell;MAIN;35|41
554201A6;1;TCRA;CU|NI;MOX;Gulçari A (Campbell Pit);MAIN;102|119|121|133
556DA28B;1;TGGT;N/A;MNS;Grasset Ni-Cu-PGE deposit;MAIN;37|49
55A7313D;1;TARC;N/A;PRY;Kingking;MAIN;74|82
55D19442;1;TCRA;N/A;SND;Preston Property;MAIN;41|45|51|53|54
55D9A9AF;1;TCRA;N/A;URU;Radio Project Target;MAIN;27|33
55F725BF;1;TORO;N/A;SKN;Asbury;MAIN;38|40
56385312;1;TORO;N/A;SKN;Los Santos;MAIN;23|27
560E2333;1;TARC;N/A;BRN;Salar de Rio Grande;MAIN;12|13|67|77
5651E69E;1;TUNK;N/A;BRN;Salar de Río Grande;MAIN;8|9|66|76
56599EE7;1;TCRA;V|NI|CO|AS;URU;Rea Property;MAIN;33|45|52
568125EC;1;TARC;N/A;EPTH;Chelopech;MAIN;57|64|68
56BB3052;1;TARC;CU|MO|ZN|PB;PRY|EPTH;Beruang Kanan Main Zone;MAIN;28|29|30|31
56D18025;1;TPAB;N/A;CAR;Gays River Deposit;MAIN;52|65|66
56D77F1B;1;TORO;N/A;PEG;San Domingo;MAIN;40
56DFD031;1;TGGT;N/A;VMS;GC-12-01 VMS;MAIN;14|15|18
56DA9C1B;1;TORO;N/A;SKN;Cantung;MAIN;33|40
56E8007B;1;TUNK;N/A;PLC;Zandfontein TSF;MAIN;40|47|49
573B8BC0;1;TSED;CU|PB|ZN;VMS;Marg;MAIN;28|30|34|35
573524EB;1;TARC;MO|CU|BI|ZN|PB|MN;PRY;Cortadera;MAIN;100|109|111|118
579E23C2;1;TARC;CU;PRY;Pyramid;MAIN;10|14|18
578B523C;1;TORO;N/A;BRN;Pastos Grandes;MAIN;28|39
57D9270A;1;TCRA;N/A;EVP;Muskowekwan Potash Project;MAIN;52|71
57D2AA73;1;TARC;AG|CU|BI|TE|AS|CD|PB|ZN|W;PRY|ORO;Hannah;MAIN;25|26|34|37
57E4E282;1;TORO;N/A;MBS;Huzyk Creek;MAIN;20|27
57F6A5CE;1;TCRA;N/A;EVP;Disley Project;MAIN;92
5811C9CC;1;TRFT;N/A;BRN;Tetra;MAIN;41|43|61|62|63
5850C947;1;TARC;N/A;VMS;Albere Zone;MAIN;27|29|32
58689A8A;1;N/A;N/A;N/A;Main Zone;MAIN;12
5848CB6D;1;TARC;N/A;VMS;Lookout zone;MAIN;36|37|45
58930D33;1;TORO;N/A;VMS;Pick Lake deposit;MAIN;67|71|74
58810EDD;1;TGGT;N/A;PRY;Lang Lake Prospect;MAIN;31|38|43
588F96C7;1;TARC;N/A;SKN|MAN|PRY|EPTI;Santander Pipe;MAIN;90|91|101|111
58998203;1;TARC;N/A;PRY|EPTH|EPTL|SKN|PLC|BXH;Fortuna Concessions Property;MAIN;45|51|54|55|56|57
58A906CD;1;TCRA;N/A;EVP;Wynyard;MAIN;42|72
58A311FD;1;TORO;N/A;MAN|SKN;Taylor Deposit;MAIN;56|57|66|68
58B2F720;1;TSED;N/A;BRN;Rainbow Lake Property;MAIN;46|51|52
58E55270;1;TGGT;N/A;MNS|AWN;Gemini North;MAIN;68|69|76
58CF9AF6;1;TSED;PB|CD|AG;MVT;Cristal-Charlita;MAIN;29|54|59|63
5900E020;1;TORO;N/A;BXH|MAN;Drazhnje;MAIN;23|24|49|50
590745BE;1;TRFT;N/A;LCL;Zeus;MAIN;15|18|21
5903608D;1;TARC;AS|SB|BI|TE;VMS;Bend;MAIN;28|31|34|42
5915A358;1;TCRA;N/A;IOC;Cairn Hill;MAIN;55|60|61
593AC42B;1;TGGT;N/A;LAT;RNO nickel laterite deposits;MAIN;35|38
594883D8;1;TARC;N/A;PRY;Panantza;MAIN;54|61
595C019C;1;TRFT;N/A;BRN;Sevier Playa;MAIN;70|79
5957517C;1;TCRA;N/A;LAT;Vermelho;MAIN;27|33
59846E27;1;N/A;N/A;TLG;Tailings Dams;MAIN;63
5983246C;1;TSED;N/A;IRF;Elizabeth Taconite;MAIN;22|29
5991478A;1;TGGT;N/A;PEG;James Bay Pegmatites;MAIN;85|92
5995CF9F;1;TCRA;N/A;MNS;Waterberg Project;MAIN;53|71
5996D23B;1;TCRA;N/A;URU;Whitford Lake;MAIN;19|20|24
59AD85CE;1;TORO;N/A;IRF;Minorca;MAIN;46|61
59CA082B;1;TORO;ZN|PB|CU|AG|CD|V|AS|CO|MO|GE|GA;MAN|BXH;Kipushi;MAIN;53|55|66|79
59D8ACD9;1;TRFT;N/A;CBT|BXH|IAC;Target IV;MAIN;39|44|46|47|48|49
59DC6460;1;TGGT;N/A;SDX;Mattagami River Zinc Project;MAIN;21|22|23
5A077173;1;TRFT;N/A;MNS;Current Lake Deposit;MAIN;30|32|34|35|39|40
5A0A6BC2;1;N/A;ZN|CU|AG|BA|PB|MN|AS|SB|HG;VMS;Blue Moon;MAIN;27|28|30
5A19F28F;1;TCRA;N/A;LAT;Manganese Clast Deposits;MAIN;17|21|22
5A10189C;1;TARC;N/A;PRY;Alwin;MAIN;44|50|51
5A23F144;1;TORO;N/A;BXH;Dikulushi;MAIN;47|52
5A2F9D8E;1;TORO;N/A;N/A;Trill mineralized lens;MAIN;60|61|69|70|72|73
5A311C3B;1;TCRA;NI|CO|AS|PB;URU;Hurricane zone;MAIN;36|39|40|41
5A35443A;1;TARC;N/A;PRY;CuMo;MAIN;49|51|63
5A631FEE;1;TSED;N/A;EVP;Vanscoy;MAIN;15|16
5A74CF83;1;TSED;N/A;EVP;Allan;MAIN;15|17
5AAB9BA1;1;TTRN;N/A;N/A;Baturaja Prospects;MAIN;19|20
5AA99061;1;TARC;CU|AG|MO|ZN|V|K|PB;PRY;Ricardo Herrera;MAIN;19|48|59
5A93A27D;1;TRFT;CU|AG;N/A;543S;MAIN;35|62|65|66
5AE95B60;1;TBAC;SR;BRN;Piskanja;MAIN;29|32|40|42
5AF15FB5;1;TGGT;N/A;PEG;Rose;MAIN;61|68|69
5AFEAFA5;1;TSED;K;BRN;Sturgeon Lake Reef Complex;MAIN;54|59|64|65|67
5B2E3F7B;1;TRFT;N/A;LCL;Clayton Valley;MAIN;34|41
5B2D74BC;1;TRFT;BI|AS;SSC;Ram;MAIN;59|70|72|73
5B5604F8;1;TSED;N/A;URN;Lisbon Valley;MAIN;17|26
5B3D2A7C;1;TARC;CU|MO|NI|CO|CR|ZN|AS|SB;MAN|SKN|PRY;Alacran;MAIN;55|68|70|88|89
5B58F653;1;TARC;AG|BI|CU|MO|AS|PB|ZN;PRY|SKN;Cajon Grande;MAIN;37|41|69|70|83|85|120|145
5BA8D17A;1;TARC;CU|MO|AG|AS|SB|ZN;PRY|SKN;Lynx Target Area;MAIN;32|38|40|47
5BD26E9B;1;TARC;N/A;BRN;Hombre Muerto Project;MAIN;29|37|38
5BB2F1FA;1;TBAC;ZN|PB|BA|AG|CU;VMS;Cerro Lindo;MAIN;45|61|62
5BCA0AF1;1;TARC;CU|MO;MAN|IOC|PRY;Alacran;MAIN;82|115|116
5BE399BE;1;TARC;MO;PRY|BXH;Berta;MAIN;73|74|87|94|98|105|106|107
5C1A2B5D;1;TARC;N/A;PRY;Central Zone;MAIN;90|92|109|110
5C22FD3F;1;TORO;N/A;PRY|SKN;Copper Mountain;MAIN;47|52|54
5C2D0C3B;1;TRFT;N/A;BRN;Humboldt Salt Marsh;MAIN;26|29|30
5C2FD0D9;1;TRFT;TH|K;CBT|BXH;Songwe Hill;MAIN;81|82|83|105|113
5C3AE63A;1;TCRA;N/A;SSC;Nowa Sól;MAIN;87|94|101
5CB02049;1;TARC;N/A;PRY|BXH;Los Azules;MAIN;106|109|120|128
5D0D118F;1;TRFT;N/A;URN;Muntanga;MAIN;38|39|42|45|54|61
5D365AE6;1;TORO;N/A;N/A;Gemini Main Zone;MAIN;41|50|53|54
5D4E3CA4;1;TCRA;N/A;KIM;Renard Cluster;MAIN;62|67|90|91
5D90673C;1;TUNK;N/A;N/A;A107;MAIN;2
5D8E09B4;1;TORO;N/A;N/A;Jubani;MAIN;21|22|27
5D536714;1;TORO;SN|AS|CU|PB|ZN|F;SWM;Oropesa;MAIN;32|35|38|39
5D704D63;1;TARC;N/A;PRY;Kemess North;MAIN;23|29
5DAA7A99;1;TARC;N/A;PRY|BXH;Kharmagtai;MAIN;28|29|31|48
5DAECE70;1;TUNK;N/A;N/A;Anomaly A;MAIN;104|105|106|107|110
5DD7DD41;1;TSED;N/A;BRN;Sturgeon Lake Reef Complex;MAIN;47|50|62
5DDA4E86;1;TGGT;N/A;IRG|PRY|ORO;Moss Lake deposit;MAIN;39|46|47
5DE3FC39;1;TARC;ZN|PB|MO|AS|SB|HG|TL;PRY;Kiseljak;MAIN;26|43|47
5DFE86A1;1;TRFT;N/A;SSC;Kakula;MAIN;121|142|165|166|170
5E2B7510;1;TORO;N/A;PEG;#5 Dyke Complex;MAIN;34|35|37
5E29E09E;1;TORO;N/A;CBT;Cap Property;MAIN;23|29|31
5E10BD1E;1;TGGT;LI;PEG;Separation Rapids Lithium Deposit;MAIN;58|70|88|91
5E3A07A2;1;TORO;AG|BA|BI|CO|MN|SE|TE|MO|NI;IOC;Hannukainen;MAIN;17|21|23
5E657398;1;TORO;N/A;IRF;Houston;MAIN;69|72|79
5E626AA4;1;TORO;N/A;N/A;Karakul;MAIN;48|52|60
5E65D6F1;1;TCRA;N/A;KIM;Kahuna;MAIN;24|28
5E774B73;1;TARC;CU|AG|AS|PB|ZN|MO;PRY|BXH|EPTI;Kharmagtai;MAIN;41|42|45|46|49|81
5E7A54F5;1;TARC;AG|AS|CU|MO|PB|ZN;PRY|BXH|EPTI;Stockwork Hill;MAIN;102|103|106|108|113|142|148
5E7DC840;1;TRFT;AG|CO|AS|ZN;SSC;Kamoa;MAIN;79|81|118|119|120
5EAD903D;1;TRFT;CU|MO|PB|ZN;PRY|BXH|EPTL;Mount Turner;MAIN;35|37|39|41|43|53
5EAEA8CA;1;TARC;N/A;PRY|BXH;Mitchell;MAIN;31|32|39|52
5EDC71C5;1;TORO;AS|ZN;SSC;Kamoa-Kakula;MAIN;109|111|112|156|157|158
5EF04823;1;TSED;N/A;COA;Corsa Properties;MAIN;46|48|50
5EF51E03;1;TUNK;N/A;GRAP;Aukam;MAIN;14|20
5EF3E966;1;TRFT;TH|K;CBT;Songwe Hill;MAIN;95|96|118|126
5F4067DC;1;TSED;N/A;N/A;Nichols Ranch Project;MAIN;34|39|42
5F440A99;1;TARC;N/A;N/A;Aguas Blancas;MAIN;21|26
5F4BD4AA;1;TARC;ZN|AG;PRY|SKN;Main Zone porphyry;MAIN;30|32|54
5F63B9C3;1;TGGT;N/A;VMS|ORO;Noranda trend;MAIN;30|36|39
5F8F105D;1;TSED;N/A;EVP;Holbrook Basin Potash;MAIN;42|48
5F7EFC07;1;TRFT;N/A;CBT;Elk Creek Carbonatite;MAIN;60|71
5F929843;1;TORO;LI|RB|CS;PEG;Kontiki Pegmatites;MAIN;24|28|29|30
5FB13E93;1;TGGT;N/A;MNS;M2 Deposit;MAIN;25|26|34
5FAB90DA;1;TARC;N/A;MAN;Crepulja;MAIN;17|22|23|24
5FA2F926;1;TCRA;N/A;N/A;Parkin Offset Dyke;MAIN;18|25
5FD3306E;1;TSED;NI|CU|CO|PB|ZN|MO|AS;URU;Cigar Lake;MAIN;56|63|64
5FEAE59B;1;TORO;N/A;MNS;Frontier;MAIN;39|55
5FFF0FB6;1;TARC;CU|MO|ZN|PB;PRY|EPTH;Beruang Kanan Main Zone;MAIN;37|38|39|40
6006CE9F;1;TSED;K|B;BRN;Beaverhill Lake aquifer system;MAIN;21|31
6015205B;1;TBAC;BA;VMS;Tulsequah Chief;MAIN;70|73
603CC751;1;TORO;N/A;URU;Horseshoe and Raven;MAIN;32|44|45
60905EB1;1;TORO;N/A;N/A;Quatre Milles West;MAIN;19|20|22
60B0A237;1;TORO;N/A;N/A;Driftwood Creek magnesite deposit;MAIN;22|25|28
60B3561E;1;TARC;AG|PB|CU|MO|K|AS|ZN;EPTI|PRY;Encanto Zone;MAIN;62|64|65|66
60B1F38F;1;TORO;N/A;SKN;Gunnison;MAIN;62|64|71
60C91638;1;TSED;N/A;URN;Kaycee Project;MAIN;25|32
60CD33FA;1;TARC;N/A;CBT;Wicheeda Carbonatite;MAIN;38|39
60E4191F;1;TORO;N/A;AWN;Baptiste;MAIN;93|94|98|101
60D8EE5D;1;TARC;N/A;CBT;Wicheeda Carbonatite;MAIN;63|64
60F134C7;1;TARC;CU|MO;PRY|BXH;Redonda;MAIN;34|37|39|49
61120715;1;TUNK;CU|CO|PT|PD;MNS;Horsetrail Zone;MAIN;35|43|44|45
61205525;1;TARC;N/A;VMS;Point Leamington deposit;MAIN;26|39
61218AB5;1;TORO;V|NI|AG|ZN|MO|SE;N/A;Coosa;MAIN;66|68|78|80
6141ADF2;1;TORO;N/A;N/A;Spiragu;MAIN;20|21|23
615798EC;1;TSED;N/A;URN;Slick Rock project;MAIN;21|23|31|32
6146EE50;1;TORO;N/A;COA;Elan Coal Property;MAIN;30|36
615B72C6;1;TCRA;B|CO|CR|CU|LI|MO|PB|SB|W;URU;Patterson Lake South;MAIN;26|34|59
616809BD;1;TARC;N/A;PRY;Golpu;MAIN;80|82|104|109
6175F5F9;1;TORO;N/A;N/A;Spiragu Prospects;MAIN;17|18|21|37|47
618E5023;1;TARC;AS|ZN;PRY|SKN|BXH|EPTH;La Granja;MAIN;41|44|48|49|50|51
61BD44D7;1;TRFT;N/A;N/A;Area 1;MAIN;73|76|80|81|83
61C4BDD1;1;TARC;U;EPG;Blue Jack;MAIN;8
620F68F6;1;TORO;N/A;MAN|SDX|MVT;Mel Main Zone;MAIN;39|47|48
62409C35;1;TARC;N/A;VMS|SKN;Holt Property;MAIN;30|31|32
62476046;1;TARC;CU|AG|ZN|AS|SB;EPTH|BXH|PRY;Sinchao;MAIN;31|36|37
62497404;1;TORO;N/A;SKN;Sangdong;MAIN;44|58
626A80E8;1;TSED;N/A;EVP;Rocanville;MAIN;16|18
62555355;1;TGGT;N/A;VMS;Abcourt-Barvue;MAIN;32|40
625C16EB;1;TORO;N/A;SSC;Luishia Sud;MAIN;14|27
62802DEE;1;TRFT;U|CU|NI|AS|V;URN;Duddridge Lake;MAIN;18|19|21|26
627BB023;1;TORO;N/A;MNS;Hawk Ridge Deposits;MAIN;54|59|80
6292767F;1;TARC;AS|SB;SKN|PRY|EPTH|EPTI;AntaKori;MAIN;76|79|82|91|97|99
62A0EDA1;1;TRFT;U|MG|SR;BRN;L.G. Property Lithium Brine;MAIN;25|27|36|42
62A4475D;1;TARC;N/A;IOC|SKN|BXH;Candelaria;MAIN;47
62B9A6A1;1;TBAC;N/A;VMS;Nepisiguit A;MAIN;35|44|45
62BA563E;1;TCRA;N/A;SND;Sumner Property;MAIN;35|39|42|48
63059546;1;TORO;N/A;N/A;Jubani Prospect;MAIN;19|20|23|24|44|59
630833B8;1;TBAC;N/A;MAN|EPTH;Papomono;MAIN;93|94|103|104|108
632D4144;1;TSED;N/A;URN;Duck Creek Project;MAIN;23|29
6316A2E3;1;TARC;N/A;VMS;Tower Deposit;MAIN;121|122|135
63499A00;1;TBAC;AS|SB;IOC;Lovelock Cobalt Mine;MAIN;37|43|57
633EDBC2;1;TSED;N/A;URN;Powerline Project;MAIN;35|37|62
634F8EDD;1;TORO;N/A;PLC;Swamp Point North;MAIN;29|32
635E4B60;1;TUNK;N/A;BRN;Incahuasi Salar Brine;MAIN;37|42|43
635F4B04;1;TARC;N/A;PRY|VMS;Hook Bay;MAIN;27|28|34|36|37
63602F5B;1;TORO;HG|SB;ORO;Main Zone;MAIN;43|49|50|54
6372BEDE;1;TORO;N/A;MNS;Ntaka Hill;MAIN;15|51|68|69|71
63675312;1;TSED;V|MO|SE|CU|AG;URN;Mag Uranium project;MAIN;29|53|54
638B4494;1;N/A;N/A;N/A;San Jacinto Geothermal Field;MAIN;12
63A59023;1;TARC;N/A;VMS;Ming Mine;MAIN;56|65|66
63AA55AE;1;TRFT;U|TH;REE;Blachford Veins;MAIN;25|31|33|35|40
63B18C92;1;TCRA;N/A;N/A;Sumner;MAIN;31|37|40|46
63B20C69;1;TORO;N/A;N/A;Graphite Creek;MAIN;37|40|44|45
63CEAD47;1;TUNK;N/A;N/A;Wisner South and Southwest zones;MAIN;19|22|23|28|29
63B85FB5;1;TSED;FE|SR;MVT;N-204;MAIN;40|46|54|95
63DEC675;1;TSED;N/A;IRF;Penguin Lake;MAIN;26|38|39|40
64190BD8;1;TRFT;N/A;MNS;Halfway Lake;MAIN;47|49|65|67
643C3EB3;1;TORO;N/A;MNS;Mel deposit;MAIN;51|56|64|70
645987ED;1;TCRA;N/A;EVP;Wynyard Carnallite Project;MAIN;57
646FC9B3;1;TRFT;N/A;MNS;Maturi;MAIN;93|127
6493F468;1;TARC;N/A;SKN|MAN;El Mochito;MAIN;28|31|34
6499A626;1;TRFT;N/A;MNS;Marathon deposit;MAIN;98|147|149
6499B2B9;1;TORO;N/A;SKN;South Mountain Skarn;MAIN;57|58|61
64A8E5A6;1;TARC;CU|MO|AS;PRY;Josemaría;MAIN;89|96|108|110|111
64D25266;1;TORO;N/A;URU|IOC;Chilling Project;MAIN;19|20|22
64E55CFA;1;TSED;PB|ZN|BA|CD|CU;MAN;Song Toh and Boh Yai;MAIN;55|62|69|71
64ECA01A;1;TARC;N/A;PRY|BXH;La Verde;MAIN;42|52
64F302FD;1;TRFT;N/A;FEL|BXH;Cobalt Zone - McAra Project;MAIN;7|90|98|100|120|121
6536C3E3;1;TORO;N/A;PEG;Xuxa;MAIN;51|53|54|56|57|58
6547CF29;1;TARC;CU|AG|PB|ZN|AS|SB|BI|MO;PRY|EPTH;El Chato;MAIN;22|26|27|31|32
650E44A0;1;TCRA;CR|NI|MG|TI;KIM;Aviat Kimberlites;MAIN;25|26|30|31
65347EFC;1;TRFT;N/A;IOC|SDX;Ram;MAIN;56|65|66
658FE38B;1;TRFT;N/A;VMS|SDX;Nash Creek Deposit;MAIN;39|40
656257D7;1;TARC;MN|AS|AG|PB|ZN|CU|MO;PRY|BXH;Kabba;MAIN;29|44|45|49
6595B2B6;1;TRFT;N/A;MNS;Kaukua;MAIN;30|31|32|37|40
659A4EA7;1;TARC;N/A;IRG|MAN;Pasto Bueno;MAIN;29|36|37|39
65BC4AC7;1;TRFT;N/A;EVP;Mayumba Potash;MAIN;29|45
65C4E7C7;1;TGGT;LI|CS|RB|V|GE|GA;PEG;Pakeagama Lake pegmatite;MAIN;25|27|34|39|40
65CEB7AB;1;TRFT;N/A;COA;Stradbroke;MAIN;24|25|30|34
65D52BE5;1;TARC;N/A;N/A;Los Pumas;MAIN;19|22|24|25
65E9EE1E;1;TARC;N/A;EPG;Topley Property;MAIN;25|29
65E35C17;1;TCRA;N/A;PLC;241NC zone;MAIN;17|22|28
65EBECDE;1;TORO;N/A;GRAP;Vohitsara Project;MAIN;49|57
66051765;1;TARC;N/A;CBT;Wicheeda Carbonatite;MAIN;60|61
6610EABB;1;TCRA;CU|NI|CR|CO;MNS|ORO;Stillwater West;MAIN;38|52|64
661C48C8;1;TARC;N/A;PRY;Santa Cruz Deposit;MAIN;51|52|62
6627DE01;1;TBAC;AS;VMS;Woodlawn;MAIN;61|63|65|70|73|85
6631609B;1;TCRA;N/A;PLC;Meso-terrace gravels;MAIN;39|46
664D01F6;1;TGGT;LI|CS|TA|RB|BE|SN|B|P|F;PEG;Nemaska2 Project;MAIN;30|34|37|38
66322829;1;TARC;N/A;SWM;Nithi Mountain;MAIN;20|23
6653E30E;1;TGGT;N/A;N/A;Akanvaara;MAIN;24|33
668FBE75;1;TGGT;N/A;MNS;Riverbank;MAIN;12|14
66889C36;1;TORO;N/A;N/A;Penouta;MAIN;35|39
66946CED;1;TCRA;NI|CU|CR;MNS|STRA;Stillwater West;MAIN;36|72|78|80
66CC62FB;1;TORO;N/A;CBT;Perry River Carbonatite;MAIN;27|35|38
66D6E8C9;1;TSED;BA|PB|RB|SB|U|CU|TL|ZN|AG;SDX;Cardiac Creek;MAIN;27|35|37|47|51|52|57
66ED7DB0;1;TORO;N/A;N/A;Green Point shale;MAIN;33
6705D6E0;1;TRFT;N/A;LCL;Zeus;MAIN;20|29
672BF746;1;TGGT;N/A;PEG;Pontax West;MAIN;28|30|36|37
67369140;1;TORO;N/A;URU;GMZ;MAIN;41|42|50|53|54
67376DFA;1;TORO;N/A;PHO;Bassar Project;MAIN;22|25|26
673F70BB;1;TBAC;PB|AS|CU|ZN|SB|MO|FE;VMS;Murray Brook Deposit;MAIN;42|50|52|56|61
675C8228;1;TORO;N/A;MOX;Deposit number two;MAIN;29|38
67577AE7;1;TRFT;N/A;MNS|STRA;Tamarack South;MAIN;38|42|44|58
676404F7;1;TSED;N/A;SND;Richardson Aggregate;MAIN;34|39|44|45|47
6775C27B;1;TARC;PB|ZN;PRY|EPTH;Čukaru Peki;MAIN;28|30|31|36|38|39|48
6776E66A;1;TRFT;N/A;LCL;Basin East;MAIN;42|48|51
677A09E4;1;TARC;AG|CU|PB|ZN|AS|SB;PRY;Central Zone;MAIN;131|141|149|160
679B081B;1;TSED;N/A;IRF;LabMag;MAIN;102
6789ED15;1;TORO;AG|AS|CD|CO|MO|RE|S|SE|TH|TL|V;N/A;Ivana;MAIN;38|39|47|54|55
67ADD2AA;1;TRFT;N/A;N/A;Basin East;MAIN;61|65|69
67BCDE90;1;TRFT;N/A;STRA;Kaukua;MAIN;27|32|42
67D7DCF6;1;TORO;N/A;URU|URX;Molly Trend;MAIN;15|23|24|26
67EDECCA;1;TARC;N/A;IOC;Santo Domingo Sur;MAIN;47|62|65
68056AE6;1;N/A;N/A;LCL;Thacker Pass Deposit;MAIN;42|46|51|52
680693F3;1;TORO;N/A;GRAP;Lac Guéret Graphite Zones;MAIN;58|62|66|67
68058B9F;1;TUNK;N/A;N/A;AGS Vein;MAIN;32|44
6823B104;1;TCRA;N/A;KIM;95-2;MAIN;34|43
683A1FD9;1;TRFT;N/A;VMS;Wolf;MAIN;25|30|34
682D5038;1;TCRA;B;URU;JR zone;MAIN;40|47|49|50
68439368;1;TORO;N/A;PEG;Norrabees I;MAIN;28|29|34
684A4903;1;TRFT;CS|RB|B|W;LCL;Nevada North Lithium Project;MAIN;40|49|51|52|61|63|66
68404F20;1;TARC;N/A;VMS;Back Forty Deposit;MAIN;89|110|111
6854627B;1;TORO;N/A;N/A;Oropesa;MAIN;31|33|67|69
68596A6F;1;TARC;ZN;VMS;Coronation Trend;MAIN;22|29|30|33
686715A2;1;TORO;N/A;MNS;Selebi;MAIN;40|52
68640A74;1;TBAC;N/A;N/A;Bornite;MAIN;38|53
688D99A1;1;TARC;AS|CU|SB|AG;PRY;Main Trenched Area;MAIN;20|21|22|25|28
6881BDF4;1;TCRA;B;URU;Gryphon;MAIN;71|87|89|90
68EE0D8A;1;TSED;N/A;PHO;Tilemsi Project;MAIN;13|14
6916662A;1;TCRA;N/A;MOX;Bégin-Lamarche Phosphate Deposit;MAIN;86|88
691AB887;1;TORO;N/A;N/A;Adi Rassi;MAIN;27|40|47
690F8AD3;1;TRFT;N/A;MNS;Mesaba;MAIN;42|54
68EF9909;1;TRFT;CR|NI;STRA;Luanga;MAIN;87|91|92|93|105|106|109
6944575A;1;TSED;N/A;N/A;Section 32;MAIN;12|13
6972813C;1;TORO;N/A;COA;Upper Freeport;MAIN;22|24
69B0D199;1;TORO;N/A;COA;Palisades Coal Property;MAIN;37|39|44|48
69DA68FB;1;TRFT;N/A;URX;Anderson Project;MAIN;36|39|46
69F2C1A5;1;TCRA;N/A;MNS;Broken Hammer;MAIN;53|70|71
69F336B7;1;TORO;N/A;MAN|SKN;Taylor Deposit;MAIN;55|56|65|68
69F5A8EC;1;TCRA;N/A;IRF;Jideh Mountain;MAIN;22|25
69FFA58D;1;TSED;N/A;COA;Menzhinsky Mine;MAIN;45|51
6A041264;1;TORO;N/A;GRAP;Tony Block Graphite Mineralization;MAIN;62|63|71
6A1921F6;1;TRFT;N/A;URU;Yath Project;MAIN;23|24|33
6A239756;1;TARC;CU|MO|AG|PB|ZN;PRY;Adriana Hill;MAIN;11|22|24|29
6A6CE8BA;1;TARC;N/A;PRY|BXH;American Eagle/Keel;MAIN;34|38
6A6CE6A5;1;TARC;N/A;PRY;Red Dog Zone;MAIN;20|25|26
6A854654;1;TARC;N/A;PRY|SKN|EPTH|EPTI|EPTL;Jasperoide;MAIN;76|78|83|88|99|100|101
6AC563EB;1;TORO;SB|AS;ORO;Bald Hill;MAIN;30|36|37|49|51|53
6B04057C;1;TUNK;N/A;N/A;Broken Hammer Zone;MAIN;17|18|22|23
6B053595;1;TGGT;N/A;MNS;Ferguson Lake;MAIN;43|44|59
6B2796C0;1;TGGT;N/A;MNS;Alexo-Dundonald Project;MAIN;49|54
6B43A1BB;1;TCRA;N/A;URU;Thorburn Lake;MAIN;33|37
6B4A3D20;1;TORO;CO|CR;AWN;Nickel Project;MAIN;18|21|24|26
6B8F380A;1;TCRA;N/A;KIM;AK6;MAIN;44
6BC22AC7;1;TORO;BI|SB|TE|MO;IRG|PRY|ORO;Kopsa;MAIN;40|43
6BDC02DB;1;TARC;N/A;SKN;Bolívar;MAIN;30|37|38|39|42
6BF481D4;1;TARC;N/A;BRN;Salinas Grandes;MAIN;109|129|138|139
6C2F0883;1;TARC;N/A;COA;Bengkulu Coal Project;MAIN;38|45
6C31E84E;1;TBAC;N/A;VMS;Kona;MAIN;36|37|38|46
6C480A9D;1;TORO;N/A;GRAP;Graphite Creek;MAIN;72|78
6C479DE7;1;TRFT;N/A;CBT;Elk Creek Carbonatite;MAIN;74|85
6C73CC7F;1;TGGT;N/A;PRY;Devlin;MAIN;35|36
6C7EA58B;1;TSED;N/A;IRF;KéMag;MAIN;98|99
6C4D4B94;1;TORO;N/A;AWN;Baptiste Deposit;MAIN;16|17|23|24
6C756DAB;1;TARC;N/A;BRN;Salar Salinas Grandes;MAIN;108|128|137|138
6C8EF2FC;1;TARC;ZN|AG|SN|CU;BXH;Main Zone;MAIN;45|51|54
6C958093;1;TBAC;ZN|GE;SSC;Bornite;MAIN;63|77|78|82
6CA86521;1;TARC;PB|ZN;EPTH|PRY;Čukaru Peki;MAIN;32|35|40|42|43|46|48|52
6CC2A8E3;1;TGGT;N/A;PEG;Kaskamikaw Property;MAIN;25|30
6CBFC128;1;TBAC;CU|CO|NI|MO|AS|SB|ZN|CD|PB|HG|BA;SDX;Tom deposit;MAIN;55|70
6CCAC3D6;1;TRFT;N/A;CBT;REE Zone;MAIN;30|33|46|56
6CDA2B5F;1;TARC;CU|MO|BI|SE|TE|AS|MN|ZN;PRY;Alpala;MAIN;79|97|102
6CEDAB90;1;TORO;N/A;IRF;James Deposit;MAIN;75|78|83|84
6D00C1F4;1;TORO;N/A;COA;Gooden Creek Mine;MAIN;30|31|34
6CEE450B;1;TRFT;F|U|PB|TH;REE|CBT|PRY;Abitibi Properties;MAIN;19|20|24|25
6D1BAFCA;1;TORO;N/A;GRAP;Lac Guéret;MAIN;93|99|106|108
6D315EAB;1;TGGT;N/A;CHR;Big Daddy;MAIN;18|20|21
6D57B6E6;1;TUNK;N/A;BRN;Salar de Tolillar;MAIN;94|100
6D3768EC;1;TCRA;N/A;MOX;Bégin-Lamarche;MAIN;75|88|90
6D5F4FE4;1;TRFT;N/A;PRY|BXH;Jogran Porphyry;MAIN;57|62|67|69|70|72
6D88E5BF;1;TCRA;N/A;URN;Anfield Leases;MAIN;22|35
6D60AD77;1;TORO;RN|HE;URU;Middle Lake;MAIN;25|32|37|41|43
6DACF892;1;TARC;V|CU;EPTL|PRY;Valk Property;MAIN;29|40|41|42|43
6D9305F0;1;TRFT;CU|V|MO|AG|TL|S;URU;Dieter Lake;MAIN;12|16|17|21|22|23|24|35
6DB69E64;1;TARC;N/A;PRY;Eaglehead;MAIN;48|54|79
6DDE94F9;1;TRFT;N/A;EVP;Picadilly;MAIN;33
6DE3A9AD;1;TSED;N/A;N/A;Holbrook Basin Potash;MAIN;47|49|50
6DEEC621;1;TORO;N/A;COA;New Elk Mine Coal Seams;MAIN;38|41|58
6DF35E04;1;TBAC;N/A;VMS;ABM;MAIN;52|53|55|75
6E06C0C2;1;TRFT;N/A;PRY|BXH;Coppercorp Mine;MAIN;38|43|49|50|51|53
6E138384;1;TORO;ZN|IN|BI|AG;SKN;RC Zone;MAIN;17|24|27
6E44F514;1;TRFT;U|MO|RE;N/A;TLC Project;MAIN;19|20|23
6E6E081C;1;TORO;N/A;LAT;Araguaia Nickel Project;MAIN;67|85
6E883315;1;TRFT;N/A;EVP;Mengo Potash Deposit;MAIN;41|67|68
6EBDA3E9;1;TORO;N/A;N/A;Grande-Vallée;MAIN;104|109|110|123|127
6EBA4C46;1;TRFT;N/A;STRA;River Valley;MAIN;31|44
6F09BF70;1;TCRA;N/A;N/A;Lanigan;MAIN;23|24|28
6F0D104E;1;TARC;MO;PRY;Hobbes Zone;MAIN;15|24
6F28F62E;1;TGGT;N/A;MNS;Zara;MAIN;11|13|29
6F302956;1;TUNK;N/A;N/A;Trill Showing;MAIN;22|35|39
6F56E2D6;1;TARC;CU|ZN|PB;PRY;CuMo;MAIN;49|50|60|63
6F5DEFAD;1;N/A;N/A;URN;Section One;MAIN;15|16
6F60A301;1;TSED;N/A;COA;Kestrel Mine;MAIN;35
6FDCF564;1;TSED;N/A;BRN;Kindersley Lithium Project;MAIN;80|87|88
6F9E8B78;1;TARC;CU|AG|MO;PRY;Galaxy deposit;MAIN;15|22|25
6FEFA0C0;1;TORO;N/A;CBT;CAP Property;MAIN;18|23
6FF30AA9;1;TORO;N/A;N/A;Good Spring Property;MAIN;20|27
6FFD10AB;1;TUNK;N/A;KIM;AK6 kimberlite;MAIN;102|125
7010C112;1;TORO;SB|AG|AS;ORO;West Gore Deposit;MAIN;13|14|15|16|23
7048D460;1;TSED;N/A;SND;Blair Property;MAIN;45|52|54|55|56
70558475;1;TSED;N/A;BRN|EVP;Green Energy Project;MAIN;25|26|36
706A4EAF;1;TGGT;N/A;N/A;Ularring Hematite Project;MAIN;72|74|80
706D7B7B;1;TCRA;U|TH|PB|B;URU;Key Lake South;MAIN;25|32
7071EB28;1;TUNK;N/A;N/A;Bromley Vale Tephra;MAIN;12|13|17|18
70882C0F;1;TCRA;N/A;N/A;North Range Project;MAIN;20|21
7085C5A1;1;TSED;N/A;URN;Lost Creek Deposit;MAIN;28|36
708C65C4;1;TARC;N/A;PRY|SKN;Constancia;MAIN;80|84|90
709CF09E;1;TGGT;N/A;PEG;Rose;MAIN;68|79|80
70AAEFFF;1;TARC;N/A;PRY;Poplar Deposit;MAIN;34|42
70C93420;1;TCRA;N/A;EVP;Allan;MAIN;22|24
70D82FDD;1;TGGT;N/A;PEG;Whabouchi;MAIN;77|82
70D8EE6A;1;TRFT;N/A;LCL;Zeus claims;MAIN;18|19|28
70E4095E;1;TRFT;N/A;SSC;Cuatro Cienegas project;MAIN;35|36|20
70DDB54D;1;TUNK;MN;LAT;Syerston;MAIN;69|78
71044288;1;TPAB;N/A;BRN;Salar de Pastos Grandes;MAIN;55|64|65
71051547;1;TARC;N/A;IOC;Marimaca;MAIN;78|79|80|84|87|88
7110A45C;1;TBAC;N/A;PRY;Davidson deposit;MAIN;73
711ED7B7;1;TORO;N/A;MNS;Iron Lake Complex;MAIN;12|13
71199862;1;TORO;N/A;N/A;Cominex Project;MAIN;23|30
712D6DAF;1;TTRN;N/A;BRN|LCL;Clayton Valley Lithium Project;MAIN;19|24
7146439B;1;TARC;N/A;VMS;Little Deer;MAIN;24|25|29
7152D1AF;1;TRFT;N/A;LCL;TLC Property;MAIN;48|54
71663D15;1;TARC;CU|AS|PB|ZN|AG|SB|MN|MO;PRY|SKN|BXH;Sunnyside Porphyry;MAIN;29|33|35|41|47|48
71936E85;1;TSED;N/A;EVP;Rocanville;MAIN;23|24|26
717A8CD2;1;TGGT;N/A;MNS|CHR;Puddy-Chrome;MAIN;44|53|54|55
719895B0;1;TGGT;N/A;MNS;Dumont;MAIN;72|102
71C8B766;1;TSED;ZN|NI|PB|CO|AS|MN|SB|AG|BA|CU;VMS|SDX;Tell Gossan Corridor;MAIN;10|13|17|18|19
71D9BEA3;1;TORO;N/A;N/A;Hibbing Taconite Deposit;MAIN;46|58
71DA8C30;1;TARC;AS|BA|CU|HG|PB|SB|SN|ZN;VMS;La Romanera;MAIN;30|41|43
71C9C6C8;1;TBAC;N/A;VMS;Aripuanã;MAIN;46|51
71D00ADB;1;TGGT;N/A;MOX;Baie Magnetite;MAIN;30|34
71DF8369;1;TUNK;N/A;N/A;Kansanshi;MAIN;52|59
71E47A99;1;N/A;N/A;N/A;Trill Showing;MAIN;28|40|44
71E6AC39;1;TSED;PB|ZN|AG|BA|FE|CD|SN|TL|HG|S|IN|GA|PD;SDX;Cardiac Creek;MAIN;26|33|34|35|44|45
71F58259;1;TSED;N/A;IRF;Parallel Canyon;MAIN;30|33|40
71EA9A8C;1;TCRA;PB|MO|NI|CU|CO|CR|BA|AS;URU|URX;Black Bay Project;MAIN;33|44|47|48|50
71FD9257;1;TGGT;BE|SN|RB|CS|TA|NB;PEG;Mt Cattlin;MAIN;109|121|124
720255FA;1;TORO;N/A;N/A;Carmacks Copper;MAIN;26|29|34
7215A62F;1;TARC;ZN|CU|PB|BA;VMS;Lemarchant Deposit;MAIN;36|46|48|51
7203A993;1;TRFT;N/A;MNS;Marathon Deposit;MAIN;85|143
722A880F;1;TRFT;N/A;SDX;Monroe;MAIN;16|17|22
72415060;1;TSED;N/A;URN;Nine Mile Lake;MAIN;21|24
7233C1F8;1;TORO;N/A;STRA;Pedra Branca;MAIN;50|58|60
724525EE;1;TGGT;N/A;MNS;Dumont;MAIN;69|91
72782BB0;1;TARC;CU|MO|AG;PRY;Lorna Stock;MAIN;23|33|34|35
726558CE;1;TBAC;N/A;VMS;Key Anacon;MAIN;44|51|62
72C11ED5;1;TORO;N/A;MNS;Samapleu and Grata;MAIN;71|80
72CF8B5F;1;TARC;N/A;SKN|IOC;Pumpkin Hollow;MAIN;68|71|73
72E05970;1;TCRA;U|NI|AS|CO|B|CU|MO|PB|ZN|V;URU;Geiger Project;MAIN;26|28|29
72E4C885;1;TORO;N/A;SIS;Langis;MAIN;26|29|34
72FFE2C9;1;TARC;TH|U;REE;Peak REE Project;MAIN;50|59
72F81930;1;TARC;N/A;PRY;Huckleberry;MAIN;36|40|42
7300A856;1;TARC;N/A;VMS;McIlvenna Bay;MAIN;83|91|96
73122EE2;1;TRFT;N/A;MNS;East Bull Palladium Deposit;MAIN;44|54
7330FD25;1;TRFT;N/A;MNS;Serpentine Deposit;MAIN;42|45|53|56
7332EFDA;1;TCRA;N/A;PLC;Minastyc;MAIN;19|20|22|40
7336FA0A;1;TBAC;N/A;PRY;Davidson deposit;MAIN;36|40|43
73639479;1;TSED;ZN|PB;MAN;Lone Mountain;MAIN;33|42|43
735B5019;1;TORO;CO|CR;AWN;Grid Nickel Project;MAIN;21|23|24|27|28|29
73645790;1;TGGT;N/A;SKN;Skarn Zone;MAIN;14|35|45|48
7369A74E;1;TARC;F|PB|ZN|AS|U|BE;REE;Round Top Peak;MAIN;37|49|52
736D17B9;1;TORO;N/A;SKN|PRY;Sullipek;MAIN;29|31|34
73908915;1;TSED;ZN|PB|CU|AS|BA|AG|CD|HG|GE;MVT;Kilbricken;MAIN;41|42|44|45|48|50
739E1E25;1;TSED;N/A;N/A;Daneros;MAIN;13|14|18
73D1324E;1;TORO;TH|U;PEG;B & A Property;MAIN;12|13|19
73B08540;1;TBAC;N/A;VMS|IRG;Porcupine Property;MAIN;17|21|23|24|35
73E65BF2;1;TCRA;N/A;KIM;Diavik Kimberlite Pipes;MAIN;28|31|32|36
73EB463E;1;N/A;N/A;PRY|BXH|EPTI;Kharmagtai;MAIN;12
73E6ECCA;1;N/A;N/A;N/A;NORI Polymetallic Nodules;MAIN;47|49|51
741417D1;1;TORO;LI|CS|TA|RB|NB;PEG;White Willow;MAIN;36
73EFF913;1;TORO;N/A;COA;Gordon Creek area;MAIN;23|26|33
74043B70;1;TRFT;CU|MO|AS|SB;SDX;Buckton Mineralized Zone;MAIN;57|58|60|61|62|64
743B957D;1;TSED;N/A;URN;Dewey-Burdock Project;MAIN;46|57
743E3106;1;TRFT;N/A;BRN;Sevier Lake;MAIN;37|40
7458997D;1;TORO;N/A;SIS;Langis;MAIN;27|35
7458F7D2;1;TCRA;N/A;MNS|STRA;Platreef;MAIN;121|143|158|159
74A423AA;1;TGGT;N/A;MOX;BlackRock Project;MAIN;132|133|135|171
74AC0B66;1;TCRA;N/A;KIM;Kahuna kimberlite;MAIN;28|36|42
74AE9878;1;TUNK;NI|CU;MNS;Uitloop II;MAIN;67|82|88|89|93
74BFFD4C;1;TGGT;NI|CU|CO|PGE;MNS;Angliers Project;MAIN;29|38|39
74B3AAF0;1;TARC;N/A;PRY;Yerington Deposit;MAIN;94|95|97|105
75052BB2;1;TSED;N/A;BRN;Duperow Aquifer;MAIN;31|36
74CAA269;1;TGGT;N/A;MNS;Ultramafic Sill complex;MAIN;24|51|52|53
75188515;1;TORO;CU|AS|U;IOC;Kitumba;MAIN;47|51|54|63|64|70|76
75314B31;1;TARC;N/A;PRY;Poplar Deposit;MAIN;34|43
7523E0D6;1;TARC;N/A;SKN|IOC;Pumpkin Hollow;MAIN;74|77|78|80
75336171;1;TARC;CU|AG|MO|AS|BI|W|CO|U;SKN|EPTH;Mabilo;MAIN;25|29|34|36
753CA283;1;TARC;N/A;PRY;Yerington Copper Deposit;MAIN;87|88|96
75517B16;1;TORO;N/A;GRAP;Molo;MAIN;63|67|69|77
75520CA6;1;TARC;CO|FE|MO|NI|V|BI|S|U|ZN|TE;IOC;Chirsposo Zone;MAIN;77|81|83|89|95|96|97|100
75973F64;1;TGGT;N/A;MNS;Reid Deposit;MAIN;63|69|71
75A0E7AE;1;TARC;CU|MO|AS|SB|SE|BI|W;PRY|BXH;Elsiar Porphyry System;MAIN;12|15|17|18|19|21
75D9726B;1;TRFT;AS|ZN;SSC;Kamoa;MAIN;125|171|172|173
75E37186;1;TORO;N/A;IOC;Neil;MAIN;35|45|46
75DE50E1;1;TARC;MO;PRY|SKN|EPTH;Donje Nevlje;MAIN;15|16|20|23|26
761F33D3;1;TBAC;PB|AS|CU|ZN|SB|MO;VMS;Murray Brook;MAIN;22|28|32
765E8AA8;1;TCRA;U|NI|CO|CU|AS|B;URU;Murphy Lake;MAIN;45|48|52|53
7606CB22;1;TORO;RE;SKN;Moland deposit;MAIN;25|26|31|32
767E0AF9;1;TRFT;N/A;SDX;Soap Gulch;MAIN;22|23
76C86774;1;TSED;N/A;PHO;Farim;MAIN;40|112|121
76CBA8F6;1;TSED;N/A;SND;Nonda;MAIN;43|47
76FC70C4;1;TRFT;N/A;BRN;Clayton Valley South;MAIN;30|37
7728478B;1;TCRA;N/A;SND;Blair Property;MAIN;39|40|45|48|49
7701D950;1;TORO;N/A;SWM;East Kemptville;MAIN;66|67|68|77
77089CB9;1;TCRA;N/A;URU;Mitchell Lake Property;MAIN;15|17|20|21
773AEDA8;1;TORO;N/A;REE;Kipawa deposit;MAIN;41|54
77A281A3;1;TCRA;N/A;EVP;Cory;MAIN;15|16
77A56F69;1;TARC;IN|MN|ZN|PB;MAN|EPTI;Ayawilca;MAIN;64|73|74|76|78
77F6F0D5;1;TORO;N/A;IRF;Plymouth deposit;MAIN;74|77
77D524A3;1;TORO;N/A;REE;JEMI Property;MAIN;29|47|48
78108767;1;TGGT;N/A;ORO;Ballard Lake Shear Zone;MAIN;34|38|42
78264C19;1;TORO;N/A;IOC;Starra 276;MAIN;44|52
781E8720;1;TSED;N/A;BRN;Clearwater Lithium Brine;MAIN;21|22|28|29
7841238F;1;TRFT;CS|K|RB;LCL;Sonora;MAIN;26|28|30
784A5EEA;1;TSED;N/A;EVP;Cory potash deposit;MAIN;23|27
78590450;1;TGGT;N/A;MNS|ORO;Cominco Zone;MAIN;59|63|66|68
785978AD;1;TARC;CU|MO|BI|SE|TE|AS|MN|ZN;PRY;Alpala;MAIN;79|97|98|102
789CAA28;1;TORO;CO|CR;AWN;Grid Nickel Project;MAIN;21|23|24|27|28|29
78883C97;1;TARC;HG|SB|AS;PRY|EPTH;New Afton;MAIN;47|66
78C30837;1;TSED;NI|CU|CO|PB|ZN|MO|AS;URU;Cigar Lake deposit;MAIN;46|53|54
78BF0325;1;TBAC;SR;EVP;Piskanja;MAIN;29|31|39|41|42
78EA598C;1;TSED;N/A;COA;Hoskissons Coal Seam;MAIN;35|37|39
7903EC55;1;TORO;N/A;LAT;Serra do Tapa;MAIN;30|39
790A2742;1;TRFT;N/A;N/A;Huasna Field;MAIN;16
790897A6;1;TSED;V|RE|SC|Y|MO|ZN;URN;Zarechnoye;MAIN;39|45|47|55
793D68D0;1;TGGT;RB;PEG;Refuge Island Occurrence;MAIN;28|36|37|40|45
794B0D6F;1;TCRA;NI|CO|AS;URU;Phoenix;MAIN;83|93|114
794E19EF;1;TSED;V|MO|CU|SE|AS;URN;Roca Honda;MAIN;60|71|73
7953C0A1;1;TORO;CU|ZN;VMS|EPTL;Sting Property VMS;MAIN;33|38|41|53
796CA6B5;1;TARC;CU|ZN;VMS;Great Burnt Copper Deposit;MAIN;62|65|71|75
79836721;1;TORO;N/A;GRAP;Lac Aux Bouleaux;MAIN;59|61|66
7997A461;1;TARC;NI|CU|CO;MNS;Turnagain;MAIN;53|59|60|61
79E217BF;1;TGGT;N/A;GRAP;Laflamme Graphite;MAIN;17|19|20
79F4437D;1;TORO;N/A;IRF;Northshore;MAIN;45|46|54
79F8225E;1;TGGT;N/A;N/A;Florália BIFs;MAIN;17|20|22
7A295C39;1;TARC;N/A;SKN|PRY;Tagpura;MAIN;31|34
79FB664C;1;TORO;V|NI|U|B;GRAP;BamaStar Graphite Deposit;MAIN;56|74
7A421BC7;1;N/A;N/A;N/A;Taxco Property;MAIN;36
7A58509E;1;TGGT;N/A;MOX;Pyhäjärvi;MAIN;25|26|29|32
7A4C07BC;1;TORO;BI|TE|AS|SB|CU|MO|ZN|PB|AG;PRY|SKN;Aranzazu;MAIN;55|63|64
7A5A3279;1;TGGT;N/A;VMS;Zinc Zone;MAIN;31|38|43
7A6C6523;1;TARC;N/A;BRN;Sal de Vida;MAIN;73|84|87
7A7E6B28;1;TSED;N/A;MVT;Pine Point;MAIN;103|104|134
7AF397A8;1;TORO;N/A;GRAP;Karasnagala;MAIN;15|16|17|22
7B362942;1;TCRA;N/A;KIM;HOAM Project;MAIN;19|21|23|25|26
7B661912;1;TSED;N/A;N/A;Bethlehem Iron Ore;MAIN;33|36
7B6633A6;1;TARC;ZN|PB;PRY|SKN;Constancia;MAIN;102|103|106|109
7B801024;1;TBAC;AS|BI|SB|SN|TL|W;VMS;ABM Deposit;MAIN;73|76|94|100
7B8CA394;1;TCRA;N/A;N/A;Blue Cariboo Copper Zone;MAIN;31|40
7BAAABF0;1;TARC;N/A;PRY;Southern Spectrum Zone;MAIN;22|23|27
7BB23763;1;TORO;U|TH|ZR|REE;CBT;Crevier deposit;MAIN;31|35|37|38
7BDFADC8;1;TBAC;N/A;VMS;Aripuanã;MAIN;55|61
7C292B9D;1;TRFT;TH|K;CBT;Songwe Hill;MAIN;48|49|73|74|80
7C2A4B7B;1;TARC;BI|SN;SKN|BXH|EPTI|PRY;Integration Zone;MAIN;106|109|113|120|121|122|123|124|129|141
7C2BDEF7;1;TARC;CU|MO|ZN|MN|SB|W|SN|TL|AG|AS|LI;PRY|BXH;Copper Creek;MAIN;47|49|60|69|70|71|72|73|75|83|85
7C43A10F;1;TSED;N/A;EVP;Holbrook Basin Potash Deposit;MAIN;38|44
7C31A917;1;TARC;N/A;EVP;Tincalayu;MAIN;25|42|43
7C3DA6DD;1;TORO;W|SN|CU|PB|ZN;N/A;Panasqueira;MAIN;38|41|49|50|52
7C534276;1;TSED;N/A;URN;Green River Project;MAIN;21|31
7C689C90;1;TARC;N/A;VMS;McIlvenna Bay;MAIN;97|121|122
7C71AA5A;1;TARC;N/A;VMS;Back Forty;MAIN;56|79|80
7C886638;1;TORO;AS|BA|CU|HG|PB|SB|SN|ZN;VMS;La Romanera;MAIN;33|37|47|49
7C8FBB35;1;TGGT;N/A;PEG;Whabouchi;MAIN;64|65|68|70
7C8C3AEB;1;TCRA;U|AS|CU|MO|NI|PB|V|B|CR|TH;URU;Tatiggaq;MAIN;38|45|54|68
7C9C15CF;1;TORO;CU|NI|CO|CR;MNS;Caraíba Mine;MAIN;50|87|88
7CA18E16;1;TBAC;N/A;VMS;Vallberget-Loberget Trend;MAIN;31|54
7CA24435;1;TSED;V|SE|MO;URN;Inkai;MAIN;38|50|52|53
7CC56E14;1;TRFT;U|TH|FE;REE;Deep Fox;MAIN;48|50|57|62|66|68
7CA9871C;1;TARC;N/A;PRY|BXH;Copper Creek;MAIN;33|37
7CD77D57;1;TSED;FE|V|SE|MO;URN;Centennial Project;MAIN;31|35|38
7D0BB8DD;1;TSED;N/A;PHO;Farim;MAIN;83|85|87|90
7D370D9E;1;TORO;N/A;N/A;Blue Quartzite;MAIN;21|26|29
7D2D1DAB;1;TSED;N/A;URN;I-70 Property;MAIN;27|32|33
7D0F2F40;1;TARC;N/A;BRN;Salar de Pozuelos;MAIN;41|52|53
7D0C5AF8;1;TORO;N/A;SSC;Luishia Sud;MAIN;24|25|45
7D467084;1;TGGT;N/A;MNS|CHR;Chrome Puddy;MAIN;42|50|52
7D85BADE;1;TARC;CU|MO;PRY;Connors;MAIN;41|42|50|56
7D800C90;1;TARC;N/A;IOC;Santo Domingo Sur;MAIN;124|148
7D94D4B3;1;TRFT;N/A;BRN;Lanxess Property;MAIN;45|61|62|63
7DA70412;1;TORO;U;SSC;Chimiwungo;MAIN;47|51|55|57
7D99DACF;1;TARC;N/A;IOC|SKN;Candelaria;MAIN;45
7DC8A893;1;TSED;N/A;PLC;Marshall Fork;MAIN;19|23
7DD68EC1;1;TORO;N/A;MNS;Poissons Blanc;MAIN;22|29
7DD78235;1;TARC;MO;PRY;Van Dyke;MAIN;73|77|88|92
7DF841E0;1;TARC;N/A;PRY;Ricardo;MAIN;21|27
7E034551;1;TORO;N/A;COA;Palisades Coal Seams;MAIN;37|39|44|48
7E02B69D;1;TGGT;N/A;MNS;Alexo-Dundonald Deposits;MAIN;85|105|106
7E577BAE;1;TTRN;N/A;ORO|IRG;Mineral Ridge;MAIN;95|112|113|114
7E5934BA;1;TARC;N/A;EPTH;Chelopech;MAIN;52|57|61
7E68EE11;1;TARC;AS;PRY;Placeton;MAIN;35|39|40
7EB51321;1;TORO;TA|NB|REE;CBT;Upper Fir;MAIN;56|73|74|76|77
7E83C46B;1;TTRN;CR|NI;STRA;Luanga;MAIN;77|87|88|90|111|116|117
7ED440D9;1;TCRA;N/A;MNS;Waterberg Project;MAIN;44|64
7EFBAABE;1;TCRA;N/A;SND;Blair Property;MAIN;45|48|49
7F0C91F5;1;TSED;N/A;N/A;Rocanville;MAIN;16|17
7EEDE017;1;TARC;MO;PRY;Ilovitza;MAIN;20|21|25|27
7F2E8CF5;1;TARC;BI|HG;PRY|SKN;Kestane;MAIN;55|56|63|66|69|70
7F5D7C99;1;TSED;N/A;EVP;Green River Potash Project;MAIN;37|48
7F3D198B;1;TARC;N/A;PRY;New Afton;MAIN;55|62|67
7F6BC995;1;TSED;N/A;SND;Preston Property;MAIN;44|50|52|53
7F8ACDD4;1;TGGT;N/A;PEG;Pakeagama Lake pegmatite;MAIN;31|42
7F6D0F07;1;TORO;N/A;MAN;Magellan;MAIN;57|72|73|74
7F9317F7;1;TORO;N/A;PRY|ORO;Sartenga;MAIN;24|25|28|29|30|31
7FC34AB6;1;TSED;N/A;BRN;Park Place;MAIN;62|76|82
7FE1952C;1;TORO;N/A;SKN;Oracle Ridge;MAIN;39|42|56|58
802A3DB6;1;TBAC;PB|ZN|CU;SDX;Bleikvassli;MAIN;12|13|18
8033B266;1;TARC;CU|MO|AG|BI|ZN|AS|SB;PRY|SKN|EPTI;Southeast occurrence;MAIN;35|38|40|49|55|56|61
804638CB;1;TGGT;N/A;KIM;Koala;MAIN;69|105|108
807B6B67;1;TORO;U|TH;REE;Lindsay REE;MAIN;21|26|28
8083EA2D;1;TORO;N/A;N/A;Chimiwungo;MAIN;67
80993813;1;TORO;LI|CS|TA|BE|SN|RB|NB;PEG;Finland Pegmatite Project;MAIN;27|28
809A6B12;1;TSED;N/A;URN;La Sal Trend;MAIN;45|57
809D5FF8;1;TCRA;N/A;MNS;Waterberg Project;MAIN;58|70
80B75389;1;TUNK;N/A;MAN;Magno;MAIN;23|25|32
80C0AFC0;1;TRFT;CS|K|RB;LCL;Sonora;MAIN;24|26|28
80C5098E;1;TORO;U|TH;REE;Port Hope Simpson REE Project;MAIN;33|40|48
80F6C399;1;TRFT;SR;LCL;Zeus;MAIN;15|20|22|23
80E92208;1;TARC;N/A;IOC|PRY;Rio Grande;MAIN;33|41
80F9E02F;1;TARC;N/A;VMS;Bigstone deposit;MAIN;30|33|41
81412EA5;1;TCRA;N/A;SND;Blair Property;MAIN;47|57|59|60
81863108;1;TARC;N/A;PRY|BXH;Vizcachitas;MAIN;73|78|90
81C10DD7;1;TRFT;N/A;EVP;Danakhil Potash Deposit;MAIN;43|44|48|59|61
81DB4AD1;1;TPAB;LI|B;LCL;Fish Lake Valley;MAIN;22|26|32
81E2AA97;1;TARC;N/A;VMS;Little Deer;MAIN;24|28|29
81C81629;1;TORO;N/A;COA;Verticalnaya Mine;MAIN;53|54|62
8202F578;1;TCRA;NI|CU|CO;STRA;Kruidfontein;MAIN;42|50
822444FA;1;TORO;N/A;COA;Vista;MAIN;44|46|52
82183023;1;TORO;N/A;N/A;MMZ;MAIN;46|53|56
8224D7B4;1;TUNK;N/A;MNS;Waterberg Project;MAIN;116|127
8247759D;1;TSED;N/A;IRF;Lac Jeannine;MAIN;67|76|77
8247EDE1;1;TARC;N/A;EPTI;Gilda Project;MAIN;12|13|15
826677C5;1;TCRA;N/A;N/A;Ravensthorpe Nickel Operations;MAIN;31|34|35
827CA713;1;TCRA;N/A;N/A;UG2 Chromitite Layer;MAIN;26|35
828C6EEB;1;TARC;RB|AS|CO|TL|AG|MN|LI|ZN;N/A;Taron;MAIN;20|30
82AA59CF;1;TCRA;N/A;URN|SDX;Falea;MAIN;25|32
82BB1AC1;1;TRFT;N/A;LCL;Bonnie Claire;MAIN;45|52
82C1A145;1;TARC;CU|MO|AG|W|B|PB|ZN|AS|SB|SE|TE|MN|CO|BA|RB|SN;PRY;Zafranal Main Zone;MAIN;26|33|34
82C25EA6;1;TORO;AG|AS|GE|GA|CD;MAN;Kombat Mine;MAIN;24|25|33
82D62F82;1;TARC;CU|PB|ZN|AG;VMS;Scotch Prospect;MAIN;72|73|75|67|77|84
83035391;1;TORO;N/A;N/A;Vista;MAIN;36|40|43
82E13281;1;TUNK;MO|F|K|S;EPG;Central Mining Area;MAIN;82|90|91
82E58F56;1;TORO;N/A;MAN;Main Zone;MAIN;47|48|52|54|55|56|57|58
83201DA9;1;TGGT;N/A;MOX;Mont Sorcier;MAIN;44|53
830E11AA;1;TRFT;N/A;VMS|CAR|SDX;Zinkgruvan;MAIN;35|45
832EAC0A;1;TSED;N/A;IRF;MMICP Iron Formation;MAIN;29|35|36
8324ECF7;1;TRFT;N/A;EVP;Danakhil Potash Deposit;MAIN;32|33|40
835308B7;1;TGGT;N/A;PEG;Whabouchi;MAIN;86|87|92
832FCF26;1;TGGT;N/A;PEG;North American Lithium Project;MAIN;90|103|104
839C9DFE;1;TORO;N/A;MNS;Voisey's Bay West;MAIN;18|21|23
83974339;1;TRFT;N/A;FEL;Kittson-Cobalt Property;MAIN;38|41|43|53
83BAC0A4;1;TORO;N/A;GRAP;Graphite Creek;MAIN;22|24|25
83A17AC7;1;TGGT;N/A;MNS;Campbell Zone;MAIN;31|36|37
83D9ABE9;1;TUNK;N/A;N/A;J-M Reef;MAIN;22|23|26
83F612EF;1;TCRA;N/A;PLC;Mayoko Alluvial Coltan;MAIN;34|41|46
83EAC9B4;1;TARC;N/A;PRY;Taysan;MAIN;30|36
841A31B2;1;TSED;N/A;BRN;OLLAGUE;MAIN;26|27
841E9F99;1;TORO;N/A;IRF;Houston;MAIN;32|34|37|38
84206750;1;TORO;N/A;GRAP;Molo;MAIN;79|80|81|83|91
8424A688;1;TGGT;N/A;MNS|STRA;Weese-Luella;MAIN;27|36
8446AB25;1;TBAC;ZN;VMS;Little Deer;MAIN;35|39
844F683A;1;TRFT;N/A;VMS;Arctic;MAIN;78|93|94
8458D005;1;TCRA;N/A;IOC;Pea Ridge;MAIN;26|29
846600A9;1;TORO;N/A;VMS;A Zone;MAIN;13|14|16|28
8466B7BC;1;TCRA;N/A;URU;Phoenix;MAIN;48|63|64
8469041D;1;TGGT;RB|CS|SN;PEG;Nama Creek Main Zone North (MZN);MAIN;98|111|148|152
846F2FC6;1;TARC;N/A;SKN;Bob 1;MAIN;13|15
8483B231;1;TSED;N/A;IRF;Thunderbird deposits;MAIN;45|50|59
8481D990;1;TARC;N/A;SKN|PRY;Spout Deposit;MAIN;42|52|63
84AD0B90;1;TARC;N/A;VMS;Ming Mine;MAIN;56|63
84C04D04;1;TARC;N/A;BRN;Laguna Verde;MAIN;18|22
84D2EA1D;1;TCRA;N/A;URU;Moonlite Property;MAIN;35|41
84F3DD99;1;TORO;N/A;SSC;Kwatebala;MAIN;44|50|55
8513B773;1;TUNK;N/A;EVP;Rocanville;MAIN;20|22
851FB6D1;1;TORO;V|MO|SE;URN;Reno Creek;MAIN;29|39
85260603;1;TSED;N/A;N/A;Lac Otelnuk Deposit;MAIN;47|67|68
8532523B;1;TARC;AS|BI|PB|SB;PRY|BXH;Cuprita;MAIN;39|44|47|49|51
85294548;1;TORO;N/A;MNS;Pants Lake Intrusions;MAIN;17|19|29
8547A136;1;TARC;N/A;VMS;777;MAIN;58|68
8540D380;1;TSED;N/A;URN;Satellite Properties;MAIN;17|19
854CBD1C;1;TSED;N/A;URN;Dasa;MAIN;74|78|98
855F8B60;1;TARC;N/A;PRY|BXH;Schaft Creek;MAIN;50|51|60|62|63|64
85699E58;1;TORO;V;GRAP;Lac Knife;MAIN;69|76|80
8565767A;1;TRFT;AG|HG|PB;N/A;Tullacondra;MAIN;25|37|38|43
856CEB39;1;TARC;N/A;PRY|SKN;Hopkins North;MAIN;41|42|45|55
857436DE;1;TGGT;NI|CU|PGE;MNS;Nico 1;MAIN;20|23|29|30|31|36
8586FF73;1;TSED;MO|AS|SE;URN;Jeep;MAIN;14|15|17|22
8596A1E6;1;TORO;N/A;N/A;Kringel;MAIN;93|94|110|112
8597D0C5;1;TARC;N/A;CHR;Record Ridge;MAIN;36|43|44
859E6183;1;TORO;N/A;LAT;Lomie Laterites;MAIN;16|20|21|22|24
85910122;1;TARC;N/A;IOC|SKN|BXH;Candelaria;MAIN;50
85C74B3B;1;TSED;ZN;MVT;P Zone;MAIN;16|17
85ADACBA;1;TORO;N/A;MNS;Ertelien;MAIN;30|32|35
85BB1167;1;TARC;CU|MO;PRY;Santa Cruz deposit;MAIN;93|105|113
85D36D8D;1;TRFT;NI|CU;MNS|STRA;Fox River Sill;MAIN;57|58|71|72|85
85F87323;1;TARC;N/A;PRY;Redonda;MAIN;30|31|35
85ECE5B1;1;TARC;N/A;SKN|IOC;Pumpkin Hollow;MAIN;18|70|72|74
862135C9;1;TRFT;CU|PB|ZN;PRY|SKN;ZPG;MAIN;21|23
86472809;1;TORO;N/A;REE;Kipawa Deposit;MAIN;83|96
8646BB2C;1;TARC;N/A;PRY;Ann Mason;MAIN;40|46|47|51|153
86240715;1;TARC;N/A;PRY;Mount Milligan;MAIN;53|65
8656E6FD;1;TORO;N/A;LAT;Nkamouna and Mada;MAIN;33|37|41
865B36DC;1;TCRA;N/A;N/A;P-S-M Project;MAIN;66|67|75
8684C033;1;TRFT;N/A;STRA;Geordie Lake Intrusion;MAIN;17|21
86693A49;1;TCRA;N/A;COA;Buffalo Coal;MAIN;60|76
8685A611;1;TGGT;N/A;KIM;Umingmak;MAIN;25|27|31|34
86BA5605;1;TORO;N/A;IRF;Lac Virot Property;MAIN;38|43|50|51|52
86CBD878;1;N/A;N/A;N/A;Berlin Project uraniferous shale;MAIN;26|27
86CE10AC;1;N/A;N/A;N/A;Shaba;MAIN;34
86E3991F;1;TORO;V|LI|AS|BI|PB|CU|MO;URU;Horseshoe;MAIN;48|65|71
86DE0042;1;TARC;N/A;PRY|BXH;La Verde;MAIN;28|40
86E67ED9;1;TORO;N/A;IRF;Nkout;MAIN;47|50|65|66
8704AD6B;1;TARC;N/A;LAT;Camarioca;MAIN;22|24
870CEABB;1;TGGT;LI|CS|RB|SN|TA|BE|NB;PEG;Yellowknife Lithium Pegmatites;MAIN;53|59|61|62
8726B4E2;1;TARC;N/A;MAN|EPTI|EPTH|BXH;Cerro de Pasco;MAIN;44|63|64
8732C72F;1;TORO;N/A;ORO;Trojárová;MAIN;29|37
8752C520;1;TARC;N/A;PRY|BXH;Mount Tacho Breccia Complex;MAIN;20|21|22
874FF68A;1;TRFT;AG|SB|AS|BI|BA|CU|FE|B;SDX;Vulcan;MAIN;20|28
8771484A;1;TCRA;N/A;EVP;Lanigan;MAIN;15|17
87693F39;1;TARC;N/A;PRY;Southern Spectrum;MAIN;34|38|43
87ACC2FE;1;TCRA;PB|B;URU;Lazy Edward Bay;MAIN;55|62|65
87ADC26C;1;TSED;N/A;BRN;Salar de Arizaro;MAIN;94|103
87C5F6AE;1;TARC;N/A;VMS;Little Deer;MAIN;28|32
87B04225;1;TGGT;N/A;VMS;Orphée;MAIN;36|41|43|44
87C69936;1;TCRA;N/A;KIM;Centennial Property;MAIN;19|20|31|33|34
87C8DADE;1;TORO;N/A;N/A;Buckshot Property;MAIN;21|26
87E13D80;1;TCRA;N/A;EVP;Wynyard;MAIN;40|42|66
87DA3FD7;1;TARC;TE|W|MO|BI;PRY|SKN;Trek South;MAIN;33|46|57|77|81|82
87EA5AFA;1;TGGT;N/A;MNS;Thierry Deposit;MAIN;78|96|98|99
87F6EE96;1;TRFT;N/A;BXH;Artillery Mountains manganese deposits;MAIN;25|26
882677C9;1;TSED;V|MO|SE|CU|AG;URN;Inkai;MAIN;49|62
88391FFD;1;TGGT;N/A;MOX;Southwest and Armitage;MAIN;120|121|123|157|158
884190B4;1;TBAC;ZN;VMS;Little Deer;MAIN;33|34|35|39
88433FB7;1;TRFT;N/A;MNS;Licence 1506;MAIN;18
88709D29;1;TRFT;U|TH;CBT;Ashram Deposit;MAIN;34|36|40|50
887BBE5F;1;TSED;N/A;MAN;Getty deposit;MAIN;20|27
88A79B54;1;TORO;N/A;N/A;Nass Bay;MAIN;22|27|30
88A8F336;1;TARC;N/A;BRN;Salar de Diablillos;MAIN;39|45
888C6906;1;TARC;N/A;PRY|BXH;Marcahui;MAIN;37|46
88AB883D;1;TCRA;N/A;URU;Ursa Project;MAIN;34|40
88B150AD;1;TRFT;N/A;N/A;Nechalacho deposit;MAIN;69|76
88B94784;1;TORO;PT|PD;N/A;Titan;MAIN;20|23|24
88B2DAE3;1;TBAC;ZN|PB|BA|AG|CU;VMS;Cerro Lindo;MAIN;45|61|62
88BEDF8E;1;TBAC;N/A;MNS;Pigeon River;MAIN;12|13|14|15
890BC081;1;TCRA;N/A;PHO;Korella North;MAIN;25|33
88ECED89;1;TARC;N/A;IOC;Santo Domingo - Iris Norte;MAIN;95|111|112
8912FE01;1;TARC;N/A;VMS;Main;MAIN;21|26
89099A3D;1;TARC;BI|PB|MN|ZN|SN;SKN|EPTI|PRY|BXH;Atacocha;MAIN;45|46|64|65|67
892625BE;1;TARC;N/A;PRY|EPTH;Boyongan;MAIN;26|28
8913DD3D;1;TARC;PB|ZN;PRY|BXH;Copper Creek;MAIN;30|34|35
893750C7;1;TORO;N/A;URX;Etango;MAIN;52|56
89477240;1;TORO;N/A;MNS;Eureka Complex;MAIN;33|44|45
894FD7EF;1;TARC;N/A;VMS;McIlvenna Bay;MAIN;47|55|61
8968268E;1;TARC;N/A;PRY;Shan South;MAIN;14|16|18
89585E71;1;TSED;SE|MO;URN;Red Basin Project;MAIN;19|23|24
8985ACA8;1;TCRA;N/A;KIM;Kennady North Kimberlites;MAIN;22|35
899B693D;1;TSED;N/A;COA;Quinsam No.4 coal zone;MAIN;41|42|60|62|100
89A8D288;1;TORO;N/A;MAN|SKN;South Mountain;MAIN;47|51|56|57
89B0D00E;1;TBAC;N/A;N/A;Michelin;MAIN;79|82|98
89B08996;1;TRFT;N/A;MNS|STRA;Seagull Intrusion;MAIN;9|20|21
89DCE2BE;1;TRFT;N/A;MNS|STRA;Muskox Intrusion;MAIN;15|29|30|31|33
89EC9C9A;1;TORO;N/A;PRY;Zone III;MAIN;23|27|29
8A0C60BE;1;TARC;N/A;IOC;San Antonio-Gonzalez Zone;MAIN;28|29|34|37|41|54
8A28E1F6;1;TORO;N/A;VMS;Lillefjell;MAIN;14|15|21|22
8A510BA6;1;TCRA;N/A;URU;Carswell Project;MAIN;14|22
8A609D98;1;TRFT;N/A;N/A;Mutanga;MAIN;42|46|49|58|65
8A69F53E;1;TORO;N/A;N/A;Aappaluttoq;MAIN;32|33|39|40|41
8A6A4E8D;1;TBAC;NI;MNS;Pigeon River Target;MAIN;12|13|15
8A7614B5;1;TUNK;N/A;SKN;Carol Project Skarns;MAIN;20
8A701106;1;TARC;CU|AG|AS|BI|SB|MO|ZN|PB;PRY|EPTH;El Chato;MAIN;20|25|26|30|31
8A86E774;1;TORO;N/A;IRF;Hopes Advance;MAIN;33|40
8A9BBA1E;1;TARC;N/A;PRY;Chu;MAIN;18|21|23
8AA22396;1;TTRN;N/A;BRN;NSP Claims;MAIN;31|32|33|46
8AAC7C00;1;TORO;FE|V|SE|AS|MO;N/A;Aladdin Project;MAIN;15|16|22|23
8AB8604D;1;TSED;N/A;URN;Coronel Oviedo;MAIN;19|28
8AB962E8;1;TARC;N/A;PRY;Florence deposit;MAIN;56|59|70
8ABA96E7;1;TARC;CU;PRY|BXH;Des Zone;MAIN;17|31|32|38|41
8AC0B80E;1;TSED;N/A;URN;KC Project;MAIN;29|35|38
8ABDC113;1;TORO;CU|AG|PB|ZN|MO|BA;VMS;Greenhorn Copper Horizon;MAIN;14|16|44|45|52|56
8AC1D209;1;TARC;MO;PRY|SKN;Robinson;MAIN;41|43|47
8AC4FC46;1;TRFT;N/A;SSC;Koocanusa Project;MAIN;24|31|32
8ACA8AB9;1;TORO;V|CU|AG;IOC|URN;C-Zone;MAIN;130|152|179|181
8AD34E3D;1;TORO;N/A;VMS;Feitais;MAIN;33|34|35|41
8AE49F7F;1;TRFT;TH|K;CBT;Songwe Hill;MAIN;51|52|53|77|78|84
8AF38AFA;1;TORO;CU|PB|ZN|BI|AG|AS;SKN;Mengapur;MAIN;24|31|34|35
8AF777D2;1;TSED;N/A;URX;Laguna Salada Project;MAIN;26|30
8B112876;1;TARC;N/A;PRY;CUMO;MAIN;36|46
8B1B7D47;1;TORO;N/A;GRAP;Molo;MAIN;74|77|78|88
8B113499;1;TGGT;LI|RB|CS|BE|NB|TA;PEG;Georgia Lake Pegmatites;MAIN;93|94|133|137|140|141
8B22C5CE;1;TRFT;N/A;LCL;Clayton Valley;MAIN;56|64
8B250894;1;TSED;ZN|AG|PB|BA;SDX;Angie;MAIN;9|14|15|21
8B289B70;1;TORO;CU|PB|CO|B|LA;N/A;Kuriskova;MAIN;28|37|41
8B2F04EA;1;TORO;N/A;VMS;Lagoa Salgada;MAIN;14|16
8B337C2D;1;TARC;N/A;VMS;Rendell-Jackman;MAIN;19|20|26|28
8B521C09;1;N/A;N/A;MNS;Crean Hill;MAIN;41|50|52
8B5A162F;1;TARC;CU|PB|BI|TE|ZN|MO|AS|BA|SB;PRY|BXH|SKN;Peuco;MAIN;51|53|77|78|84|85|95|98
8B886E10;1;TORO;N/A;N/A;Central Zone;MAIN;46|58
8B8B569B;1;TORO;N/A;IRF;Hopes Advance;MAIN;54|60
8B974BB1;1;TSED;N/A;PHO;Statenville Phosphate Deposit;MAIN;36|41|44
8BC8B1CD;1;TORO;N/A;SSC;Sase;MAIN;19|22|24|26
8BD23F2D;1;TSED;N/A;IRF;Shymanivske;MAIN;69|100
8BCB1F79;1;TORO;CU|NI|CO;SSC;Sentinel;MAIN;27|32|36|39
8C020B41;1;TORO;N/A;MAN;Kombat Mine;MAIN;54|63|66
8C100407;1;TSED;N/A;URN;Kaycee Project;MAIN;23|30
8C2665C4;1;TUNK;N/A;SKN;Buena Vista;MAIN;54|56|58
8C29196E;1;TARC;CU|MO|AG|PB|SB;PRY;Poplar Deposit;MAIN;42|50
8C2B6F8D;1;TCRA;N/A;HMS;Donald deposit;MAIN;53|54|57
8C2B1053;1;TGGT;N/A;MNS;Dumont;MAIN;72|100
8C32276F;1;TRFT;N/A;SSC;Kamoa-Kakula;MAIN;125|142
8C6C120D;1;TORO;N/A;COA;Belcourt North;MAIN;34|41|42
8C81362A;1;TSED;AG|AS|BA|CD|CO|CR|CS|CU|HG|MO|NI|PB|SB|SE|V|ZN;BXH;Canyon;MAIN;35|37|39|41
8C85B67E;1;TORO;N/A;IRG;Zealand Property;MAIN;15|18
8C88601B;1;TRFT;N/A;KIM;Madonna Dike;MAIN;21|24|25
8C967BE3;1;TARC;PB|ZN|AS|K|AG|BI|SB|TE|HG|MN;PRY|MAN;Kio;MAIN;49|63|64|68
8C98D441;1;TARC;N/A;PRY;Yandera;MAIN;34|37|51
8CD6D0E4;1;TGGT;N/A;IRF;Lake St. Joseph;MAIN;41|47|48
8CDAB166;1;TORO;N/A;N/A;Vista;MAIN;46|48|54
8CFC003E;1;TORO;N/A;MNS|MOX;Graal;MAIN;26|29|30
8D13ADA8;1;TORO;N/A;VMS;Murray Brook;MAIN;18|20|23
8D288170;1;TSED;N/A;N/A;Kutai West Block CBM;MAIN;15
8D1017CE;1;TORO;N/A;IOC;Little Eva;MAIN;28|30|63|68|100|123
8D150131;1;TSED;N/A;N/A;Rokitno;MAIN;32|41
8D3D89B3;1;TARC;N/A;PRY;Berta Sur;MAIN;62|68|81|83
8D35A77F;1;TARC;N/A;EPTL|EPTI|PRY;Quebrada Honda I & II;MAIN;37|38|41
8D7D3A39;1;TCRA;N/A;N/A;Bonasika 7;MAIN;89|90|100
8D6AED66;1;TORO;N/A;MAN;FAD;MAIN;66|67|74|96|99
8D927DB3;1;TSED;N/A;COA;Fosheim Coal Zone;MAIN;29|30|31
8DA74766;1;TRFT;N/A;PRY;Malmbjerg;MAIN;28|31|32
8DA75A37;1;TORO;AS|ZN;SSC;Kamoa;MAIN;76|79|95|96
8DAA1E61;1;TARC;TL|AS|HG|SB;VMS;Bar Property;MAIN;14|18|22
8DAAA75F;1;TORO;N/A;SIS;Nonda Formation Quartzite;MAIN;17|18|24
8DB42732;1;TORO;CU|CO|ZN|NI;SSC;Luanshya West;MAIN;28|36|37|38|40|41
8DD2450F;1;TORO;N/A;PEG;Xuxa;MAIN;64|83
8DB45DF8;1;TARC;N/A;IOC;Mantoverde;MAIN;58|61|68|69
8DE2EE2B;1;TSED;N/A;COA;Hazard Coal Seams;MAIN;24|25|26|27
8DEF7839;1;TARC;N/A;PRY|SKN;Haquira East;MAIN;53|110|111
8DF5354C;1;TGGT;N/A;MNS;Eagle's Nest;MAIN;48|49|54
8DEA59C0;1;TORO;N/A;N/A;Oropesa;MAIN;45|79|81
8DF8BAB0;1;TARC;N/A;PRY;Mt. Milligan;MAIN;57|64
8DFCF4E7;1;TGGT;CS|LI|RB|MN|B|F;PEG;Radis Pegmatites;MAIN;33|38|39
8E0D34AE;1;TARC;N/A;PRY;Blueberry Property;MAIN;21|23
8DFB9E3C;1;TRFT;AG;VMS;Mont de l'Observation;MAIN;30|33|34|44
8E1849D0;1;TPAB;N/A;MVT;Main Zone;MAIN;47|62|63
8E2ABCA4;1;TARC;AS|PB|CU|B|BI|CO|NI|AG|HG|ZN|MO|TE|S|SN|W;PRY|EPTH;Hill 1835;MAIN;33|41|43|44|47|58
8E535E18;1;TARC;AS;PRY;Southeast Zone;MAIN;26|27|34|42
8E40BB7F;1;TORO;N/A;N/A;Gurvanbulag;MAIN;24|25|38|40
8E567A46;1;TORO;N/A;MNS;Expo Deposit;MAIN;98|111|117|118
8E7CB2FD;1;TARC;CS|RB|AS|CO|TL|AG|MN|LI|ZN;N/A;Taron;MAIN;46|54
8E812974;1;TORO;N/A;N/A;Peppler Lake Deposit;MAIN;42|51|52
8E6C4F35;1;TARC;N/A;MAN|EPTH|EPTI;Quiulacocha Tailings and Excelsior Mineral Pile;MAIN;81|82|83|89
8E9B0B1F;1;TSED;N/A;SDX;Johnny Lee;MAIN;40|59
8EA3DA0C;1;TORO;N/A;N/A;Misery Lake;MAIN;26|27|35
8EBC93F9;1;TORO;N/A;BRN;Hombre Muerto Norte;MAIN;45|46|51
8EC5A19F;1;TORO;BA|F|RB|PB|AG|BI|TE|CU;PRY|EPTL;Allard;MAIN;50|51|53|56
8EF66AF2;1;TARC;N/A;IOC;Main Mineralized Trend;MAIN;38|42|44|56
8F0CCE06;1;TSED;N/A;URN;Hosta Butte;MAIN;10|12
8F2CB4A2;1;TARC;N/A;VMS;MacVicar Lake;MAIN;11|12|16
8F14211D;1;N/A;AS|CO|CU|PB|MO|NI|B;URU;Carpenter Lake Property;MAIN;32|35|36|61
8F310A15;1;TORO;N/A;GRAP;Lac-des-Îles Graphite Quarry;MAIN;57|61|63
8F308DC2;1;TORO;CU|PB|CO|B|LA;N/A;Kuriskova;MAIN;40|52|57
8F3FA1C8;1;TSED;PB|ZN|FE|SR;MVT;Pine Point;MAIN;53|68|74
8F4DE0F3;1;TORO;N/A;VMS;Chu Chua;MAIN;19|21|22|25
8F5D77AB;1;TRFT;N/A;MNS;Nantianmen;MAIN;13|16
8F6658B5;1;TCRA;N/A;MNS|STRA;Platreef;MAIN;131|152|168|169
8F856A98;1;N/A;N/A;N/A;Virgin;MAIN;12|14
8F8AD2D3;1;TARC;ZN|PB|BA;PRY|SKN;Constancia;MAIN;27|32|34|35
8F84439E;1;TARC;N/A;IOC;San Pietro;MAIN;48|49|54|57
8FA85915;1;TCRA;NI|CO|AS|B|CU|PB|ZN|FE|V|AG|MO;URU;Hodgson Project;MAIN;14|17|19|20|28
8FC89597;1;TGGT;N/A;PEG;Georgia Lake Pegmatites;MAIN;81|90|91
8FD8A16F;1;TARC;CU;IOC|PRY;Rio Grande;MAIN;20|21|24|25|35
8FE073D5;1;TRFT;N/A;SSC;White Pine;MAIN;44|57
8FF53B5A;1;TGGT;N/A;N/A;Snow White;MAIN;29|34
90061087;1;TGGT;N/A;MOX;Mont Sorcier;MAIN;39|40|47
900C9AAA;1;TRFT;TH|U;CBT;Wigu Hill;MAIN;43|61|63|64
9017C49F;1;TSED;N/A;PHO;Bayovar 12;MAIN;92
900DF343;1;TCRA;N/A;N/A;Anomaly A;MAIN;53|55|56|61
9025088E;1;TBAC;N/A;MNS;Zara Property;MAIN;12|13|14|15
902D81DD;1;TSED;N/A;IRF;Sokoman Formation;MAIN;20|26
9026A2DE;1;TRFT;K|RB|CS;LCL;Sonora Lithium Project;MAIN;19|24|25|29
9039CFE9;1;TGGT;N/A;MOX;Lac Doré Vanadium Deposit;MAIN;57|65|75
90429412;1;TRFT;AG|NI|ZN;SSC;Samalayuca;MAIN;19|21|27|29|30
90510F55;1;TSED;N/A;SSC;Manto Negro;MAIN;52|54
9046A7E4;1;TGGT;N/A;MNS;Dumont;MAIN;74|102
905898D4;1;TARC;N/A;PRY|EPTH;Hugo North Extension;MAIN;124|146|151
9083ED04;1;TPAB;N/A;BRN;Salar de Pastos Grandes;MAIN;50|58|59|60
90AB0487;1;TARC;HG|AS|SB;EPTL;Bienaventurada;MAIN;58|65|69|75|87
90E3F979;1;TARC;N/A;SKN;Pumpkin Hollow Project;MAIN;75|76|81
90FEEAD1;1;TGGT;N/A;MNS;Crawford Ultramafic Complex;MAIN;73|79|84|86
910F3237;1;TARC;N/A;EPTL;Rosario vein;MAIN;43|44|54
911617DD;1;TRFT;N/A;N/A;Silves Formation;MAIN;18
911526DD;1;TCRA;N/A;STRA;UG2 Reef;MAIN;50|62
9119035C;1;TCRA;AS|MO;URU;Fond Du Lac Deposit;MAIN;24|25|26|30|50
9152FFAE;1;TORO;N/A;GRAP;Okanjande;MAIN;99|105
915DA2A8;1;TORO;CR|V|NI|CO;PLC;Ruby Mineralization;MAIN;22|23|25|27|28|32|34|35
918B66FA;1;TARC;N/A;BRN;3Q Salt flat Complex;MAIN;49|53|54|55|64|65|66
9190D3B4;1;TORO;N/A;LAT;Mayaniquel Project;MAIN;40|44|46
91A8F1BC;1;TARC;N/A;PRY;Whistler;MAIN;5|26|31|32
91B24DC3;1;TORO;N/A;CBT;Ashram;MAIN;58|60|63|68
91B84A82;1;TBAC;N/A;PRY;Ruby Creek;MAIN;13|16|23
91AC5627;1;TARC;CU|ZN|SB|AS|MO|PB;PRY;Mount Milligan;MAIN;67|81|83
91CA8F3B;1;TORO;N/A;ORO;Miguel Vacas;MAIN;15|21|22
91BA5FEE;1;TARC;HG|SB|AS;PRY;New Afton;MAIN;41|48|49
91CF5A7B;1;TARC;N/A;PRY|BXH;Azulitas;MAIN;4|25|30
91CA0E48;1;TARC;N/A;PRY|BXH;King-king;MAIN;40|42|46|57
91E5C5EC;1;TRFT;N/A;MNS;NorthMet Deposit;MAIN;42|52
91FF1092;1;TORO;N/A;N/A;James Deposit;MAIN;52|54|58|59
920AAEFC;1;TARC;CU|MO;PRY|BXH;Relincho;MAIN;36|44|47
92258741;1;TARC;CU|ZN|AG;VMS;Gjegjan Deposit;MAIN;25|31|32|33
9228D396;1;TCRA;ZN|BA|CU|PB;IOC;Mount Sarah anomaly;MAIN;38|56|69
922D5CF6;1;TARC;K|B;BRN;Salar de Diablillos;MAIN;16|18|20
923ED357;1;TORO;N/A;GRAP;West Zone;MAIN;79|80|91
924158AD;1;TCRA;N/A;CBT;Carbonatite Dike;MAIN;13|16|18|19
923EBCA0;1;TARC;N/A;CBT;Main Zone;MAIN;36|48
924942EF;1;TSED;N/A;PLC;Chapada Gravels;MAIN;33|39
925465E6;1;TORO;N/A;N/A;MMZ;MAIN;37|39|49
925A0F99;1;TGGT;N/A;BXH;Koala;MAIN;80|83|86|119|122|123
9260A34E;1;TORO;N/A;N/A;Hopes Advance;MAIN;47|53
926903F3;1;TUNK;MO;PRY;Chu;MAIN;12|15|17
9265F01A;1;TGGT;N/A;N/A;A Zone;MAIN;63|65|67|69|70
9275A3E8;1;TRFT;BI|AS|CU|CO|AG;SSC;Ram;MAIN;32|39|40|42
9281A791;1;TRFT;AS|BI;SSC;Ram;MAIN;41|44|48
9288C303;1;TORO;N/A;URN;Red Rim;MAIN;17|25
929B3CD7;1;TCRA;TH;PLC;Teasdale Deposit;MAIN;64|72|73|79
92A0311B;1;TSED;N/A;EVP;Allan;MAIN;15|16|17
92BA41CB;1;TGGT;N/A;CHR;Koper Lake Chromite Zone;MAIN;18|19|21
92DEC471;1;TORO;N/A;LAT;Alpha project;MAIN;15|16|17
92F192D2;1;TGGT;N/A;MNS;McWatters;MAIN;34|40|43
92FAEF46;1;TRFT;ZN|PB|FE;MAN;Lone Mountain;MAIN;46|50|55|56
92E514C6;1;TRFT;CU;MNS;Tamarack North Project;MAIN;62|66|69|78|85
932180D6;1;TORO;N/A;N/A;Shituru;MAIN;31|38
9339153A;1;TORO;U|TH;URX;Anomaly A/Oshiveli/Onkelo;MAIN;30|38|41
93446E5D;1;TRFT;N/A;VMS;Arctic Deposit;MAIN;52|61|66|67|68|69|70
93693143;1;TORO;N/A;IRF;Fire Lake North;MAIN;97|120|126|130
93626B41;1;TARC;N/A;PRY;Ann Mason;MAIN;73|84|89
9371D065;1;TORO;V|LI|AS|BI|PB|CU|MO;URU;Horseshoe;MAIN;40|60|61|67
938CB428;1;TUNK;N/A;BRN;Salar de Tolillar;MAIN;7|8|63|68
937C96CD;1;TRFT;N/A;IOC|VMS|SDX;Iron Creek;MAIN;27|30|37|42|43
93B194B5;1;TPAB;N/A;N/A;Oropesa;MAIN;22|28
93B475E6;1;TUNK;N/A;LCL;Stage I Lens;MAIN;32|33|39
93E92C3D;1;TARC;N/A;VMS;Mckenzie Deposit;MAIN;41|47|50
93DD1DD0;1;TBAC;N/A;VMS;Palmer Deposit;MAIN;40|48|65
94022AB2;1;TRFT;N/A;EVP;Mengo;MAIN;25|33|34
9409E021;1;TSED;N/A;BRN;Bashaw District;MAIN;30|39|50
941FE235;1;TARC;N/A;VMS;Main deposit;MAIN;45|50|52
942275D0;1;TRFT;N/A;N/A;Nechalacho;MAIN;42|45|49|50
942C1759;1;TSED;N/A;N/A;Mono Sur;MAIN;21|27|28|30|32
942D6189;1;TARC;CU|PB|ZN|AG|AS|TE;MAN|SKN;Magistral Deposits;MAIN;105|132|137
944664F6;1;TORO;N/A;LAT;Mayaniquel deposits;MAIN;19|23|25
944A3632;1;TRFT;N/A;SSC;Okohongo;MAIN;19|20|25|26|27|60
945D3803;1;TSED;N/A;PHO;Bayovar 12;MAIN;51|62
945CEB62;1;TCRA;N/A;BRN;Duperow Formation Brine;MAIN;23|33|35|36
946A2018;1;TORO;N/A;COA;Jiancang Mining Area;MAIN;18|19
9480DD32;1;TCRA;SN|W|FE|RB|V|REE;PLC;Minastyc;MAIN;47|55|58|61
9477CA4C;1;TGGT;RB|CS;PEG;CV5 and CV13;MAIN;104|111|141
94AFCE50;1;TRFT;N/A;LCL;McGee Project;MAIN;15|20|22
94B096A2;1;TARC;N/A;SKN;Craigmont;MAIN;29|40
94C383D1;1;TARC;N/A;VMS;Sterling Mine;MAIN;12|13
94C5EB09;1;TCRA;N/A;MOX;Gulcari A;MAIN;52|55|58
94CE62F6;1;TORO;N/A;GRAP;Molo;MAIN;95|98|100|103|107|108
94F4341D;1;TGGT;N/A;MNS;Montcalm Project;MAIN;27|29|33
9518AD31;1;TCRA;N/A;SND;Preston Property;MAIN;45|51|53|54
952643B6;1;TORO;N/A;N/A;Houston;MAIN;36|39|44|45
952C9AE7;1;TCRA;N/A;EVP;Vanscoy;MAIN;14|16
954FD362;1;TGGT;N/A;PEG;Whabouchi;MAIN;84|91
9564257F;1;TCRA;N/A;URU;McArthur River deposit;MAIN;52|63|64
9573DBCD;1;TARC;N/A;MAN;Los Pumas;MAIN;21|27
95754680;1;TORO;N/A;SWM;Coles Hill;MAIN;32|42
95A25611;1;TSED;N/A;SIS;Mount Wilson Formation Silica;MAIN;18|28
95A72BF3;1;TARC;AG|BA|F|BI|PB|ZN;PRY;Kitsault;MAIN;84|109|111|114
95AFB844;1;TSED;N/A;URN;Dewey Burdock Project;MAIN;30|40
95C72E1F;1;TARC;N/A;LAT;Cumpié Sector;MAIN;18|21|22|23
95D351BF;1;TORO;N/A;GRAP;Lac Guéret;MAIN;61|65|69|71
95DEFEFF;1;TGGT;N/A;MNS;Mc Watters;MAIN;32|38|41
95ED6F93;1;TGGT;N/A;MNS;Redstone;MAIN;29|33|37|38
95F4861E;1;TORO;U|TH;URX;Goanikontes;MAIN;28|35|38
95F5DEA7;1;TSED;N/A;N/A;Charlie Project;MAIN;28|37
95FD0082;1;TCRA;N/A;SND;Blair Property;MAIN;35|41|47|50|51
9602FA5E;1;TPAB;N/A;LAT;Fenix Project;MAIN;26|28|29
95F760E6;1;TARC;CU|AS;PRY;Southeast Zone;MAIN;23|36|40
96101DFD;1;TORO;N/A;SSC;Nelson Lake Copper Property;MAIN;17|18|24
96286F7C;1;TSED;N/A;URN;Deep Gold;MAIN;31|32|37
963853B7;1;TORO;N/A;MAN;Yanapallaca;MAIN;26|31|33|34
964C751B;1;TCRA;N/A;KIM;Spielers Bore lamproite;MAIN;12|14|16|18
963A2C69;1;TRFT;AS|SB|HG;EPTI|EPTL|ORO;Riley Brook;MAIN;29|31|32|34|35
9653AAD4;1;TRFT;N/A;N/A;Copperwood Deposit;MAIN;51|71|72|74
9660A2EE;1;TSED;N/A;BRN;Kindersley Lithium Project;MAIN;84|91|92
9654B9E6;1;TUNK;N/A;VMS;Infanta;MAIN;39|45|46|47|48
9684E2F4;1;TARC;N/A;PRY|BXH;Norte Zone;MAIN;38|44|46|50
9685645D;1;TARC;N/A;LAT;Agata Nickel Laterite Project;MAIN;19|25|29
96751119;1;TORO;N/A;URU|URX;Xcite Project;MAIN;57|63|64
968A173D;1;TSED;N/A;URN;Crownpoint;MAIN;10|13
968ADC48;1;TUNK;N/A;LCL;Stage 1 Lens;MAIN;56|57|61
969A91E7;1;TORO;N/A;IAC;Turvolândia;MAIN;18|23
9695C618;1;TORO;PB|ZN|CU|MO|AS|BI|AG;SKN;Mengapur;MAIN;43|51|53|54
96B15845;1;TORO;AS|BI|TE|CU|ZN|AG;SKN|PRY|MAN;Aranzazu;MAIN;42|45|47|53
96B68B63;1;TORO;N/A;IOC|BXH;Nakalakwana Hill;MAIN;51|57|62
96D12B5D;1;TORO;N/A;URN;Sheep Mountain;MAIN;21|25
96EB15AB;1;TCRA;N/A;KIM;Umingmak;MAIN;27|33|36
96EB3EFD;1;TORO;N/A;SKN|MAN|BXH;Dražnja;MAIN;28|31|33|34
970C4186;1;TGGT;N/A;VMS;Sackville;MAIN;16|17|19
97266E5D;1;TSED;N/A;N/A;Rosa;MAIN;43|45|47
9715D04A;1;TRFT;N/A;CBT;Elk Creek Carbonatite;MAIN;107|108|121
9736FBC7;1;TRFT;N/A;STRA;Kaukua;MAIN;32|36|48
9737842F;1;TARC;CU|AG|AS|SB|ZN|PB|MO|BI|W|SN;PRY|EPTI|BXH;Silver King North;MAIN;16|22|23
975CEB73;1;TGGT;N/A;MNS;A Zone Deposit;MAIN;86|87|95
97536F3B;1;TORO;U|TH|BA|NB|REE|SR|P;CBT;CAP Property;MAIN;18|20|22|24|25
976A0D75;1;TCRA;N/A;EVP;Cory;MAIN;14|15
9768B375;1;N/A;N/A;COA;Verticalnaya Mine;MAIN;22
977313E5;1;TBAC;N/A;VMS;Carruthers Pass;MAIN;15|25
977326A0;1;TORO;N/A;GRAP;Walker Mine;MAIN;13|17|19|20
97B904D1;1;N/A;N/A;URN;Sheep Mountain Project;MAIN;37|38
9796180C;1;TARC;N/A;PRY|BXH;Cañariaco Norte;MAIN;74|77|79|88|93|95|96
97C20683;1;TORO;N/A;PRY;MAX Molybdenum Deposit;MAIN;42|46|47
97EC8E2A;1;TTRN;N/A;BRN;Bristol Lake;MAIN;31|34|37
97C53BB2;1;TARC;N/A;PRY;Toe;MAIN;19|20
9813369A;1;TGGT;N/A;IRF;Moonshine and Moonshine North;MAIN;33|36
9827F0F3;1;TARC;CU|AG;SSC;Millington;MAIN;57|70|72|73
982A2417;1;TORO;N/A;VMS;S-1 Deposit;MAIN;24|28
98530FBA;1;TRFT;N/A;MAN;Cristal Prospect;MAIN;32|35|47
9855DE5D;1;TGGT;N/A;URX;Malo lake uranium occurrence;MAIN;24|25|32|34
9884B392;1;TGGT;N/A;N/A;Lac Pauline;MAIN;21|26
986E118B;1;TCRA;CU|CO|AG|U|BA|MO|F|NI|AS|PB;IOC;Wernecke Project;MAIN;7|33
989230B8;1;TUNK;N/A;MVT;Florida Canyon;MAIN;39|57|58
98A00060;1;TORO;N/A;BRN;Amanecer;MAIN;33|34|40
98A747CD;1;TSED;N/A;COA;Hampden Property;MAIN;70|75
98DD982A;1;TGGT;N/A;MNS;Claim 4271029;MAIN;24|32
98C3F915;1;TARC;N/A;PRY|BXH;Redonda;MAIN;35|36|40|50
98CE236F;1;TRFT;ZN|AG|AS|CU|HG;MAN|BXH;RH Zone;MAIN;25|27|40
98FCB759;1;TARC;N/A;TLG;Cauquenes and Colihues Tailings;MAIN;28|30
98FF97C1;1;TARC;N/A;SKN;Cerro Ccopane-Orcopura;MAIN;11|12
99141E60;1;TARC;AS|BI|TE|CO|CU|ZN|NI;SKN|PRY|BXH;Madison;MAIN;40|46|47|48|49
9919A055;1;TUNK;N/A;N/A;Carmacks Copper deposit;MAIN;38|45
9920E33F;1;TARC;N/A;VMS;Ming Mine;MAIN;57|64
99238A20;1;TBAC;N/A;SDX;ESM;MAIN;76|79|84
9925AF12;1;TGGT;N/A;KIM;Koala;MAIN;90|96|125|128
992D8378;1;TARC;N/A;BRN;Salar de Maricunga;MAIN;49|51|72|73
99307B5F;1;TCRA;B;URU;Phoenix Deposits;MAIN;30|46|47|49
993620FE;1;TGGT;AS|SB;ORO;Campbell Shear System;MAIN;52|58|59|64|68
993F54CA;1;TCRA;CR|V|CO|NI|PB|ZN|CU|BI|SE|TE;URU;Matoush;MAIN;41|54|55|58
99507D3A;1;TORO;N/A;MNS;Wellgreen;MAIN;27|33
996379C4;1;TCRA;N/A;KIM;Collier-04;MAIN;22|28|31
99A51D49;1;TARC;N/A;BRN;3Q Salar;MAIN;71|80|85|87|103|109
99B46313;1;TRFT;N/A;BRN;Sevier Lake;MAIN;30|32
99BE225C;1;TSED;N/A;MBS;Buckton Mineralized Zone;MAIN;33|40|41|42|44
99BFF0A3;1;TRFT;AS|CD|CU|HG|MO|SB|TL|W;URX;Apex Uranium Mine;MAIN;30|31|38|39
99C6982F;1;TSED;ZN|BA|PB|CD|FE|MN|AS|AG|TL|HG;SDX;Cardiac Creek;MAIN;21|30|31|37|38
99E5A772;1;TORO;N/A;N/A;Popa;MAIN;24|25|27|70|72
9A1AFDD8;1;TCRA;FE|CU|U|NI|CO|AG|F|BA|SN|W|TH;URX|IOC;Lac Cinquante;MAIN;5|25|26|33|34|35
9A333BDF;1;TORO;N/A;N/A;Magellan;MAIN;10|38|45|46
9A4687AF;1;TSED;N/A;PLC;Stobie Lake;MAIN;10|12
9A5BBF9D;1;TORO;N/A;IRG;Falls Creek;MAIN;16|17|18
9A4DF22B;1;TCRA;TH|U;CBT;Sarfartoq REE;MAIN;28|30|31|32|35|45
9A52CA8B;1;TORO;N/A;BRN;Salar de Cauchari;MAIN;78|79|99
9A7197C4;1;TSED;AG|ZN|CO;N/A;Carlin Vanadium deposit;MAIN;31|34|35
9A7FAB91;1;TCRA;N/A;MOX;Campbell;MAIN;65|69|87
9A72C9CE;1;TUNK;CR;N/A;Tuschenkomst;MAIN;27|32|38
9A86D3BD;1;TGGT;N/A;MNS;Nico 1;MAIN;20|23|29|30
9A9E3F0E;1;TSED;N/A;URN;Burke Hollow Project;MAIN;25|38
9A94CBB9;1;TUNK;N/A;N/A;Mount Philp Iron Deposit;MAIN;16|18|23
9A9AAD48;1;TARC;N/A;PRY|SKN;Santo Tomás;MAIN;88|90|92|116|117|119
9AB71F4C;1;TORO;N/A;PEG;Bandeira;MAIN;50|51|56|78
9ADAE663;1;TORO;N/A;COA;Appolo;MAIN;20|22|23
9AD9DB30;1;TORO;N/A;GRAP;Graphite Creek;MAIN;112|120
9ADE935D;1;TRFT;N/A;SDX|VMS;Nash Creek Deposit;MAIN;31|32|33
9B1CE757;1;TARC;AS|ZN|MO;PRY;Arrieros;MAIN;42|47|55|56|60|62
9B20B8DF;1;TSED;N/A;N/A;Paleozoic Basement Reservoir;MAIN;10
9B39C3C8;1;TSED;N/A;PHO;FPA (Saliquinhé);MAIN;44|48|49|51
9B4016E8;1;TARC;N/A;VMS;Rainbow deposit;MAIN;47|51|56|58
9B4A3EE8;1;TARC;MO;PRY;Don Gregorio;MAIN;17|22|23
9B453A67;1;TORO;CU|NI|CO|CR;MIX;Pilar Mine;MAIN;67|101|102|103
9B4BC150;1;TCRA;LI|RB|CS|SN|B|F;PEG;Greenbushes;MAIN;25|27|32
9B519B71;1;TTRN;N/A;SKN|MAN;El Mochito;MAIN;81|87|90|95
9B6BFB41;1;TARC;CU|MO|AG;PRY;Cactus;MAIN;113|115
9B845AFF;1;TSED;N/A;SMN;K.Hill;MAIN;64|65|74|75
9B892BBB;1;TRFT;N/A;MVT;Jersey Lead-Zinc Deposit;MAIN;36|37
9B88CC75;1;TARC;MO|ZN;PRY|BXH;Alpala;MAIN;79|80|82|96|97|104
9BAF213D;1;TCRA;U|TH|AS|CO|CU|PB|ZN|NI|MO|LI;URU;Preston Project;MAIN;20|21|27|31|32|33
9BB3F711;1;TARC;N/A;PRY;Copper Mountain;MAIN;55|62|67
9BC6E57A;1;TARC;MO|CU|AG|PB|ZN|AS;PRY;Los Azules;MAIN;47|69|73
9BFBAE5B;1;TGGT;N/A;CHR;Big Daddy;MAIN;30|33
9BD28732;1;TORO;N/A;MVT;TAM;MAIN;29|51
9BFE1427;1;TORO;N/A;VMS|SKN;Arsenault;MAIN;21|23|28
9C069FCC;1;TARC;N/A;PRY|BXH;Taysan;MAIN;51|52|56|57|70
9C1C9C44;1;TGGT;N/A;MNS;Alexo-Dundonald Deposits;MAIN;85|103|104
9C2FBD76;1;TRFT;N/A;VMS;Tom;MAIN;31|34|40
9C32EEFC;1;TORO;SE|ZN|AG|U|MO;N/A;Paris Hills;MAIN;47|48|56
9C4055BA;1;TARC;CU|ZN|AG;IRG;Ruby Zone;MAIN;26|27|32
9C525CFB;1;TSED;N/A;PHO;FPA;MAIN;44|49|51
9C6043DB;1;TORO;N/A;URN;Gas Hills;MAIN;26|37
9C6742DE;1;TCRA;AS|CO|NI|CU|ZN|PB|AG;URU;Gateau Property;MAIN;24|26
9C766145;1;TORO;U|F|W;PRY;Swan prospect;MAIN;8|10|11
9C6A7721;1;TARC;N/A;VMS;Little Deer Deposit;MAIN;28|32
9C7B793E;1;TSED;U|K;N/A;Lac St-Jean Property;MAIN;8|11|24|25
9C8EEAA0;1;TRFT;N/A;COA;Ovoot Tolgoi;MAIN;14|16
9C92C43C;1;TARC;N/A;PRY;MacArthur;MAIN;40|47|50
9CBA58B5;1;TRFT;N/A;MNS|STRA;Seagull Intrusion;MAIN;35|47
9CC4413D;1;TGGT;N/A;PEG;Bouvier property;MAIN;29|41|42
9CCCF0A3;1;TARC;CU|MO|PB|ZN|AS;PRY;Alpala;MAIN;4|37|38|39|51|52|55|59
9CF3E5BF;1;TBAC;N/A;N/A;Bornite;MAIN;36|48
9CF65568;1;TORO;AS;EPG;Monument Peak;MAIN;30|37
9CF76CB4;1;N/A;N/A;TLG;MSM;MAIN;27|39|44
9D0150E8;1;TARC;N/A;PRY;Cotabambas;MAIN;16|27
9D04F42D;1;TORO;N/A;N/A;Grande-Vallée Aluminous Claystone;MAIN;19|23
9D066465;1;TARC;N/A;PRY;Coles Creek Porphyry;MAIN;15|16|18
9D1E262C;1;TORO;W|SN|BI;PRY|SKN;Mt. Haskin;MAIN;17|22|23
9D30A1F0;1;TORO;N/A;IRF;Denault 1;MAIN;29|31|33|34|35|36|37|39
9D26DEE4;1;TARC;N/A;PRY;San Jorge;MAIN;102|108
9D2CCFF3;1;TUNK;N/A;N/A;N/A;MAIN;6|31|40|49
9D52C154;1;TCRA;N/A;EVP;KP 289 Potash Project;MAIN;29|34|40
9D67290D;1;TORO;B|CS|LI|SN|RB|BE|NB|TA;PEG;Cruzeta Target;MAIN;42|44|46|58|60
9D6862CA;1;TARC;N/A;PRY;Endako deposit;MAIN;50|57
9D768BDA;1;TARC;N/A;LAT;Agata Nickel Laterite Project;MAIN;18|24|26|28
9D73C3A5;1;TGGT;N/A;CHR|MNS;Menarik Complex;MAIN;33|34|37
9D85554E;1;TCRA;U|CU|CO|NI|MO|PB;URX|URU;DD Zone;MAIN;21|27|28
9D8B7D23;1;TCRA;MO|V|CR;URN;Bullfrog deposit;MAIN;36|44|45
9D9434F2;1;TORO;FE|MN|BA|AS|SB|SE|SN|IN|GA|BI|CO|CD|ZN|HG|AG|CU|MO;SDX;Nebocat Showing;MAIN;11|19|22
9DB49FE0;1;TGGT;N/A;STRA;Block Creek intrusion;MAIN;15|20
9DDC3FC0;1;TARC;PB|ZN|AG|CU|MN;PRY|MAN;Frog;MAIN;27|29|30
9DDD5F4F;1;TCRA;CU|NI|CO|MO|V|AS;URU;Murphy Lake North;MAIN;33|39|40
9DE8EF53;1;TARC;N/A;PRY;Valley;MAIN;26|34
9E286D69;1;TARC;N/A;LAT;Agata North Laterite Project;MAIN;18|24|25
9E30D759;1;TORO;N/A;GRAP;Cerro Centro de la Cucharita;MAIN;25|29|30|31
9E2D8FF5;1;TCRA;N/A;MNS;Samapleu Deposits;MAIN;42|67
9E3C2FCA;1;TARC;N/A;PRY|EPTH|BXH;Hushamu Deposit;MAIN;15|16|17|19
9E3CD2C0;1;TSED;N/A;PHO;Mantaro deposit;MAIN;15|37|50
9E401194;1;TARC;MO;PRY;Alpala;MAIN;4|37|38|39|52|61
9E48F237;1;TARC;CU|MO|AS;PRY|EPTH|EPTI|EPTL|BXH;Berezski mineralization trend;MAIN;31|33|38|48|51|56
9E79E4DB;1;TCRA;PB|NI|CO|V|MO|BI|CU|ZN|AS;URU;Yalowega Trend;MAIN;28|35|36|37
9E80DA82;1;TSED;N/A;IOO|IRF;Plymouth Deposit;MAIN;44|47
9E7B354A;1;TARC;N/A;VMS;Ming Mine;MAIN;4|31|36|37
9E876A98;1;TORO;V|CR;MOX;La Blache;MAIN;22|28|29|31|32
9E7A9178;1;TSED;N/A;MVT;Pine Point Project;MAIN;37|43|51
9E8DAF64;1;TORO;N/A;COA;Alumbaugh Coal Seams;MAIN;20|21|26
9EBDF8CD;1;TORO;N/A;COA;Bituminous Coal Seams;MAIN;33|40
9EA2A0A2;1;TCRA;FE|PB|MO|CU|NI|CO|CR|BA;URU|URX;Stewart Island deposits;MAIN;21|23|27|28
9EC6991D;1;TORO;CR|FE;CHR|MNS;Wels Nickel Property;MAIN;10|12
9ED4851E;1;TRFT;CU|V|MO;URU;Dieter Lake;MAIN;10|12|13|14|15|16|20
9EE30100;1;TUNK;N/A;BRN;Cauchari Salar;MAIN;92|94|133
9F30F331;1;TSED;N/A;N/A;Mckinley Cadotte D pool;MAIN;20
9F0C46C4;1;TORO;N/A;IRF;Fire Lake North;MAIN;29|33|41|43|44
9F26E895;1;TARC;CU|MO|AG;PRY;South Zone;MAIN;73|81|85|88
9F4B0E3C;1;TRFT;N/A;MNS;Maturi;MAIN;135|156
9F60CC81;1;TORO;F;PRY;Tomichi;MAIN;37|43|44|47
9F682636;1;TARC;N/A;PRY;RATS showing;MAIN;21|26
9F6AE271;1;TARC;CO|SN|SE|MN|CD|IN|BI|TE|GA|GE|AS|SB|HG;VMS;Winston Lake Deposit;MAIN;32|35|23
9F7484EB;1;TRFT;N/A;N/A;Sunday Creek tephra;MAIN;17|18|22
9F80D5D7;1;TRFT;N/A;MNS|MOX|STRA;South Contact Zone;MAIN;52|64|65|66
9F922483;1;TUNK;N/A;PLC;Blizzard deposit;MAIN;30|36|38
9F8795E3;1;TARC;CU|AG|MO|SB|AS|HG|W|BI|SN;PRY|EPTH;Filo del Sol;MAIN;52|53|66|68
9FA06FFC;1;TORO;N/A;GRAP;Bell Graphite;MAIN;30|35|37
9FB40438;1;TRFT;AG;VMS;Vondenblue;MAIN;34|42|53
9FBD5F69;1;TSED;N/A;MBS;Viken;MAIN;27|28|29
9FB88E7B;1;TCRA;B;URU;Carpenter Lake;MAIN;36|40|42|43
9FC8B08F;1;TGGT;NI|AS|CO|CU|ZN|FE|CR|PB;MNS|VMS|PEG|SDX|URX|IRF;Lac Arques property;MAIN;22|27|28|29|30|31|32|33|39
9FC8C088;1;TARC;N/A;PRY;Bruce showing;MAIN;20|26|28|33|39
9FD08DC1;1;TGGT;N/A;FEL;Glencore Bucke Property;MAIN;17|19
9FE691E3;1;TGGT;LI|CS|SN|RB|F|B|NB|BE;PEG;Georgia Lake Pegmatites;MAIN;69|84|85|92
9FEBE1B0;1;TARC;N/A;VMS;Back Forty Deposit;MAIN;53|54|73|74
9FF03821;1;TGGT;W|CD|ZN|CO|PB;ORO;Opemiska;MAIN;41|44|45|46|47
A00AE9A3;1;TRFT;N/A;LCL;Horizon Lithium;MAIN;34|46
A028D7D0;1;TORO;AG|CU|SB|PB;ORO;Two Mile Creek Vein System;MAIN;9|10
A00BBD0F;1;TARC;N/A;PRY;Hugo North Extension;MAIN;62|84|92
A016CA1E;1;TGGT;N/A;MNS;Samapleu;MAIN;54|59
A035EB9B;1;TORO;LI|CS|B|F;N/A;Mwelushi;MAIN;20|21|28|29
A04711B9;1;TGGT;N/A;PEG;Greenbushes;MAIN;21|25
A04E9F85;1;TGGT;N/A;VMS;Anomaly E;MAIN;27|31|33|37
A04F0CC9;1;TORO;N/A;MVT;Hakkari Zinc Project;MAIN;32|37|38|43
A0644706;1;TARC;N/A;VMS;Kona;MAIN;40|45|49
A066F59F;1;TARC;N/A;PRY;MacArthur Deposit;MAIN;33|43
A0835052;1;TORO;N/A;N/A;Lac Otelnuk;MAIN;31|32
A096808A;1;TORO;N/A;COA;La Estrella;MAIN;30|34|40
A0966B34;1;TARC;CU;PRY|BXH;Aurizon;MAIN;30|33|34|47|50
A0A7A93B;1;TBAC;N/A;VMS;Captain;MAIN;30|31
A0AA4A86;1;TARC;N/A;VMS;Tower Deposit;MAIN;66|74|75|76
A0AF267D;1;TORO;N/A;IOC;Starra 222;MAIN;19|20|27
A0E1A38F;1;TARC;LI|B;IRG|PRY|MAN|SKN;Pasto Bueno;MAIN;49|52|59|60
A0EEA3F7;1;TARC;N/A;VMS;Ruttan;MAIN;27|33
A10021F3;1;TARC;AG|PB|AS;PRY;Maloney prospect;MAIN;17|25|26|31
A0F7C33C;1;TRFT;N/A;MNS;NorthMet Deposit;MAIN;49|59
A112DAE2;1;TSED;N/A;URN;Energy Queen;MAIN;11|16
A11B88D8;1;TARC;N/A;VMS;Emba Derho;MAIN;66|67|86|87
A120E2E8;1;TARC;N/A;PRY;Carmacks Copper;MAIN;72|75|82|83
A1566743;1;TCRA;N/A;PLC;Dominion Reefs;MAIN;32|38
A14CFE28;1;TARC;N/A;VMS;Tulks Hill deposit;MAIN;33|38|40
A157EEF2;1;TARC;N/A;PRY;Zafranal Main Zone;MAIN;43|51
A16DEC62;1;TARC;CU|MO|AG;PRY;Megabuck;MAIN;20|23|25|29
A16F6C6B;1;TGGT;N/A;PEG;Georgia Lake Pegmatites;MAIN;57|67|68|228|239|240
A174AA9F;1;TARC;CU|MO|AS|PB|ZN|W|AG;PRY|EPTH;Borsko Jezero;MAIN;22|25|31|39|47
A188AE3E;1;TARC;N/A;PRY;Kemess Underground;MAIN;74|85
A189C186;1;TORO;N/A;COA;Upper Freeport;MAIN;21|22|24
A1920D61;1;TSED;N/A;COA;Sewell Seam;MAIN;16|21|22
A1968325;1;TORO;N/A;URN;Sheep Mountain;MAIN;35|40
A1B0C754;1;TGGT;N/A;MNS;Lac Rocher Pluton;MAIN;57|59|63
A1CA6D12;1;TRFT;N/A;LCL;Enertopia Claims;MAIN;18|26
A1B341FE;1;TCRA;N/A;PLC;Leslie Occurrence;MAIN;29|33|34
A1D7C96C;1;TSED;N/A;URN;Crownpoint;MAIN;11|14
A1DADDEA;1;TARC;N/A;MNS;Eureka Complex;MAIN;39|43|50|51
A20B9BAC;1;TSED;N/A;COA;Kendal Colliery;MAIN;41|53
A21E94BC;1;TARC;N/A;PRY;Golden Ivan;MAIN;20|29
A20F966C;1;TARC;N/A;EPTI|EPTL;Cozamin;MAIN;67|74|76
A2282DA5;1;TORO;N/A;ORO;Bunker Hill Mine;MAIN;32|37|42
A234271C;1;TSED;N/A;COA;Brier Creek Coal Seams;MAIN;36
A257A6D6;1;TARC;N/A;PRY;Cerro Corona;MAIN;30|34
A2556106;1;TARC;N/A;PRY|BXH;Red Dog;MAIN;18|20|25|26
A25DD6A8;1;TARC;N/A;PRY|SKN;Santo Tomás;MAIN;65|94|98|100
A2719480;1;TARC;N/A;CHR;Record Ridge;MAIN;36|43|44
A28678FF;1;TORO;N/A;N/A;Carmacks deposit;MAIN;37|40|44
A2A1B362;1;TSED;N/A;BRN;Rocky;MAIN;21|28
A287B8D6;1;TSED;N/A;COA;Dundee Operations;MAIN;62|64|67|68
A2A60E03;1;TORO;N/A;MAN|BXH;Kipushi;MAIN;97|99|126
A2BF126A;1;TARC;N/A;PRY;Kwun Lake;MAIN;13|15
A2F374DA;1;N/A;N/A;MNS;Broken Hammer;MAIN;48
A3110B12;1;TRFT;N/A;N/A;Kaukua;MAIN;27|29|37
A308B3FF;1;TORO;FE|NI|CR|V|ZN;N/A;Serrote deposit;MAIN;76|84|87|88|90
A31F8DA4;1;TARC;N/A;MNS;Wellgreen;MAIN;39|49
A328888F;1;TORO;N/A;STRA;Titan;MAIN;22|26
A33A291C;1;TARC;N/A;PRY|BXH;Rogers Creek Porphyry System;MAIN;25|27|35|37
A345FBFE;1;TARC;MO|CU|AG|PB|ZN|AS;PRY|BXH;Los Azules;MAIN;57|60|70|80|85
A3864B8C;1;TARC;N/A;PRY;Van Dyke;MAIN;57|61|69|73
A389A75B;1;TBAC;N/A;IOC;El Espino;MAIN;55|59|60
A389E465;1;TGGT;N/A;CHR;Big Daddy;MAIN;30|33|44
A38B148B;1;TORO;N/A;N/A;B Zone;MAIN;40|45
A3937F41;1;TORO;N/A;COA;Vista;MAIN;24|29
A392774E;1;TARC;N/A;PRY;Kemess Underground;MAIN;7|89|100
A393DD77;1;TBAC;N/A;VMS;Fisher Zone;MAIN;29|30|40|43
A3AB1969;1;TCRA;N/A;EVP;Vanguard One;MAIN;50
A3ABE5B4;1;TUNK;N/A;MNS;Levack Footwall Deposit (LFD);MAIN;41|42|50|51|54|72|73|76
A3B489B5;1;TARC;N/A;SKN;Santa Rita;MAIN;28|32
A3CB7395;1;TRFT;N/A;BXH|PLC;Artillery Mountains Manganese Deposits;MAIN;25|27|31
A3C6EC68;1;TGGT;N/A;PEG;Georgia Lake Pegmatites;MAIN;39|50|51
A3D21C42;1;TORO;N/A;MNS;Crean Hill;MAIN;67|68|77|79
A40E9BD3;1;N/A;N/A;N/A;Jugan;MAIN;5
A4152B9D;1;TCRA;N/A;LAT;241NC zone;MAIN;15|19|20|26
A4121183;1;TORO;N/A;PRY;Chlore stock;MAIN;50|54|64
A426A734;1;TORO;N/A;COA;Steinman and ACIN Leases;MAIN;51|52|53|54
A4321BB5;1;TSED;V|SE|MO;URN;Inkai;MAIN;37|49|50|52|53
A4390B11;1;TCRA;N/A;N/A;West Graham;MAIN;41|47|49
A423C11A;1;TGGT;N/A;MNS;Wine Cu-Ni occurrence;MAIN;23|36
A44A99F8;1;TORO;V;GRAP;Lac Knife;MAIN;56|57|64|66
A4542218;1;TCRA;N/A;KIM;Chapleau Project Kimberlites;MAIN;18|19|20|21
A4643581;1;TARC;N/A;BRN;Laguna Brava;MAIN;17|21
A45BBF58;1;TARC;N/A;PRY|EPTI|EPTH;Kaznovice Prospects;MAIN;40|43|44|48|54
A46C1FDE;1;TSED;MO|NI|V|ZN|CO|CU|U|LI|TH;MBS;Buckton Deposit;MAIN;46|52|56|57
A47C54C4;1;TSED;PB|ZN;MVT;Rose Property;MAIN;11|14|15|17
A4772E51;1;TCRA;CU|BI|PB|AG|MO|SE;URX|URU;L deposit;MAIN;22|31|33|38
A47E1D52;1;TSED;N/A;PLC;Feature 8;MAIN;8|14
A47E39A3;1;TGGT;CO|S|FE|MO;IOC;Boa Esperança;MAIN;64|66|77|79
A4811805;1;TARC;N/A;VMS;Chu Chua;MAIN;25
A48F1BAA;1;TGGT;N/A;MOX;Lac Doré;MAIN;60|70|79
A4C2DFFF;1;TARC;CU|MO;PRY;Ilovitza;MAIN;50|51|57|59|63
A4C7B84D;1;TORO;N/A;REE;MMZ;MAIN;36|47
A4CEE926;1;TARC;N/A;SKN;Bolivar;MAIN;30|36
A4DF3C5B;1;TGGT;N/A;CHR;Black Horse;MAIN;21|22|31|32
A4E2AB2C;1;TARC;N/A;VMS;Sherridon deposits;MAIN;42|43|44|45|48
A4F77645;1;TARC;N/A;PRY|SKN|MAN|BXH;Domeyko Sulfuros;MAIN;58|66|67|69
A50340B2;1;TCRA;CR;KIM;White Wolf Kimberlite;MAIN;27|28|32|35
A4F8F2D5;1;TRFT;TH|CE|LA|Y|ND|PR;PLC;Agnew Lake deposit;MAIN;31|35|36|41
A505C0D5;1;TORO;U|AS|CU|CO|PB|ZN;URU;Preston Project;MAIN;20|27|32|33
A518F5CF;1;TRFT;N/A;VMS;Arctic deposit;MAIN;54|55|64|65
A509F3E6;1;TARC;MO;PRY|BXH;Chacay;MAIN;15|17|23|24|25
A51C0C68;1;TORO;N/A;IRG;Dolcoath;MAIN;51|56
A5352F5D;1;TGGT;SN|RB|CS|BE|TA|NB;PEG;Mt. Cattlin;MAIN;30|38|40
A550D29D;1;TRFT;LI|AS|SR|MG;EVP;Magdalena-Tubutama Borate Deposits;MAIN;48|54|57|60
A577D31B;1;TGGT;N/A;VMS;Magusi;MAIN;39|46|48
A565FBF6;1;TCRA;N/A;MNS;Waterberg Project;MAIN;33|50
A566FE05;1;TRFT;N/A;BRN;Clayton Valley Brine;MAIN;71|81
A57C9452;1;TORO;N/A;PLC;Ruby Mineralization;MAIN;19|21|22|23|25|27|28|31
A58279FD;1;TSED;N/A;SND;Firebag Frac Sand;MAIN;31|34
A595EEC5;1;TRFT;N/A;SKN;Springer Mine;MAIN;35|39|40|42
A5A5E1C9;1;TGGT;N/A;MNS;Mann Ultramafic Complex (MUC);MAIN;82|90
A5B44B1D;1;TARC;CU|MO|ZN;PRY;Warintza Central;MAIN;40|41|42|43|50|51
A5A5F218;1;TORO;N/A;PRY|BXH;Eaglehead;MAIN;34|42
A5B7AF30;1;TARC;N/A;IOC;Cerro Verde;MAIN;24|28
A5B9C501;1;TBAC;N/A;VMS;Solwara 1;MAIN;27|31|32|36
A5BCB475;1;TORO;N/A;URX|SKN|IRG;Lawn;MAIN;18|19|22|23
A5BF14C9;1;TRFT;N/A;MNS;Marathon Deposit;MAIN;114|180|181|183
A5F527B7;1;TCRA;N/A;URU;Cigar Lake;MAIN;65|70
A5F0210B;1;TARC;N/A;VMS;Back Forty;MAIN;4|33|34|39
A60DD544;1;TPAB;LI|B;LCL;Fish Lake Valley Project;MAIN;22|26|32
A62B48D3;1;TCRA;N/A;URN|SDX;Falea;MAIN;32|39
A631EAAE;1;TARC;N/A;PRY;Hugo North Extension;MAIN;48|79|82
A640779F;1;TORO;MO;URU;Northwest Manitoba Project;MAIN;19|28|32|36
A64A24B2;1;TARC;N/A;VMS;Point Leamington deposit;MAIN;28|41
A632D55A;1;TARC;MO|RE;PRY|BXH;Delta;MAIN;22|27|28|31|33
A65B3AD5;1;TARC;ZN|PB|MN|AS|AG;PRY|SKN;Cotabambas;MAIN;71|74|91|92|97
A65D203D;1;TCRA;CO|CU|NI|B|AS|PB|V|ZN|MO;URU;Maverick Zone;MAIN;21|25|28|30|31|32|33|34|35|36|37|38|39
A65D4675;1;TARC;N/A;PRY|BXH;Copper Mountain;MAIN;18|19|24|25|26
A676CFC0;1;TARC;N/A;PRY;Thompson Creek;MAIN;26|30
A67AFC0A;1;TORO;N/A;SKN;Bolivar;MAIN;38|44
A67C8BE8;1;TGGT;CS|V|LI|GA|RB|TA|NB;PEG;PAK Pegmatite;MAIN;57|60|76|80
A68A9BC9;1;TGGT;N/A;LAT;RNO Nickel Laterite Deposits;MAIN;24
A6962362;1;TCRA;V|MO|CR|CO|CU|NI|AS;URN;Henry Mountains Complex;MAIN;38|43|55|56|57|58
A6A749C1;1;TRFT;N/A;BRN;Clayton Valley Brine Project;MAIN;35|36|52
A6A85E36;1;TGGT;LI|RB|CS|SN;PEG;Bepe Pegmatite;MAIN;29|31|32|33|35
A6B15BBA;1;TCRA;N/A;KIM;Rondônia Kimberlites;MAIN;26|32
A6E15794;1;TORO;ZN|PB|CO|AG|CD|AS|BI|SE;VMS;Sulitjelma Project;MAIN;34|36|38|39|40
A6CF627B;1;TSED;N/A;PLC;Block J;MAIN;17|30
A6EB3BA2;1;TSED;N/A;URN;Carpenter Ridge;MAIN;14|15|16|18
A6FB1629;1;TARC;N/A;PRY;Minto;MAIN;129|133|141|142
A70CFEDD;1;TPAB;N/A;VMS;Lagoa Salgada;MAIN;32|40
A70D3912;1;TSED;ZN|MO|BA|CU|PB;MBS;Daquan Vanadium Zone;MAIN;28|31|32
A71A1980;1;TSED;N/A;URN;Energy Queen;MAIN;10|11|14|15
A729AA54;1;TRFT;AS;SSC;Ram;MAIN;69|76|77|108|109
A71DFC99;1;TARC;N/A;PRY;Ak-Sug;MAIN;55|60
A731169C;1;TORO;V|AG|ZN|MO;GRAP;Coosa Project;MAIN;38|39|41|43|46
A7682651;1;TCRA;N/A;URN;UA92 Project;MAIN;26|28
A7516EF4;1;TRFT;N/A;VMS;Palmer Deposit;MAIN;61|66|76|81|97
A771079C;1;TGGT;N/A;MNS;Dumont;MAIN;71|101
A7D7CA12;1;TARC;MO|CU;PRY;South Corridor Deposit;MAIN;18|19|20|24|28
A7CA604E;1;TARC;N/A;PRY|EPTH|BXH;Hushamu Deposit;MAIN;21|23|24|25|26
A7B284D4;1;TCRA;B|CO|CR|CU|LI|MO|PB|SB|TH|W|SR|ZR|REE;URU;Triple R deposit;MAIN;58|75|76|87|90
A7D81D5D;1;TARC;N/A;BRN;HMN Project;MAIN;40|41|44|63
A7DF62FA;1;TORO;U|TH|K|MN|FE;CBT;Upper Fir;MAIN;28|51|52|54
A808AEE6;1;TCRA;N/A;EVP;Lazlo Project;MAIN;23|31
A81B5556;1;TORO;N/A;GRAP;Loki Flake Graphite Deposit;MAIN;28|30|32|33
A80756D5;1;TORO;N/A;CHR;Bulqiza-Batra;MAIN;27|28|35
A824E5BE;1;N/A;N/A;SKN;STAFFORD;MAIN;21
A8209EDB;1;TUNK;N/A;STRA;Maseve Project;MAIN;65|91
A8269163;1;TGGT;AS;N/A;Valiquette-Duval;MAIN;23|24|32|36
A82AC386;1;TARC;CU|MO;PRY;Redonda;MAIN;26|30|31|33|35
A82B10AE;1;TARC;N/A;VMS;Main Grid Sector VMS lenses;MAIN;11|12|13|16
A8422CF9;1;TORO;N/A;GRAP;GC and GR zones;MAIN;35|39|43|44
A84E302A;1;TORO;N/A;N/A;São Manuel and São Rubens;MAIN;43|49|58
A865492B;1;TCRA;N/A;KIM;Gahcho Kué kimberlite cluster;MAIN;39|61
A88F5AA0;1;TSED;N/A;EVP;Ochapowace/Chacachas Prospect;MAIN;16|20|22
A8860B05;1;TARC;N/A;PRY;Cortadera;MAIN;114|115|123|124
A87C0DD2;1;TARC;CU|AG;SSC;Central Cocha;MAIN;16|19|25|30
A8A5682E;1;TORO;U|NI|CO|CU|PB|ZN|MO;URU|URX;Ford Lake Project;MAIN;29|30|37|39
A8B5C0B6;1;TARC;SB|AS|HG;VMS;El Domo;MAIN;54|58|59|60
A8B457D4;1;TCRA;N/A;KIM;Q1-4;MAIN;29|31|38|39|40
A8BD107E;1;TCRA;N/A;SND;Minago Sandstone Deposit;MAIN;20|24
A8BA3900;1;TORO;N/A;PRY|BXH;Yandera Central;MAIN;39|44
A8C36436;1;TORO;N/A;PEG;Baixa Grande;MAIN;47|54|59|74
A8D8E7CF;1;TGGT;N/A;VMS;Aripuanã deposits;MAIN;29|37
A8DF41C9;1;TBAC;N/A;VMS;Captain;MAIN;63|66|71|74
A8F64D0F;1;TSED;N/A;EVP;Provost Potash Property;MAIN;14|19
A8DF2FB5;1;TCRA;N/A;KIM;Gahcho Kué;MAIN;42|65
A8FA5ED9;1;TORO;GA|IN;VMS;Knife Lake;MAIN;32|39|41|43
A92CE01E;1;TORO;N/A;IRF;Houston;MAIN;32|33|37|38
A955DBD4;1;TRFT;N/A;MNS;Eagle East;MAIN;64|83
A97F7A26;1;TORO;N/A;GRAP;Mousseau West;MAIN;21|28|29
A98B1BB4;1;TARC;N/A;PRY|EPTH;Hugo North Extension;MAIN;61|67|91
A9AE7842;1;TSED;N/A;COA;EORB;MAIN;31|49|50
A9AEBAED;1;TARC;N/A;PRY;Main Molybdenite Zone;MAIN;39|44|45
A9B85D4E;1;TUNK;N/A;N/A;Kgwakgwe Hill;MAIN;16
A9BEAC1F;1;TORO;LI|RB|CS|SN|B|F;N/A;Alberta II Pegmatites;MAIN;20|28|29
A9CE5756;1;TORO;N/A;N/A;Graphite Creek;MAIN;41|43|47|48
A9F1B729;1;TORO;N/A;N/A;White Mountain Anorthosite;MAIN;31|33|35|46
AA14D964;1;TORO;CU|MO|W|BI|AG|AS|SN|ZN|PB|SB;PRY;Raft prospect;MAIN;14|15|21|22|25|30
AA323E0C;1;TSED;N/A;COA;Kopper Glo Property Coal Seams;MAIN;29|30
AA47B242;1;TORO;N/A;COA;Vista Coal Project;MAIN;40|41|47
AA4D1947;1;TUNK;N/A;N/A;Nokomis Deposit;MAIN;35
AA5E66D6;1;TGGT;N/A;PEG;Adina;MAIN;117|118|120|131|132
AA5D87C1;1;TARC;N/A;VMS;Whalesback Deposit;MAIN;58|64|67|68
AA723A50;1;TORO;N/A;GRAP;La Loutre;MAIN;76|80
AA6A7ED2;1;TORO;N/A;SSC;Chimiwungo;MAIN;30|33
AA773108;1;TGGT;N/A;MNS;Mann Ultramafic Complex;MAIN;23|25|82|90
AA773E1A;1;TRFT;N/A;CBT;Crevier Nb-Ta Dyke;MAIN;37|39|41
AA810A38;1;TSED;N/A;IOO|IRF;Battery Hill;MAIN;53|60
AA7303A3;1;TCRA;N/A;MNS|STRA;Platreef;MAIN;82|84|88|127|128
AA8ED85A;1;N/A;N/A;PHO;Sandpiper Project;MAIN;26
AA842807;1;TARC;AG|BA|F|BI|PB|ZN;PRY;Kitsault;MAIN;60|85|86|87|90
AA9E2708;1;TSED;FE|AS|B|CO|CU|AG|MN;SSC;Kagoot Brook;MAIN;22|25|26
AAA777D5;1;TSED;V|MO;URX|URN|URU;Sierra Colonia;MAIN;13|17|18|22
AAA2553A;1;TSED;N/A;MVT;Pine Point Project;MAIN;125|148|154
AACC1A0F;1;TORO;N/A;MOX;La Blache;MAIN;21|26
AAB84693;1;TSED;N/A;EVP;Green River Potash Project;MAIN;37|42|48
AAAA5816;1;TCRA;N/A;N/A;Merensky Reef and UG2 Chromitite;MAIN;23|24|32
AAEE7F28;1;TORO;N/A;N/A;Ghost Lake Property;MAIN;20|22|24|25
AAD06257;1;TARC;N/A;IOC;Algarrobo Project;MAIN;65|71|77|85
AADBDC9D;1;TORO;N/A;COA;Kotli Coal Project;MAIN;24|33|37
AB102B4B;1;TORO;N/A;COA;Northern Appalachian Coal Seams;MAIN;34|41
AAFF3F77;1;TSED;N/A;EVP;Burr Project;MAIN;39|55
AAD485AB;1;TRFT;HG|AG;EPG;American Antimony Project;MAIN;27|28|52|54
AAF63265;1;TARC;N/A;PRY;Santa Cruz deposit;MAIN;69|70|79
AB2E2573;1;TSED;N/A;N/A;Nunavut Coal Project;MAIN;28|29|36|38
AB285A7F;1;TORO;N/A;MVT;Frances Creek;MAIN;29|40|42
AB339713;1;TARC;N/A;PRY;Los Azules;MAIN;22|31|33
AB42656B;1;TARC;N/A;URX;No. 7 Deposit;MAIN;61|62|76
AB722311;1;TORO;N/A;IRF;Labrador West Iron Project;MAIN;29|35|36|38
AB7FCBC4;1;TORO;N/A;N/A;Steenkampskraal;MAIN;61|75|78
AB909CCD;1;TRFT;N/A;URN;Juniper Ridge;MAIN;23|29
ABA93C23;1;TORO;N/A;GRAP;Lac-des-Îles Graphite Mine;MAIN;38|42|44
AB8E69B1;1;TORO;MN|FE;MAN|EPTL|SKN;Hardshell;MAIN;40|41|48|50
ABADF8AF;1;TSED;N/A;PHO;Phosphate Deposit;MAIN;35|38
ABC17210;1;TRFT;N/A;LCL;Clayton Valley;MAIN;34|41
ABF95DD6;1;TORO;N/A;GRAP;Okanjande deposit;MAIN;39|46
AC05F9F6;1;TSED;N/A;COA;Hazard Coal Seams;MAIN;22|23|24|25
AC003A96;1;TSED;N/A;URN;Bootheel;MAIN;23|37
AC2EAAF4;1;TGGT;N/A;MNS;Langmuir No. 1 Mine;MAIN;42|51|55
AC39C655;1;TRFT;LI;BRN;Claim Area;MAIN;20|21
AC48C7F7;1;TORO;N/A;SKN;Oracle Ridge;MAIN;36|39|40|49
AC6D095D;1;TCRA;N/A;PLC;Krone-Endora;MAIN;31|34
AC728D75;1;TCRA;N/A;URU;Key Lake Southwest;MAIN;12|13|17
AC837CFB;1;TARC;ZN|AS|BA;MAN|CAR;Keg;MAIN;11|12|15
AC96B3E1;1;TORO;SB|AS;ORO;Workman's Bench - Pringle Bench;MAIN;41|43|48|52
ACA90286;1;TARC;N/A;SKN;Fairview showing;MAIN;18|27
ACB07EAA;1;TARC;MO|ZN;SKN|PRY;Pukaqaqa;MAIN;30|34|47|50|51
ACBCA74A;1;TARC;N/A;PRY|SKN|EPTH;Beutong;MAIN;35|36|46
ACCF9466;1;TARC;N/A;MAN|SKN|BXH;Yauricocha;MAIN;49|61|62
ACDDBED9;1;TARC;AG|BA|F|BI|PB|ZN;PRY;Kitsault;MAIN;71|89|91|97
ACEA908B;1;TRFT;N/A;LCL;Clayton Valley;MAIN;59|61|67
ACFDD41D;1;TARC;N/A;IOC|SKN|BXH;Ilo Norte;MAIN;68|83
AD0F8CA1;1;TGGT;N/A;MNS;Reid Deposit;MAIN;65|71|73
AD111CB4;1;TCRA;N/A;URX;Pinyon Plain pipe;MAIN;43|51
AD25104C;1;TARC;N/A;IOC|SKN|BXH;Santo Domingo Sur;MAIN;141|164
AD2AA475;1;TORO;N/A;N/A;Munshiwemba;MAIN;26|30
AD422E66;1;TORO;N/A;PRY;Mount Hope;MAIN;21|49|54
AD5C5BF2;1;TARC;ZN;SKN;Cerro Grande;MAIN;42|44|48|51
AD693B26;1;TGGT;N/A;IRF;DLIP Deposits;MAIN;26|33
AD56303C;1;TRFT;N/A;CBT;Mrima Hill;MAIN;39|41|45|51|54
AD9B04B9;1;TSED;N/A;COA;Project Coal Seams;MAIN;21|22|23|24
AD84BA6F;1;TARC;N/A;PRY;Hugo North Extension;MAIN;97|102|104
ADA00485;1;TSED;MO|V|CR;URN;Tony M;MAIN;41|46|55|56
ADA6D24D;1;TORO;N/A;VMS;Woodlawn deposit;MAIN;37|43|46
ADC4DDA4;1;TSED;N/A;SDX;Lik deposit;MAIN;49|52|54|59
ADAAC429;1;TTRN;N/A;MVT|MAN;Bongará;MAIN;45|49|53|61|62
ADF393D5;1;TRFT;N/A;MNS;Ntaka Hill;MAIN;80
ADF33E23;1;TORO;CU|W|MO|ZN|AG|PB|MN|HG|AS|SB;PRY|SKN|MAN|CAR;Stardust;MAIN;23|25|31|33|36|37|42
AE042263;1;TORO;N/A;MOX;Lac à l'Orignal;MAIN;60|75|77|78
AE32F71C;1;TORO;RB|F|LI;PEG;Rivière Petawawa showing;MAIN;20|25|26|28
AE362425;1;TORO;N/A;N/A;Duke Batman;MAIN;33|34|36|37
AE508677;1;TORO;B|AS|CU|PB|MO|V|CO|NI|AG|BI;URU|URX;Corvo;MAIN;37|38|47|48|50|73
AE5EAC9A;1;TGGT;LI|CS|RB|BE|SN|GA|TA|NB|F|B|P;PEG;Adina;MAIN;117|118|120|131|132
AE68D8EB;1;TCRA;N/A;URU;Phoenix Deposit;MAIN;26|36
AE5F3787;1;N/A;N/A;PRY;Ruby Creek;MAIN;34
AE6AEE92;1;TRFT;N/A;LCL;Bonnie Claire;MAIN;44|50
AE741CEA;1;TARC;N/A;PRY;Ajax;MAIN;34
AE74A9F3;1;TARC;N/A;BRN;Hombre Muerto North Project;MAIN;39|47
AE857EC9;1;TUNK;AG|CU|MO|PB|ZN;SKN|PRY|EPTL;Pampacancha;MAIN;66|67|69|70|72|78
AE952CC8;1;TARC;N/A;PRY|SKN;Tennyson;MAIN;85|95|98|104|111
AE9C1032;1;TARC;W|AG|ZN|PB|MO;PRY;Lorraine;MAIN;27|34|44|54|55
AE9FBEAB;1;TSED;N/A;BRN;Brine Reservoir;MAIN;38|59
AEABFA1A;1;TBAC;N/A;VMS;Lundberg;MAIN;40|48
AEBBBA30;1;TGGT;N/A;MNS;Zara Properties;MAIN;13|15|31
AEAFC2FB;1;TSED;N/A;URN;Alta Mesa;MAIN;31|34|38
AEAE0040;1;TORO;N/A;CBT;Bear Lodge REE deposit;MAIN;70|84
AEDE62D6;1;TARC;N/A;PRY;Copper Mountain;MAIN;58|70
AEE15049;1;TSED;N/A;EVP;Lanigan;MAIN;20|22
AEE48967;1;TGGT;N/A;FEL;Teledyne Property Mineralization;MAIN;27|31
AF1720C8;1;TARC;N/A;PRY;Lorraine;MAIN;23|29|31
AEE79ED6;1;TCRA;NI|CU|CO;STRA;Mphahlele;MAIN;49|50|58
AF2EC638;1;TORO;LI|RB|CS|TA;PEG;Dyke 1;MAIN;51|55|64|71|75|86|98
AF30B60F;1;TARC;N/A;PRY;Storie Deposit;MAIN;39|41|50
AF3642B4;1;TORO;N/A;GRAP;West Zone;MAIN;78|79|88|97|98
AF3CB523;1;TORO;CU|AG|PB|MO|W|ZN|SB|AS|CD|MN;PRY;Geroe Creek;MAIN;13|17|18|31
AF6EC227;1;TORO;N/A;PRY;Zone III;MAIN;25|31
AF65A631;1;TSED;N/A;URN;San Antonio;MAIN;41|53|54
AF6028C1;1;TCRA;B|CO|CR|CU|LI|MO|PB|SB|TH|W|SR|ZR;URU;Patterson Lake South;MAIN;27|36|62
AF7A5996;1;TSED;N/A;PLC;Feature 17;MAIN;7|9|18|22
AF72B583;1;TORO;CU|U|AG|CO|F|BA;IOC;Kimagai;MAIN;4|24|41|44
AF826833;1;TARC;N/A;IOC;Guerrero Zone;MAIN;28|29|35|39
AF9775A6;1;TORO;U|B|PB|NI|CO|CU|AS|V;URU;Rea Property;MAIN;49|51|56|58|59|64
AF91961A;1;TARC;N/A;PRY|EPTH;Oyu Tolgoi;MAIN;103|106|107|108
AFB572E8;1;N/A;N/A;N/A;Lake Giles BIF;MAIN;24|25
AFBBFAEF;1;TRFT;N/A;LCL;FLV Project;MAIN;18|19|21
AF9E5FB1;1;TRFT;N/A;MNS;East Bull PGM Deposit;MAIN;30|38
AFA6403B;1;TARC;N/A;VMS;McIlvenna Bay;MAIN;46|60|61
AFC876ED;1;TARC;CU|AG|MO;PRY|SKN;Hopkins Prospect;MAIN;17|18|21|26|29|33
AFF8A42B;1;TARC;N/A;BRN;Salar de Diablillos;MAIN;35|44
AFE4A1C8;1;TARC;MO|PB|ZN;PRY|SKN;Hopper Property;MAIN;15|20|21
AFFC5ED9;1;TGGT;N/A;VMS;Tortigny;MAIN;48|61
B0018D4F;1;TORO;N/A;COA;Mine 14;MAIN;32|34|36|53
B01D7225;1;TORO;N/A;IRG;Bisie North;MAIN;13|20
B01784A1;1;TARC;CU|MO|PB|ZN|AG|W|BI|SN|AS|SB|CO;SKN|PRY;Pima Zinc;MAIN;14|17
B032A76D;1;TSED;N/A;PLC;TitanBeach One (1) Project;MAIN;34|43|44
B0364AFF;1;TCRA;N/A;KIM;CH-6;MAIN;45|61|62
B05AE45A;1;TARC;N/A;VMS;Main Grid Lenses;MAIN;13|14|18
B07C5FBD;1;TSED;V;URU;Santa Barbara;MAIN;13|14|17
B097015C;1;TSED;BA|AG|PB|ZN;SDX;Johnny Lee deposit;MAIN;61|72|78
B078464E;1;TCRA;N/A;MNS;Platreef;MAIN;145|168|184|185
B0A9EC0E;1;TORO;N/A;VMS;Hautalampi;MAIN;13|14|15|17
B0A441D3;1;TSED;N/A;URN;DASA;MAIN;57
B0B21297;1;TRFT;MO|W|F;SWM;Silver Creek Deposit;MAIN;23|30
B0AC38AC;1;TARC;N/A;BRN;Salar de Olaroz;MAIN;47|49|50|68|72
B0C06706;1;TARC;N/A;BRN;3Q Salar Complex;MAIN;14|51|84|85
B0C5A51C;1;TORO;ZN;VMS;Errington-Vermilion;MAIN;56|57|65|75|76
B0D6D6E4;1;TSED;NI|AS;URU;Shea Creek deposits;MAIN;26|36
B0EEC314;1;TORO;N/A;SKN;E Zone;MAIN;37|38|40|46|47
B0FC6517;1;TGGT;LI|CS|SN|RB;PEG;Adina;MAIN;39|45
B0F3C9AE;1;TARC;CU|MO|ZN|MN|SB|W|SN|TL|AG|AS|LI;PRY|BXH;Copper Creek;MAIN;100|118|123|132|134
B10F2073;1;TORO;N/A;MAN;Accha;MAIN;25|33|34
B11780DB;1;TARC;N/A;PRY;Morgan Peak;MAIN;16|24
B12A2EAC;1;TARC;N/A;PRY;Willis Creek;MAIN;12|15|18
B134AABA;1;TSED;N/A;SMN;K-Hill;MAIN;37|38|43|44|46
B139B0DA;1;TSED;N/A;URN;Slick Rock;MAIN;25|34
B122A638;1;TARC;N/A;BXH|PRY;Mantos Blancos;MAIN;46|48|57|58
B152F07A;1;TSED;ZN|MO|BA|CU|PB;MBS;Daquan Vanadium Mineralization;MAIN;14|15|17|18
B147148F;1;TORO;N/A;IRG;Andrade;MAIN;24|31|34
B1531D4A;1;TGGT;N/A;VMS;Estrades deposit;MAIN;36|46|53
B1729D54;1;TORO;N/A;N/A;Kapulo Copper Project;MAIN;50|53|58
B1754FCE;1;TSED;N/A;URN;Gas Hills;MAIN;30|42
B16E33DA;1;TCRA;N/A;SDX|URN;Falea;MAIN;23|30
B17E6E97;1;TSED;N/A;EVP;Cory;MAIN;23|25|27
B17E887B;1;TARC;N/A;PRY|EPTH;Yuby-Gabriela;MAIN;9|22
B18735EF;1;TBAC;AS|SB|HG|TL|BI|TE|MO|CO;VMS;Woodlawn;MAIN;72|73|74|76|79|80
B1A13818;1;TORO;CU|NI|V|BI|ZN|CO|PB|MO;URX;Fraser Lakes Zone B;MAIN;21|29|30
B1A89748;1;TORO;N/A;GRAP;Bissett Creek;MAIN;63|64|72
B1D34CF8;1;TORO;N/A;N/A;São Manuel and São Rubens;MAIN;45|51|60
B1C97FCE;1;TSED;N/A;URN;Alta Mesa;MAIN;29|40
B1AF399D;1;TORO;MO|TH|CO|CU|V|PB|NI|MN|AG;URN;Mountain Lake deposit;MAIN;22|33|34
B1DAFF4C;1;TARC;N/A;PRY|EPTH;Rosario;MAIN;27|30|33|35|36
B200160F;1;TARC;N/A;VMS;Main deposit;MAIN;20|25
B20E7A14;1;TORO;N/A;N/A;Carmacks Copper deposit;MAIN;20|22|26
B2254A7C;1;TORO;CO|BI|AS;SKN;Brynnor deposit;MAIN;11|12|13
B21CC707;1;TORO;N/A;VMS;Lagoa Salgada;MAIN;100|108
B2395BAB;1;TORO;CU;SKN|PRY;Sullipek Deposit;MAIN;23|26|28|29|32|35|37
B23C32EE;1;TARC;N/A;IOC|SKN;Mount Andrew;MAIN;17|20|23|25
B263B707;1;TORO;N/A;SND;Langis deposit;MAIN;88|96
B26A412B;1;TORO;N/A;IOC;Michelin Deposit;MAIN;22|23|27|31|33|40
B275021F;1;TGGT;N/A;MNS;Phyllis Central;MAIN;22|29
B299F61B;1;TSED;N/A;N/A;Target 7;MAIN;49|56
B2770364;1;TSED;N/A;MBS;Buckton Zone;MAIN;35|45
B2A9C1BC;1;TRFT;N/A;SSC;Copperwood Deposit;MAIN;103|127|128|130
B2A16363;1;TARC;N/A;PRY;Storie Deposit;MAIN;26|28|33
B2AC365C;1;TARC;N/A;PRY|BXH;Antilla;MAIN;4|35|46|48
B2C170AA;1;TGGT;N/A;MNS;Eagle's Nest;MAIN;47|51|55|57
B2CB2E02;1;TORO;N/A;N/A;Kangiq Project;MAIN;15|18|19
B2C7DA13;1;TORO;N/A;N/A;Marin Sector;MAIN;105|106|109|111|119
B2CF0238;1;TCRA;N/A;KIM;Star Kimberlite;MAIN;61|66|76|77|78
B2D6E492;1;TCRA;N/A;MNS;Broken Hammer Zone;MAIN;24|27|32|33
B2CC78DA;1;TORO;N/A;N/A;Normandie deposit;MAIN;30|34|38
B2EB137B;1;TSED;N/A;N/A;Lloydminster zone;MAIN;27
B2E5BF41;1;TORO;N/A;N/A;Lac Ritchie;MAIN;23
B2EFBADD;1;TORO;N/A;BRN;Cauchari-Olaroz;MAIN;83|103
B311D458;1;TARC;N/A;PRY;Barit Porphyry Occurrence;MAIN;24|25|27
B3175CE4;1;TORO;N/A;VMS;Chu Chua deposit;MAIN;19|21|22
B31A2421;1;TCRA;N/A;KIM;Tuzo;MAIN;36|54|55
B3208D52;1;TRFT;CD|AG|MN|SN|CO;SKN|MAN|PRY;West Desert;MAIN;50|51|60|63|64
B3217946;1;TARC;CU|AG|ZN|PB|W|AS|SB;PRY|VMS;NH showing;MAIN;17|23
B326B41E;1;TCRA;N/A;MOX;Bégin-Lamarche;MAIN;54|64|66
B34EEA55;1;TBAC;N/A;VMS;Solwara 1;MAIN;39|52|53|54|55
B379FD56;1;TSED;N/A;EVP;Eyehill Creek;MAIN;14
B37A5E5C;1;TORO;CU|U|AG|CO|F|BA;IOC;HD Property;MAIN;31|36
B392A0D9;1;TARC;N/A;PRY;Valley deposit;MAIN;25|26|33
B3846215;1;TCRA;N/A;STRA;UG2 Reef;MAIN;44|47|55
B3947C72;1;N/A;N/A;VMS;Blue Moon deposit;MAIN;23|31|32
B3A5096D;1;TGGT;N/A;VMS;Halle Komatiite Target;MAIN;17|21|25|29
B3A48A7F;1;TRFT;N/A;N/A;Bull River Mine;MAIN;40|48
B3AF755E;1;TSED;N/A;PLC;EPL 3403 Diamond Deposits;MAIN;15|24
B3E4969B;1;TCRA;AG|PB|ZN|BI|AS|CO|BA|HG|CU;VMS;Twin Peaks Project;MAIN;32|44|46|52|56
B3C23B68;1;TORO;N/A;SKN|IOC;Tapuli;MAIN;33|39|40
B3E1F3DA;1;TARC;N/A;VMS;Ralleau VMS System;MAIN;25|38|39
B3EFAB2A;1;TSED;N/A;N/A;Lease LO 425;MAIN;10
B3FBCDC8;1;TUNK;AG|CU|PB|ZN|AS;EPTL|PRY;MGT zone;MAIN;24|26|28
B406E1EC;1;TORO;N/A;LAT;Sunrise;MAIN;84|98|110
B40EF808;1;TARC;N/A;PRY;South Corridor;MAIN;20|28
B41933B9;1;TARC;N/A;PRY;Sulfato South;MAIN;19|20|24|32|48
B4201168;1;TSED;N/A;MVT;Main Zone;MAIN;70|84|85
B42D570E;1;TORO;N/A;PRY|SKN;Rosemont;MAIN;34|35
B44DAC75;1;TARC;N/A;PRY;Schaft Creek;MAIN;65|85
B456AC72;1;TORO;N/A;URU;Wing Lake Property;MAIN;31|41|42
B473E3C9;1;TSED;N/A;MVT;Getty deposit;MAIN;21|26
B47F0CCA;1;TARC;N/A;SKN;El Creston;MAIN;12|17
B485DE79;1;TORO;N/A;LAT;Nyngan;MAIN;57|58
B4825DFB;1;TORO;NI|AS|CO|B|CU|MO|PB|ZN|V;URU;Henday Project;MAIN;12|14|16|17
B4956925;1;TORO;N/A;SKN;Mavres Petres;MAIN;14|15|16|18|19
B4865FE5;1;TORO;N/A;PRY|BXH;Kharmagtai;MAIN;47|48|54|58
B4AEA584;1;TRFT;B;LCL;Daggett Lithium Project;MAIN;21|23
B4B96E41;1;TRFT;N/A;BRN;Sarcobatus Flat;MAIN;19|26|29
B4BC8224;1;TORO;LI|CS|TA;PEG;Goulamina;MAIN;33|34|37
B4C69380;1;TCRA;N/A;MNS;Waterberg Extension Project;MAIN;27|43
B4C8F2E1;1;TORO;NI|CU|CR|FE;MNS;Santa Rita;MAIN;36|47|52
B5071E8D;1;TSED;N/A;SSC;Unkur;MAIN;43|51
B5077343;1;TCRA;N/A;SSC;Maboudou Project;MAIN;32|36|38
B50D6D41;1;TGGT;N/A;N/A;North Hitura;MAIN;22|24
B51A55F7;1;TGGT;N/A;MNS;Crawford Ultramafic Complex;MAIN;63|74|76
B5441F2C;1;TUNK;N/A;BRN;Salar de Tolillar;MAIN;50|52|56
B521070F;1;TORO;N/A;SWM;Burnt Hill;MAIN;36|38|43
B52A6CA8;1;TARC;AG|AS|BI|CO|CS|LI|MN|NI|RB|SB|SE|SN|TL|W|PB|ZN;PRY;Cobrasco;MAIN;60|61|70|80
B553CE01;1;TORO;N/A;GRAP;Miller;MAIN;18|23
B562C39C;1;TGGT;N/A;IRF;Lake Giles Iron;MAIN;27|30|32
B5815A15;1;TARC;ZN|PB|AG;MAN;Accha Deposit;MAIN;45|46|58
B568B923;1;TARC;N/A;PRY|SKN;Kili Teke;MAIN;23|42
B5C18C7A;1;TGGT;N/A;VMS;Matagami VMS Deposits;MAIN;120|121|130|134|136
B5B10CA3;1;TRFT;LA|CE;REE;Dotson Zone;MAIN;34|45|46|47|48|57|121|122|123|124|125|126
B5CDA0E1;1;TORO;AS|SB|HG;PRY;Majuba Hill;MAIN;33|39
B60638E6;1;TORO;U|TH;REE;Foxtrot Project;MAIN;37|44|45|47|48|49
B5CEF9A7;1;TORO;N/A;IRF;Bloom Lake;MAIN;82|84|89
B616D0D8;1;TGGT;N/A;VMS;Fabie Bay;MAIN;40|46
B6220A88;1;TORO;BA;VMS;Karchiga;MAIN;28|31|33
B6135801;1;TCRA;N/A;STRA;WBJV Project 1;MAIN;52|53|66
B63B2749;1;TORO;N/A;MAN;Kombat Mine;MAIN;70|80|82
B64C6321;1;TGGT;N/A;MNS;Etamame Lake Ultramafic Complex;MAIN;12|13|17
B65BC1F6;1;TORO;N/A;N/A;Tshifufia;MAIN;38|47
B657FEB6;1;TRFT;ZN|AG|PB;PRY|EPTL;San Agustin;MAIN;78|80|84
B65E74AD;1;TORO;N/A;SDX;Elura/Endeavor deposit;MAIN;24|30
B66A9FD5;1;TORO;N/A;COA;Fording River Operation;MAIN;39|60
B666BDD8;1;TGGT;W|AS|CO|AG|NI;VMS;Cooke Mine;MAIN;46|57|58|59|73|74
B67BBB81;1;TORO;N/A;N/A;Tshifufia;MAIN;54|57|60
B69D7BEE;1;TORO;N/A;N/A;Kakanda;MAIN;14|15
B67CE14C;1;TSED;N/A;URN;Tres Corrales;MAIN;36|45|51|52|73
B6819A14;1;TSED;N/A;URN;Dasa;MAIN;79|104
B69EDB30;1;TARC;N/A;SKN;Bolívar;MAIN;44|51|52|53|56
B6B6C780;1;TORO;N/A;GRAP;La Loutre;MAIN;27|36
B6BA16BD;1;TORO;N/A;SSC;Kipoi Central;MAIN;32|36|56|58|61
B6C403DE;1;N/A;N/A;VMS;Elizabeth Lake deposit;MAIN;25
B6B13FC0;1;TGGT;N/A;PRY;Main Zone;MAIN;10|30|39
B6DACF3B;1;TARC;N/A;SKN;Mavres Petres;MAIN;11|13|15|16
B6F3B716;1;N/A;LI|CS|TA|SN|W|BA|SR;PEG;Little Nahanni Pegmatite Group;MAIN;15|16|19|27
B6FDAA68;1;TORO;N/A;LAT;Vale dos Sonhos;MAIN;30|38
B71E7083;1;TORO;N/A;VMS;Karchiga;MAIN;36|40|61
B710F221;1;N/A;N/A;MNS;Denison;MAIN;40|50
B727CF37;1;TARC;N/A;PRY;Southeast Zone;MAIN;120|130
B7381D9B;1;TSED;N/A;IRF;KéMag Deposit;MAIN;78
B784E50F;1;TARC;CU|AS|PB|ZN|AG|SB|MN|MO|RE;PRY|SKN|MAN|BXH;Sunnyside;MAIN;37|41|42|44|49|51
B78852D5;1;TUNK;F|W;PRY;Kitsault;MAIN;28|36|46
B7919F26;1;TCRA;U|NI|CO|AS|B|CU|MO|PB|ZN|FE|V|AG;URU;Waterbury Project;MAIN;16|21|23|24
B7A6E410;1;TRFT;N/A;PHO;Cardabia Phosphate Project;MAIN;65|66|77|79
B7C804D4;1;TCRA;N/A;GRAP;Capim Grosso;MAIN;34|39
B7CCE830;1;TORO;N/A;URN;Cyclone Rim Project;MAIN;21|28
B7CD00DD;1;N/A;N/A;URX;Macusani Property;MAIN;23|25
B7D15E22;1;TORO;N/A;GRAP;Buckingham Graphite;MAIN;28|35|36
B7E02F2E;1;TRFT;N/A;STRA;Kaukua;MAIN;29|31|41|42|43
B7EFF683;1;TGGT;N/A;CHR;Big Daddy chromite deposit;MAIN;16|17|20
B7F44707;1;TRFT;N/A;EVP;Danakhil Potash Deposit;MAIN;40|52
B818DD53;1;TCRA;B;URU;Wales Lake East;MAIN;35|37|40|41|42|44
B82BB151;1;TCRA;N/A;KIM;Tchiuzo;MAIN;80|81|88
B82D650F;1;TSED;SE|ZN|AG|U|MO;PHO;Paris Hills;MAIN;51|52|62
84772F05;1;TSED;N/A;BXH;Peñasco;MAIN;32|33
845F3235;1;TRFT;AS|SB|HG;CAR;Fisher Canyon;MAIN;23|24|29|30|31
844A5C94;1;TARC;AG|ZN|CU;EPTI;La Escandalosa;MAIN;33|43|48|49
844FA4D4;1;TRFT;N/A;EPTL;Sandman;MAIN;40|47|50|52
84A51183;1;TARC;N/A;PRY;Pimenton Porphyry;MAIN;29|32|37|41
8564C241;1;TARC;N/A;EPTI;EP-006;MAIN;21|22|23
85EBE620;1;TORO;CU|AG|AS|CO|NI|HG;ORO;Laowangshan;MAIN;12|13|15|25|26
84FD331A;1;TORO;N/A;SKN|EPTL;Centennial;MAIN;31|36
85FE3856;1;TARC;N/A;PRY|EPTH;Cerro Casale;MAIN;56|71|72
860C79C1;1;TRFT;AS|HG|SB|TL;CAR;Long Canyon;MAIN;31|45
865DF325;1;TARC;N/A;EPTH;Chelopech;MAIN;36|40|41|42|44|45
870281D2;1;TARC;N/A;PRY|BXH|SKN;Didipio;MAIN;41|44|55|57
87AFFC35;1;TORO;AS|AG|SB;ORO|IRG;Boulevard;MAIN;9|12|13|18
8849EFD6;1;TARC;N/A;EPTL;Balabag;MAIN;8|10|30|37|38|39|41
892CA8A8;1;TARC;N/A;SKN;Olympias;MAIN;21|26|27
884B9751;1;TORO;AG|AS|BI|PB|ZN;IRG;Hi Property;MAIN;31|32|41|46
8A404367;1;TGGT;N/A;ORO;Irokindinskoye deposit;MAIN;42|43|45|46
896CC7B8;1;TUNK;N/A;PRY|SKN;Karakartal;MAIN;19|20|22
8955567C;1;TARC;MO|BI|CU|PB|AG|AS|U|ZN;EPTH;Sugarloaf Peak;MAIN;29|46|47|56|57
8A66B276;1;TBAC;N/A;VMS|ORO;Wishbone Project;MAIN;29|30
8AC94999;1;TARC;AS|ZN|BA|AG|CU|PB|SB;VMS;Black Dog and SRV;MAIN;16|17|25|30
8B378B3D;1;TGGT;N/A;VMS;17 Zone;MAIN;23|30|31|32|33|35
8AC4046D;1;TORO;N/A;ORO;Bug Lake;MAIN;18|24
8ACA41EE;1;TARC;AG|CU|MO|BI|AS|PB|FE;ORO;Guayabito;MAIN;19|23|24|26|27
8B567DBA;1;TGGT;N/A;ORO|IRG;Bachelor Lake;MAIN;35|38|39
8B59A824;1;TARC;AS|AG|SB|CD|HG;N/A;Çorak;MAIN;5|42|43|56|66
8B7D478D;1;TARC;N/A;EPTI|BXH;Taunus;MAIN;26|40|41|42
8BA0D36D;1;TGGT;N/A;ORO;Sandeb Property;MAIN;26|69|70
8D998D8D;1;TUNK;N/A;PLC;Cloverdale mine;MAIN;24|25
8BECD458;1;TORO;AS|SB|BI|AG|PB|W|S|FE|NI|CO|BA;ORO;Bonanza Ledge;MAIN;37|39|41|43|53
8D1EDC27;1;TUNK;N/A;VMS;Montauban Deposit;MAIN;12|13|14
8C3BC820;1;TRFT;N/A;EPTL;San Andres;MAIN;47
8DAD68E8;1;TTRN;N/A;EPTL;Regent;MAIN;26|32|34
8F5CFF24;1;TARC;ZN|PB|CU|AG|MO|AS;PRY|EPTL|IRG;Tad Porphyry;MAIN;15|20|21|25
8E13042B;1;TORO;CU|SB|AS|BI|W;IRG|SKN;Bulagou;MAIN;29|35
8F7A34C8;1;TRFT;AG|AS|SB|HG|PB|ZN|CU|SN;CAR;Cove;MAIN;36|44|45|46|47
8FF1F45B;1;TGGT;N/A;VMS|PRY;Rainy River Gold Project;MAIN;37|45|46|47
91384B58;1;TORO;AS;ORO;Divide Prospect;MAIN;14|15|16
907966F2;1;TRFT;AS|SB|HG|AG|CU;EPTL|ORO;Igwageta Prospect;MAIN;16|17|20|21|27
911C5E57;1;TGGT;N/A;VMS;Hassai VMS;MAIN;57|58|62
909923A1;1;TARC;N/A;PRY|EPTH;Caspiche Porphyry;MAIN;34|47
91497175;1;TGGT;N/A;ORO;Vein No. 12;MAIN;17|20
9188BA5D;1;TARC;AG|AS|PB|BA|HG|MO|CU|ZN|SE|BI;MAN|VMS;El Yujo;MAIN;24|26|28|33
92155D9C;1;TGGT;N/A;ORO;Tabakoto;MAIN;75|76|91
91D65855;1;TORO;PB|ZN|AG|MO|AS;ORO|EPTL;Cerro Prieto;MAIN;35|39
92D3E9E4;1;TORO;AS|BI|CD|HG|IN|SB|TE;ORO;Wikieup Project;MAIN;19|21|24
92ED96D6;1;TORO;BI|CU|AS|W|TE|MO|PB|SB|ZN|AG;IRG|ORO;Jake Showing;MAIN;10|12|14|15
9314485E;1;TORO;W|AS|BI|SN|SB|AG|MO|CU|PB|TE|ZN;IRG;Napoleon;MAIN;20|23|24
9351EB0A;1;TARC;N/A;PRY;Iskut Deposit;MAIN;15|21
9320CB88;1;TSED;N/A;PLC;Ezulwini;MAIN;39|49
9421460D;1;TORO;AS|ZN|PB;ORO;Dingman;MAIN;30|38|43
94432E33;1;TRFT;AG|AS|SB|HG|BI|SE;EPTL;Swordfish zone;MAIN;19|21|22|25
95473CE7;1;TORO;CU|AS|BI;ORO|IRG;Batman Deposit;MAIN;63|65|66|69
95577C17;1;TORO;N/A;IRG;Hall Lake felsic dyke mineralization;MAIN;18|19|24
9576C90F;1;TORO;AS|BI|TE|W|AG|S|SB|K;ORO;Hirsikangas;MAIN;24|27|29|32|50|53|55
95B9BF9E;1;TARC;N/A;EPTL;San Dimas District;MAIN;36|39|42
95EC4583;1;TARC;N/A;EPTL;Masbate;MAIN;44|46|55|56
96880E39;1;TARC;AS|SB;PRY|EPTL;La Arena;MAIN;50|53|56
952859A9;1;TARC;CU|AS|PB|BI|W|SB;IRG|PRY;Wolf Property;MAIN;15|24|26
96A1679E;1;TGGT;BI|SE|TE|U|CO|NI|AS|CU|PB|ZN|W;URU|ORO|EPG;Serra Pelada;MAIN;22|34|40|41
98AD8881;1;TARC;N/A;BXH;Peñasco;MAIN;30|31
96A7F58A;1;TARC;N/A;EPTL;El Compas;MAIN;35|36|43|51
98E7B17D;1;TORO;AG|BI|W|F|MO|CU|PB|TE|ZN;IRG|SKN;Bong Mieu East;MAIN;29|40|42|80
98D32EC9;1;TARC;N/A;PRY|SKN|BXH|EPTL;Didipio Gold-Copper Deposit;MAIN;41|55|56|57|60
9A55BCB1;1;TARC;AS|SB|W;PRY|EPTL|MAN|BXH;Descubridora;MAIN;21|29|32|36|39
9B3C4EEB;1;TORO;K;ORO|EPTI;Cross Mine;MAIN;37|38|39|43|44|46
9B509116;1;TARC;PB|AG|SB|AS|HG|CD|CU;IRG;JJ Main;MAIN;19|25|27
9B449107;1;TARC;N/A;EPTH;La India;MAIN;35|42
9BEF8EE6;1;TARC;HG|AS|SB;EPTL;El Capitan;MAIN;32|39|41|42|46
9C45E05D;1;TRFT;CU|F|MN;DFR;Bullard Pass Property;MAIN;9|10|11|12
9C5B797D;1;TSED;N/A;TLG;Tailings Dams;MAIN;36|37|38
9C829B6E;1;TORO;TE|AS|BI|CU|PB;ORO|IRG|BXH;North Deposit (Bai Go);MAIN;35|43|44|69|70|73
9D3D5C3B;1;TORO;AS|BI|SB|W|TE|AG|PB|CU|HG|ZN;IRG|ORO;Rob Property;MAIN;8|9|10|11
9D5FCF42;1;TGGT;N/A;ORO;Auden Property Gold;MAIN;21|30|31
9C83427A;1;TORO;AS|SB|PB|AG|BI|W;IRG;Cleary Hill;MAIN;11|13|14|16|20|21|40
9DF977C3;1;TARC;AG|AS|SB|MO|TE;MIX;Haile;MAIN;37|46|47
9D9CB47D;1;TARC;AS|CU|MO|BI|TE|W|AG;ORO|IRG;Elizabeth Vein System;MAIN;16|25|26|27|28|29|30|33
9E01C36E;1;N/A;N/A;N/A;Capoose Deposit;MAIN;6
9E069746;1;TORO;AS|SB|W|SN|BI;IRG|SKN;Mitoma;MAIN;30|37|45|61|64
9E75C3FF;1;TGGT;AS;ORO;EMZ;MAIN;42|44|48
9E54A327;1;TARC;N/A;EPTL;Buzzard Prospect;MAIN;22|24
9EFA5D28;1;TARC;AS;EPTL;San Rafael vein;MAIN;11|14|15|18
9FA0906C;1;TARC;N/A;PRY|SKN;Titan;MAIN;14|18
A0D0B12A;1;TCRA;N/A;ORO;CSH Mine;MAIN;24|26
9FC4FC49;1;TARC;AS|AG|SB|HG|CU|PB|ZN;SKN;Robertson;MAIN;37|44|45
A026CFAE;1;TARC;AS|SB|HG|CU;EPTH;Cerro Quema;MAIN;30|39|43|44
A1918878;1;TGGT;N/A;N/A;Golden Gap;MAIN;9|10|12
A15AA5BD;1;TORO;AS|SB|HG|BI|TE|AG|CU;SKN|EPTL|BXH;El Valle-Boinás;MAIN;54|59|65|66|67
A1E40D51;1;TRFT;AG|AS|SB|HG;CAR;RJR Zone;MAIN;27|33|36
A2955C3F;1;TGGT;W|AS;ORO;Pickle Crow;MAIN;45|67|73|80|81|82
A3038390;1;TCRA;N/A;PLC;SOFS Goldfield;MAIN;33|36|42
A36D4C9A;1;TARC;BA|SB|HG|AS|PB|ZN|CU;ORO|IRG;Isabella Gold Silver Project;MAIN;19|20|22|23|24|27|42
A36D6A11;1;TARC;AS|SB;EPTH|BXH;Pucamayo East;MAIN;6|8|9
A49C0589;1;TRFT;AS|SB|BA;CAR;SF Property;MAIN;7|8|9|10
A3D16B47;1;TGGT;N/A;ORO;Detour Lake deposit;MAIN;34|41
A4E46E62;1;TORO;N/A;ORO;Leprechaun gold deposit;MAIN;41|45|46|47
A5B0BFB3;1;TGGT;CU|ZN|PB|AG;VMS|PRY;Osbell deposit;MAIN;38|39|42|45|54|64|67|68
A5041C14;1;TARC;AG|CU|AS|MO;PRY|EPTH|BXH;Tumpangpitu;MAIN;18|30|48
A66D3126;1;TORO;AS;ORO;Lucky Shot;MAIN;16|17|25
A67ED057;1;TORO;AS|CU|AG;IRG|ORO;Camp Zone;MAIN;16|25|26|27
A68EC82E;1;TRFT;AS|SB|BA|HG;CAR;Black Point;MAIN;11|13|16|17|18
A71B785C;1;TGGT;N/A;ORO;Grota Sêca;MAIN;38|42|44|45
A7373918;1;TORO;AS|BI|SB|W|AG|PB|CU|TE;IRG;Boundary Zone;MAIN;10|16|23|31
A776B866;1;TGGT;CU|MO;PRY|ORO|BXH;Angovia 1;MAIN;17|19
A746F9F0;1;TORO;MO|AS|CU|AG;ORO;Cariboo Goldfields Property;MAIN;23|25|32|34|41
A8633680;1;TARC;N/A;EPTL;San Rafael Vein;MAIN;19|21
A8AEF4A0;1;TRFT;AS|SB|HG;EPTH|BXH;Storm;MAIN;18|23|28
A8C0B23A;1;TORO;SB|HG|AS;PRY|IRG|CAR;Amadeus Zone;MAIN;19|24|25|26|27
A8BEF1DD;1;TARC;N/A;PRY|EPTI;Campamento;MAIN;23|34|35
A9B830E1;1;TARC;N/A;EPTL;Nuevo Milenio Project;MAIN;23|32|34|36
AA3945BB;1;TTRN;N/A;N/A;Pisgah Crater;MAIN;16|20
AA15D6D5;1;TORO;HG;EPTL|ORO;Augusta;MAIN;37|42|43
AB6D0D58;1;TGGT;AS|SB;ORO;Isabelle showing;MAIN;11|14|15
AC1F4503;1;TGGT;N/A;N/A;Wona;MAIN;29|30
AB43744A;1;TORO;N/A;ORO;Rosebel deposits;MAIN;32|40|45
AB72D5CD;1;TTRN;AS|SB|HG|MO|PB|AG|TE;EPTL|EPTH;Golden Arrow;MAIN;39|48|49|56|57
AC5A94C3;1;TCRA;N/A;PLC;DBM Project;MAIN;32|35|41
AD1D8999;1;TGGT;AS|SB;ORO|PRY;Isabelle zone;MAIN;12|13|15|16
AD755402;1;TGGT;N/A;ORO;Kenwest Property;MAIN;23|27
ADFF5BE7;1;TARC;HG|AS|SB;EPTH;Pico Machay;MAIN;24|30|31|33
AE1345E6;1;TARC;N/A;EPTL;El Compas;MAIN;49|53|61
AF27AF85;1;TARC;CU|AS|MO|AG|ZN|PB;PRY|BXH;Greater Cangrejos;MAIN;28|32|46|60
AFDA41AB;1;TARC;N/A;EPTL|EPTI;West Zone;MAIN;36|46|55
B0005694;1;TSED;CU|PB|ZN|AS|SB|HG;N/A;Metates;MAIN;60|61|64
AF987718;1;TTRN;AS|SB|HG|FE|MO|PB|S|SN|W|ZN;EPTH|BXH;Graben deposit;MAIN;59|65|66|69|80
B02E8681;1;TORO;N/A;PRY;Snowfield deposit;MAIN;25|30|36
B036B185;1;TORO;BI|W|AS|MO|TE|SB;IRG;Eagle Zone;MAIN;66|67
B06AB8F9;1;TARC;N/A;EPTL;Saunders Vein System;MAIN;13|21|23|25
B063DDB5;1;TARC;ZN|PB|CU|AS|SB;EPTL|EPTI;El Gallo 2;MAIN;50|58|62
B0CF53B9;1;TARC;HG|SB|AS;EPTL|ORO;Moosehead;MAIN;18|20|26|30|31|32
B0EF340D;1;TARC;N/A;EPTL;La Suerte;MAIN;17|19
B10BD979;1;TGGT;N/A;ORO;Baseline-Nugget Block;MAIN;30|34|35
B18A083A;1;TGGT;N/A;N/A;Wabamisk;MAIN;10|11|13
B337A761;1;TGGT;N/A;ORO;88-60 Zone;MAIN;32|33|34|40
B1D94769;1;TRFT;N/A;EPTL;Brimstone;MAIN;49|53|56
B2DFD2FE;1;TARC;AS;PRY|BXH;Gaby Main;MAIN;38|39|40|41|46|47|49
B3EC2427;1;TGGT;N/A;ORO;Isidora Mine;MAIN;29|31
B38E1E11;1;TARC;AS|AG|CU|PB|MO|ZN|SB;PRY|EPTI;Silver Queen;MAIN;23|36|39|40
B42BE601;1;TCRA;AG|SB;ORO;HNK;MAIN;17|24|30
B44E9D9D;1;TARC;N/A;EPTL;Angela vein;MAIN;23|47|52
B5C1A5B6;1;TARC;N/A;PRY|EPTH;Cerro Casale;MAIN;53|67
B647CCEC;1;TARC;SB|AS|PB|ZN;EPTL|BXH;Dolores;MAIN;24|29
B6EA8AE6;1;TARC;N/A;PRY;Cerro Vetas;MAIN;23|27|30
B532D621;1;TORO;N/A;EPTL|EPTI;Brucejack Property;MAIN;32|37|42|43|53
B7E47AD9;1;TGGT;CU;ORO|PLC|LAT;Groete Creek;MAIN;9|10|11|13
B866216D;1;TARC;SB|CD|MO|AS|PB|AG|ZN;IRG;Red Cliff;MAIN;13|14|17|19
B73F3E59;1;TARC;MO|RE;PRY;Mitchell Zone;MAIN;37|40|58|63
B8B774DD;1;TGGT;N/A;ORO;Link-Catherine;MAIN;36|39
B9036F20;1;TBAC;N/A;PRY;Snowfield Deposit;MAIN;20|26
B9AFBCEF;1;TGGT;SN|MO|W;IRG|ORO;Eagle Mountain;MAIN;34|41|47
B9B8A519;1;TTRN;AS|SB|F|AG|MO|W|CU|PB|ZN|BA;CAR|BXH;144 Zone;MAIN;22|32|33
B990FE83;1;TARC;CU|ZN|PB|AS|AG;EPTH;Binebase-Bawone;MAIN;30|35|38|42
B9E61A61;1;TARC;N/A;EPTL|PRY;Certej;MAIN;29|33
BA5CF869;1;TORO;AS;ORO;Madoc Project Gold System;MAIN;29|40
BA24F5CF;1;TARC;N/A;PRY|EPG;Caramanta Project;MAIN;29|32|37
BA0BF7E6;1;TORO;AS|AG|FE|PB|SB|TL|ZN|TE|BI;PRY;Taldybulak;MAIN;34|44|77
BB28A77A;1;TGGT;TE|BI|MO|AG|B;ORO;Eau Claire;MAIN;25|32
BC8BC891;1;TGGT;K;ORO;Duggan Zone;MAIN;39|42|44|53
BB7115CB;1;TARC;AS|CU;EPG;Sorowar;MAIN;41|42|51|53|58
BB34ACC5;1;TGGT;N/A;ORO;Alimonie South;MAIN;15|17|21|45
BB534F3E;1;TORO;AS|SB|HG|BI|CU|ZN|PB;IRG;Porphyry Knob;MAIN;14|17|18|20
BC910AB0;1;TGGT;N/A;ORO|PRY;Rossmere Property;MAIN;19|24
BD98CCFF;1;TORO;AS|CU;PRY;Tekem;MAIN;11|12|19
BE000072;1;TORO;AS|SB|HG|TL|BA|MO|AG;CAR;New Pass;MAIN;42|47|51|52
BCB749DB;1;TGGT;N/A;ORO;Headway Project;MAIN;20|25|34|35
BE1DA3E4;1;TGGT;CU|MO|TE;ORO;Posse Deposit;MAIN;38|44|46|54|55
C00E85A6;1;TARC;HG|AS|BA|MN|CD|CU|PB|ZN;EPTL|EPTI;San Miguel Vein;MAIN;21|31|41|42|43
BEDF1012;1;TARC;N/A;EPG;Atlanta lode;MAIN;39|43
BFC971A6;1;TARC;AS|SB|HG|CU;EPTH;Cerro Quema;MAIN;30|39|43|44
C012B9BB;1;TARC;N/A;EPTL;El Padre Vein;MAIN;8|9|10|11
C03B8B08;1;TORO;N/A;PRY|MAN;Cerro San Pedro;MAIN;39|45
C07CD186;1;TGGT;N/A;ORO;Barry I Main Zone;MAIN;76|82|85|90
C1432194;1;TGGT;AG|AS|SB|K|LI|BI|W|TE|B|CD|CU|PB|ZN|HG;ORO;Green Camp;MAIN;15|18|19
C0811712;1;TGGT;AG|CU|ZN;ORO;MacCormack;MAIN;15|19|21|33
C2141697;1;TORO;BI|W|AS|MO|TE|SB;IRG;Eagle Zone;MAIN;22|27
C1F2CCE7;1;TCRA;AG|BI|CU|TE|CO;IRG;Limão;MAIN;14|16|17|20
C33C24B7;1;TORO;N/A;ORO;Cuiú Cuiú;MAIN;12|13|14|15
C2BC4720;1;TORO;AG|PB|ZN;ORO|EPG;Cerro Prieto;MAIN;53|58|60|62
C37A67A5;1;TGGT;N/A;ORO|IRG;Bachelor Lake;MAIN;30|33|170|173
C379E321;1;TARC;AG|AS|HG|PB|ZN|SB;EPTL;Kupol;MAIN;30|56|57|60
C37DE96C;1;TARC;N/A;IRG|PRY;Casino B;MAIN;16|17|18|19|20|32
C429625A;1;TGGT;N/A;ORO;Marco Zone;MAIN;11|14
C42A2034;1;TGGT;N/A;ORO;South Block;MAIN;23|24|31
C3B6F355;1;TARC;N/A;EPTI|BXH;Silver Coin;MAIN;33|35|40
C432E9BA;1;TTRN;AG|AS|SB|MO|HG|PB|TE;EPTL|EPTH;Golden Arrow;MAIN;39|48|49|51|56|57|124
C5584557;1;TGGT;CU|AG;ORO;Nyakona Hill;MAIN;30|33|39|46|48|55|56
C514F42D;1;TORO;N/A;ORO;Orion Gold Deposit;MAIN;12|18
C575A2B4;1;TARC;N/A;SKN|EPTL;Nambija;MAIN;17|22|23
C6573B09;1;TGGT;N/A;ORO;Marco Zone;MAIN;10|13|14
C607C0F3;1;TGGT;AS;ORO|IRG|LAT;Kanweaken;MAIN;11|14|15|20|21|23|33
C657A340;1;TARC;AG|BA|HG;PRY|EPTH;Caspiche;MAIN;26|29|33|37
C77D38C3;1;TARC;CU|MO|ZN;PRY|EPTL|BXH;Cerro Vetas-NW Breccia-Chisperos;MAIN;31|43|67|71|72|73|74|79
C75ABF3C;1;TARC;N/A;EPTI;Marmato;MAIN;38|39|44
C85C2176;1;TGGT;N/A;ORO;Orfée and Orfée East;MAIN;11|12|16
C9613727;1;TARC;N/A;EPTL;Topacio Vein;MAIN;13|16
C99F1F1B;1;TGGT;AS;ORO;Busitema;MAIN;28|30|33|35|38
CA72ACFB;1;TARC;AS|BI|SB|HG|CU|PB|ZN;EPTI;Doctors Point;MAIN;30|34|36
CAD9258E;1;TORO;AG|AS|SB;ORO|EPTL;025 Zone;MAIN;19|22|24|26
CB4755CE;1;TRFT;AS|HG|MO|BA|SB|CR;EPTL;Easter vein;MAIN;13|18|20|24
CBE4DF2F;1;TGGT;AG|SB;ORO;Bernadette-Dubeau;MAIN;21|35|37|41
CBD804E3;1;TARC;AS|SB|HG|BI|PB|ZN;EPTL|VMS;Main Homestake deposit;MAIN;15|16|37|40|44|48
CD153874;1;TORO;CU|MO|AS|SB|ZN|PB;IRG|SKN|PRY;Kangaroo;MAIN;16|23|32
CCD87486;1;TORO;N/A;VMS;Yenipazar Deposit;MAIN;19|20|22
CCA7034A;1;TORO;CU|AG|AS|BI|TE|SB|HG;SKN|EPTL|BXH;El Valle-Boinás;MAIN;52|57|63|64
CC8B4105;1;TARC;FE|CO|MN|MO|W|AG|PB|ZN;PRY;Cat Mountain;MAIN;28|29|38|39
CD9704D7;1;N/A;CU|ZN;PRY;Bronson Slope;MAIN;17|18
CD63339B;1;N/A;N/A;EPTL;Cerro Moro;MAIN;23|33
CD1C8D29;1;TGGT;BI|TE;IRG;Hammond Reef;MAIN;45|56|57
CDBA2F7E;1;TRFT;N/A;EPTL;La Bolsa;MAIN;24|29|32
CDFBE139;1;TARC;N/A;EPTL|VMS;Main Homestake deposit;MAIN;38|41|45
CDE3E1E7;1;TORO;N/A;EPTL;Mt. Kare;MAIN;37|44
CEB3E4AC;1;TRFT;AS|HG|SB|TL|K|PB|ZN|MN|CU;EPTL;La Josefina;MAIN;27|34|35|36
CEC900AC;1;TARC;N/A;EPTI;Marmato;MAIN;72|76|77|78
CF443FC8;1;TARC;AS;BXH|PRY|IOC;Sapuchi;MAIN;37|40|45|48
CF0E2D71;1;TARC;N/A;ORO;Noche Buena;MAIN;24|31
CED6137A;1;TCRA;F|BA|CU|U|CO|AG;IOC;South Torrens Project;MAIN;18|20|21|36|94
CF8293FF;1;TGGT;N/A;ORO;Ogden Property;MAIN;16|17|22
CFD844C8;1;TORO;AS|CU|BI;ORO;Los Planes;MAIN;67|83|84|85
CFA15E85;1;TGGT;N/A;PRY;Falcons showings;MAIN;11|13
D009E1D7;1;TTRN;CU|PB|ZN|MO|AS|SB|HG;EPTL|EPTH;Blustry zone;MAIN;31|32|34|40|41
D0768ABA;1;TUNK;N/A;EPG;Kirkland Creek;MAIN;16|20|22|24
D11891E2;1;TARC;CU|MO|TE;PRY;La Arabia;MAIN;16|17|22|24|35
D119AEAB;1;TORO;N/A;EPTI|EPTH;Beregovo;MAIN;12|14|17
D0FF3B2E;1;TGGT;N/A;ORO|LAT;Nyakagwe Hill Area;MAIN;24|28|29|43|56
D19C5BAA;1;TCRA;CU|MO|PB|ZN|AG|AS;IRG;Coringa;MAIN;40|43
D1F75137;1;TARC;N/A;EPTI|ORO|IRG|PRY;Cerro Ventanas;MAIN;39|40|41|42
D1A5AD6B;1;TGGT;N/A;ORO;Irokindinskoye deposit;MAIN;50|51|54|55
D242AA3F;1;TGGT;N/A;ORO;Belleterre Mine Vein System;MAIN;17|20
D28F3EDE;1;TORO;AS|ZN|PB;ORO;Dingman;MAIN;31|41|42|45
D291A6D6;1;TARC;N/A;EPTL|EPTI;San Jorge vein system;MAIN;36|38|40|41|42
D2B04EBC;1;TARC;AG|AS|BI|MO|PB;EPTH|PRY;Aği Daği;MAIN;21|25|31|37
D372704D;1;TORO;CU;ORO;Shear-related gold-quartz veins;MAIN;15|18|24
D3D80FCE;1;TGGT;N/A;ORO;Rocmec 1;MAIN;33|35
D4131525;1;TARC;N/A;EPTL;El Castillo;MAIN;26|27|30|31
D3EF86A9;1;TGGT;N/A;ORO;Volta Grande;MAIN;36|42|43
D4140642;1;TORO;AG|CU|PB|ZN|AS;ORO;Norris Shaft;MAIN;18|25|29|30|31
D42F7FC2;1;TARC;N/A;ORO;Main Zone;MAIN;20|21|22
D52A70A8;1;TGGT;N/A;ORO;Triple Lake;MAIN;20|27
D489F7D8;1;TCRA;N/A;PLC;Potchefstroom Goldfield;MAIN;33|36|45
D4F4FFB3;1;TGGT;PB|HG|MN|V;ORO;Alphonso Property;MAIN;31|37|39
D482FE0A;1;TGGT;AS|AG|W;VMS;FAT deposit;MAIN;46|50|51|52
D54D05F5;1;N/A;N/A;EPTH|PRY;Tumpangpitu;MAIN;28
D5449FF6;1;TORO;AS|CU|BI;ORO;Los Planes;MAIN;61|76|77|78
D5C5FB83;1;TGGT;PB|ZN|W|AS;ORO;Main Zone;MAIN;10|11|12|15
D5E910DD;1;TGGT;AS|W|SB;ORO|VMS;Montgolfier Project;MAIN;21|25|26
D5F9E1F9;1;TARC;N/A;PRY|IRG;St. Eugene;MAIN;20|23|24
D59F4F9D;1;TORO;AS|BI;IRG;Aït Bou-Haddou;MAIN;40|41|62|67|68
D7763843;1;TGGT;N/A;ORO;Apanao;MAIN;21|26
D6B1889F;1;TARC;N/A;ORO|EPTL;Atenea Structure;MAIN;17|18|23|27
D68A71F7;1;TUNK;AS|SB|CU|HG|ZN;EPTL;Eureka West;MAIN;38|48|55|69|70
D70C1D65;1;TBAC;N/A;EPTL;Eureka;MAIN;54|66
D7865667;1;TORO;BI;ORO|IRG;Batman Deposit;MAIN;47|49|50
D892BB6F;1;TARC;AS|SB;EPTL;Ayelen Vein;MAIN;19|30|39
D7DFE69B;1;TORO;N/A;ORO;Orion Gold Deposit;MAIN;12|19
D8DBF1CF;1;TGGT;N/A;ORO;Fuller deposit;MAIN;22|28|29
D933C113;1;TGGT;N/A;VMS;Hadal Awatib;MAIN;63|64|67|68|72|73
D96498B4;1;TGGT;N/A;ORO;Laverty Dyke Gold Zone;MAIN;29|37
DA05D426;1;TTRN;AG|AS|SB|HG|ZN|PB|SE|K;EPTL;Rainbow Canyon;MAIN;10|12|13
D97520D5;1;TPAB;N/A;EPTL;Don Sixto;MAIN;26|27|29|30
DA37339A;1;TORO;BI|SB|TE|MO|AS|CU|AG;IRG;Kopsa;MAIN;24|30|39|42
DA8C4050;1;TGGT;AS|SB;ORO;Bay Whopper Zone;MAIN;16|20|24
DA7664F4;1;TORO;AS|BA|AG|PB|ZN|CU;PRY;Star-Toughnut;MAIN;21|26|29|36
DB3B6C25;1;TGGT;N/A;ORO;McBean deposit;MAIN;29|39|42
DB61E235;1;TGGT;AS|SB;ORO;F2 Zone;MAIN;24|32|33
DBAD91B5;1;TARC;AS|SB|HG|MO;PRY;Prosperity;MAIN;25|31|40
DB659181;1;TGGT;N/A;ORO;Main Zone;MAIN;18|23
DBC6B9F8;1;TORO;BI|TE;IRG|MAN|SKN;Tay-LP;MAIN;23|30|31
DBC8E681;1;TGGT;AG;ORO|VMS;Lucas Gold Project;MAIN;15|18
DBF75A43;1;TORO;AG|CU|ZN|PB|BI;SKN;Mankombiti;MAIN;16|17|23|25|44
DC469CA6;1;TARC;HG|SB;EPTH;Quimsacocha;MAIN;49|55|58|60
DBDB90FA;1;TORO;N/A;PRY|EPG;Çöpler;MAIN;25|27|29|30
DC1F96FD;1;TSED;AG;EPG;Changkeng;MAIN;18|21|25
DCA2781C;1;TORO;BI|AS;ORO|IRG;Batman Deposit;MAIN;59|61|62|66
DCA7E6BA;1;TORO;BI|TE;IRG;Santo Antonio;MAIN;26|29
DC7B20F9;1;TRFT;N/A;EPTL;Burro Vein;MAIN;31|35
DD432179;1;TGGT;N/A;ORO|VMS;MacLellan;MAIN;39|48|50
DD47C28A;1;TARC;N/A;EPTL;Blackwater;MAIN;26|28
DD8FA44A;1;TARC;AS|AG;EPTL;Rosy;MAIN;11|16|18|21
DD806847;1;TARC;N/A;PRY;Snowfield zone;MAIN;23|27
DD5ECD21;1;TTRN;AS|SB|HG|FE|MO|PB|S|SN|W|ZN;EPTH|BXH;Graben deposit;MAIN;61|63|69|71|73|85
DDBF2231;1;TUNK;N/A;ORO;Birch Crossing;MAIN;12|18
DDCC33EE;1;TSED;N/A;PLC;Tailings Dams;MAIN;34|35|36|37
DE18640B;1;TARC;AG;ORO|BXH;Becker Vein Systems;MAIN;11|13|15
DE622E7A;1;TGGT;CU|AS;ORO;Alcourt Veins;MAIN;26|35
DE934319;1;TARC;N/A;IRG|EPTL;El Creston;MAIN;34|40
DEE906E8;1;TORO;AS|SB|HG;SKN|EPTL|BXH;El Valle-Boinás;MAIN;52|57|63|64|65
E025EC71;1;TCRA;N/A;PLC;Bloemhoek Project;MAIN;16|22
DF0E95A3;1;TORO;N/A;ORO;Ondundu Main Zone (OMZ);MAIN;22|27|28
E0265740;1;TARC;N/A;EPTH|PRY;La India;MAIN;80|91|93
E028D348;1;TGGT;N/A;ORO;Marco Zone;MAIN;10|13|14
E096C27A;1;TARC;HG|TL;EPTL;Puma de Oro;MAIN;12|13|14|16
E1E699D6;1;TBAC;N/A;PRY;Snowfield;MAIN;46|49
E1222C61;1;TARC;N/A;SKN;NW Zone;MAIN;32|39|42|940|941|1019|1020
E244D956;1;TRFT;AS|SB|HG;EPTL|CAR;Blue Hill Creek;MAIN;18|19|21|25|26
E2A31657;1;TGGT;N/A;VMS;Hadal Awatib;MAIN;34|38|39
E306B2B5;1;TORO;AS;ORO;West Gabbro Zone;MAIN;18|21|29|31|32
E34B9DC0;1;TGGT;N/A;ORO;Main Zone;MAIN;22|27
E3415F45;1;TRFT;N/A;EPTL;Cahuilla;MAIN;32|37|44
E428745C;1;TARC;N/A;IRG;Zlata;MAIN;12|13|18|22
E4F43CED;1;TARC;AG|CU|AS|MO|TE;EPTH|PRY;La Bodega;MAIN;22|24
E53F0408;1;TGGT;N/A;ORO;Main Zone;MAIN;33|42|43
E6925B4D;1;TORO;AG|AS|PB|SB|ZN;IRG;Mount Hinton;MAIN;17|22|27|28
E54C83EA;1;TARC;N/A;EPTL;Coricancha;MAIN;27|31
E769BEE1;1;TGGT;N/A;IRG;Ateba;MAIN;22|27
E72427A1;1;TGGT;N/A;ORO;I-Zone;MAIN;24|25|30
E7F8F883;1;TARC;AS|SB|HG|TL|AG|BA|NI|B|LI|W;EPTI|EPTL;Los Candelones;MAIN;19|20|21|22|25|27
E83C7661;1;TTRN;AG|AS|SB|MO|HG|PB|TE;EPTL|EPTH;Golden Arrow;MAIN;42|45|46|48|49|57
E8FC8109;1;TTRN;AS|SB|BI;MAN;Fish Property;MAIN;12|16|17|20|21|25
E84C0091;1;TPAB;AS|SB;EPTL;D Reef;MAIN;29|31|34|35
E9CEC9B0;1;TGGT;N/A;ORO;Troy Zone;MAIN;9|12
E9DE2373;1;TORO;AG|CU|AS;SKN;Modoc;MAIN;24|29|30
EA21F35C;1;TARC;AS|SB|BA|MN|HG|SE;EPTL;Varga;MAIN;33|37
EB349854;1;TORO;AS|TE|MO|ZN|PB;ORO;Friday-Petsite Zone;MAIN;23|30|31
EAF4D01E;1;TARC;TE|AS|AG;EPTL|EPTI;Certej;MAIN;24|31|35|36
EB63F1A3;1;TARC;MN|AG|PB|ZN|AS|SB|S;EPTI;Fruta del Norte;MAIN;42|44|55|62
EB80D0D4;1;TARC;N/A;IRG|IOC|PRY|SKN;Susana-Alaska system;MAIN;19|20
EC1110B3;1;TORO;AS|SB|AG|PB;IRG|ORO;Ester Dome vein system;MAIN;33|38|39|44|45|50|52
ED0D8854;1;TARC;N/A;EPTI;First Hit Vein;MAIN;33|40
EDB3E167;1;TRFT;AG|CU|PB|ZN;EPTL;Escondida;MAIN;22|29|49
ECF2A850;1;TGGT;N/A;ORO;Surface Zone;MAIN;12|22
ED6AD103;1;TARC;AG|AS|BI|PB|SB;EPTH|BXH;Thorn Stock;MAIN;17|23|43|44
EECB6360;1;TGGT;N/A;N/A;Golden Gap;MAIN;10|12
EDD885A8;1;TORO;AS|SB;IRG|EPTI|BXH;Golden Ridge;MAIN;21|23|29
EDD0735A;1;TORO;N/A;ORO;Central Deposit;MAIN;40|50
EF8526F4;1;TARC;AG|CU|PB|AS|BI|SN|BA;EPTH|EPTL;Perama Hill;MAIN;28|32
EF8D5275;1;TARC;N/A;PRY|EPTH;Cerro Casale;MAIN;55|70|71
EFACCDBF;1;TORO;AS|CU;PRY;Tekem;MAIN;11|12|19
F01C0559;1;TARC;AG|CU|ZN|AS|SB;SKN;Cerro Jumil;MAIN;23|27|35
F0235C28;1;TARC;AG|ZN|AS|SB|HG|SN|CU|PB|BA;EPTH;Hope Brook deposit;MAIN;53|55|60|65|66|74|79
F0307E0F;1;TGGT;CU;ORO|PLC|LAT;Groete Creek;MAIN;22|25|31
F11F5097;1;TARC;CU|AS;EPTH|BXH;Miwah;MAIN;27|28|31|34|37|39|42
F13893C9;1;TARC;N/A;ORO;Tesoro;MAIN;14|15|17
F14E7308;1;TARC;N/A;EPTL;Pinos Altos;MAIN;80|94
F21C5ABE;1;TARC;N/A;EPTL|EPTI;Cerro Agujerado;MAIN;20|22|27|28
F29A8005;1;TARC;N/A;EPTL;Kamila;MAIN;34|49
F2DD2EB6;1;TGGT;N/A;ORO;Frog's Leg;MAIN;28|32|34
F2F2F5CE;1;N/A;HG|SB|AS;EPTL;Columbia;MAIN;32|35
F397F527;1;TORO;N/A;ORO;Skukum Creek;MAIN;27|36|37
F3B24649;1;TGGT;N/A;IRG|ORO;Hope Area;MAIN;10|14
F3C5FEDC;1;TUNK;AG|CU|PB|ZN|AS|SB|HG;PRY;Metates;MAIN;58|59|62
F406F12F;1;TUNK;AS|SB|CR;IRG;Discovery zone;MAIN;15|19|22|23
F4010243;1;TARC;SB|AS;VMS|EPTI;Amisk gold deposit;MAIN;38|47|50
F7195401;1;TGGT;AS;ORO;Marco Zone;MAIN;10|14|17
F5E68A5A;1;TARC;N/A;EPTH;Kirazlı;MAIN;19|20|27|28|29
F71B3E2F;1;TARC;N/A;EPTL|BXH;SE Project area;MAIN;24|26
F721E8C9;1;TARC;N/A;EPTL;San Francisco vein system;MAIN;20|22
F79F5551;1;TARC;N/A;BXH|EPTL|EPTI;Condor Zone;MAIN;38|43
F77712D3;1;TUNK;N/A;VMS;Lomero-Poyatos;MAIN;39|42
F7D5A8C4;1;TARC;N/A;EPTL|EPTI;Animas/Del Norte;MAIN;43|48
F85ECE1C;1;TGGT;N/A;ORO;Belleterre Extrême Est;MAIN;24|25|27
F80880A3;1;TRFT;N/A;EPTL|EPTH;Fire & Brimstone;MAIN;44|48|51
F7EB5EFC;1;TARC;AG|AS|HG|MO|ZN;PRY|VMS;Kitsault Gold Property;MAIN;29|33|38|43|44|47|51|55|59
F8CB326C;1;TORO;AS|BI|SN|W|AG|PB|TE|MO|SB;IRG;Mashonga;MAIN;25|28|29|38|41
F91B0330;1;TORO;AS|AG|PB|MO|CU|ZN|SB;EPTL|ORO;Gillis;MAIN;10|12|14|18
F94C0800;1;TRFT;N/A;N/A;Lluvia de Oro;MAIN;25|27|28
F9A3218C;1;TORO;AS|BI|SB|HG|PB|MO|W;IRG|PRY;Ida-Oro;MAIN;13|14|16
F9AC91A6;1;TBAC;AS|SB|HG|AG|CU;EPTL;Igwageta;MAIN;16|17|18|20|21|23|27
FA5C9791;1;TGGT;N/A;ORO;Jerome;MAIN;28|32|35
FA18D444;1;TUNK;N/A;EPTL|BXH;Carlos Zone;MAIN;12|15
FA61928D;1;TUNK;PB|AG|SB|HG|AS|CU;IRG;Gold Hill;MAIN;18|20|29|31
FA383E37;1;TGGT;N/A;ORO;Watershed Gold Property;MAIN;31|33|34|41
FB25C1D9;1;TGGT;N/A;ORO;Frog's Leg;MAIN;28|32|34
FB439803;1;TORO;AS|CU|MO|BI|TE|AG|PB|HG|SB|SE|W;ORO|IRG|PRY;Elizabeth Gold Project;MAIN;4|27|29|35|36|37|38|39|41
FA8F27BC;1;TARC;AG|AS;VMS|SKN|EPTL|ORO|PRY;Iskut Project;MAIN;40|48|49
FC856E19;1;TBAC;AS|BI|TE|W|AG|CU|MO|SB|SN;IRG;Shotgun Ridge;MAIN;15|16|19|20|21|22|25|27
FC997059;1;TARC;N/A;EPTL|EPTI;San Miguel Vein;MAIN;17|23
FCC198F8;1;TORO;N/A;ORO;Briggs Mine;MAIN;35|42|44
FCFD9271;1;TARC;AG|CU|AS|MO|TE;PRY|EPTH;California-Vetas property;MAIN;13|14|18
FCC59FF3;1;TORO;AS|SB|HG|BI|CU|ZN|PB|BA|K|S;PRY|IRG;Porphyry Knob;MAIN;16|21|22|23|24|33
FD911BC0;1;TARC;AG|MO|CU;PRY;Snip North;MAIN;18|22
FDC245FF;1;TGGT;ZN|AG|AS;ORO;Dotted Lake Gold Zone;MAIN;20|25|26|32
FE50E8ED;1;TRFT;AS|SB|BA|MN|HG|SE;EPTL;Bell Mountain;MAIN;33|37
FF402B99;1;TORO;BI|NI|AS|CO;ORO|VMS;El Capitan Property;MAIN;27|29|31
FE10B9C9;1;TARC;AS|SB|BA|F|MN|TE|SE|HG;EPTL;Dora Property;MAIN;10|11|16|17
FECD7CE5;1;TARC;AG|AS|HG|PB|ZN|SB;EPTL;Kupol;MAIN;29|55|59
FFD17F91;1;TRFT;AS|SB|BA|ZN|AG|HG;CAR;Signal Zone;MAIN;28|29|35|38|41
0090144A;1;TORO;N/A;EPTI;Callanquitas;MAIN;37|40|42
00A9A277;1;TGGT;BI|W|AS|MO|TE|SB;IRG;55 Zone;MAIN;32|42
00B0C2F1;1;TARC;N/A;PRY;Middle Zone;MAIN;35|37|63
00AA6B20;1;TARC;N/A;VMS;Montauban;MAIN;98|100|101|107|109
00B0D222;1;TARC;HG|AS|SB|MN|MO;EPTL;Argentite prospect;MAIN;40|47|49|54|62
00C30D07;1;TGGT;K|BA|S|AS;ORO;Hardrock;MAIN;111|120|142|143|145
016672B1;1;N/A;N/A;EPTH|ORO;San Martin;MAIN;25
013D8CC1;1;TGGT;N/A;IRG;Windfall Lake;MAIN;59|69|70
0170454B;1;TORO;N/A;ORO;Boulder Vein;MAIN;21|22|25
0166BC15;1;TARC;SB|CD|MO|AS|PB|AG|ZN;IRG|EPTL|BXH;Montrose Zone;MAIN;14|15|16|19|20|21|22|23|24|25
01CA1361;1;TGGT;AS;ORO;Forge Lake Deposit;MAIN;13|16
01AFB15B;1;TGGT;AG|ZN|PB|BI|TE|MO;PRY|ORO;Troilus;MAIN;56|69|82|83|84|85
02306CAA;1;TORO;AS|CU;ORO;Twin Hills;MAIN;130|131|139|142|144
023430FA;1;TORO;AS|SB|W;ORO;Frasergold;MAIN;26|29|30|37|38
01D19BB8;1;TRFT;N/A;EPTL;Gold Springs Project;MAIN;35|42|66
029660AD;1;TARC;N/A;PRY;La Cantera;MAIN;39|41|69
0279E153;1;TORO;SB|BI|TE|W|MO|AS|FE|CU;IRG|SKN;POW Zone;MAIN;28|33|34|39
02B21F25;1;TARC;ZN|PB|AS|SB;EPTH|PRY;Choquelimpie;MAIN;28|37|39|41
02E98515;1;TGGT;N/A;ORO;Gold Peak Property;MAIN;20|24|30
02D89418;1;TARC;AG|ZN|CU;EPTI;La Escandalosa;MAIN;32|33|39|45|46
03061867;1;TORO;N/A;N/A;Augusta Deposit;MAIN;40|41
03138D0C;1;TUNK;AG|CU|AS|TE;IRG;Harrison South;MAIN;10|14|15
033158EF;1;TARC;N/A;EPTL;El Tigre;MAIN;123|132|143
031BA6F8;1;TGGT;N/A;ORO;Tulawaka East Zone;MAIN;25|28|34
03597D79;1;TTRN;AS|SB|BA|MN|HG|SE;EPTL;Bell Mountain;MAIN;50|66|72
03837A5C;1;TORO;N/A;ORO|VMS;Vittantrasket;MAIN;36|43|44
03A01950;1;TARC;N/A;EPTI|EPTH;Callanquitas;MAIN;42|45|49
03B89F30;1;TARC;N/A;EPTL|IRG;Tahuehueto;MAIN;38|42|48|49
039FCB2B;1;TBAC;ZN|PB;EPTL|BXH;Condor Sector;MAIN;42|52
03CDDCA9;1;TARC;N/A;EPTH;Kirazlı;MAIN;82|103
03BDD6E1;1;TBAC;AS|SB;EPG;Golden Gate Gold Project;MAIN;49|57|58|73|77|78
0463AC8C;1;TARC;ZN|AG|PB;PRY|EPTL;San Agustin;MAIN;51|57|60|65
046864C9;1;TRFT;CU|PB|ZN|AG|BA;DFR;Copperstone;MAIN;126|136|137
0495C2EE;1;TRFT;AG|AS;EPTL;Jumbo;MAIN;25|32|51|57
047A999E;1;TGGT;N/A;MIX;Burns Block;MAIN;23|35
04B24AFC;1;TGGT;N/A;PRY|IRG|IOC;Upper Beaver;MAIN;34|43|45
05154BA4;1;TRFT;AS|SB|HG;EPTL;Calandria Sur;MAIN;37|45|54
052B63C5;1;TRFT;N/A;EPTL;Fire Creek;MAIN;40|43|49|57
0573E684;1;TORO;AG|PB|MO|CU|ZN;PRY|SKN;Gold Mountain Project;MAIN;28|31|32
05B5D7FA;1;TORO;AS;ORO;Ngoy;MAIN;40|41|44|50|52|53|54|67
05922523;1;TARC;AS|SB|BA|HG|AG;EPTL;Axel Ridge;MAIN;24|29|30|31|36
05BA8848;1;TUNK;N/A;EPTL;3Ts Vein System;MAIN;31|35
05F3B962;1;TGGT;AS|BI|CU|TE|SB|W|ZN|SN;ORO;Clam Lake area;MAIN;55|58|69|136
062517EB;1;TARC;AG|PB|ZN|CU|AS|SB|HG|BI|MO|SN;MAN;Prospect Mountain;MAIN;48|50|60|67|68
0674B1F3;1;TGGT;N/A;ORO;Black Jack;MAIN;27|35
062010FB;1;TARC;N/A;EPTI;Atenea vein;MAIN;53|60|61|64
06775C60;1;TRFT;SB|HG|AS|TL|BA;CAR;Resurrection Ridge;MAIN;54|59|61
068974C7;1;TARC;AS|BI|TE|AG|PB|ZN|HG|SB;PRY|SKN|BXH|EPTL;Ana Paula;MAIN;38|50|56|57
0689C572;1;TARC;CU|AS|FE|MO|W|AG|PB|ZN|S|SB;EPTL|EPTI|IRG|ORO|IOC;La Reyna Project;MAIN;21|22|32|33
068E4453;1;TORO;HG|SB|AS;ORO;Moosehead;MAIN;17|18|25|26|29
069F5FC8;1;TARC;BA|SB|AS|GA;EPTH|BXH;Küçükdağ;MAIN;50|53|58|60|65|66|85
06A28094;1;TORO;N/A;ORO;New Polaris;MAIN;65|70
06F660C3;1;TARC;N/A;PRY;Selodong;MAIN;4|28|35|36
06E6A106;1;TBAC;ZN|PB|MN;EPTL|BXH;Condor Sector Complex;MAIN;42|51|52|55
06F87064;1;TORO;AS|BI|TE|CU|MO|W;ORO;Laiva;MAIN;102|117|119|140
073C278B;1;TARC;HG|PB|BI|SB|BA|AS|ZN|MO;EPTH|PRY|BXH;Lourdes;MAIN;26|49|50|52|55|57|58|59|65
07004442;1;TARC;AS;EPTL|PRY;Brucejack;MAIN;52|76|78|102
077C76E7;1;TUNK;N/A;EPTL;San Martín;MAIN;24|27
0783A166;1;N/A;AG|AS|SB|W|CD;EPTI;Vetas Gold Project;MAIN;33|36|42
0788E096;1;TORO;N/A;ORO;Badger vein;MAIN;14|15|16|17
079C95C9;1;TARC;N/A;EPTH;Soto Norte;MAIN;57|61
08469733;1;TGGT;N/A;ORO;Red Carbonate Zone;MAIN;21|30
0813E28A;1;TARC;AS|SB|MO|AG|PB;BXH;Barje;MAIN;35|40|57|60
07DC9C2A;1;TORO;SB;ORO;Costerfield;MAIN;58|78|82
0803DCF1;1;TGGT;AS|CU|ZN|AG;ORO;Eagle Mountain;MAIN;51|71|78
086BF6D1;1;TRFT;AG|AS|SB|TL|HG;CAR;Cove;MAIN;46|54|55|58
08EBA161;1;TGGT;N/A;ORO;Gosselin Zone;MAIN;18|30
090B0117;1;TORO;AS|B|BI|HG|SB|TE|W;ORO;Aureus West;MAIN;17|20
0881EC40;1;TARC;N/A;EPTI;Blackwater;MAIN;19|24
091B24D9;1;TGGT;AG|AS|CO|HG|PB|ZN;VMS;Copper Hill;MAIN;24|27|28
091FFD0F;1;TARC;N/A;VMS|EPTI;Candelones;MAIN;71|75|79|82|83
09465DA8;1;TARC;AG|AS|BI;BXH;Oban Zone;MAIN;4|32|40|47|48
094D056A;1;TORO;N/A;N/A;Main Showing;MAIN;11|13|23
092A4067;1;TARC;AS|AG|PB|SB|BI|MO|W|CU|ZN;IRG|SKN;Golden Eagle IRGS;MAIN;32|36|37|38|41|43|44
09B66E85;1;TORO;AG|AS|SB|BI;IRG;Saddle Zone;MAIN;18|23|24|27
09781C7B;1;TORO;W|AS|BI|SN|SB|AG|MO|CU|PB|TE|ZN;IRG;Azatek;MAIN;22|30|33
097F0B3D;1;TGGT;N/A;ORO;Island Gold;MAIN;49|59
098F7942;1;TGGT;N/A;ORO;Monument Bay;MAIN;33|51
0A407096;1;TRFT;N/A;DFR|EPTL;Copperstone;MAIN;43|53|54|55
0A18D534;1;TARC;N/A;SKN|IRG;Los Filos;MAIN;90|93|111
0A515F5C;1;TARC;N/A;EPTL;Kamila-Mercado;MAIN;32|52
0A585AE6;1;TGGT;N/A;ORO;Ogama-Rockland Zone;MAIN;25|32|33
0A86D4DE;1;TARC;AS|MO|SB;VMS|EPTH;Hamama West;MAIN;33|37
0ABBEB42;1;TGGT;CU|MO;PRY|IRG|BXH;Galloway;MAIN;50|54|55|60
0AEBC0CC;1;TORO;N/A;EPTI|EPTL;Zancudo;MAIN;44|58
0B15FD08;1;TARC;ZN|PB|SB|MO|BI|TE|W|SE|MN;EPTH|PRY|EPTL|EPTI|SKN;JD Property;MAIN;38|41|45|47|48|49|55
0B43DFA1;1;TARC;AG|AS|BI|SB|PB|MO|SN;EPTH;La Paila;MAIN;19|22|28|30
0B21F826;1;TTRN;AG|AS|SB|MO|HG|PB|TE;EPTL;Golden Arrow;MAIN;48|57|62|63|65
0B481036;1;TORO;N/A;ORO;Herbert Gold Project;MAIN;20|24|25
0B88EF46;1;TGGT;BI|TE;ORO;Miller Gold Property;MAIN;23|25|26|29
0B846CED;1;TARC;AS|BI|TE|CO|CU|ZN|NI;SKN;Madison;MAIN;46|48|49
0B6B9060;1;TARC;N/A;PRY;Fairholme Igneous Complex;MAIN;21|31|32|34
0C13C7BE;1;TORO;AS;ORO;Belmont Prospect;MAIN;39|40|45
0BA8AEA8;1;TORO;N/A;EPTI|PRY;Zancudo;MAIN;39|51|52
0BF218AA;1;TARC;N/A;EPTL;Premier;MAIN;50|58|71
0C1AEB36;1;TGGT;AS|SB|BI|PB|SE|TE|HG;VMS|IRG;Westwood Mine;MAIN;37|47|50
0C3DB2A5;1;TARC;FE|CU|AS|MO|SB|PB|ZN;EPTH|ORO|IOC;Amulsar;MAIN;66|74|75|77|78
0C2935B6;1;TORO;AS;ORO;Jaclyn;MAIN;40|48|49|59|60|62
0C216B91;1;TARC;N/A;EPTH|BXH;Trixie;MAIN;60|64|68|70|79
0C5C2E37;1;TRFT;AS|SB|HG;EPTL|BXH;Calandria Sur;MAIN;24|34|42
0C45B083;1;TARC;B|AS|SB;EPTL;Cerro Blanco;MAIN;65|66|67|82|91|92
0C936992;1;TGGT;N/A;ORO;Ironwood Gold Deposit;MAIN;30|32|35|37
0C7624B4;1;TRFT;AS|SB|HG;CAR;ESN Project;MAIN;26|28|36|38
0C76FD02;1;TORO;W|BI|TE;ORO|SKN;Björkdal;MAIN;47|49|56|62
0C8731C4;1;TGGT;N/A;VMS|ORO;Rainy River Project;MAIN;139|161
0CBA6B7E;1;TORO;BI|AS|SB|W;IRG;Clarence Stream;MAIN;43|54|57
0D11D818;1;TRFT;SB|HG|TL|BA;CAR;TUG;MAIN;44|52
0D1A36AD;1;TARC;N/A;PRY|SKN|EPTH|EPTL;Minas Lucho;MAIN;12|14|15|20|21|24
0D55B9C9;1;TORO;AS;ORO;West Gabbro Zone;MAIN;28|30|33|36
0D533E47;1;TARC;AS|SB;EPG;Zona Cushuro;MAIN;23|32|33
0D4C3901;1;N/A;AG|AS|CD|CU|MO|PB|SB|ZN;EPTL|SKN|MAN;Blackhawk;MAIN;46|48|58|68|69|72|86
0D970162;1;TARC;N/A;ORO|EPTL|EPTH|VMS;Silver Coin;MAIN;29|31|35|37
0D6FE270;1;TRFT;AG|HG|SE|AS|SB;EPTL|EPTI;Wind Mountain;MAIN;43|47|49
0DA00248;1;TARC;AS|AG;EPTL|CAR;Abong Prospect;MAIN;23|28|32|33
0DAD3FF2;1;TARC;N/A;ORO|IRG;Rey Salomon Vein System;MAIN;24|29
0EAB2679;1;TGGT;N/A;VMS|ORO;Camflo area;MAIN;24|25|29
0EA784A2;1;TARC;ZN;PRY;Red Mountain;MAIN;49|50
0DBFD9F8;1;TORO;TL|LI|SB|BI|TE|AS|SE|SN;EPTH|EPTI;Trixie;MAIN;74|81|120
0E44C032;1;TGGT;N/A;VMS|ORO;Rainy River Gold Project;MAIN;4|36|56
0EB42FA7;1;TGGT;N/A;ORO;Magino;MAIN;73|74|75|83|84
0ED1D1A1;1;TUNK;N/A;EPTL;Atlanta lode;MAIN;28|29
0EB7F341;1;TGGT;AS;ORO;Plutonic Gold Mine;MAIN;39|44|53
0EDEE13A;1;TARC;AG|AS|SB|MO|HG|PB|TE;EPTL;Golden Arrow;MAIN;48|57|62|63|65
0EE39F61;1;TUNK;N/A;EPTI|EPTL;Rosia Montana;MAIN;23|26
0EE4F079;1;TGGT;N/A;VMS;Sleeping Giant;MAIN;75|93
0EE862D7;1;TRFT;AG|SB|AS|BA|HG;CAR;Pinion;MAIN;55|56|60|70|75
0F7BF77D;1;TARC;ZN|CU;BXH|EPTH|EPTI;Hod Maden;MAIN;123|137|138|147
0FAD2F80;1;TGGT;N/A;PRY|BXH;Troilus;MAIN;36|48|49
0F87030B;1;TORO;AS|SB|HG|TL|BA;ORO;Reedy Creek Goldfield;MAIN;32|36|37
100C4575;1;TARC;ZN|PB|SN|W|BI|SB;IRG|EPTL;Kora;MAIN;60|62|69|74
100C8CDF;1;TORO;CU|AS;IRG;Mega Gold;MAIN;51|63|65|66
101CC79F;1;TARC;N/A;BXH;La Fortuna Mine;MAIN;12|15
105EBA36;1;TORO;AG|AS|BA|BI|CU|PB|SB|W|ZN|CD|MN|FE;ORO;Pat's Pond Veins;MAIN;13|14|17|18|19|21
10564A41;1;TRFT;N/A;EPTL|EPTI;Escondida;MAIN;43|46|62
109F30F9;1;TGGT;N/A;ORO;Cameron Gold Deposit;MAIN;64|88|89|90|91
10BE7C73;1;TGGT;CU|ZN|PB;VMS;Cabaçal;MAIN;114|125|130|131|134
11348800;1;TORO;AS|BI|TE|CU|MO|AG|B|SB|W;ORO;Laiva;MAIN;65|79|81|94|103
11A9E9B0;1;TGGT;N/A;ORO;Aurtois block;MAIN;38|39|43|44
10DC6D99;1;TGGT;ZN|CU|PB|AG|CD;ORO|VMS;Perron Gold Zones;MAIN;99|116|139|140|141|150|153|154
11CE4691;1;TGGT;N/A;N/A;Gold Peak;MAIN;21|29
11C8D15F;1;TORO;AG|AS|PB|CU|ZN;ORO;Atygai;MAIN;23|29|37
11DCC9C7;1;TRFT;AG|AS|HG|SB;EPTL;Dutch Flats shear zone;MAIN;42|51|52|57
11F421F6;1;TORO;BI|W|AS|MO|TE|SB;IRG;Eagle Zone;MAIN;69|73|81
11FC537F;1;TTRN;AS|AG|SB|MO|W|PB|S;EPTL;Amsel;MAIN;30|35|40|43|54|70
12432632;1;TRFT;N/A;EPTL;Fire Creek;MAIN;61|83
124A02F6;1;TORO;N/A;ORO|EPTL;Cerro Prieto;MAIN;79|84
130E9807;1;TORO;N/A;N/A;Lullwitz-Kaeppeli;MAIN;25|32
125E9D58;1;TGGT;N/A;ORO|PRY;Magino Deposit;MAIN;72|73|74|94
13211486;1;TGGT;N/A;PRY;Canadian Malartic deposit;MAIN;64|68
13297E8F;1;TGGT;N/A;ORO;Norwalk Gold Mine;MAIN;19|24
13596D13;1;TGGT;N/A;IOC|PLC;BIF-hosted gold anomaly;MAIN;15|18|19|20
133D40B2;1;TARC;N/A;VMS;More Creek Rhyolite VMS;MAIN;22|30|34
138EFA1B;1;TORO;MO|AG;PRY;Golden Girl;MAIN;34|38|42
14024B88;1;TORO;N/A;ORO;Ernesto Complex;MAIN;92|105|106
13D0D1BF;1;TARC;MO|PB|ZN|AS|MN;EPTI;Altan Nar;MAIN;29|39|43|46
13DEC4A7;1;TBAC;AS|SB|HG;VMS;Eskay Creek;MAIN;94|97|109
142921A8;1;TGGT;CU|ZN|PB;VMS;Cabaçal;MAIN;69|75|79|82|84|88
144E8ECF;1;TORO;N/A;ORO;NX Gold Mine;MAIN;39|40|44
1450D427;1;TGGT;N/A;ORO;Soocana Vein System;MAIN;24|26|28
14BF89B8;1;TORO;AS;ORO;Golden Chest;MAIN;37|41|42
1457F229;1;TORO;BI|W|TE|AS|SB|MO|CO|CU|FE|MN|PB;IRG;Florin;MAIN;28|34|35
154B5B73;1;TGGT;N/A;ORO;Cossette vein;MAIN;34|35|39|42|47
151315D2;1;TARC;N/A;SKN|PRY;Santa Rita;MAIN;27|30
157D2EAE;1;TARC;N/A;SKN;Santa Rita;MAIN;38|41
162B8BDD;1;TARC;AS|SB|HG;EPTL;Hercules Project;MAIN;20|24|31|32|74|82
15CB25BF;1;TARC;ZN|PB|MO|AS|SB|BI;PRY|EPTH;White Pass zone;MAIN;53|54|61|65|72|76|78
16307F04;1;TARC;N/A;ORO|PRY|EPTI;Main Veins;MAIN;46|55|74|75|77
1638EB57;1;TARC;AG|AS|BI|SB|PB|MO|SN;EPTH|EPTL;La Paila;MAIN;20|29|32|34
164F80DA;1;TTRN;AG|AS|HG|MO|SB|SE|TE|TL;EPG;Brett;MAIN;23|30|38|39|44
164098C0;1;TARC;N/A;EPTL|EPTI;El Gallo Gold;MAIN;52|66
165C4EB3;1;TARC;MO|ZN|AS;PRY|EPTH|BXH;Blue Lake;MAIN;20|22|23|24|26|27|28|30|31
16735AF5;1;TORO;N/A;ORO|EPTL;San Albino Gold Deposit;MAIN;22|27
1727DA64;1;TARC;N/A;EPTH;Corihuarmi;MAIN;25|28|31
173E4FE1;1;TUNK;AG|CU|PB|ZN|AS;BXH|ORO;Daye;MAIN;24|30|31
176CDDD8;1;TORO;AS;IRG|ORO;Apex Zone;MAIN;51|61|64
17A7657B;1;TORO;N/A;SKN|EPG;Centennial;MAIN;60|66|67
17FED0B1;1;TORO;N/A;N/A;Mary K vein;MAIN;24|28
18046CF4;1;N/A;N/A;EPTL;San Martin;MAIN;35|36
182A77F2;1;TORO;N/A;PRY;Wharf Operation;MAIN;54|78
1875EA2E;1;TORO;N/A;ORO;Songjiagou;MAIN;41|48
187223DE;1;TARC;AG|AS|HG|SB|MN;EPTI|EPTL;Ixtaca Zone;MAIN;19|27|28|31|39|42
18AF4275;1;TORO;AS|W;ORO;Golden Culvert;MAIN;26|27|30|37
18996BFA;1;TARC;N/A;EPTI|PRY|ORO;Brucejack;MAIN;29|56
18A27718;1;TGGT;N/A;ORO;Beta Hunt Gold;MAIN;54|69|70|71
18B2B74A;1;TORO;BI|W|MO|TE|AS|SB|CU|SN|PB|ZN|AG;IRG;Sergeevskoe;MAIN;38|50|52
18C5AEE0;1;TARC;AS|SB|CU|ZN|PB|CD;EPTL;LG Vein;MAIN;22|23|46|55
190643E7;1;TARC;AG|AS|HG|SB;EPTL;Omui;MAIN;32|37|38|42|45
18E9987B;1;TGGT;K|RB;PRY|EPTL|BXH|ORO;Springpole;MAIN;27|28|32|33|34
18E1E02B;1;TARC;BI;ORO|PRY;New Brenda Property;MAIN;19|22
19607763;1;TBAC;N/A;PRY|BXH|SKN;Didipio;MAIN;62|64|70|72|73|74
19D4F2E9;1;TORO;AG|CU|PB|ZN;ORO;Central Zone;MAIN;43|59|60|73
19CF3B1D;1;TGGT;N/A;ORO|PRY;Upper Beaver;MAIN;35|38
19EF2469;1;TARC;N/A;EPTL|BXH;San Martin;MAIN;36|37|68
1A22E4A9;1;TORO;N/A;EPTL;Nasedkino Gold Project;MAIN;37|41
1A2229BD;1;TARC;N/A;PRY;Cangrejos;MAIN;97|107
1A73D9F5;1;TGGT;N/A;N/A;Gold Recovery Stockpile;MAIN;8
1A574C70;1;TARC;AS|HG|SB;EPTI|EPTL;Ixtaca Zone;MAIN;36|44|49
1AE07940;1;TORO;N/A;ORO;Cape Ray Gold Deposits;MAIN;47|51|62
1B10FAEE;1;TORO;N/A;ORO;Briggs;MAIN;49|51|64|65|66
1AF4088F;1;TGGT;N/A;IRG|ORO;Windfall Lake deposit;MAIN;159|216
1B1A8060;1;TARC;CU|MO;PRY;Cerro Vetas;MAIN;35|46|81|82
1B49D637;1;TBAC;AG|AS|SB;EPTL;Kutel;MAIN;37|53|57
1B71569A;1;TTRN;ZN|PB|CU|HG|SB|S;EPTH|MAN;Santa Fe Project;MAIN;69|70|77|78|85
1B9A16FA;1;TORO;ZN;ORO;Boulder Vein System;MAIN;23|24
1BC95D00;1;TGGT;AS;ORO|PRY;Wabamisk;MAIN;17|23|32
1BD506C8;1;TARC;N/A;EPTI;Bonanza Vein System;MAIN;83|93|97
1C6E570E;1;TGGT;N/A;ORO|VMS|BXH|EPG;Main/North/Taché Zone;MAIN;31|32|46|48|51|52
1BE83F27;1;TGGT;AS|MO|BI;PRY|ORO;Boddington;MAIN;49|56|57|58|59
1C7B2281;1;TARC;AS|SB|BA|F|MN|TE|SE|HG;EPTL;SB Property;MAIN;12|14|15|21|23|25|30
1CC0CA90;1;TORO;CU;PRY;Gold Mountain Zone;MAIN;32|33|44|46|47|58
1CD4D304;1;TGGT;N/A;ORO;N.A Timmins/Rochelom showings;MAIN;43|44|48|49
1CE1CCFC;1;TGGT;N/A;ORO;Young Buck Showing;MAIN;32|33|52
1D09873A;1;TGGT;N/A;ORO;Gossey Deposit;MAIN;34|35|46|48
1D2BE6F4;1;TARC;CU|MO|W;IRG|ORO;Palito Mine;MAIN;40|48|54
1D57A947;1;TORO;N/A;PRY|EPTL;Çöpler;MAIN;82|98
1D57CAA7;1;TRFT;AS|SB|HG;EPTL;Blue Hill Creek;MAIN;28|32|43|47
1D3F8062;1;TARC;N/A;EPTL;La Colorada;MAIN;28|36
1D75DDF7;1;TTRN;HG|BI|MO|AS|SB|W|SN|PB|ZN|BA;EPTH|BXH|PRY;Radar Project;MAIN;6|26|27|34|35|37|38
1DBED587;1;TGGT;N/A;ORO|VMS|PRY;Blue and Berry;MAIN;26|36
1D79DBC9;1;TARC;AS|BI|CU|MO|SB|SE|TE|SN|TL;EPTI|PRY;Dupont/Baker;MAIN;36|39|59|60|61|63
1DA52531;1;TARC;TE|SE|BI|MO|HG|SB;EPTI|VMS;JT Deposit;MAIN;53|83|84|88|89
1DD4D24B;1;TARC;BI|W|AS|PB|SB|CU|ZN;IRG|ORO;Baner Project;MAIN;27|34
1DF91E24;1;TORO;PB|AS|AG;ORO|EPG;Lac Arsenault;MAIN;13|35|36|37|43|44|62
1E3A6496;1;TRFT;AG|SB|AS|BA|HG;CAR;Pinion Deposit;MAIN;46|48|51|55|57|62|63
1E4DAD52;1;TARC;AG|MN|PB|ZN|CU|MO;EPTI|EPTH|BXH|VMS;Hot Maden;MAIN;40|45|46|55|61
1E65C3E3;1;TORO;AG|PB;EPTL;Mayflower Mine;MAIN;36|40|41|42|46
1EEB924D;1;TARC;N/A;EPTH|ORO;Amulsar;MAIN;28|35
1EEEBD3C;1;TGGT;N/A;ORO;Passendro Project;MAIN;21|23
1EA15EAC;1;TRFT;AS|SB|HG|MO;EPTL;Tuscarora Property;MAIN;25|26|27|32
1F113F28;1;TORO;AS|HG|SB|TE;CAR;Pipeline West/Clipper;MAIN;34|41|45
1F674879;1;TGGT;N/A;ORO|IRG;Bachelor Deposit;MAIN;43|46|49
1F5496B5;1;TBAC;N/A;EPTH|EPTI;Breznik;MAIN;14|17
1F6554D6;1;TORO;SB|AS|AG;IRG|ORO;Discovery Zone;MAIN;15|28|29
1F837F3A;1;TARC;AG|PB|ZN|K;EPTL;Big Missouri Area;MAIN;19|27|35|38
1FCDC14D;1;TARC;N/A;EPTL|EPTI|BXH;Electrum;MAIN;52|68|76
1F90EDB0;1;TORO;HG|SB;ORO;Main Zone;MAIN;35|39|41|45
1FE17C15;1;TARC;N/A;EPTL;Moss Vein;MAIN;44|45|53|60
1FE70C03;1;TRFT;AS|SB|HG|ZN|TL|AG;CAR;Griffon;MAIN;25|36|37|41
202DCEFC;1;TGGT;B|AS;ORO|VMS;Savant Lake Vein System;MAIN;25|35|38|40|45
20120D5E;1;TARC;ZN;IRG|PRY|BXH;Red Mountain;MAIN;44|55|56
206B2194;1;TORO;N/A;SKN|EPG;Centennial;MAIN;56|58|61|62
208C4578;1;TGGT;AS;ORO|PRY;Main Stripped area;MAIN;15|21
20E70C31;1;TORO;N/A;ORO;Curraghinalt;MAIN;5|35|50|51
20F73A15;1;TGGT;N/A;ORO;Lamaque Mine;MAIN;69|83
21397674;1;TGGT;N/A;VMS;Vila Nova;MAIN;31|33|49|50
21232535;1;TBAC;AS|SB|HG|TL|TE;EPTL;Kostilkovo Gold Project;MAIN;38|41|52|61|87
215FF174;1;TARC;CU|AS|SB|PB|BA|AG|HG|ZN|SN;EPTH;Hope Brook;MAIN;79|81|87|91|92|97|111|112
2180DC51;1;TGGT;AS;ORO;Kirana Break;MAIN;54|59
21616C27;1;TRFT;AS|HG|SB|AG;EPG;Grayson Property;MAIN;24|25|34|36|39|41
21CD3C3F;1;TTRN;N/A;EPTH;Goldfield Main;MAIN;55|62
21889E1D;1;TBAC;PB|SB|MO|BI;EPTL;La Libertad vein system;MAIN;48|50
22003F2D;1;TGGT;CU|MO|BI;PRY;MOP-II;MAIN;29|35|38
220B3C8E;1;N/A;N/A;IRG;Project Concession;MAIN;14|16|22|23
2236ED25;1;TGGT;AS;ORO;Goose Site;MAIN;68|85|94
22158B32;1;TRFT;N/A;EPTI;Efemçukuru;MAIN;46|48|54
227384AB;1;TGGT;N/A;ORO;Eagle River;MAIN;55|61
2247650C;1;TORO;SB;ORO;Costerfield;MAIN;57|62|64
22AD3A96;1;TGGT;BA|W|SB|TE|MO|AS;ORO;Buffalo Ankerite;MAIN;80|89|95
22A21F9B;1;TORO;N/A;ORO|IRG;Segovia;MAIN;68|72|82
22B0F479;1;TUNK;AG|AS|SB|HG|TL;CAR;Goldstrike;MAIN;63|73|75|80|81
22EE8AF2;1;TGGT;K|RB;PRY|EPTL|BXH;Springpole;MAIN;75|79|80
23E2AB4F;1;TARC;N/A;IRG;Gramalote Ridge;MAIN;74|88
236C70C8;1;TGGT;W|AS;ORO;Pickle Crow;MAIN;52|79|87|88|91
23A8303F;1;TORO;AS|BI|CU|PB|SB|AG;CAR|SKN;Black Rock Canyon;MAIN;31|32|36|38
2300FDF5;1;TORO;N/A;IRG;Gramalote Ridge;MAIN;74|88
23FDF32D;1;TARC;N/A;PRY;Sullivan;MAIN;97|104|105
23E75060;1;TGGT;N/A;ORO;Rice Lake Mining Complex;MAIN;19|26
23EF2460;1;TRFT;N/A;PRY;Kışladağ;MAIN;47|53
23FB6FA3;1;TARC;N/A;EPTL;El Zapote;MAIN;35|36|38|45
2403233F;1;TGGT;N/A;ORO;Main Zone;MAIN;34|35|39
246B6C08;1;TGGT;N/A;ORO|IRG;Zone 18;MAIN;39|49|51
2489595B;1;TORO;AG|AS|BI;N/A;Plumas Property;MAIN;22|30|31
244E33F1;1;TORO;AG|AS|SB|PB|ZN|F|BA|V|TE|BI|W|SN|CU|MO;PRY|SKN|EPTL|EPTI|IRG|PLC;Tirokave;MAIN;37|42|53|54|55|77|78
248A80DD;1;TRFT;N/A;EPTL;Wildcat;MAIN;100|113
24B6ED4E;1;TORO;N/A;ORO;historic Shakespeare mine;MAIN;24|29
24AC8644;1;TARC;PB|ZN|FE|S|MO;IOC|PRY;Rio Grande;MAIN;28|29|39|46
24AE47D4;1;TARC;N/A;EPTL|EPTI;Coneto Project;MAIN;12|33|37|51
2599A162;1;TARC;FE|CU|PB|ZN|AG|BA;VMS;La Lechoza;MAIN;25|30|31|38
256394E9;1;TORO;AS|SB|HG|CU|AG|BI|TE;SKN|EPTL|BXH;El Valle-Boinás;MAIN;35|36|43|47|48
254D5EBC;1;TRFT;AS|SB|HG|SE;EPTL;Kilgore deposit;MAIN;67|68
250164CA;1;TARC;AG|SB|AS|BI|CD|CU|FE|HG|PB|S|W|ZN;EPTI|EPTH;Shahuindo;MAIN;85|96|100
25A7823F;1;TARC;AG|AS|SB;EPTL;Bayan Khundii;MAIN;81|96|100
25C0ABB4;1;TGGT;BI|AS|W|TE|SE|PB;IRG;Cheechoo;MAIN;53|54|61|62
25E7B8DC;1;TARC;AS|PB|MN|HG|ZN;PRY|EPTI|SKN|MAN;Çöpler;MAIN;88|91|106
25EF814D;1;TARC;CU|PB|SB|BA|AG|HG|ZN|AS|SN;EPTH;Hope Brook;MAIN;44|46|56|61|69|70
26140A92;1;TORO;N/A;PRY|SKN|IRG|EPTL;Nucleus Zone;MAIN;24|38|43|46|62
269058A8;1;TARC;N/A;ORO;SMG deposit;MAIN;47|50|54
26934DE8;1;TGGT;N/A;N/A;Wasamac deposit;MAIN;55|68
26D7FC67;1;TARC;SB|CU|MO|ZN|PB|HG|BI|U|AG;ORO;Boulder and Argillite Veins;MAIN;29|37|43
26AF7232;1;TARC;ZN|AG|CU|BI|MO;EPTI|EPTL;Blackwater;MAIN;100|114|120
26DAD65A;1;TARC;K|BA;VMS;Montagne d'Or;MAIN;37|40|44|47
26F4B236;1;TARC;AG|CU|ZN|AS|SB|BI|PB|SE|TE|HG;VMS;Montauban deposit;MAIN;92|94|101|103
26EED897;1;TRFT;N/A;EPTL;North Jumbo;MAIN;47|54|120
26F52283;1;TGGT;N/A;ORO;Macassa Mine;MAIN;26|27|32
2733C2DC;1;TORO;SB;ORO;Costerfield;MAIN;54|61|71|72
277066F5;1;TGGT;N/A;ORO;Ishkoday;MAIN;34|37|39
278777FD;1;TARC;AG|AS|SB|MO|CU;PRY|EPTL;Kabang;MAIN;24|25|28|29|31
27A66A82;1;TGGT;N/A;ORO;Rollo Property;MAIN;15|19
278C5D9A;1;TARC;CU|MO;PRY|BXH|EPTL;Cerro Vetas-NW Breccia-Chisperos;MAIN;33|45|52|69|73|74|75|76
2798BB0A;1;TGGT;N/A;PRY|EPTL|BXH;Springpole;MAIN;30|33|35
27B1AD13;1;TORO;PB|ZN;ORO;Cape Ray Gold Deposit;MAIN;49|64|65|70
285CAFFC;1;TARC;N/A;PRY|EPTI;Whistler Deposit;MAIN;36|38|59|60|70
2882AA24;1;TUNK;BI|W|TE|AS|SB|CO|CU|FE|MN|PB;IRG;Jethro Structure;MAIN;13|17|18
28D949DC;1;TARC;AG|BA|CU|PB|ZN;EPTH|EPTL;Los Venados;MAIN;35|44|45|46|47
27E713E8;1;TARC;AS|SB|AG|CU|PB|HG|BI|ZN|MN|MO;EPTH|EPTL|PRY;Las Pampas;MAIN;39|40|42|56|59|60|63|69|71|72|73|74|75|82|85
292E65F4;1;TARC;N/A;PRY|EPTI;Whistler Deposit;MAIN;37|39|60|72
28EBC9F8;1;TARC;N/A;IRG;Serra Alta;MAIN;86|89|96|101|102
28F8F5BC;1;TORO;SB;ORO;Costerfield;MAIN;56|64|75
298F6B30;1;TGGT;CU;ORO|IRG;Dickens Lake Property;MAIN;20|23|24
296FB1D8;1;TGGT;ZN|CU|PB|AG|CD;ORO|VMS;Perron Orogenic Gold System;MAIN;58|72|91|92|98|101
298B9AB6;1;TGGT;N/A;ORO;Detour Lake deposit;MAIN;57|75
29A622D6;1;TGGT;N/A;PRY;Falcons showings;MAIN;12|15
29FF6AC1;1;TGGT;AG|ZN|CU|AS;VMS;Black Dog Zone;MAIN;31|33|37|38
2A211886;1;TARC;N/A;EPTL;Pavon;MAIN;30|33
2A29512B;1;TORO;W|BI|CU|PB|ZN|MO|AG|SN|AS;IRG;Trun;MAIN;42|43|49|54|56|60|66
2A4816C3;1;N/A;N/A;EPTL;Moss Mine;MAIN;36
2AA338F6;1;N/A;N/A;PLC;Drybread;MAIN;24
2A8EBAD3;1;N/A;AG|AS|SB|K|LI|BI|W|TE|B|CD|CU|PB|ZN|HG;ORO|EPTI;Salmon Property;MAIN;15|16
2AD3818D;1;TUNK;N/A;EPTL;Chilko Property;MAIN;14|20
2AB98F65;1;TARC;K;EPTL;Ada Tepe;MAIN;50|54|55
2AD8235A;1;TARC;ZN;PRY;Red Mountain;MAIN;44|49|50
2B197A7F;1;TGGT;N/A;ORO;Philibert-I Showing;MAIN;26|35
2AEF1702;1;TORO;BI|TE|AS|W|SB|CU|PB;IRG;Valley;MAIN;31|38|40|44|52
2B2256D4;1;TARC;N/A;PLC;Nechí alluvial deposits;MAIN;59|61|64|67|68
2B556A56;1;TGGT;N/A;ORO;Monster Lake Shear Zone;MAIN;25|26|28|37
2B213DB7;1;TGGT;AG|CU;ORO|IRG;Morono M Zone;MAIN;71|73|82|87
2B1BF487;1;TARC;N/A;PRY|EPTI;Brucejack Deposit;MAIN;31|44|58
2BA444DA;1;TORO;N/A;ORO;A-1 Zone;MAIN;30
2BD6A010;1;TARC;ZN|PB;PRY|EPTL;White Pass zone;MAIN;46|54|58|62
2BE274E7;1;TARC;CU|MO|AS|BI;PRY|BXH;Alotta;MAIN;30|38|41|43
2C085221;1;TARC;N/A;EPTL;San José de Gracia;MAIN;22|30|31
2CA3F481;1;TARC;AS|SB|HG|TE|PB|ZN|BI|CU|V;EPTL;Pozo del Gringo;MAIN;24|32|39
2C0C0C0B;1;TARC;CU|MO;PRY;Main Zone;MAIN;16|24|26|33
2CCC1EE3;1;TORO;AG|AS|SB|K|LI|BI|W|TE|B|CD|CU|PB|ZN|HG;ORO;Irokindinskoye;MAIN;35|36|37|38
2C130F0E;1;TARC;ZN|AG|CU|BI|MO;EPTI|EPTL;Blackwater;MAIN;77|87|90
2CEFBFD8;1;TORO;N/A;CAR;Black Horse;MAIN;32|34
2D09CD8D;1;TARC;N/A;EPTL;Nuevo Milenio;MAIN;12|19
2CE8BABD;1;TARC;MO|S|PB;EPTL;Bayan Khundii;MAIN;13|32|33
2D0095C7;1;TRFT;PB|ZN|AG;EPTI|BXH;ATO;MAIN;49|50|52|54|58
2D3D88F8;1;TARC;AG|PB|ZN;EPTL;Big Missouri Deposit;MAIN;23|26|29
2D5553AA;1;TGGT;AS|SB|MO|TE|AG|ZN;IRG|ORO;Nelligan;MAIN;32|49|50|51
2DC6AF0E;1;TGGT;N/A;ORO;Main Zone (Viking Zone);MAIN;22|23|27|30
2D6CE2F9;1;TGGT;N/A;ORO;Granada;MAIN;38|46
2D90773D;1;TARC;AS;EPTL|EPTI;San Miguel;MAIN;35|36|40|59|62
2DE101D3;1;TARC;N/A;EPTL;Coricancha Mine Complex;MAIN;68|80
2DF2297F;1;TORO;PB|AS|AG;ORO;Lac Arsenault;MAIN;34|35|40|44|63
2DF06B23;1;TORO;AG|PB|AS|CU;CBM|PRY;Klaza Deposit;MAIN;22|28|33|34|35|97
2E2ADB8A;1;TARC;N/A;PRY;Boda;MAIN;36|38|45
2DF1505C;1;TARC;N/A;VMS|EPTI;Candelones;MAIN;71|77|80|94|95
2E57C9C0;1;TRFT;N/A;EPTL|EPTI;Martinetas;MAIN;65|67|72|74|87|98
2E95520C;1;TORO;BI|AG|AS|S|CU;ORO|IRG;Preview SW;MAIN;107|119|120|121
2ED64B88;1;TORO;AS;ORO;Selinsing;MAIN;59|63|64
2EC929DB;1;TARC;AG|ZN|CU;EPTI;Romero;MAIN;52|53|61|66
2F09AAC5;1;N/A;N/A;EPG;Las Juntas area veins;MAIN;19
2F5E8D68;1;N/A;CU|PB;N/A;Koster Dam;MAIN;8
2F6D3B65;1;TORO;AS|CU|MO|BI|TE;ORO;Elizabeth;MAIN;58|78|80|82|83
2F7EBA4A;1;TARC;N/A;PRY;Cerro Porfiro;MAIN;24|33|35
2F7468E3;1;TGGT;N/A;ORO|VMS;Pluto Property;MAIN;25|31
2FC72C40;1;TARC;AS|SB|HG;EPTL;Wires Prospect;MAIN;55|57|61
30053B98;1;TBAC;N/A;ORO|IRG;Palito;MAIN;36|44|46
305FCE81;1;TRFT;N/A;EPTL;Vernal;MAIN;18|23
300FEDE7;1;TARC;TL|RB|K;EPTL;Lawyers Trend;MAIN;83|90|92|97|99|111|112|116
3022F210;1;TGGT;MO|W;ORO;Ikkari;MAIN;83|102|109|111
30929FCC;1;TORO;N/A;EPTL|EPTI;Zancudo;MAIN;38|51|53
3085E31C;1;TARC;N/A;EPTL|EPTI|BXH;Condor breccia, dyke and dome complex;MAIN;43|61
30BF9789;1;TGGT;S|CU|MO|SB|BI|W|PB|ZN|TE|HG|AS|AG;ORO|VMS;Perron Gold Zones;MAIN;77|91|110
30EAF13D;1;TRFT;SE|S|HG;EPTL|EPTH|PLC;Sleeper;MAIN;43|47|58|68|69|70
313F913F;1;TORO;BI|TE|AG|PB|ZN;IRG;El Gualtal;MAIN;17|19|25
3150297D;1;TORO;AS|CU|AG|HG|SB;SKN|IRG;Biricu Property;MAIN;16|17|22|25|31|32|33|40
311404CD;1;TGGT;N/A;VMS|ORO;Rainy River Gold Project;MAIN;129|157
3167CC26;1;TBAC;CU|PB|ZN|AG|AS|SB;ORO;Middle River Gold Zone;MAIN;39|43|61|62|71|74|90
3182039A;1;TARC;AG|PB|ZN|K;EPTL;Big Missouri;MAIN;35|38|44
31B2F2EE;1;TARC;N/A;IRG|PRY|EPTL|BXH;La Fortuna;MAIN;46|48|53|54
3185C8FC;1;TORO;AG|PB|AS|CU;EPTI|EPTL|PRY|CBM;Klaza;MAIN;51|56|62|64
31F34736;1;TORO;AS;ORO;Golden Chest;MAIN;38|39
31D4C581;1;TORO;CU|PB|ZN|AS;SKN;Los Filos;MAIN;51|69|78|79
322B4273;1;TORO;AS|SB|HG|TL|W|MO;CAR;Wings Point;MAIN;16|18|20
323141BC;1;TARC;ZN|AG|PB;PRY|EPTL;San Agustin;MAIN;50|59|64
3279BA52;1;TGGT;N/A;ORO;Chibougamau property;MAIN;32|34|37
323E790F;1;TGGT;N/A;EPTL|VMS;Berens River;MAIN;25|33|37
32F18F09;1;TARC;N/A;VMS;Back Forty Deposit;MAIN;76|78|80|96|97|99
333B3B57;1;TGGT;N/A;ORO;Boyden;MAIN;24|25|29
3311C0B8;1;TARC;N/A;VMS;Lalor;MAIN;46|49|54|55
33701C20;1;TARC;AG|SB|CU|HG;EPTL;Drumlummon;MAIN;48|50
3322F5C1;1;TORO;N/A;SKN|EPG;Mt. Hamilton;MAIN;7|60|66|67
33D98D15;1;TARC;AS|SB|NI|BI;N/A;Kodiak Project;MAIN;14|19|21
34397D2A;1;TORO;AG|BI|TE|HG;ORO;Lira;MAIN;35|41|63
33A279AE;1;TARC;CU|MO|AG|PB|ZN|AS;EPTI|PRY|SKN;Umuna;MAIN;30|31|41|46|49|51|53|55|56
3425C690;1;TRFT;SE|HG|S;EPTL|EPTH|BXH|PLC;Sleeper deposit;MAIN;34|37|40|41|54|56|57
34508369;1;TORO;N/A;ORO;San Pablo vein;MAIN;22|24|26
34C16155;1;TARC;AG|SB|CU|HG;EPTL;Drumlummon;MAIN;38|48|50
3457AC4E;1;TORO;U|PB|BI|CU;N/A;Rompas;MAIN;14|17|25|32|43
34C796AC;1;TARC;AG|CU|PB|ZN|AS|BI|SB|TE;ORO;Cloud Drifter Trend;MAIN;27|32|37|45
34C6D6FF;1;TARC;N/A;IRG|EPTL;Tahuehueto;MAIN;39|43
350075F2;1;TORO;AS|SB|HG|PB|ZN|BI|TE;N/A;Dime Project;MAIN;15|16|21|22|24
34DE2D6A;1;TARC;AS;EPTL|PRY;VOK Zone;MAIN;31|52|68|72
35060722;1;TGGT;N/A;PRY|EPTL|BXH;Springpole;MAIN;43|46|48
34D6E9CB;1;TARC;N/A;EPTL;Mercedes;MAIN;69|72|76|81
35206A63;1;TORO;W|BI|TE;ORO|SKN|PRY;Björkdal;MAIN;50|59|63
356BDF5C;1;TGGT;AG|W|MO|AS|SB|BI|S|PB;ORO;Yaoure Central;MAIN;37|46|58|60|61|73
357F2DBF;1;TGGT;N/A;ORO;Troy Zone;MAIN;21|27|28
3592CC1C;1;TORO;AG|AS|SB|BI;IRG|PRY;Saddle Zone;MAIN;19|25|26
3598970A;1;TRFT;N/A;EPTL;Lovitt Mine;MAIN;23|24|28
35AD2016;1;TRFT;N/A;EPTL;San Andrés;MAIN;42|44|48|51
359A7B80;1;TARC;N/A;VMS|EPTH;Candelones Project;MAIN;42|46|51|52|54
35EF186E;1;TARC;BA|MN;EPTI;Tonopah West;MAIN;35|36|40|44|45
363AA7C2;1;TRFT;N/A;EPTL;Golden Reward;MAIN;13|14|18
362E520F;1;TGGT;AS|SB|MO|TE|AG|ZN;IRG|ORO;Nelligan;MAIN;32|49|50|51
364A028C;1;TRFT;AG|MN|AS;EPTL|EPTI;Breccia Zone (BZ);MAIN;36|45|47|51|53|57
36660BA9;1;TGGT;N/A;ORO;Croinor;MAIN;63|76|77
3731FD4F;1;TRFT;AS|SB|HG|BA|TL|ZN;CAR;Hot Spring Range Project;MAIN;12|13|21|22|23
3719C95B;1;TARC;BA|AS|SB;EPTL;Maiz Azul;MAIN;41|58|59|60
37743B3C;1;TGGT;CO|W;N/A;Rajapalot;MAIN;14|22|24|25|27
37B8CB8D;1;TORO;AS|BI|W|SB|CU|AG;IRG|CAR;Main Zone;MAIN;41|42|48|52|55|57
37C5771C;1;TORO;N/A;IRG|ORO;Advene Prospect;MAIN;36|37|42
37CFC744;1;TARC;W|AG|AS|SB|CD;EPTL|EPTH|EPTI|PRY;Vetas Gold Project;MAIN;51|52|56|59|61
37DBB67D;1;TGGT;N/A;ORO;Omai;MAIN;60|69|77
37F32166;1;TORO;AG|AS|SB;ORO;Taurus;MAIN;43|46|48|51
38072A1F;1;TARC;CU|AS|BA|BI|ZN|PB|HG;EPTH;Lagunas Norte;MAIN;46|49|56|64
386A2167;1;TORO;BI|W|TE|AS|MO|SB;IRG;Florin gold deposit;MAIN;28|34
37EEBE47;1;N/A;AG|CU|MO|MN|PB|ZN;SKN|PRY;Madison Project;MAIN;52|61|77
38750135;1;TORO;U|TH;REE;Lindsay Property;MAIN;20|24|26
3870A7FF;1;TGGT;AG|AS|SB;ORO;Diba;MAIN;77|84|88
38D8C5E3;1;TORO;W|ZN|MN;SKN;Luna Roja;MAIN;19|21|24
38BE749E;1;TORO;N/A;ORO;US Grant vein;MAIN;29|30|31|37
394489CC;1;TORO;AS|BI|TE;ORO|PRY|SKN;Prosperity Trend;MAIN;25|29|35|36
3919A867;1;TORO;AS|ZN|SB|MN|BA|MO;EPTI|SKN;Camino Rojo;MAIN;64|78|82|91
39213E42;1;TGGT;AS|SB;ORO|EPG;Newman Todd Structure;MAIN;65|66|88|90
39755FE7;1;TTRN;AS|MO;EPTL;Bullfrog;MAIN;70|82|83
39FB1932;1;TORO;AS|CU;ORO;Twin Hills;MAIN;131|133|141|142|146
39BA4386;1;TGGT;CU|AG;VMS|ORO;Eastmain Mine Gold Deposit;MAIN;28|37|38
39F25E45;1;TORO;CU;ORO;Groete Gold Copper Deposit;MAIN;24|27|30
39ABBA49;1;TARC;PB|ZN|MO|AG|CU|AS|MN;EPTL;Altan Nar;MAIN;14|15|27|31
39FD989F;1;TORO;BI|PB|AS|SB|NI|CU;N/A;QV Project;MAIN;14|18|19|21
3AAD1633;1;TORO;N/A;ORO;Frasergold;MAIN;27|30|31|38
3A620AFE;1;TORO;BI|AS|CU|W|TE|MO|SB|AG|PB;IRG|PRY|ORO;Dolphin;MAIN;21|22|27|30|35
3A6BCC4A;1;TGGT;N/A;VMS|ORO;Rainy River gold project;MAIN;55|77
3AE4029C;1;TARC;N/A;PRY;Sullivan;MAIN;97|104|118
3B88DE37;1;TARC;AS;PRY;Cangrejos Zone;MAIN;23|27
3AF05E90;1;TGGT;N/A;ORO;A8 3200 vein system;MAIN;36|44|45
3BBB00A1;1;TRFT;N/A;EPTL;Grassy Mountain;MAIN;76|85
3BDD510E;1;TORO;AS;ORO|IRG;Friday Zone;MAIN;36|40|41|42
3C15D2C0;1;TRFT;AS|SB|HG|MO|CU;EPTL;Cap Oeste;MAIN;35|38|43|59|68|69
3BEF5C5D;1;TRFT;AG|SB|AS|BA|HG;CAR;Pinion;MAIN;52|59|60|62|69
3C2708C6;1;TARC;N/A;EPTL;La Libertad;MAIN;77|80|81|83|84|91
3C2EA033;1;TARC;N/A;PRY|SKN|BXH;Didipio Gold-Copper Deposit;MAIN;41|44|54|57|61|63
3C417403;1;TARC;N/A;IRG|SKN|EPTL;Velardeña;MAIN;42|45|46|50
3C2FD135;1;TARC;AS|BA|HG|SB;EPTL;Las Casas Structural Corridor;MAIN;28|29|32|44|45|47|50|59|60
3C670972;1;TORO;N/A;ORO|VMS;Zun-Holba;MAIN;30|43
3C8E966A;1;TARC;N/A;PRY|EPTL;Kabang;MAIN;26|30|32
3C95B7B3;1;TRFT;AS|SB|HG|SE|AG|BA;EPTL|CAR;Goldstorm;MAIN;40|45|62|65|66|69
3CE2B9E0;1;TRFT;AG|SB|AS|BA|HG;CAR;Pinion;MAIN;95|100|116|117|118
3CE5E6C7;1;TARC;FE|K|AS|BA|BI|CU|HG|PB;EPTI;Shahuindo deposit;MAIN;41|50|52
3CFD0216;1;TRFT;AS|BA|SB;CAR;Marigold;MAIN;61|64|75|79|80
3CEFECB0;1;TARC;ZN|PB|CU;EPTH;Ranch Property;MAIN;56|59|62|63|73|75
3CF80026;1;TGGT;MO|W;ORO;Ikkari;MAIN;49|69|76|78
3D2058D1;1;TARC;N/A;EPTL;Angela Vein;MAIN;37|45
3D6BB6CE;1;TGGT;N/A;ORO;Instant Pond Zone;MAIN;20|23|25
3D811AC2;1;TARC;N/A;EPTI;Atenea Vein;MAIN;50|52|61|62
3D840C52;1;TGGT;N/A;PRY|BXH;Côté Lake;MAIN;15|50|61|64|65
3DEAA3DE;1;TARC;MN|BA|SB|ZN|CU|PB;EPTL|IRG;Qiriyaga Hill;MAIN;73|84|95
3DED1690;1;TORO;AG|AS|BA|BI|CU|SB|MO|PB|TE|W;ORO;Glen Morrison Goldfield;MAIN;22|26|30
3DFA7D26;1;TARC;MN|BA|SB|ZN|CU|PB;EPTL|IRG;Qiriyaga Hill;MAIN;66|77|88|95
3E129F62;1;TTRN;AS|HG|SB;EPTL;Comstock Lode;MAIN;73|76|87|95
3DF016AA;1;TORO;AS|SB;ORO;CNRG Project;MAIN;33|44|45
3E290B9E;1;TGGT;N/A;IRG|ORO;Mckenzie Break Deposit;MAIN;47|52|58|59
3F048ECD;1;TARC;N/A;EPTL|PRY|SKN;Caribe;MAIN;23|24
3F31C6FF;1;TORO;AS|CU;SKN|ORO;Goldkuppe;MAIN;30|43|47
3E525573;1;TRFT;AG|AS|HG|SB|SE;EPTL;Mexican Hat;MAIN;29|37|39|40|47
3F442383;1;TARC;AS|W|MO|SB|TE|SE|BI|CR|B|BA;ORO;Komis;MAIN;25|28
3F4AA2EA;1;TARC;N/A;EPTL;Carmen Deposit;MAIN;21|24
3F5CB0D2;1;TORO;AS|BA|BI|SB|TE|TL|HG|CD|PB|ZN|CU;SKN|ORO|EPTL;Mt. Anderson;MAIN;36|40|42|52|54|55|56|59|63|76
3E327028;1;TARC;AG|PB|ZN;EPTI|EPTL;Premier;MAIN;52|55|61|74
3FB632CD;1;TORO;AG|PB|SB|AS;ORO;Shajinba;MAIN;28|30|36|40|47
3FBE81E2;1;TGGT;N/A;VMS;Horne 5 deposit;MAIN;148|199|201|202
402299AD;1;TARC;ZN|AG|PB;EPTI|PRY|BXH;San Agustin;MAIN;43|50|54
404DD998;1;TORO;AS|BI|MO|SE|SB|TE|W;ORO;Chaminé;MAIN;61|62|68
402406AC;1;TARC;N/A;EPTL|PRY;Cristina Vein System;MAIN;27|32|36
40A39DC1;1;TGGT;K|RB|AG|TE|F;PRY|EPTL|BXH|IRG;Springpole;MAIN;42|45|46|47
40A828C7;1;TCRA;N/A;PLC;Blyvoor;MAIN;66|67|75
40C52936;1;TARC;AS;EPTL;El Limón;MAIN;48|54|59
40E9B945;1;TGGT;N/A;ORO;Koné;MAIN;45|68
40F9D281;1;TORO;SB|W|AS;CAR|EPG;BYP Gold Mineralization;MAIN;35|43|46
40F0189F;1;TARC;CU|PB|ZN|AS|AG|MO;EPTI;Sarita Este Gold Zone;MAIN;10|11|14|15|16
414D5F62;1;TARC;AG|CU|PB|ZN|MO|AS|SB|BA;VMS;La Mina;MAIN;66|87|91|92|93|94|95
41B2CA62;1;TARC;BI|W|CU|AG|SB|AS;ORO|IRG|EPTI|PRY|BXH;Quebrada Grande Project;MAIN;33|42|43|44|46
41D7AD7F;1;TORO;AS|SB|BI;EPG;Independence Shallow;MAIN;43|45|54|57
41DC0465;1;TARC;N/A;EPTL;Mina Real;MAIN;21|26|29
42224C5C;1;TARC;AG|AS|SB;VMS;Tide North;MAIN;14|16|20|21|22
421A2FEB;1;TRFT;N/A;DFR|EPTL;Copperstone;MAIN;53|63|64|65
42526E81;1;TARC;N/A;EPTL;Commonwealth;MAIN;48|50|60|62
4258E8C9;1;TGGT;N/A;ORO;Beta Hunt Gold;MAIN;54|68|69|70
428D93C5;1;TORO;AG|PB|ZN;MAN;Olympias;MAIN;22|50|57|59
42BC01F5;1;TGGT;N/A;ORO;Ormsby Zone;MAIN;21|36|37|38
42A14A11;1;TARC;HG|SB|ZN|PB|MO|AS|W;BXH|PRY|EPTH;Soledad Breccia Pipes;MAIN;36|46|47|48|49
4299A264;1;TARC;AS|AG|ZN|HG|CU;IRG|ORO;Yellow Giant;MAIN;42|44|49|50|52|53
4329AA96;1;TORO;AS|SB|W;ORO;Queensway Project;MAIN;61|69|72|76|77
4342F063;1;TGGT;N/A;ORO;Vezza;MAIN;31|40
4366213D;1;TARC;AS|BA|BI|HG|SB|W;EPTH|BXH;Tres Cerros;MAIN;50|56|62|96
432EB1F7;1;TARC;N/A;ORO;Alto Quemado Vein System;MAIN;18|20|34
4378DF47;1;TARC;N/A;PRY|EPTI;Novo Mundo;MAIN;55|65
437D4597;1;TORO;AS|PB|ZN;ORO;RRMZ;MAIN;84|100|118|126|127
43CE03C8;1;TORO;AS|BI|W|SB|CU;CAR|IRG;Main Zone;MAIN;26|28|29|35|39|42
43F71BA8;1;TBAC;AS|TE|SB|ZN|PB|AG;EPTI;Certej;MAIN;39|41|42|43
43CD2CEF;1;TARC;AS|CU|AG|PB|ZN|SB;EPTH;Binebase-Bawone;MAIN;28|36|38|39|44
442D2A9D;1;TRFT;N/A;BXH;Carache Canyon;MAIN;36|37|43|50
44319179;1;TORO;AG|PB|AS|BI|TL|W;EPTL|EPTI;Durusu;MAIN;15|19|21|23
43FD9B63;1;TRFT;N/A;EPTL|BXH;Sandman;MAIN;32|44|45
4458DADE;1;TBAC;N/A;ORO;NX Gold Mine;MAIN;47|52|55
44678F79;1;TARC;N/A;EPTH;Amulsar;MAIN;29|35
447CF32A;1;TARC;PB|BA;EPTI|SKN|PLC;Panama Group;MAIN;87|96|97|101
446C98BF;1;TARC;N/A;PRY|EPTI;Brucejack Deposit;MAIN;64|82
449C624A;1;TRFT;AS|SB|HG;EPTL;Main Zone;MAIN;29|31|36|37|44|52|54
447790DE;1;TORO;N/A;ORO|IRG;Segovia;MAIN;74|77|88
44AC1D7E;1;TORO;MO|AG;SKN;Heino-Money Zone;MAIN;33|39|41
44B237CE;1;TARC;PB|ZN|AS|SB|HG|TE|BI|CU|V;EPTL;Pozo del Gringo;MAIN;32|36|43|46|47
44BF137C;1;TARC;AS|SB|HG;EPTL|VMS;Homestake Zone;MAIN;47|61|62|63
44C869B7;1;TARC;AG|CU|MO;EPTL;El Volcan Mine;MAIN;37|40|42|43|46|47|55
44CDCB65;1;TGGT;N/A;ORO;Barry;MAIN;55|66
44EDF40C;1;TORO;SB|AS;ORO;Costerfield;MAIN;40|50|51|56|60
4514DE89;1;TGGT;AS|AG|PB;ORO;Goldhawk;MAIN;30|44|51|76
45196AE8;1;TORO;BI|AS|SB|W;IRG;Clarence Stream;MAIN;27|36
4525C531;1;TGGT;AG|CU;VMS|ORO;Eastmain Mine Deposit;MAIN;42|63|71
453DE368;1;TARC;N/A;IRG;Palito Mine;MAIN;40|48
45777B56;1;TARC;N/A;EPTL;Casposo;MAIN;47|53
4582D235;1;TRFT;AS|SB|HG|CU|MO|AG;EPTL|BXH;COSE;MAIN;33|34|41|50|51|53
45A2A397;1;TORO;BI|W|TE|MO|AS|SB|AG|PB|ZN;IRG|SKN;AurMac;MAIN;45|52|53|56
4601278E;1;TGGT;N/A;ORO;Laverty Main Zone;MAIN;28|39|40
45DEA277;1;TORO;AS|SB|AG|PB|ZN|HG;IRG|ORO;Mt. Hinton;MAIN;38|40|48|56|58
45AAB2FD;1;TARC;AG|AS|SB|CU|PB|MO|BI|HG|ZN;EPTH|BXH;Guanaco;MAIN;80|84|101|104|109|116|117|132
4626F827;1;TARC;W|PB|ZN;PRY|BXH;Revenue;MAIN;37|44|46
46414CCB;1;TRFT;AG|AS|HG|SB|TL;EPTL;Mexican Hat;MAIN;41|49|53|74
46771F7C;1;TGGT;BI|TE;ORO;Hammond Reef;MAIN;30|35|37|43
46952A22;1;TGGT;CU|MN|MO|PB|BI|AG;ORO;Arthington;MAIN;69|76|78|94
46B175EA;1;N/A;N/A;CAR;Northumberland;MAIN;39
46D9512A;1;TORO;PB|AS|AG;ORO;Lac Arsenault;MAIN;13|34|35|36|42|61
4752C21D;1;TARC;HG|AS;EPTL;Rodeo;MAIN;25|29|35|42
46B63A68;1;TARC;HG|AS|SB|BI|PB;EPTH;Veladero;MAIN;36|37|38|45|47
47B7A938;1;TGGT;AS|SB|AG|CU|BI;ORO;Three Bluffs;MAIN;39|42|44|46|47|55
4765DC3B;1;TORO;AG|AS|CO|CU|MO|NI|SB|ZN;ORO;Millen Mountain;MAIN;20|23|25|27|44|45
47FDCB65;1;TUNK;N/A;MAN|ORO|PRY|EPTL|EPTI|SKN;San Rafael Mine;MAIN;57
483D984A;1;TORO;AS|ZN|PB|BA|AG|SB;SKN|EPTI|EPTL;Camino Rojo;MAIN;59|60|65|66|73|74
484BAD57;1;TORO;AS;ORO;Mt Sidney Williams Gold;MAIN;21|27|29
48145CD9;1;TARC;AS|HG|SB;EPTI|EPTL;Ixtaca Zone;MAIN;37|45|50
48480F23;1;TARC;ZN|MO|AG|CU|PB|BI|TE|AS|SB|SE;ORO|EPTH|PRY;Sugarloaf Peak;MAIN;17|18|19|39|44|45|46
48BDE0C6;1;TGGT;N/A;ORO;SLNE;MAIN;18|20|21
492E419F;1;TARC;AG|SE|PB|AS;ORO;Guaico;MAIN;19|20|24|25|26|29
494766BE;1;TARC;N/A;EPTL;Summit Mine;MAIN;49|54|59
487ACEA4;1;TARC;N/A;EPTL;Jerusalem;MAIN;27|33|34
495283E4;1;TARC;AG|AS|BI|SB|PB|MO|SN;EPTH;Northern Zone;MAIN;48|57|59
49530B27;1;TARC;ZN|PB;EPTH;Pueblo Viejo;MAIN;44|58|59|63
49745783;1;TARC;N/A;EPTH|BXH|PRY;Fortuna Zone;MAIN;19|21|23|29
49889FF2;1;TGGT;AS|W|B|MO;ORO;Brooks Lake A Property;MAIN;15|18
497F3FA9;1;TGGT;N/A;ORO|VMS;Muus Property;MAIN;36|47
49B77313;1;TARC;N/A;EPTL;El Zapote;MAIN;21|31
49CB5570;1;TRFT;AS|SB|HG;CAR;Arch Prospect;MAIN;25|29|35
49E75B40;1;TRFT;SB|AS|BI;EPTL;Castle Mountain;MAIN;50|63|69|71|74
49F2722A;1;TARC;AS|SB;EPTH;Santa Fe deposit;MAIN;58|59|67|69|74
49F807D8;1;TARC;AS|SB|PB|ZN;EPTI;Callanquitas Structure;MAIN;27|28|30|35
4A0065EE;1;TGGT;N/A;ORO;Foley Mine;MAIN;23|26|27|28
49F5DF6B;1;TORO;N/A;ORO;Tartan gold deposit;MAIN;55|57|68|69
4A194370;1;TARC;AS|HG|SB|CU|PB|ZN;PRY|EPTL;Brussels Creek;MAIN;19|20|25|26|27|31|32
4A1A891A;1;TGGT;N/A;ORO;Vein No. 1;MAIN;33|34|50|51
4A3DE6E6;1;TARC;N/A;PRY|BXH;Sulphurets;MAIN;102|105|108
4A24ED87;1;TORO;N/A;EPTI|EPTH;Shahuindo;MAIN;52|53|61
4A51ABFD;1;TUNK;N/A;EPTL;Soledad Mountain;MAIN;44|52
4A582253;1;TARC;N/A;EPTL|EPTI;San Diego North;MAIN;24|29|31|35
4B2F65B3;1;TARC;AG|PB|AS|BI|TL|W;EPTL|EPTI;Durusu;MAIN;14|18|20|22
4B11A53A;1;TGGT;N/A;ORO;Peter Lake Property;MAIN;41|42|47
4ACEE954;1;TARC;N/A;EPTI|PRY|BXH;Brucejack Deposit;MAIN;64|82
4B3FC522;1;TORO;N/A;VMS;Lomero Poyatos;MAIN;54|55|69
4B404928;1;TARC;AS|SB;EPTL|ORO;Los Pavitos;MAIN;47|49|50
4BCC3385;1;TORO;N/A;ORO|IRG;San Ramon shear zone;MAIN;39|41|48
4BAFDB09;1;TTRN;AS|SB|MO;EPTL;Eastside;MAIN;26|27|38|40
4BCE6BF1;1;TARC;CU|MO|ZN|AG|AS;SKN|PRY;Green Mountain Property;MAIN;40|41|51|53|59|60
4BE33A66;1;TARC;AG|AS|HG;EPTL;Kato;MAIN;51|67|72
4C0E165A;1;TORO;SB;ORO;Costerfield;MAIN;64|66|83|86
4C297EA7;1;TUNK;N/A;EPTL;Tommy Vein;MAIN;11|15
4C3EFC1C;1;TARC;N/A;EPTL;Antonella Daniella;MAIN;53|59
4C62B887;1;TGGT;N/A;ORO|VMS;Normetal South Property;MAIN;33|40
4CA128AD;1;TARC;N/A;EPTL;Dynasty Goldfield Vein System;MAIN;22|27
4CADB521;1;TTRN;N/A;EPTL;Talapoosa;MAIN;39|42|44
4CDBC165;1;TGGT;BI|TE|SE|W|SN|PB|MO;IRG;Toroparu;MAIN;88|90|107
4D1DDD7C;1;TRFT;CU|AS|SB|MO|BA|W;EPTL;Imwauna;MAIN;39|43|44|49
4CD9F293;1;TRFT;AG|AS|SB|TL|HG;CAR;Cove;MAIN;30|39|40|41|43
4D20518F;1;TGGT;N/A;EPG;Sleeping Giant mine;MAIN;27|30|36|38
4D26B20C;1;TARC;AS|SB|HG|SE|BA|MN|CU|PB|ZN;EPTL;Eden;MAIN;45|51
4D32E4ED;1;TARC;AG|ZN|CU;EPTI;Romero;MAIN;57|58|65|70|71
4D4E3E0C;1;TARC;N/A;EPTL;El Zapote;MAIN;28|31|38
4D52E0B2;1;TARC;W|BI|BA|MO|CU;PRY|SKN;Pinaya;MAIN;38|39|44|48|49
4D22017F;1;TORO;CU|TE|AG|SB|BI|AS|MO|W|PB|ZN|HG;PRY;Revenue;MAIN;18|25|30
4D778E96;1;TARC;PB|CU|SB|AS|AG|ZN;MAN;Union Target;MAIN;40|44|64|66|74|89|90
4D977DA5;1;N/A;AS|SB|HG;EPTH|BXH;Graben;MAIN;71|73|75
4DA051EA;1;TARC;N/A;EPTL|BXH;La Nueva Victoria;MAIN;19|29
4E10FD23;1;TARC;SB|HG|AS;VMS;Eskay Creek;MAIN;48|66
4DF99FB9;1;TRFT;N/A;EPTL;Fire Creek;MAIN;51|73
4E2B762B;1;TARC;AG|AS|SB|MO;EPTL;Discovery Zone;MAIN;15|18|24|25
4E3EAABC;1;TBAC;AS|SB|MO|SE|CU;EPTL;South Zone;MAIN;79|100|101|107
4E2F1FED;1;TORO;PB|AG;ORO|IRG;Segovia Vein System;MAIN;82|89|93
4E35FE65;1;TARC;AS|MO|SE|CU;EPTL;Shovelnose;MAIN;35|36|52|53|61
4E7D7159;1;TUNK;CU|PB|ZN|AG;VMS;Gediktepe;MAIN;56|73|74
4E9D0BFA;1;TGGT;N/A;PRY|BXH;Côté Gold;MAIN;85|93|96|100
4E9C53E0;1;TARC;N/A;PRY|EPTH;Lajitas;MAIN;45|46|51|55
4E9EF1C0;1;TARC;N/A;SKN|EPTL;Guintar-Niverengo;MAIN;16|17|19|21
4EB3A1D6;1;TGGT;N/A;ORO|VMS;SBU Property;MAIN;30|43
4F099788;1;TGGT;AS|SB;ORO;KCR occurrence;MAIN;12|15|17|21
4EFD20D4;1;TARC;ZN|MO|AG|CU|PB|BI|TE|AS|SB|SE;ORO|EPTH;Sugarloaf Peak;MAIN;17|44|46
4F04636B;1;TARC;N/A;EPTL;Moss Vein;MAIN;65|66|74|84
4F13143B;1;TGGT;AG|CU|PB|S;ORO;Cipoeiro;MAIN;68|69|76|82
4F16C23A;1;TARC;AS|SB|CU|PB|ZN|AG;EPTL;Los Reyes;MAIN;58|59|64|67|68
4F2762FC;1;TORO;ZN|PB|AG|MN|CU|BA|AS;N/A;Highland Boy;MAIN;37|57|59
4F6B1E0D;1;TORO;AS;IRG;Golden Crown;MAIN;48|57|58|62|63
4F71888A;1;TARC;N/A;VMS;La Plata;MAIN;27|37|40|44
4F952573;1;TGGT;N/A;PRY;MOP-II;MAIN;31|38|41
4FC006B2;1;TARC;N/A;EPTL;Mina Real;MAIN;19|24
4FFA4491;1;TARC;N/A;PLC|EPTL;Mexico Mine Tailings;MAIN;71|76|79|81|82
4FF8B4DC;1;TGGT;N/A;ORO;Tombill Main Group;MAIN;29|34
501C6910;1;TGGT;N/A;PRY|ORO;Troilus;MAIN;69|85|102|103|104|105
5015F3E0;1;TORO;MO|AS|SB|BI|W|TE|CU|AG|PB|ZN;IRG|SKN;Powerline;MAIN;52|61|62|63|64|68
5042A4DE;1;TARC;N/A;EPTL|EPTI|PRY|SKN;Lost Cities-Cutucu Project;MAIN;21|27|29
504BE30F;1;TARC;PB|ZN|AG;PRY;Goldstorm Deposit;MAIN;45|53|54|57
50B5B392;1;TGGT;N/A;ORO;Simkar;MAIN;23|27
50594414;1;TGGT;BI|TE|W|MO|AS|SB|AG|PB|ZN;IRG|ORO;Windfall Lake deposit;MAIN;66|98|99|101
50AD8159;1;TARC;AG|AS|BI|PB|SE|TE|ZN;PRY|EPTH;Cerro del Medio;MAIN;43|53|54|56|57|58
50FF4FA6;1;TORO;CU|MO;MIX;Humbug deposit;MAIN;54|65
5128C016;1;TARC;AS;EPTL|EPTI;San Miguel vein system;MAIN;54|57|60|82|86
51339A2A;1;TGGT;AS;ORO;Holt Mine;MAIN;30|37
514150B5;1;TARC;N/A;PRY|BXH;Dollar Target;MAIN;60|63|78|80|94
5111F84A;1;TGGT;AG|ZN|PB|AS|SB|CU;PRY|VMS;Thunder Lake Deposit;MAIN;46|66|69
5171BC72;1;TGGT;N/A;ORO;Area 52 / Ripley Gold Zone;MAIN;15|16|21|23
51418100;1;TORO;AS|ZN|SB|PB|CU|AG;ORO;Eagle Mountain Property;MAIN;18|19|25
51CF2D0E;1;TUNK;N/A;EPTL;Tommy Vein;MAIN;24|28
51F69E77;1;TORO;SB|AS|CU|HG;IRG|PRY|SKN;Jungo;MAIN;31|32|34|36
527B73EF;1;TARC;N/A;EPTL|BXH;La Nueva Victoria;MAIN;23|26|27|37|39
524D8AB0;1;TARC;SB|HG|AS;VMS|EPTL;Eskay Creek;MAIN;51|68
527C1759;1;TBAC;N/A;PRY|EPG;Cerrito Prospect;MAIN;41|42|44|45|54|55
52DFAF27;1;TARC;AS;EPTI;Zancudo;MAIN;31|41
52E8AF29;1;TARC;SB|AS|PB|ZN;EPTL|EPTI;Dolores;MAIN;27|32|35
5352903E;1;TGGT;AG|BA|CU;VMS|ORO;Plomp Farm;MAIN;24|28|29|30
5354DE56;1;TGGT;N/A;PRY|ORO;Troilus;MAIN;44|75|77
53AEB3D8;1;TARC;N/A;EPTH|ORO;Amulsar;MAIN;43|50
539BD277;1;TRFT;N/A;EPTL;Florida Canyon;MAIN;48|61
53D9A77E;1;TARC;N/A;EPTH;Loma Larga;MAIN;55|60|64
540A7CFC;1;TGGT;BI|AS|W|TE|SE|PB;IRG;Cheechoo;MAIN;54|56|62|63
547C46B7;1;TCRA;N/A;ORO;CSH Gold Deposit;MAIN;38|46
547EEFD8;1;TARC;ZN|CU|BI|W|B|CD;PRY|ORO;Main Twin Zone;MAIN;52|61|64
547EE6C7;1;TORO;AS|CU|PB|SB;ORO;Big Vein;MAIN;23|27|31|32|42
548E7930;1;TARC;N/A;EPTH|PRY;Chambers Settlement;MAIN;44|49|50
54EE5CD0;1;TORO;PB|TE;ORO;Providence Mines;MAIN;26|30|32
54FFC2C3;1;TORO;N/A;ORO;Spanish Mountain;MAIN;81|88
5502C0F0;1;TGGT;AS;ORO;Flood Zone;MAIN;66|74|75|80|82
55048FDC;1;TGGT;AS;ORO;La Pointe;MAIN;62|70|82|84|91
55220A08;1;TORO;AG|CU|ZN|AS|SB;SKN;Esperanza;MAIN;29|30|36|44
5535E81C;1;TARC;N/A;EPTL|EPTI;El Peñón;MAIN;42|50
5556F669;1;TARC;N/A;EPTH|PRY;Pimenton Mine;MAIN;25|28|29|30
53AF8ED3;1;TORO;AS|SB|HG;IRG|EPTL;Brewery Creek;MAIN;29|32|43
556B7B48;1;TGGT;N/A;VMS;Géant Dormant;MAIN;19|26
55973C7F;1;TRFT;AS|HG|SB|AG;CAR;Toiyabe Project;MAIN;16|20
55B296A0;1;TGGT;N/A;ORO;Arrowhead Mine Veins;MAIN;46|55|58
55B85897;1;TORO;AS|SB|HG;EPTL;Pinos Project;MAIN;19|28
55BEF49B;1;TGGT;N/A;ORO|IRG;Afric Zone;MAIN;36|47
5632EA76;1;TARC;AG|AS|SB|BA|PB|CU|TL|ZN;VMS|EPTL|EPTH;Ginger Ridge;MAIN;25|28|29|35|38
56460A42;1;TORO;TE;ORO;Kensington;MAIN;55|66|68
563E8F26;1;TRFT;AG|AS|SB|PB|ZN|CU|MO;EPTH|PRY;Confusion Hills Lithocap;MAIN;17|21|26
56404BE7;1;TORO;AG|SB|AS|BA|HG|TL;EPTL|IRG;Rozino;MAIN;43|44|48|52|58
5690D804;1;TORO;CU|MO;PRY;Humbug deposit;MAIN;48|49|62
5660BEC1;1;TARC;PB|SB;PRY|BXH|EPTI;Guayabales Project;MAIN;37|49|50|75
56B6C35D;1;TARC;SB|HG|AS;VMS|EPTL;Eskay Creek;MAIN;83|95
56749EFD;1;TRFT;N/A;EPTL|EPTH;Hycroft;MAIN;56|68
56C961F9;1;TORO;AG|SB|HG|AS|TL;EPTL|CAR;Universo;MAIN;37|40|41|44|45
5735169F;1;TUNK;N/A;N/A;Norte de Santander Project;MAIN;35|36|42|43
56DE0261;1;TORO;ZN|PB|CU;ORO|IRG;Segovia;MAIN;54|57|58|62|66
57102DBE;1;TARC;N/A;EPTL;Coricancha Mine Complex;MAIN;52|64
575CFC23;1;TORO;N/A;ORO;El Bagre;MAIN;47|54|55
57781F78;1;TORO;N/A;ORO;Reef;MAIN;32|33|46
577020CD;1;TARC;CU|AG|PB|ZN;EPTI|PRY;Principal Structural Corridor;MAIN;20|33|34|42
582AE49B;1;TARC;AS|BI|TE|AG|PB|ZN|HG|SB;SKN|PRY|BXH|EPTL;Ana Paula;MAIN;50|64|78
585EBFE9;1;TGGT;N/A;N/A;Maybrun;MAIN;28|36
58B0104F;1;TORO;AS|SB|CU|PB|ZN;ORO|PLC;New Leviathan;MAIN;54|56|57|58|59
58AE5ACE;1;TGGT;N/A;ORO;Héva;MAIN;13|14|20
58A16D13;1;TARC;AS|BI|TE|AG|PB|ZN|HG|SB;IRG|SKN|BXH|EPTL;Ana Paula;MAIN;68|83|85
58C1C114;1;TPAB;HG;EPTL;Merlin;MAIN;26|28|32|35|36
58E6AE7F;1;TARC;N/A;SKN;Los Filos;MAIN;93
58F814CA;1;TGGT;N/A;VMS|IRG;Westwood;MAIN;47|54|58
591FFFD3;1;TORO;AS;ORO;Tomingley;MAIN;51|60|67|69|73|77
595A3497;1;TGGT;AG|AS|W;ORO;Northwest Arm;MAIN;87|88|103|104|105
596AE452;1;TGGT;AS;ORO|VMS;Casa Berardi West Property;MAIN;35|36|43|44|45|46
598B3D65;1;TORO;AS|PB;ORO;San Francisco;MAIN;56|63|66
598D6804;1;TORO;BI|W|AS|SN|MO|TE|SB;IRG;Namoya Project;MAIN;26|38
599414B0;1;TORO;N/A;IRG;Surebet Zone;MAIN;31|41|47
59A4910A;1;TORO;AS|SB;ORO;Pactolus;MAIN;61|64|65|70|71|72|81
59CF0077;1;TTRN;AS|SB|F|ZN|AG|MO|W|CU|PB|BA;CAR;Sterling Deposit;MAIN;82|92|96
59C244A5;1;TTRN;AG|AS|SB|MO|HG|PB|TE;EPTL;Golden Arrow;MAIN;49|58|63|64|66
59EA75BE;1;TARC;N/A;IRG|SKN|BXH|EPTL;Velardeña;MAIN;38|42|46
59ED0865;1;TARC;TE|TL|AS|SB;EPTL|EPTI;Lawyers Area;MAIN;109|113|120|122|141|142|143|153
5A064DC1;1;TORO;N/A;SKN|IRG;Los Filos;MAIN;71|92
5A09EA55;1;TARC;HG|AS|SB;EPTL|EPTI;Tres Cruces;MAIN;25|27|30|33|34
5A21F3E1;1;TGGT;BA|BI|MN|SB|TE;ORO;Sanderson Suite;MAIN;36|40
5AFA66D6;1;TORO;N/A;PRY;Skouries;MAIN;49|51|54
5A39BCFA;1;TARC;N/A;EPTH|PRY;Cerro Quema;MAIN;52|53|61
5AEAAB38;1;TTRN;SB|PB|MN;EPTL|EPTI;Pampa Paciencia;MAIN;34|36|37
5B63FB71;1;TARC;N/A;PRY;Cadia East;MAIN;32|36|39
5B0BA30B;1;TORO;BI|AG|AS|S|CU;ORO|IRG;Preview SW;MAIN;27|34|35
5B593B14;1;TORO;SB|AS;ORO;Costerfield;MAIN;40|44|51|60|61
5B70E19C;1;TTRN;AS|HG|PB|SB|CU|ZN;EPTI|EPTH;Mustang Property;MAIN;15|18|19|21
5B9A71AC;1;TARC;AS;IRG;Reid Zone;MAIN;12|13|16|17
5BFC8F89;1;TORO;AG|HG|BI|TE|MO|SB|BA|PB|AS;ORO|IRG;VG zone;MAIN;20|29|31|32|35
5B80DDAD;1;TARC;ZN|PB|CU|HG|SB|S|AS;EPTH|BXH;Santa Fe Deposit;MAIN;36|37|41|42|45|46
5BB245CB;1;TGGT;AG|PB|CU|SB;ORO;Kylmäkangas;MAIN;27|28|31
5C40AF4D;1;TORO;N/A;IRG|EPTL;Guppy Zone;MAIN;11|12|14
5C7AC623;1;N/A;AG|CU|PB;N/A;Koster Dam Project;MAIN;12|14
5C45E993;1;N/A;K;EPTL;Ada Tepe;MAIN;53|54
5C8F331B;1;TGGT;AS|AG|BI;ORO;North Fold Nose;MAIN;26|27|30|36|63|69|70
5CFD2D8A;1;TORO;MO|W;IRG|ORO;Alpine Vein;MAIN;25|27|35|37
5D0DD15D;1;TGGT;N/A;PLC;Demerara River Alluvial Gold;MAIN;15|19
5CF0A555;1;TARC;N/A;VMS|IRG|PRY;Cannonball Project;MAIN;33|40|41
5D10B353;1;TARC;N/A;PRY;Fly prospect;MAIN;23|24|32|33
5D445B71;1;TORO;AG|AS|MO|TE;EPTL;Haile;MAIN;49|51|59|61
5D9E54B5;1;TARC;N/A;EPTL;La Libertad;MAIN;84|89|101
5D4BE4E3;1;TARC;AS;ORO|PRY;Georgia River Mine;MAIN;28|29|35|49|56|57|67
5DAF2C15;1;TRFT;N/A;EPTL;Long Valley;MAIN;44|47|52
5E3AF775;1;TGGT;N/A;VMS|ORO;Hebecourt Property;MAIN;41|51|52|53
5E5A4A32;1;TORO;N/A;ORO;Koonenberry North Project;MAIN;35|37|38
5E716C88;1;TGGT;N/A;ORO;Pen Gold North;MAIN;20|21|25|27|28
5E54F6FF;1;TORO;N/A;EPTI|EPTL;Zancudo;MAIN;40|52|54
5EA41794;1;TARC;AS|SB;PRY|SKN;DEM Halo;MAIN;40|41|45|46
5E944B24;1;TARC;N/A;EPTL;Zaruma-Portovelo;MAIN;46|48|49|57|59|66
5EBC5C43;1;TBAC;SE|MO|AG|CU|HG;VMS;Mato Bula;MAIN;54|58|64|74|91
5EBFA227;1;TRFT;AS|SB|HG|SE;EPTL;Kilgore deposit;MAIN;42|50|62|63|67
5F274B19;1;TORO;ZN|PB|SN|W|BI|SB;IRG|EPTI;Kora Consolidated;MAIN;98|100|103|107|110
5F29212C;1;TARC;AG|SB|AS;EPTI|IRG;Skukum Creek;MAIN;40|44|62
5EE26F8C;1;TGGT;N/A;VMS|ORO;Rainy River Gold Deposit;MAIN;91|115
5F2C3119;1;TARC;PB|TE|AS|AG|CU|ZN|FE|SB|S;IRG|PRY|SKN|EPTL;Snoball;MAIN;42|65|67|90
5F405AF8;1;TGGT;AS|SB;ORO;Plutonic Gold Mine;MAIN;46|56|59
5F4ED454;1;TGGT;N/A;N/A;Karita Project;MAIN;22|35
5F6D6E4A;1;TARC;HG|AS|SB;EPTL;La Noria;MAIN;23|27|30
5FC65728;1;TARC;AG|AS|PB|S|ZN;EPTI;Buck Main;MAIN;46|47|54|58|67
5FF37754;1;TARC;AS|SB|HG|BI|BA|AG|PB|ZN|CU;IRG|EPTI;47-Adanac Trend;MAIN;31|32|39|48|49|52
5F833C23;1;TORO;N/A;ORO;Goldenville;MAIN;36|37|38|44
601B9BDE;1;TGGT;N/A;ORO|VMS;Ishkoday Property;MAIN;15|17|19
605B8C99;1;TORO;N/A;ORO;Byumba deposit;MAIN;42|67
6094B058;1;TORO;N/A;EPTL|SKN;Centennial;MAIN;7|58
61663810;1;TARC;N/A;EPTL|PRY;Bayan Khundii;MAIN;73|82|103
605BF9D9;1;TARC;N/A;VMS;Sleeping Giant;MAIN;42|63
6173525A;1;TARC;AG|AS|BA|CU|MO|PB|SB|ZN;VMS;La Plata deposit;MAIN;71|96|104|105|106
61C4380D;1;TARC;N/A;PRY|EPTH|EPTI;Caspiche Porphyry;MAIN;70|82
61F562DB;1;TBAC;N/A;EPTH|VMS;Jones Keystone;MAIN;23|29|30
61DC4158;1;TARC;AS|HG|SB;EPTI|EPTL;Ixtaca;MAIN;35|43|48
61D48D35;1;TRFT;N/A;EPTL|BXH;Sandman;MAIN;31|41|42|43
6207B358;1;TARC;AG|AS|SB|MO;EPTL;Discovery Zone;MAIN;18|24|25
61FE20FF;1;TORO;AS|BI|TE|CU|MO;ORO;Laiva;MAIN;63|80|78
622E5431;1;TORO;N/A;SKN|ORO|PRY;Dayton Prospect;MAIN;80|205|213|217
623FE1DE;1;TARC;N/A;PRY;Lindero;MAIN;79|106|107|108
62793D18;1;TARC;AS|SB;IRG;Southeast Exposure;MAIN;15|17|24|25|28
62C34AF2;1;TARC;N/A;EPTL;Mercedes;MAIN;68|75|79
6294FE8B;1;TGGT;TE|BI|AG|CU|MO|BA;ORO;Moss Gold Deposit;MAIN;77|78|95|105|118
62F215EA;1;TARC;N/A;EPTL;Muguk;MAIN;21|24|25
62C689F4;1;TRFT;N/A;EPTL;Fire Creek deposit;MAIN;45|66
63611C07;1;TORO;BI|TE|W|AS|PB|ZN|AG;IRG;Slivova;MAIN;42|47|48|49|52|54
63ACA42F;1;TGGT;N/A;ORO;Sobeski Lake Property;MAIN;21|22|27
638AE51D;1;TRFT;N/A;EPTL|EPTI;Escondida;MAIN;53|56|72
64231499;1;N/A;AG|AS|SB|TL;CAR;Golden Trail;MAIN;4|21
63D1772A;1;TRFT;N/A;EPTL;DeLamar;MAIN;57|59|75
63DA4B93;1;TGGT;N/A;ORO;Turk Mine;MAIN;20|21|23|26
647F3DAA;1;TARC;SB|HG|AS;EPTL;San Rafael Vein;MAIN;147|157|162|188|189
64D7C082;1;TGGT;N/A;ORO;Coringa;MAIN;35|38
64E131D8;1;TGGT;AS;ORO;Flood Zone;MAIN;36|39|47|55
64DA79C1;1;TRFT;AS;CAR;Dark Star;MAIN;66|68|74|87|89|92|100
655C5E71;1;TARC;N/A;VMS;Back Forty;MAIN;46|47|49|56
6597AD80;1;TBAC;N/A;VMS;Dawson Property mineralized horizon;MAIN;33|44|45
656B9B6E;1;TARC;AS|BI|CU|HG|PB|SB|ZN|TE|SN|GA;EPTH;Brewer;MAIN;24|25|28|29|33|34|37
659844D6;1;TORO;N/A;ORO|EPTL|EPTI|EPTH|CAR|VMS|IRG|IOC;Central Newfoundland Gold Project;MAIN;56|57|70|71|72
65B150D1;1;TARC;AS|MN|ZN;EPTL;Carmen;MAIN;38|42|45|46
65B3920B;1;TORO;TE;ORO;Kensington;MAIN;66|68|82|84
65D0BCF5;1;TCRA;N/A;PLC;DBM Project;MAIN;51|63
65CC795B;1;TRFT;AS|SB|HG|SE|MO;EPTL;Wind Mountain;MAIN;43|49|52
65D1C8B0;1;TARC;AG|AS|ZN|CU|PB|MO;IRG;Bullion Alley;MAIN;23|26|29
6640756C;1;TARC;AG|AS|SB|K|LI|BI|W|TE|B|CU|PB|ZN|HG;ORO;Quesnel Quartz deposit;MAIN;20|26|28|29
6618D632;1;TGGT;AG|AS|W|B|SB|TE|MO;ORO;Afric Zone;MAIN;80|81|92|94
6649D254;1;TTRN;AG|AS|SB|MO|HG|PB|TE;EPTL;Golden Arrow;MAIN;49|63|64|66
666BB470;1;TARC;N/A;EPTI|ORO;Marmato;MAIN;85|99|104
66BCCB6E;1;TARC;AG|HG|MO|SB|SE;EPTL;Otter Property;MAIN;11|15|18|25|47|51|54|61
6683EDA0;1;TSED;U;PLC;Pardo Project;MAIN;26|31|32|34
66C43292;1;TARC;ZN|PB|SB|AS;BXH;Miraflores;MAIN;61|63|67|78
66F73D2B;1;TORO;S|AS|SB;ORO;Reefton-Lyell Goldfield;MAIN;81|85|88|90
67372EED;1;TARC;BA|SB|AS|GA;EPTH|BXH;Küçükdağ;MAIN;8|42|52|53|72
671B9519;1;TARC;AS|SB|HG|MO|AG|TL;EPTI|EPTL;Fruta del Norte;MAIN;84|87|95|103|106
673EA4E0;1;TARC;N/A;ORO|IRG;Siwash North;MAIN;45|47|58
67745E4B;1;TORO;N/A;ORO;St. Lawrence;MAIN;31|33|45
6783FB74;1;N/A;N/A;EPTL;San Martin;MAIN;26|29
67A37E75;1;TGGT;N/A;ORO;Nyakagwe;MAIN;64|73
67A96F53;1;TORO;AS|BI|TE|W|MO|CU;ORO;Laiva;MAIN;55|64|75|83
67BC7B20;1;TRFT;AS|SB|MO|W|CR|HG|TL;EPTL|CAR|ORO;Relief Canyon;MAIN;73|81|83
67FF49A4;1;TORO;AS|AG|ZN|PB;ORO|IRG;Långtjärn;MAIN;26|31|32|33|46
68181277;1;TTRN;HG|MO;EPTL;Golden Arrow;MAIN;64|77|79|80|81
6829E7B9;1;TRFT;N/A;EPTL;Grassy Mountain;MAIN;52|61
68530C5C;1;TARC;N/A;VMS|EPTI;Candelones Project;MAIN;54|60|65|80|81|82
689EFC8A;1;TARC;N/A;EPTL;La India;MAIN;65|81
68BC168F;1;TORO;AS|SB|BI|TE;ORO;McAdams Creek;MAIN;42|43|56|57
68A1FAC5;1;TGGT;N/A;N/A;Rudy showings;MAIN;21|26
693043B5;1;TRFT;AS|CU|PB|ZN;EPTL|EPTI;Escondida;MAIN;49|62|66
6940A481;1;TTRN;N/A;EPTL;Tonopah;MAIN;35|37|47
6932FC81;1;TRFT;AG|ZN|PB|AS|SB|B|HG|CU|SE;EPTL;Kilgore deposit;MAIN;38|39|56|57|58|59|61
694CD6E6;1;TORO;TE|CU|ZN|PB|BI|HG|W;IRG|ORO;Deer Horn vein system;MAIN;38|45|46|47
695A4497;1;TARC;N/A;EPTI|PRY|BXH;VOK;MAIN;38|48
69E087E1;1;TORO;AS|AG|SB;ORO;Umm Bisillah North;MAIN;52|64|89|120
6A0182BE;1;TARC;PB|ZN|CU|AS|MO|MN|AG;EPTI;Altan Nar;MAIN;22|34|35|36
69F75462;1;TGGT;N/A;N/A;Macassa Mine;MAIN;26|28|29|30
6991ACDA;1;TTRN;AG|PB|ZN|AS|SB|CU|BI;ORO|IRG;Miranda;MAIN;19|20|26|29|30|31|33|34
6A716C2C;1;TGGT;N/A;ORO;Ormsby Zone;MAIN;81|89
6A4A44DB;1;TRFT;N/A;EPTL;Mohave Gold Project;MAIN;24|34|40|43
6A72F70F;1;TBAC;N/A;EPTL;Martha Vein System;MAIN;69|71|77
6A69BDCD;1;TBAC;AS|SB|HG|ZN|PB|CU|BA;VMS|EPTL;Eskay Creek;MAIN;119|127|133|134|140
6A74A831;1;TARC;AS|CU;EPTH;Tres Amantes;MAIN;37|49
6ADAD88F;1;TTRN;AG|AS|SB|HG|ZN;EPTL;Rainbow Canyon;MAIN;16|17|20
6AD2A483;1;TARC;AG|AS|SB|HG;EPTI;Arista Project;MAIN;50|54|70|73|74|81
6AE86E82;1;TARC;CU|MO;PRY|EPTL;Palmilla;MAIN;20|21|23|26|29|31
6B09E2B9;1;TGGT;N/A;ORO;Fondawa Showing;MAIN;26|27|31|34
6B343844;1;TORO;N/A;PRY|IRG;Box Mine;MAIN;87|92|93|105
6B7050F5;1;TTRN;HG|AS|SB;EPTL;Cuprite Eastern Center;MAIN;19|24
6B43F2CA;1;TARC;PB|ZN|AG|SB|AS|CU;PRY;Goldstorm Zone;MAIN;54|87|90|91
6BA3E790;1;TORO;ZN|PB|SN|W|BI|SB;EPTL|IRG;Irumafimpa-Kora vein system;MAIN;55|58|59|61
6B89958A;1;TGGT;AS|SB;ORO;MacLellan;MAIN;24|32|34|35
6BA9ED0E;1;TARC;N/A;PRY|BXH|EPTI;Chanape;MAIN;65|71|72|75
6BEFE3AE;1;TRFT;N/A;ORO|EPTL|BXH;Cyclopic Mine Zone;MAIN;35|39|48|49|50|63
6C4075E1;1;TARC;N/A;EPTL;El Zapote;MAIN;21|24|31
6C2D1517;1;TRFT;N/A;EPTL;Burro Vein;MAIN;35|36|40
6C2CED4A;1;TARC;AS|HG|TE|SB|CU|PB|ZN|MO|AG;EPTL|EPTH;Wild Dog;MAIN;32|33|35|41|46|49|51|53|57|58|59
6C85F11C;1;TRFT;AS|SB|SE|BA|BI|HG|S|TL|MO|AG;EPTL;Gravel Creek;MAIN;89|93|99|109|122|123
6C963AD5;1;TRFT;AS|SB;EPTL;Main Vein System;MAIN;41|46|48|66
6CB4403D;1;TRFT;AS|SB|HG|TL|TE|AG|W|MO;CAR;Black Pine;MAIN;69|81|86|89
6CECEFCE;1;TORO;N/A;N/A;Galat Sufar South;MAIN;61
6D346AFB;1;TARC;N/A;EPTI|ORO;Marmato;MAIN;67|69|70|76
6D87A0E5;1;TORO;AG|AS|BI|PB|SB|ZN|W;ORO|IRG;Aurora;MAIN;37|43|61
6D8E33BD;1;TARC;BA|MN|BI|CU|PB;DFR|ORO;Cumeral;MAIN;29|32|39|69
6E16B515;1;TARC;N/A;EPTL;Shasta;MAIN;40|41|56|57|67|68
6E2D12D6;1;TGGT;AG|CU|ZN|AS;VMS;SAM Zone;MAIN;23|27|28|34|35|39
6E16F01D;1;TORO;AS|BA|CU|MN|MO|PB|SB|ZN;EPTL|PRY;TOP Property;MAIN;19|26|27|28|34
6E434785;1;TCRA;N/A;PLC;DBM Project;MAIN;31|34|40
6E501DDB;1;TARC;N/A;PRY|EPTI|BXH;VOK;MAIN;66|68|73
6E502911;1;TGGT;CU|PB|AG|BI|CO|CR|AS|SB|TE;ORO;Emperor Structure;MAIN;46|83|87
6E7DDC6E;1;TGGT;N/A;N/A;Golden Quarry;MAIN;25|30
6E82CE59;1;TARC;N/A;EPTL;Coriorcco Dome Structure;MAIN;24|28|32|33
6E942704;1;TORO;AS|AG|ZN|PB|CU;ORO;KOR 1;MAIN;23|24|34|41
6ED5104E;1;TARC;CU|BI;IRG|EPTL;Fenix Gold Project;MAIN;92|93|95|107|109|110
6EC4ACB7;1;TORO;N/A;ORO;Wilding Lake Project;MAIN;32|57
6EF21E5F;1;TORO;AG|PB|ZN|CU|AS|BI|BA;N/A;Silver Strand Mine;MAIN;32|41
6F1EAECB;1;TARC;CU;ORO;Discovery Zone;MAIN;28|38|39
6F37CB4D;1;TARC;N/A;VMS;La Lechoza;MAIN;19|20|26
6F263B8C;1;TARC;N/A;EPTH;Pueblo Viejo;MAIN;50|51|67
6F6983AD;1;TORO;N/A;ORO;Orchid Property;MAIN;19|29
6FCE1E91;1;TRFT;N/A;EPTI;Efemçukuru;MAIN;40|49
6F803A71;1;TGGT;AS|PB|CU|W|ZN|MO;ORO;DFC Property;MAIN;30|34|45|46|50
6FDE0CD4;1;TORO;FE|CO|MO|CU|BA;ORO;Pau-a-Pique;MAIN;73|88|92
6F797466;1;TARC;ZN|PB|SN|W|BI|SB;IRG|EPTL;Irumafimpa-Kora;MAIN;38|41|44|47|48
7042B5F0;1;TARC;AG|AS|CU;PRY|EPG;MAX Property;MAIN;15|17|18|21|22|23
6FE7B7E3;1;TARC;N/A;VMS;Dawson;MAIN;55|71
7045746B;1;TARC;N/A;IOC;NICO;MAIN;58|65
70516B64;1;TARC;N/A;SKN|PRY|ORO;West Block;MAIN;19|26|34
70BA0D1A;1;TARC;N/A;SKN;La Esperanza;MAIN;35|36|41
7079C5CB;1;TPAB;N/A;EPTL;Tonopah;MAIN;72|76|80|83
7199208F;1;TRFT;AS|SB|HG;EPTL|BXH;Meridiano;MAIN;20|29|30|32
70E92E58;1;TARC;N/A;SKN|PRY;Madison;MAIN;45|46|49|53
71ABDEC2;1;TARC;N/A;EPTL;Kamila;MAIN;48|51|54|61|62
7194BFDB;1;TGGT;AS|SB;ORO;MacLellan;MAIN;68|77|79|80
721EA7D6;1;TGGT;N/A;ORO;Abernethy Gold zone;MAIN;12|13|17
721B0D49;1;TARC;BA|SB|AS|GA;EPTH|BXH;Küçükdağ;MAIN;29|37|52
7295F857;1;TARC;PB|SB|AS|CU|ZN;ORO|IRG;Baner Project;MAIN;28|35
72035F13;1;TORO;AG|AS|BA|HG|PB|SB|TL|ZN|MO|BI|CU;CAR|PRY|EPTL|SKN;Mojave Project;MAIN;54|66|67|70|71|72|76|78|80|81|82|102
7345F381;1;TARC;N/A;ORO;La Pantera;MAIN;34|40
72AD01B7;1;TGGT;AS|S|NI|W|K|RB|BA|SB|CO|MO|B;ORO;New Liberty;MAIN;33|35|41|42|44
7317B52D;1;TARC;N/A;SKN|IOC;El Dorado;MAIN;48|63|64
73BEE998;1;TARC;N/A;PRY;Porphyry Pearl;MAIN;12|14|17
736B8DCE;1;TARC;AS|HG|CU|MO|PB;PRY;Lindero Deposit;MAIN;56|79|80|81|82
741DEC50;1;TARC;CU|ZN;VMS|ORO;Kodadu;MAIN;27|41|42|50|52
74160946;1;TARC;N/A;PRY|EPTI;La Colorada;MAIN;44|52
7430AD35;1;TARC;AS;EPTL|BXH;Molejón;MAIN;36|43|52|55
742E71CF;1;TARC;N/A;EPTI;Marmato;MAIN;39|40|43
7474419A;1;TORO;N/A;ORO;Galat Sufar South;MAIN;61|63|78
7467B2E4;1;TGGT;N/A;ORO;Band-Ore Main Zone;MAIN;50|51|54|57|58|70
74A88EBD;1;TORO;BI|AS|SB|W;IRG;Proximal Zone;MAIN;38|44|47
75390303;1;TORO;W|BI|MO|PB|ZN|AS|CU|AG|TE;IRG;Cam Gloria;MAIN;25|26|27|36
74AD655C;1;TARC;HG|SB;PRY|EPTL;Brussels Creek;MAIN;25|31|32|33|51
75A506A6;1;TGGT;K|RB;PRY|EPTL|BXH;Springpole;MAIN;43|46|47|48
75A54902;1;TORO;AS|AG|ZN;ORO;KOR 1;MAIN;30|31|36|37
75DEA518;1;TORO;AS;ORO;Veta;MAIN;21|22|32|35
75AE4F86;1;TARC;AG|AS|BA|CU|HG|PB|SB|SN|ZN;EPTH;Hope Brook;MAIN;65|67|76|77|82|85|90|91
7605DAFA;1;TGGT;N/A;PRY;Canadian Malartic deposit;MAIN;85|92
765E38A5;1;TARC;PB|ZN|MO|AG|CU|AS|SB;EPTL;Altan Nar;MAIN;11|12|20|21|24|27|43
76888524;1;N/A;N/A;EPTL|BXH;Talapoosa;MAIN;49|50
76841CEB;1;TARC;N/A;EPG|SKN|PRY;Tulox Property;MAIN;25|26
76A90D27;1;TORO;N/A;ORO|PRY|CAR|VMS|EPG;Cook Gold Property;MAIN;32|38|41|56
76E2842D;1;TARC;N/A;EPTH|PRY;Pimenton Mine;MAIN;32|35|37|46
7713CC7D;1;TARC;N/A;IOC;Sapuchi;MAIN;56|57|67
76EB0070;1;TARC;AG|CU|PB|ZN|AS|SB|HG;PRY|BXH;Metates;MAIN;54|55|61|62|63
7732DA5A;1;TRFT;AS|SB|HG;EPTL|BXH;La Calandria Sur;MAIN;39|47|56
7733E88F;1;TARC;N/A;EPTL;El Padre Vein;MAIN;12|13|14|15
775BE7F3;1;TARC;CU|AG;PRY|EPTH;Shahumyan;MAIN;71|72|75|81|85|88
7789771B;1;TARC;AS|SB|HG;EPTL;WKP;MAIN;32|41|47|48|55|56
77B1E514;1;TARC;N/A;ORO;Segovia;MAIN;21|24
77B19511;1;TGGT;AS|HG|BI|SB|SE|TE|W;ORO;Komahun;MAIN;51|52|65|67
77B57ACF;1;TGGT;N/A;ORO;Fondewa Showing;MAIN;27|32|35
780BCCA7;1;TRFT;AG|HG|SE|AS|SB;EPTL|EPTI;Wind Mountain;MAIN;43|47|49
77DED429;1;TARC;AS|HG;ORO;Saddle;MAIN;33|34|45|65|66
7882B488;1;TORO;SB|AS|HG|MO;ORO;Costerfield;MAIN;55|64|77
79069A54;1;TORO;CU;ORO|PRY;Blue Hawk;MAIN;13|14|16
78B2817B;1;TORO;N/A;CAR;Mineral Gulch;MAIN;16|17|24
78D217BB;1;TRFT;AS|HG|SB|TL|K;EPTL;Veta Norte;MAIN;24|29|31|32
793C91F2;1;TARC;N/A;PRY;X1 Deposit;MAIN;72|74|112
7952CA6F;1;TARC;N/A;EPTL;Balabag;MAIN;18|19|22
7976B11C;1;TARC;AS|HG|SB;EPTL|EPTI;Ixtaca Zone;MAIN;41|48|54|55|60
79A54362;1;TARC;N/A;PRY;Middle Zone;MAIN;40|66
79F46C5E;1;TARC;ZN|PB|CU|AS;EPTH|BXH;Choquelimpie;MAIN;27|32|34|41|42
7A9BD360;1;TARC;N/A;PRY;Lucifer;MAIN;18|19|21
7A9C17B7;1;TGGT;TE|AG|W|SB|HG|AS|S;ORO|BXH;Wona;MAIN;8|9
7B12B6D6;1;TBAC;N/A;PRY;Santa Barbara;MAIN;45|62|65|66
7B0B22D9;1;TARC;N/A;PRY;Whistler Deposit;MAIN;76|110
7BAA9DC7;1;TGGT;AS|W|B|MO;ORO;Rollo Property;MAIN;15|19
7BC29BD7;1;TARC;N/A;VMS;Brandywine Property;MAIN;45|46|53
7B544DC2;1;TARC;W|BI|BA;PRY|SKN;Pinaya;MAIN;28|29|37|38|40
7C226598;1;TARC;TE|BI|SB|AS|PB|ZN|AG|MO|CU|TL;EPTH;Ranch Area;MAIN;117|121|128|141|146|168|176
7C53DC18;1;TORO;BI|CU|AG|PB|ZN;ORO;Peak;MAIN;46|49|50|59|95
7C7614EB;1;TARC;AS|SB|HG|CD|TE|CU|AG|ZN;EPTL;Monarch Gold Zone;MAIN;46|57|62|68
7C752E89;1;TORO;N/A;EPTI|IRG;Ekuzya;MAIN;64|65|78
7C97D8ED;1;TRFT;AS|SB|HG|SE|MO;EPTL;Wind Mountain;MAIN;43|49|52
7C9D9F6B;1;TARC;AS|AG|CU;PRY|EPTH|BXH;Orion Area;MAIN;52|61|65|71|73|88|90
7CCAFFB3;1;TUNK;AS|SB|HG|AG;EPTL;Quartz Mountain;MAIN;62|65|66
7DA85DEE;1;TGGT;AS|B;ORO;Savant East Property;MAIN;23|24|31|32|34
7D61A709;1;TORO;N/A;EPTI;Marmato;MAIN;46|49|52|53
7CD1FACF;1;TARC;TE|BI|SB|AS|PB|ZN|AG;EPTH;Ranch Property;MAIN;66|74|75|81|84|86|97
7DD468BB;1;TARC;CU|MO;PRY|EPTH;Ilovitza;MAIN;64|65|68|73|76
7DF55301;1;TGGT;N/A;ORO;Gold Zone;MAIN;31|38
7E2376E4;1;TARC;AS|SB|HG|AG|PB|ZN|CU|W|BI;EPTL;Marjan;MAIN;20|21|22
7DFBFCAD;1;TRFT;N/A;EPTL|BXH;Golden Eagle;MAIN;28|29|35|39
7E3FCB08;1;TORO;N/A;SKN;Olympias;MAIN;19|20|24
7E3FEB28;1;TARC;N/A;EPTL;Moss Vein;MAIN;49|61
7E59D2D6;1;TORO;N/A;ORO;Century deposit;MAIN;41|42|52
7EE860C1;1;TARC;CU|AG|SB|MO;PRY;La Cumbre;MAIN;43|47|50|52|56
7E659E4B;1;TGGT;N/A;ORO;Plutonic;MAIN;41|55
7EEADDDA;1;TGGT;N/A;ORO;Afric Zone;MAIN;26|38
7F1151C0;1;TGGT;N/A;ORO;Beta Hunt Gold;MAIN;41|60|62
7F916955;1;TARC;AG|AS|PB|SB|ZN;EPTL|EPTI;Pampas El Peñon;MAIN;42|49|51|58
7F5D7798;1;TARC;N/A;EPTL;Moss deposit;MAIN;81|83|98|99
7F5F340C;1;TARC;AS|SB|HG|CU|BA|MN;EPTL;Purisima;MAIN;27|28|40|42|45|46
7F8FA36B;1;TARC;AS|SB|HG|PB|ZN|CU;VMS|EPTL;Eskay Creek;MAIN;116|127|133|134|141
7F93CE1C;1;TORO;BI|SE|TE|HG|AG|PB|ZN;IRG;Dawson;MAIN;64|67|68|77|79
7FD0C78A;1;TORO;AS;ORO;Mineral Creek Zone;MAIN;55|76|79|84
7FB053BF;1;TGGT;N/A;ORO;Macassa Mine;MAIN;26|27|30|32
80B1242C;1;TORO;N/A;ORO;Cape Ray Gold Deposits;MAIN;49|64|65
8121C61A;1;TGGT;N/A;ORO;Sakami property;MAIN;26|29|35
8105D304;1;TORO;N/A;ORO;Box Mine;MAIN;62|64|69
8123FD0A;1;TARC;N/A;EPTH|PRY;La Arena;MAIN;53|59|61
812F1AC6;1;TUNK;AG|SB|AS|BA|HG;CAR;Pinion;MAIN;81|89|92
8185B422;1;TARC;N/A;EPTL;T'Boli;MAIN;24|29
81B1F86D;1;TORO;AG|AS|SB|K|LI|BI|W|TE|B|CU|PB|ZN|HG;ORO;Quesnel Quartz deposit;MAIN;27|34|35
8217F93E;1;TORO;BI|AS|CU|AG;IRG;Main Zone;MAIN;26|27|32|41
81BE4816;1;TARC;BI;IRG;Tocantinzinho;MAIN;55|56|61|64
82AFF125;1;TGGT;S|MO|AG|BI|W|SE|PB|CU|AS|SB|K|RB|BA|TL|FE|CO|ZN|NI;ORO;Barry deposit;MAIN;62|70|71|74
82B83FEC;1;TORO;N/A;ORO;San Albino;MAIN;65|66|67
82DD5D31;1;TGGT;N/A;ORO;Goldlund deposit;MAIN;44|52
825D75FE;1;TARC;AS|BI|TE|AG|PB|ZN|HG|SB;SKN|PRY|BXH|EPTL;Ana Paula;MAIN;48|62|76|80
82F8C84D;1;TRFT;AS|SB|MN;EPTL|EPTI;Cerro Caliche Project;MAIN;66|67|75|80
836151F3;1;TRFT;AS|SB|MO|W|CR|HG|TL;EPTL|CAR|ORO;Relief Canyon;MAIN;72|73|81|83
838626FA;1;TORO;AG|AS|SB|K|LI|BI|W|TE|B|CD|CU|PB|ZN|HG;ORO;Doratha Morton gold trend;MAIN;146|149
8368527C;1;TARC;CU|MO;PRY|EPTH;Ilovica;MAIN;111|114|119|123
838E080A;1;TORO;W|ZN|PB|AS;ORO;Forest Hill;MAIN;15|17|20
838C0B90;1;TGGT;N/A;ORO|IOC|LAT|PLC;Tucumã Project;MAIN;42|44|45|46
839D9A8B;1;TARC;AG|AS|BA|CU|HG|MO|SB|TE;EPTH;El Jabali;MAIN;15|26
83B82E2D;1;TUNK;CU|PB|ZN|AG;VMS;Gediktepe;MAIN;57|74|75
83DF999C;1;TORO;SB|AS|AG;IRG|ORO;Discovery Zone;MAIN;15|28|29
848FB5BD;1;TORO;W|BI;IRG|EPTL;Nucleus Deposit;MAIN;22|25|30
8428B020;1;TGGT;B|AS;ORO|VMS;Savant East Property;MAIN;25|32|33|35|37
84B3E98C;1;TARC;N/A;EPTL;Carmen Deposit;MAIN;19|26
84BD15A7;1;TGGT;N/A;ORO;Magino Mine;MAIN;61|63|74
84D82433;1;TGGT;N/A;ORO;Gosselin Zone;MAIN;20|23|28
84D984F8;1;TTRN;AS|SB|HG|BI|SE;EPTH|IRG;Lazy Man gold zone;MAIN;27|28|31
84ED7386;1;TGGT;N/A;ORO;Gold Zone;MAIN;31|38
8549D7B0;1;TGGT;AS|PB|ZN;ORO;Eau Claire;MAIN;47|53|56
851FDFB7;1;TORO;N/A;PRY;Gold Mountain Zone;MAIN;26|27|36|38
853EBBCC;1;TRFT;AS|SB|S|BA|BI|HG|TL;EPTL;Gravel Creek;MAIN;63|77|95|105
85558EDB;1;TGGT;N/A;VMS;Trieste prospect;MAIN;7|10
85C66DF7;1;TORO;HG|AS|SB;CAR;BYP Gold Deposit;MAIN;28|36
865E1CB5;1;TGGT;N/A;ORO;Altered Zone;MAIN;16|23|24
8621F90E;1;TARC;AS|BA|CU|PB|SB|HG|ZN;EPTL;Purisima Vein;MAIN;16|17|20|29|32
856BBAD2;1;TARC;ZN|PB|CU;EPTI|EPTH|BXH;Hot Maden;MAIN;30|34|35|36|45
868DDC4C;1;TBAC;N/A;PRY;Santa Barbara;MAIN;41|46|48
866A5693;1;TARC;N/A;EPTL;Capitan Hill;MAIN;60|63|70|71
8697519C;1;TRFT;N/A;EPTL;Moss Mine;MAIN;36
86A658C1;1;TGGT;N/A;ORO;Little Bear Lake Vein System;MAIN;18|20|23
86C8BAEC;1;TORO;W|ZN|PB;ORO;Tangier;MAIN;15|17|20
86B5E732;1;TORO;W|BI|AS;ORO;Fisher showing;MAIN;25|26|30|31
86AC155E;1;TARC;AS|BI|TE|AG|PB|ZN|HG|SB;PRY|SKN|BXH|EPTL;Ana Paula;MAIN;49|63|77
86F48F60;1;TORO;HG|AS|SB;CAR;Zone 6;MAIN;32|40
87288A9D;1;TORO;AG|PB|ZN|CU;ORO;Cape Ray Gold Deposits;MAIN;53|60|68|71
874845C1;1;TGGT;CU|AS|TE|PB|MO|W|ZN|SB;IRG;Duparquet deposit;MAIN;58|59|72|73
879DD034;1;TRFT;N/A;PRY;Kışladağ;MAIN;39|45
878C2FBC;1;TORO;N/A;BXH|IRG;Santana Project;MAIN;56|57|87|88
87A6200F;1;TORO;AS|B|BI|HG|SB|TE|W;ORO;Aureus East;MAIN;20|23
87D13C27;1;TORO;CU;PRY;Gold Mountain Zone;MAIN;39|40|43|48|50
87FB934D;1;TORO;AG|AS|SB|BI;ORO;Kana Zone;MAIN;17|18|22|26
887E0F8D;1;TARC;HG|MO;EPTL;Tuscarora Project;MAIN;25|30|31
887EB5BB;1;TGGT;N/A;ORO;Storm Lake;MAIN;27|29|37
88E0A042;1;TARC;AS;EPTH|PRY;AH target;MAIN;19|22|24
888229A6;1;TGGT;N/A;ORO;Lake Ménarik;MAIN;27|60
888822CC;1;TARC;AG|AS|SB|HG;EPTI;Arista Mine;MAIN;51|55|72|75|77
8926B51F;1;TORO;AS|BI|CD|CU|FE|HG|PB|S|SB|W|ZN;EPTI|EPTH;Shahuindo;MAIN;44|53|57
895584D3;1;TARC;PB|CU|ZN|AS;IRG;Serra Alta;MAIN;65|68|74|80|82|94|95
89309DB0;1;TRFT;N/A;EPTL;DeLamar;MAIN;51|53|57|70
897ADA91;1;TARC;FE|CU|AS|MO|SB|PB|ZN;EPTH|ORO|IOC;Amulsar;MAIN;104|112|113|115
897EDE19;1;TORO;AS;ORO;Meaghers Grant Prospect;MAIN;22|27|29|30
89B29592;1;TGGT;N/A;IRG|ORO;Douay;MAIN;34|49
89F4FDD3;1;TARC;N/A;PRY|EPTL;La Colorada Project;MAIN;55|57|64|65
8A073FC1;1;TGGT;N/A;ORO;Kutuvuoma;MAIN;54|59|80
89EBE7D2;1;TRFT;AG|CO|AS|SB|BI|HG|TE;EPTL;Mexican Hat;MAIN;56|68|91
8A0DD338;1;TORO;BI|TE|AG|AS|MO|SB|ZN|PB;EPTH|BXH;Artsiv;MAIN;28|30|38|58|64|65|76
8A82DEDB;1;TORO;N/A;PRY;Gold Mountain Zone;MAIN;37|38|39|40|43
8A3925A0;1;TGGT;N/A;IRG|ORO;Windfall Lake deposit;MAIN;32|41|42
8A3CCFCE;1;TRFT;AS|SB;SKN;Filippini;MAIN;49|51|52|57|62|63|64
8AE5C555;1;TTRN;N/A;EPTL;Talapoosa;MAIN;45|52
8A98FCB5;1;TGGT;AG|ZN|CU;VMS|ORO;Central Zone;MAIN;31|39|41|42|48
8AA70A32;1;TARC;N/A;EPTL;La Corizona;MAIN;35|47
8AF87042;1;TGGT;N/A;VMS;Horne 5 deposit;MAIN;105|135|137|138
8B2C27D6;1;TGGT;N/A;IRG;Windfall deposit;MAIN;99|117
8B34AEC5;1;TARC;N/A;EPTH;Loma Larga;MAIN;56|61|62|69
8B24B9C6;1;TARC;AS|K|RB|SB|TE|TL;EPTL;Lawyers Trend;MAIN;102|112|118|119|134|135|143
8B4E307B;1;TORO;AS|SB|BI|PB|ZN|AG;IRG|ORO;Kenyon Creek;MAIN;19|20|21|28|29|31|32
8B96A8A0;1;TORO;AS|W|SB;ORO;Macraes;MAIN;54|61|65
8B46F809;1;TARC;N/A;PRY;Batoto-Tarale;MAIN;43|44|48
8BA5C748;1;TARC;ZN|PB|SB|AS;BXH;Miraflores;MAIN;42|61
8BD95C32;1;TARC;N/A;EPTL;Martha;MAIN;39|40|44
8BCC9E30;1;TARC;N/A;EPG;Gold Trend;MAIN;22|23|26|36|37
8BFF76BE;1;TUNK;SB|AS|PB|AG|ZN|HG|MO|CU;CAR|MAN|SKN;Golden Trail Vein;MAIN;20|25
8BF35A1C;1;TARC;N/A;EPTL;Era Dorada;MAIN;64|66|67|91|92|93
8C28A9E8;1;TGGT;N/A;ORO;Tyranite;MAIN;30|36|37
8C26759F;1;TARC;N/A;EPTH;Chelopech;MAIN;43|44|48|49|53
8C41976D;1;TARC;AS|SB;PRY|EPTI|BXH;Chanape;MAIN;34|38
8C2A9C89;1;TRFT;PB|ZN|AG;EPTL|EPTI;Cerro Caliche;MAIN;63|67|73|76|77
8C5DE122;1;TARC;AG|MO|CU|AS|SB|HG;EPTH|BXH;Granja Nueva;MAIN;24|30|34|40|41|50
8C7D7396;1;TORO;N/A;EPTL|EPTI;Skukum Creek;MAIN;53|72|73
8CA68915;1;TORO;N/A;ORO;El Bagre;MAIN;47|54
8C7465A2;1;TARC;N/A;PRY;Sullivan;MAIN;56|74|81
8D04BFDA;1;N/A;N/A;ORO|IRG;Segovia Project;MAIN;25|46
8D0EC46C;1;TGGT;N/A;ORO;Aubelle;MAIN;6|7
8D377B5C;1;TORO;N/A;BXH;Cerro Colorado;MAIN;27|31|40
8D3EDD49;1;TARC;N/A;PRY|EPTI;Marmato;MAIN;51|54|57
8D533FB9;1;TORO;N/A;EPTL|ORO;Yanamina;MAIN;59|61|64|67|70
8DC40D19;1;TARC;AS|MO;EPTL|PRY|SKN;Yard;MAIN;17|23|24
8DAA4805;1;TARC;N/A;EPTL|SKN|ORO|PRY;Sonora Gold Property;MAIN;25|32|33
8DF50778;1;TGGT;AS|SB|BI|PB|SE|TE|HG;VMS|IRG;Westwood Mine;MAIN;52|66|71
8E8B1B5D;1;TCRA;N/A;ORO;Coringa;MAIN;40|43
8E31A1BB;1;TGGT;N/A;ORO|PRY;Purdex Zone;MAIN;55|67
8E1106E8;1;TORO;W|CU|AS;ORO;Fekola;MAIN;105|112
8E9A1A54;1;TARC;PB|AS|AG|BI|SB|MO|CU|ZN;EPTH|PRY;Ağı Dağı;MAIN;66|78|81|88|90
8EA29065;1;TARC;N/A;EPTH;Cerro Quema;MAIN;26|33
8EE19B2A;1;TARC;N/A;BXH|EPTH;Cieneguita Breccia;MAIN;24|26|33|34
8EEEBD98;1;TARC;N/A;PRY;Chancho zone;MAIN;20|21|22|28|33
8EFE34C6;1;TGGT;W|PB;ORO;Dalny Mine Complex;MAIN;25|26|27|29|30
8F5D7E31;1;TORO;AG|AS|SB|HG;EPTL;Rama de Oro;MAIN;12|17|19|20
8F0A693C;1;TORO;CU|ZN|AG|AS;SKN;Champ Property;MAIN;13|14|18|21|24|25|26|27
8F19E615;1;TORO;MO|AS|SB|BI|W|TE|CU;IRG|SKN;AurMac;MAIN;52|61|62|63|64
8F690FC3;1;TGGT;CU|PB|ZN;VMS|ORO;Rainy River;MAIN;59|62|65|66|71
8F795DBE;1;TGGT;N/A;ORO;Osmani Gold Deposit;MAIN;31|36|42
8F73FD4E;1;TORO;FE|CO|MO|CU|BA;ORO;Ernesto-Lavrinha;MAIN;41|54|55|59
8FF118DD;1;TTRN;AS|HG|TL|LI|K;EPTL;Hayden Hill;MAIN;33|41|42
901FC988;1;TARC;AS|AG|ZN|HG;IRG|ORO;Yellow Giant;MAIN;53|54|56|57
90334E1D;1;TGGT;N/A;ORO;Terrace Bay Batholith Mineralization;MAIN;30|38
908D8A5C;1;TORO;AS;ORO;Marston Showings;MAIN;38|41|46|55|56
903FBAE5;1;TORO;CU|AS;PRY|SKN;Bald Hill;MAIN;12|13|14
9086B2E3;1;TGGT;AG|ZN|BA;ORO;Bug Lake Trend;MAIN;16|18|24|27|31
9097343C;1;TORO;SB;ORO;A1 Zone;MAIN;24|25|27
90DB8682;1;TGGT;N/A;ORO;Golden Gap;MAIN;42|52|63|65|66
910DFB96;1;TRFT;SE|HG;EPTH|EPTL;Sleeper;MAIN;44|47|64|67
9131D107;1;TARC;N/A;EPTL;San Rafael Vein;MAIN;126|139|145
91AB6E91;1;N/A;N/A;N/A;Lucho/Leyton/Michelle;MAIN;8
91787FD4;1;TARC;N/A;EPTL;Foggy Mountain;MAIN;29|36
918E6CC8;1;TGGT;AS|SB;ORO;Main Stripped area;MAIN;18|23|24
91E55002;1;TGGT;N/A;IRG|ORO;Chevrier Deposits;MAIN;56|59|68|70
91D90DE5;1;TORO;AG|ZN|AS|SB|BI;ORO|IRG;Barsele Central;MAIN;53|59|60|72|75
91FC9F22;1;TORO;N/A;EPTL;Mt. Skukum;MAIN;41|44|62
9209B424;1;TARC;N/A;EPTL;Moss Vein;MAIN;43|56
921B8BD3;1;TORO;N/A;SKN;Phoenix;MAIN;35|46|57|66|71
9221ECA1;1;TTRN;N/A;EPTL|EPTI;Holly;MAIN;24|26|36
92C6BBC5;1;TARC;AS;EPTL;PC Property;MAIN;13|15|17|19|25
92603BA3;1;TARC;N/A;EPTL|EPTI;Coneto Vein System;MAIN;4|5|29|33|50
92CDEC55;1;TORO;N/A;ORO;Frasergold;MAIN;26|27|29|30|37|38
931DC7FD;1;TORO;SB|AS;ORO;Appleton Fault Zone;MAIN;63|86|88|128
932A04D2;1;TARC;N/A;EPTL;Ada Tepe;MAIN;35
93536340;1;TORO;N/A;MAN;Olympias;MAIN;42|49
9371E8F1;1;TRFT;N/A;EPTL;East Manhattan Wash Project;MAIN;21|27|28|30
9416D2E5;1;TORO;AS;ORO;Discovery Zone;MAIN;37|38
944E9D52;1;N/A;N/A;EPTL;Moss Vein;MAIN;75
9379C21C;1;TBAC;N/A;EPTL;Martha Vein System;MAIN;49|51|55
94649BA7;1;TUNK;AS|SB|BI;ORO|EPTL;Los Socavones;MAIN;78|87|93|100
94A56812;1;TGGT;N/A;ORO;Saramacca;MAIN;29|37
9498BE30;1;TARC;N/A;ORO|IRG;San Ramon deposit;MAIN;64|66|71|74
9466C285;1;TTRN;N/A;EPTL;Hasbrouck;MAIN;68|80
94D3DF7C;1;TARC;N/A;EPTL;Bayan Khundii;MAIN;57|76
95D14B1D;1;TTRN;N/A;EPTL;Montgomery-Shoshone;MAIN;45|57
954DAE77;1;TGGT;N/A;ORO;Beta Hunt Gold;MAIN;57|71|72|73
96AAABAF;1;N/A;N/A;ORO|IRG;Guia Antigua Vein;MAIN;34
95FA8F80;1;TRFT;AG|AS;EPTL;Gold Springs;MAIN;29|50|56
96CA3496;1;TGGT;MO|AG;ORO;Mckenzie Project;MAIN;41|51|59|60
96EBF18A;1;TBAC;BA;VMS;Terakimti;MAIN;47|49|56|57|60|61|63|72
971B188C;1;TORO;BI|TE|AS|W|MO|SN|SB|HG|AG|PB|ZN;IRG;Gold Strike One;MAIN;44|48|49|57
96FAD01B;1;TGGT;N/A;VMS|ORO;Rainy River Gold Project;MAIN;130|157|158
9743F69A;1;TRFT;AS|HG|SB|AG|SE;EPTL;Severance;MAIN;45|47|49
9765A64B;1;TARC;N/A;EPG;Manto Dorado;MAIN;19|20
97373D90;1;TRFT;AS|SB|HG|MO;EPTL|BXH;Cap Oeste;MAIN;54|55|62
9766AFC9;1;TORO;AS|SB|BI|TE;IRG;Main Tut;MAIN;29|39|50
97B2B2DC;1;TORO;HG;VMS;Yenipazar Deposit;MAIN;82|83|88|91
981EE4F8;1;TORO;AG|PB|AS|CU;CBM|PRY;Klaza Property;MAIN;34|41|54|55|61
97BFF152;1;TARC;HG;EPTL|BXH;Las Cucharas district;MAIN;16|19|20|22|23
98584244;1;TGGT;N/A;PRY|BXH;Siembra Minera;MAIN;55|71|72
98243789;1;TARC;AS|BI|HG|PB|SB|TE;EPTH|BXH|EPTI|PRY;Salares Norte;MAIN;37|40|44|46
98BB7603;1;TBAC;N/A;VMS;East Block;MAIN;19|21|25|32
9885A53C;1;TARC;N/A;IRG|PRY|BXH;Red Mountain;MAIN;46|58
98A33EDF;1;TORO;AS|SB|HG;CAR|BXH;South Arturo;MAIN;34|41
988CE8CC;1;TRFT;AS|SB|HG;CAR;Marigold;MAIN;60|63|91|92
98E64E92;1;TARC;N/A;PRY;Sullivan;MAIN;97|104|118
99108087;1;TARC;AG;EPTL;Vein 49/Nelson;MAIN;62|65|66|70|72|73
991548CF;1;TORO;AS|SB;ORO;Royal Shear Trend;MAIN;40|46|49|50|52|64|72|75
99321C11;1;TARC;AS|HG|SB;EPTI|EPTL;Ixtaca Zone;MAIN;19|27|28|32
994CBC19;1;TARC;ZN|PB|CU|AS|SB;EPTL|EPTI;El Gallo Silver;MAIN;56|66|73
995E91D1;1;TORO;BI;IRG;Gold Strike Two Project;MAIN;37|41|45|49
99639A23;1;TUNK;N/A;ORO|PLC;Dolores and La Pinta veins;MAIN;14
9964DED6;1;TARC;N/A;EPTL;El Capitan;MAIN;29|32|35|39|40|41
99825DA4;1;TARC;N/A;PRY;Santa Barbara;MAIN;45|62|65
9992886D;1;TORO;AS|B|BI|HG|SB|TE|W;ORO;Bonanza Mine;MAIN;39|49|56|57
999A0EC9;1;TARC;N/A;PRY|EPTI;Callejón Blanco;MAIN;28|60|66
99A0E8D1;1;TGGT;AG|AS|S|SB|PB|CD|ZN|BA;ORO|VMS;Martinière;MAIN;16|18|23|25|30|31
99AE924C;1;TARC;N/A;EPTL;Dynasty Goldfield;MAIN;23|28|29
9A17D4CB;1;TARC;HG|W|AG|SB|AS|CU;IRG|BXH;Moore Creek stock;MAIN;9|11|12
99F923ED;1;TARC;PB|ZN|CU|AG|AS|HG|MN|FE;IRG|EPTL|EPTI|VMS|SKN;MC Property;MAIN;26|28|32|35|36|58
9AB7BDA1;1;TORO;FE|AG|PB|BI|TE|CU;IRG;Valley-Gracie;MAIN;20|21|24|25|27|28|31
9A73F19F;1;TORO;N/A;ORO;SMG deposit;MAIN;43|44|52
9A63E470;1;TARC;MO;PRY|BXH;Rovina;MAIN;67|68|72|75|76|118|119|129
9AAD1A41;1;TGGT;N/A;VMS|ORO;Rainy River Deposit;MAIN;108|135
9ABE0328;1;TGGT;PB|MO|CU|ZN|AG|BA|SE;VMS;Da Tambuk;MAIN;44|47|53|61
9ACF283D;1;TGGT;N/A;IRG;Tower Mountain;MAIN;42|56
9AE6550A;1;TGGT;CU|MO;PRY|IRG;Golden Triangle;MAIN;49|50|51|57|67|68
9B0D9737;1;TTRN;HG|AS|SB;EPTL;Soledad Mountain;MAIN;57|58|63|68|72
9B64993B;1;TARC;N/A;EPG;Atlanta lode;MAIN;40|47
9BCE0668;1;TGGT;N/A;ORO|IRG|LAT;Tibiti;MAIN;26|27|29|37|38
9B973D75;1;TGGT;AS|SB|W;ORO;Golden Valley Mine;MAIN;19|24|36
9B2A4F5F;1;TRFT;AS|HG|SB|TL;CAR;Goldstrike;MAIN;31|40|41|45
9BD494B8;1;TGGT;N/A;PRY|BXH;Troilus;MAIN;43|55
9C78F356;1;TARC;N/A;PRY|IRG;Red Mountain;MAIN;41|43|48
9C20B324;1;TORO;AS|BI|CU|AG;IRG|SKN;McConnell's Jest;MAIN;18|28|33|36|37|39|43
9C8CE426;1;TARC;CU|MO;EPTH;La India;MAIN;43|48|55
9CC34040;1;TARC;N/A;N/A;NW Target;MAIN;25|32|36|38
9C946A57;1;TUNK;N/A;IRG|ORO;Paddy Mac;MAIN;12|18
9CEBD570;1;TARC;AS|CU;PRY|EPTL;Mot showing;MAIN;19|21|22|26|27|30
9CEC3FEF;1;TGGT;TE|MO|BI|AG|PB|ZN|HG|SB|CU|S;MIX;Kellyn;MAIN;12|15|17
9CED3A77;1;TTRN;N/A;EPTL;Hasbrouck Mine;MAIN;73|86
9CF86DBD;1;TARC;N/A;BXH|EPTH;Cieneguita Breccia;MAIN;39|41|49|50
9CF03034;1;TARC;AS|SB|BI|PB|ZN|HG;EPTL|VMS;Homestake Ridge;MAIN;44|56|58|59|61|62
9D1C3373;1;TGGT;AG|CU|ZN|BI|MO|TE;ORO;Bonanza Property Iron Formation;MAIN;26|29|30
9D39AFC7;1;TRFT;AG|CU|HG|SB|ZN;EPTL;Millennium;MAIN;43|55|60
9D6DD407;1;TORO;AS;ORO;Coleman-Lucky Shot;MAIN;39|43|51|52
9DA98636;1;N/A;CU|PB|ZN;VMS|SKN;Gediktepe;MAIN;55|56
9DB5CC19;1;TARC;HG|AS|SB|TL;EPTL;La Colorada;MAIN;34|42|43
9DDEE224;1;TGGT;N/A;N/A;GRS;MAIN;28|29
9DD802ED;1;TORO;N/A;ORO;Central Deposit;MAIN;47|57|63|64
9DFAB4B6;1;TRFT;N/A;N/A;Orofino Pit;MAIN;11|12|13
9E495655;1;TORO;ZN|PB|SN|W|BI|SB;IRG|EPTL;Irumafimpa-Kora;MAIN;55|58|61|66
9E5AAC6D;1;TORO;AS|SB;IRG;Mt. Hinton Vein System;MAIN;37|39|55
9E8814D7;1;TGGT;N/A;VMS;Horne 5 deposit;MAIN;94|121|122|124
9EC0EC00;1;TORO;N/A;ORO|BXH;Abu Marawat;MAIN;29|38|39
9E8E97E4;1;TARC;AG|AS|SB|CU|PB|MO;EPTH;Guanaco;MAIN;102|143|150
9E8BCA09;1;TARC;AS|PB|TE|ZN|SB;PRY|EPTI;Goldstorm;MAIN;49|56|69
9EC2F63B;1;TORO;S|AS|TE|W|B|MO|PB|ZN;ORO;Pine Tree - Josephine;MAIN;60|61|70|72|76
9EE4F0AD;1;TORO;BI|MO;IRG;Fort Knox;MAIN;35|38|43
9F0738E8;1;TGGT;N/A;VMS;Géant Dormant;MAIN;34|41
9F02121D;1;TGGT;CU|AG;VMS;Eastmain Gold Deposit;MAIN;39|53
9F40FA31;1;TORO;N/A;N/A;Corcoesto;MAIN;40|43|49
9F9213EF;1;TORO;CU;ORO;Groete Deposit;MAIN;20|23|25
9F928982;1;TARC;PB|ZN|MO|AS|SB|HG|AG|CU|CO;VMS;Enterprise;MAIN;61|77|86|101|103|108
9FB6DEBF;1;TGGT;N/A;ORO|BXH;Kidney Pond;MAIN;42|59|60|62
9FD82801;1;TARC;AG|AS|SB|K|LI|BI|W|TE|B|CU|PB|ZN|HG|MN|BA;ORO|EPTI;Harry Property;MAIN;25|30|31|32
9FCABAA5;1;TORO;BI|W|TE|MO|CU|AS|AG|PB|ZN|SB;IRG|SKN;AurMac;MAIN;78|88|89|91
A05E7735;1;TORO;BI|AS|TE|W;IRG;Eagle Zone;MAIN;62|66|67|75
A0CF1AAF;1;TORO;ZN|PB|SN|W|BI|SB;IRG|EPTL;Kora Consolidated;MAIN;44|46|52|59
A080DDCA;1;TARC;N/A;EPTL|EPTI;La Lajita;MAIN;21|30
A07C0673;1;TRFT;MO;EPTL|EPTI;Cerro Moro;MAIN;48|53|59|66
A0C44F24;1;TRFT;HG|SB|AS|CU|PB|ZN;EPTL;Winston Project;MAIN;48|49|51|54|55|59|60|65|66|69
A0EB85B6;1;TARC;HG|SB;EPTH;Quimsacocha;MAIN;39|48|51
A0D4212A;1;TARC;HG|AS|PB|ZN|AG|SB;PRY|EPTH|EPTI;Caspiche Porphyry;MAIN;113|126|127
A109621A;1;TGGT;CU;SKN|ORO|VMS;Akasaba;MAIN;27|28|31|33|35|37
A1609955;1;TRFT;AG;EPTL;Grey Eagle;MAIN;26|64|65|73|76
A12CD771;1;TORO;N/A;ORO|EPTL;Kalum Property;MAIN;25|27|31|36|39
A1646878;1;TGGT;N/A;PRY;Troilus;MAIN;38|50
A179F0F4;1;TTRN;N/A;EPTL;Discovery Zone;MAIN;35|37
A18A00BF;1;TGGT;AG|AS|SB|TE|W|MO|BI|B;ORO;West Porphyry;MAIN;13|17|19
A1DFEC6E;1;TARC;N/A;PRY|EPTI;Whistler Deposit;MAIN;40|42|54|62|69
A1A34919;1;TORO;AS|MO|ZN|PB|BI|TE|W;ORO|IRG;Friday Zone;MAIN;37|41|42|43|44
A2210302;1;TARC;ZN|CU|BI|W|B|CD;PRY|ORO;Snip;MAIN;49|51|58|61
A229D1DC;1;TGGT;N/A;ORO;Kebigada;MAIN;78|86|93|97|103|105
A26126C6;1;TORO;FE|S;ORO;YJG;MAIN;19|24|27
A2442CEA;1;TARC;ZN|AG|CU|BI|MO;EPTI|EPTL;Blackwater;MAIN;91|102|104
A256C18B;1;TARC;AS|SB|HG;EPTL;WKP Project;MAIN;18|24|32|35|48|53
A261FE50;1;TGGT;N/A;ORO;Up Town Gold;MAIN;19|26|27
A330B1DB;1;TARC;N/A;EPTL;San Dimas;MAIN;34|35|40
A35E9957;1;TORO;BI|AS|CU|AG;N/A;Main Zone;MAIN;25|26|27|32|41
A3373D1C;1;TORO;AS|SB;ORO;Selinsing;MAIN;70|73|74
A394643D;1;TARC;CU|BI|TE|MO|AG;PRY;X1 Deposit;MAIN;66|68|98
A3B0117A;1;TGGT;N/A;ORO;Trojan Block;MAIN;27|35|36
A3B806A7;1;TARC;CU|AS|BA|BI|ZN|PB|HG;EPTH;Lagunas Norte;MAIN;47|50|57|65
A39C5FD2;1;TRFT;HG|SE|TL|AS|SB|MO|W|BI|BA;EPTL|CAR|PRY;Rimrock;MAIN;45|46|47|60|61|62|63|64|66
A3D27F2D;1;TGGT;N/A;VMS;Arrow Zone;MAIN;33|35|40|46
A3E7B696;1;TGGT;N/A;ORO;Pershing-Manitou;MAIN;50|53|62
A42132DF;1;TGGT;N/A;N/A;Portageur;MAIN;9|13
A3F8326C;1;TORO;N/A;VMS|IOC|EPTH;Tan Chaffao Ouest;MAIN;21|36|42
A44E9324;1;TGGT;AG|ZN|CU|AS;ORO|VMS;Black Dog Zone;MAIN;33|37|38
A47DA0A3;1;N/A;N/A;EPTH;San Martin;MAIN;24
A4588369;1;TORO;N/A;IRG;Gramalote Ridge;MAIN;62|73|74
A4BCF038;1;TGGT;N/A;ORO;Beta Hunt Gold Deposits;MAIN;51|67|68|71
A47E6B0C;1;TARC;N/A;EPTL;Balabag;MAIN;46|51|69|90
A4E81B5B;1;TORO;AS|PB|BA|AG|SB|ZN;SKN|EPTI|EPTL;Camino Rojo;MAIN;75|76|81|82|88|90
A513A308;1;TORO;N/A;ORO;McIntyre Brook showing;MAIN;20|29|34
A51E4747;1;TRFT;CU|PB|ZN|AG|BA;DFR|EPTL;Copperstone;MAIN;114|124|125
A54F5C7E;1;TARC;AG|AS|BI|SB|PB|MO|SN;EPTH;La Paila;MAIN;42|45|51|53
A59AD199;1;TARC;N/A;N/A;Totoral Veins;MAIN;50|51|60
A5DD9BE2;1;TORO;AG|BI|PB|TE;IRG|ORO;Siwash North Zone;MAIN;52|63|69|70
A64BAD14;1;TRFT;N/A;EPTL;Wildcat Project;MAIN;50|53|57
A5829B76;1;TRFT;N/A;PRY|MAN;El Castillo;MAIN;66|68|81|84
A6702E62;1;TORO;SB|W|AS;IRG|EPTL;Golden Gate Hill;MAIN;45|59|60|61|62
A6B57B4F;1;TARC;AG|ZN|CU;EPTI;Romero;MAIN;52|53|60|64|65
A653F562;1;TRFT;AS|SB|HG;EPTL;Adelaide-Crown Vein System;MAIN;54|61|62|68|75
A6A6B7B5;1;TARC;N/A;EPTL;Bayan Khundii;MAIN;17|47|48
A6E710D3;1;TGGT;N/A;ORO;Dixie Gold Project;MAIN;57|64
A6FE5B24;1;TARC;N/A;EPTI;Voskedzor;MAIN;59|69|81|96
A7348C1D;1;N/A;AS|SB|HG|AG;EPTL;Quartz Mountain Project;MAIN;28|29
A6CBE6AE;1;TGGT;AG|AS|B|BI|HG|SB|TE|W;ORO;Kerr-Addison;MAIN;59|73|74
A77095D4;1;TARC;AS|BI|PB|SB;EPTH;Carachapampa;MAIN;34|38|40|42|43|45|57
A77D109C;1;TARC;ZN|AG|PB;PRY|EPTL|BXH;San Agustin;MAIN;54|59
A783E0D5;1;TARC;N/A;EPTH;Chelopech;MAIN;44|45|49|50|54
A7D133F3;1;TGGT;N/A;ORO;Iron Lake Deformation Zone;MAIN;34|35|45
A7E535AC;1;TGGT;N/A;ORO|IRG;Wasamac deposit;MAIN;97|113
A7EE216B;1;TARC;N/A;EPTL;Rosario Vein;MAIN;32|43
A8069F64;1;TORO;AS|BI;ORO|IRG;Batman Deposit;MAIN;78|83|85
A83A8580;1;TARC;N/A;PRY;Primavera;MAIN;29|37|38
A83B7DFF;1;TRFT;N/A;EPTL;DeLamar;MAIN;38|40|56
A8651DF0;1;TARC;N/A;EPTL|EPTI|CBM;Eastern Borosi Project;MAIN;30|42|44|46
A85D4789;1;TRFT;AS|SB|TL|HG|AG;CAR;Cove;MAIN;43|51|52|55
A8ABFE19;1;TARC;AG|PB|SB|SE|TE|W|CU|LI;EPTL;Kencana;MAIN;28|29|36|38|40
A8DCC2A2;1;TARC;CD|PB;EPTL|EPTI|IRG;Independence;MAIN;32|41|42
A926ADC2;1;TARC;CU;PRY|EPTH;Lajitas;MAIN;16|18|22|23|29
A8F8F5C2;1;TGGT;N/A;IRG|ORO;Windfall Lake;MAIN;5|34|37|40|41
A8F2320F;1;TARC;AG|ZN|PB;EPTL;Blackwater;MAIN;18|19|25|27
A93AD1DB;1;TARC;N/A;EPTL|EPTH;Kavursuki;MAIN;23|26|27|28
A95A5CB5;1;TARC;PB|ZN|MO|AG|CU|AS|MN;EPTL;Altan Nar;MAIN;12|13|22|25
A941E622;1;TARC;N/A;MIX;El Creston;MAIN;78|80|91|92|93
A941BEA4;1;TGGT;ZN|AG|S;PRY|ORO;Troilus;MAIN;77|97|103|104|105|106
A96653E8;1;TGGT;N/A;ORO;Chibougamau property;MAIN;35|37|40
A9B1916A;1;TORO;N/A;ORO;Frasergold;MAIN;23|30|31
A9A023C3;1;TARC;AG|ZN|CU;EPTI;Romero;MAIN;39|40|47|53|54
A9CE3849;1;TORO;N/A;ORO;Curraghinalt;MAIN;5|36|49
A9BEB7BA;1;TARC;N/A;VMS;Horne 5 deposit;MAIN;45|72|74|75
A9D1C791;1;TORO;N/A;ORO;San Albino Deposit;MAIN;43
A9D2CE67;1;TTRN;N/A;DFR;Mineral Ridge;MAIN;68|75
A9DBE8E5;1;TARC;AS|BI|TE|AG|PB|ZN|HG|SB;IRG|SKN|BXH|EPTL;Ana Paula;MAIN;77|87|89|91|93
AA07544A;1;TBAC;N/A;SKN;Sta Elvira;MAIN;14|17|20
A9DD6B60;1;TARC;N/A;EPTH;Cerros Taguas;MAIN;58|73
A9E641B1;1;TORO;BI|AG|TE|CU|MO;ORO;Lemhi Gold Deposit;MAIN;107|116|121
AA7DCD69;1;TARC;N/A;IRG;Gramalote Central;MAIN;34|37
AA8AC2F2;1;TORO;N/A;ORO;Doña Amelia zone;MAIN;32|35|43
AB272A5B;1;TORO;N/A;ORO;Frontenac-Bald Eagle Vein;MAIN;61|62|69|72|77
AA95963E;1;TORO;AS|BI|CO|NI|MO;IRG|MAN;Ireland mine;MAIN;10|11|26|36|37|38
AB377A0D;1;TARC;AG|PB|ZN|SB;EPTL|BXH|PRY;Shasta;MAIN;45|46|54|65|71|80|81|85|86|102
AB690899;1;TORO;N/A;ORO;Chico;MAIN;15|18|19|22
AB98A6A3;1;TGGT;N/A;ORO;Beta Hunt Gold;MAIN;57|71|72|73
ABAB5E2D;1;TARC;MO;PRY|EPTH;Valeriano;MAIN;42|52|53
ABCDE1A4;1;TGGT;N/A;ORO;Buckreef;MAIN;36|51|58
AC00DC4D;1;TARC;AG|MO|AS|SB;EPTL;Clark's Brook East;MAIN;22|24|26
ABFFEA25;1;TARC;N/A;N/A;Dave's Pond;MAIN;47|48|56
AC340459;1;TORO;SB|AS;ORO|IRG;Tulkubash;MAIN;49|57|60
ACF1EA68;1;TORO;AG|AS|SB|K|LI|BI|W|TE|B|CU|PB|ZN|HG|MN|BA;ORO|EPTI;Milestone and S-1;MAIN;30|38|39|40
AC7C03DB;1;TORO;N/A;MAN;Amizmiz;MAIN;24|25|38|40
AC703F00;1;TGGT;AS;ORO;Casa Sud;MAIN;34|35|42|43
AD10F204;1;TARC;CU|PB|SB|BA|AG|HG|ZN|AS|SN;EPTH;Hope Brook;MAIN;42|50|52|58|60
AE4892CE;1;TARC;N/A;EPTL;Gooseberry vein;MAIN;25|35|36
AD179E0B;1;TARC;N/A;EPTL;La Silla Vein System;MAIN;26|33|48
AD883391;1;TARC;W|AG|AS|SB;EPTI|EPTL|EPTH;Vetas Gold Project;MAIN;27|32|34|36|43
AE74170F;1;TBAC;N/A;PRY;Santa Barbara;MAIN;45|62|65|66
AE8AC701;1;TARC;AS|AG|CU;EPTL;Mewet;MAIN;24|25|33|35|36|37|57
AF30B0B6;1;TRFT;AG|AS|SB|TL|HG;CAR;Cove;MAIN;43|51|52|55
AF27B040;1;TGGT;K|BA|S|AS;ORO;Greenstone Mine;MAIN;85|93|112|113
AEE15A5D;1;TARC;N/A;EPTH;Chelopech;MAIN;36|41|42|44|49
AF8E0AFA;1;TARC;N/A;PRY;Kerr;MAIN;121|124|151
AF9A19FF;1;TORO;AG|AS|CU|SB|MO|PB|ZN|W;EPTL;Rufina;MAIN;34|56|63
AF4C0DA8;1;TGGT;AG|CU|PB|ZN|AS|SB|W|BI;VMS|ORO|IRG;Goliath Gold Deposit;MAIN;56|73|74|75|78|107
AFBFDB42;1;TARC;BI|SN|W;PRY|IRG|EPTL|SKN;Cerro del Gallo;MAIN;72|77|78|81|84|85
B094E83A;1;TARC;N/A;EPTL;Ebano Vein;MAIN;23
AFDDB310;1;TARC;AG|SB|PB|ZN|BA|MN;EPTL;Santa Elena;MAIN;37|45
B117AD75;1;TGGT;BI|AG|PB|TE|W;IRG|ORO;Patwon;MAIN;42|56
B104ED4A;1;TARC;N/A;EPTH|PRY;Pimenton Mine;MAIN;30|33|37|46
B13C123B;1;TORO;SB|HG|TL|BA;CAR;TUG;MAIN;30|42|43
B1524BCD;1;TORO;AS|BI|TE|SB|W;ORO;Dalbacka;MAIN;21|23|28
B18F9D4C;1;TTRN;N/A;EPTL;Eastside;MAIN;33|34|47
B179DDA8;1;TGGT;N/A;ORO;Thundercloud;MAIN;29|35|36
B1E7128A;1;TARC;AS|SB;EPTL;Kamila;MAIN;32|35|51|54
B1E7E99A;1;N/A;N/A;IRG|EPTL;Irokinda;MAIN;55|58
B1FE0BA6;1;TRFT;AG|HG|SE|AS|SB;EPTL|EPTI;Wind Mountain;MAIN;33|37|39
B206AC29;1;TGGT;N/A;ORO;Afric Zone;MAIN;73|80
B219B1FD;1;TORO;N/A;ORO;Spanish Mountain Gold deposit;MAIN;96|108|110|117
B254C20C;1;TORO;N/A;ORO;NX Gold Mine;MAIN;50|57
B23F2732;1;TARC;AS;PRY|EPG;Botija Abajo;MAIN;39|47|55|59
B233B565;1;TARC;AG|AS|SB|HG|CU|PB|ZN|MO|BI|W;EPTI;Arista Mine;MAIN;41|62|67
B2364670;1;TORO;N/A;N/A;Telfer;MAIN;37|50
B2612B46;1;TORO;AS|HG|SB|BI|CU|TE;ORO;Cosmo;MAIN;97|123|128|129|137|138
B2C6ED58;1;TGGT;CU|MO|CO;PRY|ORO|VMS|MNS;Troilus North;MAIN;39|48|49
B2AC23CC;1;TORO;CU|ZN|PB|AG|BI|TE|AS;MAN|SKN|PRY|BXH;Peshter;MAIN;27|29|41|44
B273B28E;1;TARC;AS|SB;EPTL|VMS;Homestake Ridge deposit;MAIN;41|53|58
B2D8FC56;1;TGGT;N/A;ORO|VMS;SLG Property;MAIN;34|35|42|49
B2DAC5D2;1;TTRN;N/A;EPTL;Eastside;MAIN;33|34|46
B3054D0E;1;TORO;AS|SB|HG;IRG|EPTL;Brewery Creek;MAIN;30|33|44
B306A327;1;TORO;SB;ORO;Augusta and Cuffley;MAIN;9|10|58|65|74|75
B31BB8BC;1;TUNK;N/A;N/A;Archut;MAIN;42
B31F8B35;1;TARC;N/A;IOC;NICO;MAIN;59|66
B354C496;1;TGGT;N/A;ORO;Williamson Occurrence;MAIN;30|37
B36FD5C9;1;TARC;N/A;IRG;Palito Mine;MAIN;44|52
B3799CF7;1;TARC;N/A;EPTL;Eastern Borosi Project;MAIN;30|42|46
B37711AE;1;TRFT;AG|SB|AS|BA|HG;CAR;Pinion;MAIN;61|67|76|78|80
B3973DCF;1;TORO;AS|SB|HG|TL;ORO;Jupiter;MAIN;43|55|60|66
B3F1E365;1;TGGT;CO|ZN;BXH|PRY|ORO|VMS|MNS;Troilus North Property;MAIN;37|48|49|50|51
B3F7D5C4;1;TBAC;N/A;PRY|BXH;Didipio;MAIN;55|64
B41110B5;1;TGGT;BI|AS|W|TE|SE|PB;IRG;Cheechoo;MAIN;57|65|66
B41A1F63;1;TARC;CU|AG|ZN|MO|PB|MN|BI|AS;PRY;Tepal;MAIN;23|27|29
B420802E;1;TGGT;AS|PB|ZN;ORO;Eau Claire;MAIN;31|37|39|40
B45BBD54;1;TGGT;N/A;ORO;Kebigada;MAIN;78|86|93|97|103|105
B486BE70;1;TARC;N/A;IRG;Gramalote;MAIN;24|29
B45D0B70;1;TARC;N/A;EPTI|BXH;Taunus;MAIN;36|49|55|56
B49D1227;1;TORO;AG|AS|SB|K|LI|BI|W|TE|B|CD|CU|PB|ZN|HG;ORO|EPTL|EPTH;San Luis Vein System;MAIN;35|39|40
B4A22110;1;TGGT;N/A;PRY|BXH;Troilus;MAIN;35|47|48|49
B4CB4805;1;TORO;N/A;ORO;West Gabbro Zone;MAIN;76|82|87|90|92
B4E4CF0D;1;TARC;HG;MAN|PRY;Andacollo Gold Mine;MAIN;70|83|84
B5451A8D;1;TARC;AS|SB|ZN|PB;EPTL;Main Zone;MAIN;27|35|36|37
B50C2E0C;1;TORO;AS|AG;SKN;El Limón-Guajes;MAIN;86|106|107
B51EDFE3;1;TARC;AG|AS|SB|HG|ZN|PB|SE|K;EPTL|BXH;Condor Breccia Complex;MAIN;40|42|58
B559C09F;1;TARC;N/A;EPTL;Bayan Khundii;MAIN;61|62|81|82|83
B58442F0;1;TARC;AS;EPTI|EPTH;Shahuindo;MAIN;71|72|84|85|93
B635F43D;1;TARC;N/A;EPTL;AGB Zone;MAIN;54|58|65|86|87
B64BCB54;1;TARC;AG|AS|HG|PB|ZN|SB;EPTL;Kupol;MAIN;37|46|52
B613186A;1;TARC;N/A;SKN|PRY|EPTH;Minas Lucho;MAIN;12|15|20|21|24
B65790E0;1;TORO;N/A;ORO|IRG;Segovia Project;MAIN;67|69|77
B657B5BA;1;TARC;ZN|AG|PB|MN|BA;EPTI|PRY|BXH;San Agustín;MAIN;33|38|41
B6778988;1;TUNK;AS|AG|SB|TL|HG;CAR;Goldstrike;MAIN;70|75|76
B6E27D0E;1;TARC;N/A;EPTH;Amulsar;MAIN;49|57|59
B677EAF2;1;TARC;AS|SB|BI|PB|SE|TE|HG;VMS|EPTH;Montauban;MAIN;45|47|52|53
B6F3520D;1;TGGT;N/A;ORO;Croinor;MAIN;75|89|90
B74650D6;1;TORO;N/A;ORO;Box Mine;MAIN;64|66|71|74
B708A391;1;TARC;N/A;EPTL;Mercedes Project;MAIN;40|43|51
B7534171;1;TARC;AG|AS|SB|HG|ZN|PB|SE|K;EPTL|EPTI|BXH;Condor North;MAIN;73|75|93
B7A9B3D1;1;TGGT;W|BI|TE;IRG|ORO|PRY;Björkdal;MAIN;52|56|58
B770A026;1;TGGT;N/A;ORO;Macassa Mine;MAIN;26|32
B78EA851;1;TGGT;N/A;ORO;Fox South;MAIN;34|58|59
B7B94B02;1;TGGT;N/A;ORO;147 Zone;MAIN;34|37|39|50
B7D59D4B;1;TGGT;N/A;ORO|PLC;Noseno Property;MAIN;36|49|50
B832D195;1;TARC;N/A;PRY;Copper Belle;MAIN;27|34|37
B85D7A96;1;TORO;AS|BI|W|CU|AG|SB;CAR;Main Zone;MAIN;30|31|32|38|42|44|45|47
B7D70156;1;TORO;AS|K|RB|S|SB|TE|W|AG|B|BI|CO|CU|SE;ORO;MacLellan;MAIN;68|71|77
B85DA293;1;TORO;N/A;ORO|PLC;Central;MAIN;93|125|139|140
B869E2C5;1;TGGT;N/A;ORO|VMS;White-Karry showing;MAIN;27|28|42
B8E3403B;1;TTRN;AS|MO;EPTL;Bullfrog;MAIN;58|70|71
B8D71FED;1;TARC;CU|AG|AS|MO;SKN;Redline deposits;MAIN;59|75|77|78|80
B907C37D;1;TRFT;AS|SB|MN;EPTL|EPTI;Cerro Caliche Project;MAIN;64|65|66|73|78
B94E9336;1;TGGT;AG;ORO;Goldstorm Project;MAIN;28|43|50|51
B962BD17;1;TORO;AS|BI|SB|TE|W|AG|CU;ORO|IRG;Columbia;MAIN;26|32|34|35|43
B96C1191;1;TARC;N/A;PRY;La Garrucha;MAIN;41|43|65|72|73
B970C150;1;TARC;CU|MO;PRY|BXH;Cerro Vetas;MAIN;31|62|67|68|69|70
B9BB7BBA;1;TGGT;N/A;N/A;Project 81;MAIN;18|20
BA35AAEA;1;TARC;N/A;PRY;Whistler Deposit;MAIN;35|37|64
BA775674;1;TARC;N/A;EPTH;Goldfield Main;MAIN;61
BADE2F9C;1;TARC;AS|BI|TE;IRG|SKN;Skarn Ridge;MAIN;48|54|55|56
BB321C82;1;TRFT;AS|HG|SB|TL|ZN;CAR;North Bullion;MAIN;42|45|46|52|62
BAEA4600;1;TORO;N/A;ORO;Silver Bell-St. Lawrence;MAIN;22|23|28
BB057EC9;1;TARC;N/A;N/A;Dunwell;MAIN;36|39
BB518E30;1;TARC;AG|MO|AS|SB|PB|ZN;EPTL;Powder Property;MAIN;25|34|37|39
BB8A9BED;1;TARC;N/A;EPTL;El Padre vein;MAIN;12|13|14|16
BB8BA9AF;1;TARC;CU|AG|PB|ZN|SB|AS;EPTH;Binebase-Bawone;MAIN;32|42|47
BBA420F7;1;TORO;N/A;IRG|SKN;Lone Goat;MAIN;31|36
BBC73C87;1;TRFT;PB|ZN|AG|AS|SB|MN;EPTL|EPTI;Cerro Caliche;MAIN;64|67|74|79
BBC5733C;1;TARC;N/A;EPTI|PRY|BXH;San Agustin;MAIN;43|50
BBD90106;1;TBAC;N/A;IRG;Palito Mine;MAIN;40|48
BBBFB09F;1;TARC;AS;EPTL|PRY;VOK Zone;MAIN;36|56|57|74
BC1B0931;1;TARC;N/A;PRY;Santa Barbara;MAIN;38|46
BC48B0C3;1;TORO;ZN;ORO;Greywacke North;MAIN;22|29|30|31|32
BC6313F2;1;TORO;SB|HG|TL|BA;CAR;TUG;MAIN;31|37|38
BBF4661D;1;TARC;AS|SB|BI;ORO|EPTI;Los Socavones;MAIN;52|61|64|66|73
BCC45643;1;TARC;AG|PB|ZN;EPTL;Bob Creek;MAIN;18|26
BC80550A;1;TARC;BA|AS|SB;EPTL;Maiz Azul;MAIN;44|63|64|65
BCBE2B53;1;TARC;N/A;PRY;Middle Zone;MAIN;28|51
BCC297E2;1;TORO;AS|CU|BI;ORO;Los Planes;MAIN;73|78|86
BCF7B7FE;1;TORO;N/A;ORO;Penedela;MAIN;31|32|35|39
BD355C6B;1;TARC;AS|SB|HG|MO|CU|AG;IOC|SKN|EPTI;Minera Florida;MAIN;43|54|55|57
BD773FE2;1;TORO;AS|SB|TE|W|MO|CU|PB|ZN;ORO;Silver Crown Deposit;MAIN;27|31|32
BD62D88E;1;TARC;V|TE;PRY|EPTL;Tuvatu;MAIN;25|26|30|31|32
BD8A239D;1;TARC;N/A;EPTH;Angostura;MAIN;26|29|31|32
BDCFC15E;1;TUNK;N/A;PLC;Liberty Hill;MAIN;24|29
BDD210DD;1;TGGT;N/A;VMS|SKN;Peacock Area;MAIN;12|15|16|17
BDE82FF9;1;TGGT;AS|W;ORO;Kalana deposit;MAIN;66|70|85|89|100
BDEDC9F5;1;TGGT;AG|AS|B|BA|BI|K|FE|HG|CA;ORO;Fenelon Gold System;MAIN;72|98|104
BE64554F;1;TORO;N/A;ORO;Good Hope Deposit;MAIN;96
BE6D3F21;1;TORO;AG|AS|PB|W|BI;IRG;Dolphin gold deposit;MAIN;15|22|31|32
BE86DA06;1;TGGT;N/A;ORO;Windfall Lake Deposit;MAIN;53|58
BEA57A9D;1;TGGT;AG;ORO|BXH;Cameron Gold Deposit;MAIN;46|47|73|74|75|76
BEB178F9;1;TARC;N/A;EPTI|ORO;Chépica I;MAIN;23|27
BEDC69DB;1;TORO;N/A;ORO;Xavantina Operations;MAIN;56|57|63
BEDB2365;1;TGGT;AS;ORO|VMS;Dryden Project;MAIN;52|55|64|68|69
BF096ED0;1;TARC;HG|AS|SB|CU|PB|ZN;EPTL|EPTH;Calipuy Project;MAIN;23|34|36
BEDC763D;1;TARC;N/A;PRY;Goldstorm Deposit;MAIN;48|57|61
BF8141AE;1;TTRN;N/A;EPTL;Hasbrouck;MAIN;65|77
BFAA847F;1;TUNK;CU|PB|ZN|MO;IRG;El Limon Mine;MAIN;45
BF67C208;1;TARC;AS;EPTL|PRY;Brucejack;MAIN;52|76|78|102
BFB466CE;1;TGGT;AS|CU|NI;ORO|IRG|PRY;Herrick Deposit;MAIN;51|76|77|78|90|92|93|94
C010DB0D;1;TORO;N/A;ORO;Herbert Gold Project;MAIN;23|24
C0491225;1;TARC;AG|AS|CU|HG|PB|SB|ZN;EPTL|VMS;Homestake Zone;MAIN;14|38|51|52
C0BDB661;1;TGGT;W|AS;ORO;Pickle Crow;MAIN;58|73|80|85|87
C0980E72;1;TORO;AG|AS|PB|ZN|BI;CBM|IRG;East-side;MAIN;23|24|25|27|28|31
C0FFC32D;1;TGGT;MO|TE|CU|W;ORO;Ikkari;MAIN;63|82|107|109|110
C10DB94D;1;TORO;BA|CU|SB|AS|MO|ZN|MN|PB;EPTL|PRY;TOP Property;MAIN;19|21|24|26|28|33|34
C142F545;1;TORO;CO|CU|NI|U;N/A;Scadding Deposit;MAIN;24|29|34
C10EF0EE;1;TGGT;N/A;ORO;Three Bluffs;MAIN;17|18|38|46
C153AB3D;1;TORO;N/A;EPTL|EPTI;Boumadine;MAIN;46|47|77|80
C1FA381C;1;TGGT;N/A;ORO;Klein Letaba-Frankie;MAIN;51|53|58
C1FA84F8;1;TGGT;N/A;ORO;Main Shaft Zone;MAIN;26|27
C1FD067F;1;TGGT;N/A;VMS;Arrow Zone;MAIN;33|35|40|46
C21334CD;1;TGGT;N/A;ORO;Makapela;MAIN;20|22|26
C21A5759;1;TARC;ZN|PB|CU|AS|SB|BA|F|MN|TE|SE|HG;EPTL;La Libertad/Santo Domingo Veins;MAIN;27|28|31|33
C26F1F8C;1;TTRN;ZN|SE|BI|CU|HG|AS|SB|FE;EPTH;Goldfield Bonanza Project;MAIN;27|34|37
C28E9B1D;1;TRFT;N/A;EPTL|BXH;Sandman;MAIN;33|37|44|45|46
C27AA117;1;TARC;N/A;PRY|SKN;Cadia East;MAIN;78|110|111
C28F0727;1;TARC;N/A;EPTH|EPTL|PRY;Main Niñobamba Zone;MAIN;37|39|40|41|43|45
C2B1DC13;1;TARC;AG|CU|MO|BI|AS|FE|PB|SE;ORO|IRG;Guayabito;MAIN;16|20|22|23|24
C2D4ED71;1;TARC;AG|PB|ZN|S;EPTI;Premier;MAIN;37|41|62|63
C34553CE;1;TORO;N/A;ORO;Mejia Mines;MAIN;27|28|35
C3231DCD;1;TGGT;S|CU|MO|SB|BI|W|PB|ZN|TE|HG|AS|AG|CD;ORO|VMS;Eastern Gold Zone;MAIN;88|103|109|125|126|133|134
C3671CC7;1;TARC;N/A;EPTH;Corihuarmi;MAIN;38|41|44
C3E5ABA8;1;TARC;N/A;EPTL;El Rubi;MAIN;32|42|44
C3C798A6;1;TGGT;AS|S|NI|W|K|RB|BA;ORO;New Liberty;MAIN;36|38|42|45
C43E564A;1;TGGT;CU|ZN|PB;VMS;Rainy River deposit;MAIN;75|90
C45EE42C;1;TORO;N/A;VMS;Lomero Poyatos;MAIN;54|55|70
C4E5BDDB;1;TORO;N/A;ORO;Queen Vein;MAIN;15|17|25
C5029807;1;TGGT;N/A;IRG;Windfall;MAIN;100|118
C522D42F;1;TRFT;N/A;EPTL;Florida Canyon;MAIN;33|34|47
C54385C4;1;TGGT;CU|PB|ZN;VMS;Rainy River;MAIN;58|79|80
C56428F7;1;TARC;AS|SB;ORO|EPTL;Pellaire Deposit;MAIN;47|54|55|56
C5513280;1;TARC;N/A;PRY;Lindero Deposit;MAIN;59|81|82|84
C5843AA0;1;TARC;AG|ZN|CU;EPTI|BXH;Main Zone;MAIN;129|143|144|147|153
C5D3F2D4;1;TORO;AG|SB|AS|BI|W;PLC|ORO|EPG|LAT;Tshela-Lukula area;MAIN;18|21|23|24
C5B4D9BC;1;TRFT;N/A;EPTL;Long Valley;MAIN;45|48|53
C5D711B5;1;TGGT;N/A;ORO;Moss Lake Deposit;MAIN;76|91
C5FB9A7E;1;TARC;N/A;EPTL;Cerro Blanco;MAIN;53|54|55|67|68
C62D49E8;1;TORO;AS;ORO;Willow Creek Project;MAIN;31|35|43|44
C69825E3;1;TGGT;CR|NI|CO|CU|W;ORO;ML01;MAIN;16|18|20|22|27
C65AD43C;1;TARC;AS|MN|ZN;EPTL;Carmen;MAIN;37|42|45|47
C6A01098;1;TARC;N/A;EPTL;El Compas;MAIN;51|52|56
C6B6E61E;1;TARC;BI|TE;EPTL;Masbate Gold Project;MAIN;35|42|44
C6D95566;1;TORO;N/A;EPTI;Marmato;MAIN;44|45|52
C71A559C;1;TARC;AG|AS|BA|CU|MO|PB|SB|ZN;EPTI|BXH;Manto Dorado;MAIN;60|61|51|52|53
C73DDE4B;1;TARC;CU|MO;PRY|SKN;Daylight Zone;MAIN;51|59|61|65
C742AE80;1;TARC;N/A;N/A;Sheelagh Creek showing;MAIN;18|22
C748AFBB;1;TARC;N/A;VMS;Grub Line VMS;MAIN;12|13|15|17
C74E1ED6;1;TARC;N/A;EPTH|PRY;Loma Larga;MAIN;60|65|66|73|74
C7455BC5;1;TRFT;N/A;EPTL;San Andrés;MAIN;41|44|48|51
C76965F4;1;TARC;AS|BI|TE|AG|PB|ZN|HG|SB;SKN|PRY|BXH|EPTL;Ana Paula;MAIN;69|79|86
C7869985;1;TORO;CU|AS|PB|ZN|HG|SB|TL;CAR;Golden Trend Property;MAIN;26|30|31|32
C77F4C93;1;TORO;AS|CU;IRG;Golden Crown vein system;MAIN;37|41|46|47|51|52
C775C2CD;1;TARC;AG|AS|CU|HG|PB|SB|ZN;IRG|BXH;Boundary Zone;MAIN;48|50|65|82|83|84|91|92
C78C2587;1;TARC;N/A;EPTI;Doc Zone;MAIN;53|54|58|73
C7BA46FD;1;TARC;N/A;EPTL;El Zapote;MAIN;28|31|38
C7DBFC97;1;TORO;SB;ORO;Picitiri Shear;MAIN;25|26|38|49
C8353625;1;TARC;N/A;EPTL;Mercedes;MAIN;40|43|51
C8077A57;1;TARC;AS|ZN|PB;PRY;Kemess Main Zone;MAIN;77|78|93|102
C83C742E;1;TORO;N/A;ORO;Olson;MAIN;20|24|30
C853492C;1;TORO;AG|AS|CU|BI|HG|MO|PB|SB;ORO;DOT Zone;MAIN;16|23|32|34
C84B19BC;1;TARC;AS|SB|HG|PB|ZN;VMS|EPTL;Eskay Creek;MAIN;97|131|132|136|138
C86D59EE;1;TORO;AG|AS|SB;IRG|PRY;Saddle Zone;MAIN;17|21|22
C86C3D32;1;TORO;N/A;ORO;Ore Chimney;MAIN;27|30|32
C8CDB369;1;TGGT;N/A;ORO;Chibougamau property;MAIN;35|37|40
C8D5E00B;1;TARC;N/A;PRY|EPG;Yarumalito;MAIN;20|22|23|24
C90E7A8B;1;TTRN;N/A;EPTL;Eastside;MAIN;33|34|46
C92AC5AF;1;TARC;N/A;PRY|IRG;Red Mountain;MAIN;41|43|45|47
C9394101;1;TARC;AG|ZN|PB|CU|AS|SB|BA|MN|TE|SE|HG;EPTL;Catanava Gold Property;MAIN;25|27|34|35|37
C9AAD3D2;1;TARC;N/A;PRY;Cangrejos;MAIN;63|72
C945B18E;1;TUNK;AG|CU|AS|MO;EPTI;Vetas Gold Project;MAIN;32|36
C9A196F3;1;TORO;AG|AS|PB|CS|MO|TE|CU|ZN|BI|HG|W;IRG;Deer Horn;MAIN;23|30|31|32
C9ABD6DA;1;TORO;N/A;SKN|ORO|IOC|VMS;Don Mario (UMZ/LMZ);MAIN;49|52|58|59
C9B94656;1;TRFT;AS|HG|MO|BA|SB|CR;EPTL;Easter Vein;MAIN;23|26|30|32
C9B36476;1;TGGT;N/A;PRY|ORO;Troilus;MAIN;42|74|75|76
C9C198D1;1;TRFT;N/A;EPTL;Jumbo Trend;MAIN;42|87
C9F3601D;1;TORO;N/A;ORO;Don Mario LMZ;MAIN;45|48|54|55
CABC2887;1;TARC;N/A;VMS|EPTL|BXH;Johnson Tract Deposit;MAIN;39|61
CA175812;1;TARC;N/A;PRY;Kerr Zone;MAIN;95|119|120
CA3D4916;1;TARC;HG|AS|SB|AG|PB|ZN|CU;EPTL;San José de Gracia;MAIN;35|37|44|45
CACDCDB7;1;TARC;TE|TL|AS|SB|AG|CU;EPTL|BXH;Cliff Creek Zone;MAIN;126|136|137|149|156|157|167
CB378A23;1;TGGT;N/A;ORO;Pen Gold North;MAIN;20|25|27|28
CAD7F126;1;TARC;N/A;EPTH;Chelopech;MAIN;53|57|58|62
CB385D07;1;TRFT;N/A;VMS;Eskay Property VMS Prospects;MAIN;107|116
CB48C3B1;1;TARC;AS|HG;PRY|BXH|EPTL|EPTI;Project X;MAIN;37|38|49|50
CB91F2E7;1;TORO;TE|CU|ZN|PB|BI|HG|W;IRG;Deer Horn vein system;MAIN;40|47|48|49
CBAC84A7;1;TORO;AS|SB|BI|PB|ZN;N/A;Ike Project;MAIN;15|18|20|22|24|29|33
CCAB06DD;1;TGGT;K|S|CU|AS;ORO;Joe Mann;MAIN;34|45|49|52
CBFF6594;1;TARC;AS|SB|AG|PB|ZN|CU|BI|TE;EPTL;Hartless Joe Project;MAIN;14|21|23
CBD6CB56;1;TRFT;AS|SB|FE|BA|CR|AG;CAR|PRY|SKN;Poker Flats;MAIN;48|77|80|86|91|93|101|102
CCBD01D4;1;TARC;AG|ZN|PB;EPTL;La Libertad;MAIN;49|53|59|61
CD02CC5E;1;TRFT;AS|SB|HG;EPTL;Blue Hill Creek;MAIN;34|37|43
CCC61168;1;TARC;N/A;EPTI;Zancudo;MAIN;43|61|63
CD05D9FC;1;TORO;AS|BI|W;CAR;Tiger Deposit;MAIN;54|56|59|66|67|82|83
CD4ED1B7;1;TORO;AS|SB;ORO;New Mariners;MAIN;23|28|29|35
CD841ECB;1;TARC;AS;EPTL;GP Property;MAIN;12|15|17|19|21|22|25
CD4D5409;1;TARC;N/A;PRY;Sullivan;MAIN;42|51|58
CD8A40B0;1;TORO;SB;ORO;Augusta-Cuffley;MAIN;57|66|69|70
CDD34B63;1;TBAC;N/A;EPTL;Big Easy;MAIN;51|68|70
CDAE6D24;1;TARC;ZN|PB|CU|HG|SB|S;EPTH;Santa Fe Deposit;MAIN;50|51|65
CDF7AF89;1;TGGT;N/A;ORO;Lac Anctil zone;MAIN;35|36|44|45
CDA1A74B;1;TARC;BI|SN|W;PRY|IRG;Cerro del Gallo;MAIN;27|37
CE7B0218;1;TORO;BI|TE;IRG;Fort Knox;MAIN;34|40|43
CDFD618F;1;TTRN;N/A;EPTL|EPTI;La Peña;MAIN;27|28|30|35|39
CE9CA852;1;TGGT;AS|W|B|TE|BI|MO|PB|CU|ZN;ORO;Monument Bay Au-W Deposit;MAIN;80|96
CE909CC2;1;TCRA;N/A;PLC;DBM Project;MAIN;60|63|73
CF05863B;1;TORO;N/A;ORO;Cariboo Gold Project;MAIN;168
CF59C0F9;1;TRFT;AS|BA|SB|HG;CAR|DDS;Marigold;MAIN;62|65|76|82
CECC30D9;1;TRFT;N/A;EPTL;DeLamar;MAIN;41|43|47|60
CF60C98B;1;TARC;AG|AS|SB;EPTL|PRY;Sun Property;MAIN;16|22|24|25|26|29
CF6E9BD6;1;TARC;PB|AS|SB|CU|MO|AG|HG;EPTH;Kirazlı;MAIN;59|74|79|80
CF676A81;1;TORO;AG|HG|AS|CU|FE|MN|SB|K|LI|BI|W|TE|B|CD|PB|ZN;PLC|ORO;Rionegro Placer;MAIN;28|31|64|68|71|72|74
CF9DFA84;1;TGGT;AS;ORO;Golden Gap;MAIN;7|13|20|21|25|27
CFB8163F;1;TARC;AG|AS|SB|HG|CU|PB|ZN|MO|BI|W;EPTI|SKN;Arista;MAIN;50|72|73|77
CFBC35AB;1;TORO;AG|AS|CU|PB|ZN|SB|TE|W|MO;ORO;Silver Crown;MAIN;27|30|32|33|38
CFC0E2AA;1;TORO;N/A;VMS|ORO;Rat Pond;MAIN;17|21|22|23
D0014B50;1;TORO;AS|SB|HG;CAR|BXH;South Arturo Mine;MAIN;34|41
D0A75E55;1;TORO;N/A;IRG|ORO;Carla Project;MAIN;36
D00DD4F9;1;TORO;AG|PB|ZN|AS;ORO;Revel Ridge Main Zone (RRMZ);MAIN;70|84|102|106|111|115
D029FA98;1;TARC;W|AG|AS|SB;EPTI|EPTL|EPTH;Vetas Gold Project;MAIN;28|33|35|37|44
D0BA1096;1;TARC;AS|SB|AG|PB;BXH;Barje Deposit;MAIN;71|76|91|93|94
D1028EE3;1;TARC;CU|MO;PRY|EPTL;Palmilla;MAIN;26|28|31|35|36|37
D0F03422;1;TARC;N/A;PRY|EPTH;La Arena;MAIN;58|60|70|75
D158D36F;1;TGGT;N/A;ORO;Syenite Porphyry Interlayer;MAIN;18|23|25
D1650A2A;1;TORO;PB;ORO|IRG;Providencia;MAIN;50|53|57
D18F9DBB;1;TORO;AG|AS|BI|SB|TE|CU|PB|ZN;IRG|BXH;Golden Zone Breccia Pipe;MAIN;89|90|91|95|111|112
D1E94911;1;TARC;N/A;EPTI|ORO;Marmato;MAIN;69|71|72|78
D1FE628D;1;TARC;AG|AS|SB|HG|BI|SN|BA|TE|PB;EPTH;La Yaqui Grande;MAIN;33|42|47|48|53
D1BE513D;1;TRFT;AS|SB|MN|PB|ZN;EPTL|EPTI;Cerro Caliche;MAIN;37|45|46|39|40
D19501FA;1;TORO;AS|HG|SB|BA|TL|BI|CU|ZN|PB|AG|MO|B|W|SN;CAR|LAT;Savkino;MAIN;27|28|30|31|34|35|41
D237C943;1;TTRN;PB|AS|BA|MO;ORO;Weepah;MAIN;30|33|34|36|43
D24BFB3F;1;TBAC;N/A;IRG|LAT;Palito;MAIN;36|42|44|46
D2C1E0A3;1;TGGT;N/A;VMS;Géant Dormant;MAIN;19|26
D25B5F7E;1;TUNK;AG|CU|W|AS;BXH|PRY;Willa deposit;MAIN;28|35|37|39
D2ADA606;1;TGGT;N/A;ORO;Paymaster;MAIN;17|21|22
D2F15971;1;TGGT;AS|BI|SB|SE|TE;PLC;Beatons River;MAIN;70|80|81|97|103
D2FFF583;1;TORO;N/A;ORO;Wels West;MAIN;12|15
D34105F0;1;TARC;AG|SB|AS|HG|TE;EPTH;Cerro Andamarca;MAIN;32|37|42|44
D366E466;1;TTRN;AS|SB|MO|HG;EPTL;Hasbrouck Deposit;MAIN;33|43|45
D36E890E;1;TARC;N/A;EPTL;Riscos de Oro;MAIN;29|33|35|97
D373D5BB;1;TARC;AS|HG|TL|SB|CU|MO|BI|AG|PB|ZN;SKN|PRY;Čoka Rakita;MAIN;89|94|103|110|111|114
D3F55EED;1;TGGT;N/A;ORO;British King;MAIN;39|48
D3FC9B69;1;TGGT;CR|CU|NI|ZN;ORO|VMS;October Gold Property;MAIN;5|15|19|22
D3C8E4F3;1;TORO;AS|CU|ZN;ORO;Mark's Pond Zone;MAIN;59|72|73|74|119|121|122|132
D414BCC1;1;TARC;CU;PRY;Cangrejos;MAIN;44|45
D4241B12;1;TGGT;N/A;ORO;Minto Mine South Zone;MAIN;46|60
D438F610;1;TORO;N/A;ORO;Dardenelles;MAIN;16|17|21|22
D44EDA7C;1;TARC;N/A;PRY;Red Mountain;MAIN;66|70
D462A36E;1;TRFT;AG|AS|SB;EPTL;Atlanta;MAIN;36|43|47|48|51
D4FB4493;1;TORO;AG|CU|PB|ZN|AS;ORO;KOR 1;MAIN;39|41|42|47
D478C64A;1;TARC;AG|AS|CU|SB;EPTL;Engineer Gold Mine;MAIN;37|52|59
D53B2010;1;TORO;AG|AS|SB|W|HG;IRG|EPTL;Hangar Flats;MAIN;94|96|108|109
D5604739;1;TORO;N/A;ORO;Herbert Glacier;MAIN;20|23
D5479D73;1;TARC;AS|HG|SB;EPTI|EPTL;Ixtaca;MAIN;37|42|45|50
D55985BE;1;TARC;N/A;EPTL;San Dimas Mine;MAIN;31|33|36
D595F9C2;1;TGGT;N/A;N/A;West Otterskin showing;MAIN;15|18
D5B37369;1;TORO;N/A;ORO;Sheep Creek camp;MAIN;41|49|80
D5D29482;1;TRFT;PB|ZN|AG|AS|SB|MN;EPTL;Cerro Caliche;MAIN;36|39|47|50|52
D5ED36B8;1;TARC;N/A;EPTL;Balabag;MAIN;32|36|45
D5F7646E;1;TGGT;CU|AS|TE|PB|MO|W|ZN|SB;ORO|IRG;Tannahill Gold Zone;MAIN;47|48|53|54
D630A84B;1;TARC;AS|BA|HG|SB|TL;EPTL;Santa Rosa;MAIN;30|38
D66ECCA7;1;TRFT;N/A;EPTL;Robbers Knob;MAIN;60|67|68
D67EB417;1;TRFT;AS|SB|BA|TL|HG;CAR|EPTL|PRY|SKN;Ziggurat;MAIN;32|45|51|52|54|55|59
D68B23BE;1;TGGT;N/A;IRG;Windfall deposit;MAIN;148|165
D69E5E90;1;TARC;AS|PB|SB|ZN|CU|AG|MO;PRY|ORO;Central Zone;MAIN;39|40|72|73|81
D6912F99;1;TGGT;AS|CD|PB|SB|ZN;ORO|VMS;TPK Property;MAIN;36|37|51|52|55
D6A0B810;1;TARC;N/A;EPTH;Kirazlı;MAIN;19|20|27|28|29
D6C8F623;1;TORO;AS|CU;EPG|PRY;Pridolinny;MAIN;59|62|64|72
D6AB9B93;1;TARC;CD|ZN|AS;EPTL|EPTI;San Miguel project;MAIN;34|35|36|39|60
D6D47EEC;1;TARC;AG|AS|SB|HG;EPTL;Hercules Gold Project;MAIN;53|59|62|65|67|68
D7177E31;1;TGGT;N/A;ORO;Simkar;MAIN;22|26
D7623AB3;1;TGGT;B|W|SB|TE|MO|AS;ORO|PRY;Fuller;MAIN;49|53|54|57
D729089E;1;TARC;N/A;EPTH|EPTI;Cerro Quema;MAIN;87|95|96|110|111
D731B1E4;1;TORO;W|BI|TE;ORO|SKN|PRY;Björkdal;MAIN;55|64|67
D79F83CE;1;TARC;N/A;ORO;Gupo;MAIN;29|42
D785404A;1;TORO;ZN|PB|SN|W|BI|SB;IRG|EPTL;Kora Consolidated-Irumafimpa;MAIN;33|35|42|45
D7690ABF;1;TTRN;AS|SB|HG;EPTL;Cahuilla;MAIN;38|41|43
D8294495;1;TORO;AG|ZN|PB|SB|AS;SKN;Redline Deposit;MAIN;45|50|51|52
D7F8D242;1;TARC;AG|AS|SB|CU|PB|MO;EPTH;Guanaco;MAIN;71|110|117
D82D8BE8;1;TARC;CU|MO;PRY|EPTH|BXH;Ilovitza;MAIN;37|44|46
D868FD23;1;TGGT;N/A;PRY|EPTL|BXH;Springpole;MAIN;58|63|65
D87722AD;1;TTRN;N/A;EPTL;La Dama de Oro;MAIN;22|27
D8973247;1;TRFT;AS|SB|HG|TL|BA;CAR;Resurrection Ridge;MAIN;25|26|36
D87C0C85;1;TGGT;AG;ORO|PRY|BXH;Cameron Gold Deposit;MAIN;37|64|65|66|67
D8AC7AE2;1;TARC;AS;IRG|VMS;Henty;MAIN;30|35
D8FB1E06;1;TTRN;N/A;EPTL;Talapoosa;MAIN;55|59|62
D9087A3F;1;TARC;N/A;PRY;Shahumyan;MAIN;71|72|75|80|87
D8FF5BCB;1;TARC;N/A;SKN|IRG;Los Filos Mine Complex;MAIN;120
D96909B0;1;TARC;AG|BI|CU;IRG|EPTL|BXH;Fenix Gold Project;MAIN;49|63
D96673C2;1;TARC;AG|AS|CU|SB;EPTL;Engineer Gold Mine;MAIN;30|45|52|54
D9BE577A;1;TARC;N/A;N/A;Río Coco Property;MAIN;11|15
D9CFD9EB;1;TORO;N/A;ORO;A-1 Zone;MAIN;30
D97AB18A;1;TGGT;N/A;ORO;Augmitto;MAIN;39|51
D9D88B73;1;TORO;N/A;IRG|ORO;Segovia;MAIN;65|74
D9F145C8;1;TUNK;AG|PB|AS|CU;EPTI|EPTL|PRY;Klaza vein system;MAIN;54|60|61|62|66|68|69
D9E84BE5;1;TRFT;SE|HG;EPTH|EPTL;Sleeper;MAIN;34|38|52|61|63
DA19D90C;1;TARC;BI|W|TE|MO|AS|CU|HG|SB;IRG|SKN;Skarn Ridge Zone;MAIN;22|28|46|43|42|35|48
DAAAB03C;1;TARC;N/A;PRY|BXH|EPTH;Cerro Maricunga;MAIN;42|47
DA3221A7;1;TARC;N/A;EPTL;Rodeo;MAIN;33|36|42
DA9728F8;1;TRFT;N/A;EPTL;San Andrés Mine;MAIN;67|70
DAAE63A6;1;TRFT;SE|HG;EPTL|EPTH|BXH;Sleeper;MAIN;33|36|39|53|56
DB0BB4BA;1;TGGT;N/A;ORO;British King;MAIN;39|48
DB0E0FB7;1;TORO;AS;ORO;Golden Chest;MAIN;42|43
DAD14B11;1;TRFT;AG|AS|SB;EPTL|BXH;Atlanta;MAIN;36|43|47
DB15712C;1;TARC;HG|AS|SB;PRY|EPTH;Volcan;MAIN;66|69|72|73
DB190767;1;TARC;AG|ZN|PB;EPTI;Danglay;MAIN;29|38|55|56|61
DBB89943;1;TARC;CU|BI|TE|MO|AG;PRY;X1 Deposit;MAIN;68|81|82|99|100|101
DBB03EEC;1;TARC;N/A;EPTH;Rojo Grande;MAIN;47|52|54|55
DB667CCC;1;TUNK;N/A;VMS;Lomero;MAIN;56|59|71
DB589451;1;TGGT;CU|ZN|PB;VMS|ORO;Cabaçal;MAIN;113|120|124|127|131
DC4C479A;1;TARC;CU|AG|SB|MO;PRY;La Cumbre;MAIN;24|33|37
DC569CD7;1;TORO;AS|BI;IRG;Bear Claims;MAIN;28|29|30|42
DC7FA1E9;1;TARC;AS|SB|BI|HG;VMS;Galleon prospect;MAIN;13|24|26
DC8A7FC2;1;TRFT;AG|ZN|TE|CU|S;CAR;Turquoise Canyon;MAIN;16|18|29|30|32
DC8F9912;1;TARC;FE|CU|AS|MO|SB|PB|ZN;EPTH|ORO|IOC;Amulsar;MAIN;86|94|96
DCD052B1;1;TARC;N/A;VMS|EPG;Johnson Tract Deposit;MAIN;39|61
DCECBB23;1;TORO;HG;VMS;Yenipazar Deposit;MAIN;83|84|85|89|92
DC99BC43;1;TORO;N/A;IRG|ORO;Remedios Project;MAIN;56|58|64
DCEFB343;1;TTRN;AG;EPTL;Eastside;MAIN;25|31|36
DD14C570;1;TORO;PB|AG|SB|HG|BA|CU|BI|SE|TE;ORO;Exploits zone;MAIN;29|30|31
DD3A8924;1;TARC;N/A;N/A;Magistral tailings;MAIN;65|70
DD20ECED;1;TSED;AG|SB|AS|BA|HG|TL|ZN;CAR;Pinion;MAIN;41|50|51|52|55
DD4EC195;1;TORO;AG|AS|ZN|PB|HG;IRG|VMS;Lavington main gold zone;MAIN;32|34|39
DD853F29;1;TRFT;AS|SB|HG;CAR;ESN Project;MAIN;30|32|40|42
DD867EF6;1;TORO;AS|CU|W|BI|MO|TE|SN|SB;IRG;Eureka Target;MAIN;49|53|55|56
DDC51EC1;1;TARC;AS|BA|PB|ZN|NI|AG|CU;EPTL;Rolling Pond hydrothermal system;MAIN;16|25|26|28|29|33
DDD0F37C;1;TORO;SB;ORO;Augusta;MAIN;6|7|64|66
DDDDFF54;1;TARC;N/A;VMS|ORO;Loon prospect;MAIN;15|19|22
DDF9C944;1;TRFT;SE|F|CU|TE|AS|PB|HG;EPTL;Hollister Mine;MAIN;47|48|55|57|59|60
DE140113;1;TARC;CU|ZN|PB|AG|MN|MO;EPTH|EPTI|BXH;Hot Maden;MAIN;31|39|40|47|53
DE32F483;1;TORO;N/A;EPTI;US Grant;MAIN;31|32|36
DE34A70A;1;TARC;N/A;PRY|EPTL;Revenue Zone;MAIN;29|30|37
DE580744;1;TARC;AS|SB|HG|BI;IRG|SKN;Goodman Property;MAIN;19|31|32
DE604905;1;TARC;N/A;EPTH|PRY;East Kolo Epithermal Target;MAIN;16|17|20|23
DE8B3C4B;1;N/A;N/A;EPTL;Ted Vein;MAIN;15|18
DE867565;1;TARC;N/A;PRY;CMD Gold Mine;MAIN;43|46
DE9917B7;1;TORO;N/A;ORO;LPSE Deposit;MAIN;36|48|52
DE944A40;1;TRFT;AS|SB|HG|BI;EPTL;Castle Mountain;MAIN;64|83|85|88
DED92188;1;TARC;N/A;VMS;Montauban deposit;MAIN;47|49|53|55|56|57
DF321F1B;1;TARC;N/A;EPTL;Ada Tepe;MAIN;69
DF77C953;1;TARC;AG|BI|HG|ZN;EPTH;Tablon;MAIN;51|55
DF6E72F3;1;TGGT;N/A;ORO;Simkar;MAIN;22|26
DF9F97D9;1;TARC;N/A;PRY|MAN;CMD Gold Mine;MAIN;44|47
DF7B0A4D;1;TARC;N/A;PRY;La Cantera;MAIN;51|69
DFB6F352;1;TARC;N/A;EPTI;Newton;MAIN;55|66|77
DFB81F36;1;TGGT;N/A;ORO;Monument Bay;MAIN;33|37|51
E031DB77;1;TUNK;AG|CU|PB|ZN;EPTL;Tommy Vein;MAIN;31|35|43
DFF1E007;1;TORO;N/A;ORO;Margurete Property mineralization;MAIN;20
DFEA31B8;1;TORO;N/A;SKN;Redline deposits;MAIN;41|51
DFE3F1C3;1;TTRN;N/A;EPTL;Bruner;MAIN;19|21|29|31|32
E0A077B6;1;TORO;AG|SB|AS|BA|HG;CAR;Pinion;MAIN;43|49|50|51|54
E06F95D0;1;TARC;N/A;PRY|MAN;CMD Gold Mine;MAIN;37|40
E0FDDF9B;1;TARC;N/A;EPTH;Amulsar;MAIN;54|65|75
E143998B;1;TORO;AS|SB|TL|AG|MN|CU|ZN|FE;EPTL|PRY|BXH;Çöpler;MAIN;48|52|55|58
E1811CB8;1;TRFT;AS|SB|HG;EPTL;Cahuilla;MAIN;35|39|43
E1B27245;1;TARC;SB;IRG|SKN;Mina Verde;MAIN;23|24|25|36|37
E1DB8A33;1;TGGT;N/A;ORO;Gold Centre;MAIN;21|37|38
E2442B17;1;TGGT;N/A;ORO;Anik Property;MAIN;27|34
E26094D6;1;TARC;N/A;EPTI|ORO;Marmato;MAIN;41|42|43|44|50
E2756A0D;1;TRFT;AS|SB|MO|W|CR|HG|TL;EPTL|CAR|ORO;Relief Canyon;MAIN;71|79|81
E280B622;1;TRFT;AS|SB|HG;EPTL;Grassy Mountain;MAIN;36|37|40|42|43
E285F475;1;TARC;CU|AS;PRY|BXH;Cangrejos;MAIN;57|66|67|69
E29A5471;1;TARC;N/A;PRY|EPTH;La Arena Porphyry;MAIN;62|64|74|80|82
E2ABC432;1;TARC;N/A;EPTL|EPTI;El Peñón;MAIN;40|48
E29C6FAB;1;TRFT;N/A;EPTL;Jumbo Trend;MAIN;37|44|48|111
E2B30D82;1;TGGT;N/A;ORO;Makapela;MAIN;19|21|25
E2B2B0C9;1;TARC;N/A;EPTH;Loma Larga;MAIN;57|59|60|62|67|68
E2B21F79;1;TORO;N/A;EPTI|PRY;Çöpler;MAIN;84|88|100
E2D54798;1;TORO;AS|AG|SB|CU|MO|PB|BI|SE|TE;PRY|EPTL|ORO;Atsutla Gold Project;MAIN;59|77|78|81|98
E327A851;1;TGGT;N/A;ORO|VMS;Westwood;MAIN;98|130|131
E3282C7E;1;TRFT;N/A;EPTL;Grey Eagle;MAIN;28|29|38|69
E32DEE85;1;TARC;AS|SB|MO|SE|CU;EPTL;South Zone;MAIN;59|81|82|88
E34FD589;1;TGGT;AG|W|MO|AS|BI|S|PB|SB;ORO;Yaoure Central;MAIN;35|55|56|69
E36E72E5;1;TORO;N/A;ORO;Bessell's Reward;MAIN;29|42
E361791E;1;TORO;AS|ZN|SB|MN|BA|MO;EPTI|SKN;Camino Rojo;MAIN;53|67|70|79
E3674AF8;1;TUNK;AG|PB|ZN|IN|MO|CU|BI|TE;EPTI;San Roque Project;MAIN;35|41|42|48|53|55
E3FA4B10;1;TGGT;CU|ZN;ORO|VMS;Lac Burge;MAIN;18|19|22|28|29
E43DE0D5;1;TORO;N/A;SKN;Phoenix;MAIN;35|46|56|66|70|71
E414FEF4;1;TGGT;N/A;ORO;Zone 32;MAIN;54|62|63
E4434070;1;TARC;N/A;EPTI|VMS;JT Deposit;MAIN;46|55|68
E41A8FCC;1;TARC;N/A;PRY|IRG|EPTI|BXH|SKN;Grass Mountain;MAIN;18|33
E49DB9F5;1;TORO;CU|PB|ZN;ORO;Gold Drop-North Star vein;MAIN;22|26|35
E46374E2;1;TORO;AG|ZN|AS|SB|BI;ORO|IRG;Barsele Central;MAIN;51|57|70|73
E4B0FE4F;1;TARC;N/A;PRY;Kliyul Main Zone;MAIN;26|38|39
E4F9B916;1;TGGT;S|W|AS|BI|TE|MO|SE|SB|K|FE|PB|AG;ORO;South Uchi Property;MAIN;162|163|174
E503C8FB;1;TARC;N/A;EPTL|PRY;Cristina;MAIN;27|36
E50DA189;1;TORO;GA;N/A;Lullwitz-Kaeppeli Vein System;MAIN;22|26|27
E5263F14;1;TORO;AS;ORO|IRG;Batman Deposit;MAIN;85|87|90|92
E50A3AA0;1;N/A;AG|PB;EPTI;Skomac veins;MAIN;13|14|15
E52BB65D;1;TRFT;HG;EPTL|CAR;Iron Butte Property;MAIN;37|46|52
E5398BD1;1;TARC;N/A;SKN|MAN;Northwest Zone;MAIN;34|41|42
E554895E;1;TGGT;AG|AS|PB;ORO;Fenelon Gold System;MAIN;72|96|98
E55BDD75;1;TORO;BI|W|AG|CU|PB|S|SB;ORO;Bleka;MAIN;27|29|32|35|37
E53CE319;1;TGGT;N/A;IRG;Douay;MAIN;35|45|51
E56ADBBE;1;TARC;FE|CU|AS|MO|SB|PB|ZN;EPTH|ORO|IOC;Amulsar;MAIN;53|61|62|64|65
E5D3B9B3;1;TORO;N/A;N/A;Galat Sufar South;MAIN;60|61|62|78
E595E195;1;TGGT;SE;ORO;Saganaga Property;MAIN;24|34|36
E59F1995;1;TARC;N/A;PRY|EPTH;La Arena;MAIN;49|51|65
E6138919;1;TARC;N/A;EPTL|BXH;Mercedes;MAIN;67|72|77|78
E621508F;1;N/A;N/A;N/A;Koster Dam Project;MAIN;14
E6327985;1;TARC;CU|AG|ZN|MO|PB|MN|BI|AS;PRY;Tepal;MAIN;49|52|54
E6AD2FCF;1;TGGT;BI|TE|W;ORO;NDZ;MAIN;24|30|34|37
E677AD84;1;TARC;AG|PB|ZN;EPTI;Premier;MAIN;107|111|144
E6A450F4;1;TTRN;N/A;EPTL;Bruner;MAIN;39|42|52|53
E6C29DFB;1;TARC;AG|SB|PB|ZN|BA|MN;EPTL;Santa Elena;MAIN;35|43
E709F8A5;1;TGGT;BI|W|TE|SB;IRG;Björkdal;MAIN;22|25|28
E6FD537C;1;TORO;N/A;ORO;Manguredjipa;MAIN;22|24|28
E786681C;1;TARC;N/A;PRY|EPTH;Red Mountain;MAIN;55|62
E751F5CF;1;TGGT;N/A;ORO;Orfée;MAIN;16|21|25
E77C7DBB;1;TGGT;N/A;ORO;Afric Zone;MAIN;26|38
E70A1105;1;TGGT;AG|AS|W|B|MO;ORO;Sigma-Lamaque;MAIN;81|110|111
E79B5BE7;1;TARC;N/A;IRG;Quesnel Gold 1;MAIN;19|23
E788DA1C;1;TARC;N/A;EPTL;El Barqueño;MAIN;26|28|36|40
E802CD57;1;TCRA;U;N/A;Rompas;MAIN;15|24|26|29|37
E80DB0D4;1;TTRN;HG;EPTL;Discovery Zone;MAIN;36|37|38
E83B4BB9;1;TORO;N/A;ORO|IRG|LAT|PLC;San Ramon;MAIN;25|27|30|34
E87AEA7A;1;TORO;ZN|PB|AS;MIX;Main Zone;MAIN;35|38|39|44|45|48
E8495DDF;1;TARC;N/A;EPTL|BXH;La India;MAIN;59|64|74
E8C7C57F;1;TORO;N/A;IRG|EPTL;Yellow Pine;MAIN;95|96|117|119|125
E8CB12C5;1;TORO;AS|AG|PB|BI|MO|SB|TE|CU|CO|W|ZN;ORO;Jaclyn Main Zone;MAIN;83|99|107|109|110|112
E8DADB6E;1;TORO;AS|SB|BA|AG;CAR;South Mine Fault Zone;MAIN;34|43|49|54
E8E18DCD;1;TARC;HG;EPTL;San Rafael Vein;MAIN;34|35|44|46
E9138D94;1;TARC;AG|AS|SB|HG|ZN|PB|SE;EPTL|EPTI;Camp;MAIN;14|15|16|41|49
E91DC1E1;1;TORO;AS|BI|W;IRG;Tiger Deposit;MAIN;55|65|66|73|75|76|79
E93C4037;1;N/A;N/A;VMS;Lomero-Poyatos;MAIN;68
E927B0F8;1;TGGT;N/A;ORO;Turmalina Mine;MAIN;65|73|112|113
E9A7B564;1;TORO;AG|AS|CU;N/A;QFP / Fishpot;MAIN;18|24|26
E9469B1F;1;TARC;AG|HG|MO|SB|SE;EPTL;Otter Property;MAIN;10|11|15|16|17|25
E960D5E4;1;TARC;N/A;EPTH;Amulsar;MAIN;28|39
E9E903BD;1;TALK;AS|TE;IRG|PRY;Tuvatu;MAIN;35|39|47|55|56
EA892EF4;1;TRFT;N/A;PLC;Lake Claims Placer;MAIN;23|24
EA168503;1;TORO;BI|AS|TE|W|SB|MO;IRG;Eagle Zone;MAIN;64|68|77
EA355FBF;1;TORO;AS|SB|W;ORO;Appleton Fault Zone (AFZ) Core;MAIN;63|72|95
EABF7BF6;1;TARC;N/A;EPTL;Riscos de Oro;MAIN;31|32|36|38|104
EB1EE05E;1;TORO;N/A;PLC;Deep Lead Channel;MAIN;27
EAC2EC38;1;TARC;AS|HG|SB;EPTL|EPTI;Ixtaca Zone;MAIN;50|57|65|66|71
EB2C1D5F;1;TARC;N/A;EPTL;Esperanza mine area;MAIN;50|56
EB3FCF02;1;TTRN;ZN|PB|CU|AS|SB|BA|F|MN|HG;EPTL;Ben Hur Mine area;MAIN;31|43|44|45|55
EB283F46;1;TORO;AG|AS|SB|TL|W|HG;CAR|IRG|EPTL;Stibnite Gold Project;MAIN;89|122|123|124|135|138
EB80E3FC;1;TARC;N/A;PRY|EPTH|EPTL;La Arena;MAIN;53|55|65|66|71
EBC765CB;1;TARC;CU|AG|AS|MO|CD|NI|U|CO|MN;VMS;Coronation Deposit;MAIN;39|43|46|47|61|63
EBA536E3;1;TBAC;N/A;EPTL;Chinapintza;MAIN;22|29
EC40687A;1;TORO;CU;N/A;Wild Rose Vein System;MAIN;31|45
EC7446BC;1;TGGT;AS;ORO;Holt-Holloway;MAIN;28|36
EC7BC0C8;1;TARC;AG|MO|BI|TE|AS;IRG|PRY|BXH;Shotgun Ridge;MAIN;23|25|30|35|38
EC950924;1;TARC;BI|TE|W;IRG;Polaris Project;MAIN;38|44|51|52
ECCD3D10;1;TRFT;AS|SB|HG;EPTL;Stockade Mountain;MAIN;67|72|85
ECDE4972;1;TORO;AS|BI|W;IRG;Tiger Deposit;MAIN;47|58|59|68|69
ECEF94F9;1;TORO;CU|MO|W|B|BI|TE|SE;ORO;Rajapalot;MAIN;18|20|24|28|31
ECF1627F;1;TGGT;N/A;ORO;Edwards Mine;MAIN;17|24
ECF94DB7;1;TORO;N/A;PRY|EPTI|SKN|MAN;Çöpler deposit;MAIN;83|87|101
ED05EF85;1;TORO;TE;VMS|ORO|SKN;Solomon Trend;MAIN;19|22|23|26|32
EDA4A3FF;1;TRFT;AS|SB;SKN;Filippini;MAIN;49|51|57|62
EDABDFE9;1;TORO;N/A;SKN|EPG;Centennial;MAIN;53|58
EDB6B3D0;1;TARC;BI|CU|ZN;IRG|ORO;Siwash North;MAIN;48|56|61
EDC787E5;1;TGGT;AG|CU;ORO;Titan Showing;MAIN;47|53|56
EDD7BCBC;1;TUNK;N/A;VMS;Lomero-Poyatos;MAIN;40|43
EE2F1211;1;N/A;N/A;VMS;Hellyer;MAIN;79|83
EE492F38;1;TGGT;N/A;ORO;Makapela;MAIN;17|19|22|23
EE7270AC;1;TGGT;N/A;ORO|IRG;Mckenzie Break;MAIN;40|54
EE7C7611;1;TARC;HG;EPTL;Carmen;MAIN;27|35|39
EE8222DB;1;TORO;N/A;ORO;Doc Zone;MAIN;56|68|80|81
EE8BFCF5;1;TARC;CU|ZN|PB|AG;VMS|ORO;Grub Line VMS;MAIN;11|14|15|16
EECFA5FC;1;TGGT;N/A;VMS;Eastmain Gold Deposit;MAIN;31|42
EFEC1CB5;1;TARC;N/A;EPG;Manto Dorado;MAIN;28|31
EFF482DC;1;TRFT;N/A;EPTL;Jumbo Trend;MAIN;43|50|79
F0A0988A;1;TORO;N/A;ORO|EPTI;Milestone;MAIN;31|39
F0B33FFA;1;TORO;AS|W|SB;ORO;Macraes;MAIN;49|50|56|60
F089BF51;1;TARC;MO|MN|AS;EPTI;Altan Nar;MAIN;24|33|36|39
F0C5C049;1;TARC;N/A;EPTL|EPTI;Shahumyan;MAIN;70|71|81
F121BDC3;1;TGGT;AG|AS|W|B|TE|BI|MO;ORO;Eau Claire;MAIN;27|38
F1535A42;1;TARC;AG;EPTL;Refugio / Cometa;MAIN;29|45|47
F12C6378;1;TTRN;N/A;EPTL;Soledad Mountain;MAIN;55|56|61|66|69
F159C106;1;TARC;BA|HG|AS|SB;EPTL;Cinco Estrellas;MAIN;61|72|79|81
F18B4E31;1;TARC;FE|CU|AS|MO|SB|PB|ZN;EPTH|ORO|IOC;Amulsar;MAIN;82|90|91|92
F1B0DCC6;1;TORO;AS|CU;ORO;Twin Hills;MAIN;47|53|57
F19AC6A0;1;TTRN;AS|SB|HG;EPTL;Trout;MAIN;24|27|28
F1F8648F;1;TUNK;AG|CU|PB;N/A;Koster Dam;MAIN;12|14
F1FE2164;1;TORO;N/A;EPTL|ORO;Windpass;MAIN;21|23
F1BFD9AD;1;TARC;AG|AS|SB|CU|PB|MO;EPTH;Guanaco Mine;MAIN;100|141|144|148
F2E74BE4;1;TORO;CU|PB|ZN|HG|AS|MO|BA;PRY|EPTH|SKN;Alankoy;MAIN;17|18|24|26|28|30|39
F2E9707D;1;TGGT;CU;ORO|PRY;Toroparu;MAIN;37|43|44
F30E996F;1;TGGT;CU|PB|AG|BI|CO|CR|AS|SB|TE;ORO;Endeavour;MAIN;45|82|86
F3473D02;1;TARC;AS|SB|BI|CD|TE|HG|MO|AG;SKN;Esperanza;MAIN;40|41|52|53
F3515C71;1;TARC;HG|AS|SB|CU|ZN|PB;EPTL;Ayelén vein;MAIN;33|55|56
F3591CDC;1;TGGT;AG|TE|CU|PB|ZN|MO;IRG|ORO;Walsh-FP;MAIN;65|80|105
F3753131;1;TGGT;N/A;VMS|ORO;Urban Barry Property;MAIN;26|30
F3A2D54F;1;TORO;AS|CU|AG;ORO;Golden Culvert;MAIN;32|33|36|37|43|44
F3AA0BD3;1;TGGT;N/A;ORO;Croinor;MAIN;47|50|61|62
F3ACEA9C;1;TBAC;AG|AS|SB|HG|ZN|PB|SE;EPTL;Holy Cross;MAIN;13|15|16
F3E72486;1;TARC;N/A;EPTL;Dos de Mayo;MAIN;19|24|26
F42E69AC;1;TGGT;N/A;ORO;Main Gold Zone;MAIN;9|12|13
F43AE255;1;TUNK;N/A;VMS;Gediktepe;MAIN;47|63
F408E3A4;1;TARC;AG|AS|BI|CD|CU|FE|HG|PB|S|SB|W|ZN;EPTI|EPTH;Shahuindo;MAIN;85|96|97|100
F465AEEB;1;TUNK;AS|SB|BI;PRY|SKN|EPG;Independence;MAIN;69|72|82|85|86
F47CA92C;1;TARC;N/A;EPTL;Blackdome;MAIN;60|70|82
F49FAB67;1;TCRA;N/A;ORO;Coringa;MAIN;94|98
F48DD070;1;TARC;N/A;EPTL|ORO;Chepica vein systems;MAIN;26|28|34
F4AD55C4;1;TARC;N/A;EPTI|PRY;Marmato;MAIN;67|69|70|76
F4D2E10F;1;TORO;AS|SB;ORO;Kendell Prospect;MAIN;39|43|47|48|55
F5671B2C;1;TARC;N/A;EPTH;La Lamosa;MAIN;28|34
F4F9EEA6;1;TORO;CU|MO|BI|AG|HG|W;IRG|ORO;Lemhi Gold Deposit;MAIN;63|64|72|74|76
F5828144;1;TARC;N/A;EPTL|EPTI;Sulfuro;MAIN;32|34|35|37
F58EA6B8;1;TARC;AG|BI|HG|ZN;EPTH;Tablon;MAIN;12|19|21
F5793C7A;1;TORO;N/A;ORO;Cariboo Gold Project;MAIN;149|186|187|193
F5AF9BA6;1;TARC;N/A;PRY;Copper Zone;MAIN;26|27|29|32|35|40
F5F2336F;1;TGGT;AG|AS|W|B|SB|TE|MO;ORO;Afric Zone;MAIN;69|70|79|80
F601419A;1;TRFT;N/A;EPTL;Fire Creek;MAIN;50|51|53|57|65
F6383225;1;TRFT;AS|SB|BA|MN|HG|SE;EPTL;Bell Mountain;MAIN;41|57
F626D80F;1;TGGT;BI|TE|AG|PB|AS|MO|SB;ORO;Serpent-Radisson Gold Corridor;MAIN;29|40|42|48|62
F63EEF33;1;TORO;N/A;SKN|EPG;Centennial;MAIN;56|61
F653DF4A;1;TGGT;N/A;VMS;Horne 5 deposit;MAIN;49|62|78|80|81
F6699FCC;1;TGGT;CU|AS|MO|AG;PRY|ORO;Lac Pau;MAIN;10|15|16|23|26
F6AD55FE;1;TORO;AG|PB|ZN|AS|HG|SB|TL;ORO;San Albino Deposit;MAIN;43|45|46
F6B38898;1;TORO;AG|AS;ORO;Purimac;MAIN;26|27|32|36|37|38|40
F6C907B0;1;TGGT;AS|B|BI|HG|SB|TE|W|CU|PB|ZN;ORO;Senneterre Property;MAIN;21|24|25
F6ABA39E;1;TARC;N/A;EPTL;Mercedes Mine;MAIN;60|63|66|71
F7431E0B;1;TARC;N/A;EPTL;Shasta;MAIN;46|59|60
F7006858;1;TORO;AS|SB;IRG|PRY;Dolphin;MAIN;22|28|31|36
F7200D6E;1;TRFT;AS|SB|AG|TL|HG;CAR;Courtney;MAIN;29|41
F73496E2;1;TORO;BI|W|MO|TE|AS|SB|CU|SN|PB|ZN|AG;IRG;Sergeevskoe;MAIN;36|51|53
F7436D5B;1;TGGT;N/A;ORO;Starr Zone;MAIN;33|40
F74D5963;1;TARC;ZN;PRY;Mitchell;MAIN;75|89|95|103|104
F7557C56;1;TGGT;N/A;ORO|VMS;Perron Gold Zones;MAIN;55|67|84
F78752EF;1;TARC;BI|SE|TE;EPTI|VMS;JT Deposit;MAIN;49|62|72|82
F7A37D08;1;TTRN;N/A;EPTL;Tonopah;MAIN;40|42|50
F7DEB903;1;TGGT;ZN|AG|CU|PB;ORO;Frederick House Lake Gold Target;MAIN;16|17|18|19|23|25|26
F7CFC04B;1;TGGT;N/A;VMS;Horne 5 deposit;MAIN;170|218|220|221
F83A65FE;1;TARC;AS|SB|BI;VMS;Galleon prospect;MAIN;12|13|24|26
F8459888;1;TRFT;AS|SB|HG;CAR;ESN Project;MAIN;26|28|36|38
F895534A;1;TORO;CU|PB|ZN;N/A;Phum Syarung;MAIN;33|34|43|46
F8787724;1;TORO;AG|PB|AS|ZN;ORO;Revel Ridge Main Zone;MAIN;61|97|98|101|106|110
F8C6C5C3;1;TARC;PB|ZN|AS|SB|MO|W;EPTH;La Lamosa Ridge;MAIN;51|57
F8CED75B;1;TARC;N/A;EPTH|PRY;Nalesbitan Hill;MAIN;13|16
F8F7FAA3;1;TARC;N/A;VMS;Montauban deposit;MAIN;51|52|55|65|68
F900C0E0;1;TGGT;N/A;ORO;Beta Hunt Gold;MAIN;55|70|71|72
F905F11B;1;TGGT;N/A;ORO|PRY;Purdex Gold Zone;MAIN;50|54|55|61
F9218C3D;1;TARC;MO|BI|CU|PB|AG|AS|U|ZN|W;EPTH|PRY;Sugarloaf Peak;MAIN;21|46|52|53
F93F68EA;1;TARC;N/A;EPTL;Cocula Project;MAIN;43|44|53
F96BE301;1;TRFT;SB|AS|BI;EPTL;Castle Mountain;MAIN;92|93|110|113
F9BEDDDF;1;TGGT;N/A;ORO;Larder Lake Property;MAIN;23|25|30|32
FA2ABBC3;1;TORO;AG|PB|AS|CU;EPTL|EPTI|PRY|BXH;Klaza vein system;MAIN;60|68|72|74
FA12F08A;1;TARC;AG|TL|RB|CU|K|TE|AS|SB;EPTL;Lawyers Trend;MAIN;102|110|112|118|119|120|134|135|143
FA2D25CE;1;TORO;AS|W|BI|TE|MO|AG|SB|CU;ORO|IRG;Golden Culvert;MAIN;26|27|30|32|37|38|39|48|49
FA3229D6;1;TORO;BI|AG|AS|S|CU;ORO|IRG;Preview SW;MAIN;26|30|33|34
FAA005F2;1;TGGT;AS|SB;ORO|BXH;Newman-Todd;MAIN;12|14|17|18|21
FB7C8D23;1;TUNK;N/A;N/A;Koster Dam Project;MAIN;12|14
FAAD2C02;1;TGGT;HG|AS|W|SB|FE;ORO;Witlage Creek;MAIN;50|51|55|62|63|64|68
FB55B7CB;1;TGGT;N/A;VMS|ORO;Rainy River gold project;MAIN;55|77
FB188936;1;TARC;AS|SB|HG|TL;MAN|SKN|CAR;Archimedes complex;MAIN;62|63|75|81|82
FB8AB413;1;TGGT;BI|TE|SE|W|SN|PB|MO|AG;IRG|PRY|ORO;Toroparu Deposit;MAIN;80|93|96|99
FB9A0A42;1;TGGT;AS;ORO;Committee Bay Area Project;MAIN;34|35|37|42|43|44
FBC1F48B;1;TARC;AS|AG;VMS;Sharga VMS Prospects;MAIN;24|25|30|34
FBDDD661;1;TGGT;N/A;ORO;New Beliveau;MAIN;92|101|115|116
FC282D5A;1;TORO;N/A;ORO;Reef;MAIN;32|34|47
FC21013D;1;TARC;SB|HG|AS;VMS|EPTL;Eskay Creek;MAIN;57|59|77
FC5AD648;1;TBAC;AG|AS|PB|BA|HG|MO|CU|ZN|SE|BI;MAN|VMS;El Yujo;MAIN;26|28|33|34
FC4DEE3D;1;TARC;AG|PB|ZN|CU|MN|SB|AS|HG;EPTL;Antapite Mine;MAIN;28|30|32|34
FC9EFEA2;1;TARC;N/A;EPTL;Casposo;MAIN;26|27|31
FC9E737C;1;TTRN;AG|AS|BA|CU|HG|PB|SE|ZN|MO|TE;EPTL;Gooseberry;MAIN;23|32|34|40|41|42|43|44|45|46
FCBC1184;1;TGGT;CU;ORO;Bryce Gold Property;MAIN;37|42|43
FCCE729C;1;TGGT;AS|SB|S;ORO;Thurber Gold Trend;MAIN;25|44|45|48|56|58
FD21B936;1;TGGT;AG|CU|MO|ZN;ORO;Amber Zone;MAIN;16|27|29|35|36
FCD43C7C;1;TRFT;AS|HG|SB|CU;EPTL;Midas;MAIN;49|51|53|62|64|66|72
FD4A5797;1;TARC;AS|HG|SB;EPTL;Sulfuro vein;MAIN;37|38|39
FD564F86;1;TARC;N/A;ORO|SKN;Dory Property;MAIN;16|21|23|24
FD728A17;1;TORO;AG|AS|SB|CU|PB|ZN|BI|W;ORO|IRG;Baner Project;MAIN;33|36|38|41
FE367CC0;1;TORO;SB;ORO;Augusta;MAIN;6|84|86|87
FE3C5443;1;TARC;AG|CU;EPTL|EPTI|BXH|PRY;Los Crestones;MAIN;26|30|32
FE4D71B5;1;TORO;AS;N/A;Marston;MAIN;40|43|48|57|58
FE5D75A3;1;TTRN;AS|SB|CU|MO;EPTL;La Gitana;MAIN;10|15|16|19
FE68615C;1;TGGT;MO;ORO;Chirano;MAIN;31|32|34|39
FF25AA28;1;TARC;N/A;EPTL;La Libertad;MAIN;87|90|100|108
FF29FA2D;1;TRFT;AS|SB|TL|HG;CAR|BXH|EPTL;Mercury One;MAIN;48|49|61|63|65
FF501A3C;1;TGGT;N/A;ORO;Glen Auden Gold Zone;MAIN;28|33
FF53B0CA;1;TARC;N/A;EPTI|PRY;Baker;MAIN;37|38|52|66|73
FF6B3D13;1;TBAC;BA|AS|SB|BI|SE|HG|MO|MN;VMS;Al Halahila Main Zone;MAIN;20|23|26|33|35
07AF93F5;1;TGGT;N/A;ORO;Fuller deposit;MAIN;19|21|22
FFB16654;1;TGGT;AS|CU;ORO;Meadowbank Area Project;MAIN;12|33|34|44|45
02848679;1;TORO;N/A;N/A;Nasedkino;MAIN;29|30|31|32
5043734F;1;TGGT;N/A;ORO;Zone Hamelin;MAIN;19|31
2A20119C;1;TBAC;AG|HG|AS|CU|FE|MN|CR;PLC;Horseshoe Bend;MAIN;14|17|21|22
2736ACB0;1;TGGT;N/A;BXH;Buffalo-Ankerite South;MAIN;15|18
3A89EF88;1;TORO;AS|W;ORO;Santo Antonio;MAIN;15|19|21
5F622144;1;TBAC;N/A;EPTL|EPTH;Pinguino;MAIN;15
515A6D4D;1;TORO;BI|SN|W;PRY|IRG;Cerro del Gallo;MAIN;27|37
786E14AE;1;TORO;N/A;N/A;Krátke;MAIN;11|13
6F8AF3D8;1;TGGT;N/A;ORO;Windfall;MAIN;129|147
76F392A5;1;TORO;N/A;N/A;Columario;MAIN;15|18|27
623449A8;1;TGGT;AS|B|W|ZN|PB|CU;ORO;Goodman East Zone;MAIN;25|28|37|38|39
7E1DC3A7;1;TORO;PB|AG|ZN|S|CU|AS|TL|SB;ORO;Beaufort;MAIN;34|37|38|42|43|47
7B6523F8;1;TARC;CU|AS|SB|PB|BA|AG|HG|ZN|SN;EPTH;Hope Brook;MAIN;45|47|56|57|62|70|71
871D644B;1;TORO;N/A;ORO;Auriferous Quartz Reefs;MAIN;33|36|37|39
833C9BF8;1;TRFT;N/A;EPTL;La Bolsa;MAIN;40|41|44|45|48|63
8CFB4C14;1;TGGT;N/A;ORO|BXH;Buffalo-Ankerite;MAIN;14|17
8D7A0508;1;TARC;N/A;EPTL|ORO;Chépica vein systems;MAIN;23|27
90600156;1;TARC;N/A;EPTH|PRY;Amarillo Project;MAIN;30|31|32|41|43|46
923593E5;1;TRFT;N/A;EPTL;DeLamar area;MAIN;56|58|75
A10B7BC7;1;TARC;SB|HG;EPTL|EPTI;El Rosario;MAIN;26|31|33|61
A9A0DB31;1;TGGT;AG;ORO;Itilima Shear Zone;MAIN;28|29|42|43
CC12C071;1;TARC;N/A;EPTL|PRY;Cerro Verde;MAIN;13|14
D48F55E2;1;TGGT;N/A;PRY;Canadian Malartic;MAIN;51|53|54
B4D78233;1;TUNK;AS|SB|HG|AG|PB;CAR|PRY|SKN;Iron Point;MAIN;17|18|19|36|39|40|41
ED72EA3D;1;TORO;N/A;ORO;Kearney Vein;MAIN;16
F74959B2;1;N/A;N/A;N/A;Kemess South;MAIN;13|14|15|16
1EC46AD3;1;TUNK;N/A;PRY|MAN|BXH|SKN;Cerro San Pedro;MAIN;15|16
F76FBAFC;1;TGGT;AG;ORO;Itilima Shear Zone;MAIN;28|29|42|43
1F4E2BEE;1;N/A;N/A;EPTL;Drumlummon;MAIN;13|15
48D4AE41;1;N/A;N/A;EPTI;Marmato;MAIN;31
F8DFAB5E;1;TARC;HG|MO;EPTL;Tuscarora;MAIN;26|32|35
78E8EA54;1;N/A;N/A;EPTI;Marmato;MAIN;31
A0E31A38;1;TARC;N/A;N/A;Claim 516119 Anomalies;MAIN;10|13
A9C738B1;1;TARC;N/A;N/A;Claim 516119 Anomalies;MAIN;10|13
AA167670;1;TARC;N/A;N/A;Atenea;MAIN;39|40|44
D77BDD3C;1;TARC;N/A;EPG;Atenea Structure;MAIN;41|42|43
B83CF140;1;TORO;CR|FE;CHR|MNS;Wels Nickel Anomaly;MAIN;11|13
B8398DA2;1;TORO;N/A;PEG;Johan Beetz Feldspar deposit;MAIN;24|25|34
B83E901B;1;TRFT;N/A;SSC;Sherlock;MAIN;49
B8452A8C;1;TORO;TE|AS|SB|BA|MO|K|TH;CBT;Bull Hill REE;MAIN;57|69|70|75|82
B85BDB45;1;TSED;PB|ZN|BA|AG|HG|NI|CD|MN|FE|TL|SR;SDX;Gnome;MAIN;31|32|40|51|52|53
B88CF630;1;TRFT;N/A;MNS;William Lake trend;MAIN;13|14|32|42|46
B87B9695;1;TRFT;CU|NI|S;N/A;Ahmavaara;MAIN;45|51|52|53
B8D9A012;1;TORO;N/A;LAT;Cleopatra;MAIN;49|50|55
B8DA6689;1;TORO;N/A;COA;Corsa Properties;MAIN;46|49|51
B95773FB;1;TGGT;N/A;PEG;Whabouchi;MAIN;17|21
B9340F16;1;TRFT;N/A;EVP;Mengo;MAIN;24|34
B9507E64;1;TARC;N/A;PRY;Taca Taca;MAIN;26|38
B937321D;1;TGGT;N/A;MNS;Kevitsa;MAIN;28|30|34|36
B985DBF1;1;TORO;N/A;IRF;Mouchalagane Iron Formations;MAIN;14|19
B98C20E9;1;TRFT;N/A;CBT;Dead Horse Creek Diatremes;MAIN;23
B997FCE4;1;TSED;N/A;URN;Crownpoint;MAIN;11|14
B99787C6;1;TORO;N/A;MNS;Rogers Farm;MAIN;27|33
B987C0E1;1;TARC;CU|AS|AG|TE|PB|ZN|MN|TL|SB|BI|W;EPTH|PRY|BXH;Chelopech;MAIN;56|58|62|68|69
B9A3F3DD;1;TSED;N/A;COA;Eloff Project;MAIN;21
B9A0F630;1;TARC;PB|BA|MO|AG;VMS;Bisha Main;MAIN;58|66|75|76
B9A33FF6;1;TCRA;U|NI|CO|CU|MO|BI|AS|AG|LI|TH;URX;Ministikuchum Island Uranium;MAIN;33|37|38|39|40
B9A82374;1;TBAC;AS|HG|IN|SN;VMS;Gloucester Project;MAIN;42|55|58
B9D977D6;1;TORO;N/A;GRAP;Diamond and Diamond West Graphite;MAIN;15|19
B9C3F34D;1;TGGT;N/A;GRAP;Maverick Graphite;MAIN;30|31|32|35|40
B9FD8048;1;TORO;N/A;COA;Vista Coal Project;MAIN;52|62
BA0CAFB6;1;TORO;N/A;URU|URX;Genesis Property;MAIN;23|24|25|27|46|47|49
B9FBE281;1;TARC;N/A;PRY|SKN;Hopper;MAIN;18|20|32
BA171E23;1;TARC;N/A;PRY|SKN;Haquira East;MAIN;44|101|102
BA3D42BB;1;TORO;N/A;N/A;Sheps and Perault Lake;MAIN;25|27|30
BA43678B;1;TGGT;N/A;MNS;Horden Lake Deposit;MAIN;30|35
BA6F2CC4;1;TARC;MO|CU|ZN|PB|AS;PRY|BXH;Alpala;MAIN;80|81|83|97|98|99|105|106|111
C0886A74;1;TGGT;AS|SB;ORO;Turmalina Mine;MAIN;65|73|112|113|116|117
FA25CD20;1;TARC;N/A;EPTL;Cerro Blanco;MAIN;72|74|75|90|99
F6E4EA44;1;TGGT;AG|AS|S|BA|CU|K;ORO;Windfall;MAIN;112|113|147|149|153
C2AF73F9;1;TARC;N/A;EPTL;Moss Vein;MAIN;56|57|68
ECDE1F0F;1;TARC;CU|ZN|PB|MO;EPTL|EPTI;Newton;MAIN;52|63|74
F86FD195;1;TARC;N/A;EPTL;El Zapote;MAIN;62|77|78
C03783C6;1;TARC;N/A;IRG;Guadalupe Project;MAIN;30|37
00FE19F5;1;TUNK;AS;EPTL;Eureka West;MAIN;56|60|67|68
DAEF9F13;1;TGGT;N/A;ORO;Zani-Kodo;MAIN;36|38|48|54|56
8DD15988;1;TGGT;N/A;ORO;S-50 Zone;MAIN;99|117|119|120
BAB528A6;1;TSED;N/A;EVP;Milestone Project;MAIN;41|60
BA8ECAB9;1;TARC;N/A;IOC;Mantoverde;MAIN;58|68|69
BAC349FD;1;TORO;V|LI|AS|BI|PB|CU|MO;N/A;Horseshoe;MAIN;25|42|47
BA8DE749;1;TORO;N/A;COA;Huguenot Coal Project;MAIN;34
BAD310B1;1;TCRA;N/A;BXH;Tchiuzo;MAIN;70|71|77|78
BB35548D;1;TSED;N/A;EVP;Ochoa Project;MAIN;57|63
BB02D8D9;1;N/A;N/A;MNS;Al Hamurah;MAIN;17|19
BB3CA2B4;1;TCRA;N/A;KIM;Thelon Project Kimberlites;MAIN;37|42
BAF67F2D;1;TRFT;TH|P|NB|ZR;CBT;Area 4;MAIN;29|34|41|49|50
BB4EC0B6;1;TGGT;N/A;IRF;C-Zone;MAIN;49|52|53
BB550FDD;1;TARC;N/A;PRY;Pat;MAIN;11|12
BB456657;1;TCRA;N/A;KIM;K252;MAIN;42|47|50
BB465406;1;TARC;N/A;PRY;Mount Milligan;MAIN;55|69|71
BB7314F1;1;TCRA;CR;KIM;Kyle Kimberlites;MAIN;21|22|23|29
BB83C1C2;1;TGGT;N/A;STRA;Roby Zone;MAIN;16|45|52|54
BB861F3A;1;TARC;B|K;BRN;Salar de Diablillos;MAIN;47|49|58|60
BB8F2D1A;1;TORO;N/A;COA;Vista;MAIN;23|24|28
BBCE69CD;1;TORO;N/A;COA;Corsa Coal Properties;MAIN;46|49|51
BB9E4CCA;1;TBAC;N/A;BRN;Salar de Pastos Grandes;MAIN;44|53|54
BB928D59;1;TARC;N/A;EPTL|EPTI|SKN|PRY|MAN|VMS;Huanza property;MAIN;4|15|19
BBA59BA1;1;TBAC;W|AS|BI;IRG;Sleitat;MAIN;18|19|23|24|25
BB98B8D7;1;TRFT;N/A;IOC;Furnas;MAIN;27|29|43
BBB59188;1;TORO;SE|ZN|PB|CU|MN|RE;URN|URX;Ivana;MAIN;30|31|39|43|44
BBD284C0;1;TRFT;B;BRN|LCL;Grass Valley;MAIN;52|54|56|58
BBDB221E;1;TGGT;N/A;MOX;Lac Dore;MAIN;40|42|46
BBF5FB5A;1;TCRA;N/A;EVP;Cory;MAIN;19|21
BBFA1AD0;1;TORO;N/A;GRAP;Rear Christmas Island (Hare Brook) Graphite Prospect;MAIN;18|20|21
BBD7C48E;1;TARC;MO|W|CU|AG|BI|SB|AS;BXH;Soledad tourmaline breccia pipes;MAIN;37|43|46|48|52
BBDF8FA9;1;TGGT;N/A;VMS;Arex and Ambrex;MAIN;35|40|42
BBFC1ADF;1;TSED;N/A;IRF;Lac Lamêlée South;MAIN;28|36|65|67|68
BC0AB846;1;TBAC;N/A;VMS;Murray Brook;MAIN;31|37
BC09C7C7;1;TARC;MO|CU|ZN|PB|AS;PRY|BXH;Alpala;MAIN;80|81|83|97|105|106|111
BC17ECA3;1;TSED;N/A;N/A;Iron Ore Hill;MAIN;25|32|33
BC402EDE;1;TARC;N/A;PRY;Quebrada Blanca;MAIN;44|56
BC528F42;1;TRFT;N/A;LCL;Basin East;MAIN;44|46|55
BC51476F;1;TARC;N/A;VMS;Ming Mine;MAIN;49|55|56
BC498F14;1;TARC;SN|AS;PRY;Lisle Zone;MAIN;64|66|74|87|90|91|93|98|102
BC591773;1;TTRN;B|LI;BRN;Teels Marsh;MAIN;25|27|30|31|35|36
BCABE52F;1;TCRA;F|SN|LI;IAC;Carina;MAIN;57|58|61|75|78
BCD97A7E;1;TUNK;N/A;N/A;Wonarah;MAIN;15|16
BCBB9EF1;1;TCRA;CR;KIM;Churchill Kimberlites;MAIN;23|27|28|29
BCD0575C;1;TORO;N/A;LAT;Mayaniquel Project;MAIN;46|50|51
BCAD3B17;1;TCRA;N/A;N/A;Merensky Reef;MAIN;27|39
BCC74BEB;1;TARC;N/A;SKN;Reforma;MAIN;25|26
BCE46F84;1;TPAB;N/A;EVP;GAS halite deposit;MAIN;64|73
BCDEFC93;1;TSED;N/A;EVP;Banio Potash Project;MAIN;76|102
BCF00A48;1;TRFT;CR|FE;KIM;Bishop Claims;MAIN;41|42|43
BCE4F9DE;1;TORO;F|U;URX;Klappibacken;MAIN;28|31|32|34
BD3BC3DF;1;TARC;PB|ZN;PRY|EPTH;Čukaru Peki;MAIN;47|50|55|58|68
BD1CB0D3;1;TORO;N/A;PEG;Presqueiras-Taboazas;MAIN;39|53|54
BD550B2D;1;TGGT;N/A;MNS|VMS;James Bay Lowlands Nickel Project;MAIN;21|22|23|92
BD5836A8;1;TORO;SE|ZN|AG|U|MO|AS|CD;PHO;Paris Hills;MAIN;56|57|64|68
BD47BC99;1;TRFT;N/A;LAT;Vermelho;MAIN;53|54|71
BD6DD4CA;1;TSED;N/A;PLC;Feature 8;MAIN;13|16|67|80
BD85FE02;1;TARC;N/A;IOC|ORO;Fortuna and Teresa Shear Zone;MAIN;20|23
BD4FB4B5;1;TBAC;N/A;VMS;Bracemac-McLeod;MAIN;30|37|44|46
BD86A808;1;TORO;N/A;TLG;Chvaletice Manganese Project;MAIN;75|79
BDBB92DD;1;TARC;N/A;PRY;Zafranal Main Zone;MAIN;46|47|54
BD8C9423;1;TORO;N/A;SIS;Ptarmigan Quartzite;MAIN;28
BDA1B15F;1;TBAC;N/A;EVP;Piskanja;MAIN;31|34|41
BDE6BDCB;1;N/A;AG|CU|ZN;N/A;VG Geochemical Trend;MAIN;11
BD9D78C6;1;TARC;MO|AG|PB|ZN|AS;PRY;Los Azules;MAIN;51|79|83
BDDFBC60;1;TARC;N/A;VMS;Hadal Awatib East;MAIN;28|29|33|35|36|43|78
BDE18B03;1;TARC;N/A;EPTI|EPTL;Cozamin;MAIN;60|67|69
BDF7E37B;1;TRFT;ZN|PB|AG;SDX;MG01;MAIN;43|44|47|48
BE188A3F;1;TSED;FE|V|SE|MO;URN;Centennial Project;MAIN;32|36|39
BE15A531;1;TRFT;N/A;COA;Ovoot Tolgoi Deposit;MAIN;44|53
BE00B7F5;1;TORO;N/A;IOC;Hannukainen;MAIN;55|64|65|75
BE13B37F;1;TBAC;AG|AS|BI|CD|CO|HG|NI|SB|SE|TE|TL|ZN;URX;Iron-Beaver project;MAIN;21|31|35|53
BE27034F;1;TARC;K;BRN;Hombre Muerto North;MAIN;11|44|46|52
BE570F7E;1;TARC;N/A;PRY|BXH;Lisle Zone;MAIN;55|58|60
BE52ADE5;1;TCRA;TH;CBT;Clay-Howells;MAIN;31|35|37
BE8E9974;1;TSED;N/A;EVP;Holbrook Basin Potash Deposit;MAIN;41|45
BE6A3F20;1;TRFT;N/A;CBT;Zandkopsdrift;MAIN;37|40|42|45
BE786849;1;TARC;BA|SR;VMS;Lemarchant Deposit;MAIN;31|42|45
BE9F226A;1;TSED;N/A;URN;Churchrock;MAIN;50|55
BE9DC91E;1;TORO;N/A;PRY;Davidson;MAIN;20|24|26
BECB5781;1;TRFT;N/A;SDX|SSC;Johnny Lee;MAIN;92|125
BEE04A3E;1;TGGT;N/A;PEG;Whabouchi;MAIN;20|23
BEE4AE32;1;TRFT;CS|K|RB;LCL;Sonora Lithium Project;MAIN;38|40|42
BEEA7EF8;1;TTRN;N/A;LCL;Gabriel Project;MAIN;23|30
BEECB47A;1;TORO;N/A;SND;Langis deposit;MAIN;35|39|44|45
BF038734;1;TRFT;N/A;EPTH;Blawn Mountain;MAIN;72|75|77|79
BF027893;1;TARC;N/A;SKN;South Mountain;MAIN;22|23|24|26
BF1048CD;1;TCRA;N/A;LAT;Gogota;MAIN;27|33
BF0E3A89;1;TARC;N/A;PRY;Alaskite Zone;MAIN;33|38|39
BF3721F2;1;TSED;K;BRN;Leduc Formation Aquifer;MAIN;59|69|72
BF1E1EA7;1;TGGT;N/A;IRF;El Sol;MAIN;30|36
BF5173BF;1;TCRA;N/A;MNS;Samapleu Deposits;MAIN;38|48|65
BF59F6E2;1;TORO;NI|CU|CR|FE;MNS;Santa Rita;MAIN;26|27|32|35
BF6CD2D6;1;TGGT;CR|CU|NI;MNS;Duval showings;MAIN;39|41|51|52
BF683D6E;1;TORO;N/A;MAN;Kombat Mine;MAIN;53|61|64
BF899084;1;TORO;N/A;SWM;Bisiye;MAIN;21|22
BF93360F;1;TORO;AG|AS|BI|CU|MO|PB|SB|TE|W|ZN;PRY;Troitsa Porphyry System;MAIN;58|59|60|84|85|100
BF94A0F5;1;TORO;N/A;SKN;Los Santos;MAIN;23|27
BF99692D;1;TCRA;N/A;URU;Pardoe Lake Project Target;MAIN;10|11|12
BFA710AD;1;TGGT;N/A;N/A;Main Zone;MAIN;57|63
BFA71A2B;1;TSED;N/A;URN;Duck Creek;MAIN;22|26
BFA86D41;1;TSED;N/A;COA;Hazard Coal Seams;MAIN;24|25|27
BFA95E03;1;TARC;N/A;PRY;Van Dyke;MAIN;49|62|65
BFC41F93;1;TSED;PB|ZN|AG|BA;MVT;Turner's Ridge;MAIN;46|49|51|52|61
BFD82B32;1;TORO;LI|CS|TA|BE|B|F|P|MN|GA|RB|NB|SN|HF;PEG;Nakina Li Property;MAIN;28|31|32|36
BFA83362;1;TARC;CU|MO|AS;PRY;Southeast Zone;MAIN;26|34|42
BFDD1526;1;N/A;N/A;N/A;Plymouth Deposit;MAIN;74|76|77|80
BFFB8D43;1;TGGT;N/A;KIM;Jericho kimberlite;MAIN;30|34
BFDCAD7E;1;TORO;N/A;MOX;Bégin-Lamarche;MAIN;50|62
BFFFABA6;1;TORO;N/A;N/A;Dewey-Burdock;MAIN;31|34
C0006A8D;1;TARC;N/A;N/A;Sunlight property;MAIN;12|15
BFDEF3A2;1;TORO;N/A;IOC|SKN;Mt Elliott;MAIN;42|44
BFF9F88B;1;TARC;AG;N/A;Madrugador;MAIN;31|40|74|75
C0439E41;1;TORO;N/A;TLG;Chvaletice Manganese Project;MAIN;90|92|94
C0060053;1;TSED;N/A;N/A;Duncan Lake Project;MAIN;26|28|47|48
C026F4B9;1;TORO;BA|LI|V|NB|ZR|CE;PEG;Cranberry Creek Property;MAIN;35|42|112
C013495A;1;TSED;N/A;URN;Mestena Grande Project;MAIN;28|39
C0593FA9;1;TORO;CS|RB;PEG;Wesley Pegmatite Dyke;MAIN;25|27|31|36|41
C08370EE;1;TARC;CU|ZN|AG|AS|SB;PRY|EPTH;Limonite Creek;MAIN;10|11|12|14|16
C01BA81E;1;TARC;N/A;SKN;Nahmint Property Skarns;MAIN;16|17|28
C093F283;1;TORO;N/A;MNS;Aguablanca;MAIN;15|16|18
C08F36E2;1;TORO;N/A;IOC|BXH;Mount Dore;MAIN;30|31|32|40
C0911B2A;1;TSED;N/A;URN;DASA;MAIN;26|46
C0950C73;1;TGGT;N/A;PEG;Quebec Lithium Pegmatite;MAIN;49|76|78|79
C0BFF6AB;1;TORO;N/A;N/A;Roncevaux quartz vein;MAIN;20|22|24
C0DE5390;1;TORO;N/A;ORO|MAN;Main Zone;MAIN;68|70|71|73|74|76
C0B1E854;1;TORO;N/A;GRAP;Manicouagan-Ouest Graphitic Corridor;MAIN;42|53|54|59
C0ECFE17;1;TORO;N/A;GRAP;Kokanee;MAIN;16|22|24
C0E52C38;1;TORO;N/A;URX;Valencia;MAIN;37|56
C0DF1A16;1;TBAC;N/A;N/A;Bornite;MAIN;38|55
C10D00E0;1;TGGT;N/A;MNS;Eagle's Nest;MAIN;34|35|37|40|42|50
C11623C0;1;TRFT;N/A;EVP;Danakhil Potash Deposit;MAIN;57|59|61|63|77
C11997DC;1;TORO;BI|TE|AS|SB;PRY;Arroyos Azules;MAIN;62|63
C11411DF;1;TARC;CU|AG|MO|SB|AS|HG|W|BI|SN;PRY|EPTH;Filo del Sol;MAIN;96|102|114|117|128|130
C12EC5B4;1;TBAC;N/A;SKN;Werner Lake Deposit;MAIN;46|49
C1365C9A;1;TSED;N/A;PHO;Tilemsi Valley;MAIN;15
C1353778;1;TCRA;U|CO|MO|AG|AS;IOC;Salobo;MAIN;47|53|54
C14B7F90;1;TORO;N/A;N/A;G and H Quartzite Units;MAIN;37|39|41
C1393F7C;1;TARC;N/A;PRY;Dick Creek;MAIN;34|39|43|44
C15BA3DE;1;TARC;N/A;VMS;Bobby's Pond deposit;MAIN;36|37|43
C16B2DFE;1;TORO;N/A;COA;Somerset-Cambria Coal Complex;MAIN;33|40
C18A94C1;1;TCRA;N/A;URU;Arrow deposit;MAIN;28|38
C1A3BFDB;1;TORO;N/A;N/A;Nkout;MAIN;34|38|51|52
C1B75267;1;TARC;CU|MO;PRY|SKN|BXH;Carrizalillo Hill;MAIN;32|39|41|42|50
C1D15D1C;1;N/A;N/A;N/A;Nokomis Deposit;MAIN;39
C1B7DE96;1;TARC;N/A;PRY|EPTH|EPTI;Altar;MAIN;49|62|63|65|69
C1AF4092;1;TORO;BA;SDX;Angie Property;MAIN;9|10|14
C1CD099E;1;TORO;N/A;IRG|BXH;Wolfram Camp;MAIN;62|72
C1E6C689;1;TSED;N/A;URN;Sheep Mountain Project;MAIN;32|33|35|36|37
C1EB7F3C;1;TRFT;N/A;LCL;Zeus;MAIN;29|38
C1D2CB96;1;TORO;N/A;URX;North Canning Deposit;MAIN;25|29|31
C2026F80;1;TTRN;N/A;BRN;Black Rock Desert Project;MAIN;25|30|31
C1E73929;1;TGGT;N/A;IRF;Lake Giles BIF;MAIN;22|27
C223B2DD;1;TGGT;N/A;VMS|SDX;Lemare;MAIN;18|19|23
C1EC8250;1;TBAC;N/A;MAN|EPTL;Berenguela;MAIN;78|79|86|113
C22B1196;1;TORO;SN|AS|CU|ZN;IRG;Mont Agoma;MAIN;28|35|37
C2290B1B;1;TRFT;N/A;BRN;LANXESS Li-Brine;MAIN;63|78|79|80
C23D14BF;1;TRFT;NI|CR;SKN;Grootfontein Mafic Body;MAIN;32|33|34|35|36
C223C5CA;1;TARC;N/A;PRY|BXH;Mount Polley;MAIN;24|25
C22890AD;1;TARC;N/A;BXH;Mantos Blancos;MAIN;46|48|57
C23060D8;1;TRFT;U|TH;CBT;Nemegosenda Lake Complex;MAIN;53|55|56|59|62
C2445EB5;1;TRFT;N/A;N/A;Dibwe East;MAIN;25|56
C2A9F5B4;1;TBAC;N/A;N/A;Sekayu Block CBM;MAIN;13
C278F0A3;1;TSED;N/A;COA;Project Area Coal Seams;MAIN;23|24|25|26
C26E5884;1;TGGT;N/A;N/A;C-Zone;MAIN;65|67|74|75|76|80|81
C25473DB;1;TBAC;N/A;VMS;ABM;MAIN;52|53|74
C2A099EF;1;TCRA;N/A;MOX;Gulçari A;MAIN;76|98
C2CD13FB;1;TORO;N/A;N/A;PR13372 Project Area;MAIN;20|24
C2AE9363;1;TCRA;N/A;N/A;Blair Property;MAIN;39|48|49
C2C17071;1;TARC;CS|SR;LCL;Falchani Project;MAIN;17|22
C2BD30E8;1;TRFT;N/A;N/A;Emerald Isle;MAIN;69|74
C2D5E0DF;1;TORO;CU|PB|ZN;VMS;Tan Chaffao;MAIN;21|22|32|33
C2F2295E;1;TARC;N/A;PRY;Mandamah;MAIN;30|32|35
C2F7E9DC;1;TORO;N/A;SKN;Currais Novos Tailings;MAIN;29|30|34
C3069997;1;TPAB;N/A;MVT;Main Zone;MAIN;63|83|84
C3219A77;1;TARC;N/A;PRY;Nithi Mountain;MAIN;20|23
C336AE70;1;TCRA;N/A;KIM;Braúna 03;MAIN;72|75|89
C34117CD;1;TARC;N/A;PRY;Berg;MAIN;75|87
C378192C;1;TARC;AS|CR|NI|CO;SKN;Merry Widow;MAIN;42|43|49|50|58|60|61
C3763DD5;1;TGGT;RB|CS;PEG;CV5 Spodumene Pegmatite;MAIN;63|70|99
C392C3B9;1;TSED;N/A;PHO;Tarkint Est;MAIN;29
C3895D10;1;TGGT;LI|RB|CS;PEG;Aubry zones;MAIN;12|14|18
C38C790A;1;TGGT;N/A;IRF;Lake Giles Magnetite Project;MAIN;34|36|42|43
C38517B4;1;TPAB;N/A;VMS;LS;MAIN;71|72|79
C3A09342;1;TCRA;PB|B;URU;Lazy Edward Bay;MAIN;55|61|62|65
C37DC4C9;1;TARC;PB|ZN|AG|CU|BA|CD|CE;MAN;Dino;MAIN;41|42|57|61|77
C3AEFA03;1;TGGT;N/A;CHR;Black Thor;MAIN;24|26|33
C3DB0753;1;TGGT;NI|CO|AS|AG|BI;FEL;Glencore Bucke Property;MAIN;24|27
C3F0A405;1;TORO;N/A;MNS;Lainejaur;MAIN;29|34
C3B5713F;1;TSED;ZN|PB;MAN;Shag;MAIN;17|33|37|38
C3ED2695;1;TARC;N/A;N/A;Copper Hills prospect;MAIN;19|20|27|28|29
C3F260F5;1;TARC;B|K;BRN;Salar de Diablillos;MAIN;57|59|60|64
C3CD26B9;1;TORO;NI|AS|CO|CU|PB;URU;Anne, Kianna and Colette Deposits;MAIN;30|31|58|59|60|74
C42ED48B;1;TSED;HG|MO|AS|AG|NI|BA|MN;VMS;Marg Deposit;MAIN;22|31|32
C4079448;1;TORO;N/A;GRAP;Miller;MAIN;47|57
C438AFBC;1;TRFT;AG|AS|BI|CO|CU|NI|PB|ZN;FEL;Smith Cobalt Project;MAIN;65|77|79|80
C4AD2B2D;1;TCRA;N/A;PLC;Eco Ridge;MAIN;55|85
C44BD352;1;TARC;N/A;PRY;Schaft Creek;MAIN;65|83|85
C4BCD451;1;TORO;N/A;N/A;Valtreixal;MAIN;34|42
C5022719;1;TRFT;N/A;BXH;Artillery Mountains Manganese Deposits;MAIN;22|24|28|29
C5114D2C;1;TCRA;N/A;KIM;Black Wolf and White Wolf;MAIN;21|23|24|27|30
C4C70E31;1;TARC;CU|AG|ZN;PRY|BXH|EPTI;Seel deposit;MAIN;23|24|28|43
C502B1E9;1;TRFT;CS|RB|B|W|MG;LCL;NNLP Lithium Deposit;MAIN;52|62|71|76|77
C52BE170;1;TRFT;PB|ZN|AG|CU|MO|BI|AS;PRY|SKN|CAR;Thompson Knolls;MAIN;34|43|44|45|46|47|48|50
C52DB857;1;TORO;N/A;COA;Willow Creek Coal Seams;MAIN;25|28|37
C5283361;1;TARC;N/A;PRY;Red-Chris;MAIN;29|49
C530134E;1;TRFT;N/A;BXH;Artillery Mountains Manganese Deposits;MAIN;21|22|27|28
C53AE04B;1;TUNK;N/A;SKN;Longshot Ridge;MAIN;16|19|21
C53E01D9;1;TORO;N/A;GRAP;Lac Knife;MAIN;62|72
C56C6E6E;1;TUNK;ZN|AG|PB|CU;PRY|IOC;Camp showing;MAIN;37|39|40|42|44
C5433EA5;1;TARC;CU|ZN|MO|AS;PRY;Eldorado;MAIN;27|34|35|36
C5531D26;1;TTRN;AS;VMS;Riotinto;MAIN;65|66|70|76|77
C5BEF8F2;1;TCRA;N/A;PEG;Greenbushes pegmatite;MAIN;20|24
C60CA950;1;TORO;N/A;GRAP;Mousseau West;MAIN;41|46
C5D48BD4;1;TORO;N/A;N/A;the Ore;MAIN;60|66|70
C62F1CE3;1;TSED;N/A;COA;Campton Mine;MAIN;41|52|53|55|56
C63D28A5;1;TSED;N/A;URN;Brevard;MAIN;35|52
C63B1254;1;TARC;N/A;PRY;Yandera;MAIN;34|37|50
C63B5093;1;TARC;AG|AS|BI|CU|HG|IN|PB|S|SB|SE|TE|ZN|MN|CD|CO;VMS;Kay Deposit;MAIN;35|43|47|52|53|65|68
C6466AEF;1;TARC;CU|MO|PB|ZN|AS;PRY;Alpala;MAIN;31|32|33|45|48
C65168CD;1;TORO;N/A;COA;Rex seam;MAIN;31|32|33|34
C648E7FF;1;TSED;N/A;EVP;Holbrook Basin Potash Deposit;MAIN;36|42
C64F936F;1;TORO;NI|CO|CR;AWN;Nickel Project;MAIN;24|30|35|37|39
C65A2A94;1;TRFT;B|S;BRN|LCL;Smith Creek;MAIN;37|40|43|45
C64D7DEF;1;TARC;N/A;PRY;Berg Deposit;MAIN;14|19
C6557254;1;TORO;V|NI|AG|ZN|MO|SE;GRAP;Coosa;MAIN;40|41|42|50|52
C68A0828;1;TSED;N/A;EVP;Vanscoy Potash Operations;MAIN;34
C67C3D88;1;TBAC;AS;VMS;Mahab 4;MAIN;30|31|52|54|64|66
C68C55E0;1;TARC;N/A;IRG;Coal Creek;MAIN;16|19
C65DF537;1;TORO;U|NI|CO|CU|MO|BI|AS|AG|LI|TH;URX|IOC;Double S;MAIN;26|29|31|32|34
C69ECD04;1;TRFT;N/A;EVP;Kola;MAIN;29|30|33|37|41|50|51|52|55|56|62
C6A4D769;1;TGGT;N/A;PEG;Quebec Lithium Pegmatite;MAIN;81|108|110
C6AF29B1;1;TORO;N/A;URX;Langer Heinrich;MAIN;43|45
C6B033ED;1;TGGT;LI|RB|CS|GA|TA|BE;PEG;Rose;MAIN;61|68|69|76
C6B4D9BE;1;TSED;N/A;N/A;Battery Hill;MAIN;33|39
C6D4EC24;1;TCRA;N/A;EVP;Cory;MAIN;21|22|26
C6C4469E;1;TARC;CU|AG;PRY|SKN;Cotabambas Deposit;MAIN;37|47|53|56|62
C6F785E2;1;TCRA;N/A;KIM;Diavik Kimberlite Pipes;MAIN;29|33
C707C46C;1;TBAC;N/A;MOX;Hervieux deposits;MAIN;30
C6EC79AC;1;TCRA;N/A;KIM;Gahcho Kué;MAIN;41|62
C70CBCA5;1;TSED;N/A;COA;Sewell Seam;MAIN;23|24|26|27
C71992FB;1;TRFT;N/A;URN;Ingiin-Nars deposit;MAIN;9|10|11
C71B84ED;1;TARC;N/A;EPTI|EPTL;Mala Noche Vein System;MAIN;67|68|74|76
C71EB5E8;1;TORO;N/A;N/A;Coosa Graphite Project;MAIN;22|23|29
C729B37B;1;TARC;CU|MO;PRY;Arcas porphyry;MAIN;29|30|31|32|42|48
C7611D7E;1;TSED;N/A;MBS;Thor Property;MAIN;68|70|73
C73D1327;1;TGGT;N/A;VMS|MNS|CHR|STRA;McFaulds North Property;MAIN;16|25|26|27
C7443EAF;1;TBAC;N/A;URN;Cebolleta;MAIN;59|86|87|88
C765F2E5;1;TSED;N/A;SND;Ste-Clotilde;MAIN;19|22
C7756E56;1;TUNK;N/A;N/A;UG2 Chromitite;MAIN;45
C799EC82;1;TARC;N/A;PRY|BXH;Gate Zone;MAIN;57|63|67
C79BD3B6;1;TARC;N/A;PRY;Thompson Creek;MAIN;58|63
C79EF206;1;TUNK;N/A;PLC;Logan Property;MAIN;25
C77D1A5E;1;TARC;N/A;VMS;Tulks Hill deposit;MAIN;33|34|38|40
C7D46249;1;TCRA;K|BR;EVP;Boree Salt Potash;MAIN;31|33|34|37|38|39
C7B058A2;1;TORO;MO|AS|SE;URN;Gas Hills;MAIN;37|44|45|46
C7D1D0B6;1;TUNK;N/A;N/A;No. 1 Zone;MAIN;24|26|29
C7FEFC01;1;TTRN;N/A;MVT|MAN;Bongará Project;MAIN;38|42|52
C7F963B7;1;TORO;PB|NI|CO|V|MO|BI;URU;Paul Bay Zone;MAIN;5|44|47|51|52|53
C81B8F0F;1;TARC;N/A;PRY;Mt. Milligan;MAIN;50|57
C8344974;1;TCRA;N/A;KIM;Sask Craton Property;MAIN;27|31
C848BFA8;1;TSED;N/A;BRN;Bashaw District;MAIN;84|113
C8464254;1;TGGT;N/A;MNS;A Plug;MAIN;34|39
C82F7215;1;TORO;N/A;SSC|VMS|EPTH;Singarare;MAIN;21|22|23|31
C85702B6;1;TBAC;N/A;VMS;Palmer Deposit;MAIN;52|57|87|89
C856A809;1;TARC;N/A;PRY;Haib;MAIN;91|92|94
C85C7F5C;1;TORO;N/A;N/A;Gas Hills Deposits;MAIN;43|58
C88872AB;1;TSED;N/A;URN;Crownpoint;MAIN;29|34
C87E684D;1;TARC;N/A;PRY|SKN|IOC;Copper Mountain;MAIN;21|27|28
C87CF786;1;TORO;N/A;IRF;Lac Otelnuk Deposit;MAIN;87|89|106|107
C880400A;1;TARC;N/A;MAN|SKN;Magistral Deposits;MAIN;27|41
C87892CA;1;TGGT;N/A;VMS|FEL;Summit-Gaber;MAIN;13|14|18|19|20
C8A0DE13;1;TARC;N/A;PRY;Carmacks Copper;MAIN;60|63|70|71
C8C6162D;1;TARC;N/A;PRY;Piedras Verdes;MAIN;48|52
C8A605FD;1;TGGT;N/A;MNS;Lac Gayot Ni-Cu-PGE;MAIN;10|12
C8E44B2B;1;TORO;N/A;PLC;Odd Twins;MAIN;8|9
C8C0F7F8;1;TORO;AG|AS|GE|GA|CD;MAN|BXH;Kombat;MAIN;12|18
C8FBD730;1;TORO;N/A;VMS;Talbot Deposit;MAIN;50|54|57
C90FF0D4;1;TSED;N/A;URN;Burke Hollow;MAIN;29|39|40
C90B996B;1;TGGT;CR|FE;KIM;Umingmak kimberlite;MAIN;25|26|27|33|34|36
C9131D4F;1;TARC;N/A;PRY;Southeast Zone;MAIN;114|124
C955DFEC;1;TSED;N/A;URN;South Doughstick;MAIN;15|17
C942E195;1;TCRA;N/A;CBT;Três Estradas;MAIN;49|54
C94E7F4A;1;TBAC;AG|BA;MAN;Elenita;MAIN;36|43|45|59
C95A5F75;1;TRFT;N/A;N/A;Mengo Potash Deposit;MAIN;25|33
C98ECCB9;1;TARC;N/A;PRY;Red Hills;MAIN;35|37|43
C96FE5F6;1;TGGT;N/A;VMS;Romios Copper-(Gold) Zone / Atim Lake North VMS;MAIN;25|36|38|39
C976EDD4;1;TORO;N/A;VMS;Lalor Lake deposit;MAIN;38|41|45
C9A91F89;1;TORO;CE;CBT;Carbo Carbonatite;MAIN;33|38|39|42|43|48
C9A04EE4;1;TARC;N/A;VMS;Ming Mine;MAIN;32|38
C9B5EB77;1;TCRA;N/A;BXH;Lombardo-Wenrich-McArthur breccia pipe targets;MAIN;27|28|30
C9CE11B9;1;TGGT;N/A;VMS;Nottaway;MAIN;17|18|23|27
C9DC2BB3;1;TARC;ZN;VMS;Little Deer Deposit;MAIN;44|48|49|53|54|56
C9C30B0B;1;TORO;N/A;SKN|EPTH;Empire Mine;MAIN;32|33|36|37|38|39
C9EC48D5;1;TARC;N/A;PRY|BXH;Copper Flat;MAIN;86|87|92
CA0CF2EA;1;TCRA;N/A;BXH;Pinyon Plain;MAIN;28|36
CA18F559;1;TCRA;NI|CO|AS|PB;URU;West Bear Deposit;MAIN;49|51|54|55|56|57
CA13967F;1;TARC;N/A;PRY|SKN;Princeton Copper;MAIN;44|46|54|57|58|61
CA281BF1;1;TORO;N/A;N/A;Shituru;MAIN;40|47
CA601E44;1;TRFT;N/A;MNS;Maturi;MAIN;92|93|116
CA86E89C;1;TCRA;TH;PLC|LAT;Capacete Formation;MAIN;42|44|48|49
CA60D615;1;TCRA;N/A;SSC;Unkur;MAIN;43|51
CA99E08D;1;TORO;N/A;IRF;Bloom Lake deposit;MAIN;32|41
CAB4AE12;1;N/A;N/A;COA;Donkin Project;MAIN;18
CACC9DF9;1;TSED;N/A;COA;Project Area Coal Seams;MAIN;21|22|23|24
CADD559B;1;TARC;N/A;PRY|BXH;La Verde;MAIN;40|51
CAEDF6D3;1;TSED;N/A;N/A;Inwood deposit;MAIN;33
CB158053;1;TARC;N/A;VMS;Adi Nefas;MAIN;31|33|37|41|45
CB40C5C5;1;TCRA;TH;PLC;No. 2 Showing;MAIN;21|23|26|33
CADE6AA1;1;TARC;N/A;PRY|BXH;Copper Springs;MAIN;47|49|77|78
CB4AA3CA;1;TORO;N/A;MOX;Tyee Fe-Ti-V Showings;MAIN;15|25
CB67B380;1;TSED;CU|PB|ZN;VMS;Marg Zone;MAIN;15|24|32
CB6DCF9F;1;TORO;N/A;SWM;Bygoo North;MAIN;63|64|55|74
CB78E4C7;1;TGGT;N/A;VMS;Langlois mine;MAIN;16|19
CB7FD8AC;1;TORO;N/A;MAN;Magno;MAIN;30|34|43
CB836553;1;TARC;N/A;PRY;Pat;MAIN;12|13
CB709E0C;1;TORO;N/A;N/A;Millennium;MAIN;66|80
CB9C4D50;1;TCRA;N/A;STRA;Bokoni Mine;MAIN;48|64
CBA4B543;1;TRFT;CD|AG|MN|SN|CO;SKN|MAN|PRY;Crypto deposit;MAIN;42|50|51|55|58
CBAD1783;1;TARC;ZN|PB|AG;PRY;Red Hills;MAIN;31|33|36|37|38
CBCD72BF;1;TUNK;N/A;LAT|PLC;Goondicum;MAIN;52|55|65
CBA64FE6;1;TARC;N/A;PRY;MacArthur;MAIN;47|56
CBE442C3;1;TARC;N/A;PRY;Southeast Zone;MAIN;25|26|33|34
CBCE0C2D;1;TARC;N/A;PRY;Santa Cruz deposit;MAIN;94|96|101|102|106
CBDADC50;1;TARC;N/A;PRY|EPTH;Chapada;MAIN;36|40|55|57|60
CBF2EC12;1;TSED;N/A;COA;Eloff Block;MAIN;33|39|42
CC13B84F;1;TCRA;NI|CO|MO|AS|CU|PB|ZN;URU;Roughrider Zone;MAIN;34|36|42|49
CC32F2D0;1;TSED;N/A;PLC;Whitetail Sand Deposit;MAIN;21|22|28
CC06D48C;1;TUNK;U|NB|TA|P;CBT;Prairie Lake Carbonatite Complex;MAIN;24|30|31
CC332219;1;TARC;AS|SB;SKN|PRY;Sombrero Main;MAIN;30|33|34|43|47|49|62
CC19C135;1;TORO;N/A;BRN;Salar de Cauchari;MAIN;31|46
CC36939A;1;TSED;N/A;BRN;Garrington District;MAIN;42|57
CC2043C6;1;TCRA;N/A;MNS;Maniitsoq Project;MAIN;5|39|75
CC448E1D;1;TARC;CU|AG|MO;PRY|SKN;Escalones;MAIN;19|24|25
CC3EAF3D;1;TARC;BI|RE;PRY|EPTH|BXH|SKN;Sunnyside;MAIN;31|35|37|41|42|50
CC45E45B;1;TBAC;N/A;VMS;Lundberg Zone;MAIN;61|69
CC4D26D5;1;TRFT;N/A;SDX;Pegmont;MAIN;61|76|77|78
CC81F76C;1;TARC;N/A;PRY;Morrison deposit;MAIN;35|40
CC642AAF;1;TCRA;N/A;MNS|STRA;Platreef;MAIN;135|157|172|173
CC8DC4B1;1;TORO;CU|PB|CO|B|LA;URU;Kuriskova;MAIN;44|59|61
CCEAED84;1;TRFT;N/A;LCL;Solar Lithium Project;MAIN;25|31
CCC2DC98;1;TARC;N/A;BRN;Rio Grande Salar;MAIN;32|33|35|41|45
CC9FE2DA;1;TGGT;N/A;VMS;Eagle Index;MAIN;8|9|10|11
CCD50681;1;TORO;N/A;ORO;Bralorne;MAIN;58|71|75
CC9B4E0B;1;TARC;CU|ZN;VMS;Great Burnt Lake Deposit;MAIN;30|34|38|42
CCEA2B3F;1;TARC;CU|MO|AG|W;PRY|BXH;Kismet;MAIN;50|76|80|102
CCFA0113;1;TGGT;LI|CS|TA|RB;PEG;Pakeagama Lake pegmatite;MAIN;30|32|41
CD3CEC7C;1;TSED;N/A;N/A;Cycle 18;MAIN;45|47|57
CD65775B;1;TARC;N/A;LAT;Agata Nickel Laterite Project;MAIN;19|25|29
CD09006C;1;TARC;N/A;VMS;Ming Mine;MAIN;57|64
CD1265FF;1;TARC;S|B;BRN;Puna Salars;MAIN;21|22|24|29
CCFAE1B8;1;TCRA;B|CO|CR|CU|LI|MO|PB|SB|TH|W;URU;Triple R deposit;MAIN;65|83|84|95|98
CD7333FA;1;TSED;N/A;EVP;Piskanja;MAIN;23|29|33
CD91490B;1;TARC;N/A;PRY|SKN;Pinto Valley Mine;MAIN;51|64|66
CD90CBEB;1;TORO;N/A;GRAP;Tony Block;MAIN;39|40|41|53
CDAD203E;1;TSED;V|MO|CU|SE|AS;URN;Roca Honda;MAIN;32|37|38
CD9EBC98;1;TORO;N/A;MNS;North Hitura;MAIN;24|26
CDC23F5B;1;TRFT;N/A;SSC;Nussir;MAIN;57
CD8F8661;1;TRFT;N/A;MNS|ORO|VMS;Lansdowne House Igneous Complex (LHIC) Mineralization;MAIN;55|78|89|91|93|96
CDECDC89;1;TARC;N/A;VMS;Arrow Zone;MAIN;30|41
CDC999CD;1;TORO;N/A;IOC;Little Eva;MAIN;101|107|128
CDC68363;1;TARC;PB;IOC;Michelin Deposit;MAIN;18|19|24|30
CDCA0D9F;1;TCRA;N/A;N/A;Sage/Rimshot breccia pipes;MAIN;29|30|32
CDD29B44;1;TARC;N/A;PRY|BXH;Cuatro Hermanos;MAIN;43|47
CE170BA6;1;TORO;AS|SB;ORO;Lo Prospect;MAIN;13|14|15
CDF052A9;1;TARC;AG|MN|PB|ZN;PRY|SKN;Lone Mountain;MAIN;29|31|33|43
CE29252B;1;TGGT;N/A;VMS;Pick Lake;MAIN;38|39|41|44
CE45494B;1;TARC;N/A;PRY|BXH;Copper Flat;MAIN;98|99|105
CE1AA9AD;1;TRFT;N/A;N/A;Bull River Mine;MAIN;40|48
CE7B21E3;1;TORO;N/A;URN;Dewey-Burdock Project;MAIN;46|57
CE6F2CEE;1;TARC;CU|MO|AG|ZN|PB|CD|CO|FE|LI|U;PRY;Porphyry Cu/Mo Target;MAIN;16|18|23|29|30|33
CE66798A;1;TARC;N/A;SKN|IOC;Pumpkin Hollow;MAIN;58|61|78
CE50D3A8;1;TARC;N/A;PRY;Florence deposit;MAIN;94|95|96|111
CE9B8A30;1;TARC;BI|HG;PRY|EPTH|SKN;Kestane;MAIN;50|56|58|61
CEA0DD7C;1;TGGT;NI|CU;MNS;Nico 1;MAIN;20|23|29|35|36
CEA2E76C;1;TORO;AS;VMS;Rio Tinto;MAIN;39|43|46
CEDC20C0;1;TGGT;N/A;MOX;Mont Sorcier;MAIN;38|48|49
CECD0E19;1;TARC;N/A;IRG|EPTI;Mala Noche vein system;MAIN;43|44|49|51
CF03ED99;1;TORO;BI|AG|SB|PB|W|MO;PRY|SKN;Northern Dancer;MAIN;21|23|28|30|32|35
CF163521;1;TORO;PB|ZN|AG|CU;VMS;Discovery Zone;MAIN;10|15|17
CF316718;1;TSED;N/A;N/A;Boundary Dam Mine;MAIN;18|25
CF3E02B1;1;TORO;N/A;MAN|BXH;Kombat Mine;MAIN;78|86|89
CF46C734;1;TORO;N/A;N/A;Novoveska Huta;MAIN;50|58|63|64
CF512B54;1;TGGT;N/A;VMS;Lens 257;MAIN;12|13|17
CF1F47A9;1;TARC;N/A;PRY;Haib;MAIN;35|43
CF45167A;1;TARC;PB|ZN;EPTH|PRY;Čukaru Peki;MAIN;52|55|58|60|63|73
CF534F71;1;TGGT;N/A;MNS;Flying Fox;MAIN;42|45
CF766DC8;1;TGGT;N/A;URX;Uskawanis;MAIN;20|22|29|30
CF552E92;1;TCRA;N/A;URX;Arrow Deposit;MAIN;71|82
CF6C9AC5;1;TORO;N/A;LAT;TNM Project;MAIN;33|40|41
CF7727A6;1;TGGT;N/A;PEG;Quebec Lithium Pegmatite;MAIN;29|33
CF806226;1;TRFT;K|CS|RB;LCL;Sonora;MAIN;49|51|53
CF915C8A;1;TCRA;TH|K;IAC;Man of War Project;MAIN;41|44|46|47
CFE0235D;1;TBAC;N/A;MOX;Hervieux;MAIN;78|79
CFBBF005;1;TARC;N/A;PRY|SKN;PVM;MAIN;61|63|81|85
CF9B91FD;1;TORO;CU;SSC;Banana Zone;MAIN;22|26|27|32
CFC805EE;1;N/A;N/A;VMS;Las Cruces;MAIN;33
CFD52672;1;TARC;N/A;VMS;Albere Zone;MAIN;26|29|33
CFF6C6CE;1;TARC;N/A;PRY;Central Zone;MAIN;4|31|35|41
D0250C9F;1;TRFT;N/A;URN;Ulaan Nuur;MAIN;8|11
CFFE1A05;1;TCRA;N/A;KIM;Okavango Kimberlite Targets;MAIN;18|24
D01F51CB;1;TGGT;N/A;MNS;Eagle's Nest;MAIN;48|53
D028C764;1;TORO;N/A;MNS;Aguablanca;MAIN;24|27
D0000536;1;TSED;N/A;URU;Shea Creek Deposits (Anne, Kianna, Colette);MAIN;34|53|54
D042DD78;1;TARC;AS|SB|ZN;EPTH|BXH|PRY;AntaKori;MAIN;32|36|37
D04073BE;1;TORO;N/A;SKN|EPTH;Empire Mine;MAIN;10|13|14
D0510E7D;1;TSED;U;PHO;Conda Projects;MAIN;77|88|91
D0618AEE;1;TARC;N/A;MAN;Cinabrio;MAIN;132|134|149|195|196
D062FC5E;1;TORO;N/A;GRAP;West Zone;MAIN;100|101|113|122
D08F1809;1;TARC;N/A;BRN;Salares 7 Property;MAIN;34|39
D06A0213;1;TRFT;U|NB|TA|P;CBT;Prairie Lake Carbonatite Complex;MAIN;21|26|28
D0730A98;1;TCRA;N/A;MNS;Waterberg Project;MAIN;31|47
D0AAB7F3;1;TORO;N/A;PLC;Churchill River;MAIN;4|25|30
D0A9B5CE;1;TORO;N/A;N/A;Main Zone;MAIN;50|51|55|59
D0D4C252;1;TCRA;U|NI|CO|CU|AS|B;URU;Wales Lake West;MAIN;39|41|45|46
D103D8FE;1;TARC;N/A;PRY;Berg deposit;MAIN;46
D121FABA;1;TUNK;N/A;N/A;Polymetallic Nodules;MAIN;30|37|41
D12DB3C7;1;TRFT;BA;VMS;Wolf deposit;MAIN;31|37|42
D12B5C07;1;TSED;N/A;IRF;Lac Lamêlée;MAIN;72|81|83
D12AA453;1;TORO;N/A;SKN|PRY;Jiama;MAIN;22|29
D142490F;1;TORO;BI|MO;PEG;Novo Cruzeiro;MAIN;27|37|38|43
D1B0D269;1;TCRA;N/A;PLC;Remhoogte-Holsloot;MAIN;36|38|40|41|47
D1B6D67F;1;TCRA;NI|CO|AS|PB|CU;URU;Hurricane zone;MAIN;31|36|38
D13600CA;1;TGGT;N/A;MNS;Dundonald South;MAIN;27|32|33
D1576259;1;TORO;CU|ZN;VMS;Chu Chua;MAIN;25|30|31
D1519EC4;1;TORO;LA|CE;SKN|IOC;Tapuli;MAIN;37|43
D1E6839D;1;TCRA;N/A;N/A;Gunflint Iron Formation;MAIN;24|32
D1D26250;1;TARC;N/A;N/A;Franke;MAIN;35|41|42
D1EB9036;1;TRFT;N/A;MNS;Ebende Structure;MAIN;39|43|50|52
D1BB1345;1;TARC;CU|MO;PRY|EPTL|BXH;Chita Porphyry;MAIN;35|37|47|48|55|67|69
D208A123;1;TORO;ZN|AG|PB|CU;EPTI|PRY|IOC;Siwash Property;MAIN;26|28|29|31|34
D208962E;1;TARC;MO|PB|ZN;PRY|BXH;Ilovitza;MAIN;13|16
D2582266;1;N/A;N/A;N/A;Lost Creek;MAIN;13
D23ED4E8;1;TARC;N/A;VMS;Scotia deposit / Albere Zone;MAIN;41|48
D24C44FF;1;TSED;N/A;URN;South Doughstick;MAIN;14|15|16
D21A7FA6;1;TORO;N/A;SKN;Mactung;MAIN;40|42|44|46|48
D2229D04;1;TARC;CU|FE;PRY;Mouse Mountain;MAIN;27|34|36|37
D24F4C6C;1;TTRN;N/A;N/A;Damlica-1;MAIN;10|25|26
D2700216;1;TORO;ZN|PB;MVT;Florida Canyon;MAIN;50|58|62|63|64
D29B50D0;1;TCRA;N/A;MOX;Gulçari A;MAIN;27|29|30|35
D28DCC92;1;TARC;N/A;PRY;Quebrada Blanca;MAIN;11|16
D2AE0D34;1;TUNK;N/A;BRN;Salar de Arizaro;MAIN;95|110|111
D26A6C3F;1;TARC;W|SN|AS|SB;PRY;Cobre Panamá;MAIN;40|50|61
D2714152;1;TARC;MO|AS|CD|HG;PRY;Le Mare hydrothermal system;MAIN;29|31|38|56|57|58|69
D2E6C640;1;TGGT;N/A;PEG;PAK Pegmatite;MAIN;45|57
D2CCCC3B;1;TORO;N/A;IRF;Bloom Lake;MAIN;56|57|58|64|65
D2EE2B15;1;N/A;N/A;N/A;Kittson-Cobalt;MAIN;23|24|27|28
D2C5BA1C;1;TARC;N/A;PRY;Kemess North;MAIN;53|59
D31243C8;1;TCRA;N/A;KIM|PLC;Collier-04;MAIN;18|19|25
D31733FD;1;TCRA;N/A;MNS;Waterberg Project;MAIN;61|78
D336D439;1;TCRA;PB|CU|B;URU;Grayling Zone;MAIN;17|21|26
D322F93E;1;TORO;N/A;PEG;Beravina Pegmatite;MAIN;45|47|53|55
D3204E8B;1;N/A;N/A;REE;Dotson Zone;MAIN;71|83|93|94|95
D34552C2;1;TSED;NI|CO|CU|PB|ZN|MO;URU;Gorilla Lake Property;MAIN;16|25
D3390435;1;TBAC;AS|BI|SB|SN|TL|W;VMS;ABM;MAIN;59|61|89
D38ED643;1;TORO;CR|FE;CHR|MNS;Wels East Anomaly;MAIN;10|12
D39EB59F;1;TSED;N/A;COA;Quasar;MAIN;13|19|32
D3AB9449;1;TORO;N/A;N/A;Wollaston Lake Property;MAIN;31|39
D3A71059;1;TARC;AS|SB|MO;N/A;Reiseter;MAIN;13|16|17|18|19|23
D3DFF55F;1;TGGT;LI|CS;PEG;West Joe;MAIN;24|32|33
D3CEAC80;1;TGGT;LI|CS|SN|RB|TA|NB;PEG;Glitter Pegmatite;MAIN;18|20|21|22|24|25
D3FF72D0;1;TPAB;N/A;SSC;Storm Copper;MAIN;74|75|76|80
D3F1826D;1;TRFT;ZN|CU|AG|PB;VMS;Glacier Creek prospect;MAIN;19|33|46|47
D3C80563;1;TARC;N/A;PRY|SKN|IOC;Copper Mountain;MAIN;18|25|27
D3DB8733;1;TGGT;N/A;MNS;Mine Block Intrusion;MAIN;69|71|72|75|92|93
D400D227;1;TGGT;N/A;MNS;West Zone;MAIN;63|64|77
D42B2574;1;TGGT;N/A;VMS;Caber;MAIN;48|58
D410B1C0;1;TORO;N/A;URU;ACKIO;MAIN;35|38|40
D432FC43;1;TORO;N/A;MNS;Minago deposit;MAIN;92|100|101|107|108|115
D44E7FB4;1;TBAC;ZN|PB|CU|BA|TL|SB;VMS;Riqueza Marina;MAIN;19|36|44
D4336065;1;TCRA;CU|NI;MOX;Gulçari A;MAIN;84|88|91|104|106
D4514101;1;TSED;N/A;COA;Mei Feng Mine;MAIN;32|33|37
D45F3E6A;1;TUNK;N/A;N/A;White Mountain;MAIN;26|29
D46F5608;1;TGGT;N/A;VMS|MNS|CHR|STRA;McFaulds South Property;MAIN;16|20|26|27|28|33
D47D2D30;1;TRFT;N/A;CBT;Eldor Carbonatite Complex;MAIN;50|58
D48289EA;1;TSED;N/A;BRN;Brine Reservoir;MAIN;38|59
D4870152;1;TRFT;N/A;N/A;Kaukua;MAIN;26|36
D4849C78;1;TGGT;N/A;VMS;Pick Lake deposit;MAIN;29|43|48
D48BBF28;1;TGGT;N/A;MNS;Selkirk;MAIN;46|47|56
D4927995;1;TRFT;N/A;CBT;Elk Creek;MAIN;36|45
D4965721;1;TORO;N/A;SKN;Varvarinskoye;MAIN;10
D4944C8C;1;TORO;N/A;CBT;Lavergne-Springer;MAIN;33|39|42
D4A8B922;1;TORO;N/A;SKN;Oracle Ridge;MAIN;45|47|48|62|66
D4BF5B64;1;TGGT;N/A;IRF;Lake St. Joseph Iron Formation;MAIN;62|66
D4B59B88;1;TSED;K|B|BR|I;BRN;Highwood Li-brine Project;MAIN;59|67
D4B15499;1;TUNK;TE|AS|SB|BA|MO|K;CBT|EPG;Bull Hill;MAIN;46|47|51
D4CD526B;1;TARC;FE|CU|CO|NI|AS|CR;SKN;Bugaboo;MAIN;17|21|22
D4D75D36;1;TORO;N/A;GRAP;Lac Guéret;MAIN;82|86|94|96
D4E44621;1;TORO;ZN|TH|BA;N/A;Two Tom;MAIN;31|37|39
D4E4C285;1;TGGT;N/A;MNS;Werner Lake deposits;MAIN;15|18
D4EC108A;1;TSED;MO|AS|CR;URN;Tony M Mine;MAIN;45|50|59|60
D503EAB6;1;TORO;PB;MVT|MAN;Torlon Hill;MAIN;33|39|40|41
D4EBDC84;1;TCRA;N/A;MNS;Waterberg;MAIN;41|62
D5446119;1;TORO;CS|SR;LCL;Falchani Project;MAIN;54|60|62
D5553439;1;TRFT;N/A;MNS;Escape Lake Zone;MAIN;17|19|22|24|25
D54BFF95;1;TCRA;ZN|CU|AG|PB;VMS;Bourier Property Mineralization;MAIN;20|21|22|24|25|39
D50DF70E;1;TORO;AS|SB;MAN|SKN|PRY;Hill Copper-Zinc Project;MAIN;110|118|122|123|127|128
D55B40AA;1;TRFT;LI;BRN;Neptune Project;MAIN;21|22|23|28
D569B759;1;N/A;N/A;PLC|BXH;Inmachuk prospect;MAIN;15
D59588DD;1;TSED;N/A;COA;Menzhinsky Mine;MAIN;60|66
D58957B6;1;TARC;N/A;MAN;Madrugador;MAIN;23|29
D59C7326;1;TRFT;N/A;LCL;CVLC Project;MAIN;31|37
D57049B8;1;TSED;N/A;N/A;Viken;MAIN;54|56|62
D578D8AC;1;TARC;PB|ZN|AS;PRY|EPTH|BXH;Agua Rica;MAIN;61|65|86|87|94
D5829355;1;TARC;N/A;PRY|BXH;Eaglehead;MAIN;59|70|72|99
D5A3D86F;1;TSED;N/A;N/A;Rainbow Lake Property;MAIN;59|61|66
D5ACB8ED;1;TGGT;N/A;MNS;W4 Nickel Deposit;MAIN;84|94|95
D5A5EE4A;1;TRFT;CS;LCL;Sonora Lithium Clay Units;MAIN;15|20|23
D5A00879;1;TORO;N/A;AWN;Baptiste;MAIN;68|77|79|81
D5B08D52;1;TORO;N/A;URU|URX;Karin Lake;MAIN;17|21
D5D3AF54;1;TARC;N/A;PRY|BXH;Seel;MAIN;34|40|41
D5B438FF;1;TCRA;B|CO|CR|CU|LI|MO|PB|SB|TH|W;URU;Patterson Lake South;MAIN;22|30|48
D61815A9;1;TORO;LI|CS|RB|GA|TA|NB;PEG;Bingo pegmatite;MAIN;21|24|28
D6019BB5;1;TCRA;N/A;KIM;Star Kimberlite;MAIN;48|72|73
D5BBBC8D;1;TARC;N/A;VMS;Niblack;MAIN;6|7|38|54
D6207E09;1;TORO;N/A;GRAP;West Zone;MAIN;78|79|88|97|98
D623491D;1;TSED;N/A;N/A;Iron Point;MAIN;34|41
D63985E8;1;TARC;N/A;PRY|SKN;Pinto Valley Mine;MAIN;51|64|66
D61D6821;1;TORO;CR|V|NI|CO;N/A;Ruby Mineralization;MAIN;22|24|25|27|28|31|32|33|34
D63B8782;1;TARC;N/A;PRY|BXH;Schaft Creek;MAIN;115
D64A8D55;1;TARC;CU|ZN|PB;PRY;CUMO;MAIN;29|37|38|46
D64FD36D;1;TSED;ZN|MO|BA|CU|PB;MBS;Daquan Vanadium Zone;MAIN;28|29|31|32
D67D0C2E;1;TSED;N/A;PLC;Feature 08;MAIN;6|8|13|19|23|30
D657DBFB;1;TUNK;N/A;N/A;Kansanshi;MAIN;20|21|56|64
D6640563;1;TARC;AS|BI|MN|MO|SE|TE|ZN;PRY;Alpala Deposit;MAIN;57|58|102|104|105|110
D6992545;1;TORO;N/A;IOC|SKN;Sahavaara;MAIN;48|59
D69B4716;1;TRFT;N/A;REE;Norra Kärr;MAIN;8|51|53|66
D6ECB6CB;1;TARC;N/A;N/A;Saint Vincent Bay Quarry;MAIN;12|13|14
D6B74058;1;TCRA;N/A;LAT|PLC;Koba;MAIN;43|53
D6C6E532;1;TRFT;CU|MO|AS|BA|SB;EPTH|PRY;Red Ring;MAIN;16|17|19|24
D69B3DC7;1;TARC;AS|SB;EPTI|PRY|EPTL|SKN;El Toro Project;MAIN;20|25|26
D6F1E9C4;1;TSED;N/A;PLC;Denison Mine;MAIN;51|58
D6D5AFDC;1;TORO;MO|SE|TE|ZN|PB|AG|CU;PRY|EPTH;El Hávila;MAIN;22|23|36|43|44|48|52|54|55
D71B3C19;1;TSED;N/A;COA;Genesee Mine;MAIN;18|21
D72D8E70;1;TARC;N/A;PRY|EPTH;Hugo North Extension;MAIN;94|96|117|127|128
D744BF1E;1;TCRA;N/A;KIM;Tsau Project Kimberlites;MAIN;20|25
D738EF65;1;TCRA;U|NI|CO|AS|PB|CU|FE;URU;Moonlite Property;MAIN;34|40|41
D74F54CE;1;TTRN;N/A;BRN;Lithium Creek Project;MAIN;29|36
D7482B54;1;TARC;N/A;PRY;MacArthur;MAIN;53|62
D7E5DCD2;1;TCRA;N/A;KIM;Pikoo Group Properties;MAIN;22|26
D7DBA229;1;TORO;LI|CS|SN|RB|TA;PEG;Xuxa;MAIN;67|80
D7A2D36E;1;TARC;N/A;PRY|EPTH;Chapada;MAIN;35|53|55|58
D7A589EB;1;TGGT;N/A;MNS;Thierry Deposit;MAIN;47|50|53|54
D7585991;1;TORO;N/A;VMS;Jabal Sayid;MAIN;38|39|43
D7CD43B7;1;TGGT;CU|ZN;VMS|ORO;Lac Burge Project;MAIN;23|25|29|30|33
D80F28E5;1;TGGT;LI|CS|GA|RB|SN;PEG;Allison Lake North;MAIN;26|35|44
D82F2703;1;TORO;N/A;MNS;Bucko Lake;MAIN;39|45
D8507CA3;1;TRFT;BA|F|MO|PB|TH|U|ZN;URU|IOC|URX;Wakeham Project;MAIN;10
D824BC2F;1;TARC;ZN|AG|PB|MO|CU|AS;PRY|EPTL;Blackwater Properties;MAIN;13|14|17|22|23|24|25
D85F28EE;1;TORO;N/A;LAT;Slopeaway;MAIN;21|26
D83BF01C;1;TORO;N/A;MNS;Main Zone;MAIN;22|29
D8611500;1;TORO;N/A;SWM;Coles Hill;MAIN;30|39
D867BA7C;1;TORO;N/A;N/A;Langis;MAIN;85|87|88|92
D8CD862A;1;TORO;N/A;SKN;E Zone;MAIN;34|38|43|44
D87C8CD7;1;TRFT;N/A;MAN;Boleo Mantos;MAIN;27|32
D8DFA974;1;TSED;N/A;N/A;Green Energy Project;MAIN;25|38|43
D8DF6238;1;TSED;N/A;N/A;Velvet-Wood Deposit;MAIN;42|53
D8E0EC50;1;TBAC;ZN|CU|FE;MAN;Bornite;MAIN;36|47|49|51
D8F18714;1;TORO;N/A;SKN;Asbury deposit;MAIN;29|30
D8E3F8AA;1;TARC;N/A;STRA;Sheep Hill;MAIN;14|25
D923AD9E;1;TORO;N/A;BRN;Cauchari-Olaroz;MAIN;73|115
D935DA0D;1;TORO;CU|U|AG|CO|F|BA;N/A;North Shore Property;MAIN;42|46|48
D93714CB;1;TSED;ZN|PB|AG;SDX;E Zone;MAIN;25|26
D93EF97F;1;TCRA;N/A;URU;Don McCarthy Property;MAIN;17|18|22|23
D94A34AA;1;TORO;N/A;SSC;Sentinel;MAIN;44|53
D8FA8BCD;1;TARC;CU;PRY|BXH;Kerr-Sulphurets-Mitchell;MAIN;28|33|38
D94EB5C6;1;TARC;N/A;PRY;Haib;MAIN;35|43
D95DBB69;1;TSED;N/A;COA;Kendal Project;MAIN;38|48
D9708189;1;TCRA;N/A;SND;Preston Property;MAIN;39|45|51|53|54
D9AEBFC9;1;TRFT;N/A;BRN;Smackover Formation;MAIN;51|52|71|72|73
D9809E04;1;TCRA;N/A;KIM;Star Kimberlite;MAIN;56|80|81
D9BA75B3;1;TCRA;N/A;SDX;Moyie Anticline Property;MAIN;46|66|68
D9DAF35A;1;TARC;N/A;VMS;Rambler Main Mine;MAIN;40|44
D97C4D8F;1;TARC;AS|SB;PRY;Silver King North;MAIN;16|24
D9D8EDB9;1;TARC;CU|ZN|AG|PB;VMS|SDX;Scotch Creek;MAIN;63|66|67|69
D9E13F4A;1;TBAC;N/A;VMS;Jackman Prospect;MAIN;37|49|52|53|54|70|71|85
DA1100FF;1;TRFT;N/A;VMS|SDX;Rosh Pinah;MAIN;61|65|83|84
D9EDDEB7;1;TORO;N/A;N/A;Roughrider East Zone;MAIN;5|6|7|35|41|49
DA0CA218;1;TARC;CU|AG|MO|SB|AS|HG|W|BI|SN;EPTH|PRY;Filo del Sol;MAIN;34|49|54|58
DA2BBB0C;1;TRFT;N/A;LCL;TLC Property;MAIN;55|62
DA1FFC0F;1;TARC;N/A;PRY;Bronson Slope;MAIN;32
DA288A10;1;TCRA;N/A;URU;Murphy Lake;MAIN;46|49|53
DA4D417F;1;TARC;N/A;N/A;Casita Geothermal System;MAIN;18|55
DA4B3DFD;1;TCRA;N/A;KIM;CH-6;MAIN;43|58
DA11343E;1;TGGT;N/A;MNS;M2 Deposit;MAIN;50|63
DA4EFC8B;1;TSED;N/A;EVP;Whiteshore Lake;MAIN;35|38
DA5AB5CA;1;TSED;N/A;URN;Nichols Ranch;MAIN;13|15
DA510918;1;TARC;N/A;PRY|BXH;Copper Flat;MAIN;82|87
DA5BE1B2;1;TARC;N/A;VMS;Main Deposit;MAIN;63|70
DA78E621;1;TGGT;CR|NI|CU|CO;MNS;Valiquette showing;MAIN;23|24|29|30
DA661646;1;TARC;CU|MO|AG|W|B|PB|ZN|AS|SB|SE|TE|MN|CO|BA|RB|BI|SN;PRY;Elida;MAIN;34|36|47|49
DA7987BB;1;TCRA;N/A;STRA;UG2 CL;MAIN;18|20|21|23
DAA1A4ED;1;TORO;N/A;N/A;lac La Chesnaye deposit;MAIN;29|32|34
DA8DB045;1;TBAC;N/A;VMS;TV Tower;MAIN;46
DA805115;1;TCRA;N/A;N/A;Sumner Property;MAIN;39|42|48
DA79CC26;1;TORO;N/A;MVT;Tufanbeyli;MAIN;34|37|41
DAA3FAC5;1;TORO;CU|AS|SB|ZN|AG|PB;MAN;Waverley-Tangier;MAIN;37|42|43|44|49
DAF0DB39;1;TRFT;V|GA;STRA;Skaergaard Intrusion;MAIN;41|48|49
DAEDC317;1;TSED;N/A;IRF;Deposit A;MAIN;27|29
DB241A5E;1;TGGT;N/A;PEG;James Bay Lithium Project;MAIN;81|82|88
DB30419C;1;TCRA;N/A;PHO;Itafós Arraias;MAIN;62
DAC91E2C;1;TARC;N/A;PRY|VMS;Hook Bay Property;MAIN;37|47|49
DAC6CB6E;1;TARC;CU|MO|ZN;PRY|EPTH|BXH;Josemaría;MAIN;23|27|30|39|43|45|52|53
DB3B161C;1;N/A;N/A;MNS;Trill;MAIN;62|70|75
DB69CD46;1;TARC;N/A;LAT;Agata Nickel Project;MAIN;45|49
DB34FDA7;1;TORO;CU|NI|CO|AS|SB;IOC|SKN;WHN-Boisvert;MAIN;27|34
DB86C966;1;TBAC;N/A;VMS;Reed;MAIN;39|41|47
DB93DBCD;1;TARC;N/A;MNS;Wellgreen Deposit;MAIN;69|84
DB88A46F;1;TSED;N/A;URN;Wray Mesa Property;MAIN;15|17
DBA0D035;1;TGGT;AS;ORO;Highway Area Veins;MAIN;26|35|37
DBBA3D49;1;TGGT;N/A;PEG;Quebec Lithium Project;MAIN;45|49
DBB9B176;1;TRFT;N/A;MNS;Eagle East;MAIN;61|74|78
DBCC9756;1;TGGT;N/A;PEG;Rose;MAIN;33|34|39|40|48
DBD528B7;1;TUNK;N/A;N/A;Mareesburg;MAIN;22|25|26
DBD58126;1;TARC;N/A;SKN;Cerro Ccopane-Orcopura;MAIN;28|35
DBF49C25;1;TORO;N/A;GRAP;Graphite Veins;MAIN;26|29
DBE49376;1;TARC;BI|HG;PRY|SKN;Kestane;MAIN;28|33|35|37|39|40|43
DC0A8EF6;1;TSED;ZN|PB;MVT;Florida Canyon;MAIN;36|46|50|51|53
DBE7AA4A;1;N/A;MO|BI|AS|CU|AG|CD|BA;SKN|PRY;Dodger Zone;MAIN;30|32|34|35|36
DC247386;1;TORO;N/A;COA;Mine 14;MAIN;29|31|33|49
DC3C5F93;1;TGGT;N/A;PEG;Dyke #5;MAIN;36|42
DC5BC608;1;TARC;CU|AG|MO|ZN|PB|AS;PRY;Lorraine Main Zone;MAIN;23|24|29|48
DC2562F3;1;TSED;U;PHO;Conda Projects;MAIN;64|65|76|79
DC7F02B3;1;TARC;N/A;BRN;HMN Project;MAIN;70|99|100
DC147127;1;TRFT;N/A;N/A;Nariin Sukhait Coal Deposit;MAIN;53
DCAB79D8;1;TSED;N/A;SIS;Sandtown Property;MAIN;27|28|33
DCA29778;1;TORO;AG|CU|SB|PB;N/A;Royal vein;MAIN;9|10
DC883373;1;TGGT;N/A;N/A;Spinifex Ridge;MAIN;27|33|35
DCAB3CAC;1;TARC;N/A;PRY;Granby Zone;MAIN;14|19
DC9090E0;1;TRFT;CU|NI|S|CR;MNS;War Springs Platreef;MAIN;18|28|38|40
DCAD26E5;1;TARC;AS;PRY|EPTH|BXH;Pinchazo;MAIN;11|14|18
DCD64A8D;1;TSED;N/A;EVP;Lanigan;MAIN;24|26
DCD8A535;1;TARC;N/A;PRY|BXH;Sombrero Butte;MAIN;10|11|14
DCF6C827;1;TSED;N/A;COA;Black Diamond Coal Deposits;MAIN;14|16|20|56
DD0598A4;1;TPAB;N/A;EVP;Robinsons River Salt;MAIN;26|31
DCDC00C5;1;TRFT;N/A;N/A;Dotson Zone;MAIN;48|58|80|81
DD07290A;1;TARC;CU|AS|AG|MO|ZN|BI|SB;PRY;Tolita;MAIN;41|49|50|51|56|68
DD25A5D1;1;TRFT;N/A;N/A;Hopes Advance Main Zone;MAIN;72|83|89
DD284F82;1;TARC;CU|MO|AG;PRY|EPG;Botija Abajo;MAIN;16|17|19|21
DD3ACE0E;1;TARC;N/A;BXH|PRY;Los Verdes;MAIN;47|48|59
DD210208;1;TORO;CU|PB|CO|B|LA;N/A;Kuriskova;MAIN;43|52|57
DD33805F;1;TGGT;N/A;MNS;Gonneville;MAIN;26|35
DD3B8437;1;TORO;CO|NI|AS|PB|CU|ZN|AG;N/A;West Bear Cobalt-Nickel Deposit;MAIN;28|30|32|34|35
DD4B734E;1;TORO;N/A;URX;EPL-8084;MAIN;22|25
DD41A90D;1;TRFT;CS|RB|K;LCL;Sonora Lithium Project;MAIN;16|20|21|24
DD5DB49F;1;TGGT;N/A;IRF;Trairão;MAIN;47|48|52|53
DD73E387;1;TORO;N/A;SKN;Philadelphia;MAIN;12|13|14|15
DD5A958F;1;TRFT;N/A;MNS;Ban Phuc;MAIN;46|47|50
DD77775A;1;TCRA;N/A;SND;Wonewoc Formation;MAIN;39|48
DD7C3BB9;1;TGGT;W;ORO;Opemiska;MAIN;48|53|55
DD818F5D;1;TARC;N/A;IOC;Santo Domingo Sur;MAIN;141|164
DD803BFA;1;TORO;AG|MO|CU|PB|ZN;URX;Lac 50;MAIN;90|103|104|105
DDAA4775;1;TORO;N/A;N/A;Gibellini;MAIN;46|54
DD863091;1;TARC;N/A;N/A;St. Lawrence Veins;MAIN;53|61|62|66|67
DD923E18;1;TORO;N/A;IOO;Mount Philp Iron Deposit;MAIN;14|15|18|21|22
DDDD5105;1;TORO;N/A;N/A;São Manuel and São Rubens;MAIN;51|66
DDCEE77E;1;TARC;CU|MO|U;BXH|PRY;Los Azules breccia pipes;MAIN;19|23|24
DDE5B5CE;1;TORO;N/A;GRAP;Molo;MAIN;77|81|83|89
DDAECF87;1;TARC;N/A;IOC;Santo Domingo;MAIN;38|39|60|61
DDE6AE48;1;TBAC;N/A;VMS;Captain;MAIN;30
DE13A719;1;TGGT;N/A;STRA;Roby Zone;MAIN;10|35|44
DE06CD65;1;TRFT;CD|PB|ZN;SSC;White Pine North;MAIN;77|89|86
DDE71293;1;TORO;N/A;PRY;Groundhog;MAIN;36|42
DDFEB922;1;TBAC;N/A;VMS;Aripuanã Deposits;MAIN;48|53
DE168EA3;1;TORO;N/A;VMS;Lagoa Salgada;MAIN;42|49
DE2FB2D6;1;TORO;N/A;SIS;Table Mountain;MAIN;26|33
DE483BE5;1;TORO;ZN|PB|CU|AG|AS;VMS;Robelin Property;MAIN;18|30|32
DE505EB3;1;TARC;N/A;PRY|EPTH;Josemaría;MAIN;24|28|44|45
DE61E9DD;1;TARC;BI|AG|W|CU|MO;PRY|IRG;New Brenda Property;MAIN;15|17|18|19|31
DE8579C0;1;TRFT;N/A;VMS|SDX;Nash Creek Deposit;MAIN;19|20|21|24
DE8F646E;1;TCRA;TH|U|PB|AS;CBT;Elk Creek Carbonatite;MAIN;104|118|121
DE99352E;1;TARC;CU|MO;PRY|BXH|EPTL;Copper Hill;MAIN;20|21|23|31|49|50
DE9162DE;1;TARC;N/A;PRY|SKN|BXH;Sunnyside;MAIN;14|17|20
DEB28B85;1;TARC;N/A;VMS;Tulsequah Chief;MAIN;59|62
DEBBB823;1;TARC;N/A;VMS;Burnt Pond;MAIN;23|24|27|28|34
DEBD4B2A;1;TARC;N/A;PRY;Chu mineral zone;MAIN;16|20|24
DEC08722;1;TARC;ZN;PRY|SKN;Warintza Central;MAIN;48|50|57|59|60
DED011A1;1;TSED;N/A;GRAP;Nuevo San Pedro;MAIN;9|12
DEC9FEB3;1;TSED;N/A;N/A;Big Cypress;MAIN;35
DEC60DC6;1;TORO;N/A;N/A;Joyce Lake;MAIN;49|59
DED6D91A;1;TGGT;N/A;PEG;Pakeagama Lake pegmatite;MAIN;34|36|41|42|43
DED9A278;1;TARC;N/A;PRY;Los Helados;MAIN;53|55|75
DEEF758A;1;TARC;N/A;PRY;Grid BC Copper Gold Project;MAIN;32|41|48
DEF3C856;1;TARC;N/A;PRY;Haib;MAIN;36|37|40
DEF49B7D;1;TARC;N/A;PRY;CUMO;MAIN;24|40
DEF72DC8;1;TORO;N/A;SKN|IOC;Sahavaara;MAIN;47|48|61|62
DEF8E0BB;1;TUNK;F|CL;MNS|STRA;Pele Mountain Property;MAIN;31|42|43|44|45|47|63
DF373902;1;TORO;LI|SN|RB|MN|GA|U|AS|B|F|BE|NB|HF|P;PEG;Uis Tailings;MAIN;62|69
DF1CF580;1;TARC;PB|ZN;PRY|BXH;Copper Creek;MAIN;30|34|35
DF028E9F;1;TORO;CU|PB|CO|B|LA;N/A;Kuriskova;MAIN;43|55|60
DF395213;1;TARC;CU|ZN;SKN|PRY;Cobre Grande;MAIN;24|28|29|39
DF62844D;1;TBAC;N/A;VMS;Tomtebo Mine;MAIN;31|34|46
DF7D85C1;1;TARC;CU|AG|ZN|MO|W;PRY|SKN|IRG;Charon zone;MAIN;22|23|30|32|35|39|44
DF88B073;1;TARC;PB|ZN;PRY|BXH;American Eagle;MAIN;37|41|42
DF6F34C1;1;TARC;N/A;PRY|BXH;Sierra Gorda;MAIN;72|83
DF7FB0F9;1;TRFT;N/A;VMS;Arctic deposit;MAIN;107
DFAF9211;1;TGGT;N/A;MNS;South Zone;MAIN;13|15|19|21
DFBAECDD;1;TCRA;B;N/A;Phoenix;MAIN;36|54|56|60
DFC2485A;1;TRFT;ZN|PB|FE;N/A;Lone Mountain;MAIN;27|28|31|36|37|38
DFD972F1;1;TCRA;N/A;EVP;Lothar Project;MAIN;22|31
DFD73801;1;TORO;B|CS;BRN;Paradox North Lithium Project;MAIN;15|23|31|64
DFD495D1;1;TARC;N/A;BRN;Salar de Diablillos;MAIN;24|25|32
DFEA6411;1;TBAC;N/A;PRY;Davidson deposit;MAIN;62
DFECB67F;1;TORO;B|BE|CS|SN|TA;PEG;Xuxa;MAIN;86|87|103
E00A4A0C;1;TSED;N/A;BRN;Sturgeon Lake Lithium-Brine;MAIN;33|41
DFD67319;1;TORO;N/A;EPTL|SKN|IOC;Lemieux Dome;MAIN;78|79|88|90|91|92
DFF76359;1;TARC;CU|AG|MN|PB|ZN;PRY|SKN;Lone Mountain;MAIN;29|31|33|34|35|42|43
E00C2360;1;TORO;AS|HG;ORO;Monitor Property;MAIN;28|35|37
E02A4A91;1;TSED;N/A;SDX;Lik deposit;MAIN;33|39
E00C5A1D;1;TGGT;MN;VMS;Cayenne-Chili;MAIN;19|22|23|24|25|28
E04E0F0D;1;TORO;N/A;TLG;Chvaletice Manganese Project;MAIN;44|46|48
E03B412F;1;TARC;N/A;PRY|BXH;Sierra Gorda;MAIN;72|83
E04F6179;1;TARC;MO;PRY;Yerington Mine;MAIN;38|49|52
E052A0D8;1;TSED;ZN|PB|AG;SDX;E Zone;MAIN;25|26
E04351CA;1;TRFT;N/A;VMS;Nash Creek Deposit;MAIN;62|65|77
E05563C9;1;TORO;SN|W|AS|SB|BI|MO;PLC;Bom Futuro Tailings;MAIN;45|46|51|52
E05E23F5;1;TUNK;N/A;BXH;Telamayu;MAIN;44
E0989DC8;1;TSED;N/A;BRN;Pocitos Salar;MAIN;52|57
E096C866;1;TARC;AS|BI|PB|ZN|SB|CU|CO|MO;SKN;Carol;MAIN;19|22|25
E0D9DEE0;1;TRFT;N/A;LCL;Texas Springs;MAIN;19|24
E0C7847A;1;TORO;MO|CU|ZN|AG|PB|SB|MN|AS|HG;SKN|MAN;Canyon Creek Skarn;MAIN;16|18|23|24
E0DF2251;1;TGGT;N/A;MNS;Montagne Showing;MAIN;27|29|39|42
E0C61071;1;TORO;SN|W|BI|AG|PB|ZN|CU|AS|HG|SB;IRG|SKN|BXH;Jiaogenma;MAIN;31|33|40|41|45|47
E0D43095;1;TORO;U|NI|CO|CU|MO|BI|AS|AG|LI|TH|BE|REE;URX|IOC;Double S trend;MAIN;25|28|30|31|34
E0F5AB4A;1;TARC;N/A;PRY;Liberty;MAIN;43|50
E0F9A148;1;TARC;N/A;PRY|SKN;Haquira East;MAIN;35|55|56|75
E142FC11;1;TORO;N/A;GRAP;Tony Block;MAIN;31|32|43
E10D1DAF;1;TORO;N/A;IRG;Dolcoath;MAIN;41|45
E145DD06;1;TSED;AG;SSC;Okohongo;MAIN;26|27|29|32
E148BDC6;1;TARC;N/A;PRY;Central Zone;MAIN;33|42
E15F5F68;1;TCRA;N/A;URU;SMDI 2455;MAIN;19|21|24|25
E169E9E4;1;TBAC;NI;N/A;Zara Property;MAIN;12|13|16|18
E16E33B1;1;TSED;N/A;IRF;Wonmunna Mine;MAIN;36|41
E17BFE23;1;TRFT;N/A;MNS;NorthMet Deposit;MAIN;43|53
E1A0B9A3;1;TGGT;N/A;MNS;Shebandowan West;MAIN;28|31|41
E1B0914E;1;TORO;NI|CO|MN;LAT;Araguaia Nickel Project;MAIN;85|113|116
E1AE2297;1;TGGT;N/A;MNS;Mine Block Intrusion;MAIN;75|76|98
E1B3048F;1;N/A;N/A;SKN;No. 2 Zone;MAIN;19|21
E1C5CE72;1;TGGT;N/A;MNS;Eagle's Nest;MAIN;51|52|53|56
E228A84C;1;TARC;N/A;IOC;Candelaria;MAIN;52
E1C6776A;1;TARC;BA|SR|CE;SKN|PEG;Laura;MAIN;18|31|32|61|62|63
E23A28D3;1;TARC;N/A;PRY|SKN|IOC;Copper Mountain;MAIN;36|44|45|46
E1D1F756;1;TRFT;N/A;CBT;Wicheeda Carbonatite;MAIN;41|46|47
E223AF4F;1;TGGT;N/A;VMS;Coulon Lenses;MAIN;19|20|31
E23C096D;1;TORO;F;MNS;Trill Offset;MAIN;33|35|43|46|48
E24475A9;1;TUNK;U|TH|F|K;IAC;Carina Project;MAIN;88|91|96
E2445AD5;1;TARC;CO|NI|AS|MO|U;IOC;Carrizal Property;MAIN;55|59|60|61
E24A0D34;1;TCRA;N/A;N/A;Duma Point;MAIN;19|28|30|31
E248E4FF;1;TSED;ZN|NI|TL|MN|CO;SDX;Pie Property;MAIN;14|22|23|24|28|29|32
E2616037;1;TGGT;AS|SB;MNS|STRA;Offset Zone;MAIN;53|64|65
E2822EB9;1;TORO;AG|CU|MO|W|SN|AS|PB|ZN;PRY|IRG;Mount Weir;MAIN;18|19|25|29
E29F2A4A;1;TORO;N/A;SSC;Tenke Fungurume;MAIN;29|36
E2B5E930;1;TSED;N/A;COA;Coal Project;MAIN;52|66|67
E309F5AC;1;TSED;N/A;SND;Firebag Silica Sand;MAIN;21|24|26|27|28|31
E28D0A34;1;TORO;CU|NI|CO|CR;MNS;Caraiba Mine;MAIN;46|50|78|79
E2BB138D;1;TARC;FE|CU|CO|NI|AS|CR;SKN;Bugaboo;MAIN;23|27|28
E2C53BB5;1;TRFT;N/A;SSC;Kamoa-Kakula;MAIN;131|148
E314E2F4;1;TGGT;N/A;MNS;West Zone;MAIN;55|61
E30FD2CE;1;TSED;N/A;URN;Crownpoint;MAIN;23|37
E318D4EF;1;TGGT;N/A;VMS;Tortigny Deposit;MAIN;23|29
E31B9E4C;1;TCRA;N/A;N/A;Wynyard Carnallite Project;MAIN;48
E30DC839;1;TARC;N/A;BRN;Sal de Vida;MAIN;82|84|85|94|97
E31D84C7;1;TARC;N/A;PRY;Red Chris;MAIN;88|100|102
E348F7F5;1;TRFT;N/A;N/A;Unkur;MAIN;71|75|79
E3471FA8;1;TSED;N/A;URN;Sage Plain Project;MAIN;17|25|26
E35A1141;1;TRFT;CD|AG;N/A;Jersey Lead-Zinc Deposit;MAIN;24|25
E3589421;1;TBAC;N/A;SSC;Bornite;MAIN;39|58
E3AEA508;1;TORO;TH;URX;Anomaly A;MAIN;30|31|37|40
E3AFD56D;1;N/A;N/A;VMS;Granduc deposit;MAIN;34
E3BF0711;1;TARC;AS|SB|K;PRY|BXH;Vizcachitas;MAIN;56|58|61|62
E3D448C4;1;TORO;N/A;GRAP;Ruby Graphite Project;MAIN;30|33|46|51
E3DB2C9E;1;TSED;N/A;COA;Campton Mine;MAIN;41|52|53|55
E40CF8E6;1;TARC;N/A;BRN;Salar del Hombre Muerto - Western Subbasin;MAIN;50|57|59
E3EC30DE;1;TCRA;CR|V|CO|NI|PB|ZN|CU|BI|SE|TE;URU;Matoush;MAIN;32|47|51
E41CD349;1;TARC;N/A;EPTL;Valk Property;MAIN;30|42|43|44
E3FE1A80;1;TARC;N/A;PRY|SKN|BXH;Santo Tomas;MAIN;19|71|72|87|93|95
E452C232;1;TARC;N/A;SKN;Comstock/Mountain Lion;MAIN;28|33|34|36|37|38
E454BF1A;1;TARC;NI|CU;MNS;Wellgreen Deposit;MAIN;93|108|113
E475A152;1;TCRA;N/A;KIM;Kahuna Kimberlite;MAIN;23|31|37|38
E4AE92BA;1;N/A;N/A;N/A;DSO Project;MAIN;44|46
E4A863BC;1;TORO;N/A;URX;Husab Uranium Project;MAIN;44|45|49
E496695D;1;TGGT;ZN;MNS;McCart Contact Zone;MAIN;28|36|41
E4AF94FE;1;TSED;N/A;COA;Shangzhai;MAIN;25|27
E4833DD7;1;TSED;N/A;IRF;Shymanivske Deposit;MAIN;81|112|113
E4A76116;1;TORO;N/A;MAN;Kombat Mine;MAIN;78|79|87|90
E4967BA5;1;TCRA;N/A;N/A;WBJV Project 1;MAIN;57
E4D537C2;1;TCRA;N/A;SND;Preston Property;MAIN;42|48|50|51
E4D5B03C;1;TCRA;CR|V|CO|NI|PB|ZN|CU|BI|SE|TE;URU;Matoush;MAIN;37|49|50|53
E4B1D4A7;1;TORO;N/A;SKN|IOC;Pellivuoma;MAIN;31|37
E4DB992F;1;TORO;N/A;URU;McArthur River deposit;MAIN;59|70
E4D8902C;1;TARC;W|ZN|AG|PB|MO;PRY;Lorraine;MAIN;27|34|44|54|55
E5063514;1;TSED;N/A;EVP;Lazlo Project Potash;MAIN;21|30
E4EF135E;1;TARC;CU|MO|AG|PB|ZN;PRY|SKN|BXH;Timber Property;MAIN;15|21|22|29|30
E4FFD47C;1;TSED;V|MO|SE|CU|AG;URN;YR Uranium Project;MAIN;37|70|71
E52892BE;1;TORO;N/A;COA;New Elk Mine;MAIN;36|39|42
E52825CF;1;TUNK;N/A;MIX;Kansanshi;MAIN;12|13|40|49
E52A0DDF;1;TGGT;N/A;GRAP;Lola Graphite;MAIN;43|50
E5512593;1;TGGT;MO|CS|RB|TA|NB|BE;PEG;WRL Project;MAIN;26|32
E5528962;1;TARC;N/A;IOC|SKN;Santo Domingo Sur;MAIN;103|109|125
E5835901;1;N/A;N/A;EPG;Las Cristinas Zone;MAIN;24
E5DF7715;1;TRFT;N/A;LCL;McGee Lithium Clay Deposit;MAIN;33|39
E5CE21B4;1;TORO;N/A;GRAP;Philippe Showing;MAIN;42|51|58|61
E59A6E83;1;TARC;CU|MO|NI|CO|CR;MAN|SKN|EPTI;Alacran;MAIN;74|76|89|107|108
E59C8B74;1;TARC;MO;PRY|BXH;Cerro Las Mulas;MAIN;84|85|87|88|90|91
E5E01FB6;1;TARC;N/A;IOC;Marimaca;MAIN;56|59|92|93
E5E9BB13;1;TORO;N/A;URU|URX;Ford Lake;MAIN;25|33|35
E5EEF36C;1;TORO;N/A;PRY|IRG;Tomichi;MAIN;57|70
E5EC93FD;1;TARC;N/A;VMS;Clinton Lenses;MAIN;19|24|26|27
E61845E7;1;TRFT;N/A;BRN;Jackson Wash;MAIN;17|18|20
E5EFF27C;1;TARC;CU|MO|AS;PRY|IOC;Luz del Cobre;MAIN;45|46|48|52
E61A63A4;1;TARC;N/A;PRY;Redton Project;MAIN;19|21
E5F6840E;1;TARC;MO;PRY|SKN;Escalones;MAIN;15|20
E5FDEC11;1;TARC;N/A;PRY|SKN;Rosemont Deposit;MAIN;35|36
E626D31B;1;TGGT;N/A;PEG;Quebec Lithium;MAIN;42|52
E63543F3;1;TARC;CU|ZN|BI|MO|AG|PB|CO|AS;SKN;Antamina;MAIN;22|25|36
E6520BF7;1;TORO;AG|PB|ZN;PRY;Aguila;MAIN;23|25|30|31|32
E64653CB;1;TSED;PB|S|FE;PLC;Eco Ridge;MAIN;31|33|47|56
E642014C;1;TRFT;AS|ZN;SSC;Kamoa-Kakula Project;MAIN;85|87|131|132|133
E67559AD;1;TORO;U|TH;URX;Goanikontes;MAIN;28|29|36|37|39
E694BC7D;1;TORO;N/A;PRY;Bald Butte;MAIN;14|23
E677A889;1;TBAC;N/A;VMS;Løkken Property;MAIN;33|43|45
E6C25396;1;TGGT;N/A;MNS;Redstone;MAIN;32|35|41
E6A7C987;1;TORO;N/A;SKN|IOC;Sahavaara;MAIN;33|40
E6D74E6B;1;TORO;N/A;SKN|IOC;Tapuli;MAIN;34|39
E677856F;1;TARC;CU|AG|SB|MO;PRY|BXH;Malpica;MAIN;68|69|75|78
E6FA0026;1;TCRA;N/A;SIS;Eagle Creek Sand;MAIN;28|29|32
E70E19BE;1;TARC;N/A;PRY;Skouries;MAIN;27|28|30
E720D9E1;1;TORO;N/A;PEG;Johan Beetz Feldspar deposit;MAIN;33|34|43
E6E001A5;1;TARC;N/A;IOC;Marimaca;MAIN;72|74|95
E6E58F1C;1;TARC;B|K;BRN;Guayatayoc;MAIN;31|32|33|34|38|39
E721A89A;1;TARC;N/A;BRN;Sal de Vida;MAIN;75|78|87|88|90
E7662CD4;1;TORO;N/A;GRAP;La Loutre;MAIN;68|77
E73F6B5B;1;TORO;N/A;N/A;Driftwood Creek Magnesite Deposit;MAIN;41|44|50
E743E646;1;TCRA;U|TH;PLC;Charley Creek;MAIN;33|35|38|39
E7312474;1;TSED;N/A;URN;Deep Gold;MAIN;26|27|31
E773E100;1;TORO;N/A;GRAP;Graphene-Battery Zone;MAIN;41|43|52
E77091B8;1;TORO;N/A;VMS;Mckenzie Deposit;MAIN;34|41|42
E7B0895B;1;TRFT;N/A;N/A;Artillery Mountain Manganese;MAIN;20|21
E7835B5F;1;TARC;CU|MO|AG|PB|ZN;PRY;Southern Spectrum Project;MAIN;37|38|39|40|43
E78305F5;1;TRFT;F|TH|U;CBT;Nemegosenda Lake Complex;MAIN;31|37|38|40
E7B60A10;1;TCRA;AG|AS|ZN|PB|MO|CO|NI|V;BXH;Canyon Mine;MAIN;33|37|38
E7DAB68E;1;TGGT;N/A;PRY;Falcon;MAIN;10|13
E81769F7;1;TUNK;N/A;N/A;San Antonio;MAIN;26|27
E7D084FB;1;TCRA;U|V|MO|SE|CU|AG;URN;AMC CO Uranium Project;MAIN;44|45|80|81
E80C95C3;1;TCRA;N/A;CBT;Três Estradas;MAIN;13
E827CECC;1;TRFT;S|AS|AG|CO|FE|NI;IOC;Churchill Copper / Magnum Vein;MAIN;88|97|98|102
E80D5AAD;1;TARC;AS|SB|TL|HG;PRY|SKN|MAN;Dumitru Potok;MAIN;40|57|64|65|69
E82A0735;1;TCRA;N/A;PHO;Itafós Arraias;MAIN;23|26|27
E840966D;1;TCRA;N/A;STRA;UG2 Reef;MAIN;70|72|74|75
E8320E84;1;TRFT;TH;N/A;Area 4;MAIN;56|62|71|82|83
E84F7B7C;1;TARC;N/A;VMS;Little Deer;MAIN;23|24|28
E85A25CE;1;TARC;N/A;SKN;Oracle Ridge;MAIN;47|65
E85602D6;1;TRFT;U|F|MO;URN|URU;Maureen;MAIN;26|28|32|33|34|35|36|37
E85B2728;1;TARC;AS|BA|BI|HG|SB|W|AG|PB|CU|MO;EPTH|PRY;Tres Cerros;MAIN;46|53|57|76|77
E85FC976;1;TORO;N/A;GRAP;Graphene-Battery Zone;MAIN;41|43|52
E8555EDC;1;TORO;BI|TE|AS|SB|PB|ZN|AG|MO|MN;PRY|SKN|MAN;Aranzazu;MAIN;52|56|60|70|72
E86596E6;1;TGGT;N/A;MNS;Thierry;MAIN;38|44
E8834A8C;1;TORO;N/A;IRF;Lamêlée;MAIN;23|26|43
E88206F7;1;TORO;AG|BA|BI|CO|MN|SE|TE|MO|NI;IOC|SKN;Hannukainen;MAIN;230|231|234|235|398|596
E88F6762;1;TCRA;N/A;EVP;Holbrook Basin Potash;MAIN;13|14
E8C98744;1;TSED;N/A;N/A;Bienfait Mine;MAIN;18|26
E8B54782;1;TRFT;N/A;BRN;South Big Smoky Valley;MAIN;85|90|91
E8A8804F;1;TSED;MO|SE;URN;Palangana;MAIN;26|28|30
E8943C4F;1;TORO;LI|CS|RB|B;PEG;Kraken Pegmatite Field;MAIN;21|25|26|28|29|31
E887168C;1;TARC;N/A;PRY;Florence deposit;MAIN;94|95|96|99|111
E8EAC890;1;TORO;N/A;N/A;Lac Iron showing;MAIN;19
E8E6B932;1;TRFT;N/A;LAT;Ambatovy;MAIN;61|69|70
E8CA301C;1;TARC;N/A;PRY|SKN;Tennyson;MAIN;84|97|103|110
E8E6AFEA;1;TORO;N/A;PRY;Pebble deposit;MAIN;85|107
E92230E0;1;TSED;N/A;EVP;Rocanville;MAIN;23|26
E92152B0;1;TARC;CU|AG|MO|PB|ZN;PRY;Poplar Deposit;MAIN;41|49|53
E9416A91;1;TGGT;N/A;PEG;Authier pegmatite;MAIN;72|74|78
E93B3598;1;TCRA;PB;URU;CAT Property;MAIN;56|64|74
E94CC181;1;TARC;MN|ZN|V|BA;PRY;Rayfield Zone;MAIN;27|32|35|40|56
E96B2971;1;TCRA;N/A;KIM;Star Kimberlite;MAIN;26|27|30|38|39
E96E4139;1;TRFT;N/A;SSC|SDX;Johnny Lee deposit;MAIN;53|97
E9595E31;1;TORO;N/A;N/A;Jeffrey Mine;MAIN;19|27
E97AC1E7;1;TGGT;N/A;URX;Lake Maitland Uranium Deposit;MAIN;35|36|215|218
E970C138;1;TARC;AS;PRY|EPTH|BXH;Chug-Chug project;MAIN;11|14|18
E9856331;1;TBAC;N/A;SDX;Empire State Mines;MAIN;48|51|53
E989A447;1;TARC;N/A;PRY;Nak;MAIN;15|22
E9A45DBE;1;TGGT;N/A;PEG;Chubb;MAIN;28|29|35
E9B9023F;1;TRFT;N/A;STRA;Kaukua;MAIN;32|34|48|49|51
E9871E7D;1;TCRA;B|CO|CR|CU|LI|MO|PB|SB|TH|W|SR|ZR;URU;Triple R;MAIN;51|67|75|77
E9F132FC;1;TGGT;N/A;MNS;Deloro Deposit;MAIN;60|70
E9D3D8D6;1;TORO;N/A;URX;Gurvanbulag;MAIN;33|34|36
EA233F38;1;TUNK;N/A;PLC;Feature 19;MAIN;9|11|29|31|37|41
EA253FD7;1;TORO;N/A;SSC|SDX;Dolomite Ore Formation (DOF);MAIN;30|32|46|47
EA260F52;1;TCRA;N/A;SND;Wanipigow Sand Project;MAIN;66
EA42C802;1;TORO;LI|CS|B|F|MN|GA|RB|SN|U|AS;PEG;Manono Tailings;MAIN;28|29|33|34
EA31D140;1;TGGT;N/A;MNS;Maskwa deposit;MAIN;43|47
EA495AE4;1;TORO;N/A;ORO;Bunker Hill Mine;MAIN;77|93
EA4EF066;1;TORO;N/A;CBT;Ashram;MAIN;19|21|33
EA9A7FE5;1;TARC;LI|B|K;N/A;Salar de Río Grande;MAIN;11|12|65|75
EA7D6F84;1;TGGT;ZN|CU|PB|AG|AS;VMS;Monte Cristo;MAIN;27|28|31
EAB52B3D;1;TORO;N/A;SSC;Okohongo;MAIN;41|48|55
EAB9E21F;1;TARC;N/A;PRY;Copper Canyon;MAIN;28
EA58E2B9;1;TORO;CU|MO|BI|SE|TE|AS|MN|ZN;PRY;Alpala;MAIN;52|53|55|97|100|105
EABBECA2;1;TARC;N/A;LAT|PRY|EPTL|CAR|SKN;Agata North Laterite Project;MAIN;18|24|26
EADDFFD7;1;TBAC;N/A;EVP;Codihue;MAIN;19|31|33
EAD3A3B7;1;TARC;N/A;PRY|BXH;Breccia showings;MAIN;8|12
EACBD263;1;TORO;N/A;REE;Sheffield Zone;MAIN;21|23|27|38
EAD37880;1;TSED;N/A;SDX;Purple Onion Property;MAIN;19|27|32|33
EAE84203;1;TCRA;N/A;MOX;Gulçari A;MAIN;32|33|38
EB061D88;1;TARC;AG|AS|CU|MO;PRY|EPTH;Tumpangpitu;MAIN;17|27|45|49|56|66|67
EB289D34;1;TGGT;N/A;ORO;Corner Bay;MAIN;110|128
EB47AA42;1;TGGT;N/A;VMS;Magusi deposit;MAIN;35|41|42
EB295478;1;TORO;N/A;N/A;Moa deposits;MAIN;39|41
EB427B0A;1;TSED;CU;N/A;Emerald mineralization;MAIN;31
EB65BEF8;1;TORO;N/A;SKN;Mavres Petres;MAIN;13|14|15|17|18|19
EB617D22;1;TARC;N/A;PRY|EPTH;Altar;MAIN;54|55|74
EB85B3A8;1;TARC;N/A;COA;Suquash No.2 coal bed;MAIN;57|68|70|75
EB672792;1;TSED;N/A;URN;Slick Rock District and Wray Mesa area;MAIN;17|18
EB815564;1;TGGT;N/A;MNS;Langmuir No. 2;MAIN;49|53
EB870FA0;1;TUNK;CU|MO|AG|PB|ZN;PRY;Pitman;MAIN;18|19|22|24|29|30
EB8E3ED4;1;TARC;N/A;CBT;Main Zone;MAIN;36|38|48|49
EB96BF3A;1;TORO;N/A;SKN;Johnny Showing;MAIN;16|19|20|22
EBAB56CE;1;TSED;N/A;COA;Kopper Glo Property;MAIN;29|31
EBA37A03;1;TARC;CU|MO|BI|SE|TE|AS|MN|ZN;PRY;Alpala;MAIN;52|53|97|105
EBA59A82;1;TGGT;LI|CS|TA|BE|RB|MN;PEG;CE Lithium Property;MAIN;33|39
EBA9B8CC;1;TCRA;CU|NI|V;MOX;Gulçari A (Campbell);MAIN;78|95|98|109|110
EBC5CE7D;1;TCRA;N/A;IOC;Snaefell;MAIN;99|107|108
EBB9158C;1;TCRA;N/A;URN;Willhunt;MAIN;9|10|12
EBC63467;1;TCRA;N/A;URU;Triple M Property;MAIN;23|27|33
EBDAB1B4;1;TORO;N/A;IRF;Howells Taconite;MAIN;26|28
EBD1F92B;1;TGGT;N/A;PRY|ORO;Corner Bay deposit;MAIN;11|30|31|33|35
EBE9A96F;1;TARC;NI;PRY;Iron Lake complex;MAIN;12|15|25
EBE85D32;1;TARC;N/A;PRY;Quebrada Blanca;MAIN;61|76
EBEF839A;1;TORO;PB|ZN;SDX|MAN;Red Dog Mine Deposits;MAIN;42|54|55
EBF867AE;1;TARC;N/A;IOC;Cerro Verde;MAIN;39|53|54
EC17BFF6;1;TGGT;CS|V|LI|GA|RB|NB;PEG;PAK Pegmatite;MAIN;58|62|77|81
EC1C6391;1;TORO;N/A;LAT;Ramu;MAIN;30|37
EC2913FA;1;TORO;SN|W|MO|CU|BI|IN;PRY;Zone III;MAIN;23|24|27|28|29
EC4020EE;1;TORO;N/A;VMS;Bastuträsk;MAIN;11|18|19
EC1F3347;1;TCRA;N/A;MNS;Waterberg Project;MAIN;32|48
EC2433E2;1;TARC;N/A;IOC;Mantoverde;MAIN;71|74|81|83
EC4F759A;1;TARC;N/A;VMS;Montauban;MAIN;55|57|58|61|62|63|64
EC7A948F;1;TARC;N/A;PRY;Chu;MAIN;34|35|38|40
EC8DB635;1;TARC;N/A;PRY;Gate Zone;MAIN;58|64|68
ECC223E0;1;TGGT;N/A;URX;Malo lake uranium occurrence;MAIN;31|33
EC969864;1;TGGT;N/A;VMS;Magusi;MAIN;72|74|80|94
EC98FE9C;1;TCRA;CS;PEG;CM-1 Pegmatite;MAIN;15|17|19
ECC9F4E9;1;TARC;CU|AG|MO|ZN|CD|PB;PRY;Dansey Project;MAIN;27|33|49
ECE776D7;1;TORO;N/A;ORO;EL 23874 and EL 31402 Gold Prospects;MAIN;35|36|38|54
EC9AB428;1;TORO;AS|MO|PB|SE|V|FE;URN;FAB Trend;MAIN;33|39|41|43|45
ECFD4D7A;1;TORO;N/A;IRF;Bloom Lake;MAIN;31|32|42|44
ED04E4BC;1;TARC;N/A;VMS;Little Deer Deposit;MAIN;27|29|31
ED049017;1;TGGT;N/A;MNS;Crawford Ultramafic Complex;MAIN;50|63|65
ED40AEC9;1;TCRA;N/A;SND;Preston Property;MAIN;45|51|53|54
ED1F3CA0;1;TBAC;N/A;BRN;Salar de Pastos Grandes;MAIN;57|66
ED0EE2B1;1;TORO;N/A;N/A;Middle and TJ Zones;MAIN;27|67
ED438753;1;TARC;N/A;BRN;Purickuta;MAIN;21|25
ED25E4E2;1;TRFT;U|AG|MO|CU|PB|ZN;URX|URU|IOC;Lac Cinquante;MAIN;29|40|41|42
ED026545;1;TBAC;PB|ZN|AG|AS|SB|BA|MN|HG;VMS;Max-Knoll;MAIN;18|25|26|27|37
ED5639F1;1;TARC;N/A;IOC;Cerro Verde;MAIN;49|51|52|55
ED6E97F8;1;TBAC;N/A;VMS;Solwara 1;MAIN;53|56|66|67|69
EDB6D0D7;1;TSED;N/A;KIM;Orion South;MAIN;16|17|18|20|21
EDBD70F1;1;TGGT;N/A;MNS;Zara properties;MAIN;13|15|31|32
EDCA964E;1;TCRA;CR|FE;KIM;Kimberlite pipes;MAIN;38|42|45
EDA83B31;1;TORO;N/A;PRY;Chlore stock;MAIN;28|32|41
EDDBDDB7;1;TUNK;N/A;PRY;Sisson Brook Deposit;MAIN;7
EDDABE10;1;TORO;CR;LAT;Alpha Project;MAIN;22|25|27
EDE58C39;1;TRFT;N/A;N/A;Marathon PGM-Cu deposit;MAIN;41|44|46
EDF22CA0;1;TORO;N/A;BRN;La Salada;MAIN;28|32|33
EDF7576D;1;TRFT;N/A;N/A;Erdenetsogt;MAIN;17
EE040A12;1;TBAC;N/A;N/A;Coscuez Mine;MAIN;26|36
EE0159EB;1;TGGT;SN|CS|RB;PEG;Yellowknife Lithium Project;MAIN;41|42|50
EE090630;1;TGGT;N/A;PEG;Quebec Lithium Property;MAIN;45|59
EE164ECF;1;TORO;MN|S|K|BA|MO|PB|CU;N/A;Coscuez-Muzo emerald deposit;MAIN;16|21|22|25|26
EE0A208C;1;TSED;N/A;MAN|BXH;Cuatro Ciénegas Project;MAIN;27|29|31|36
EE234A97;1;TORO;N/A;MNS;Kyak Block;MAIN;9|10|15
EE1F7925;1;TARC;N/A;EPTI|EPTL;Mala Noche Vein;MAIN;37|43|45
EE465DBF;1;TARC;N/A;VMS;Lundberg and Engine House;MAIN;40|48
EE47E996;1;TSED;N/A;N/A;Favel Oil Shale;MAIN;17|18
EE27C959;1;TCRA;N/A;KIM;Star Kimberlite;MAIN;58|62|79|80
EE5A102C;1;TCRA;N/A;SND;Preston Property;MAIN;44|50|52|53
EE5DA701;1;TRFT;U|TH;N/A;Deep Fox;MAIN;26|28|30|37|39|40|42
EE545C8A;1;TSED;B|U|CU|NI|ZN|PB|AS|V|CO;URU;Cree East Project;MAIN;39|55|87|98|101
EE73BD87;1;TRFT;TH|U;CBT;Sarfartoq Carbonatite Complex;MAIN;39|42|43|52|70
EEA00BE0;1;TUNK;N/A;SND;Wonewoc Formation;MAIN;10|11
EE908E7D;1;TCRA;N/A;N/A;Kerouane BIF;MAIN;24|29|30
EE94C711;1;TGGT;N/A;IRF;Deposit No. 1;MAIN;74|78|79|92
EEB68D08;1;TPAB;N/A;MVT;Gays River Deposit;MAIN;53|66|67
EEABAA97;1;TARC;N/A;PRY|SKN;Haquira;MAIN;41|49|50|68
EE7D4E74;1;TORO;N/A;URU;Mckenzie Lake Property;MAIN;17|18|22|23
EEC8B610;1;TGGT;N/A;MNS;Warren Property;MAIN;19|23
EECBEC9A;1;TORO;N/A;N/A;Lynx Lake;MAIN;17|18|20|25
EEE61BD5;1;TRFT;CS;LCL;La Ventana;MAIN;14|17|18
EEEE9BCF;1;TARC;ZN|PB|AG|CU|AS;N/A;Cow showing;MAIN;16|18|26|30
EEF6491B;1;TORO;N/A;PRY;Zone III;MAIN;28|31|37
EF1337E3;1;TORO;IN|BI|AG|CO;VMS;Chester deposit;MAIN;19|27|30|32
EF1EE08B;1;TORO;N/A;PRY;Endako;MAIN;18|20
EF17279D;1;TRFT;N/A;SDX;Glacier Zone;MAIN;24|163
EF50F8DC;1;N/A;CR;PLC;Grimshaw Gravels;MAIN;26|28
EF4DD894;1;TORO;N/A;SSC;Kwatebala;MAIN;31|39|41
EF1F5113;1;TARC;CU|AG;IOC|PRY;Rio Grande;MAIN;33|40|44
EF7BA4FF;1;TORO;N/A;IRF;Plymouth deposit;MAIN;28|31
EF6102E3;1;TARC;N/A;PRY|EPTH;Hugo Dummett;MAIN;68|84|88
EFB89B86;1;TSED;N/A;IRF;Lac Virot;MAIN;61|62|63|72|73
EFA027BF;1;TGGT;N/A;MNS;Thierry;MAIN;37|42|43
EFB469FC;1;TSED;N/A;URN;Frosty-Ox;MAIN;17|20|25|30
EFB8D131;1;TRFT;N/A;LCL;Bonnie Claire;MAIN;35|36|41
EFEA3F40;1;TGGT;N/A;N/A;Moonshine;MAIN;27|30|32
EFC48FEC;1;TGGT;N/A;PEG;Georgia Lake;MAIN;331|332|333
F011F120;1;TSED;N/A;COA;No. 1 Seam;MAIN;19|20
F00921BE;1;TSED;N/A;PHO;Chatham Rise Phosphorite;MAIN;62|71
F027CCD0;1;TCRA;N/A;N/A;Margaret Lake Property Kimberlites;MAIN;29|34
F0096794;1;TTRN;N/A;PRY|SKN;B&C Springs;MAIN;23|28|30
F01624D9;1;TORO;N/A;SKN;Sangdong deposit;MAIN;22|29
F02594A5;1;TORO;CO|CD|AS;VMS;Fox Lake deposit;MAIN;17|18|20
F030B774;1;TORO;N/A;MNS;Eureka Complex;MAIN;36|40|47|48
F028010D;1;TGGT;N/A;PEG;Cisco Pegmatites;MAIN;20|21|50|57
F0770326;1;TSED;N/A;URN;Doughstick Project;MAIN;16|17
F07BDA88;1;TORO;N/A;MOX;Paul zone;MAIN;89|95|97
F042A153;1;TCRA;N/A;KIM;Bouro Dykes;MAIN;47|51
F03D8E4A;1;TCRA;B|CO|CR|CU|LI|MO|PB|SB|W;URU;Triple R deposit;MAIN;51|68|69|80|83
F09528F9;1;TGGT;W|ZN|PB|CO|MO|NI|FE;ORO;Opemiska;MAIN;56|64|65|66
F09A0662;1;TSED;N/A;URN;Alta Mesa;MAIN;29|32|34|35
F084D4DA;1;TARC;N/A;SKN|IOC;Pumpkin Hollow Project;MAIN;65|68|70
F0FC6AD2;1;TSED;N/A;N/A;Témiscouata Property;MAIN;11|47|62
F0A5BE73;1;TORO;N/A;N/A;Ermazon Vanadinite;MAIN;29|31|33|34
F0EAF355;1;TORO;N/A;IRF;Emily deposit;MAIN;31|34|42
F0BDB0FF;1;TORO;N/A;N/A;Silicon Ridge Quartzite;MAIN;59|63
F0E469A9;1;TORO;N/A;IRF;Joyce Lake;MAIN;40|48|49|51
F10EF160;1;TRFT;N/A;LCL;Bonnie Claire;MAIN;44|50
F0E9F475;1;TGGT;N/A;MNS;Alexo-Dundonald Deposits;MAIN;92|113|115
F147FB56;1;TBAC;N/A;VMS;Hersjø;MAIN;28
F1303FBB;1;TSED;N/A;MAN;Sierra Mojada deposit;MAIN;32|34|37|41
F117745F;1;TSED;N/A;IRF;Hayot Lake;MAIN;28|38|39
F144A864;1;TTRN;N/A;VMS;Riotinto;MAIN;38|39|44|45|47
F147FD77;1;TARC;N/A;SKN|PRY;Alicia Skarn;MAIN;17|21|25
F158FE12;1;TORO;N/A;MOX;Paul Zone;MAIN;93|94|97|99|100|101
F197A761;1;TORO;N/A;N/A;Carbon Creek;MAIN;23|27
F164129A;1;TORO;N/A;MAN|BXH;Kombat Mine;MAIN;44|45|52|55
F16479E6;1;TARC;CU|ZN;PRY;Bronson Slope deposit;MAIN;74|81|85
F1995CE4;1;TCRA;N/A;EVP;Allan;MAIN;22|23|27
F1AF2A3B;1;TCRA;N/A;SND;Seymourville;MAIN;35|36|41
F1A3F0DD;1;TCRA;AS|CO|CU|NI|V|PB|B|ZN;URU;J Zone;MAIN;20|23|35|39
F1BEAE43;1;TUNK;N/A;N/A;Cauchari-Olaroz Project;MAIN;42|43
F1D7A717;1;TARC;N/A;LAT;Cumpie Hill Project;MAIN;18|21|22
F1D0BD32;1;TSED;ZN|PB|BA|AG;SDX;Johnny Lee Deposit;MAIN;41|47|52|60
F1B9DDD4;1;TARC;AS|PB|ZN|CU|AG;PRY|BXH|SKN|VMS|EPTL;Come By Chance;MAIN;20|24|26|29|39|40|41
F1FECF28;1;TCRA;N/A;SND;Blair Property;MAIN;50|51
F1D99F0C;1;TUNK;N/A;BRN;Kings Valley;MAIN;38|48|49
F1EC5737;1;TARC;N/A;PRY;Taysan;MAIN;26|31
F200C085;1;TORO;AS|SB|HG;PRY|SKN|MAN|EPTI|EPTH|CAR;Stampede Gap;MAIN;41|43|44|45|46
F1FF7BAA;1;TORO;N/A;SSC;Konkola North;MAIN;15|25
F20EC9E2;1;TCRA;N/A;BRN;Duperow Formation Brine;MAIN;19|20|38
F204D275;1;TCRA;N/A;MAN|BXH;Kipushi;MAIN;97|133
F2190558;1;N/A;N/A;N/A;El Espino-Venus;MAIN;94|98
F21D0093;1;TCRA;N/A;KIM;Gahcho Kue;MAIN;48|65
F2232342;1;TORO;N/A;IOC;Osborne;MAIN;82|89|90
F22FF408;1;TSED;N/A;N/A;East Zhagabulak Field;MAIN;12|13
F2255A4E;1;TTRN;N/A;PRY|SKN;Copper Mountain;MAIN;11|14|18
F235821D;1;TARC;AG|AS|BI|CU|CD|MN|PB|SB|ZN|W;PRY;Casino;MAIN;49|51|52|55|56
F25721C3;1;TORO;N/A;PEG;Presqueira pegmatite;MAIN;16|20|22|23
F25D37B8;1;TORO;N/A;COA;Brule deposit;MAIN;37|40|41|47
F25E77C4;1;TSED;N/A;URN;Marquez-Juan Tafoya;MAIN;31|36
F2521DB2;1;TORO;N/A;GRAP;Miller;MAIN;30|42
F28C7084;1;TGGT;N/A;MNS;Dobie Township;MAIN;26|32
F27F9A32;1;TRFT;CS;LCL;La Ventana Clay Units;MAIN;15|20|21
F2617703;1;TARC;K|TH;PRY;Central Zone;MAIN;13|15|38|55|60
F27C3979;1;TSED;N/A;URN;Deep Gold;MAIN;25|26|30
F2A60736;1;TRFT;U;CBT;Prairie Lake Carbonatite Complex;MAIN;49|50|51
F27C19E3;1;TARC;N/A;PRY;Galore Creek;MAIN;61|93
F2A64971;1;TSED;ZN;MVT;P Zone;MAIN;16|17
F2BE92F7;1;TGGT;N/A;PEG;James Bay Lithium Project;MAIN;4|26|27|29|30
F2B2E865;1;TRFT;TH;CBT;Songwe;MAIN;30|37|39|40
F2CDF99B;1;TARC;ZN|PB|AG;PRY;Aguila;MAIN;25|26|31|34|35
F2C4018B;1;TPAB;N/A;VMS;Las Cruces;MAIN;31|37
F2DFA6AA;1;TARC;N/A;BRN;Cauchari-Olaroz Salar;MAIN;83|85|103
F2F2B998;1;TSED;N/A;N/A;Itiquira;MAIN;43|53
F2E2C614;1;TRFT;ZN|PB|BA|AG;SDX;Gnome Property;MAIN;27|30|34|40|43|49
F2FC3875;1;TARC;CU|MO|AG;PRY;Cactus;MAIN;79|83
F3025E26;1;TSED;V|MO|SE;URN;Reno Creek Property;MAIN;31|41
F2FCC9F9;1;TRFT;N/A;MNS;Kaukua;MAIN;35|36|40|52
F3437F81;1;TCRA;N/A;N/A;Allan;MAIN;22|23|27|28
F33A5FAD;1;TBAC;N/A;EPG|IOC;Agdz Project;MAIN;14|16|17
F3338382;1;TCRA;N/A;N/A;Prospect 8;MAIN;15|17|18|37
F35AF9BB;1;TCRA;CR|V|CO|NI|PB|ZN|CU|BI|SE|TE;URU;Matoush deposit;MAIN;27|45|50
F37DEB99;1;TGGT;N/A;MOX;Mont Sorcier;MAIN;58|59|66
F36423EA;1;TARC;MO|AS|SB|HG|TL;PRY;Kiseljak;MAIN;33|53|59
F39DC06F;1;TCRA;N/A;URN;Farmer Girl Mine;MAIN;8|11
F3B86948;1;TARC;N/A;MNS;Wellgreen;MAIN;38|46
F388405D;1;TARC;PB|AG|ZN|AS;PRY|EPTI|EPTL;Huachi;MAIN;22|24|33|43|52
F3CB5E09;1;TORO;TA|NB;CBT;Upper Fir and Bone Creek;MAIN;48|71|72|74|75
F3D9724B;1;TRFT;N/A;BRN|LCL;DME;MAIN;22|29|30
F3D635E3;1;TARC;N/A;EPTI|EPTL;MNV system;MAIN;47|53|55
F3EC5B23;1;TORO;N/A;URN;Clarkson Hill;MAIN;22|25
F3DF280E;1;TRFT;F|LI|MO|PB|SN|W|CS|GA|NB|Y;N/A;Honey Comb Hills;MAIN;24|31|33
F3E7F022;1;TCRA;N/A;EVP;Vanguard Potash;MAIN;32
F43A8F78;1;TARC;ZN|CU|PB|AG|MN|AS|SB|BA|HG;VMS;Blue Moon;MAIN;26|27|32|33
F3F3E9B7;1;TSED;N/A;N/A;Discovery property;MAIN;21|28
F3F57814;1;TARC;N/A;PRY|SKN;Chapada;MAIN;49|50|74|76
F43DB3AA;1;TORO;N/A;BXH;Amy Lake Trend;MAIN;33|40|42|45|46
F43D54FF;1;TRFT;N/A;SSC;Kamoa;MAIN;96|98|143|144
F44994FC;1;TORO;N/A;SKN;Los Santos;MAIN;24|28
F4463682;1;TORO;N/A;GRAP;Molo;MAIN;60|63|64|65|72
F454392B;1;TCRA;N/A;URU|URX;Ford Lake Property;MAIN;26|27|34|36
F483F918;1;TCRA;TH;LAT|IAC;Tiros;MAIN;41|47|48
F4A7EC25;1;TSED;N/A;N/A;Gollier Creek;MAIN;48|60
F49BDABD;1;TCRA;N/A;URN;Torbyn Mine;MAIN;8|9|11
F4C0996B;1;TARC;CU|AG|AS|FE|MN;SKN|EPTH;Mabilo;MAIN;30|35|39|43|44
F4A800EF;1;TORO;MO|CU;PRY;Camp Zone;MAIN;23|27|29|36
F47B7802;1;TARC;N/A;IOC;El Espino;MAIN;66|79|80
F4CB53E9;1;TSED;N/A;N/A;Sheerness Mine;MAIN;20|25
F4D6C87C;1;TCRA;N/A;BXH;Pinyon Plain breccia pipe;MAIN;43|51
F4DE1893;1;TARC;N/A;PRY;Warintza Central;MAIN;43|60
F4C23D61;1;TARC;CU|MO|ZN|MN|AG|GA;PRY|SKN;Escalones;MAIN;48|61|64|72|74|81
F4E2ECA7;1;TARC;N/A;IOC|MAN;Marimaca;MAIN;29|31|42|43
F507CE97;1;TORO;N/A;N/A;Silver Hill;MAIN;35|47
F507B73E;1;TORO;CU|NI|V|BI|ZN|CO|PB|MO;URX;Fraser Lakes Zone B;MAIN;29|37|38
F4FBD3B0;1;TCRA;N/A;N/A;North Range Project;MAIN;22|30
F523010F;1;TCRA;N/A;EVP;Tugaske Project;MAIN;53
F517C784;1;TBAC;ZN|AG|PB|CU|BA;VMS|SKN;Expo Property;MAIN;27|28|35|37
F52796C0;1;TRFT;N/A;SDX|VMS;Rosh Pinah;MAIN;58|63|64|81|82
F533DF42;1;TARC;N/A;SKN|PRY;Santa Rita Pit;MAIN;25|30|35
F53C2077;1;TORO;N/A;N/A;Kazandol Project;MAIN;13|16|19
F54404EB;1;TARC;N/A;SKN|IOC;NW Deposit;MAIN;36|37|50
F5664AB0;1;TBAC;N/A;VMS;Solwara 1;MAIN;53|63
F56B5807;1;TRFT;N/A;SSC;Copperwood;MAIN;84|97|98
F575225E;1;TORO;N/A;BRN;Cauchari-Olaroz Salars;MAIN;50|75
F560E9E1;1;TUNK;N/A;URN;Wray Mesa Project;MAIN;30|38|40|41
F57955D2;1;TARC;MO;PRY;Van Dyke;MAIN;54|58|69|73
F5823C43;1;TARC;AG|CU|HG;BXH;Descubridora Prospect;MAIN;16|18|19|20
F57E863C;1;TARC;N/A;SKN|PRY;Zackly;MAIN;27|32|37
F5A18188;1;TSED;CU;N/A;Emerald Mineralization;MAIN;31
F5A8C719;1;TARC;AG|CU|PB|ZN|AS;PRY|EPTL|SKN|CAR;American Tunnels;MAIN;19|24|25|27
F5A1AF94;1;TRFT;N/A;CBT;Montviel Core Zone;MAIN;25|32
F5B0C28B;1;TARC;N/A;PRY;Getty North;MAIN;13|16
F5BB6FD9;1;TARC;N/A;PRY;Skouries;MAIN;22|23|24
F5E9F61C;1;TSED;N/A;COA;La Francia C/D;MAIN;31|32
F5E2015F;1;TGGT;N/A;MNS|VMS;Ore Fault Zone;MAIN;27|38|44
F5E705F8;1;TUNK;F|CS|K|RB|TL|V;LCL;Thompson Valley North Area;MAIN;42|44|48|63|65|66|68|77
F60B1074;1;TARC;N/A;IOC;Cerro Verde;MAIN;28|29|34
F6155F8A;1;TRFT;CD|PB|ZN;SSC;White Pine North;MAIN;71|81|84
F617A56B;1;TORO;AG|AS|SB|MO|BA|BI;PRY|BXH;Casino;MAIN;58|70|71
F61ADB62;1;TARC;N/A;VMS;Canatuan;MAIN;48|55
F626E0DA;1;TUNK;N/A;STRA;J-M Reef;MAIN;37
F6A63087;1;TCRA;N/A;CBT;Três Estradas;MAIN;63|70
F698B138;1;TCRA;AS|CO|CU|NI|V|PB;URU;Tthe Heldeth Tué;MAIN;58|74|81|85
F6A91A6D;1;TORO;N/A;VMS;Mckenzie Deposit;MAIN;40|47|49
F62F93E1;1;TARC;N/A;SKN|FEL;Valea Leucii;MAIN;67|68
F664585C;1;TARC;CU|MO|AG;PRY|BXH;Okeover;MAIN;22|31|32
F6894B98;1;TRFT;N/A;MNS;Ban Phuc;MAIN;21|28
F6C68317;1;TRFT;MO|RE;LCL;TLC Property;MAIN;44|49|50
F6DCE999;1;TGGT;N/A;PEG;Authier Pegmatite;MAIN;18|20|21
F6FDC209;1;TORO;N/A;LAT;Gilgai;MAIN;15
F6F8925B;1;TSED;N/A;SSC;Unkur;MAIN;36|44
F6D89064;1;TARC;AS|CD|SB|HG|BI;EPTI|MAN;Kizevak;MAIN;26|29|34
F7046012;1;TARC;MN|BA|ZN|PB|CU|AG;MAN;Azulcocha Cuerpo;MAIN;30|31|32|33|34|37
F737D28D;1;TGGT;AS;ORO;Lac de la Chlorite;MAIN;24|25|26|28|32|33|38
F716C1A2;1;TARC;N/A;PRY|BXH;Copper Flat;MAIN;54|55|60
F79E14AD;1;TARC;N/A;IOC;Goat Yard Prospect;MAIN;15|17|18
F77EA2DE;1;TGGT;N/A;PEG;Authier;MAIN;36|40
F7AAA3F1;1;TORO;N/A;BRN;Olaroz Salar;MAIN;107|128
F7AC4EF1;1;TRFT;K|F|MO|CS|RB|AS|SB;LCL;Thacker Pass deposit;MAIN;60|62|68|69
F7D602D8;1;TRFT;N/A;N/A;Nyota;MAIN;28|35
F7D31CEA;1;TORO;N/A;GRAP;Miller;MAIN;37|76
F83EB7FC;1;TARC;MO|BI|AS|CU|AG|CD|BA;SKN;East Emerald Tungsten Deposit;MAIN;23|26|27|31
F7B4EE5C;1;TORO;N/A;COA;Huguenot Coal Project;MAIN;34
F7F1A2C5;1;TCRA;NI|CO|MO|AS|CU|ZN;URU;Roughrider Zone;MAIN;36|38|47|57
F869D3DC;1;TSED;N/A;SSC;Copper King;MAIN;12|19
F88A4659;1;TGGT;N/A;MNS;Hart;MAIN;29|34|35|39
F88BFE96;1;TGGT;N/A;MNS;Crawford Ultramafic Complex;MAIN;54|66|68
F871E727;1;TORO;ZN;N/A;La Solución;MAIN;16|20|22
F897309D;1;TORO;N/A;IRF;Iron Horse;MAIN;17|23
F89D48C6;1;TARC;N/A;PRY;King-king;MAIN;70|79
F89F506D;1;TARC;N/A;MAN;Accha;MAIN;99|125|126
F8CB4A6A;1;TORO;CU|MO|AG|PB|ZN;PRY;White Pelican;MAIN;11|15|17|19|27
F8B6380C;1;TORO;N/A;N/A;Silica II;MAIN;32
F8B2FA32;1;TARC;N/A;PRY|BXH|EPTI;Yecora;MAIN;23|29|35|36
F942A9C7;1;TARC;N/A;PRY;Frances Bay;MAIN;8|12
F8EB6513;1;TARC;AS|AG;PRY|EPTH;Tumpangpitu;MAIN;15|25|28|29|33
F93E66D7;1;TCRA;N/A;N/A;Rondonia / Mato Grosso Manganese Mineralization;MAIN;19|23
F8FA8BB7;1;TORO;N/A;COA;German Creek seam;MAIN;46|47|49
F8FF2D79;1;TGGT;N/A;MNS;Crawford Ultramafic Complex;MAIN;125|132|135
F8ECCCE3;1;TARC;N/A;PRY|BXH;La Verde;MAIN;39|49
F9954E5A;1;TARC;N/A;SKN;Cowley Park;MAIN;26|27|30|31
F963842D;1;TRFT;N/A;CBT;Elk Creek Carbonatite;MAIN;58|69
F9BDAFE6;1;TSED;SE|ZN|AG|U|MO;PHO;Paris Hills;MAIN;50|51|61
F955C6E5;1;TGGT;N/A;N/A;Uskawanis;MAIN;19|20|21|25|28|41
F96432E8;1;TRFT;N/A;VMS;Lookout Zone;MAIN;33|41|50
F96A2FA2;1;TORO;FE|CU|U|AG|CO|F|B|MO|AS|BI|TE|MN|SE|BA|PB|NI|ZN;IOC;Sagar;MAIN;30|37|55
F9D51337;1;TORO;TH;PEG;Lac Ducharme REE Pegmatites;MAIN;23|24|25|35|39
F9CA1AFD;1;TARC;N/A;MNS|VMS|ORO;Namew Lake Property;MAIN;30|31|35|37|38|39
F9DFD7C3;1;TCRA;N/A;KIM;Weasua kimberlites;MAIN;40|42
F9CACD21;1;TARC;N/A;N/A;Franke;MAIN;25|27|33
FA2E762F;1;TARC;N/A;VMS;Lundberg Zone;MAIN;41|50|51
FA600244;1;TGGT;N/A;STRA|MNS;Wabassi Intrusive Complex;MAIN;14|15|16|19
FA49F581;1;TPAB;N/A;VMS;Lagoa Salgada;MAIN;35|36|43
FA60779E;1;TRFT;PB|BA|ZN|AG|CO|FE|MN|NI|CU|MO;SDX;Gnome Property;MAIN;21|23|28|32|33|38|47|49|50|51
FA6AEA49;1;TORO;N/A;PRY|SKN|MAN;Copper Mountain;MAIN;47|48|51|53
FA659EC1;1;TRFT;N/A;URN;Mutanga;MAIN;35|41|45|61|62
FA71E1AD;1;TUNK;N/A;STRA;UG2 Chromitite;MAIN;29|31|34|39|42|44
FA78A76B;1;TSED;N/A;N/A;Dewey-Burdock;MAIN;35|46
FA8F8100;1;TORO;ZN|PB|CO|AG|AS|BI|SE|CD;VMS;Sulitjelma Project;MAIN;34|36|38|39|40
FA89CC8F;1;TCRA;TH|U;PLC;Charley Creek;MAIN;33|35|38|39
FA878DDA;1;TCRA;CU|AS|CO|NI|V|ZN|PB;URU;Fir Island;MAIN;12|15|18
FA9808AA;1;TORO;N/A;PRY|BXH;Casino;MAIN;41|43
FB1A2245;1;TORO;N/A;TLG|VMS;Woodlawn Tailings Dams;MAIN;28|29
FAA79C63;1;TCRA;N/A;N/A;Fusion Zone;MAIN;12|30|32|36|40|42
FAC35410;1;TARC;MO|CU;PRY|EPTH;Josemaria;MAIN;65|67|74|75|76|78
FAE2A83C;1;TORO;N/A;SMN;Ndjole Property;MAIN;36|40|42
FB25748D;1;TSED;N/A;URN;DASA;MAIN;38|59
FB35CC48;1;TORO;N/A;TLG;Manono Lithium Tailings;MAIN;26|33
FB763568;1;TGGT;N/A;GRAP;Lola Graphite occurrence;MAIN;26|37
FB45E245;1;TGGT;N/A;PEG;Quebec Lithium;MAIN;29|38
FB49761E;1;TSED;N/A;SMN;K-Hill;MAIN;37|43|44
FB7398BF;1;TUNK;N/A;PRY;Ajax;MAIN;55|59
FB822518;1;TORO;V|NI|B|S|U;GRAP;BamaStar Graphite Deposit;MAIN;91|94|109
FB9E391F;1;TARC;N/A;LAT;Bolobolo and Karihatag;MAIN;18|20|22|23|25|26
FBA102A5;1;TARC;N/A;VMS;Sun;MAIN;42|44|48|52
FBD9FC04;1;TARC;N/A;MAN;Tres Cruces Project;MAIN;16|19
FC02CCE8;1;TRFT;N/A;MNS;Falco7 Zone;MAIN;52|54|55|56
FBA3A3C2;1;TRFT;N/A;MNS;Platreef;MAIN;104|109|149|150
FC0AE584;1;TORO;N/A;VMS;CLC;MAIN;73|74|79
FC1D95F6;1;TSED;N/A;N/A;KOV Mine;MAIN;50|56
FC8340C3;1;TSED;N/A;SND;Seymourville silica sand deposit;MAIN;24|25|29
FC380FCA;1;TORO;N/A;LAT;Nyngan;MAIN;41|42
FC5CEAE9;1;TSED;N/A;EVP;Milestone Project;MAIN;33|46
FC49B31D;1;TGGT;LI|CS|RB;PEG;Crescent Lake Pegmatite Group;MAIN;18|24|26
FC50192B;1;TSED;N/A;PHO;Bomfim Hill;MAIN;27|28|41
FC3A4CCE;1;TGGT;N/A;MNS;Nisk Deposit;MAIN;43|54
FC90B044;1;N/A;N/A;MAN;Alous;MAIN;22|23
FC901F38;1;TORO;N/A;N/A;Silu;MAIN;13
FCD987FE;1;TCRA;N/A;MOX;Mustavaara;MAIN;49|55
FCDA8CB9;1;TORO;N/A;SSC;Banana Zone;MAIN;22|26|27
FCC2AA1B;1;TCRA;N/A;URU;Green Lake Property;MAIN;17|18|23
FCD0FBDB;1;TORO;N/A;MNS;Minago Deposit;MAIN;49|51|55
FCDC000B;1;TORO;N/A;N/A;Chvaletice Manganese Project;MAIN;66|70
FCE77674;1;TORO;NI|CO|CR|FE;AWN;Nickel Project;MAIN;23|24|29|31|49
FCED70AC;1;TARC;N/A;PRY;CUMO;MAIN;15|16|23
FD0CBAC5;1;TSED;N/A;COA;Project Area Coal Seams;MAIN;24|25|26|27
FCF86249;1;TORO;N/A;MNS;Mequillon;MAIN;26|33
FD070D5B;1;TRFT;N/A;MNS;NorthMet;MAIN;24|32
FD13A92F;1;TORO;N/A;IOC;Osborne;MAIN;60|66
FD13B1AD;1;TARC;AS;PRY|SKN;Cowtrail;MAIN;17|22
FD15F90A;1;TORO;N/A;SKN;Bolivar;MAIN;54|60
FD66675E;1;TSED;N/A;N/A;Many Stars Project Coal;MAIN;24|29
FD3E5ABE;1;TARC;CU|PT|PD;STRA;Hawkwood;MAIN;6|16|18|19|31
FD17ACE9;1;TRFT;N/A;EVP;North Target;MAIN;33|55
FD7A57E4;1;TORO;N/A;GRAP;Karasnagala;MAIN;49|52|68
FD928C21;1;TORO;N/A;CBT;Springer Deposit;MAIN;34|38|41
FD9C9B17;1;TORO;N/A;PRY;Mount Hope;MAIN;51|55
FDAC8AF4;1;TORO;N/A;VMS;Rail Deposit;MAIN;4|22|26|28|34
FDAC18D1;1;TARC;AS;PRY;Rogers Creek;MAIN;8|9|31|33|37|38|41|66
FDBCC18F;1;TARC;CU|PB|BA|ZN;VMS;Adi Nefas;MAIN;23|24|26|29|33|35|36|38|41
FE06DE50;1;TARC;N/A;PRY;Regalito;MAIN;66|79|81
FE01336F;1;TSED;N/A;URN;Serule Project;MAIN;46|57|58
FE0CCA8C;1;TSED;N/A;URN;Gas Hills;MAIN;29|40
FE173B1E;1;TARC;N/A;PRY;Toe;MAIN;18|19
FE75933D;1;TRFT;N/A;N/A;Galhak Formation Reservoirs;MAIN;40|82
FE3329A3;1;TRFT;FE|V|MO|MN;VMS;Atlantis II Deep;MAIN;9|10|13|15
FE62FAE4;1;TORO;N/A;N/A;Valencia;MAIN;25|31
FE761438;1;TGGT;N/A;MNS;Montagne showing;MAIN;21|22|29
FE6140C7;1;TSED;V|CU|S|FE;URN;The Property;MAIN;15|16|18|19|20
FE8A9F3B;1;TCRA;N/A;COA;Changyun Coal Mine;MAIN;36|44
FE8B46BA;1;TARC;N/A;PRY;Angel Prospect;MAIN;15|17|18
FE97086D;1;TARC;CU|MO|AG|ZN|PB|SB;VMS;El Azufral;MAIN;39|41|44
FEDBE744;1;TORO;N/A;N/A;Oropesa;MAIN;24|25|26|32
FE8FB529;1;TORO;N/A;PRY|SKN;Contact Copper Project;MAIN;27|29|31|38|39|40
FEBAA79E;1;TTRN;N/A;N/A;Bonnie Claire;MAIN;53|55|64|65
FE972C42;1;TARC;CU|PB|AG|V|ZN|GA|BA|MN;EPTL;Copper Hills prospect;MAIN;26|35|36|38|55
FEF2A887;1;TORO;U|TH;PEG;Nasarawa Project;MAIN;38|41
FF10018A;1;TRFT;N/A;COA;Carbon Project Coal;MAIN;17|18
FF002A52;1;TRFT;N/A;EVP;Picadilly;MAIN;26
FF0A9ADF;1;TARC;CU|ZN|AG|PB|CO|MO|NI|U;PRY;Allies Showing;MAIN;19|22|29|30
FF2215B0;1;TRFT;N/A;IRF;Crest Iron Deposit;MAIN;19|21|22|23|26|28
FF3883F2;1;TCRA;N/A;N/A;Kazhiba Main;MAIN;44|50
FF2B6330;1;TSED;N/A;N/A;FPA (Saliquinhé);MAIN;112|114|116|121
FF42380C;1;TBAC;AG|HG|SB|CU|PB|ZN|AS;VMS;El Domo;MAIN;13|31|38|40|44|46|47
FF50172B;1;TSED;N/A;URN;Blue Streak Complex;MAIN;22|29
FF5B4C63;1;TGGT;N/A;VMS;Scott Lake;MAIN;13|30|48
FF537822;1;TORO;N/A;N/A;Jeffrey Mine;MAIN;19|20|27
FF5C30A9;1;TRFT;N/A;VMS;Las Cruces;MAIN;34|38
FF612E7D;1;TRFT;U|AS|LI;BXH;Lost Sheep Mine;MAIN;44|45|56|85
FF6F50D3;1;TORO;N/A;BRN;Cauchari-Olaroz Salars;MAIN;71|106
FFAE65D5;1;TRFT;N/A;LCL;Clayton Hills;MAIN;16|20|21
FFB6DB73;1;TRFT;N/A;N/A;GBRM;MAIN;28|34
FFBCA4C5;1;TGGT;U|TH;IOC;Furnas deposit;MAIN;56|66|72
FFC3CE74;1;TGGT;CS|RB;PEG;Moblan;MAIN;131|136|139|147
FFE079F5;1;TARC;N/A;EPTH|BXH|SKN|PRY;Sinchao;MAIN;21|27|29
FFB9E70F;1;TGGT;N/A;FEL;Keeley-Frontier;MAIN;59|69
FFE840CE;1;TARC;AG|AS|SB|K;PRY|BXH;Vizcachitas;MAIN;56|60|61
FFF39DA7;1;TORO;N/A;SKN;Ridley Creek Zone;MAIN;35|45|46
FFFEF4D9;1;TARC;N/A;PRY;Ann Mason;MAIN;79|98
